250
28 -25 4 96 -7 -25 68 -92 -96 -10 7 -58 -78 -28 63 18 -38 -57 3 5 61 -85 93 27 79 79 34 16 -28 78 -58 45 22 -88 92 52 52 -33 22 78 -32 55 27 -31 83 -93 -35 35 16 -27 66 22 -65 -96 78 -76 16 -73 30 99 30 72 96 -56 58 -44 -80 -75 -85 36 80 26 87 86 2 -29 26 91 83 62 28 77 30 -2 -32 47 -37 54 51 58 4 60 0 -69 82 95 -27 -22 -57 -63 -73 68 66 -51 58 -70 93 -34 -80 15 -45 45 69 -5 87 43 -20 -88 65 -43 32 47 49 -8 65 -73 -75 -59 -40 -24 -69 -92 77 -21 -12 -95 60 77 3 -52 72 -92 50 30 78 -87 100 -29 -68 59 58 74 -57 -79 70 16 -7 5 77 -39 -79 -14 -77 5 -59 64 -42 42 -85 -69 63 60 94 16 72 -30 47 92 4 37 -57 -4 56 -12 -48 71 21 26 -4 97 -62 -24 30 23 44 -67 -71 16 -61 44 -4 -64 -17 10 -63 -14 6 -5 -38 -37 54 -83 5 84 48 -99 -56 -73 -86 17 -48 -64 26 -34 -34 -22 -74 22 -7 -38 32 46 -58 -79 -64 13 94 -33 -29 -16 -58 -38 -82 10 -38 -11 55 -81 61 -44
55 -8 -12 -86 -39 -73 15 -80 19 32 -6 55 -23 20 68 68 -55 39 -89 -28 68 -87 11 45 51 47 -37 5 98 -62 37 96 21 23 23 23 83 26 10 -93 -73 99 -11 -26 86 77 27 16 13 -1 -84 81 73 73 70 49 28 60 40 57 64 12 32 65 46 34 -17 -17 40 100 -48 87 30 -23 -35 -33 -77 85 91 -52 -1 -69 -100 21 -91 74 84 -48 -13 -78 -82 8 -14 -33 74 -21 31 -47 86 -72 -98 -37 15 27 38 -16 -53 59 -66 -42 -76 14 16 19 30 30 -79 34 -48 70 -7 42 84 -22 70 36 -60 -51 93 29 56 -33 -7 -48 -27 55 -6 -17 -23 -89 -83 -98 -89 99 -75 -9 -14 -2 -32 40 -11 -64 -29 -77 -17 -26 44 0 50 -7 6 -60 -82 -61 15 -61 -47 55 -61 -73 -66 -77 71 -72 -68 81 -59 80 -54 79 -39 -45 -57 -67 46 3 29 -81 90 31 -52 35 35 -24 89 72 11 -72 -67 3 -82 -4 79 10 -32 5 -27 49 -95 37 63 -29 -88 -67 31 -35 -68 -51 14 -72 81 36 -69 -73 -14 -17 -34 23 20 -77 -86 33 87 -47 -59 -40 8 10 34 16 83 -45 -7 58 9 61 98 -98 -63 -51
-93 -49 71 41 44 15 99 -10 -24 34 97 21 -35 -23 14 37 -41 75 -3 -44 -58 33 44 28 -16 -14 36 21 94 34 91 27 90 91 -56 -26 -11 80 -96 59 -68 98 72 -46 -72 0 38 95 -3 77 -86 38 92 52 -30 -61 91 -80 -46 -58 36 -74 -16 81 -50 52 32 -29 34 -87 -50 -91 -59 -38 88 -93 14 -17 67 -88 26 61 -69 88 26 -86 94 16 3 -65 -42 -64 87 30 -10 50 -12 -33 46 78 67 -78 -84 -35 7 7 23 95 -75 -67 -99 57 -49 -66 -3 74 57 -87 -36 45 81 38 87 -51 -11 66 -8 51 95 -39 58 19 1 91 -87 26 -83 -67 14 15 -34 69 51 -56 72 63 60 87 -12 30 -40 10 -14 89 22 81 73 -16 29 -94 -62 28 -2 70 28 42 87 95 1 -24 -93 52 -24 14 -15 -51 -53 -91 51 -54 -51 50 -46 3 66 -72 -15 -53 25 -48 49 22 -1 7 -89 -48 58 -19 61 -16 -93 85 24 52 -50 28 -64 81 69 22 46 -100 -40 -26 31 5 -59 75 -58 -48 89 -46 5 64 67 8 52 -32 21 -85 -41 -97 -13 -63 -77 74 66 -24 -70 -75 98 -70 -7 -25 86 -12 36 78 -10 -63
27 -55 46 -26 75 -75 -11 10 7 73 0 -64 -20 -30 -8 28 5 -37 97 -26 95 12 -31 -64 -53 -87 68 13 8 -43 52 -94 -29 -100 75 -83 47 48 -32 58 46 -55 -33 -100 -64 98 -33 56 18 77 47 -72 -92 -63 -36 -22 -16 17 -74 70 -20 36 -95 69 85 -80 -72 -40 95 -16 -85 41 -94 54 17 -28 20 60 -32 -83 -32 -66 -72 38 -44 -79 -5 -49 42 31 25 61 53 51 -20 -56 19 62 -80 -51 75 -69 77 17 44 80 67 -34 79 89 84 78 40 -72 -39 -62 71 -51 -90 -13 69 20 57 7 67 65 78 -26 -28 93 -73 -65 -39 -6 -1 -78 -13 -16 -93 -77 74 53 50 -86 39 -87 -55 25 -20 -16 37 -59 6 -77 73 21 -42 -43 -84 -33 -64 89 -90 91 -92 0 46 72 45 66 91 -79 21 -11 -3 -28 -15 15 -25 -52 52 -12 62 87 86 65 28 -22 85 -13 -89 -60 -33 -68 45 -37 -44 2 51 -31 -49 66 -1 81 7 95 29 -58 -88 75 61 -49 -42 4 84 25 -79 -74 -100 -95 -89 -11 -11 -30 -37 70 31 -32 41 74 81 -99 47 -60 56 -45 -1 -4 77 16 18 -92 9 -8 78 28 99 99 7 81
-23 80 -36 79 -31 34 88 -69 -1 -59 72 -28 -14 -93 -15 6 -35 -5 -84 -15 -24 45 -69 -30 -36 -98 33 -89 45 35 -23 -80 27 -35 97 51 -53 48 -87 48 -26 -53 21 28 95 98 85 93 100 -82 91 21 -54 -68 -45 -79 -85 -16 50 -54 90 61 59 -58 53 87 -33 2 -75 -64 22 45 -66 99 59 67 1 36 88 -63 -32 -100 69 -10 76 55 3 76 11 38 46 -12 94 1 -8 9 -42 56 -47 -29 99 80 40 82 -11 93 -62 22 9 55 -91 -29 15 70 -17 -51 89 -98 77 -25 2 39 66 75 -85 -67 -62 48 -3 31 40 -40 -87 72 -7 50 58 32 -68 -56 88 -49 -51 -72 50 53 -93 10 -91 -7 14 12 -32 76 -86 13 38 -40 16 85 92 -12 11 -84 -47 -40 78 71 89 54 100 -26 -93 54 -28 69 6 16 86 77 -4 -45 91 -19 -99 -72 -68 -9 5 25 15 -49 -4 -93 26 -36 -27 27 -64 -94 -61 -75 -50 23 -68 80 -95 -99 -19 -86 65 -29 39 -27 27 -1 87 1 55 64 -41 -81 35 -63 -42 -5 53 -89 77 69 2 -56 -33 -14 42 -89 87 -61 82 -14 -100 37 83 82 -5 -16 8 33 10 -60
-52 41 -39 53 87 41 -65 51 87 -75 23 15 -35 -72 -39 -51 -59 -22 92 -76 -7 24 -24 40 -21 22 78 -36 -36 65 88 -11 -89 25 -45 84 -81 14 26 45 -19 -87 -6 -46 -36 40 15 -76 30 -89 63 88 9 -95 -10 80 67 -13 5 59 5 -44 -47 -89 -42 -54 -79 -36 33 10 -85 27 11 99 59 10 -19 15 6 36 28 -46 -14 -25 -49 87 18 -71 -95 65 60 -53 27 -97 -99 30 59 24 -88 -49 79 34 -22 53 74 -53 2 -84 -47 -18 46 -8 -22 -9 -93 -85 33 60 38 49 48 -100 -54 -7 -44 6 6 -24 -21 34 98 -84 -100 -58 46 46 90 -78 -2 -36 -99 35 -69 7 -7 77 -99 -45 -45 39 66 -80 52 16 20 -19 87 -43 43 -91 -38 -39 -45 -31 -76 64 55 65 24 90 23 -33 50 50 16 7 83 -93 -63 98 82 42 47 -31 8 -69 2 -53 2 86 -5 -32 95 -91 52 -37 56 -74 4 52 -85 -49 3 85 62 0 -47 57 -36 -13 54 34 -77 70 -71 -81 -97 -98 -41 30 55 13 56 -89 88 -65 55 -85 33 80 62 71 20 -66 -21 19 -38 -72 34 -61 -85 -64 -53 66 95 38 -5 97 -93 22
-97 -4 78 19 54 -53 79 68 22 5 41 -51 -35 -41 15 -14 49 -8 21 -57 -51 -71 40 5 34 33 98 -19 -33 38 48 -44 43 40 -59 -76 -77 92 7 -73 -82 -64 61 58 -20 51 36 98 96 -69 80 -95 -55 92 -88 -75 85 66 -19 -77 -59 11 45 2 -73 -24 54 49 56 91 13 -1 39 -93 58 43 -75 -92 1 -44 93 -87 -39 -3 -69 80 -3 -9 75 89 -84 -73 -54 -63 -13 59 -3 5 -64 -31 48 -50 25 -7 -63 -54 99 93 -26 -52 -52 49 -9 35 88 -28 60 73 21 85 75 -62 40 61 -12 69 67 35 93 -90 10 -80 -87 3 61 87 68 -84 86 43 55 -11 98 58 38 -75 54 -73 27 95 16 -83 66 50 -55 -55 60 -71 -20 30 -86 17 59 10 56 6 -7 -2 6 -81 91 -68 78 -7 -94 95 26 16 27 -31 -19 -70 -17 -92 71 -98 68 -60 46 14 78 -18 -32 -73 19 83 -59 22 -74 -67 24 36 -43 42 -11 -41 97 91 40 84 43 92 39 76 11 61 60 -31 -37 71 67 -35 89 -41 -31 -48 57 -6 -74 41 -16 9 -88 -97 20 26 74 34 -69 -98 67 46 66 -2 -76 -6 -35 -94 -73 -52
-36 -80 -74 92 56 79 -5 -36 -27 -53 76 62 44 2 75 65 78 97 85 31 -43 59 77 37 37 93 -5 17 99 -46 -46 -64 36 -93 42 -70 80 44 64 -25 -10 -96 -47 -47 -26 -80 -4 86 -54 8 -35 9 -68 -30 -71 75 75 79 69 8 54 -12 70 -15 -1 88 38 62 22 -98 67 25 39 -57 8 -63 70 44 -23 95 29 98 16 9 -96 -48 93 -87 90 -19 91 21 -64 81 93 -100 -100 -7 -58 -31 95 30 34 16 91 59 47 -31 -8 -30 -63 -71 -84 -16 -93 -21 71 22 65 -78 75 69 91 -71 81 -19 -22 -3 58 -88 54 95 77 5 -15 -63 -10 -98 -93 72 -73 -57 -79 11 -77 47 41 54 -21 29 55 -16 73 -75 -39 -54 91 -42 49 -95 66 72 54 87 -98 44 20 10 -19 32 75 60 -95 -53 -10 -70 -18 -38 -63 -28 -15 -2 89 -60 57 58 5 39 60 20 -49 12 40 21 90 56 100 95 -19 -13 12 -86 76 -73 -18 55 32 95 94 63 89 10 -100 15 80 98 -99 18 81 -48 -87 0 -57 -87 -73 45 67 40 14 -10 -84 13 55 -4 -77 -78 -6 -85 -11 39 38 -78 27 14 -96 72 7 64 -58 -46
-79 -29 -26 -39 -15 8 8 -46 -46 32 31 20 -53 51 -90 -27 -75 8 -77 -34 2 72 -70 -53 21 38 -19 27 100 93 72 -58 21 -89 -62 -61 0 72 49 -9 71 -83 -97 62 -4 76 13 80 31 -87 -12 38 83 31 -69 61 -60 63 21 -29 -100 -26 99 26 -85 -34 -71 -15 57 -6 23 -42 -18 -79 73 44 29 -74 -28 -50 -21 -44 -36 38 52 -26 1 -11 27 -62 79 -13 57 23 -33 -36 85 -34 60 -42 -22 -90 42 14 86 88 92 -82 16 21 3 -43 20 100 0 -58 93 35 -59 80 63 -83 -62 -29 -36 -18 -89 29 96 -71 10 23 -87 80 -92 81 -60 82 -26 42 -22 32 9 94 -62 45 9 -59 53 2 -41 -93 -26 -45 -72 69 4 4 66 -52 -33 -68 49 74 79 -83 9 -56 18 -13 -45 20 7 18 -94 75 57 -54 -79 -63 -9 -8 24 -38 -47 -73 -23 -88 -80 -71 -70 11 -4 58 -26 46 -42 85 -78 -69 -75 64 98 -91 -44 -81 16 -65 -14 -66 63 19 67 -53 -92 -47 44 -71 32 -11 82 -20 -89 43 55 -73 93 -10 59 32 10 11 91 100 88 35 -48 84 52 20 61 76 96 -73 -50 -94 14 -43 63 -54
51 8 -2 94 88 68 89 99 66 -63 -20 -18 -93 92 7 39 -84 19 -20 94 12 91 79 75 -45 -93 2 -12 97 -59 -29 -40 -44 36 -86 -43 -65 87 99 50 92 -100 100 94 -46 -90 -53 7 52 43 73 -66 -86 -90 3 73 91 -68 -32 -59 -15 -100 -49 57 -67 -15 26 34 47 11 -23 47 75 66 -49 -56 -70 -34 32 -43 -17 45 77 39 36 -77 -18 -96 10 87 -84 54 26 -18 -70 -13 -65 54 51 -84 -77 54 64 -1 52 14 43 -39 84 54 -30 84 54 22 -60 -84 27 69 -64 -98 -31 13 -20 12 -38 -25 -50 68 -91 72 -62 -90 97 18 4 -83 50 47 9 56 28 -21 -73 98 89 39 24 44 -27 -49 -86 -3 -22 71 -64 73 -3 61 19 10 87 -79 -1 -61 22 76 -79 -17 -52 -77 55 -12 -82 -85 -52 30 85 87 -72 2 -42 -56 -40 -37 1 97 74 -30 99 -17 2 66 -57 30 -4 63 -15 42 -31 -29 4 -47 -2 -50 44 97 -79 -97 -36 95 -52 -53 100 -43 -55 45 21 -93 -44 32 -32 -50 71 94 -27 -95 -72 -30 -83 43 18 -61 45 38 89 -9 26 75 -14 11 68 60 -77 82 -48 75 75 6 -86 -60
21 -29 76 -70 -89 -27 -20 -77 -46 59 95 25 -7 -64 34 -31 -95 99 69 95 -71 1 10 31 34 71 1 9 -26 -40 74 89 89 -92 -34 -68 2 -75 44 -32 -55 27 -25 43 -35 60 -20 50 -93 65 62 33 31 -88 45 74 -24 -12 87 71 35 -51 -43 27 -30 31 -82 5 96 58 -58 -89 -73 51 -75 -37 14 -23 -59 87 -69 14 27 81 -73 9 -28 82 -60 -73 -35 -77 79 82 -60 -30 83 91 84 -54 38 -46 -99 -54 -71 61 68 91 -93 89 50 -18 -36 34 -45 -43 98 41 46 -61 -83 -74 -68 68 -58 -86 -13 19 -34 -31 4 3 -50 92 15 50 -58 78 45 18 -85 32 -27 -100 46 85 60 17 39 95 26 49 81 -92 -6 -89 -83 -44 38 12 50 58 31 91 57 94 -49 -52 27 -59 71 -48 -69 -56 1 79 -63 84 68 -8 -34 69 -38 -96 14 100 58 -1 58 71 42 -66 100 99 -59 -14 43 53 -35 73 24 -67 -29 17 25 68 38 10 9 8 -71 -93 55 -71 -34 -47 49 78 -85 7 -86 -91 64 -12 -3 -63 37 20 0 21 93 -68 -29 -83 92 32 36 100 6 -17 -50 47 -68 35 30 -81 -54 -10 23 19
65 52 100 -43 -100 65 -35 64 -99 66 -99 74 53 32 50 9 70 78 -44 -43 -34 -80 -6 -7 10 -7 43 43 -16 99 -44 8 12 -4 1 35 -10 69 73 86 86 80 38 -91 -39 97 88 -42 -10 -16 69 60 11 -16 -67 -30 12 63 38 86 4 -88 76 12 16 -77 74 93 -80 -24 -76 65 99 -32 75 -59 -39 54 38 -69 -49 97 -90 -27 22 -71 27 -58 -99 7 -21 -96 22 -22 50 -61 -1 74 14 -91 36 49 1 6 -19 -99 -86 -18 48 -81 -26 77 -49 -18 99 -51 -32 -86 76 -67 -93 -54 -77 -33 75 -25 58 -77 42 76 56 -62 -42 -37 31 35 84 -85 -30 -24 -59 55 -97 -89 -34 22 -81 -97 -82 -58 -5 -93 7 53 74 -99 -36 -12 100 20 14 -33 48 -34 -69 -22 42 73 -40 66 -93 -82 35 2 -57 -77 -66 -19 1 -31 41 -49 59 50 6 74 21 -5 -52 -72 49 82 29 21 -69 -72 68 -43 79 8 37 84 53 71 91 -77 6 -42 95 94 66 -83 -96 34 81 -35 -15 -26 -11 -89 1 -12 26 -54 -14 49 -74 -94 -36 -15 -16 15 -22 -54 86 15 -92 60 -22 -61 -34 100 40 -3 63 95 -76 49 54 9
-90 62 97 45 -24 -60 15 64 62 97 -50 -39 93 -63 -76 87 -37 35 -70 55 36 78 35 -22 50 51 -79 -3 -17 -23 -22 56 -25 -74 -56 -78 65 40 45 13 -24 -29 20 -49 -63 -97 16 -71 -15 11 38 21 -87 20 -81 -61 26 -26 -78 -68 -30 -46 -28 17 67 -100 31 4 60 -92 -79 99 15 65 -52 -5 -98 89 -16 39 -20 16 96 84 23 -83 -98 56 11 -1 -48 94 -96 3 -26 92 27 100 -88 -72 78 8 -94 -39 87 22 5 -100 53 41 -28 -62 -46 -18 15 -63 37 -29 91 90 67 78 45 79 -100 -95 93 -88 21 -30 35 42 26 40 36 -18 79 14 -50 -70 40 -11 75 67 -43 48 71 -83 -74 -7 -15 42 65 -84 7 5 35 71 -68 39 19 85 10 -97 37 -27 -73 -69 54 100 -11 -71 96 -6 -23 29 79 -2 -54 46 -60 -33 -56 -20 -55 36 -12 -78 62 52 -65 -9 96 50 -40 -71 -94 12 68 51 17 -78 -55 3 51 69 -10 -18 -45 -82 -58 93 44 -9 -90 49 -43 -20 -11 26 -37 48 84 -26 18 -13 62 -24 89 32 -26 51 47 29 0 -25 -63 54 -71 85 -7 30 85 76 37 -9 -54 -32 27 80
1 40 1 -18 -77 -29 14 40 -27 -57 14 30 -61 92 -18 86 47 -90 -1 -29 -56 61 -44 29 -41 83 -36 -40 71 26 9 -25 13 54 -25 22 -16 -1 -47 -74 -99 -91 51 65 -57 -96 54 -89 43 -15 60 -84 25 74 -69 39 59 -76 43 -78 -47 42 90 -55 89 6 -54 -50 60 90 83 44 -91 30 57 33 -53 86 70 67 68 -85 90 47 -42 -85 -11 -91 50 -100 38 73 -20 22 24 -65 -47 34 -45 12 63 -37 1 -22 24 -58 32 -6 2 63 -16 -39 -24 44 96 -46 -39 84 -65 76 -24 41 -39 95 68 -67 48 -54 87 98 5 -17 -41 -6 -9 -47 1 51 -84 -2 -73 63 47 7 -65 20 51 -70 66 -12 -18 -74 22 97 2 -11 -41 -79 -41 56 52 -91 29 -92 38 86 90 -20 32 43 -53 81 63 93 69 -31 79 -72 -63 -39 -7 -42 -4 21 -71 -24 71 -78 -32 56 -52 65 -53 -57 -18 30 -21 -56 2 -6 -58 93 -78 41 76 66 47 -14 34 -81 -9 63 50 -98 -56 98 -87 54 -68 -19 -28 -51 -91 -22 48 3 44 0 71 16 -95 49 -81 -37 -82 -71 35 -16 -35 -52 9 27 28 -43 46 67 51 -53 9 29
-58 -20 -42 -34 -5 -49 -16 66 -58 62 -66 9 -80 -63 84 35 -17 39 30 60 98 44 95 100 -56 61 47 65 80 59 83 53 66 57 -54 -89 -10 -30 10 -20 44 -52 41 -3 35 -13 50 -95 87 4 -20 -73 -16 -79 -44 -49 12 73 -96 -58 90 42 84 66 -80 -22 -24 8 63 -62 92 -51 97 -53 -62 61 85 -59 -98 63 -7 -71 85 7 9 -90 -55 -86 -45 -7 17 -74 82 -15 10 -96 -36 -72 45 27 60 8 -81 -12 30 -67 15 0 70 -8 73 68 58 85 32 2 49 -58 1 -56 93 -61 -94 62 -33 37 -4 89 36 -99 -64 -69 -21 79 24 -78 86 71 -28 13 48 -26 -16 38 -41 76 72 -46 -88 4 -81 -15 -73 78 14 -57 -50 85 -73 -66 73 85 47 -71 29 24 -50 24 29 17 -86 -11 -91 41 -5 -28 9 90 -31 -95 -94 79 -85 -34 35 -61 -97 -20 68 87 -72 -77 25 42 -49 51 -38 -97 67 88 -18 -88 -62 29 -50 -10 45 76 -91 -37 -86 -35 8 -4 -46 8 56 -86 -98 18 7 -55 7 42 10 -80 4 -87 -1 -83 33 60 35 -73 29 30 80 97 0 -38 -65 87 7 43 88 23 63 -92 52 88
77 -24 2 -49 21 39 -18 54 33 -51 19 -10 -57 48 81 38 10 -95 -5 -89 50 -53 -22 -2 69 77 70 -47 83 -70 44 80 20 -47 -83 57 61 -57 41 -76 -3 -2 4 -99 9 55 95 -28 69 -78 55 -82 90 36 -51 -21 -16 34 -15 36 -12 -22 -97 -72 96 -97 21 28 74 4 76 92 56 -42 67 -93 -88 -52 -97 -78 -88 53 -8 72 9 -88 -9 92 81 -12 -81 -17 41 -83 -20 66 -10 -38 -92 -12 25 -24 22 58 17 25 -29 96 -23 -79 -83 -22 -48 0 -66 83 60 -89 7 89 -9 67 21 -62 -70 63 61 95 -4 -68 58 12 -68 77 20 -44 96 -6 98 -84 -63 6 -21 30 -88 26 28 61 -78 81 -35 -20 -32 -24 -4 -67 2 -84 -100 14 -74 -53 -8 -25 -30 -19 11 74 88 -17 -57 -86 68 -33 -27 43 72 -77 66 -44 12 -17 26 3 -74 -75 79 -2 66 62 -65 50 -8 -30 -98 77 85 -38 -45 70 80 77 24 -65 23 -88 -70 -73 14 0 63 -94 -78 76 -76 44 38 68 18 83 -10 -59 -40 -88 -20 -90 34 -14 -53 -18 -88 -8 100 2 41 47 -96 -55 27 -76 -84 41 92 -86 52 92 11 12 3 17
-26 -49 -26 -70 -18 -12 48 -70 62 60 69 15 -74 96 16 -11 -15 27 35 -31 76 -20 53 20 -52 25 -41 -40 88 50 -73 19 -99 0 35 -50 47 -40 35 72 76 -23 42 -48 -58 65 60 60 29 -70 94 -56 17 -93 -44 75 -30 -48 -85 -47 73 -79 62 19 54 -100 96 -93 -63 84 -68 -7 21 55 -11 -64 40 87 -79 73 89 39 -79 89 -18 -35 -18 96 50 94 -2 61 93 -67 24 47 11 98 -54 -82 22 -4 -59 -34 -62 -27 -94 -40 97 -52 -68 19 21 -32 13 9 -95 -24 27 -95 5 65 -64 -11 -38 -37 -13 -43 -70 -18 -31 -24 -62 -65 37 -62 -62 44 36 -26 -61 -93 -89 -44 50 19 52 -19 -61 -62 -2 -9 62 -95 51 -34 -17 -97 39 70 -99 -19 -74 41 -56 -17 48 -5 86 83 40 79 61 -74 64 -7 82 91 -65 57 49 2 -64 23 1 12 -12 -14 -78 23 23 -9 -78 -56 -17 -90 -97 97 89 -45 16 16 -44 29 10 -31 99 2 -20 -88 28 84 -57 51 -32 -10 -6 3 -33 16 74 97 -100 -45 6 -92 30 -34 68 67 -67 -1 -54 -25 4 58 90 -64 -54 -51 37 -69 34 -98 95 81 -10 -37 -47 -92
-43 68 3 -12 47 -19 -21 94 -65 -12 -82 45 -43 76 68 -62 -76 -96 -23 39 59 -96 -62 -24 -84 76 20 -85 -94 62 -44 -72 -88 -9 46 4 -36 16 -28 -18 14 -67 -85 -29 45 68 -96 50 62 -45 -95 -36 -93 82 56 -84 -70 15 -16 36 -4 85 -77 85 79 33 48 91 -29 -75 -6 -82 -31 20 56 63 -17 -5 91 71 -91 98 92 -35 30 -73 -63 88 21 -95 92 -25 -62 -39 -3 -25 -7 -13 93 -36 93 -51 -53 75 35 -65 -76 10 -58 -78 -18 63 6 64 82 21 15 92 48 -53 -23 13 31 -37 41 37 -43 79 -73 7 25 11 70 37 -51 33 99 2 43 47 -83 37 75 28 -95 -10 64 -26 -74 47 -42 -3 91 71 -91 -20 -63 -16 86 -83 68 -61 -37 -52 5 -16 50 -88 41 -17 95 -23 8 -51 -64 -27 -78 -53 55 -34 59 -17 -55 -42 14 15 34 6 55 84 28 -47 -17 34 7 29 53 46 13 -38 58 66 -80 90 -44 32 -66 4 -98 -43 61 10 1 -20 -70 35 53 -36 -8 -1 11 0 30 -16 -42 25 86 78 44 -50 97 21 -92 36 14 81 44 -64 -9 29 -84 71 -56 9 -12 65 61 -100 -92 -95
-50 89 52 -94 -20 -96 -95 100 69 67 -73 11 -27 57 47 48 -60 -25 -54 -19 -33 52 -79 -57 39 63 -89 52 -83 -36 -44 45 47 -65 24 -46 -49 -84 -32 -69 -83 11 -6 87 82 70 -53 50 5 -63 -91 41 51 31 -8 -63 -5 50 -12 -72 -99 -37 -29 -60 -55 -46 84 -16 -81 58 -6 -66 97 -21 17 -62 92 -67 -5 -55 -31 -47 -71 56 12 -27 -55 -17 -51 74 -35 -56 -2 -18 -22 61 98 -6 42 -21 -7 -5 76 -63 -31 48 -83 30 -97 92 -6 64 98 72 56 78 -93 81 -80 16 11 -60 37 29 65 68 47 -53 -3 -13 -2 -75 -75 -96 72 85 -26 16 91 -39 -49 56 -87 -27 75 97 -24 -3 41 69 -13 -37 -69 90 -72 41 -72 -11 -41 -100 -3 82 -31 -91 -14 -95 -44 24 21 91 -5 32 41 -60 -6 -33 74 21 -93 -8 77 6 -33 82 -24 -95 12 80 26 37 36 32 58 -60 39 63 -88 -27 33 -78 69 88 91 74 -82 -95 48 -44 12 9 -47 -56 89 -8 48 33 -9 56 -76 13 -10 54 -11 -82 68 63 81 -63 64 80 -69 -53 -88 1 95 77 24 94 12 -27 4 87 -96 9 -60 -6 -99 5 -85 -27
67 37 7 -1 65 -84 41 -4 -9 62 -71 32 -86 -100 -8 24 -76 -65 -54 19 8 93 -88 1 -98 92 -2 -83 -10 70 36 19 71 -76 31 -73 -32 12 -32 23 -10 31 -83 -55 79 58 -43 6 2 75 -1 28 44 50 -66 -70 -4 92 20 -66 69 39 -98 70 -56 2 70 85 78 53 -17 -72 34 -82 -62 -69 36 45 76 -21 1 48 3 -57 46 69 22 -95 -30 51 41 25 -67 -26 -20 -3 46 -82 71 43 -12 29 18 -65 -62 -64 17 78 -65 -60 43 23 0 -88 65 -46 -23 68 92 -45 -30 -86 33 -46 -3 14 -92 56 35 -46 -4 -69 19 21 65 87 41 -24 -65 70 -100 50 -95 -19 -46 37 -61 47 -81 22 -60 23 61 -11 -82 4 -51 -56 29 -66 -6 88 45 51 65 33 -79 -26 -76 -69 23 -51 -2 7 -7 87 71 56 5 61 -38 92 67 -35 54 -72 55 -41 97 44 -61 -27 -92 17 -84 43 -24 58 -66 -23 97 12 6 67 76 -94 18 -25 100 18 -30 -91 37 1 81 8 -59 -96 -79 57 13 68 45 -94 -74 81 57 24 5 -86 40 -72 29 -71 47 68 -77 -89 -68 -81 -87 -13 58 -87 55 31 -7 56 15 -43
42 -8 -86 -7 42 92 -80 -37 -95 36 -71 38 1 -10 -26 -77 -64 -45 82 72 43 39 75 61 -76 -50 -85 -30 -96 -11 -86 -10 -55 -41 -89 8 0 8 51 32 72 93 -73 10 -86 -60 -85 -92 -14 30 -59 21 50 -77 -40 -18 -22 -100 48 -79 -11 -9 36 98 -70 -56 -74 26 -25 -30 81 80 96 -12 51 79 59 -49 99 -21 -61 58 51 98 -5 38 -50 -73 42 1 57 64 -32 62 71 36 -91 27 -15 -4 62 24 -59 56 -6 -7 -10 50 22 85 -81 -48 27 66 56 7 62 -75 -17 -41 79 -83 -3 20 60 -80 16 44 68 26 -54 -99 -28 -63 17 78 -16 94 70 23 -31 -78 -94 -23 88 -29 -89 -53 -62 48 -3 42 84 78 100 80 -18 42 -33 -25 34 -39 -55 -71 -94 -89 70 -45 31 -72 100 40 -87 20 64 92 -70 7 51 97 39 83 27 99 4 4 54 -33 91 -43 46 -25 -9 39 40 -68 -44 -56 -33 35 -11 -67 -50 -83 -39 -97 -42 -20 86 -46 -35 -50 -37 -25 41 49 -57 -80 51 -41 41 -67 -83 78 -39 -82 92 -26 64 -66 -29 26 82 63 -48 6 78 -4 -94 12 -12 23 -85 79 82 -65 -43 90 29 8
54 62 91 43 -8 -29 73 -13 -8 92 96 -72 -74 -81 38 36 -76 92 22 -96 -69 42 69 64 58 22 -59 63 -90 -67 -39 -20 91 -39 28 38 -14 59 -51 -82 84 46 17 92 2 77 38 36 13 -4 -17 69 75 -98 89 12 -85 17 95 13 11 -47 27 71 -43 -76 -62 -29 15 -43 -6 -38 66 22 1 80 91 -72 75 3 9 39 21 87 58 -94 -87 -83 42 -92 49 -23 89 -75 3 23 -54 -34 2 67 -64 63 -47 -51 20 -92 44 -97 4 -18 -70 -36 -24 45 -23 36 -59 70 37 100 80 -8 -35 37 87 -99 56 53 5 -89 -67 -82 -1 46 -29 -50 36 -14 56 17 93 -71 34 23 -52 70 -87 -31 -34 54 -88 -21 48 25 71 85 47 82 68 -24 20 -13 -60 43 -21 72 21 90 91 -31 63 -43 22 68 88 59 -3 63 -90 89 72 100 72 -32 -6 -66 13 -58 36 -89 13 27 38 16 71 -82 31 43 -87 35 39 -46 64 -66 -52 -13 17 52 -29 -9 61 -15 -80 69 19 -52 -53 20 -47 -65 22 61 9 60 -5 -78 -73 24 -14 71 -98 14 -99 -66 -94 91 -63 97 -28 86 83 -81 -7 -93 63 20 33 -82 55 62
23 34 53 -10 -98 -8 -27 -34 -60 -91 -90 70 -74 -1 -34 53 89 -51 -60 -78 -63 86 -25 -54 -46 -55 -98 -63 31 45 35 90 -60 70 57 34 -33 47 -44 -25 -27 32 42 8 -48 -63 38 -98 -47 -76 69 17 -24 22 -29 -4 -18 -4 55 -98 -78 -79 -87 -47 15 42 -5 23 32 73 92 -97 -4 -39 -98 -48 59 26 -15 31 87 64 -80 48 -6 8 -71 -44 100 -36 70 -77 63 6 1 44 -18 98 -67 53 5 23 86 -45 -81 -3 18 49 -82 0 16 52 -17 -82 12 39 52 55 -32 -62 -79 -25 70 8 -94 -9 -28 -6 48 -56 56 -70 -9 -88 2 39 82 76 -17 -16 -87 30 11 58 -88 -63 -5 32 -47 -68 10 -31 93 27 -64 -75 54 -82 10 17 1 89 -4 -97 -38 54 -61 -32 -59 61 93 32 -88 -10 -23 55 -13 83 15 -64 -51 -43 -35 24 -58 8 -59 -44 -54 -76 84 65 -70 22 16 78 -41 -93 -79 65 22 -54 23 61 -16 -64 41 24 -61 77 97 -95 50 -55 0 93 -30 -90 -60 12 36 3 6 -45 81 82 -62 -29 84 -83 -64 24 -1 75 97 -44 39 -53 76 -77 -32 97 71 -62 57 37 73 -5 93 -86
81 75 21 64 100 -63 12 -67 63 90 93 -88 -93 -56 64 56 87 -93 99 2 -50 38 -31 -42 86 10 47 36 59 28 -3 -34 -57 -80 63 54 83 -32 79 -74 45 18 -82 33 -33 44 92 74 -56 74 50 -71 -62 97 40 -64 -8 46 -45 6 -80 19 -12 41 4 -66 -18 13 -42 98 64 25 48 -77 -2 99 57 -67 -90 90 54 -68 17 -28 24 -98 37 -57 -58 50 -63 25 33 33 -92 -4 -76 -48 32 -70 45 -34 -5 81 82 -58 -22 39 1 89 -3 38 3 -22 -41 2 -99 -40 -23 -88 -81 -72 -97 -94 88 -53 -38 -42 70 -73 -43 -21 14 97 61 -47 21 -58 -95 90 83 -61 100 -29 31 73 -94 -45 11 40 -38 -96 0 -73 66 31 -60 -43 10 7 84 68 -9 -78 -55 -29 85 -97 -35 -16 -94 -33 -76 -82 75 -74 -16 19 -18 98 -13 10 14 62 -81 -71 -43 61 -3 9 59 18 84 -22 64 12 71 -25 60 -78 81 -61 0 97 -53 -100 -24 -86 -92 39 6 -66 56 91 -25 -83 -10 44 22 23 58 -88 50 -52 -85 -68 63 -16 1 -50 -58 46 -33 -81 -73 20 62 -66 -39 12 -31 -26 -79 -49 41 -86 76 -72 100 51
-81 24 -93 -42 -2 -8 70 -82 40 -72 75 57 -36 -46 -53 -17 -39 94 99 13 39 -53 24 -25 90 -1 64 -56 11 47 -18 95 -61 36 -84 -86 8 -26 46 4 17 -72 -5 -14 -53 -73 -20 89 46 -73 -82 4 7 -71 71 -40 -1 49 -24 47 57 8 54 53 81 -82 9 76 -15 75 -7 -59 25 87 -27 72 -71 -40 48 5 -4 -61 20 5 95 69 17 -59 91 44 31 94 -97 52 91 38 -29 -42 93 65 38 67 69 -9 30 56 47 -79 -72 66 -24 -80 68 99 19 -94 -8 -84 -2 63 10 9 31 43 91 70 -11 -42 98 -63 -33 -71 -4 -23 -82 77 -20 93 -15 1 -24 59 -83 -28 79 10 -16 -18 -45 -64 75 11 3 -52 11 -50 -86 -28 -88 32 36 -77 -12 70 -48 70 51 82 51 81 -16 45 64 73 -71 56 35 74 -8 70 58 85 86 24 -25 94 -94 25 18 77 55 13 6 50 28 -22 -38 12 -15 2 -77 -16 -75 23 56 -99 74 -13 82 12 -64 -72 35 60 73 24 65 -58 82 26 21 25 -98 20 64 -40 47 -94 -2 50 -96 8 38 6 66 55 -58 -100 62 82 82 16 -10 -29 -56 -34 56 -94 3 -89
17 -33 96 58 -84 80 14 42 -85 -44 31 14 -78 -85 53 94 29 93 -42 83 98 -93 1 -67 82 30 8 -85 -41 -17 20 -8 -55 86 -89 -78 -89 -81 85 -46 33 7 37 -30 3 -99 -91 15 -39 11 7 -46 -72 -85 55 9 1 97 -55 86 89 15 -78 -15 -80 -68 5 -75 83 59 -71 -86 1 18 16 47 42 -25 42 92 52 -88 -89 64 -13 63 43 50 -86 72 -47 55 27 -78 -32 -78 -32 -97 20 -2 74 -11 26 100 -20 -34 -98 71 44 40 -64 -33 -96 95 -50 -38 62 -26 71 -3 29 -24 -44 -35 10 -97 -95 -35 43 19 -10 -43 -82 -32 98 55 -75 -47 23 -55 -15 -30 -2 57 -21 61 -94 -66 -5 -3 27 -50 86 -51 -16 -73 47 -65 68 -27 -35 13 54 -79 78 59 -54 28 1 -56 -80 61 10 73 -32 -34 -2 62 25 90 -47 3 -33 61 78 1 -31 -36 83 -98 12 16 31 17 -29 39 52 -84 55 41 42 27 -47 -61 72 61 -21 35 22 -79 -99 91 -44 -17 44 53 -42 -81 -41 28 72 -27 86 12 -50 7 81 -68 17 -94 76 -85 98 25 -80 -16 86 98 79 -85 -32 -66 76 30 -73 -92 27 81 58 67
22 69 -45 -16 71 -71 64 35 -24 39 -65 -10 -33 -7 81 -4 -10 -4 -30 -26 -7 -84 67 -97 -94 76 52 33 82 -25 -85 26 93 86 21 -33 -29 -91 57 1 -86 -51 10 58 -44 -23 63 -7 78 51 90 -92 -6 19 -52 94 16 93 -51 13 -83 -35 11 -98 -53 -13 25 -68 97 35 99 -60 -31 23 -100 -82 4 -68 19 39 -92 8 5 -53 -78 -38 -35 76 -69 -42 33 73 -19 16 -65 -15 -42 22 -40 99 87 74 65 44 -88 47 -19 98 -60 79 -54 91 46 5 -59 12 -42 -100 -13 37 41 -39 -43 88 -60 35 -63 28 85 12 -27 30 -7 50 -94 35 -81 21 68 -32 75 50 -38 71 43 87 -35 -49 -85 -10 -54 82 -4 -50 -1 -72 68 -33 55 -26 21 100 -69 -98 -50 -91 22 26 73 -81 -90 -51 -24 6 18 69 -14 -8 68 27 65 -99 -54 -23 -63 26 61 -3 -44 90 75 24 -87 -77 0 -95 -23 73 71 36 -76 31 -52 -96 -54 -4 20 -82 -38 62 23 29 5 91 93 97 -59 -65 -69 96 -74 -35 41 -69 78 -83 93 -50 -11 83 -5 -66 -47 18 -60 87 -28 7 22 -59 -7 46 86 -16 80 -52 6 -2 -75 56
-10 15 -39 41 -82 -7 86 61 99 -95 18 -17 77 -28 97 -12 56 -72 61 49 1 55 91 -44 35 -4 -88 40 -95 -51 -48 -37 -36 74 0 27 -22 19 -89 19 -84 -42 -58 13 81 -83 71 -36 -90 -84 72 19 -63 12 -2 -80 14 16 26 -20 -41 64 -82 45 -47 -84 0 -78 86 78 -97 -68 90 18 7 -48 -34 63 -99 -4 -40 -40 -46 0 -35 75 38 19 -53 -36 93 10 -96 -4 74 -59 18 23 95 40 -72 24 -86 -81 73 82 -52 39 65 -91 94 -51 -13 89 8 -82 -78 -25 100 52 85 73 11 -55 -29 -1 -37 17 2 -37 -3 -45 79 30 9 -69 36 -38 -86 24 94 -87 64 29 39 27 80 -100 -76 -52 13 -93 -36 76 -2 8 39 93 98 -30 18 19 95 24 57 -77 -38 51 51 37 10 31 -74 -28 58 90 43 25 -11 -87 -10 75 10 70 -47 21 85 41 -15 -41 -81 -67 75 83 28 45 -20 61 7 -46 -11 -91 -73 -78 82 -62 94 -14 -70 -94 -30 -47 87 3 58 11 -10 4 57 -93 -91 10 78 49 -39 19 32 29 -38 -48 7 53 49 16 93 85 43 -18 -55 -39 -84 -2 -39 12 -79 -96 -89 -70 47 -59
73 -84 -78 100 -67 -34 42 -81 -72 79 16 -58 46 -66 97 -58 57 98 -85 63 9 -81 -67 84 -12 11 62 81 27 -47 -43 -8 6 14 31 23 -62 72 -32 -72 -73 54 -82 -28 16 -3 84 -65 -40 -57 96 27 -84 89 -45 3 -47 -20 -90 -4 -38 -67 -21 30 -70 -61 5 67 16 -21 -20 -81 14 50 67 76 67 8 -50 -50 14 17 89 -7 4 -69 38 -79 53 78 -87 27 55 10 25 -62 -49 12 -95 -63 -51 81 -18 -19 94 78 25 54 84 6 74 -76 -100 -99 14 53 30 14 27 -6 -59 -99 -14 -19 78 -93 -55 70 -96 -90 39 62 11 -15 1 1 6 -87 71 -63 16 69 -56 12 24 -90 -71 96 -91 61 15 -74 39 78 -41 -50 69 85 -16 15 2 3 -19 55 -31 44 -45 5 71 93 51 31 -13 -59 100 -76 37 45 28 91 83 -24 28 -47 -72 90 16 9 -51 -91 -85 -67 93 76 46 85 -90 -22 -83 49 61 26 -57 92 -87 38 32 16 84 -8 -54 61 93 -46 -44 72 -70 45 -42 49 11 4 62 -81 9 -95 -37 10 -20 -96 -86 -51 43 -91 75 -14 99 -86 -87 98 -3 81 -79 28 47 42 -83 -36 -79 -94
88 -53 60 -33 -47 -56 23 64 -72 47 -56 -21 33 92 99 19 -34 99 -77 -35 82 -57 56 -63 72 94 91 -47 10 -35 -2 63 -70 54 -96 30 58 -33 83 9 72 -70 -27 -6 94 89 -59 -73 27 -84 20 -80 93 7 -64 -4 -26 -31 12 41 24 -91 -68 -14 52 11 -61 87 -71 -52 -39 -31 35 76 44 95 -85 10 -47 -11 -79 98 -9 -33 17 -91 41 -24 74 -31 3 -7 -81 17 -95 0 -6 -92 92 38 -49 9 49 17 -83 -59 -48 13 86 -51 82 92 -38 49 26 -13 -87 -22 -59 -59 -53 -81 35 44 0 54 -43 11 36 -69 48 -49 20 -40 -38 -23 51 -18 -95 97 -85 88 -19 -96 -84 58 -48 -91 -79 -13 -55 73 3 6 -90 25 -47 -46 -98 47 75 9 -49 87 86 -61 -56 -100 87 38 81 -53 90 56 94 71 -68 0 62 95 -47 -65 -35 -51 -4 68 -25 -61 -14 -43 49 -90 -47 42 79 -52 52 86 94 13 -36 -64 -68 82 -41 -58 76 27 -25 -17 92 11 99 19 76 94 -78 94 -24 -5 85 -27 41 -45 -40 -18 -6 31 46 -80 -59 -100 -49 -43 89 76 33 -69 61 16 -77 -2 80 -54 40 75 -95 11 -3 -25
-12 71 -70 -8 -50 -39 86 100 37 -95 -96 63 -70 91 9 -28 5 -31 -13 12 97 -84 0 -28 -45 -87 -36 16 83 -37 12 -52 -33 64 23 -41 -78 -32 13 -45 -79 96 -49 7 -12 54 31 -89 12 19 -98 57 -56 11 59 -93 51 18 -61 32 49 46 -49 75 69 -34 6 -56 7 -26 6 -51 97 -59 35 44 -80 -26 -49 -88 100 22 82 -43 25 60 -73 -78 -39 17 -67 60 -96 61 55 -36 31 36 -56 -56 26 -15 74 -8 68 -98 34 7 -26 -87 85 51 63 88 -64 96 -23 -24 -48 13 -41 97 -3 -64 69 -15 -55 -79 -48 1 -87 87 57 -89 -6 98 -83 67 20 94 -47 -93 -97 74 -34 -61 16 -96 49 -66 -18 -66 84 33 0 78 -21 56 -53 -14 -14 35 71 -63 -24 6 47 -11 -12 -99 -29 -88 49 -16 -13 19 82 68 7 5 83 18 -87 96 23 -98 -7 -80 -62 -89 -32 -46 28 -1 -88 -64 -88 68 87 52 -30 -48 1 -26 -39 6 -34 -91 -21 99 86 -56 90 -55 -95 97 -51 47 17 -49 -30 86 26 18 -14 -79 82 -42 82 22 -19 25 -80 52 97 32 14 -5 -68 -6 -9 24 -92 47 -75 -17 77 55 -40 86
-77 55 -24 19 86 -96 31 -47 -73 77 -61 -97 71 -29 42 19 76 -66 77 0 86 99 -30 -49 -14 -12 -72 50 -94 41 9 77 83 99 -78 -81 60 -94 -73 88 -31 -46 93 9 -90 15 -14 27 54 12 -76 58 50 97 13 96 -92 -100 9 -37 80 52 -42 -79 52 70 98 -82 -23 89 30 3 69 59 39 86 -71 -29 28 71 44 -59 52 -86 -60 78 81 -45 18 -63 3 -56 77 -83 -66 -89 88 -74 -38 -50 76 -77 89 -13 -96 -68 -76 -49 8 -92 -66 -89 -7 43 -61 82 -46 78 47 81 76 -68 31 54 -29 -21 -7 -53 38 72 38 -8 9 87 -43 -64 28 63 73 -33 -71 -86 23 -94 25 0 -85 55 -14 -55 -68 -32 -38 59 44 -40 3 68 93 34 88 -77 -94 -88 99 11 7 -48 -52 27 67 -83 -10 18 16 -34 81 40 23 -72 74 -96 3 -3 -76 57 -38 -56 3 -58 -86 70 -79 -78 -40 18 -66 -5 -12 -47 -52 -90 -84 -89 13 -52 37 54 94 27 56 -85 -9 -93 -16 -45 80 56 50 0 -65 -71 -48 55 81 33 41 26 58 -11 28 29 57 -21 -85 4 17 91 58 -9 47 -95 -48 -61 -64 17 91 82 -74 -28
-76 13 -53 -17 73 -95 -15 -21 89 48 -52 89 30 -97 8 -90 -78 -39 49 -74 -42 -71 99 92 57 -2 48 16 -63 8 50 56 12 40 -54 73 44 -25 -41 -49 25 84 22 29 47 94 19 75 87 68 45 13 -97 -91 48 6 40 82 68 -3 -5 -17 -50 -84 -43 -66 94 100 80 -65 96 35 54 -32 -77 -32 -62 31 -84 32 28 -56 -28 45 93 -20 -53 -2 77 -16 -50 38 -79 -74 -43 -74 52 65 -88 31 79 -53 -42 -3 -59 40 -6 0 -70 -65 72 -50 -7 97 60 -74 -25 -94 75 57 56 -73 -14 -58 75 -87 -4 4 -13 -62 80 -90 -91 -31 45 -48 13 88 37 -23 84 -4 -46 31 87 19 53 -43 -80 62 -100 14 60 75 -20 3 89 21 2 46 98 33 29 31 -10 -93 -9 59 -47 75 26 -69 10 -19 39 -98 37 84 95 4 76 41 -71 -35 -15 -67 -28 81 33 45 19 47 -91 41 54 86 96 -43 84 86 18 -64 8 -43 -31 40 -35 -46 32 -19 -28 -45 -63 -25 -69 -29 -15 -50 -16 60 -28 -31 -47 -88 56 -81 84 -12 -47 -73 35 43 -71 30 -22 -11 22 -88 -74 -66 -12 0 -48 31 77 -66 -63 -36 88 -1
-46 82 7 55 -58 -85 79 -42 -64 35 37 -66 -63 4 -79 -54 20 -89 -63 -80 -39 -22 67 -45 54 52 -9 -33 37 68 25 -71 -46 -6 -52 80 84 -70 -43 -71 -92 55 24 14 -6 84 68 -67 -42 -90 -55 -60 -99 -50 -97 -87 51 -48 -21 34 -40 64 83 13 -27 -58 -5 0 -82 80 70 94 -94 21 -37 22 59 -27 -97 -85 -52 -62 -35 73 -70 -41 90 -77 -91 57 1 -89 32 93 -84 -14 -10 40 -7 -19 90 -17 73 82 -11 -75 -37 46 -34 -8 71 78 -86 -41 28 -46 39 54 44 -40 82 -69 -3 -65 77 -34 -55 -61 -4 85 91 -40 -61 -54 -55 -71 47 56 -89 67 81 11 58 -32 -68 -51 -77 37 20 -56 92 24 100 82 -18 -91 -78 17 10 -82 62 26 -39 47 -91 -58 85 -79 8 -97 89 -74 -75 -15 90 -53 46 34 -43 26 -23 89 15 82 -57 -51 -45 -11 75 29 -62 -58 54 -79 61 -48 -68 98 -22 -6 -52 65 -94 -2 27 -63 -50 92 -17 -49 -98 -37 30 -57 96 -14 -43 -59 -24 -60 90 4 -40 92 -15 -17 -44 -14 -19 -20 77 -93 16 46 -52 37 23 -85 82 21 71 -69 69 21 79 -7 -44 -75 52 -80
-55 -58 92 96 -84 41 -7 -84 30 84 17 39 -74 48 -86 -49 62 -65 73 6 38 99 66 -22 60 -5 -16 77 64 20 10 -75 96 17 89 46 33 -6 77 59 -31 -58 96 -89 -60 51 -45 -12 -84 67 -18 35 -74 -31 47 96 -19 -34 -38 -79 -79 -95 -39 -70 100 -54 -44 -68 82 -35 -33 68 36 43 -55 -45 -35 88 30 22 -55 -49 58 88 65 83 -26 -10 -13 -93 8 -28 -22 -24 80 -64 -44 -93 -80 55 31 -97 90 94 14 -83 -49 -96 84 -90 -99 9 -68 -26 -36 79 -99 -73 37 -11 -69 -21 -61 41 50 -2 -63 -14 -45 -92 3 45 -36 15 73 7 100 -39 98 -56 -51 65 -90 -11 -12 75 34 -39 -46 99 82 12 -84 -10 27 -59 -69 11 35 -81 62 -99 -55 -80 18 12 -24 23 97 34 -50 -90 48 86 11 70 92 -46 28 -32 -7 -32 -86 77 -23 24 -45 55 -19 -91 -40 25 -22 98 78 4 57 -45 -44 -43 -5 31 -6 78 -88 88 -37 20 -18 -28 -5 41 -80 -86 78 22 -14 -91 -93 -8 -63 -75 64 -22 98 83 97 -100 -35 -72 50 -45 -65 -20 16 54 87 -74 -37 61 25 -22 -72 28 -4 -45 -78 24 42 -3
4 -53 81 -92 -53 -15 11 39 -39 -74 100 -58 29 -63 80 32 -45 58 -100 -85 65 23 -88 -98 51 -26 84 29 84 29 -73 0 -24 62 -1 -46 78 -78 -21 25 -50 95 -24 27 21 -33 -79 -57 -33 0 -79 82 85 95 -95 -67 95 -16 28 28 95 81 20 -23 -18 4 -56 6 39 -5 20 90 92 -40 -70 -15 18 20 -32 -2 41 54 63 -33 45 -94 94 -67 74 -78 -84 -81 54 -22 88 81 39 66 19 -68 -34 37 -19 -6 -24 55 49 -32 -11 -32 -57 40 -10 40 10 -33 60 52 -15 -45 16 79 -100 -61 24 2 -25 -3 -59 -63 15 50 19 -9 -22 24 51 27 -13 -33 87 21 -45 1 -74 28 -55 12 -26 75 -78 35 94 -52 -44 -85 95 -44 45 35 -80 53 16 86 73 67 10 45 1 -45 -29 -31 -60 79 44 -4 -3 -41 -51 -82 4 -1 -80 1 74 24 -60 -7 62 -35 67 1 38 35 -69 19 -72 -62 66 52 -81 -26 63 83 -55 -19 -73 -83 -18 20 45 73 44 29 -31 -54 -50 -68 -45 7 11 94 -19 51 -15 53 45 36 -34 -68 -86 -6 -60 13 -26 -44 40 -45 -50 -44 -98 91 -54 52 81 -53 -83 55 64 48
-36 -24 -10 67 -3 61 -47 41 -21 -84 8 31 19 65 -41 19 -24 57 63 -34 8 80 93 85 -34 -11 -3 60 78 27 -48 -55 -91 79 -31 -64 -59 26 5 92 -16 -48 77 61 -48 73 -37 -70 59 25 -69 0 41 -95 37 -86 -39 -98 -58 89 -38 81 -10 60 32 -26 -80 4 -2 -54 75 74 -31 -70 70 -12 -86 -95 10 -25 64 -38 -23 -54 -53 -26 -82 -4 38 64 2 -86 73 -13 23 -45 -79 27 -10 -39 47 -42 19 56 87 61 -81 -72 -21 30 -71 -36 -10 21 -9 45 -98 -53 31 24 40 71 87 -79 73 80 -68 12 69 51 -14 -90 65 66 -11 -54 -63 -6 35 94 -69 -42 29 66 -42 -12 82 -20 -70 -25 92 -1 8 -37 88 32 35 -90 -18 55 81 -43 -9 -23 95 22 -6 -10 49 -59 11 -66 88 73 -89 67 54 47 -75 8 -1 82 55 28 -10 -73 -92 -41 43 75 -2 75 -90 -30 71 14 19 -67 -40 100 -44 -65 84 -98 30 94 56 91 -91 44 -15 93 -53 -30 85 -96 24 -54 -52 -55 39 -68 75 -98 -40 -16 -37 -62 -92 8 -48 32 16 58 -68 -89 1 10 81 90 -44 -79 -42 87 -87 -40 -71 -49 -4 72
78 -82 66 17 0 -34 -48 -17 -44 -94 -57 -64 -11 -94 -4 -14 10 -1 -68 52 43 86 -88 -43 -1 15 93 -85 -30 -90 -71 -66 10 -60 -20 77 -32 85 77 -2 7 -26 -10 -65 -50 -49 -3 -4 -97 -100 62 -11 24 -16 -9 47 -76 74 5 68 -34 61 -12 20 -57 49 23 14 35 68 84 -86 65 17 63 81 -100 39 -4 15 68 -28 12 58 17 -63 -31 -51 -18 -74 -64 -44 84 -37 43 88 69 81 -52 -94 18 22 26 39 -95 -14 52 4 51 77 77 -58 79 -48 65 97 58 18 -66 7 3 -8 -94 -60 8 -7 10 46 72 -31 38 61 -75 23 -64 30 -14 -77 26 22 35 91 66 -88 -79 94 -69 -56 41 44 -95 -21 -56 -81 -50 -71 -37 -63 -56 31 54 -80 -5 8 40 47 -84 43 92 -10 -73 -54 2 9 -36 52 -95 28 -23 60 99 -48 26 -16 -67 -57 -47 -87 92 -16 60 -61 -31 -98 -66 93 37 -56 71 94 -13 39 29 -65 44 48 -16 -59 -59 37 -2 10 -83 -99 -15 -29 59 8 -26 95 78 41 -19 58 -11 91 6 52 37 -47 2 -48 63 -23 20 -53 43 24 27 -75 -65 -95 -29 -97 -69 -90 81 49 -15 9
-62 -40 -60 -51 94 -39 11 -61 -1 -95 -13 -34 41 75 -82 98 32 26 9 54 -90 42 100 82 -22 13 -68 -63 33 -98 -90 73 -74 9 52 75 9 -41 74 -83 -53 -94 -99 -79 -39 -65 12 78 97 11 24 -11 -25 64 86 -6 -72 72 30 10 34 55 -82 -55 80 3 68 15 90 -70 24 -13 -40 -91 34 8 -43 -61 -75 54 11 26 -48 81 -78 6 -14 35 -99 -26 30 56 84 -72 49 42 -79 -39 93 -78 -64 63 60 -78 -55 69 -48 -16 -26 -60 84 -13 -15 -1 18 -74 33 81 -33 25 4 -78 -13 34 -6 18 -13 67 -6 22 -21 56 69 -67 -35 68 70 63 -91 66 -56 86 42 77 -9 2 53 -53 4 57 35 81 -1 53 -52 -95 -48 64 -61 1 87 61 99 39 -75 35 73 31 -76 81 3 -68 78 -40 92 61 72 -18 -21 -38 41 70 -75 41 -42 -40 95 51 49 68 -61 -64 -35 10 80 90 -84 1 36 -78 43 -81 -9 -40 -82 -85 -1 58 -26 -84 -9 -43 -22 -26 -80 -40 -95 54 -98 -54 41 21 95 2 -22 13 63 69 -80 -57 93 8 -38 72 91 -65 57 3 -29 11 -61 -80 -27 -2 63 92 -1 35 79 -50
-11 -67 12 -74 39 91 -17 -37 23 -59 61 15 26 -66 16 19 -17 -15 -44 30 20 83 -76 7 -84 13 16 49 29 49 -3 3 97 30 0 2 -71 60 -46 -75 -57 30 -64 39 25 57 91 54 45 -52 -8 55 -36 -49 62 -27 -49 -42 83 77 -50 74 -16 7 -80 -48 -80 5 78 53 46 -93 67 60 -94 41 -90 -30 -56 1 15 -4 31 4 -26 -98 -18 -92 -76 -96 -63 -83 38 -100 16 30 60 -92 40 -17 86 23 -33 -44 -85 -40 -65 -73 -86 -62 -40 93 -73 -35 52 81 -47 -26 79 0 14 57 -34 -65 36 39 48 65 -31 -43 96 -29 81 -78 54 -14 15 -2 -43 -30 52 -65 -22 -81 73 -3 -70 -41 87 -72 86 1 -86 -29 -55 23 -22 -39 34 25 20 -76 23 -67 -61 0 -96 69 -36 43 -49 24 43 -6 40 76 -43 -82 -87 -90 -8 58 -96 -2 33 -41 -7 73 -99 22 -47 97 86 98 18 92 98 93 3 80 93 -97 -32 -70 -44 -1 0 -65 92 -99 36 32 12 13 -83 44 -31 28 18 -41 -47 24 -89 95 46 3 12 -59 -70 -55 69 29 15 79 -81 -67 14 -93 8 -77 -100 80 -15 -58 -39 -95 -30 -66 -28 -18
60 97 93 -65 27 17 54 24 63 82 19 -86 -92 18 25 -62 -46 49 -40 70 86 -54 -56 -81 -36 -92 84 77 -37 97 -48 80 18 57 -29 9 -18 -9 27 43 85 73 -44 -3 -72 68 95 97 -47 -40 50 -62 13 -77 -24 9 35 -61 53 33 -30 62 26 -61 97 21 -61 100 35 -70 -58 -30 57 34 25 17 97 -84 21 -37 -7 -51 -59 -46 -57 76 -73 42 79 22 94 80 45 86 -11 43 11 -43 -35 -31 39 27 62 -10 54 76 -45 59 32 -1 -30 -47 -73 66 19 20 71 -13 86 -85 -57 -73 94 -56 40 -80 25 -46 73 75 -13 -41 -68 17 42 -97 -38 38 -93 94 87 -62 -57 5 -38 88 81 -23 -1 70 -58 -64 39 37 -38 33 21 2 -53 -52 56 77 -4 13 41 -27 -88 -7 85 18 -100 -67 0 1 64 -45 1 69 -43 81 -59 -39 76 69 -33 33 -92 -16 -98 44 14 35 97 -50 -12 38 24 -31 90 32 40 3 81 -82 69 33 96 6 -88 10 53 -14 -42 58 40 68 6 -56 46 41 -93 -35 72 -3 -58 -25 -39 -11 -19 -49 74 -93 -33 34 66 93 -59 -33 28 10 95 -72 81 -39 97 97 19 -17 -46 53
69 -88 -87 64 76 -92 -10 25 -81 48 -94 -36 99 91 52 27 94 46 -57 16 -100 -85 -26 -11 -60 42 56 -61 -38 37 23 6 58 -81 -29 57 -89 -51 -34 52 -64 62 7 -35 91 42 77 54 38 -61 73 60 -93 -51 -20 4 -78 18 -81 -26 73 -12 -93 -100 27 38 -34 -58 25 -36 20 -38 58 -70 -60 58 74 -80 -87 -6 53 84 60 -10 1 34 -4 -60 -74 -42 93 -59 74 37 -64 -50 -61 -56 94 -18 -30 -52 6 43 90 44 -99 49 85 -96 27 -79 -48 -84 -31 -50 -27 83 95 51 -93 -28 -16 44 -63 -68 9 -75 -51 -68 -16 13 47 74 62 -10 -91 -28 -70 -93 79 -82 88 -90 56 -34 39 -14 -95 49 68 40 -83 -1 87 -48 50 30 -25 -56 24 -3 18 -59 28 -70 89 56 16 5 -62 47 -44 95 -8 -61 88 53 57 -47 7 -18 64 68 -54 -78 -93 47 -42 -10 63 -91 -35 -37 -68 -37 -18 44 93 -65 -93 -71 -72 49 -13 65 -55 -85 -85 92 -11 86 -64 10 -95 -20 19 70 89 50 -30 80 52 19 -45 -3 -36 -89 67 93 -13 -93 -28 -77 -49 -97 -27 -9 85 -23 35 -32 21 -78 15 71 20 69 -100 -48
-62 77 -85 77 58 65 6 12 -40 39 -68 -16 -63 10 -88 -72 59 58 -4 -75 -88 87 -23 99 46 -41 -32 -66 28 -97 27 56 18 -82 -72 -12 0 19 -1 -75 10 35 61 -7 -97 83 -77 -78 51 -94 -87 2 44 47 55 99 14 -94 -16 29 -43 29 -72 -9 -5 100 64 24 54 -52 -42 2 -64 18 71 -79 -77 -18 96 -60 19 -13 94 38 86 -40 93 -22 14 -59 -24 -3 -61 -57 68 -42 56 45 -11 -30 -41 -77 -55 4 -22 -15 -27 -26 5 35 87 3 79 -11 -56 3 96 58 -83 55 32 -20 24 -27 -12 -23 -5 -62 96 77 39 28 -47 100 -71 -30 -40 -51 -100 -74 48 -75 1 49 11 2 -37 -25 -11 -46 -98 70 24 -100 3 -48 -70 -25 -49 100 39 11 -1 -14 11 -40 83 -31 -53 62 8 -100 55 5 -6 3 62 -82 -60 -20 -6 94 -7 -10 25 63 51 2 -31 -83 64 -37 72 -95 -95 24 78 -11 35 -70 -53 72 -43 83 0 92 6 -70 29 54 18 -40 -75 -16 -35 -16 19 62 22 8 -31 -32 24 36 72 94 71 32 96 41 33 43 -84 -89 54 51 -96 52 0 -48 25 51 -8 -94 -52 -36 48 30 77 7
-100 -73 21 -59 -47 -80 8 40 -52 34 -69 -33 -15 -40 -52 -57 15 -69 -10 31 -85 -7 -78 30 87 -48 -90 100 -24 76 76 5 -82 -99 9 -75 -64 -79 26 -19 -25 -71 15 -84 71 -47 27 93 -41 -89 -3 -74 13 -87 62 -26 49 -68 -69 22 -55 -48 18 74 -24 47 60 45 -38 0 93 -51 -76 100 83 37 98 73 -64 -46 36 56 -54 -10 -21 58 -27 -69 83 25 -18 -75 -75 67 -20 -64 0 -32 11 92 51 -90 31 35 94 -23 -37 -20 -83 -78 -84 -86 54 16 91 97 34 -2 81 57 -22 -65 87 -85 -65 -13 99 -83 -99 20 -93 -90 82 17 41 -50 -9 -93 22 -20 -18 91 31 -85 98 82 -77 -56 44 56 11 37 60 24 -97 -78 18 82 -89 -87 -90 25 -82 -77 26 68 94 94 -41 -45 79 -95 76 9 99 -10 78 34 -20 68 59 -98 -34 2 -47 100 87 82 -61 81 -93 73 57 -98 10 25 64 -58 -83 21 -80 21 34 -35 -4 9 21 32 -63 56 -47 -30 21 93 48 21 -40 -38 17 0 -50 -81 81 -63 -82 80 57 -39 14 -23 -58 75 0 15 7 -38 -37 81 55 99 -62 74 10 45 -6 72 -5 -20 -65 -3
-18 62 49 -46 64 -95 4 -81 61 64 17 -66 41 -40 8 34 -2 88 8 4 99 -73 7 88 -52 -7 -28 19 -64 -33 -70 78 86 -98 -45 35 22 40 -47 94 84 -80 76 48 11 -57 -75 -66 98 -12 58 -24 72 73 -28 -87 9 16 68 60 12 -70 -94 -46 85 -23 28 -28 -7 23 -66 4 -76 4 40 -59 34 90 67 -37 41 26 27 61 81 -86 -6 -35 67 57 60 88 -38 -93 54 2 5 78 -29 -22 -91 -6 70 74 86 17 25 -95 -93 69 54 -28 67 -35 88 -15 -46 53 -50 -25 -61 48 10 -100 54 -96 -94 20 93 24 -88 -71 92 73 91 76 -6 -96 -73 -99 28 65 -66 -19 16 -2 -42 -4 72 48 90 36 -9 17 -43 2 -28 55 94 -20 -32 -79 58 -65 -99 -7 -61 -16 38 38 -84 -40 73 3 93 85 -84 34 -7 31 74 -80 16 -100 -79 -43 -58 -40 16 59 -9 -93 8 -3 97 -46 -4 -63 93 -47 -45 43 -18 46 80 -52 92 23 -67 -17 -33 -33 26 -97 -17 -85 94 -55 85 -54 38 65 49 -38 98 -75 82 -45 48 48 51 -66 -13 -45 57 12 68 76 -22 -73 38 -48 -82 84 46 -74 73 -30 77 68
-47 -30 79 57 61 -46 -3 -53 58 56 5 81 41 -77 -63 -55 36 49 26 47 -83 -40 -18 62 -31 21 37 -48 61 15 -85 81 -11 -55 -15 -6 1 51 -73 82 -22 3 -66 66 97 26 -42 99 -75 3 96 55 44 -100 45 -93 -56 -29 19 19 -76 95 -21 46 18 76 72 13 30 -38 42 57 70 87 -69 61 26 -60 36 46 88 -40 99 -12 27 -97 -98 -46 -54 95 -68 -68 53 33 -66 -73 -47 -52 89 74 43 14 23 79 -74 27 35 8 -90 90 -10 34 -82 -3 92 79 -64 -39 -72 -77 -6 28 63 -76 63 2 20 19 -67 -93 55 35 -60 8 -71 -33 -69 -79 53 74 -12 27 -51 -77 -62 78 9 -13 -6 -21 -74 -26 75 -47 29 20 16 -92 -19 -65 59 -85 56 -11 -86 85 -3 81 -5 0 91 30 -95 -30 9 11 51 -9 79 -73 69 -50 7 61 32 0 16 66 -57 -11 -97 -44 -89 -81 66 77 -76 13 50 -55 33 -56 -42 -50 54 -64 83 -66 22 -51 -89 -84 -97 76 16 100 -16 22 -68 72 88 -27 24 -85 -36 13 -20 5 -25 48 -44 76 -43 68 42 72 66 -86 -57 -58 -81 43 18 -95 -27 99 -83 -4 -49 78
40 -66 34 33 68 -78 -51 36 -15 48 67 -34 -89 57 -39 -87 -97 18 51 41 -57 -1 -97 60 92 -37 71 55 11 -22 -68 91 -80 89 22 21 60 71 96 -77 31 57 81 75 92 29 -19 73 -67 -25 65 84 39 30 75 71 86 -54 34 -25 23 30 -21 -65 89 1 30 87 18 54 -31 11 -62 79 -35 -63 91 44 -70 -69 -83 -6 -71 85 89 -61 -15 77 -9 -63 -11 -91 81 -80 -94 54 -92 96 18 -28 -80 100 -71 36 -21 23 -67 -81 47 -32 74 1 16 -28 -99 -57 -65 30 -64 -97 3 -19 -13 5 61 26 -18 -10 -32 -60 -39 0 -90 -78 94 -49 -68 83 -91 -54 17 96 -8 77 -77 94 1 -84 27 -41 -77 70 20 -42 -12 20 63 -27 67 -36 1 17 6 35 -78 88 -67 84 -23 3 -76 -16 -62 9 -25 -41 -93 -39 96 -6 -55 45 -20 7 -67 -86 -87 -19 38 -67 30 -74 2 47 -69 37 -73 63 42 39 -9 -7 32 72 -18 80 40 -100 -45 89 70 -34 44 -42 -62 100 30 30 -9 94 63 -51 14 19 86 77 -48 -58 90 20 39 37 17 -31 65 3 47 -35 -49 -84 19 62 -77 85 63 11 -77 26 -51 36
56 65 -16 80 91 -39 -2 35 -22 -13 11 43 -16 -36 42 -18 -32 -48 -25 -91 -5 26 32 92 -59 -89 -30 23 80 -91 77 -79 31 52 5 -26 -91 -6 -44 -24 91 -33 -84 -43 32 -79 -99 -30 44 100 78 -17 82 57 6 -51 -2 54 43 83 98 8 -60 66 -34 -71 -66 -78 -58 -76 22 86 -44 17 -46 66 38 90 -84 -59 79 96 43 -34 -80 8 32 -11 32 -53 30 38 -6 -81 25 19 -68 71 -12 15 86 -65 -49 -24 -77 77 39 8 12 60 -60 87 -7 -73 72 77 -69 -76 94 -79 34 17 -6 -28 77 19 -44 -54 -89 -5 59 15 59 -76 21 -93 -53 53 -96 13 87 -71 29 26 95 -82 -81 21 -15 88 -21 -65 75 -9 99 14 -26 79 98 -20 -30 -73 -92 46 -97 -10 -17 21 93 22 -95 -41 -18 -36 1 -7 -87 69 -41 6 -66 -38 91 -98 42 67 -94 89 27 -13 53 28 -25 18 -98 -27 88 -12 -57 -7 4 -17 -60 -25 100 -65 7 65 -2 -11 -89 -63 52 44 11 49 30 94 -33 -23 47 64 -94 34 -50 62 100 -49 89 -100 -85 40 -52 74 -19 -34 62 -46 -55 69 85 64 -25 57 82 -85 -13 14 -78 -46
5 1 43 70 -9 -91 61 -55 26 -22 -36 15 -88 38 73 -48 28 -33 63 -26 -41 94 -97 34 87 -77 25 -88 64 56 89 -25 68 5 -87 72 80 -17 -93 75 -97 -9 89 -77 -73 -28 -24 -87 -28 -89 -65 42 57 34 95 -56 -30 -52 -93 90 -98 55 40 -95 76 -88 -49 97 46 100 42 31 22 -42 4 -66 -29 33 0 84 -5 5 97 50 -60 -7 76 -7 33 93 82 80 -67 98 -99 66 64 -19 -62 31 98 77 72 19 -30 -9 93 -58 -100 -94 -37 7 -62 -59 68 -21 56 33 -65 90 -34 85 -59 -59 -30 35 -82 7 1 28 18 -55 94 -92 -49 10 30 -40 -9 -93 51 -100 -73 -92 39 -22 -92 -54 -65 -14 -64 -29 95 -98 35 -50 54 -93 -50 -86 -32 -60 32 -48 46 -94 -21 55 -74 22 -87 65 -27 -59 60 19 -54 -50 -79 -3 6 -89 -66 -99 -21 84 -60 -31 62 71 70 -77 -76 -79 99 -57 -13 -80 22 -36 34 -46 5 69 44 93 83 -39 -82 -10 -36 37 -34 99 20 -51 -35 -18 60 -62 -77 93 17 43 -44 -75 32 21 96 -74 -47 1 -64 58 32 -76 11 43 29 -33 -86 57 -75 -87 43 92 95 -4 17 46
-40 -76 0 -37 63 -64 5 -30 -20 -72 33 22 -4 -31 -39 -41 57 81 30 -84 11 -97 41 -26 61 68 -29 -57 15 -28 -97 13 39 -90 45 60 45 -48 84 42 8 -58 -32 -100 18 50 -28 35 38 -74 -56 9 3 -15 65 76 -79 -33 -64 7 -37 -50 -58 -13 42 -59 18 34 78 -19 -32 41 3 -58 -72 70 29 17 72 -4 -51 -87 -84 50 -75 8 -82 47 45 38 82 -78 81 0 80 51 64 49 -71 18 -28 -62 -49 -89 -57 12 -18 -87 -93 89 55 -70 -1 -40 -50 59 46 -87 54 39 -57 -99 -43 -21 33 -84 14 8 44 28 -88 56 -4 45 -12 95 70 -55 7 89 28 -5 75 -60 -62 -22 26 -83 27 -26 25 37 25 75 -82 89 -72 93 -79 83 73 -46 -55 9 52 -93 -57 87 -80 84 90 -18 -95 12 72 37 34 8 -92 28 -4 71 -69 -41 43 23 8 20 -90 41 67 -38 -81 92 18 -56 -66 21 89 35 95 2 -32 -39 27 21 14 -88 -50 64 -12 4 94 -58 80 94 -71 -77 -96 1 18 -13 66 0 -60 75 -47 -52 54 -61 78 -12 -79 -30 44 -61 -86 -34 20 -13 -3 -56 -98 93 75 36 -87 -81 51 62
68 51 -38 -38 -32 -37 32 60 -55 24 41 -21 -34 -67 45 -52 26 -20 -17 -61 86 35 -33 47 -13 -74 -97 10 76 57 77 -34 73 -54 -10 54 -47 66 -19 -27 -7 -18 -52 34 45 9 -43 60 -92 93 -100 73 73 -100 22 -78 77 78 39 -36 -81 53 -94 57 4 8 51 82 53 -86 -70 80 8 -21 10 -19 67 -57 -80 -51 94 33 41 -27 1 -57 -21 30 68 -82 41 -30 -95 47 19 -34 52 -40 42 60 61 -63 -18 95 69 -62 86 -41 11 -26 40 -78 84 -10 -17 29 96 35 89 88 -87 -30 80 -42 33 -74 16 -59 -71 24 2 63 28 6 -8 36 67 -29 -86 71 -35 51 30 54 33 -44 99 40 -62 -61 32 -55 57 46 -55 -38 69 41 -40 28 95 -16 -99 -13 -85 43 75 69 -26 68 -62 70 -72 -65 -18 0 -42 -55 59 57 52 -81 -2 67 -65 49 -36 -27 -94 81 -54 13 -24 -92 79 80 -62 -76 -32 6 94 23 -17 53 -51 -84 -65 31 -41 -83 91 -57 -57 -89 41 -71 67 26 58 -21 -86 93 -93 -6 -44 6 30 -6 -51 -92 49 50 -35 -59 74 -84 98 -75 83 -3 -89 81 -85 95 81 58 99 -34 12 66
-62 -100 100 49 -41 97 -78 -40 -28 9 -39 -15 -91 18 9 97 -39 -20 -38 7 79 -49 -3 30 99 37 80 -86 -69 30 31 -85 -57 -30 -41 15 88 76 -79 -85 -14 -43 78 -59 27 25 20 16 -92 95 -97 -3 89 76 98 -16 79 -69 99 -33 -8 43 7 48 -13 72 -74 -89 -62 57 42 100 45 70 65 -45 -61 -74 45 5 5 24 -15 -78 -3 -88 68 -58 -61 59 -16 -44 5 -14 89 88 -72 83 -33 -88 15 68 -61 -12 -13 73 56 43 2 -97 -61 50 56 -2 -16 -89 -74 -54 75 -94 -47 27 -35 -71 48 -99 -88 91 15 -5 -4 -36 -39 85 24 -61 -92 -36 -60 71 28 -29 85 81 59 -40 37 -86 97 31 -30 -2 -83 16 2 -7 28 70 53 -52 98 43 82 -66 -56 9 48 47 -66 -43 -93 35 88 38 -53 100 -65 -54 59 -86 -83 -32 -35 -90 -70 -100 -44 89 4 67 51 8 -57 -91 -18 29 71 -19 -84 45 -12 71 22 -95 -43 16 40 37 -75 -50 13 -100 43 -18 61 -100 16 65 -59 -82 -20 -81 -58 -4 -95 55 -49 -91 -98 47 -70 -89 40 13 41 -14 31 -40 46 45 -79 -38 63 -61 26 30 -39 58 -81 -76
15 20 -34 -84 31 80 -17 45 0 -99 -39 10 -42 48 71 -78 -85 51 82 91 47 -12 -19 99 -44 65 -37 -97 -48 -6 76 1 -93 50 22 63 -44 45 -2 44 -42 96 -87 6 43 88 -47 84 36 -77 -71 94 -55 -49 -29 1 -66 76 10 -17 85 -18 20 -45 -14 -24 -80 67 -79 -10 93 -57 89 -85 0 -52 -46 40 97 -11 7 -65 -9 -67 -35 53 62 -79 -89 76 -32 -53 -41 -34 -80 -38 6 1 -40 22 -77 -91 -52 -30 -28 58 -17 -95 33 8 89 -46 -39 78 -54 -36 -71 14 47 37 61 -98 63 -38 8 73 30 50 -19 -30 -66 -85 66 -46 43 -69 15 51 -52 39 -24 29 16 51 -93 -3 -38 -49 -50 -7 80 -70 94 -72 -65 -97 22 22 12 78 99 -47 18 -25 49 77 -84 61 -55 87 55 70 60 59 -27 6 78 -44 13 -92 100 56 15 11 81 -49 -51 66 -84 58 -35 12 68 45 -61 -18 36 -28 -95 -10 92 -39 13 48 -1 95 48 15 96 -54 -7 -17 0 50 15 -24 -4 94 76 -22 -97 60 54 38 38 -86 -92 -44 54 -8 -58 56 19 -27 -95 -13 99 14 -11 -33 -32 -67 22 43 -86 45 -58 18 -86 -38
-71 62 -100 -85 -94 86 69 7 57 94 -53 6 -85 -73 -2 -27 -32 -52 51 -48 4 -35 82 81 -51 95 -35 -52 -51 23 96 -18 83 -36 -43 -20 -48 28 14 16 -20 64 -63 -16 59 58 58 74 -67 69 -62 39 -74 100 -72 46 11 6 -54 36 85 27 -23 10 -82 50 -25 42 -10 66 75 26 49 58 -79 40 34 -85 -49 38 13 -65 -46 93 63 8 -85 57 95 26 -9 -65 -18 -4 -2 -84 55 53 -43 -30 -32 49 -53 -30 -62 -62 -29 12 92 64 -3 -43 -54 39 -34 -82 -79 48 84 61 72 -91 83 98 80 66 70 -84 -25 -29 16 -69 -94 42 42 -21 70 85 -13 94 -28 -44 -69 -39 -63 52 -2 -6 -87 68 -7 -12 -85 -88 -41 -37 -100 90 -91 22 19 -43 73 17 7 33 -55 -71 -51 -88 -30 -85 42 -80 31 -68 7 35 -25 83 94 -69 23 -63 62 -44 29 100 36 -96 5 -44 -34 -83 14 -18 -14 4 48 -18 -54 36 78 11 -77 -74 -50 -38 -55 -55 -59 -26 41 35 -3 -19 -87 25 -20 77 -24 -20 47 91 48 -93 -100 4 0 59 -95 19 -55 71 -18 -87 -25 88 77 29 -76 -81 40 97 -2 98 -64 48 68 5
4 55 93 -3 94 -48 -53 -5 -29 -34 70 36 45 17 -1 6 28 36 -53 -21 7 -79 -19 46 69 -97 21 -39 -68 -47 -94 94 -30 95 26 -50 -65 99 16 -56 45 91 37 -44 -4 59 -42 71 31 43 61 55 63 81 -95 25 87 27 64 -26 -51 -99 11 -28 67 -48 64 -61 12 25 49 76 -84 -56 -10 72 -93 -55 -25 21 -95 -23 -3 -40 -79 73 58 -21 -93 -67 59 -80 -30 87 60 5 56 69 -93 7 51 -84 -51 -56 42 -83 6 9 -73 -3 -24 -56 -67 -47 53 -40 30 -29 -8 0 -64 61 -77 4 71 97 79 -30 92 -55 55 -71 75 39 -72 57 -96 13 47 85 77 85 -77 -54 -76 -25 -51 -13 92 29 -17 0 -83 91 54 92 40 21 5 -1 -90 9 25 53 -85 5 -35 -83 -98 91 -76 27 84 3 25 10 85 -86 47 49 74 37 -93 -13 37 -42 -70 -43 -60 -62 -11 -88 -10 97 68 31 -25 -42 58 -93 6 52 83 -1 -10 34 97 -75 -64 11 9 97 66 97 76 26 -51 100 -81 96 -66 17 54 39 2 -10 51 76 63 52 -19 -54 15 37 -66 73 -45 47 -87 -25 -6 29 -8 6 -98 86 99 73 2 -40
-36 41 0 69 -83 90 27 -54 30 81 28 -12 67 -99 14 -22 3 -58 33 -8 98 -24 -96 82 -63 21 13 68 84 29 40 -89 -60 89 6 39 -41 -2 -94 95 53 59 16 20 -88 12 -29 -33 31 -12 -60 -92 -46 67 -22 11 -8 61 -89 -92 43 93 48 29 -67 -16 -69 -79 -57 87 78 -98 35 59 18 1 49 27 100 -42 -39 59 70 50 -74 58 -76 -94 -59 24 -42 96 74 11 94 -7 -10 -77 -32 -43 -44 -96 99 96 -39 79 88 93 -76 66 22 -67 -98 -11 75 99 -77 -5 59 35 -58 -53 -87 62 48 -55 -38 85 40 -73 -43 2 -69 -2 -83 39 48 -15 90 9 -54 24 -82 -38 -84 -96 -85 -11 33 69 86 65 -59 -37 30 58 42 94 39 21 -78 51 -4 -56 -95 55 -70 90 -96 -84 28 -61 -75 -61 -35 56 -81 2 90 -83 49 3 35 -72 69 -92 -35 -86 19 -15 31 70 -8 -31 42 -80 -95 46 -74 97 -66 -69 75 97 -47 97 54 -31 -30 71 -10 1 14 30 -95 -71 18 -38 88 28 -72 -42 92 34 -2 -84 -84 90 -39 77 -45 37 59 -27 -28 -100 -97 16 86 46 14 -77 -52 -83 -34 -100 -98 -30 -99 -36
-55 -53 -12 -47 -50 -87 -92 18 86 78 -34 -35 49 -78 -30 70 -36 62 44 -25 -31 37 -19 98 -12 -11 -70 -10 36 -49 -14 80 -97 37 20 98 14 -41 62 53 38 -69 -41 -4 -46 -93 -97 0 73 -80 -6 -10 -7 26 61 -66 -96 48 -56 -14 -84 27 -52 -5 -37 88 63 12 14 -67 -20 20 79 96 99 50 -66 10 -35 26 -14 10 81 -83 -27 -70 71 -15 0 -25 -56 -48 89 -84 -36 37 -79 -96 -4 -52 -79 62 -2 -64 11 24 -97 51 53 -8 -96 24 16 -22 -64 9 82 -55 -31 34 -45 -47 -83 -89 -39 36 -27 -79 -44 62 63 50 -100 55 52 -45 53 28 58 -17 -95 -96 -26 -94 81 84 37 16 83 45 -49 -50 43 -54 85 -14 41 -77 -67 -50 -77 71 18 1 70 36 64 96 -4 -38 -90 -98 10 67 -37 85 -19 6 -85 -79 -54 -71 -77 -58 3 -36 81 25 46 15 -97 -55 -58 17 -85 48 46 46 92 -91 25 -90 -48 69 -87 -37 -62 71 -100 -50 -15 -33 33 -75 -23 92 22 70 29 -25 -26 -30 -83 -100 45 -83 -76 12 -87 -85 -73 73 -79 88 32 24 -100 -15 -96 23 -71 -83 -26 -15 -5 -75 -73 56 -21 -84
-96 -5 -47 84 -69 38 93 -20 -11 28 53 65 -95 -65 7 13 82 -19 43 73 3 90 88 3 36 -27 -43 100 59 -49 -96 3 -49 -10 78 30 -25 -8 -64 -37 12 -72 3 87 34 19 60 -99 -9 86 70 -16 -30 -22 -84 3 -70 2 2 -65 92 -33 -19 -55 -53 -59 -27 62 -72 -76 -89 93 25 -77 -14 18 -23 24 27 -63 -11 33 96 35 16 44 -58 -2 -76 -2 95 -57 -59 -76 -51 -62 -21 -45 27 98 -96 93 -78 -18 -2 9 62 8 -99 -42 88 -25 66 -60 -19 -4 -56 85 31 -76 -31 -99 97 1 61 -33 64 -84 -90 38 61 -9 37 81 -5 83 20 93 -73 72 66 69 -87 87 56 91 51 -24 -21 3 85 2 46 7 -8 -69 95 96 -79 -84 9 69 18 -1 -65 49 -18 -85 0 23 81 17 -14 -74 18 -46 -70 -77 -71 -52 -47 46 85 -8 68 41 -58 64 -8 -44 -100 -31 63 1 -75 64 73 -59 84 26 -49 -20 -36 -40 5 -1 -22 -20 -20 60 74 64 10 -65 15 -86 -50 98 -9 37 -46 -63 56 5 -89 -72 20 -48 11 96 -75 -20 -82 -94 0 14 48 -86 43 26 79 -13 59 -42 -99 -90 65 -32 28 -51
27 -21 26 28 -22 9 12 12 -49 43 0 -96 -53 -36 -62 6 -43 16 35 53 -29 0 14 -1 5 71 -24 79 -2 -46 70 -74 23 79 -4 -23 25 59 54 36 22 97 -5 18 96 -42 37 8 -38 13 72 -19 -65 -82 56 -53 92 -23 10 -40 78 10 48 45 -11 18 96 -59 -45 -52 -45 -66 -33 58 -56 -86 -13 45 71 -51 -36 22 64 96 -53 69 70 66 41 48 19 -53 55 86 95 60 43 10 49 50 -92 -82 -91 57 28 38 20 44 71 65 5 -12 50 -5 -85 -91 -37 -30 -40 14 -59 -66 9 -95 -72 65 82 96 -44 -72 35 81 -21 3 -59 67 -17 4 -99 61 -1 -15 72 -58 -14 45 -12 -94 21 61 62 40 -49 -66 7 -89 -17 -90 22 -97 34 -38 -86 -86 -68 39 -88 -29 0 -32 -26 81 -8 30 16 -11 -70 -2 58 78 -11 -11 -19 -91 -58 -12 -74 68 -93 -39 38 -90 -86 33 -76 1 22 -31 -32 18 33 11 -99 78 -62 -51 -63 44 -99 -82 81 33 4 23 -68 62 -53 -88 79 -15 76 -38 66 64 -73 -83 60 -81 -81 -10 64 7 -14 89 -20 -7 -32 64 76 -21 -46 -22 -80 -14 -69 -17 -35 -84 22 -95
-58 -80 -87 -52 -15 -86 19 2 29 12 -43 -4 -14 -17 -96 -72 -65 -3 15 -22 -42 63 -92 79 -42 55 56 21 -17 10 -4 -51 17 65 -77 -70 -86 20 2 62 -64 -29 67 -47 -3 -35 -59 57 -65 76 13 90 -54 32 -13 -58 -85 37 -67 30 37 -25 19 -66 45 -72 96 38 -93 10 29 -19 11 -7 84 42 0 -58 -50 93 -31 -3 -84 64 24 90 62 90 -78 4 60 -99 -4 -64 -30 7 -33 58 -83 -52 29 -51 76 28 -88 9 19 81 -69 48 -21 -2 -19 -31 -10 37 3 -12 -56 -56 -21 -41 91 -26 -100 -76 76 -47 -73 16 5 97 79 31 -66 -70 47 -49 18 -85 91 15 -70 25 -47 -15 9 -15 98 -56 91 26 -13 100 -65 -61 16 52 -78 -10 2 -95 -71 67 72 41 0 83 53 83 90 43 56 -13 -25 -57 59 55 76 -81 6 48 71 30 1 -44 39 92 45 -16 84 84 -68 16 56 94 -85 75 -20 -87 -32 23 84 -12 92 -81 -31 34 -42 -66 86 3 -73 -27 -71 -26 88 -88 79 15 -75 -7 18 -35 -89 -73 82 -92 -48 -28 67 -72 -7 68 15 -43 29 -86 1 17 86 -30 93 -31 -12 73 -68 -18 -18 -84
-70 55 -65 31 88 -20 50 43 21 68 80 83 0 -64 93 11 1 42 -52 16 23 -60 -98 -28 -26 -56 39 -77 -50 67 61 9 -54 10 93 100 -39 -59 -58 92 46 7 1 1 -66 -93 85 -61 -46 54 6 -79 -83 92 -51 -58 18 31 -4 -64 47 -7 27 32 -63 -91 -89 97 -99 -61 -11 -68 -78 -44 -74 -78 85 89 78 75 -81 74 -68 -10 -15 19 -59 -62 -88 -26 97 -58 77 -22 64 69 33 29 77 77 64 83 9 -21 15 -34 20 -11 -91 34 -87 18 -100 56 0 -72 -23 -34 23 -47 36 -69 78 45 -59 -10 -38 -75 95 -40 44 -97 -86 -67 77 -80 -13 -11 -19 -66 81 52 16 14 12 17 54 9 37 -62 -99 51 -14 -47 -82 -53 -38 65 -79 65 51 67 90 -45 -43 -77 -33 -37 83 -38 22 92 84 -80 84 97 -45 8 76 79 81 1 86 73 69 92 53 93 -64 84 67 -58 -78 27 -83 -12 -15 -56 -6 -94 -33 -75 -59 -50 -7 -13 -20 45 75 44 38 81 44 8 -69 -56 29 30 67 -4 47 13 86 14 -8 -72 -33 8 -62 -54 -75 86 -3 -70 20 -40 72 -28 -92 1 72 -63 60 84 -61 53 -20 10 73 76
71 38 29 30 -57 -70 84 -8 -1 -100 66 61 -28 -23 93 68 54 -1 21 89 98 -85 11 -56 48 -75 -73 -72 -45 40 -16 -49 -5 -82 41 59 82 -97 23 72 -89 -96 -90 83 -87 -98 -9 -93 -46 99 -49 69 23 42 2 0 19 -72 -73 84 -54 63 -89 -66 -45 -2 -27 50 -30 35 87 47 -73 71 -44 81 15 74 19 46 -88 -27 58 16 -56 -83 -2 99 76 29 -34 -88 78 -63 -50 4 -8 -6 99 -100 15 24 81 98 18 46 -86 5 -66 96 -9 41 -66 27 86 0 79 -93 84 32 -70 100 36 46 -2 8 64 6 65 89 74 -54 68 -51 -38 36 -80 44 13 -15 77 62 3 59 -36 -54 -62 -53 -53 88 96 50 -31 -35 -38 -46 22 -12 24 -51 -59 69 48 7 -29 -52 0 -65 -26 77 -62 33 75 35 49 5 -99 32 -10 -15 -41 77 58 13 7 -65 98 -76 7 51 58 3 -79 -81 -45 -97 -59 42 -8 -69 -8 -91 12 -38 -43 17 -58 -27 -38 82 -67 30 21 -83 -4 -28 -30 95 -79 -61 -12 45 -73 41 3 -27 -53 -81 -77 87 45 73 -75 93 40 -30 73 25 -29 -82 46 29 -82 7 -30 -70 16 -52 53 34
6 -5 82 65 83 36 -45 95 -4 -4 -64 85 -84 67 -67 34 93 -14 -45 -54 -62 -19 90 38 -21 63 60 -75 -92 73 -85 38 -95 0 -99 40 20 77 -100 9 -61 -14 -47 27 -41 76 2 59 5 -45 18 -12 41 20 44 44 12 -5 35 27 -82 -15 -11 -40 78 -16 35 -54 -52 91 -36 -79 -9 -30 -32 -14 14 86 6 -55 2 96 74 -74 96 52 -65 45 -63 -53 53 12 -8 -89 -67 -92 -78 -39 -37 -58 23 -38 74 -45 -95 -46 5 12 -48 -20 -47 -8 87 18 -20 -52 -50 29 65 11 89 69 -49 -52 0 28 -27 -67 75 51 4 17 -77 96 70 32 36 -44 -20 1 -76 2 17 4 15 -65 -17 -78 -64 43 -16 67 -19 38 -46 40 22 65 -79 -20 65 37 51 -46 45 -84 -4 -58 -100 61 25 19 0 -28 9 0 -34 -37 45 -31 -61 -47 -71 39 -81 16 -33 28 -43 -94 39 55 -44 -28 70 -72 -87 78 84 -78 24 94 56 -22 23 80 19 -81 -27 -30 -52 53 -93 47 -63 -74 87 -56 96 -83 38 -41 -21 -3 46 -26 -41 28 -92 59 -60 90 100 48 -64 -36 40 13 81 93 41 52 47 55 -3 -37 -28 -24 52 70
-47 -22 -15 -4 -88 24 47 18 70 -59 -62 24 -32 77 70 40 11 13 -67 96 -24 -41 16 -79 50 -72 4 99 29 93 -97 -93 -7 27 75 14 47 -93 39 73 -12 82 -48 34 4 65 41 24 49 -26 73 -7 77 70 -61 93 -19 6 -62 -5 53 62 -29 39 70 1 25 -59 65 -21 -82 -84 -85 50 -53 48 69 -20 -22 -53 22 5 -63 -3 -37 -20 48 100 -96 93 -59 -79 34 -55 -8 56 70 -39 77 7 -93 -29 13 -41 -7 59 -18 38 79 42 -43 -67 -16 -10 -41 -43 -4 67 93 -18 -26 -77 84 -85 21 31 42 96 5 41 75 2 -1 100 -89 13 -26 -89 14 -55 -97 -55 80 -54 94 -46 -31 -34 -46 -13 52 89 -5 90 77 81 57 -1 -5 64 -62 -76 81 -14 -33 -11 70 -54 -97 0 69 -53 19 38 3 -84 46 31 92 25 -85 -31 -62 49 -73 -10 43 -37 -76 -31 -92 38 47 71 99 16 -36 20 10 -65 -32 -49 35 -72 -59 -80 -53 -53 -65 68 21 100 25 70 89 47 -68 -55 -56 92 31 -18 -48 8 15 63 21 -91 11 7 19 -99 71 91 -67 -24 -44 -100 45 95 22 85 19 84 -10 47 46 -85 16 -19
-10 28 -87 -65 25 -44 -34 80 -24 24 -65 -49 98 97 26 97 -3 -12 23 28 -18 2 29 93 -75 -21 -11 -99 -23 52 20 58 82 -23 47 73 -25 -1 -70 22 -7 17 -70 -13 41 -97 92 21 48 95 95 -13 80 -73 -82 -85 62 -49 -39 -65 40 -22 -25 62 -3 90 -11 84 94 -56 -12 -79 75 50 55 17 84 29 -67 92 -91 89 2 14 -64 0 -7 60 8 45 -83 96 96 -69 -44 91 44 -59 -14 38 -58 -16 -97 87 53 53 56 75 49 22 34 -28 -3 45 -30 81 -58 -32 37 -12 -37 -74 77 45 88 -32 80 -29 -10 -8 -72 6 -80 -65 -6 -62 37 51 60 -67 -35 27 37 -42 -87 31 -98 78 -84 -13 -3 -75 23 -77 77 -79 23 -85 84 -40 88 34 33 14 -14 17 89 23 80 -46 56 -55 -26 69 -13 -37 83 -86 -33 -32 86 4 -31 -81 -58 -97 -68 -93 -90 -13 -32 -95 -8 20 3 -60 -78 -17 -24 -76 -28 86 65 36 12 23 49 -64 37 -35 25 50 20 4 87 54 90 9 -79 25 12 -48 45 -19 -2 42 -46 30 -96 10 16 40 4 86 10 -46 -97 -22 30 8 85 -54 -5 -33 -95 -4 88 -2 -76 6
-100 25 11 92 21 -40 -43 -71 95 -48 -70 -78 19 -6 75 -71 -59 16 81 -29 60 20 84 -18 7 33 4 -6 -99 -68 -74 31 95 72 98 83 53 -38 -37 18 -54 -41 -20 83 -37 56 -59 54 53 53 83 -96 -58 -87 53 25 60 -55 58 100 92 -29 35 60 93 75 29 -76 55 -95 -95 23 51 -1 3 -30 55 31 -36 -1 -78 -58 14 -90 -65 -42 35 55 1 -14 35 -44 78 93 54 -15 2 11 2 85 20 -32 0 -35 -91 -53 26 56 -42 37 97 39 -64 78 -11 -72 37 12 29 -50 -39 -1 -43 -22 -28 -36 -99 -74 88 79 71 13 64 24 75 -48 39 51 -10 -79 6 14 -30 -57 -10 -34 16 -32 80 60 -48 79 74 -91 76 -81 72 48 -53 -27 86 52 -17 -48 23 -100 22 9 -84 50 -10 84 76 -58 -33 -52 50 63 91 68 -43 -71 68 63 -58 19 72 -23 39 69 82 -22 54 -14 70 19 11 72 91 -6 -57 -97 85 -16 45 -43 23 25 -56 69 72 16 -8 -53 -93 20 -80 6 -53 -18 32 74 8 35 30 51 -97 -38 -35 -79 -26 -74 -7 -12 28 73 83 -44 48 90 31 64 -24 -27 -39 16 -24 -41 -9 -82
-2 30 60 39 98 12 -21 46 80 -4 -84 12 -27 97 51 -78 61 -38 82 44 21 -74 0 -4 -78 46 -8 48 7 37 -67 9 -36 95 -85 -22 92 -39 0 -38 -47 -5 -9 20 49 -85 75 -55 7 -12 -87 -36 3 77 -60 62 98 -27 48 -57 98 -54 48 79 100 -92 -19 -30 68 -4 -86 -20 33 98 55 -42 -9 -74 -34 59 -73 20 -4 -33 19 95 -53 38 -86 29 6 -63 94 67 -40 89 100 60 -72 -46 15 47 -90 93 2 68 67 -57 45 77 83 70 19 18 8 -13 35 74 -37 -59 -14 -49 -87 25 43 -57 -41 -91 -28 37 -41 -24 -92 -100 72 37 -79 77 -71 -88 4 -89 34 -9 36 34 84 -53 -36 59 2 61 45 85 25 -43 72 -78 38 -16 -53 60 -52 -14 -25 -21 33 85 23 -37 -73 -28 -41 24 66 58 -24 99 13 -80 11 22 79 -34 -96 2 99 -27 79 -8 10 84 80 98 -61 43 45 64 15 50 -22 -27 30 -45 74 12 65 -83 -96 81 25 -18 -86 -9 70 -24 -43 5 -80 -71 -60 -94 -41 -13 -95 -91 -35 -25 -87 5 10 -58 82 -25 97 -19 -79 60 -8 67 15 95 -84 48 24 83 -83 90 83 49
36 -14 12 -92 -97 -46 70 84 16 -88 100 -39 6 74 84 -71 28 -62 -14 63 18 26 64 43 65 23 -15 -88 -92 -64 30 58 11 21 -19 86 -51 43 57 -20 50 -92 -36 32 59 100 -53 52 7 -12 43 96 59 -2 77 -40 -80 78 41 -87 52 -7 -88 -98 35 -50 -46 -11 -75 48 -88 77 -35 -50 -11 2 -85 46 46 82 -25 63 50 -13 -9 -44 68 -12 -91 40 61 0 -35 -67 80 -1 41 9 -3 -6 -92 92 -46 -43 -75 -19 12 -57 -10 77 58 71 -26 36 -65 -97 41 -84 -51 -4 -13 9 75 19 -20 -70 78 -47 32 -21 -10 -84 14 -45 30 -45 41 -54 26 -41 -24 29 -73 71 83 19 50 -82 19 41 11 90 33 -53 98 -68 -6 -62 84 -61 -5 51 -62 97 89 -36 -39 63 -33 68 28 56 -57 -17 -46 67 13 -64 -7 -28 78 -55 95 66 -25 93 -37 -35 -80 91 61 -35 -79 4 4 -43 49 -10 51 -25 18 58 -69 -5 -35 -24 -8 -46 -11 -46 -96 30 -13 77 -38 7 -34 12 1 -38 79 13 84 -94 -91 -81 63 -6 18 71 61 15 -54 -86 51 -65 -100 -46 -59 97 16 -81 16 -91 -18 5 79 -61 100 74
89 50 -69 -100 89 -67 25 -90 -32 87 7 -27 66 39 -94 52 -2 98 -70 -71 -3 75 -19 -23 65 97 25 -11 -71 -38 -32 -33 -89 35 -21 19 -94 -49 -77 61 -92 -25 73 82 49 -24 80 66 -97 19 26 51 -6 43 100 -5 56 -18 85 75 -35 -80 -67 -23 93 45 60 -17 -64 -62 44 -23 5 26 -94 -38 1 16 45 -20 13 -14 -44 -3 -2 -29 -49 7 28 84 -72 -42 -37 -71 96 88 -39 -95 23 62 81 -72 90 74 -99 6 -27 75 52 -25 84 -100 -5 1 7 -65 -19 -39 -44 73 96 -15 -23 19 -38 -99 23 22 50 -76 -56 -30 -99 -18 73 47 -33 12 -86 -81 -89 -12 32 -99 46 -74 6 83 -73 -71 19 0 12 -93 91 -24 95 -33 3 -79 66 50 -84 73 28 57 45 -28 64 4 9 19 -59 -44 61 -98 40 -27 39 -68 99 99 85 -76 7 -36 68 53 -34 10 57 92 98 -15 90 99 32 -51 50 -67 -70 88 38 40 -7 -28 87 -33 -42 -54 -62 -2 56 -33 78 17 63 14 70 60 41 -80 75 -62 -2 46 -86 -11 68 0 -66 8 61 -53 56 63 27 -37 45 83 -8 -67 92 86 18 96 -88 -72 95 -75
33 -27 -47 4 -19 90 45 -25 89 -13 -89 -58 99 -49 80 -94 66 -46 -43 17 71 -70 93 -90 22 95 75 -88 -63 75 -75 -62 -13 100 15 63 53 21 70 79 95 65 46 -32 62 60 39 40 84 67 54 -99 30 64 13 32 -74 29 -12 97 73 84 -41 -48 -46 20 13 15 72 82 -15 6 39 -36 35 97 77 -79 -89 66 -68 -11 46 -58 -31 -41 74 -82 83 67 -46 -6 -14 59 60 -73 6 -59 -21 -67 -3 12 -5 55 94 -12 -5 -72 80 29 -93 -35 -87 -14 -19 -72 77 67 86 -50 98 -22 18 -31 -96 70 -92 -39 23 -28 61 91 40 17 78 72 -37 -97 84 42 -25 95 62 68 -76 -68 -57 26 65 63 20 -35 -29 63 -19 -58 -55 19 14 -81 -82 -37 25 -91 18 -76 -40 -84 80 -99 41 -95 62 54 -30 62 -35 3 -41 76 27 -15 -21 80 -46 -61 -15 11 -90 -64 98 -53 -40 93 -18 90 -89 -37 4 11 71 56 59 66 54 -57 65 80 66 -86 41 -67 -25 -77 -79 -69 57 78 -37 46 -71 48 -96 -74 -83 99 53 -1 -15 28 -93 -24 34 -80 97 -82 -79 72 -81 -24 -79 -14 -99 23 56 58 89 -55 -10 -39
19 -18 -43 68 43 72 54 -63 -42 -18 -47 -76 39 48 13 -4 -99 59 50 -68 -60 -94 -15 38 -96 38 98 -89 -60 -83 69 -17 75 51 54 21 -9 71 27 -46 -13 -52 18 -36 -76 -93 -31 -8 -83 85 -94 57 88 72 13 -65 -66 -41 -28 11 -26 -19 55 56 66 -91 30 78 -43 -28 70 -57 -44 30 12 -31 51 -90 -43 90 14 -63 54 -79 70 -72 -50 77 36 -74 -51 97 -69 26 64 -80 70 73 50 96 -51 -96 -17 -55 -4 -86 -35 13 57 -51 3 58 -22 51 95 -6 55 79 94 -80 72 11 -32 -72 72 -8 32 50 -86 8 -44 83 -73 -39 99 73 10 61 40 75 -69 84 75 -38 48 -21 -88 94 71 -76 99 42 16 8 96 -94 18 14 53 -20 -84 50 38 59 28 91 -66 -16 -70 42 -36 63 -44 -13 -28 34 11 60 40 -39 -33 91 40 50 -73 -17 -52 -16 -1 48 48 -30 58 15 88 42 0 -86 -31 -67 56 -68 -33 -74 -93 58 -61 -7 63 86 -35 13 -66 -100 25 83 23 -1 60 -81 -39 -49 67 -81 18 -15 -92 88 -67 20 23 50 23 -6 -80 13 35 3 65 -45 -92 -78 6 98 -12 -25 62 88 -13 -89
36 97 47 -85 14 -4 73 -66 98 17 -55 49 -73 -88 -85 -33 -92 -58 -2 72 24 -93 57 48 56 -63 -26 -12 10 68 -59 -92 25 -15 45 66 29 18 93 25 54 2 19 77 85 -11 -18 54 65 92 77 61 -84 42 -97 4 10 8 -11 -40 63 -18 -37 48 -50 39 9 -32 -42 -92 38 99 81 51 -47 -56 27 2 45 88 -22 -5 -98 -99 37 15 90 29 -33 -59 -95 32 77 -80 -44 57 -72 -96 -19 34 -70 87 -48 -80 -14 5 28 54 43 92 -31 -12 86 -45 -10 -45 -96 31 92 53 -76 -26 -83 -73 -95 99 74 -75 63 66 -55 -48 -82 33 -91 80 -93 -82 44 6 -20 -73 17 84 33 -32 -93 -91 -22 52 -74 -59 4 -48 10 52 -37 -73 -82 68 39 17 13 23 31 0 -56 83 10 100 39 87 58 24 -60 -97 -73 -59 -33 49 59 -88 -77 100 -84 27 14 65 -55 -67 -62 -80 50 37 66 -59 35 -23 -36 -66 8 35 -15 100 29 -96 18 -96 -72 75 -94 12 89 -53 -67 -99 16 -4 -58 75 -59 -46 -89 -29 7 -54 97 88 57 -28 71 31 64 -50 -27 -51 34 97 74 -9 -54 39 -47 25 59 -40 -8 81 37 74
-49 60 -20 82 38 -99 12 55 75 0 -47 -56 -88 -12 23 41 52 52 58 88 -42 7 95 -24 -21 -97 -91 70 48 41 -48 78 -59 -72 37 76 -88 68 -6 -66 18 -21 0 95 -36 -4 -9 -8 -47 96 19 63 5 52 -94 -1 4 61 36 -58 64 52 -21 2 64 9 92 -64 -96 -76 99 21 43 -92 -78 -45 -18 97 82 -24 0 -10 -96 71 -36 36 94 23 63 63 36 75 9 -91 94 1 -76 15 -43 -6 -7 -45 43 96 -5 12 -13 78 19 -30 -6 41 77 78 -53 -53 -52 81 80 -94 81 -27 64 -99 -31 6 -26 -69 23 36 30 42 25 100 -88 -78 50 86 -98 39 -4 19 71 22 54 15 57 54 60 26 58 -55 88 -80 27 49 -26 -51 68 -90 -45 46 -76 -21 -45 78 16 7 80 69 90 40 17 62 6 74 -100 75 -84 -30 -74 72 80 0 -13 11 -61 -87 92 -54 -1 38 72 60 19 -88 67 -31 63 -90 35 -41 85 17 8 -92 -33 -8 -40 -14 59 48 64 20 -74 -13 66 -39 81 -44 72 -57 89 -74 99 4 36 -20 -55 15 12 65 -64 13 92 -75 -1 -64 -3 94 -59 4 15 -76 66 10 30 -20 -73 -45
-100 -99 33 16 27 94 17 3 -16 28 -30 -51 -98 -31 44 59 5 -33 -60 56 36 -98 -89 58 -19 -58 -96 -39 -15 -50 100 -95 -4 19 56 -4 74 46 70 28 -81 4 -89 12 -26 -83 -98 -68 -63 -64 84 -69 97 46 -97 0 96 -28 -66 100 -61 -88 60 -94 60 18 -17 70 -12 11 -72 -12 1 68 -47 3 64 -84 88 -93 57 -94 94 -61 -95 -42 90 -81 46 -58 -14 15 -72 -64 -30 -12 -85 -70 -41 -56 -1 81 -84 -41 17 26 -23 -64 1 20 -52 -20 -61 -35 49 -10 -100 59 -58 -88 96 2 -78 60 43 -8 -52 -81 -3 -79 30 89 -46 34 -88 7 -71 87 -49 -16 65 -75 -84 -58 55 82 2 97 86 78 -58 -60 -64 80 14 -99 -4 26 -91 -55 8 54 29 -29 5 -73 -45 -55 15 58 -27 -98 -3 -56 37 -54 26 33 -86 63 -13 23 -68 36 96 -36 69 -95 -85 81 53 39 -53 45 -6 43 9 50 88 10 99 42 -13 -66 24 -47 63 83 -71 2 -95 7 -21 91 -64 -14 13 28 -93 -73 56 44 -56 6 88 97 87 -21 -21 -6 75 -93 2 8 65 84 -25 28 -98 62 91 -48 94 -47 -86 -99 66 51 79 -5
-8 -46 13 94 -68 -34 -31 -7 34 92 86 36 -17 -96 -11 -39 100 98 67 -30 79 90 -78 -71 -91 73 -79 -58 -80 -55 -61 35 9 38 21 -71 -17 -28 -43 96 -40 49 -55 74 12 33 -52 -35 78 -19 61 71 75 -95 91 -22 62 -89 76 -90 -41 -50 -71 37 -89 100 71 -58 66 48 88 -66 -66 -46 91 -18 -6 69 53 -19 -16 78 52 -90 -54 64 46 61 7 -38 -35 16 -31 15 98 -65 32 -19 98 -81 -75 -50 -98 96 -3 -44 73 -60 74 -3 61 -72 -13 27 -16 -37 -26 -37 73 -94 -16 66 -29 56 90 -75 -22 39 29 67 -15 -19 -48 -5 -25 -20 -98 -19 -94 41 -61 -100 83 30 100 -19 5 43 49 53 -17 -51 -30 -22 -8 21 4 4 96 48 -48 30 -2 -59 -75 -100 55 16 15 75 -13 45 -74 20 5 33 87 26 -93 -13 -62 93 -17 36 -68 -55 10 -66 54 22 54 -62 40 26 49 40 41 85 -62 99 72 42 -57 94 31 96 -54 -62 -42 84 -60 68 -57 84 -23 44 -12 76 3 8 -46 54 -97 76 75 15 34 -92 -85 73 21 80 -57 73 -39 15 -56 68 -35 58 58 -76 16 -41 -78 3 -45 43 -20 76
46 -91 84 12 -27 17 57 37 -85 -5 79 11 79 67 -68 51 -73 -34 -27 -29 -16 69 -37 -92 -83 -16 -50 4 15 26 23 80 27 -87 49 52 -24 1 74 73 -66 47 -98 89 -47 -95 -58 9 -50 -41 85 67 -79 92 82 -4 63 -20 -19 65 50 15 18 -24 -1 78 69 -15 -49 19 -90 65 15 -87 14 -57 89 83 -35 100 -60 9 -51 -56 22 97 -52 -75 -17 -10 -55 86 -45 -17 55 -3 98 -47 23 -84 -92 30 -25 -19 92 -52 -97 -24 63 51 -83 17 -93 95 -56 -12 -28 -34 -71 12 -78 85 -9 46 -88 9 59 -84 14 83 31 64 -68 -90 67 76 -11 99 63 -43 -14 70 -70 -20 -60 -53 -32 -54 -85 24 -25 -59 -69 91 -8 65 94 50 30 54 -24 -90 -13 -38 -23 49 95 21 14 -34 75 94 -95 84 88 34 -94 75 4 -32 86 -87 -58 86 -89 7 -8 -69 -8 48 40 -39 48 -77 -72 1 34 91 5 18 49 -9 20 49 11 -79 30 -93 -84 -66 -12 38 -2 -21 -43 -30 56 -46 -3 -54 -88 98 34 30 -62 -78 -81 -23 64 47 6 55 -32 62 90 -33 -6 -67 -42 -52 76 -19 -62 -55 16 9 -6 -21 -15 -14
81 -92 53 5 -76 72 -9 -19 -17 -11 28 -88 -50 47 20 58 -23 45 4 -31 61 97 31 -93 -46 48 62 77 90 -56 -18 3 -19 62 75 -5 53 -3 -30 -34 -36 92 -16 25 -32 97 -63 87 90 73 -99 1 -18 -70 -77 -13 -94 51 -75 -34 59 3 69 5 -82 -97 -94 -49 98 -44 57 12 -48 77 16 -99 -38 -76 24 -99 -74 45 -21 -36 48 -38 57 9 -83 -37 97 -4 -35 -60 20 60 -25 19 87 -17 -40 -44 70 40 -89 76 68 4 75 4 -85 43 51 -60 27 -44 -63 50 39 69 -1 -36 -47 -69 -40 24 -73 -99 -5 -7 -67 -38 -93 -85 28 21 19 57 58 39 75 -79 67 -86 34 -87 -45 -80 -28 -20 -42 11 22 -11 -14 4 92 42 67 93 -59 -33 5 52 -38 -77 -22 -15 9 95 3 -53 3 57 52 -32 -9 -96 -37 49 98 17 39 -2 37 86 27 44 6 -45 -14 -60 -33 -79 -54 -89 97 64 -52 -38 48 -72 -55 78 22 -33 -8 -47 96 -64 92 -54 13 -27 88 -13 -3 12 22 18 67 67 -9 -23 -6 -26 -86 -78 58 43 -54 -36 -62 -65 38 -84 -49 56 -96 21 -53 95 -93 11 -77 13 81 18 74 12
-34 78 -76 -10 -71 89 43 16 -32 90 -90 68 59 -65 -51 28 -91 -40 -30 -48 59 -53 -74 -30 89 -22 7 -31 95 97 72 83 1 -33 80 67 58 -92 -32 7 18 90 15 16 77 -45 21 84 -97 93 12 95 -55 95 28 -89 72 -46 23 60 -28 29 -38 -46 86 -20 12 -3 -57 5 98 34 86 13 -71 21 -82 -74 -59 -36 -43 -41 -29 -60 98 -67 53 88 72 93 -46 50 42 -64 -68 1 -23 -79 -3 -40 30 50 8 -36 83 66 88 70 61 -42 84 9 2 -63 19 47 45 -68 22 80 56 2 57 -65 41 66 -15 -3 -79 80 -52 -66 75 1 -12 90 49 65 -46 50 -58 -33 -55 79 -35 -81 0 72 -45 -77 36 71 77 -20 -75 48 43 37 -82 -71 -63 34 -31 -28 21 83 22 19 94 58 -78 -12 70 55 -15 2 -28 -23 -43 31 -71 -80 -86 -42 -57 50 -58 0 84 -14 60 33 64 47 -83 -8 12 -50 -60 2 56 70 -45 -20 54 -16 53 -53 -57 -61 -85 -45 19 83 -90 -46 -83 -53 -63 -90 65 3 39 35 -90 -21 -97 53 -66 -70 23 -28 37 39 -88 -62 -26 -86 99 -65 -30 5 2 46 52 -12 34 -93 -53 -55
95 74 -11 -31 78 -52 -81 -88 -10 50 97 -64 -15 87 29 -54 -55 -79 45 78 -32 92 94 -15 -5 -23 -85 -70 38 -28 34 31 26 24 7 -87 61 -1 -57 27 -93 58 -99 33 82 80 -84 36 -73 -82 -70 -89 21 -85 35 -67 21 29 -6 30 -59 49 100 82 15 11 -9 53 -12 12 26 -70 -90 -16 -59 -47 6 -88 84 -93 -80 -91 -12 2 -40 -50 -77 -60 -74 94 33 1 36 85 90 37 -74 -89 88 91 -32 -80 -2 58 -58 87 -83 -97 -31 -2 72 -48 91 -22 -90 -9 -40 -73 35 55 -59 24 -40 -43 -66 47 49 71 52 -93 -96 29 -3 -38 66 19 -86 -26 -10 -37 100 20 -52 9 80 -12 -90 1 -31 51 67 47 16 92 -92 26 -82 8 1 84 93 19 15 -40 85 -71 83 -23 71 -46 77 76 64 -8 95 45 7 67 -67 4 -21 31 37 -77 61 14 40 -18 -53 -80 -23 -64 -54 43 -42 -23 34 26 -74 51 -36 89 -16 63 41 -17 90 19 -47 45 22 -10 -12 39 -21 -80 -73 -53 -72 51 -75 63 -94 -73 82 -74 -17 -6 95 -38 78 12 -67 -83 33 -35 36 16 -41 -87 18 38 -93 -70 -81 66 -43 77 -79 79
-47 -62 -45 94 22 -38 -20 92 53 45 50 -6 -83 70 42 -90 -24 84 -27 0 98 -62 -75 43 79 -68 -9 -50 47 38 -77 -55 88 -68 -90 40 73 67 48 23 -20 -83 -43 -47 -36 -86 -24 23 -19 -46 -68 35 73 2 -21 -86 22 91 46 -24 -3 33 20 64 -46 -35 -62 -77 -94 -95 -95 -67 -87 84 25 94 41 43 -74 52 53 -48 -52 -40 36 79 4 64 -51 80 -85 56 -86 61 26 -62 31 -86 48 1 78 85 12 97 -93 -48 9 -60 74 -13 87 48 35 3 73 5 -27 60 87 24 -59 -13 -42 44 -60 -35 -75 -77 -93 -60 44 92 -46 27 -41 -25 23 -46 48 -81 -26 -39 -83 4 45 -56 37 6 -86 -67 -41 -64 -64 82 62 0 77 37 95 67 -76 58 -14 -90 -24 1 -97 2 35 35 19 59 -4 86 25 66 -4 -96 82 -14 -35 29 -60 95 72 48 87 -91 59 68 -59 -96 -32 77 32 -42 41 -19 36 50 30 -99 -61 27 -17 -60 76 43 36 -11 38 42 10 89 -22 -13 -22 32 -16 -90 -100 -80 64 -26 0 -35 75 70 12 -25 -45 -20 -37 68 -91 -59 74 -95 4 59 55 17 -62 -51 60 -100 66 -16 45 7
24 -47 -88 -37 -79 85 28 -62 -63 -98 62 -4 11 -53 -89 -54 27 -48 -75 -64 -27 -34 63 9 98 -9 71 -18 -55 63 -78 -63 63 9 69 83 -30 -37 -21 -48 -78 -32 64 -35 -47 -42 -17 -27 62 -41 61 76 37 -4 -80 -67 49 -73 -56 83 48 51 -64 62 93 -48 49 -61 -40 -30 2 -38 62 15 -34 -92 81 -9 -62 -83 15 -49 63 -99 21 7 -60 -6 -76 -57 2 79 45 -99 20 34 -83 -8 -66 56 73 48 6 47 16 -5 91 41 50 76 -94 -37 6 54 -73 -85 100 -47 62 -54 33 2 85 -84 -54 44 -48 -85 -37 -91 23 -20 -21 40 -65 10 23 -15 50 15 100 -94 -72 -71 -28 -35 -58 -53 -44 -25 -86 90 24 45 -56 -38 11 -74 -73 -98 38 83 51 -77 -90 -10 96 5 -92 -61 -89 -66 -41 -34 93 8 25 -52 -37 8 29 94 39 -69 -26 52 60 -4 100 28 -46 -87 94 14 37 -18 67 86 -78 38 -1 -44 46 -70 54 -10 77 -5 -40 90 -73 -44 -25 -10 8 -64 10 57 -7 -18 -5 -20 49 22 -67 27 26 73 44 85 5 53 -30 69 2 -55 73 72 -54 -98 64 12 -88 -79 79 10 -32 99 52 55
20 -47 89 -64 78 -41 73 -38 -66 57 -91 23 -75 -34 38 -48 45 40 71 70 -4 97 69 91 -70 33 -9 11 -62 51 -18 -53 1 -46 2 83 -90 51 -67 -8 -48 -13 -10 56 9 46 76 -22 29 29 -99 11 5 29 55 -14 -3 3 87 80 -56 81 65 84 -17 13 -94 72 62 31 43 10 -99 -9 91 -62 -86 -55 60 37 -50 81 38 62 -16 35 -21 -13 6 -87 -35 18 -28 7 -15 4 29 -57 74 -8 -46 -44 62 -73 44 -44 81 65 18 52 8 -13 100 89 65 34 -28 -74 -49 98 44 22 25 61 -42 -72 -1 -92 -93 35 -74 -11 -19 27 69 6 78 42 51 61 -65 -29 -97 -16 11 34 76 -4 -25 -17 90 43 88 -64 63 -5 -79 -8 79 -43 -69 25 75 -51 28 96 -36 25 71 38 -62 32 41 35 -47 -66 -60 -62 -36 64 -83 -5 -65 -12 30 -30 -32 -45 -25 16 64 85 80 22 39 29 -8 9 68 62 39 -97 -3 -19 -49 -71 42 -83 -14 -65 -15 -42 36 -60 -59 8 62 52 94 -49 -87 41 -1 67 28 -23 -13 38 0 0 -65 -95 -51 -64 30 29 49 83 44 8 -55 -16 49 42 80 -84 75 60 18 -39
38 16 7 96 -66 -21 81 62 -38 40 -62 -55 -12 15 -88 -13 46 -28 53 55 46 67 100 89 64 41 82 -10 86 84 -98 41 77 64 -95 99 51 -19 -48 98 41 40 50 -73 9 39 -21 -24 -61 -60 -19 93 -7 7 38 40 -91 -68 -48 75 -39 4 27 -8 -43 -58 -75 65 -22 -43 82 15 -43 60 0 -86 -79 68 -19 34 61 -58 96 -74 15 36 47 66 97 -64 56 29 -6 -91 -14 41 -65 7 60 -39 80 -40 -60 -3 73 87 33 -100 -25 4 77 -48 -1 95 -73 -52 -9 -61 1 64 59 45 -30 -42 -97 69 -37 3 28 -46 53 23 41 -54 -11 -38 64 -59 -12 -69 23 -81 72 22 76 60 -28 16 22 -73 40 -85 49 73 -18 -85 23 -41 94 -23 -59 -75 37 -35 -29 -79 77 -15 89 -100 66 -86 11 -84 80 -54 -69 -47 59 -72 -37 31 40 33 36 50 75 14 69 -29 46 -44 -33 2 -57 -81 -15 -97 -86 22 6 -32 -2 -89 67 -71 74 -25 -89 18 45 43 63 12 68 -81 -50 -32 -31 -62 2 -24 -87 88 -30 16 12 60 -77 -95 84 -38 -39 69 -10 -7 -9 -35 55 -38 21 70 25 78 31 -7 6 -67 -78 97
-59 -89 -31 -40 -99 99 31 96 -36 22 82 67 -80 -27 86 77 -93 29 32 -91 20 -93 -14 76 68 13 -18 -35 72 11 -61 -64 71 -92 -84 83 -38 78 36 66 19 -37 -34 -84 85 87 -45 -95 -42 0 -4 -100 -33 -50 -49 -71 -39 28 2 -4 -29 -80 30 30 -84 85 -57 -14 -71 11 -18 -80 -64 4 88 -4 50 -57 63 41 100 -85 -85 6 89 -36 24 -84 -65 38 82 20 49 25 -91 37 -17 45 -7 -78 -65 -21 -90 -57 60 67 -73 -72 28 41 17 90 -100 -22 -8 -85 67 74 78 58 -16 75 58 86 -22 -84 -70 90 64 -6 8 99 64 40 -55 -43 -54 85 66 86 91 77 -15 4 -52 -89 49 -88 -90 -51 71 42 -82 48 -79 9 74 17 -45 35 -69 4 34 36 -4 -46 27 -26 43 32 98 69 26 -86 -22 75 100 93 -20 -74 -58 -86 92 -77 -44 53 96 -76 -90 75 86 44 -73 59 -82 96 92 93 -96 -18 -73 22 11 -37 -55 48 -5 87 99 57 -84 54 -5 35 34 76 49 -87 -80 75 24 30 -58 -97 10 -45 -93 -16 -31 -45 -71 48 -86 49 -88 -70 99 -8 65 97 63 -33 -39 67 -67 -85 -78 -74 78 1
-20 -39 -65 66 -20 -6 -7 -48 59 -42 37 81 20 -90 26 -5 47 -90 -19 45 -72 70 6 -24 1 93 86 -61 59 92 85 -71 88 -84 -30 78 -65 17 49 12 -48 39 -27 -77 -97 -38 -82 -86 69 -61 -33 -29 5 53 -83 11 -45 89 75 19 31 52 -21 -83 -26 -27 82 -30 -57 31 -45 -3 -100 -30 90 54 17 67 -60 14 -44 37 96 -9 72 94 -33 92 -29 -4 66 -53 41 18 -46 -56 28 -5 39 89 -32 18 67 -48 -94 59 11 97 -64 43 -5 -26 -89 52 49 -60 -35 -47 84 -81 -44 70 -32 -46 -64 -46 -21 30 57 -46 20 -26 78 -60 -43 90 -15 -21 -18 -32 23 25 -21 -31 -67 47 -34 -50 96 -71 -88 60 -62 -36 53 88 -81 86 -44 90 -71 42 29 -93 29 -38 -54 10 48 -96 -39 37 -26 37 -20 -33 -7 -90 40 34 89 23 -51 34 23 -65 61 10 83 1 70 -100 -70 26 -6 -46 -94 40 28 25 -53 16 -98 32 0 10 -33 0 52 7 -5 -45 -41 -87 55 -60 45 41 4 95 -5 72 -51 96 -13 28 -76 83 50 -100 91 -74 97 53 -8 75 -31 27 -72 85 -65 -2 -32 -84 49 58 -21 -59 38 100
67 17 -8 25 -76 24 -20 55 -14 9 -35 -50 -2 9 2 -75 35 -41 -80 -24 -88 63 -85 79 -44 -89 -50 -28 -77 94 -63 -66 46 -12 6 41 -14 -30 91 -10 -77 -37 -58 100 37 88 28 28 92 17 -26 13 -73 49 -40 -33 51 -72 -77 52 40 98 27 -63 87 24 -63 86 -30 -68 -19 -3 40 89 80 -59 -58 -62 66 -99 34 35 64 86 -73 12 -31 -2 42 -75 50 63 -91 -64 -72 -31 -3 17 2 49 -69 4 -81 77 81 43 -44 -10 5 -25 -36 -92 54 -45 65 37 97 -33 48 -85 55 55 -41 83 -12 57 -12 21 -71 -100 -44 72 -42 9 67 58 -46 -57 -19 80 -36 9 35 100 46 -27 37 -64 -61 -99 -24 -45 -68 81 3 -61 80 73 -33 -72 54 -29 -42 -20 -31 -35 70 86 -3 -7 -5 -2 -87 70 13 64 -57 7 90 -93 -14 0 21 -70 50 56 -66 -10 9 -56 -33 33 84 -57 -88 -34 55 87 86 -63 -22 55 -93 -77 89 -98 51 -99 61 69 11 55 -35 4 -71 -32 75 51 -12 -27 90 22 55 -2 53 -18 31 -45 -91 -75 -54 -94 87 89 78 72 19 -30 -69 13 -37 -67 53 -86 -70 -68 32 61 92 90
72 -12 -66 29 18 45 -84 -72 -91 -63 32 -52 -62 -53 58 84 -39 43 42 -17 -95 -36 10 -82 -12 -45 80 -12 -35 52 -10 -58 56 62 -67 -20 -29 -95 51 33 15 35 -42 -3 64 -64 -76 -89 -14 18 -29 -53 50 0 -4 6 66 -2 70 25 -27 -29 54 18 -4 81 -60 -3 40 83 -99 -64 -64 -38 -85 -69 99 -5 56 -36 -99 21 87 -64 25 -9 74 -14 -94 34 -10 34 97 9 30 -60 -60 -34 22 -79 50 -65 -77 84 73 22 38 -63 44 -15 2 -76 -65 -9 -82 22 53 -33 -39 76 88 72 -87 11 45 -27 0 -1 47 83 -53 36 22 61 31 -23 65 -39 -90 -100 -51 -20 88 -54 66 52 27 22 84 -83 -19 -98 90 0 -6 56 55 -95 -8 -66 -43 -30 -52 -66 9 -44 -100 34 17 65 -96 -42 -86 -89 22 -64 76 -90 86 -26 -81 69 4 -5 91 -94 56 79 36 -69 5 -29 -27 84 97 9 -58 -77 -32 32 5 98 -18 57 43 60 100 -41 -82 -22 91 78 -42 94 85 60 -84 34 -53 0 -51 67 -47 83 -64 -61 -83 -63 -41 44 56 23 62 66 98 76 24 -98 -77 -92 6 -39 50 -86 85 69 -7 54 -68 -97
59 30 9 55 -18 -6 40 8 40 3 -27 74 -9 76 -36 -75 -81 53 77 -6 -12 64 74 -62 56 -87 51 -42 26 -15 77 -40 -15 60 40 17 89 59 12 -91 12 -82 65 -59 48 -98 70 74 -98 -23 -62 -63 -27 1 66 -98 -1 95 -11 -40 28 -88 73 5 -12 -30 -48 100 51 70 -33 48 -45 -67 -89 6 67 -21 35 25 -93 92 -55 -56 -36 55 -12 -71 -23 -78 -15 -48 -76 -91 13 64 -76 -88 41 75 -3 51 -70 82 -100 31 10 -6 -43 -16 23 51 38 73 -73 23 -25 44 -17 -56 -46 -44 59 -2 47 16 14 7 -81 11 -24 31 -51 38 -80 87 12 -87 -52 -52 30 78 50 -43 49 -14 -32 79 -83 -7 9 68 72 32 41 -29 28 29 -92 -89 -49 -1 -63 -25 16 -28 -99 34 89 -34 -70 95 97 -5 67 73 23 83 -81 -8 19 42 38 88 98 -17 -86 39 -58 91 -18 94 13 29 -33 -63 -70 25 35 33 -12 -60 98 -86 22 -59 -37 0 68 29 -98 -56 -60 -80 -40 -99 -23 39 95 -6 40 12 26 37 41 18 -9 -51 73 65 92 34 3 38 43 31 83 -50 -100 -6 -57 -70 93 26 -86 -1 9 39 53 -88
-53 99 44 6 -87 -29 5 -11 36 90 -96 -100 -27 -68 -24 -72 22 -34 94 12 -82 -100 -96 -73 -25 26 -17 -38 68 -84 85 -80 -96 4 1 89 -60 -80 -62 20 -23 74 -9 -59 -12 -79 -78 -19 -5 -45 7 56 -42 31 23 84 33 -11 -82 88 83 -16 46 21 -18 -84 -8 94 19 46 -33 -4 51 -53 94 -96 -8 72 62 -72 -58 27 -57 -4 79 10 10 29 -76 -34 -59 33 61 -39 -53 -99 -90 -51 36 79 50 57 19 -67 72 -21 -94 52 73 -54 15 -12 -76 67 -52 -86 95 -42 95 -80 -2 -7 -24 55 -24 93 69 43 -8 56 -76 -38 8 64 -40 62 31 -58 -35 -66 -1 73 -51 -39 30 64 -23 96 31 -95 -79 73 8 -53 72 -34 84 -70 -80 31 -36 73 81 18 -51 85 5 -40 16 62 86 36 11 42 36 -72 50 85 -13 -86 -84 -43 -42 -87 -52 72 -92 -23 -91 79 67 22 -100 -88 47 6 -61 -71 -42 68 13 67 60 49 -40 -89 23 58 86 55 -2 62 -59 57 -64 -5 -75 -86 55 -15 -30 55 12 -91 -58 44 -89 -63 -8 -36 -70 -38 -89 12 -39 -51 -83 -24 -86 99 64 -60 -26 -24 9 33 -53 80 49 -8
-55 89 -1 97 91 9 -7 -17 95 -38 66 53 -2 -79 -69 87 -58 82 -99 78 17 -61 -82 -54 80 84 -29 -11 98 -61 0 42 50 -42 -46 80 58 20 13 16 -29 -45 -100 41 12 -92 -72 11 -40 -38 -74 -24 -54 -54 13 14 -5 -87 -44 -33 53 77 -58 44 -50 86 -83 -38 52 9 40 70 77 -31 -10 -72 29 -22 -81 -94 10 69 40 40 68 66 57 58 51 82 -32 76 17 -83 10 -90 -56 -32 -42 24 10 -45 2 11 -4 57 27 -73 -17 -79 -88 34 -98 -77 -18 -6 -97 -10 -78 14 -8 -97 -60 75 17 22 97 -87 -61 7 -68 -7 55 72 -26 15 0 -76 -99 20 -58 88 64 89 -53 11 -31 -21 -78 -90 -12 -58 -67 -17 71 -21 -18 -50 -61 -92 -4 37 -17 -87 27 73 94 96 5 -48 37 -85 36 -11 -9 36 63 -62 -8 77 -63 65 -61 -44 -94 -55 -7 86 -5 40 -46 -43 -31 -75 93 -6 27 23 -2 -90 -72 34 72 -49 38 -28 13 -22 52 -13 31 9 46 -51 32 -76 -37 -22 -48 -34 -79 -4 -33 35 -30 -78 -65 99 -72 -29 8 -33 51 -65 51 -55 60 79 39 -63 -59 -39 53 -66 -15 -34 16 53 96 8
-41 -13 -71 90 91 -62 70 -71 48 -72 82 47 -3 -24 11 -45 -41 -100 -94 -15 100 -43 -64 -93 -82 84 79 -30 42 30 56 21 30 -74 -34 64 -20 91 -57 -63 -8 -60 29 11 56 74 63 68 99 0 65 -83 92 100 100 -14 -88 -38 52 7 12 -85 50 -4 19 -81 88 29 32 49 -93 -56 30 42 16 86 33 2 -99 71 -13 81 61 -55 -15 -62 18 84 76 -94 -41 52 75 -78 -46 -64 -54 -1 -14 54 -21 -89 52 55 -35 -55 -78 29 60 -66 6 -80 -54 -65 34 -33 20 32 90 -16 89 -12 85 -22 -75 -95 45 -55 -76 -21 89 -87 -23 15 -5 78 29 40 -79 -20 -98 36 14 -79 -80 -3 -4 -31 -74 -23 -9 -64 88 34 88 -99 -96 -58 53 44 -44 24 -39 -59 66 -42 -16 39 -34 -10 9 -19 21 -98 25 -10 0 9 -26 67 74 -65 -96 -32 -56 44 -2 13 26 -24 -16 -99 5 -36 91 -87 28 -31 82 -93 -86 84 42 -25 -8 -38 51 26 93 -51 -28 -3 -14 80 -74 -41 -48 54 -17 -61 -45 17 88 37 8 -13 73 -4 -78 -46 94 -14 43 -5 39 31 -32 49 -1 -48 19 -86 77 48 -40 3 10 65 20 39
-5 19 -88 90 -58 -62 -82 -26 -20 -7 88 96 -76 -24 48 73 45 58 -46 91 -78 75 -49 -6 -56 -74 -76 0 -80 1 76 -82 -13 -76 54 40 44 -12 -17 56 -51 -33 -88 83 -26 -44 -94 -15 9 -93 25 -41 -17 48 -77 -27 -50 23 -87 6 74 93 -12 -15 90 94 -98 47 -95 21 99 -65 -50 27 -68 68 5 62 25 -67 -69 -75 21 54 100 53 -89 -62 -90 -99 56 -51 31 51 -51 95 73 -1 41 -98 -87 -5 38 -34 -89 -38 50 -67 5 -60 -13 -73 92 -47 -29 -5 -78 98 9 -18 -92 -99 73 -6 -33 -99 -99 11 6 92 33 38 35 66 1 -89 48 80 38 -73 -26 56 45 -75 -95 -59 -99 91 70 -87 -67 -97 -51 -7 22 90 -3 -45 -2 -45 53 -88 -26 40 81 86 99 82 90 -7 28 89 92 -62 50 -2 64 47 13 -53 -53 66 69 -23 -13 62 -50 75 -98 9 -65 30 -100 96 45 -33 -70 -20 18 100 15 -32 3 -23 48 51 11 -4 -53 73 -26 -2 -42 10 -7 -34 84 94 87 15 5 13 -79 47 3 50 72 -48 -7 -13 -32 23 -20 56 69 47 87 -41 34 41 -79 98 59 39 -92 -38 -24 2 1 -70
-29 -89 -67 13 83 -62 20 -22 78 3 -36 14 76 9 96 -70 43 -75 93 -32 74 -27 25 -33 -8 4 -83 92 47 35 34 -49 61 -100 77 28 -83 38 95 -95 -23 42 52 30 56 -52 80 48 33 -23 -19 -4 -32 -35 71 99 24 -58 -52 54 -24 -57 -8 -49 -22 42 -28 -53 20 -42 81 81 23 -77 67 33 35 99 45 -55 -40 -62 96 -33 -36 99 -56 -89 63 -62 -21 -30 69 88 -98 -96 -73 66 -63 -1 -58 -73 -50 37 -78 -39 -24 -8 49 41 63 -13 30 43 69 79 24 26 -63 59 10 -67 -78 -6 -49 76 34 -27 83 -78 -41 54 58 88 -95 41 -14 16 6 -81 -58 87 30 88 -25 -91 -16 92 3 -22 0 36 8 52 -25 19 -37 -49 65 -84 66 9 -88 33 -58 26 69 -70 -91 -13 1 9 59 -33 44 -48 13 -38 -51 35 6 -90 49 8 -38 84 -32 72 -80 52 89 -72 45 84 73 0 55 74 -20 -56 -25 -29 82 -18 89 -87 71 63 -76 60 25 85 13 -62 78 77 28 44 85 58 -65 24 -81 67 47 85 -3 -67 83 8 29 60 66 -47 -45 -42 75 84 88 -38 -30 -39 -22 8 -49 -79 62 47 8 60
92 -8 36 -42 -11 -96 -7 -86 -68 91 -36 -66 -93 67 81 45 40 -65 -55 -23 94 80 -35 -67 -24 -60 1 -1 0 28 -69 30 42 25 1 83 -48 90 26 -65 -62 -32 40 52 66 -60 16 12 -39 -17 27 -86 38 77 15 66 49 -50 45 -15 5 65 -91 58 47 -98 26 -26 -11 -48 40 65 -5 -24 -69 -77 5 -6 24 -61 -40 92 56 -66 -84 -22 -90 -49 -28 77 -39 59 -10 -77 76 62 59 66 5 -1 13 0 56 58 95 -32 61 -87 20 67 73 83 77 67 6 73 5 42 60 88 20 -42 -93 44 67 -18 97 -83 71 -36 97 36 9 -47 -3 -11 -55 -67 14 5 -45 90 -40 -75 31 -4 -14 40 64 91 -24 7 33 -27 92 9 62 -26 13 39 -89 52 54 -41 -12 -16 71 81 -14 40 -62 -98 -56 -97 83 59 27 73 88 -30 52 95 -42 -40 5 14 31 43 -44 58 -74 -81 -10 -77 -5 61 -45 -26 23 -100 -11 98 -83 40 93 66 -49 3 -85 -62 -95 94 31 75 -7 -69 -94 -18 42 -23 95 37 -7 27 -18 -39 -52 -3 -3 61 -53 -30 18 -59 83 -27 -43 -32 27 28 -42 2 -96 16 -55 51 -84 -18 -65 1
-73 85 -47 51 85 -34 75 -67 54 -32 -40 -19 -78 24 -79 62 -98 -23 -62 31 92 55 43 -53 43 -34 29 34 78 -65 -78 39 -99 -90 -17 58 34 100 -65 -83 50 83 76 91 -12 -73 1 -13 92 68 8 79 45 7 -36 -25 -26 80 -47 -78 -22 -13 37 -61 -97 32 -45 -44 76 -3 38 -22 64 7 -77 -46 20 100 -10 -79 41 16 58 -91 -6 -47 -65 62 -20 -85 -2 63 68 -15 82 82 27 -61 83 79 14 -80 -96 70 -69 -46 -76 49 -42 -43 -5 -76 5 -78 -25 -19 -94 -43 -79 -23 47 -84 -79 48 42 21 -95 -82 15 -26 31 -38 -62 5 -3 15 18 -95 -3 58 85 -84 -25 47 -5 32 -57 79 56 -29 99 -36 -36 51 -56 -39 89 38 -46 89 -20 80 -52 -46 85 -9 55 -34 16 0 67 -80 -76 35 -54 56 61 67 -64 41 -15 56 98 67 28 -15 -83 -52 -34 74 2 -46 -50 -74 -81 15 81 53 -3 93 -14 48 -91 -44 31 57 71 78 -55 -90 20 18 -88 67 53 -65 9 -80 -79 -70 57 -67 100 -18 89 -98 -43 68 -44 -29 21 18 4 62 26 96 67 -32 -29 90 -19 -93 -25 -71 -69 -86 -72 -10 81 -75
76 -49 83 50 17 -28 30 13 -97 -81 22 -51 50 33 -67 15 26 -36 63 -41 84 72 69 27 -67 26 -7 28 62 -8 24 -90 60 53 -2 -9 26 -31 28 36 -97 28 32 38 -2 -51 -13 45 -38 -61 -37 -68 41 -85 82 75 -14 -83 -54 64 -94 -4 -5 -7 26 -86 8 -97 -61 10 -23 -45 -99 77 -76 -52 -17 -40 -87 -58 71 50 50 65 99 95 62 -87 61 -63 75 -63 -75 99 27 -32 -77 -30 -58 33 46 63 -97 -93 -58 34 -100 89 57 -64 38 -59 14 -79 -83 -63 56 38 -90 -57 99 9 -8 -46 25 -42 -27 -46 4 36 -32 -96 -55 72 -62 -70 61 -23 14 75 42 37 -61 64 -62 -70 -50 89 -19 -31 53 -23 98 -54 0 52 -73 -39 -17 -26 44 26 -69 98 3 18 -10 96 -88 87 -87 -33 19 -63 69 79 -9 -59 91 54 71 20 39 -82 29 -14 -46 -79 -79 -19 6 -22 -74 -60 -35 45 14 -94 -31 18 -90 -15 84 65 -74 -91 -26 100 -23 -61 -35 58 21 -42 -59 6 -35 -31 54 -76 -2 -47 -50 100 72 -36 56 -38 -78 -80 -1 5 10 -52 46 38 -61 -22 66 -6 -1 -10 94 58 -74 87 37 55 6 -1
25 -68 -66 9 1 67 58 -58 74 -93 21 -69 47 -82 55 -77 100 -27 -89 -44 55 41 -97 69 16 -75 57 19 32 -13 -55 -88 5 -90 5 -86 95 -28 -66 -6 -50 2 -24 -25 -14 1 -9 43 88 38 -34 -75 64 -65 13 -65 -78 -95 51 59 -2 15 -1 22 42 18 28 98 -52 3 -87 98 -73 95 86 8 95 -50 25 -59 -53 26 -38 1 -86 93 -24 -73 -72 64 34 28 -82 -4 34 -73 42 89 -43 -84 33 62 93 64 90 -64 -30 49 39 13 83 75 -45 -57 -23 -69 -100 -12 -9 -13 -71 -15 -50 18 5 74 -60 91 94 -19 -62 -74 48 -25 -29 54 -44 95 -22 40 -80 -56 94 -53 40 -67 55 58 -80 30 38 37 -46 45 92 -16 35 31 54 29 -34 -71 53 80 -89 82 -34 -84 -61 -56 -26 -54 85 71 -62 -75 -1 82 87 -40 12 -69 85 -81 -22 61 24 60 -84 -40 -83 -59 -34 64 -77 -70 89 70 30 9 -23 -88 -2 19 95 82 33 17 9 -59 -87 68 0 11 45 -46 0 -12 66 59 -65 -58 98 -18 5 -7 79 -42 -59 -37 85 -59 58 22 56 -83 24 89 -60 53 -34 -47 16 28 -33 92 -37 93 29 5
57 -69 15 68 89 86 13 -84 77 4 -45 51 -26 -5 -4 91 23 92 -83 -34 37 -64 -77 -2 -49 -31 -69 -3 -61 -53 28 55 -32 76 72 9 -37 70 -85 12 18 -40 2 -15 -59 15 7 -13 63 75 83 -1 74 -92 -93 -35 -13 26 30 -73 58 26 -19 88 -11 44 -74 -29 38 36 -12 -80 -62 -10 23 -51 42 -26 56 67 -76 -31 -30 -64 13 -48 89 52 99 36 -38 60 19 -32 -28 52 99 -52 73 -14 -56 29 -92 -93 65 39 70 50 -99 91 63 73 -42 13 18 41 -26 -76 84 48 42 4 28 -59 52 40 -72 18 -63 73 -51 -50 79 88 54 73 70 93 -61 -34 -53 59 -82 65 -33 -54 -9 -58 -69 71 -32 3 87 85 -78 -33 -10 -81 -62 57 29 -66 -48 -84 -31 3 36 46 -44 59 -5 35 -52 8 -7 -83 41 36 56 -64 -90 28 12 33 -62 61 -31 30 96 -100 -86 72 17 12 -58 -79 59 -63 30 49 -76 90 24 -75 19 87 99 38 -24 14 -69 -84 -62 61 -54 94 -43 -65 -35 -26 36 73 60 25 8 64 -48 -15 -23 97 85 65 -90 2 -40 7 -5 -52 15 -81 30 -10 44 99 68 9 -34 96 -17 0
98 -10 -38 -57 -79 -43 -1 -61 60 5 90 86 58 -38 17 -94 99 -14 75 66 34 19 32 59 42 33 27 -67 93 15 -18 -85 -46 -58 24 7 19 -90 100 -78 33 -8 96 -91 76 -56 -90 -61 -81 37 -30 67 -5 71 -42 60 -53 23 6 13 -86 64 13 69 -99 6 97 -73 76 -45 65 53 85 -74 -44 2 -39 54 -42 -14 50 15 97 -21 -68 -57 66 44 100 -7 -33 -2 53 -94 -88 68 69 -85 99 100 85 62 -75 -17 -32 -64 -36 -26 82 68 -56 -15 86 57 -40 43 -89 34 8 52 -29 11 88 80 33 85 34 39 54 -82 72 -35 9 -81 39 86 95 -41 -45 7 75 76 -78 -21 0 63 -47 42 5 49 -31 64 -36 -19 -73 -66 38 14 31 -84 5 -73 88 -27 27 92 -22 28 -48 -51 30 53 97 38 -89 -48 -13 -47 10 -72 82 -26 -8 48 -77 42 -41 -27 87 -50 -96 73 77 90 5 97 -8 -83 30 37 -88 17 70 -25 46 -61 19 -92 -24 12 41 52 20 -23 -57 -73 52 -93 -33 -75 32 -83 42 60 -43 16 -96 -44 -16 52 -66 67 -38 87 -13 10 80 0 84 -30 -60 -70 -89 3 -40 -33 14 -22 -12 -60
50 -59 48 89 17 -76 89 -51 52 -46 99 27 -63 2 -23 -25 20 29 88 -24 -83 43 78 31 2 -83 87 88 -82 84 -12 95 -64 10 73 -59 55 42 45 51 -29 -46 -29 -4 65 -80 19 15 -93 73 95 39 69 21 62 51 -75 36 -21 39 33 -81 17 69 -100 -94 13 65 63 89 38 -89 -72 19 -21 75 67 5 83 -79 -77 -91 -17 11 -54 -6 -53 57 -22 25 -88 -3 -80 24 -69 92 25 39 77 13 53 -30 -24 82 -67 100 -35 -49 27 45 54 21 -32 -75 4 24 38 18 81 -81 -61 -8 -17 -88 -47 -69 -57 -22 25 68 -79 -4 -14 94 -68 -7 95 79 24 -1 76 10 65 -1 -72 51 10 -21 33 -95 -92 -20 -16 54 82 30 13 -61 -29 93 -7 -65 -13 19 57 70 90 -48 -36 34 37 31 -74 -27 -21 -31 80 -19 -99 7 -61 -12 -34 -75 95 -40 -48 7 -10 -72 -92 -23 83 37 -98 90 47 -100 -95 65 -27 -64 13 48 45 -18 -24 -16 -12 34 -57 1 50 29 -80 -83 -38 -95 54 -93 -97 28 -51 -38 1 -49 -46 78 42 -35 25 46 36 15 -50 -80 -59 0 91 -94 4 42 -64 73 60 17 29 97 -70 9
-86 66 15 -9 60 -39 44 28 37 24 89 -17 -20 -49 -91 -85 1 61 -9 17 -80 -66 88 -86 -22 -64 78 -81 -91 -85 -87 100 -74 -55 -7 79 21 -81 -18 -91 -90 14 71 31 -79 73 -15 52 -32 58 70 20 -68 6 -45 -5 -94 28 43 -42 14 67 46 -30 -48 -9 67 -42 9 16 48 52 52 -73 -71 83 -10 -30 37 85 -40 88 31 75 72 -19 50 28 -85 -41 96 56 -15 1 -39 -35 -92 -15 14 -75 72 70 63 55 -99 -78 61 -70 15 -78 49 -49 55 41 59 13 89 80 74 -40 7 43 19 28 35 12 -58 6 76 28 83 3 -94 81 -26 78 11 96 89 -93 -23 76 76 46 88 -96 18 33 -32 40 -13 -82 -21 82 75 5 -10 17 -96 -9 -22 -99 -36 7 29 -67 43 -92 48 -28 64 10 -59 9 91 -36 -87 -70 26 70 -75 -73 -59 -84 14 31 -46 38 92 -71 -56 6 42 58 27 64 -91 93 -28 -81 -62 -46 91 -86 37 93 -53 -92 -29 96 -20 -17 7 95 76 -1 -97 23 -79 -20 -67 98 84 6 -51 -82 9 74 37 36 -16 13 26 71 2 50 -13 -73 -14 55 -18 55 81 20 100 -73 0 -94 20 29
44 15 -19 -1 94 -15 39 -13 -96 -69 -88 -69 36 82 59 97 85 69 -71 36 85 -64 15 -6 -18 -22 -24 -100 71 26 -64 -24 -55 97 -27 -4 -71 57 -77 60 -83 8 -30 19 20 -73 46 -97 66 41 -24 54 41 49 4 43 47 6 38 -14 48 76 77 -50 -64 46 75 22 -98 -97 79 -42 60 38 -62 -24 31 -32 92 18 26 -75 -81 45 26 -1 -16 97 -70 -58 -44 78 -6 38 -64 -32 12 36 -11 63 47 -60 -63 -64 -60 91 -35 -50 45 41 -59 -69 65 38 9 16 -12 4 -32 95 65 -66 -33 -89 41 96 -57 -94 19 -5 30 -79 96 -26 -79 37 25 75 -28 -81 -35 46 -32 41 -18 -31 -100 -98 -63 81 -52 -5 -86 10 37 -51 -62 74 -6 -28 94 -49 26 23 -57 51 45 -36 -12 49 -90 -99 -22 84 24 90 -51 92 -9 -49 98 -16 -12 -100 37 -30 89 -70 71 2 -11 -94 31 41 -79 -73 -91 49 67 85 83 -31 -5 -39 67 50 -94 65 11 1 -20 -72 10 -62 16 -15 80 -56 -50 -25 -61 79 9 33 92 -90 -95 -49 -47 -48 50 -88 36 64 -80 -18 47 -87 93 12 -22 52 82 18 15 -62 -37 9 -46 57
31 86 -32 48 -86 91 5 55 88 32 -56 17 26 -41 -48 11 -13 -50 -16 90 -54 33 -5 -64 -37 45 95 -17 69 57 -70 73 -31 98 69 29 -32 -36 -86 -58 -97 26 -34 -39 43 -4 -98 -48 -32 40 -76 -85 -19 13 66 -15 49 13 -6 -30 -55 -66 -84 -17 -22 54 70 17 -78 -93 -92 22 28 61 22 59 17 -17 -54 31 30 89 83 97 -68 95 9 89 -52 -1 -1 -85 -63 -86 58 36 37 -26 -95 59 7 -72 -41 -16 -45 54 -81 94 -8 0 11 69 -91 41 66 42 86 -8 -68 -19 79 62 -5 -93 -78 -1 6 80 -92 45 97 -35 75 70 -94 -35 87 -58 29 6 91 49 5 -82 89 87 62 -82 -76 21 83 -27 90 77 12 73 -5 -22 -4 92 -1 59 -68 -32 40 -43 -21 -99 -88 -3 -45 -54 63 31 -20 -88 100 63 -5 35 65 -66 73 82 79 21 -74 -53 -27 -72 52 -4 35 -54 -62 24 -90 42 52 -100 -90 -83 -57 65 7 27 40 58 -99 -96 -70 96 -61 10 -47 88 -29 71 -29 -66 28 23 -9 42 -63 98 -14 -67 -16 70 24 -80 -14 -29 -66 24 -88 16 -59 -18 53 82 -3 70 8 -45 -6 55 -44 38
35 51 39 21 -62 71 84 10 44 86 -73 -49 9 83 -99 12 65 60 39 74 47 27 -16 50 -24 56 -36 -85 57 -6 91 78 78 40 -24 -4 8 76 44 -37 18 -98 66 -39 -83 12 36 24 -2 8 -89 -98 5 -27 13 18 -68 -93 -99 3 -44 -12 -57 80 85 -31 63 54 99 -55 57 -20 41 -8 60 -28 49 6 -67 74 37 -51 49 40 100 33 -32 2 99 1 93 -60 41 -53 32 -55 71 -74 8 39 -99 -44 -76 -47 18 83 82 71 9 32 -17 -68 -40 -56 96 -97 2 10 15 54 36 56 -50 -87 39 -76 19 6 53 -71 81 14 13 -60 53 1 -83 -62 -10 -83 -31 93 -67 -36 -36 -46 1 3 -84 -56 -66 -5 -4 -92 -65 -96 35 -82 26 15 -24 -53 13 2 98 33 16 58 76 -85 25 7 71 -66 36 69 92 76 -44 -24 -76 -38 100 -46 78 29 93 -11 -35 -48 28 -73 66 80 75 -22 -47 -18 59 -22 34 -38 -36 -24 2 -99 -87 6 -14 16 45 90 10 2 -46 13 -76 -47 38 82 -58 59 -99 5 3 34 -52 51 80 53 -83 81 93 -24 -87 6 -27 79 -6 64 -72 59 20 21 53 -77 41 6 72 -72
-90 72 -46 57 14 89 -90 70 -41 85 30 -39 37 -4 -41 -62 86 65 79 -49 27 -11 -59 91 38 -62 -13 58 31 -22 -8 -17 -28 93 89 -15 37 25 -15 92 68 51 95 -63 -50 99 -40 18 77 -71 37 -11 2 -98 6 61 -31 -86 13 -76 23 55 -88 14 -46 -34 84 22 53 -66 53 74 68 -12 38 -43 -62 -56 -44 -1 -31 -13 -33 86 -59 -49 26 23 14 11 -61 13 52 63 40 81 40 54 -85 -54 7 -38 -29 99 -27 74 95 71 23 40 27 77 1 -77 -2 98 -27 -28 -47 19 62 42 20 -37 88 -38 -9 79 60 43 65 -66 -99 65 35 -65 -17 22 -29 -31 49 -69 -90 -83 -23 -18 61 -48 -26 59 90 24 -63 -57 -17 -69 -91 -1 58 34 63 61 69 38 46 98 -1 -85 86 1 -16 64 -89 98 -74 -95 28 86 -75 55 -96 60 -45 55 -93 58 81 -70 -90 -27 35 61 -95 -26 -49 30 53 33 -52 37 -50 -86 18 -79 -16 -62 48 17 -33 -98 -39 100 -41 -16 39 -25 97 54 3 1 29 46 -35 55 -10 93 -17 -85 17 -1 22 40 -95 54 99 -37 -79 -41 -20 -67 65 -7 -87 -19 -1 4 78 1 -46 98
56 -63 -42 -11 76 16 17 -46 40 95 -70 -40 81 -51 -41 66 61 86 -10 16 -24 68 -89 17 96 24 77 74 86 58 7 11 -32 -4 64 -52 38 -85 -11 -74 20 95 -22 13 82 6 51 -23 -10 81 -29 -60 -58 87 -64 58 54 34 69 18 6 48 43 -47 29 -7 15 -92 -3 83 86 -3 -9 -9 -74 91 -32 19 -72 -52 10 -87 -85 -20 -83 -11 71 -50 26 33 -79 -12 74 -72 36 -6 73 0 11 -51 -68 95 65 93 24 -24 -13 -32 81 86 22 41 -30 -43 -62 15 -18 -14 -15 -89 13 2 -7 8 -34 -81 -80 13 44 -3 18 -79 -77 52 -61 17 24 -91 93 -63 29 94 -87 93 -80 -61 -99 61 45 -34 -80 -79 -14 -65 -87 -7 -73 -73 51 31 45 -79 40 -97 -13 79 -20 26 -13 30 46 -65 -24 56 18 -38 6 -5 72 50 -100 -48 82 -1 36 -50 -22 -96 -82 2 5 10 -16 -88 -83 -44 -51 94 -80 -6 -18 99 -65 42 -22 -54 -82 -77 -42 -71 94 65 -100 10 -54 84 78 -61 -15 -29 -88 -96 -59 55 40 10 88 -26 85 22 59 25 22 67 5 -74 -18 21 -12 -78 -49 75 -34 -72 30 100 -61 -22 -27 10
34 -68 -16 21 -78 -21 36 100 91 -11 -9 62 -29 -100 48 70 79 88 90 25 13 -75 -75 -41 68 40 8 5 -79 88 60 -92 97 79 55 61 -15 -33 46 47 -19 31 -61 42 29 -25 -88 -19 25 -24 8 -19 30 56 15 28 94 -56 5 66 55 -6 77 -35 -73 67 88 -89 89 14 21 59 37 66 -5 -52 22 -54 51 -97 -4 -51 70 -98 6 54 76 -29 70 -11 97 -33 48 57 11 48 1 88 -1 -5 -99 -56 -97 31 2 -27 37 43 12 60 64 -18 -90 -52 13 -77 -40 -27 -64 -22 38 16 11 -84 -11 99 -31 21 5 40 -44 -10 -7 -80 97 -72 -10 -91 -91 -10 -78 65 67 19 67 -34 15 14 47 -80 54 72 -91 0 22 23 -44 38 -78 -7 97 23 83 90 10 67 93 82 28 91 -66 -3 -59 -95 31 61 -72 -74 -78 -4 -24 62 53 7 77 72 -31 -68 51 -85 -83 48 11 13 -89 -75 41 -28 79 34 84 -21 36 -32 38 -35 68 -74 -74 35 20 17 -91 -44 -22 -34 33 -21 63 -4 -23 46 -10 78 -17 51 36 -77 40 -15 -100 -31 75 91 -90 27 -63 31 -4 -45 22 19 5 -17 -10 87 -98 87 -8 -71
3 -40 45 -69 -35 -32 -48 -59 -16 -28 90 3 -22 -81 -72 52 -14 -51 25 41 65 1 -64 64 51 -55 -98 7 7 88 99 -36 -60 46 4 -88 27 -97 -82 -85 -46 -55 -90 47 -78 35 75 -54 -53 -74 -84 -54 -93 98 91 62 -89 -33 19 -85 -49 -100 -83 29 52 -49 35 32 -57 14 -6 -96 26 -63 48 -54 -19 -25 -69 35 -91 -46 98 24 75 80 90 51 -15 8 -57 26 60 42 -74 42 8 -51 32 39 -48 32 -73 -84 4 41 -76 81 -39 -34 -21 -73 30 11 76 77 65 -42 88 -14 -71 -98 -41 96 -85 44 53 7 -86 -51 0 86 -18 -36 99 45 50 36 97 -64 -55 -25 -30 -88 68 65 -68 63 -13 6 40 77 63 -18 47 80 90 -77 -42 -23 13 -69 23 19 80 18 -16 -76 -80 61 -77 78 -29 -9 -36 48 -57 56 -39 40 -47 -89 44 44 -37 45 70 5 83 -18 30 24 -98 -27 42 87 -91 51 66 16 -70 -11 -41 -45 45 -88 78 61 93 44 84 47 -38 -62 70 -39 -62 -64 -2 -50 -28 33 11 -53 59 -55 -54 -48 -34 -81 -85 -92 -70 15 -47 -53 -92 -54 26 68 1 -15 15 43 -74 33 -23 -2 8 -95
73 -52 64 -30 -62 -10 -25 57 44 -26 -41 -17 -2 -91 -63 51 51 -27 17 -93 -96 -27 18 -89 -74 -93 -91 32 -58 52 -61 80 84 0 7 -78 -22 -89 76 -24 99 -2 99 92 32 5 33 -21 30 -14 -59 -85 -3 56 -63 -89 59 -93 -29 -23 10 -35 -51 47 3 -21 -4 -24 1 67 9 -40 56 27 -4 -23 -40 -99 -40 -94 2 94 66 35 49 -86 -86 84 26 28 50 24 -54 -49 86 -56 -98 -53 33 -98 -26 98 63 -40 72 82 52 78 -71 35 -11 64 -88 57 -33 57 -8 57 31 53 -99 -20 -11 87 -22 -93 64 6 -94 8 -41 77 79 -44 88 76 78 -23 30 80 -25 14 -59 29 -44 -2 83 38 -29 70 57 -39 91 -25 83 -30 -99 54 69 75 -12 56 12 -35 83 -88 72 89 67 9 -57 -46 81 39 83 -74 -57 -45 88 -80 -46 45 -10 18 18 45 53 24 -17 31 -74 51 -40 13 -5 -52 75 94 44 16 56 57 87 -17 -11 -59 -31 10 4 -39 91 -90 -5 -80 27 22 80 -5 -26 86 64 -2 4 -36 -80 -61 -91 -49 92 62 -52 -49 92 48 32 62 30 80 93 82 62 8 31 -73 74 10 -55 -66 -4 37
98 -95 69 -63 43 -96 47 5 -54 51 72 41 81 -9 -32 67 36 71 75 -64 42 17 -70 37 18 -89 -67 -55 35 -11 66 -70 88 -29 79 -53 -81 32 68 50 -22 93 30 -84 -65 68 68 -58 -60 -50 -47 -9 -58 18 32 -90 68 69 100 -13 95 53 85 -91 -26 -77 91 12 -6 59 -15 6 -32 42 46 91 -44 -48 33 34 -39 -32 53 4 -81 85 15 -17 -62 4 83 30 17 2 -47 -1 -39 66 -10 -98 -42 79 -49 5 84 -65 93 11 -7 36 90 -58 -86 81 96 -20 -95 -32 72 -37 47 -38 31 -52 -62 -81 -33 -6 50 -91 -71 12 -28 98 -69 -47 72 -44 62 -53 69 -89 -28 -61 -11 25 26 4 -40 78 17 21 3 77 -12 -61 -32 -19 14 -62 -91 6 5 51 -32 3 -72 -5 -73 -91 79 94 67 82 88 34 42 39 -42 19 0 -15 76 -47 64 -70 30 78 59 86 21 82 46 38 -50 46 33 67 -72 -27 17 -92 24 -9 92 64 9 -37 92 -11 -11 22 55 -3 85 -90 -70 97 -57 -10 -94 6 2 71 93 62 51 -28 36 43 -54 64 -72 -40 2 -100 -20 -48 -92 -6 52 85 -67 -72 -95 -21 -70 36 -2 -6
-96 -38 -42 72 -58 42 -89 59 -3 74 52 -10 -45 4 -93 78 16 -67 41 -16 -38 69 97 -56 62 71 59 -69 -36 -34 -83 -27 63 26 -55 -28 -65 -76 91 -83 56 -10 50 -67 -23 39 -13 -97 27 32 71 98 -99 99 91 -89 -77 -23 -72 -70 -70 -92 -17 8 -50 2 -51 35 -42 -34 -70 -79 91 33 99 -53 83 60 76 10 -9 20 -53 17 55 59 -22 -14 -48 42 -85 30 -83 -70 -23 98 64 3 45 87 7 -41 -79 100 -29 -7 40 -28 45 46 81 63 84 36 -24 -36 -7 -83 92 73 -26 -8 -63 77 -19 -73 25 -80 -74 60 56 13 -71 -42 -68 -82 92 -62 15 -70 -2 81 -24 -34 90 -58 -75 -64 -69 -63 29 -10 75 91 33 -53 -12 65 87 64 27 -63 -85 21 -73 77 -95 34 -32 87 18 -27 11 -13 -91 2 1 98 -73 -10 -96 -96 84 -15 -9 73 33 -76 -34 99 -75 -81 -90 -17 16 -72 -28 -61 -75 97 14 -35 27 -31 99 7 4 -87 34 -84 -90 -27 73 85 -22 88 16 -65 31 -87 -16 -46 8 -58 87 -26 -40 31 32 -50 -20 60 18 35 -76 -26 -23 88 78 -39 100 24 66 22 92 -67 16 8 5 -43
-44 -26 51 98 -47 -48 82 76 -40 -54 65 -23 -2 1 35 -26 -49 -34 -84 10 -27 -33 58 12 -31 15 11 98 35 -96 -18 39 38 52 -29 -63 -36 -96 -54 2 -36 -78 67 57 -83 44 86 -45 -97 -68 -52 -58 34 -3 -31 64 99 63 -97 -82 53 -99 15 -66 46 -20 30 -76 48 -99 -86 56 -67 -4 -58 -96 6 10 67 -48 -51 41 33 -72 -58 -40 -12 91 -80 87 75 -86 -31 -34 63 -84 6 45 38 -25 41 63 -10 -75 80 -87 -17 -53 -98 -22 56 -92 -54 78 -67 -91 90 3 39 21 73 11 -43 1 -94 44 34 31 48 56 47 48 64 55 79 25 39 46 62 -2 -6 -80 -30 -42 20 -79 -64 57 46 -59 -96 29 -96 59 -84 95 24 69 -19 -7 76 -7 -1 -44 -1 72 66 69 81 -69 35 6 2 -90 -40 -90 68 -86 97 -95 84 17 -64 70 88 -9 -68 -53 68 -20 -52 17 19 -78 83 5 25 -14 -67 81 -71 99 56 75 -23 -34 -34 97 4 -54 -94 -2 -23 43 36 -40 -84 -82 -15 -32 14 3 -30 97 12 64 37 -56 36 87 -48 92 -32 42 -78 98 -44 -92 -93 11 -40 -46 -55 14 -64 -55 81 -82 -3 93
-38 -4 -35 -26 55 -74 -28 23 -12 -60 -93 48 27 22 -80 -17 -66 62 67 4 -30 -47 -82 -88 -57 60 -68 55 -50 -82 86 -47 -32 34 36 45 93 63 78 -65 -96 37 68 53 -36 -25 -16 -55 -94 89 -55 49 -47 86 0 16 61 45 -69 -2 72 33 -28 -46 -7 20 -71 11 22 44 97 47 -17 -13 63 58 -77 83 87 -89 93 40 -86 -27 -14 44 -67 43 7 22 23 -48 29 2 -87 -46 -55 13 65 -38 -96 83 -85 9 74 -42 67 39 -29 19 -3 86 30 43 -4 -27 40 88 -72 37 -89 54 -71 31 -80 43 11 48 53 -86 -15 -69 -47 -99 -71 -11 4 -28 -4 31 54 67 50 -5 -43 -25 -15 99 -7 73 72 20 -88 44 35 -78 86 96 6 38 66 0 -98 -10 68 44 -42 -45 77 1 82 -4 -79 99 90 63 9 -75 -56 -45 -49 -47 18 100 65 -87 87 39 -28 -72 4 -3 -63 94 -85 71 -95 64 -12 -62 37 -47 50 -38 61 85 67 -96 -44 -26 -39 -91 -31 68 70 48 41 -96 -7 -61 -1 60 -79 -59 -31 -14 -91 18 15 -17 5 -20 52 48 -25 10 -9 65 -49 53 50 4 24 26 -20 26 -91 62 66 -81
54 -55 -100 -28 -65 -6 96 -15 -24 86 -84 72 96 3 -48 -42 -27 26 7 66 6 56 89 -33 -18 85 -59 -65 45 86 8 46 93 -17 -54 -11 -40 -69 86 78 37 17 83 -31 58 67 91 42 -33 -38 -62 11 -47 -83 -16 24 -43 -77 -43 -82 -85 -6 3 61 -66 40 8 -30 -48 -88 -83 -96 -23 -82 27 -75 -22 46 28 60 18 -86 -93 3 25 88 6 -1 12 -55 63 -5 6 -60 -90 -80 79 -44 -96 -59 -55 62 -16 5 49 57 55 -43 -3 3 -3 99 -2 92 -80 -12 -62 42 71 89 5 -33 50 -9 -51 49 14 -62 -65 13 -54 54 -36 -96 39 -4 -1 -93 -15 -96 62 -77 -85 15 83 94 85 -7 70 75 -91 -56 18 -53 -93 36 96 -48 -54 -40 73 12 -2 -84 -3 -100 97 -60 -17 -47 28 98 -81 12 24 92 -53 -94 -88 17 41 77 -70 76 -16 61 3 -35 24 -44 77 -82 -5 -52 39 -88 65 63 -30 -88 -54 100 -4 -52 -28 46 -64 -92 -88 -90 58 -36 18 60 -43 61 -1 -59 -18 7 42 54 25 97 -73 -34 27 79 -13 -39 81 89 100 -52 18 -80 41 -47 -39 51 17 45 -5 -28 77 -52 -52 94 86 62
-65 30 4 76 -98 -85 -15 -9 -56 15 83 24 72 2 -30 87 -67 -50 -4 30 -89 -93 -78 -8 54 68 86 45 -10 85 44 -87 -34 -65 -63 -96 -30 54 -24 58 93 -96 50 -90 88 40 -23 73 -27 19 32 -1 1 -99 84 -12 94 44 92 23 -45 -55 37 -98 94 45 33 -28 -34 -10 96 50 -38 -93 55 -53 -22 57 22 -13 33 89 49 -16 44 27 -50 -52 57 31 18 88 85 87 88 -23 23 -15 42 -64 41 -87 63 -57 -90 26 -17 -34 75 87 -72 56 15 -3 -59 58 74 -25 14 -13 -14 -86 46 0 -84 23 72 90 79 99 -47 87 -67 -76 73 -42 -80 -29 27 -31 40 17 96 -15 -36 94 -69 3 -5 -5 30 -81 22 -7 81 81 -46 82 -4 52 -49 21 36 73 -100 31 22 -14 89 7 -73 -91 31 -90 13 29 -28 75 -8 -83 85 84 -23 -34 99 17 -61 55 43 -70 44 -40 -96 60 82 -79 -14 -79 38 -18 74 71 -28 21 99 92 73 -98 -6 20 -64 -25 -75 -92 -70 68 39 -1 100 29 -78 -91 -96 90 73 -77 -52 -84 5 77 7 -82 -82 -6 -42 -87 42 -82 34 -24 -18 -87 39 78 -94 -76 -28 -19 20 2
-93 -73 61 -63 -27 24 6 -88 -64 40 16 47 54 -42 -96 -82 75 14 98 -14 88 3 63 -17 22 -43 91 87 23 23 -43 9 -21 10 56 -46 -62 81 -46 -7 94 44 2 28 -89 -100 20 -4 -98 -19 -81 -19 -85 -64 -87 47 -67 20 -88 96 -9 -53 -9 22 92 87 60 79 38 42 100 30 65 -75 -13 -72 63 78 94 -30 19 -35 -26 -94 -90 -96 11 -35 -89 -100 -62 -8 -74 -75 -30 -78 5 -35 9 12 84 28 -55 -56 49 -90 -71 91 -3 15 95 38 97 -51 -39 -84 58 92 -90 2 -82 -46 36 82 -62 100 86 -51 70 -4 92 78 25 94 64 -41 49 45 6 -28 -7 31 -2 -11 39 -19 -9 70 -45 67 61 86 36 -67 -17 27 8 -51 95 -5 52 35 -33 -69 -78 55 -2 42 35 57 86 51 -23 -84 -42 2 60 -53 9 36 92 -10 22 80 81 -29 88 24 98 88 -63 3 80 -6 43 -57 92 -64 -95 85 -36 45 46 -51 -92 63 -59 35 -82 -3 47 -28 -13 59 64 58 84 100 0 38 69 35 13 90 54 0 5 -53 -66 -79 83 22 -27 -74 -60 81 -78 77 -85 74 55 25 -49 12 -24 -89 -14 68 -52 82
65 -30 56 12 77 -81 -36 -52 -63 -45 -3 -67 21 -70 -98 -58 -27 5 45 29 46 73 38 -50 -47 36 -77 -100 -12 -61 -99 -94 4 -100 -91 -55 -42 29 66 -74 85 34 -8 37 30 -58 93 59 -100 12 52 -25 -28 -87 -5 29 9 66 -46 12 -41 27 -69 40 -11 -5 -28 -85 -15 12 80 51 26 -89 20 -30 16 -28 30 -87 47 -53 -100 77 28 -82 -91 -88 -49 78 36 -72 68 49 60 -9 -78 69 85 85 90 20 32 -8 -19 5 -41 29 -46 -32 47 -31 -2 65 -84 79 20 100 -100 -78 -14 -5 -23 -78 36 21 -29 72 56 43 41 -43 52 -3 18 -66 92 52 18 -74 0 -44 82 28 -8 -79 66 33 5 26 -92 -71 22 -73 -73 -36 -54 -31 -21 -69 -39 76 -80 47 71 -71 -22 -58 -31 -1 87 60 19 -25 -93 -87 -44 31 50 -75 71 -45 -88 -76 59 96 -47 35 76 31 84 75 17 -44 -19 8 -4 -17 -46 26 0 -78 -47 -87 66 97 83 65 -47 56 -32 -52 -4 -26 -17 10 85 -43 -46 -58 -84 3 63 83 -76 -97 4 68 -32 -30 84 -87 57 -69 -69 -82 5 -25 90 48 -28 19 1 -54 5 -83 -94 28 -17 -28
-35 -9 96 -23 47 11 85 20 79 -33 54 91 -13 -51 -35 51 -66 59 -1 60 -18 43 90 21 -18 2 84 -17 -74 -86 -18 -61 31 -65 15 49 -84 22 -34 52 50 -22 62 -36 52 -99 -74 -92 54 90 86 -50 -28 -97 11 -78 32 -19 99 21 95 11 66 63 -48 -55 2 -3 -33 62 -8 23 -6 72 -17 -72 -95 41 71 28 -1 29 9 -58 39 95 -37 41 16 51 -26 -84 -78 -51 56 -60 86 45 23 29 69 69 91 -93 -43 95 -12 -10 -50 -70 43 -70 -17 -32 0 -63 -27 -1 57 99 92 -47 -97 82 -94 69 70 28 11 24 -96 -69 47 65 -26 84 -9 -99 51 12 -37 14 12 69 -59 -36 -99 32 43 -42 -18 -31 -21 30 -53 -5 83 87 98 -35 -36 93 41 99 27 7 -84 -31 -76 92 -77 -2 -60 -32 -43 79 9 77 16 53 -37 94 26 59 49 -27 -3 -28 43 85 50 -87 -5 53 -19 63 -39 19 7 20 -11 -30 -71 9 -31 -39 -70 68 -55 35 -39 4 44 -43 38 -65 -74 88 -89 -58 55 33 100 10 48 -85 32 36 14 -85 33 -3 44 22 34 90 -31 -71 69 -35 4 -30 -86 14 -3 16 -52 91 -90 -72
-85 99 -48 6 84 39 -1 -21 97 8 -76 -88 21 -68 9 95 -98 -46 -79 -91 -9 -88 -61 12 39 -32 -19 -51 19 -21 -83 -32 -63 14 -72 -2 86 74 -59 11 23 -99 -50 90 -17 -69 -73 -5 -35 85 6 -94 39 -52 -36 79 -64 91 100 40 -32 48 13 -54 77 35 -56 -82 -3 -91 3 -28 -10 43 -65 67 99 -82 -17 -28 30 55 -39 -81 -40 -65 75 -82 -55 64 84 -60 84 -64 0 93 74 29 -77 -55 13 36 58 -86 -45 40 -14 60 -61 -72 8 16 73 -95 -88 91 -19 -96 -9 53 -92 95 -70 64 -59 74 68 95 -47 75 8 -11 -83 70 -12 -84 -10 -64 31 -17 11 9 57 77 29 -45 11 -85 77 -68 -63 -88 17 67 100 -83 89 28 -4 -20 93 -13 88 39 87 -12 33 85 34 83 -25 50 91 -51 -81 0 -12 -3 -76 83 66 -58 51 96 25 -92 -72 -59 -9 2 -87 -44 -58 -75 -2 -67 36 13 -74 -51 -10 -49 -4 -50 -5 89 22 75 -58 -84 -96 -58 -81 17 91 -56 73 49 71 96 -62 -2 -78 -71 -89 -56 84 94 -19 -88 -5 58 -30 15 -9 77 -43 -100 43 100 -98 23 39 26 -43 80 16 0 -13 89
-9 87 77 45 24 -85 -31 42 -7 -71 99 -42 -11 -21 -88 -77 96 75 43 26 -59 -24 -21 85 32 -16 -45 85 -68 -17 66 83 -56 -78 80 95 78 -71 74 -97 4 54 85 11 75 82 -86 26 21 -23 40 66 -98 85 -5 48 70 -40 80 93 94 -68 -62 -26 -62 16 83 -40 -91 -52 -86 84 -58 -80 -14 -11 3 56 36 -21 19 -39 21 -33 11 79 70 -42 -35 97 -21 77 -6 61 -34 -5 27 -29 17 -68 -48 -23 63 -16 43 27 -72 -97 68 -96 -90 -25 54 75 54 -31 15 -12 -8 23 74 64 -81 80 -44 83 59 68 -90 39 100 -16 -46 -33 -87 24 66 -79 83 -15 81 68 95 -46 -74 56 21 40 54 48 100 -60 -96 -18 -32 77 -26 -31 93 -37 93 -1 -86 -55 100 -35 94 -36 -54 73 -53 -19 59 31 70 83 96 85 52 -61 -39 43 -18 -59 17 34 94 79 -69 50 -92 -12 -27 50 -33 -34 34 48 69 45 79 -26 76 -24 -21 -94 -82 84 24 -15 43 61 -52 72 -17 9 64 -95 36 90 -53 -54 -9 -7 -36 -10 -87 38 -4 42 41 63 63 93 94 -8 89 -49 59 68 38 2 -96 85 -41 47 -76 70 82 1
45 47 -3 -3 -100 69 73 55 -7 66 -61 8 -5 64 61 28 -65 69 35 86 28 52 -7 -26 100 -28 36 72 -82 -53 9 82 -28 38 -58 53 -48 -87 2 -75 6 19 15 40 -24 2 -94 -18 -12 5 16 -47 -91 99 60 52 51 -53 -39 21 -51 -79 94 89 -91 72 72 -44 43 95 38 -93 54 -40 -13 -56 -36 -84 16 -26 -43 -78 -3 23 61 -98 1 68 -21 -55 -80 54 -44 50 7 19 21 -62 37 28 11 29 -4 27 -26 -96 44 32 36 -3 -95 -47 68 -41 56 -49 -85 -92 7 -77 -80 -50 -16 46 -99 -81 -32 -71 -16 -50 88 26 94 -3 -29 92 77 -60 -16 -97 -100 -98 -13 -80 8 85 91 -88 -36 2 -73 -48 94 24 -83 -77 -5 0 -56 94 -92 -81 51 63 19 41 88 58 -5 -41 79 38 -31 -99 71 2 68 22 22 36 67 -42 89 -58 -10 22 38 -71 -13 27 -81 -23 -31 -91 -15 18 1 25 -15 -41 -91 83 -43 -61 9 55 91 -69 -72 -3 36 98 -78 37 56 68 49 41 60 21 12 -97 92 -26 -66 47 66 -77 -93 -93 13 75 -70 89 74 93 -98 -37 -80 7 -92 20 -24 34 -81 -20 -53 -92 1 41
56 -56 3 93 19 78 29 -74 91 -97 -48 37 -2 -48 -14 -29 -39 -63 -62 -14 -40 14 -26 -11 -70 -46 -6 41 55 49 -34 -34 -91 14 -97 -36 -17 -5 7 55 81 -95 -57 -80 -54 -93 89 -14 92 -20 -41 -53 55 100 100 -46 88 -16 -14 46 -45 0 -68 81 98 88 -22 37 76 -63 -12 -81 -16 90 -89 -12 -8 29 -82 67 -5 -22 -89 12 -48 -13 57 24 -34 -74 24 72 -25 24 59 -2 -32 -35 -55 -7 37 34 -85 83 -40 15 -26 -48 67 -87 -21 97 -57 -67 -80 49 -8 -29 92 55 -88 68 66 89 48 -17 87 19 31 -92 -81 59 -36 -49 22 -55 93 41 -53 -25 83 -69 12 -71 46 45 -10 33 -86 81 9 80 25 45 -36 32 78 61 -96 54 -55 -94 -99 -15 62 56 12 51 -12 -45 -77 -35 3 -7 26 70 52 -79 28 29 15 -3 -33 -66 55 83 19 -66 -4 47 -59 24 -1 -44 20 -21 21 26 58 -56 98 -36 38 -2 8 80 7 20 -2 69 -67 56 -51 68 48 -32 13 -53 -14 -31 32 -49 -27 -85 90 83 -91 -27 31 94 63 -98 -29 62 30 -56 -47 77 59 30 15 -79 25 -29 21 -77 -68 34 -36 72
58 28 87 48 3 -5 13 -92 -33 68 -48 36 -61 17 84 -92 81 55 75 -63 67 42 -54 53 -9 -92 87 -96 39 -8 3 -6 94 97 -8 28 86 -96 -87 -23 -60 6 -27 37 71 6 40 -70 50 -9 -9 81 63 34 29 63 -13 -27 -34 33 -58 -92 13 -60 8 -11 83 50 0 69 -45 -52 73 -81 -24 92 -82 -9 -61 54 22 -49 29 13 -46 -47 74 13 -77 20 22 76 27 19 56 -100 -56 95 -54 45 26 83 -93 -77 -59 -93 -69 27 42 1 -85 -96 7 12 18 88 -9 99 -83 -20 -5 -15 -41 -74 -40 -34 55 25 10 29 -11 77 90 72 53 34 -69 -11 -78 100 40 29 -12 50 22 -50 67 -12 -78 -77 63 90 -76 93 -37 46 63 24 -99 46 -18 34 -38 -14 -98 23 52 -89 -16 -19 -15 -75 -93 -10 -92 -74 92 29 5 -13 81 -90 -1 85 4 35 -2 -59 -82 -66 -64 94 13 77 38 -92 77 -34 70 17 -5 -69 -6 1 1 35 39 -46 -8 -46 -8 -1 -8 -61 -14 -100 -41 -21 64 69 -35 93 -69 -68 -69 -74 50 -54 37 5 -98 -68 43 -84 -4 57 35 -13 -88 98 77 -54 56 51 86 48 11 38 -38 91
73 -93 -22 96 -25 -80 35 -56 100 -36 41 -38 98 -6 -35 68 2 -92 69 92 38 14 71 87 -73 60 -42 31 47 33 60 8 56 36 -73 -85 34 60 77 -60 60 65 92 -53 -44 19 -45 -51 28 -62 -43 -6 -90 87 100 16 -29 74 -7 -6 -44 -16 -38 -50 -60 -53 -13 -21 -67 80 64 -79 65 -89 -30 -62 -33 -26 91 58 -42 -38 -36 70 -64 -62 94 -14 -15 79 27 -12 -20 -88 -5 -84 42 -93 -37 93 41 -68 64 -28 -87 -33 47 -28 -31 7 61 9 80 -65 -98 -76 -22 -15 78 -11 45 -15 -71 31 38 39 31 -3 -51 13 -47 -10 -18 -52 -54 46 -56 -56 41 -51 54 45 -63 12 -3 -86 -68 15 72 86 55 -16 -5 -77 71 -60 12 -80 84 65 13 -34 59 93 -51 4 -7 -33 -18 9 -60 -10 -14 -61 92 65 -19 -12 52 72 32 6 -89 -13 -37 -85 -67 -29 29 -91 -6 5 -64 -81 19 -99 -1 -70 61 -74 40 -9 64 79 80 -68 90 -72 62 55 -78 -43 55 -84 53 -43 61 21 87 -31 -71 -13 40 -31 10 31 -89 23 50 66 94 -95 44 29 -83 52 -98 46 -99 -61 32 -55 18 -66 -59 -91 -2 -29 22 24
41 79 77 61 83 6 61 77 -96 92 -94 98 -2 -80 100 20 35 97 -51 43 40 50 -15 17 36 67 -3 55 42 78 -53 27 32 -68 -88 -11 99 30 -26 39 -84 -29 50 37 -94 -33 -79 -5 88 70 -98 3 -80 -88 29 78 -33 -45 49 -82 -25 62 94 -39 23 -30 12 -28 -11 -52 78 21 91 -16 -96 -13 -56 -44 -90 -69 -25 -28 -1 24 -82 -87 13 -34 100 -38 65 63 -72 -24 93 15 86 46 22 -1 -90 9 25 -3 19 8 -55 39 16 39 -82 90 -45 -43 -94 -65 -76 25 100 -95 99 8 -15 7 14 73 10 85 37 39 -84 -16 -30 74 -10 33 25 13 61 18 34 -61 -71 80 2 12 13 69 -68 -87 53 76 33 79 61 -32 -11 97 2 46 91 -99 -64 5 -23 0 -38 -2 40 -54 -3 25 87 62 19 88 33 85 -56 11 -57 -73 -98 -64 -9 -65 -52 37 54 -83 -43 0 -82 -59 22 28 77 32 77 76 23 -87 -38 -26 63 -80 31 -66 29 3 -31 22 -67 86 29 99 -50 -20 -58 -50 -24 33 -9 -54 66 -28 -81 -90 -59 98 -22 74 54 -60 81 17 -34 46 40 72 -34 -19 66 4 -72 -39 -17 10 25 47
1 55 -53 53 53 -74 50 -27 40 6 89 -57 -56 83 61 13 37 33 56 62 94 68 -93 22 86 42 -56 -73 67 -64 6 -20 -84 -100 -34 27 8 61 -16 41 -93 -93 18 -5 -67 -53 -74 31 80 37 70 -95 12 -62 95 -29 90 9 -14 -91 -65 5 -83 -71 96 -70 73 -56 40 -45 5 67 -2 -9 -97 91 -43 -60 23 87 80 41 83 73 61 -69 11 -86 -60 62 60 10 100 -71 -92 -97 -11 22 -75 -9 66 -87 60 89 -46 -64 -59 13 92 20 -91 31 -46 -39 -83 79 -83 89 7 -38 97 31 58 64 8 -83 -83 -91 19 8 -93 -11 28 -79 99 63 -16 -19 35 86 -21 -65 1 -18 40 75 0 -38 55 -95 -58 -66 -93 41 -5 -95 -76 -11 -82 -45 -69 82 87 55 70 -34 -7 0 -60 -10 -57 93 27 0 -37 15 90 -46 -56 -10 43 71 4 -14 -45 -98 -45 -7 20 -75 -75 65 5 -69 47 -30 86 85 33 92 77 14 -22 -28 72 83 -99 -51 -26 15 37 -99 -99 84 95 -49 58 71 72 59 29 52 54 -65 6 47 -78 -26 19 80 -52 74 99 14 44 25 -78 16 96 -98 -86 -99 -32 -6 -90 40 95 -17 80 5
35 -68 8 5 13 61 87 -56 70 34 91 -100 -26 -69 -8 -85 -34 56 -2 -55 31 11 87 -27 -19 -83 77 -85 -24 25 54 47 32 -14 -95 -18 12 -92 -37 -97 -37 -16 33 20 -34 -67 66 3 -26 18 -89 1 31 -41 -56 -99 8 -100 31 -96 74 -1 -9 -99 68 72 41 42 -30 -81 45 -76 -45 38 84 29 -31 80 49 -12 26 88 15 -24 -30 92 -88 -90 90 14 -76 -29 15 44 74 -19 85 94 20 91 -46 17 -8 81 -42 -1 -19 26 -4 -27 27 43 -99 87 -87 -4 53 91 -20 -28 -87 82 -70 -3 29 80 66 -95 4 43 34 99 23 71 -51 -90 26 -39 -47 -22 67 -64 -12 -41 -52 -70 -41 12 79 43 -36 45 15 15 -91 -51 44 -64 50 -93 39 -27 60 10 81 -79 88 34 1 75 -70 79 -25 -24 -10 -56 -46 -94 83 49 -15 78 58 -43 -12 -27 -68 40 -2 -63 -94 -34 37 -31 -26 75 19 -39 -71 80 -68 43 52 -90 14 95 -58 -57 -32 -91 -71 73 65 28 -71 97 61 68 78 -95 97 -95 92 -88 -59 83 -93 -5 -30 2 96 -71 -96 86 16 -31 -17 1 -31 -95 60 -12 85 86 18 -34 83 17 -1 76
-72 -37 -65 -77 65 -100 -24 -81 20 35 33 56 -41 -60 -18 -20 -76 100 66 -52 -15 75 21 -4 -38 56 85 -41 -9 42 81 30 -82 57 -23 42 98 56 42 -49 -68 60 -72 38 5 -1 -74 -26 99 79 11 51 -55 -84 -38 -31 -24 68 -24 -67 80 -72 -9 53 56 76 84 3 -46 -31 -49 -43 9 -45 -90 44 -41 -49 34 -40 12 -40 98 55 57 90 -90 18 -63 -97 -7 -8 -100 -31 95 5 68 -2 -12 89 -13 -20 32 22 -18 86 -33 10 -78 -23 64 -50 88 100 -16 -59 62 37 54 67 25 -13 81 -81 20 10 -5 100 98 -64 -70 39 0 55 45 -64 -5 88 -1 54 -70 -25 84 -14 -54 -30 -40 -96 -73 -58 25 40 56 -84 -98 -44 49 29 -4 -44 51 89 42 18 -63 73 -9 -72 47 -52 -3 96 -57 -52 75 31 -8 -86 -25 74 73 -26 94 61 -13 36 -95 4 -62 -31 -42 -22 68 -54 -12 91 70 96 -20 26 30 -18 -79 -53 21 -1 23 37 85 3 90 0 61 54 -50 -83 -1 -65 -60 67 -60 -49 6 94 70 79 -55 -91 -47 -27 -14 -17 -71 61 54 46 8 -38 54 -40 -40 -47 26 86 22 96 -91 51 -74 6
-30 -41 -83 -16 36 -59 -6 27 92 27 66 -58 -32 88 -20 -76 21 -82 -41 -34 -39 -63 -14 -89 -18 3 -87 27 45 90 -56 39 67 76 60 64 71 49 65 80 -92 67 39 -54 84 -3 -65 30 86 -30 75 -68 33 36 94 -15 -4 67 -47 -26 -57 -58 95 28 3 -61 -29 -95 -46 -17 -86 11 -79 -32 5 66 -52 -77 -40 -94 42 42 -62 -29 51 -49 27 -46 -62 89 -24 -24 10 67 -17 82 -52 -20 -76 100 6 -11 18 23 20 32 -29 75 -47 73 -88 22 -87 -4 -62 52 21 19 -44 -98 -88 -60 69 -2 -49 6 81 61 -95 -6 -20 -53 -25 -91 13 89 -80 13 33 100 -68 43 -48 15 -25 -13 -100 54 -5 67 75 54 -48 75 -35 2 98 -72 91 -47 62 11 51 26 39 -26 61 33 67 -78 -62 43 33 43 -85 -78 -51 -36 -30 -50 -44 -42 -1 7 19 -52 -11 86 -14 30 -88 -38 -33 -22 -66 40 53 -71 -31 -76 35 61 -56 51 8 2 -6 78 75 28 -71 79 26 -65 -95 -87 47 -13 73 80 78 -69 81 40 88 42 -82 12 -17 100 62 -2 -10 75 1 26 -57 43 27 100 22 46 51 -52 21 16 67 70 50 18
48 24 -62 15 59 -83 -72 38 54 75 88 76 -29 -77 15 -42 9 -56 78 -5 -77 78 84 58 57 75 -16 -77 52 60 21 89 54 -49 -85 2 -46 61 52 -61 99 -65 -20 57 87 96 -67 91 -94 -10 -57 -76 35 -64 95 30 62 82 -65 -66 61 -31 -40 20 -32 -56 -42 95 67 -19 52 -36 -84 -82 77 -49 20 -26 -75 0 69 80 14 -10 -96 80 80 -57 -91 58 67 -15 32 -17 -4 -63 -10 -81 -88 -1 -39 87 42 63 15 -44 -17 76 -87 86 -3 -83 81 -81 -30 78 5 43 96 -64 -74 -64 -10 74 -49 23 -83 -22 -62 -81 77 82 -17 -64 7 -10 -71 96 -40 -24 -91 48 5 -1 -34 -46 -89 36 18 -37 -64 37 33 -44 18 89 -42 -23 -2 20 8 -91 98 70 -80 35 73 -58 -53 32 -58 25 23 41 -47 98 -19 -16 22 -29 18 -51 4 61 70 -17 85 60 64 -28 -65 12 22 58 92 82 100 75 48 19 -86 78 24 -65 -10 24 64 -82 -92 -26 -35 53 28 -34 31 -19 11 -3 81 46 59 61 57 27 -23 26 49 15 -94 31 67 -89 -36 -72 -68 67 26 -1 70 89 -32 -69 -18 -42 31 -91 -27 67 -96 17
-16 76 -22 71 -74 69 42 -76 88 89 89 -43 -58 52 56 -58 -67 -30 -39 -5 3 -7 71 75 71 -80 64 37 99 95 -94 3 -7 -4 62 60 -70 72 -23 -17 69 -62 -75 -73 10 -64 88 69 33 63 28 -48 -38 36 -29 -5 -13 -51 25 -54 -81 27 -23 22 76 26 -2 -6 19 93 100 57 -27 77 57 -85 97 78 31 -44 -31 4 15 -20 100 85 -26 -97 5 -75 17 63 56 -47 38 -62 -32 18 51 58 41 -20 -55 -77 37 45 -11 -8 23 7 61 -27 0 76 -23 -16 -25 -8 91 -37 -81 -51 -16 -5 -57 51 57 15 17 -85 66 30 -16 -22 21 -48 -92 75 -74 34 24 -95 65 43 -19 -81 4 -15 -24 -56 41 7 -85 73 -58 -70 -95 -13 92 72 28 -66 8 31 -4 53 -79 -100 -41 72 63 -97 24 66 -92 38 58 55 -92 -39 79 69 51 4 -9 -80 -71 70 -52 33 -100 18 43 -54 77 46 45 -63 -17 -48 53 59 97 68 -29 -1 -95 46 -93 -100 -10 -21 -46 -50 -93 35 -7 -38 6 33 -26 -53 0 -9 -14 62 -34 -95 -52 38 87 90 90 83 81 -4 36 -20 7 8 38 -10 0 12 2 -52 -63 -59 -50 54
-92 8 -90 -13 31 33 31 86 -85 -75 29 25 98 -90 -97 -38 -15 -37 -70 -69 34 20 44 13 -13 40 -90 68 83 -64 0 -10 -34 71 12 -22 2 -82 -29 -40 -97 -89 79 -33 28 41 -15 -5 -7 -92 -58 47 49 -62 21 -86 63 66 -38 -33 20 -74 51 -62 81 40 75 88 41 -27 55 96 11 72 -96 -10 56 -11 49 77 42 27 32 -60 5 -74 37 19 57 -32 44 -23 -47 -60 3 -42 -22 47 61 10 43 76 0 -13 93 -19 -60 -94 -49 -66 100 -15 76 0 15 -23 -63 36 87 67 -74 -14 72 -36 69 60 -49 -12 96 67 63 -32 100 -36 41 43 -38 70 43 70 36 57 -23 17 35 -59 -9 66 -13 33 -59 8 0 -57 -28 13 50 -59 -58 -11 67 -97 -95 -66 90 -82 -86 35 57 -42 -80 38 -20 -89 -12 40 20 54 -58 82 -46 20 -62 68 -10 -63 91 71 -72 -48 -73 5 -54 41 -4 73 56 78 2 51 -93 -1 1 -88 8 77 67 -61 74 -93 -25 -27 61 65 28 -31 -4 -76 -33 83 -35 -23 -54 26 -6 4 -33 -81 25 -12 -31 76 -5 -24 -15 -47 58 -22 90 -72 72 78 90 75 48 8 36 -31 -37 49
-3 35 -76 -67 -53 -81 87 69 -37 -63 84 60 76 -57 3 -99 37 -18 22 -8 -88 12 61 -60 67 -81 86 -80 24 -89 14 22 74 -49 -6 59 63 -79 -34 33 83 61 -16 -88 -94 -27 87 99 84 39 -73 -52 31 -88 40 -45 66 -25 72 88 -55 -89 0 73 -95 10 49 36 -58 6 78 70 25 75 51 55 -1 -100 74 -9 58 -91 -7 83 -20 -13 48 -86 79 13 -77 35 -38 -73 72 -100 32 13 56 -26 38 88 92 -87 21 -32 90 22 100 27 28 1 0 85 -17 -46 12 20 80 -56 -8 67 -29 -68 -12 44 -37 58 -20 82 -98 70 43 -23 20 -66 85 81 18 17 19 2 -51 -95 47 -94 -21 100 53 73 -53 -68 74 74 55 -38 -91 8 -38 17 -74 40 25 87 43 24 -4 -22 56 20 82 22 -23 -22 -3 -55 89 -51 -85 54 3 -33 -3 22 -78 -7 -77 34 -64 -93 -37 -41 11 7 -60 81 -13 -83 -97 12 -46 80 47 47 100 12 -76 -70 -59 -7 91 48 48 -65 -43 16 57 -25 42 18 -41 50 55 9 45 21 69 -80 -16 15 -73 74 24 40 54 -18 48 -3 -3 -24 82 -82 18 96 49 -37 61 23 -94 -13
84 62 69 23 40 64 53 -75 -41 -94 -40 31 -40 -42 41 35 -30 70 -39 70 -60 -83 -80 -66 -36 -12 -75 12 -35 89 10 80 -82 -55 85 46 -85 -22 -63 0 -75 40 -52 99 -42 55 64 11 24 100 25 -71 20 -57 -50 53 -73 -55 -82 -50 66 84 -54 -94 -95 -65 -59 80 16 -32 72 -18 63 82 85 -46 17 -39 72 -74 78 -5 -64 84 -23 -89 -72 -63 81 -83 32 -21 -9 -28 -9 -53 -98 91 65 100 68 72 89 -24 87 -13 -38 61 71 -10 -75 -2 9 44 -37 13 12 51 68 -97 56 -6 -26 35 -51 -83 -14 -34 53 -27 -29 -27 -72 -76 -92 20 -2 -17 -26 54 24 -87 -71 -25 -39 -13 42 -63 -52 95 -88 -99 5 -18 72 -38 -17 71 9 -59 3 -40 -32 -48 40 2 27 12 -39 55 86 55 87 50 9 58 -74 -42 43 36 -97 -84 -19 -85 23 74 -37 -12 57 -52 -73 -69 -77 59 47 -100 -61 67 -97 38 53 21 -9 9 -15 20 98 -64 50 -85 29 -6 58 -33 83 -1 -49 65 95 -100 -68 -43 61 7 -67 12 -63 -55 -90 68 25 -96 -29 -73 -73 52 49 -42 47 97 1 17 -55 22 31 -56 51 -12 31 79
-41 33 -66 57 -12 57 35 -22 98 -48 -74 38 46 48 -83 49 62 9 51 85 -76 -3 -24 55 62 77 -8 8 51 -43 81 27 -73 -46 46 -45 -33 33 -10 -98 36 -85 78 -83 -58 92 64 26 38 -61 -96 25 61 70 73 71 -48 31 60 -11 88 41 -50 92 -29 62 -4 78 -99 -47 41 -49 -4 14 -86 96 12 74 20 -54 -70 -59 13 -93 -74 -5 38 -45 7 -71 69 -24 -58 -96 -21 39 -69 -26 -54 75 -2 -64 43 36 -13 44 79 -14 -63 80 -81 -26 -65 -8 -13 -30 -74 -29 -16 44 91 -38 59 52 -25 -4 -94 -62 -39 -38 68 -69 79 -45 -38 91 88 -15 -92 -21 38 49 -45 -37 28 -83 59 59 41 -52 -35 -28 -59 -31 43 -9 -72 65 -70 38 69 -93 62 9 -83 -99 88 43 -45 -79 3 -50 25 14 33 55 6 20 86 -71 -5 15 17 -55 -25 60 1 98 -53 51 -83 -24 -37 -99 60 58 69 -83 -80 -44 -29 31 -43 -88 97 78 70 -63 -61 96 -25 13 -47 20 -2 -43 65 -87 -68 33 -24 53 -16 -87 -53 98 -8 82 -53 52 -46 -3 -30 -29 77 45 61 -41 -41 -42 -81 -42 40 88 -13 19 70 80 5 -53
-48 81 -71 39 31 82 75 -12 -45 -31 83 64 -42 63 20 -73 -60 67 -74 -11 13 73 27 55 74 -99 98 68 98 -45 -7 32 -35 86 60 -78 -47 16 48 -73 5 69 21 -28 69 -74 -9 -11 77 54 63 73 -80 42 9 9 28 -23 23 51 -67 64 1 -53 -30 -75 4 -78 -96 -98 45 -2 85 -3 9 16 -54 28 86 17 -52 33 -11 100 86 65 21 -4 -60 -56 3 -63 87 -77 -15 42 -56 22 53 -99 87 -17 67 -76 -61 33 -36 -65 -54 -61 -89 -25 1 -26 29 70 32 -4 99 -50 78 7 26 -35 -46 45 -36 54 -58 -99 -12 -48 60 72 -68 -89 -11 95 -74 -79 52 8 -41 6 72 11 -23 -12 23 37 -86 -13 -48 79 -93 -50 90 33 -10 93 14 -2 -5 -73 -19 98 10 90 33 -58 -43 66 98 -54 4 78 43 -36 -56 88 -22 83 87 10 17 -73 -26 -75 50 44 53 -72 36 53 -39 19 -62 85 7 -30 49 -32 68 -33 23 53 96 -97 64 -94 90 86 78 -47 70 -51 6 49 -68 -61 -1 33 -67 -54 -47 -45 -40 -92 33 51 -58 48 -29 65 58 -73 -63 -69 8 86 -29 -7 75 -69 37 -83 70 26 -94 -82
-51 -44 89 -66 -33 -78 -7 10 13 7 30 -24 -48 24 70 -56 97 -21 -58 99 57 19 -81 27 -50 -50 52 9 77 -79 -6 34 -67 -49 28 -80 29 -38 -78 29 53 53 -11 88 87 13 -40 -71 -79 15 93 -82 1 -37 51 57 -48 -100 95 -99 -86 -99 73 -84 -40 27 -48 62 -35 -47 -38 69 -57 -46 -82 -90 61 -26 -32 -82 33 99 -14 -8 -15 15 -40 -65 99 -58 -43 -84 -80 46 -75 -43 -44 43 -77 -56 34 21 38 -13 48 93 32 -23 0 -62 -71 -6 18 -14 -30 89 87 43 15 -1 97 56 -27 15 86 -4 45 0 67 89 -75 -78 8 6 5 6 -96 91 -97 43 36 -46 54 -32 45 70 -1 16 90 -86 -79 97 -36 1 -98 10 74 -78 -88 26 -50 5 -57 70 64 -2 19 -17 100 88 31 -1 -30 18 76 -21 -26 -33 -84 -90 37 -82 73 -99 -53 -57 54 -60 61 -49 -37 94 -75 -45 -31 45 -9 89 -65 -36 -58 -10 54 88 48 -57 58 99 -5 83 -16 -40 42 -26 -59 71 -34 15 34 60 -24 -96 78 94 79 -81 -33 -64 99 -64 -65 4 -79 -56 -44 74 -85 79 -69 74 -6 -83 43 -25 25 -100 81 52 -55 73
80 -96 -11 72 66 76 -66 -21 -63 -22 57 73 14 98 -24 65 -6 -78 79 -23 31 68 84 98 20 75 61 17 75 5 50 5 22 9 -41 73 -58 -5 -30 -99 18 -79 -72 27 -67 -15 1 62 65 -52 59 -35 -83 -33 -82 -89 68 -44 -3 -16 -11 2 -52 -93 13 -18 -63 -28 -92 -50 56 -99 -80 -78 -33 21 -61 33 -41 -2 -83 74 82 57 -27 83 -50 42 -10 -56 92 -52 17 41 -70 -40 11 52 -83 -21 84 -73 -58 -8 17 39 -63 55 12 63 -2 -43 -91 61 -75 65 -24 62 76 2 -91 5 36 -4 -29 -19 -95 -68 -65 -17 -97 11 -48 -87 58 -100 -28 -82 -91 -21 19 -40 -18 14 -19 35 -34 -33 -89 60 30 5 28 95 -68 -53 42 -21 -35 7 -98 -37 65 59 -45 -61 53 27 25 -54 95 -17 33 -55 -49 -16 27 59 -1 -57 63 52 39 -76 93 -51 -57 -76 -94 64 93 -84 -15 -11 23 -85 49 -100 -94 64 -10 -41 -33 19 -67 9 95 28 92 -98 -71 -56 -26 -3 -83 -92 -27 -21 -44 -50 -28 38 -34 -74 92 23 1 -6 63 -75 -5 -22 -80 88 55 -52 44 -33 -94 -10 19 62 50 -70 -30 -73 -70 -33 16 62
-4 -67 -53 36 -62 -70 35 59 -97 20 4 93 -53 41 1 -80 53 82 -31 9 -80 -5 -21 9 98 -39 -84 -27 -87 48 90 58 -58 42 -1 -88 19 -41 42 10 -61 83 -34 68 72 -10 71 -65 -13 -26 36 -28 54 -23 -66 27 29 81 64 -82 -22 -4 -72 -89 -72 -73 62 32 -34 22 19 27 -31 5 40 -96 -71 -81 -33 28 -96 18 -22 -87 -76 -41 -37 -58 37 -94 40 88 65 57 -13 -4 -86 -62 -47 -89 33 21 29 -96 62 63 95 -65 -10 8 -86 97 -36 13 39 40 -52 -34 59 -78 32 -34 36 -89 88 52 41 -14 40 65 6 -96 11 79 76 -86 14 55 -9 -12 -83 40 -21 -21 -56 -61 -81 6 -100 -47 -83 -32 29 -70 -23 -2 -100 -33 38 23 -52 45 -82 63 79 -86 -60 85 7 -21 -72 58 41 -77 82 42 -94 -100 51 41 52 -73 -65 -9 -88 15 11 -42 21 49 30 -93 -4 -82 -26 -33 37 64 -23 75 -26 60 98 41 52 56 51 -95 -10 71 60 70 -91 -61 53 -84 92 -27 7 87 54 60 9 7 95 5 -24 88 15 36 0 -15 37 -98 61 -95 19 -32 -36 6 78 5 66 -94 87 -12 7 78 26 -64
-15 -38 87 -56 42 -53 -50 65 60 -90 37 -33 -87 69 56 -80 -31 38 11 72 -22 71 -41 -75 98 38 -55 -25 20 -46 92 -83 9 -51 -90 -36 96 -5 -81 -14 -92 -29 19 23 25 -30 3 -80 -54 23 -51 12 56 -46 89 76 97 -90 71 99 -30 87 100 -54 -29 31 -63 -37 39 -42 -1 72 87 12 56 -47 -29 0 71 85 -2 26 -32 1 -78 -29 -84 -33 93 6 39 -6 47 -76 -71 93 76 -28 -49 45 -35 -88 27 -27 -83 36 60 -42 21 64 -9 28 -61 -19 49 75 33 -31 53 -11 21 -48 -68 26 -94 -58 47 5 -9 42 32 -21 -1 72 11 76 -39 -17 -31 -77 -45 -69 -68 36 -33 -37 72 20 -93 -94 21 -46 40 -5 -39 -75 79 69 22 68 -38 -63 8 -63 -57 0 58 63 -54 -94 -71 -34 88 -31 -27 -37 19 35 -44 83 60 -23 78 54 -17 61 96 72 54 89 -60 -6 -96 -9 81 -37 47 66 51 -74 -36 63 -68 69 76 -2 67 -64 -22 -95 -34 83 -38 64 -64 91 -26 15 -72 47 -48 47 67 -87 99 -25 -64 81 -37 -52 -83 -87 -36 20 32 -11 -59 30 22 73 10 -96 72 -66 75 32 68 38 9 24
-35 -68 -26 -84 53 -65 5 -85 -6 36 76 20 61 94 -33 -17 -41 -36 -86 21 -95 56 96 -95 56 86 28 -5 33 -11 59 39 -63 -26 -48 0 62 52 -90 50 -51 36 -41 -87 -81 -35 -59 -65 -52 72 -10 7 -19 70 -2 53 57 -15 -70 95 69 94 41 -81 5 -24 22 55 85 -80 -73 -9 95 98 79 -96 -5 -96 -25 47 99 -10 -56 52 -96 37 0 84 -20 6 -56 70 46 -21 -59 82 18 66 -62 4 -47 -90 -82 -19 -98 -83 77 -48 95 53 73 -6 59 34 67 -7 4 -12 91 -66 98 95 -65 34 72 -58 78 28 -58 -54 -55 -34 -4 -5 -85 10 -53 -62 -94 -14 59 -33 89 -83 44 -1 -96 34 91 25 12 -75 50 -28 -35 -37 85 67 -62 -83 -62 -100 -79 17 39 73 47 -48 -41 -19 23 99 -40 -44 -9 -72 -54 -37 94 -47 19 -22 13 58 -95 58 34 -48 41 -92 -38 12 -71 -17 84 -4 -16 -50 19 -38 77 -85 35 92 1 -38 40 -71 49 85 53 -65 67 -13 94 52 -91 90 -10 23 82 84 5 79 -41 -5 -45 -42 -89 -24 -17 -72 95 -46 48 81 -47 -78 19 -36 -10 51 -32 -8 42 -87 40 -89 53 7
-80 -24 49 50 41 81 -45 72 2 -76 -27 79 -13 12 -80 35 52 33 81 -97 -82 83 -75 88 -28 -98 50 -84 -24 14 -87 -2 90 -31 12 -22 69 47 -40 -68 36 -53 12 68 43 -65 96 -28 50 -89 -9 -69 -96 58 80 85 -8 -63 -74 -54 -92 27 -77 -12 -5 -41 8 86 11 -13 15 -15 -13 -26 6 -29 0 -6 -84 53 -44 39 -80 -65 -24 -29 77 -71 62 66 -23 -45 -13 -42 14 -18 -64 -32 -5 -6 39 -63 21 32 -96 7 -24 -49 -62 66 -72 -51 -99 -71 -96 -20 -32 -55 -68 -73 32 -33 18 65 72 15 75 6 -51 -54 39 -80 45 -81 -95 -98 -63 45 -75 -89 0 -97 65 86 71 40 20 41 -69 15 -9 60 -61 -95 10 -81 -89 -25 14 85 48 -30 -17 63 -100 30 52 -91 63 97 29 -55 16 3 -34 -66 -9 92 13 5 15 -64 -12 -37 -27 82 43 -65 -72 -81 -77 -50 -49 -12 20 47 -9 11 97 -21 70 -50 65 -80 -10 -46 -91 42 1 21 -75 16 -51 -26 -82 -41 -50 1 -8 65 -92 95 -39 -77 43 40 -34 -16 -21 28 -90 61 -1 -12 98 -68 -65 -19 -15 45 33 -23 17 33 -33 -60 33 -72 -61 -7
78 9 -84 93 19 49 -4 21 -52 0 12 52 58 26 81 72 37 44 89 58 15 -93 33 71 68 93 -37 49 36 -86 -3 -9 43 -34 67 82 -67 91 91 0 -11 94 -38 -84 58 -60 54 -69 94 0 -99 91 -39 -65 -22 -52 16 -91 -37 -56 5 -96 100 35 -66 38 -73 79 -48 -47 84 -95 82 -30 -86 -5 76 -80 -69 84 43 -14 75 71 12 -31 -27 -46 36 81 -9 90 22 89 -52 -76 -82 90 14 -20 -27 -38 -81 -44 -35 21 -45 35 -44 100 -16 -4 -34 63 87 89 -53 -48 -69 6 -45 -68 87 -2 59 -54 86 93 23 82 -71 -76 -6 96 10 -20 -98 22 -96 80 -71 50 -100 22 38 26 69 -52 91 -1 -64 -66 75 48 -7 55 -35 -56 -79 74 53 98 20 -27 70 92 5 42 -81 6 -56 76 6 55 -59 -22 -23 -72 -81 -89 4 -14 -43 8 48 66 -10 -83 -51 -94 4 -10 -83 -100 7 -65 49 11 58 97 -6 -62 27 91 -97 56 94 -71 -88 49 -15 74 31 -99 -40 24 -8 -43 41 93 -18 47 -31 -38 -93 97 -87 81 -63 33 -71 91 78 -99 55 67 32 29 -11 -39 95 77 -9 -70 65 48 -81 27 4 75
-33 -16 -8 83 -51 61 76 10 43 -20 -39 -47 -9 -31 10 15 61 -56 29 10 56 -34 -1 84 -27 42 88 5 -9 -87 0 -21 -78 76 -26 -54 -68 85 -20 -21 96 -100 6 100 45 -66 -59 33 -94 56 97 27 97 53 -7 41 29 -62 91 -55 -32 -66 -7 91 -41 62 39 82 72 -70 -99 32 71 70 -69 -18 14 -29 35 83 -82 -49 52 -18 -93 66 95 -8 -19 59 12 -35 11 67 -62 29 25 54 28 -5 34 52 -46 61 -94 49 3 97 -9 49 -8 -49 65 -69 12 20 95 -29 74 -58 -61 -71 29 -26 70 93 92 90 -37 72 60 54 76 -8 41 -43 -79 48 42 -72 45 38 51 33 -84 5 84 71 11 53 -78 -62 19 41 -49 -56 -96 43 61 45 62 99 -23 -54 1 87 -68 95 98 31 87 -98 -15 26 3 -50 -88 -79 -38 79 5 -12 86 -72 -80 -16 -49 43 -45 36 49 -16 -71 -44 31 -59 -46 18 -1 89 23 21 -99 -64 -2 9 94 -45 80 93 8 -91 -95 -17 63 2 81 -93 -82 38 55 -57 43 -67 55 59 -40 87 75 -39 52 71 28 -50 49 -81 -71 -83 66 -19 83 15 -80 -82 -65 62 68 57 -11 48
67 64 99 -58 -40 -79 -62 -42 -95 -44 47 55 -100 53 24 53 -84 -50 -86 96 -74 43 24 -57 94 63 -28 75 38 73 4 41 53 96 -38 72 94 95 -22 52 -44 19 -55 71 -15 -17 -87 24 -75 -89 -12 -11 -22 38 77 -82 86 -55 -7 89 -90 66 -53 -33 53 -6 -40 -81 48 -79 24 94 98 53 -21 97 -86 47 -49 -36 85 -67 32 2 -49 65 2 66 -57 -6 45 -24 -56 44 94 -60 -89 -52 49 -32 98 -65 92 73 -88 -41 -25 -98 88 -92 8 20 -40 -46 -10 90 44 -46 -62 26 13 -82 64 -78 38 -38 -17 -38 -46 6 -41 -31 33 -85 13 -23 78 54 37 -7 -48 78 -48 -60 20 75 -58 92 60 27 15 -40 98 -14 -10 58 -5 -71 53 4 23 -78 -48 82 77 -39 100 64 -5 62 -17 -100 86 78 56 24 -86 -57 -60 -61 -25 -82 73 -17 52 -24 57 -19 61 -37 2 -90 12 -35 -21 -9 -69 33 83 68 87 98 -53 -20 11 33 -81 -64 -89 43 10 -6 -37 76 65 -50 -91 49 -85 -39 19 6 -16 -27 96 40 -50 32 -20 -8 50 -76 53 -94 96 43 44 -17 -4 -20 69 -76 -67 -76 -90 -14 80 68 -23 -92
71 13 -14 8 21 -70 57 -54 -77 28 -87 -38 -72 -47 81 -58 19 -32 -79 27 -91 -55 98 -8 -8 -15 16 -73 -61 -4 40 57 41 -28 53 67 14 -41 92 -10 -49 72 -49 46 -78 -17 -20 -78 100 -66 98 -97 -29 20 -45 -14 2 -94 -93 83 -86 23 -62 37 -94 -17 -84 29 -40 3 -97 71 -94 -84 -59 -90 -29 -66 -19 -84 -20 38 -21 63 -2 -70 22 62 -64 -63 91 -100 -46 -2 -35 -58 15 -90 37 -6 3 -53 92 -97 -32 65 56 -76 -14 97 28 52 -99 -68 79 47 29 -92 -38 -54 64 -96 -47 -17 -68 85 -20 22 -42 68 70 14 34 97 14 0 -9 49 83 43 27 -49 30 6 -75 37 -97 -47 49 -63 95 -9 -5 75 -33 -73 -36 59 -100 22 39 61 -37 100 17 -81 -7 -28 -29 1 48 60 76 -28 -42 -93 -8 1 53 -56 88 88 58 93 57 -11 -40 -68 21 21 -77 -27 29 52 -37 55 83 53 27 -86 48 98 -42 13 -87 -14 -24 51 -93 -73 -52 53 88 40 -14 -86 -48 37 -4 95 1 33 57 -98 87 26 82 -16 76 17 34 -35 44 16 -45 -79 78 31 -45 82 -71 -78 -32 39 8 70 55 16 -77 -94
-100 87 23 -36 -70 50 -57 -82 -25 72 -96 -18 90 -3 -14 -44 -26 -15 89 -99 87 26 -29 39 -83 48 25 -95 25 -94 -26 -1 48 -3 99 -41 55 6 50 85 -74 -76 19 -52 -60 54 -73 72 -36 -9 -55 -92 76 -70 47 -31 -13 -63 34 82 82 65 -65 -42 -23 -33 -58 62 -58 74 78 -12 -25 -73 -43 20 60 15 -38 24 96 -85 2 -2 19 70 -14 13 94 63 -23 -47 -73 82 31 -38 67 46 -32 5 34 -10 49 36 15 84 15 92 -15 -66 -30 98 -63 -85 97 64 13 -46 -94 28 99 -58 -15 83 25 11 -100 -11 72 27 -46 -66 -21 -16 -1 48 -40 78 -48 88 46 43 -96 -70 51 98 -31 -22 46 -6 -24 45 33 -79 -38 19 29 -16 -61 69 -80 -17 -42 -56 -98 55 -73 33 -69 100 9 32 -55 31 100 81 -9 -76 90 -61 38 40 23 -99 -66 89 -50 -64 -65 30 -29 17 84 92 23 30 -87 -77 -85 -30 68 80 -28 -49 -90 94 -79 16 -88 -50 47 34 81 24 22 -11 41 71 5 -1 67 62 6 -69 49 -43 -39 73 94 -41 85 95 14 57 18 -19 5 -45 -52 -77 -6 2 35 -52 -84 34 20 4 -88 4
-23 -50 -86 -79 -55 92 86 -42 -67 -88 31 78 40 -91 -60 97 -45 -96 12 -77 91 -63 17 -30 71 77 9 -57 -80 -79 48 -4 77 77 80 100 -19 7 20 -63 48 15 86 -28 -66 67 -54 22 -19 -68 49 -81 -66 -8 -43 44 83 25 55 95 -41 -74 8 17 87 -77 -57 -81 94 -8 -27 -76 19 -82 41 -90 -74 18 -92 -57 -44 -52 -36 98 58 53 -95 -69 34 -21 55 -77 -31 41 42 53 -44 96 -44 -51 74 -26 -60 -85 6 -65 -50 100 5 -75 -53 8 -48 -26 -8 86 -80 62 62 -38 98 40 56 80 53 62 37 -38 79 2 -99 -7 55 32 0 24 35 9 -12 14 -79 -9 -21 75 72 -14 -9 -40 61 23 100 -12 -8 25 50 -48 54 -33 -63 47 -77 -22 -8 -51 82 46 59 4 37 -94 75 -70 23 -10 68 -3 -55 -86 -26 94 58 -42 92 -36 -75 -81 37 1 77 -66 25 5 86 -58 -11 0 -46 31 -43 -67 75 28 58 16 -40 11 -70 -59 27 78 84 -42 28 96 84 84 55 -83 -88 6 13 -87 7 -18 -70 -57 -84 -68 59 52 -84 3 -82 -61 30 -44 60 -87 -20 57 -7 -83 -56 -11 -100 -30 -70 16 68 -72
-61 79 46 62 31 -92 -97 -97 72 -76 -83 41 24 13 -56 4 78 -27 7 22 -29 -100 -5 -27 -36 -31 -85 23 60 -17 56 -17 17 52 -64 64 7 -26 -88 -55 20 -23 5 -74 85 63 -15 -80 93 72 94 10 -72 -44 -81 98 -49 -82 72 -39 -85 -23 57 71 43 -93 39 -85 76 -28 -79 -37 67 89 -53 21 58 98 -39 -27 58 -49 -43 -33 -58 89 -28 -97 47 -70 39 15 64 -65 -15 68 -33 -30 96 17 -91 -74 -3 -80 92 68 -97 -64 70 57 83 -38 -47 -14 -90 2 -4 -76 87 -3 -62 -32 -49 -39 9 77 -38 5 -55 86 -66 16 27 77 -94 -66 78 -63 13 -21 22 -5 -5 8 31 30 40 -20 -82 52 99 -80 8 -78 -45 -21 43 52 24 -95 -81 35 23 14 81 54 -66 -31 43 90 96 -5 -73 -62 -73 95 -9 -19 -85 86 -57 -69 -68 20 -10 -7 9 38 53 -63 -47 -78 -96 74 100 -87 65 -8 -16 -59 -74 65 71 37 -20 82 -65 -12 -37 -35 75 11 -66 -24 96 -5 -41 -90 -6 34 -72 100 67 25 -98 -36 -37 -25 75 3 82 12 7 -42 28 -24 -75 -81 -7 100 -90 81 -91 43 92 -46 -17 100 76 -73
43 -96 77 -59 11 -96 44 -31 7 9 33 16 -58 -74 -38 47 16 54 -50 -71 35 82 -39 84 -93 -100 100 -33 3 -14 -95 60 -14 90 43 73 29 -78 -36 -86 81 76 -8 -61 -7 58 19 -99 97 -78 -23 95 -88 -58 -76 86 44 87 -38 -2 20 -33 61 49 29 23 -7 96 49 -88 5 7 61 -74 43 -15 -69 55 -18 -64 -15 -16 -47 -41 59 -33 -69 26 -2 -10 13 -67 -56 46 51 -28 -91 7 -29 78 87 -17 -68 -100 -77 79 67 -56 -10 -30 25 43 63 -76 -44 92 0 10 29 46 -94 62 -1 98 -25 50 -56 3 1 -68 -17 19 12 20 83 74 42 -34 41 22 -38 -7 21 62 76 28 90 98 -100 0 88 82 -8 21 30 44 93 72 98 58 -71 0 -82 -84 -37 -31 52 -25 -47 67 -82 13 -64 -47 22 -64 -99 19 66 -35 -7 -66 -32 -84 26 69 94 -99 4 -80 34 46 97 68 87 -38 19 -85 22 9 -98 59 60 -2 29 13 -63 -57 76 -89 28 -50 18 90 74 -38 -22 -83 -59 -25 -55 -99 24 -32 -34 75 12 0 50 92 17 -59 10 -61 1 58 -92 -58 80 84 48 32 -94 94 -16 87 96 56 26 42
-72 -32 51 -55 -79 98 -87 52 -46 -80 17 -14 23 41 -98 16 -19 -75 96 6 -62 -36 -87 6 -94 -38 -26 -89 17 -91 28 -50 47 60 62 -70 -86 15 -35 45 35 -34 -42 -91 13 60 27 -24 -45 52 57 40 -24 -91 -67 -82 -85 -37 -100 -1 21 4 15 27 93 -77 -6 60 -51 -28 80 71 -7 83 20 -48 73 10 10 -74 -50 -56 -91 -25 53 -36 79 2 23 58 91 25 -5 -84 48 35 -43 -3 -64 85 -40 -28 57 73 -15 10 25 97 5 47 46 26 -32 -77 72 92 90 -22 -18 51 94 -46 20 60 -78 -55 4 -59 84 5 -41 -2 95 -22 -67 5 82 -89 23 89 3 94 27 46 -32 70 -49 5 17 62 -1 51 -49 1 -69 -18 -63 -29 -28 75 -2 57 86 -30 -41 -9 67 65 71 39 -25 -49 48 -75 95 4 -77 44 89 98 -19 -27 17 85 87 7 -27 92 -84 -94 55 76 -31 75 -48 52 -87 -62 -1 57 56 4 28 22 85 -64 63 -97 34 65 13 -69 29 -3 36 3 85 46 66 -14 -43 -53 -68 -37 85 -84 -56 52 98 -7 -89 57 77 45 -14 72 -75 51 34 -84 62 -18 -68 -26 57 38 -28 -86 50 94
-92 -30 29 57 -26 35 -84 2 -36 -17 -61 78 -74 79 -92 61 -53 19 -59 -60 25 91 -33 25 92 59 50 -79 84 1 -22 -10 65 -21 92 82 -59 85 -79 -66 48 60 -54 -95 92 76 -80 -54 -39 -77 -66 -23 20 -42 -62 36 82 -51 -39 10 3 -89 -3 -6 37 -93 16 -45 -33 2 -80 -30 42 -44 15 45 -58 17 -82 25 10 10 -19 17 84 67 -100 -9 39 -84 65 -75 -98 3 -89 -31 -34 43 38 -80 38 41 4 67 23 62 65 -84 10 57 33 -93 -99 -40 -94 87 91 -26 39 -25 72 33 -53 50 85 71 -1 -95 -13 -26 -8 9 17 -2 -26 100 49 76 88 91 74 -90 67 -67 49 -76 24 97 -6 3 46 -94 -15 -6 32 -53 84 -83 -61 -92 2 -38 53 -99 -17 -34 23 31 -91 -38 -79 75 -37 3 -60 31 -34 16 12 -90 53 -81 -6 23 66 -34 17 38 -43 -79 -49 71 -19 -21 -28 -31 -58 -37 -48 100 -20 27 12 13 -50 -38 80 -59 -38 2 67 -63 47 76 -58 63 -50 6 3 -83 8 90 12 -4 40 -84 31 55 54 -22 -73 -85 -80 -37 -4 54 -43 -2 -93 -75 28 -26 -52 -24 8 -7 -91 51 46 83
-53 -67 28 -84 31 99 -83 57 -24 -1 43 -88 31 84 17 93 -31 -75 -90 -82 51 -70 -84 -28 4 44 81 8 54 -60 -37 19 -56 44 55 44 34 -61 -74 -77 79 100 -85 -78 89 -11 61 -79 11 89 -100 -12 84 49 -56 -68 -16 -63 40 -14 46 38 59 -76 90 21 90 -28 68 -25 -16 -78 85 -81 70 39 -44 36 81 93 -52 -99 -20 -18 91 -31 -50 100 9 -57 -80 5 -14 56 21 -2 -2 -64 -36 -10 -25 -49 -25 -37 -35 71 -68 84 73 78 -76 -96 -69 51 53 70 43 -41 5 -54 -97 -33 -78 -11 93 52 -59 -5 87 39 -21 -39 54 30 -24 -100 74 2 -81 -26 -43 2 94 39 -100 41 58 98 10 -18 -97 78 -36 -87 48 95 99 -23 24 -86 -83 -44 12 45 -20 63 37 -66 59 -28 68 12 27 64 52 49 15 68 19 62 -36 -15 -89 -50 -84 -65 -6 68 46 -34 23 83 -94 24 -36 -1 -32 -37 -14 -93 -18 91 -37 80 87 5 93 -63 -38 -38 100 -14 -77 -21 -85 27 -76 -33 -44 93 8 59 55 -34 -53 -100 -24 -8 -55 67 12 69 -78 1 66 33 -69 94 -10 40 -99 -78 -48 -24 -52 88 21 90 -100 35
-74 -54 -23 -1 16 7 51 52 60 -48 -50 24 -98 61 -11 91 -40 97 -55 74 -58 62 -60 -78 -92 -5 0 59 -95 -47 -88 -90 20 -96 33 35 86 5 -4 93 90 45 -3 -22 -7 -28 -34 7 -67 15 52 -35 -87 -65 20 12 -43 47 -90 -69 -18 -64 -64 31 53 -55 -17 -67 -69 -56 90 4 -47 -8 -16 -13 50 -59 -73 -24 74 -48 -54 56 -35 -13 -11 56 -34 76 -58 -65 82 -48 -8 36 50 -68 -69 76 7 21 -93 -30 49 -94 78 -77 -13 -34 -24 -18 -51 65 61 -64 -42 46 -95 -13 -63 96 -88 -8 38 -1 97 -49 96 -44 -3 -16 -1 36 82 56 48 66 -57 35 -74 62 100 -4 -16 84 -29 -37 45 57 -17 79 -5 -28 -30 -92 96 1 69 -87 68 -31 76 -25 -1 -32 63 98 83 35 92 -38 -29 65 -69 35 -33 9 64 -84 11 -14 97 -24 -1 -53 -15 -51 -26 -32 86 7 -17 -6 98 -26 -27 37 92 78 -52 -44 -64 -7 34 -93 -62 -18 -58 75 -31 -43 9 75 64 33 -76 -12 -20 -29 -15 -85 11 -51 80 49 -64 -34 60 -52 -89 -52 -15 -71 -29 53 67 -19 -46 -98 6 63 -55 70 60 75 -2 -67 -8 -6
68 -23 -73 -44 -53 97 78 -40 -94 31 -74 -81 74 54 77 -73 -18 -2 68 3 -11 44 -29 -91 29 4 55 27 50 -77 -34 -96 -69 49 -85 16 -62 -14 33 -35 20 -8 65 -83 -11 67 68 -7 -80 -39 56 -75 -57 40 13 86 -73 -11 63 -7 -20 -90 98 44 -53 59 58 -86 -49 -77 23 -94 -49 -89 -56 43 45 -63 -89 53 2 83 66 37 42 -3 -95 -42 19 -95 -30 -62 6 -52 42 -75 72 99 -86 41 56 72 35 -23 30 -94 -25 -93 -58 -83 -69 58 -9 94 -94 -32 -58 -37 -87 0 -81 25 51 -39 -70 -95 47 12 -56 -73 15 -17 49 -87 -84 75 -82 75 -14 -47 90 33 98 -25 17 -24 -57 -2 -43 47 -40 87 83 -5 -8 -1 1 93 -14 7 -56 35 51 -73 87 -79 -7 90 15 85 -75 -26 67 -35 -32 25 -94 -59 95 -7 -10 60 -64 -59 69 -18 97 -99 -100 57 92 68 -68 17 -13 -40 -97 -20 97 -52 57 29 -88 -42 -71 -16 -85 8 -8 -57 -94 51 66 78 1 -64 55 76 84 -22 -35 76 26 -89 -5 79 48 -50 -54 -14 45 -88 88 33 -5 58 -26 35 13 83 -52 -32 -45 -23 80 -94 -39 -77 -3 38
51 79 45 8 3 75 66 59 51 -15 -100 53 27 64 23 -56 85 68 58 -6 -28 81 36 56 -100 19 23 -48 8 -17 19 -66 -95 76 46 -30 -59 15 61 31 84 62 78 34 -51 -21 -77 -90 33 34 -68 -77 -20 -21 -41 -56 -29 -23 7 -57 -39 41 -63 -62 -9 57 60 56 85 -72 -7 -77 -52 64 5 84 -48 -24 -67 10 -7 -2 -19 68 13 75 -67 100 36 89 26 -87 55 34 39 41 -59 -99 -17 11 -45 -7 -96 96 81 -31 -49 -60 98 -44 82 -39 -37 83 -63 -39 -71 78 4 -54 68 80 58 75 -40 -46 -26 78 -62 54 -4 72 -51 56 42 -83 -48 70 -75 49 77 -100 -94 -6 -15 57 -50 -72 69 52 21 28 97 -45 65 -17 -8 37 49 -86 -67 -12 -98 -48 33 -27 94 -16 -50 -10 68 89 67 -98 59 64 -59 -55 -7 2 52 -5 -68 86 -5 37 9 -13 -69 78 -6 59 79 61 -26 -70 26 54 -14 70 -22 -92 74 89 57 -80 40 -37 -88 61 76 99 98 -33 17 -7 30 -7 -56 -10 -41 -71 8 83 95 -60 20 76 -38 -93 19 -34 29 -48 0 62 63 -10 100 -99 20 44 91 -65 -7 49 12 45 95 79
38 -86 20 -6 -23 6 -70 -45 26 34 -4 -98 -49 -99 -5 69 -8 -29 -63 56 63 40 8 -42 -45 70 -65 -87 66 -46 13 4 -60 -79 -25 -25 -78 88 -1 -12 -57 -70 -83 -80 -19 -71 -17 78 88 -98 11 -48 86 43 2 -90 80 82 19 6 61 24 99 -98 18 100 62 17 -51 -98 -13 32 19 96 66 87 -68 -14 -100 3 -67 46 -52 -9 -26 43 -62 58 -17 -9 78 -86 -8 -62 -86 -46 -26 -43 14 78 -61 -4 100 -37 36 -41 -41 -74 11 -100 -66 100 78 89 4 86 -77 -21 83 81 -84 -19 86 67 90 -39 71 -4 47 -34 100 -56 -55 -59 -25 82 -52 -96 -63 90 -27 71 43 -22 -84 -89 80 39 13 73 41 -81 -86 -95 16 -6 -98 82 93 53 -26 -65 -22 52 75 29 -77 -35 68 -71 78 23 62 29 61 75 -37 28 -44 -77 -99 -49 -7 -39 -84 44 -83 -39 24 4 98 73 -37 -15 -10 -63 -17 41 -24 -13 90 16 88 81 32 29 32 78 -48 36 24 31 -22 -74 33 34 60 49 65 -83 43 91 50 79 82 80 71 26 -32 -79 -88 84 40 64 -80 67 -1 -1 54 -15 -47 -19 -99 79 -5 -63 -53 -57 -43 -26
72 -35 36 1 0 90 -30 -15 -62 74 32 -43 -21 67 -42 -26 41 -8 35 -9 -58 58 1 30 -45 -15 56 53 71 93 77 8 16 89 -56 70 -82 4 93 53 64 -2 -58 -72 26 -1 64 -52 90 -23 31 -46 -99 97 -32 -74 -68 58 -22 -80 56 -56 35 -70 21 -44 -23 -74 53 29 3 33 75 68 55 -68 -79 75 18 42 -3 -2 -77 84 50 98 -43 -43 33 53 -2 -5 24 -43 -12 69 29 -98 12 24 -42 -38 -96 37 27 -45 61 -38 98 -44 -40 86 -27 13 -70 48 90 -77 -49 -14 60 -38 -29 82 -12 97 36 93 98 -60 2 40 -3 -71 -86 98 49 -70 -63 -22 23 85 69 -48 17 78 -23 48 83 33 -12 -45 99 -9 -3 -37 -72 62 53 96 -38 -71 -40 99 96 92 64 -25 -33 19 29 70 -32 57 58 93 40 94 38 -78 -53 -6 -43 -88 -60 0 -88 99 -87 40 41 78 -64 62 -72 41 74 96 -49 65 -27 -23 62 -1 -22 65 -28 17 -70 -6 66 7 23 -42 66 96 -21 -14 99 -53 -39 -79 99 4 39 -14 -48 32 12 -86 -4 81 31 -87 17 -96 58 -89 82 -18 -30 96 7 -25 -18 39 31 -79 45 -54
3 48 76 -27 77 12 -87 80 -74 19 43 -99 93 -30 -10 -33 70 -9 -17 21 40 -41 79 -94 22 -69 -77 71 19 -87 99 11 -28 11 43 68 -63 -37 -42 -63 63 -35 14 64 35 -55 -8 -89 58 -14 -84 100 42 11 -30 17 39 49 -77 89 24 -13 95 -26 21 74 98 26 63 -68 30 94 79 -36 13 -4 23 16 -16 51 -66 44 -19 73 -61 -13 3 -85 -92 44 93 62 -72 12 -45 60 83 -14 -31 -52 82 42 82 -89 -93 49 50 22 83 -31 66 -78 -14 100 -10 21 6 56 5 23 -48 -21 34 62 -31 20 1 99 -78 82 -29 82 15 -16 94 74 29 99 -16 0 -81 -79 12 69 -67 80 -4 71 93 37 -11 12 48 -78 -87 6 77 -97 12 77 79 -86 100 33 43 -100 -57 -2 -38 12 -52 -79 57 -60 44 -26 93 -99 91 39 20 -52 -34 36 -10 -15 17 46 21 54 100 -60 35 67 100 73 -92 -14 -52 -20 -44 -75 -47 -73 90 85 37 90 97 -82 -67 -43 82 -34 52 -11 42 -44 -69 54 48 -12 76 6 72 -74 -23 95 -21 -42 82 8 -85 -8 -80 30 75 42 -80 -82 -24 11 -80 -51 -18 36 -8 88 -1 -85
49 58 49 -14 -68 74 -1 75 -3 -20 35 -69 -42 18 23 42 -66 94 96 81 70 58 -35 69 75 15 -76 79 31 34 -58 -72 54 -94 -30 85 -7 -60 72 -51 87 -4 87 86 -52 -30 -31 -50 87 46 -13 -38 -17 56 -65 78 -28 -77 -61 97 -85 -91 -59 -86 -19 -52 27 -54 -41 13 -28 73 43 25 -52 -61 -30 83 -92 -94 97 16 -3 35 45 -22 96 -94 82 83 39 64 29 97 -91 -43 69 20 -8 -99 -42 71 67 16 -76 -33 -58 26 53 56 30 -95 -83 23 60 19 70 -35 -42 40 29 17 -33 93 -21 63 -62 8 50 -69 -69 -80 -44 74 -69 95 -79 10 -75 -92 14 -42 12 -50 15 18 11 -25 -32 45 -84 -83 7 -27 -100 -89 83 54 17 62 57 24 -27 -40 70 44 30 24 -46 61 -47 50 -31 66 -81 -33 -87 63 -71 5 28 -61 -50 -41 10 38 -6 -25 1 -42 -70 -43 28 -73 88 61 -36 -15 -57 24 72 38 15 10 37 -4 -68 75 58 7 -46 -28 79 -53 95 15 -89 80 67 -18 -87 33 56 54 -79 -92 67 -81 -89 -38 60 -62 -17 -52 77 -66 -29 -68 1 4 1 86 33 32 38 -34 -74 -68 -36 28
-11 40 45 5 91 25 -96 3 -4 -71 68 87 -62 83 59 64 -33 -21 -51 -39 15 49 -29 -78 99 -92 86 -29 -74 -65 -40 -72 -43 3 77 -13 73 -79 -20 71 -86 -76 55 77 -100 -81 58 -8 -57 82 -90 -68 96 -75 -28 99 34 60 62 -5 17 -59 -3 30 -37 -99 39 -1 -43 -68 96 67 82 -76 72 -10 2 92 -77 46 60 -14 58 37 38 62 9 -86 80 -64 -8 12 64 49 81 -17 -5 -20 -78 -90 -5 8 95 60 22 71 51 -81 -54 -80 61 -94 17 36 81 77 98 39 94 37 -47 -88 8 -87 84 -30 78 -77 77 96 -26 10 2 -27 96 55 70 -42 -28 -98 -61 -15 30 65 2 32 -81 -97 79 -31 82 -2 82 71 -5 82 -55 75 27 -1 -13 -24 -81 -1 -59 -2 35 -86 19 -73 -15 4 -79 -27 56 -98 37 -82 74 -53 27 -85 9 -53 47 73 -4 72 -69 31 92 90 52 5 -92 80 13 -8 -39 46 -16 -39 -81 -25 -86 -46 66 -44 41 -32 -71 3 38 13 38 61 83 98 -21 35 -18 -34 83 -18 35 70 92 14 13 -22 15 -79 -8 15 55 -98 12 55 -73 64 -43 100 -21 73 -65 -35 -86 -93 -69 -8
-25 17 76 44 76 62 91 16 96 74 53 77 -61 -47 76 -6 12 -73 47 43 78 -48 47 -100 68 63 85 -23 -76 40 63 15 -16 76 22 46 -8 72 64 -44 3 -24 -68 -95 11 -87 10 67 0 69 26 -40 -78 -13 -96 -57 -77 -56 22 -63 74 -77 81 19 -26 98 -4 -76 -27 -40 -21 -98 17 -26 65 -86 46 4 -18 -17 74 80 -60 -97 -10 7 -71 95 -45 -76 -8 47 -5 30 -80 -44 -51 -29 34 -34 -4 95 -41 53 53 13 13 -75 -28 51 14 -100 62 -28 -80 -31 48 -2 -30 -90 90 36 28 -3 80 95 -3 -54 -29 33 58 -61 54 30 -89 93 -72 -59 -95 -67 -43 57 -92 -4 -94 22 -77 -90 -61 74 -43 -28 12 99 52 65 -78 84 60 29 45 -19 37 -56 9 81 37 -33 85 -54 -29 43 34 6 -2 7 96 68 -42 -65 45 7 -30 -28 15 2 13 -24 -45 -45 -35 10 91 -37 25 -81 -100 -96 11 10 27 -88 -85 -11 63 21 2 4 40 -70 85 7 8 -23 -2 97 -63 76 87 85 80 -21 19 64 -54 -99 -99 78 -29 -9 17 56 37 57 22 21 -66 -61 23 -61 15 60 88 -8 -40 61 -47 78 25 -17
98 18 -97 -52 89 -36 28 69 36 -34 42 56 -51 -52 -23 92 -44 68 98 90 41 -60 9 -47 79 -91 -70 -100 65 82 -39 38 94 58 55 0 -46 73 24 -46 34 77 -24 14 -59 51 -18 55 16 -48 97 65 -54 24 -32 66 64 66 12 55 94 -60 37 40 -58 -47 -53 -42 -19 78 -67 -60 19 -49 -76 -80 -89 -54 -69 26 -45 56 95 -3 11 51 -45 87 98 -77 25 -63 -39 -12 48 -3 48 -71 -88 -38 68 -67 -38 20 -94 95 -75 -100 10 -17 -98 12 45 -19 12 55 65 2 -24 7 100 96 27 -80 31 -17 19 -93 17 61 21 -61 22 -40 54 85 -4 -96 48 -88 4 -97 -94 30 23 97 37 88 -25 -40 -84 69 45 66 91 -8 -13 -76 57 -52 42 8 -21 85 -56 -87 -39 -71 93 36 61 86 89 -3 75 -48 24 7 68 28 41 13 97 69 93 36 3 -12 -33 45 14 36 72 56 6 24 -96 -31 25 8 71 21 60 -43 75 -51 78 -32 -8 92 11 60 -32 -86 -15 -4 -71 -38 -46 85 3 -39 92 -45 -65 -23 93 -43 -86 79 13 76 69 55 -44 53 24 -56 -25 71 9 -8 45 36 -77 -91 -96 7 -26 -40
-45 29 83 13 67 -40 24 -94 -59 -36 -1 -16 -60 -36 -37 92 99 -23 -80 -61 14 -55 5 -15 -14 -15 -10 41 -10 21 58 35 24 91 87 6 34 97 -6 -12 16 56 -58 60 -51 -3 39 52 100 -40 -65 98 80 -30 55 81 100 -81 21 -82 90 -10 33 84 -68 95 72 66 90 -39 8 84 -69 73 70 58 39 -45 -19 -2 34 -39 -55 26 23 93 50 -74 55 41 -43 22 2 92 86 71 -83 74 9 -71 53 21 -33 79 52 84 80 -67 50 -58 16 7 -81 -92 -42 99 54 -58 5 82 -92 5 45 65 36 -46 62 -83 -50 -20 89 -5 -86 35 -71 -74 3 -36 87 45 76 -55 -8 -91 -21 24 26 4 30 88 -82 -19 39 41 -55 -76 29 -73 16 -54 -54 71 63 92 45 -66 30 -52 32 -77 30 97 -35 47 -12 7 70 -74 -25 -96 -15 16 75 -38 53 52 -30 -9 1 -83 23 78 99 -100 -17 70 -10 -99 -64 -93 -14 76 -23 -64 74 -82 -35 -33 77 29 -29 53 28 -19 99 -13 13 31 10 -38 -62 70 56 18 20 58 -91 73 33 -21 13 -89 12 79 -11 -67 -79 36 32 37 4 89 60 -26 -44 -100 -98 -35 -21 -97
18 -57 85 -61 -15 -31 55 -38 41 90 -6 -54 -81 -2 75 42 -42 68 25 51 30 63 -34 6 -71 45 -61 -71 -45 44 -23 36 -96 1 -46 -17 6 12 11 -60 72 -1 77 -95 52 55 -16 84 54 51 -56 -3 42 -93 32 100 -18 -84 49 29 50 -79 -72 85 69 70 -64 31 -41 -17 -14 -37 72 75 -30 -17 -32 38 -34 -84 -32 -20 26 -92 -37 -42 -49 39 76 14 2 -76 -61 -24 -92 83 78 -93 -50 -65 51 90 25 -6 -28 60 -48 -97 93 16 -2 -97 -47 -7 43 -71 -93 -86 -72 23 55 53 -52 30 61 61 24 -83 78 -36 62 65 -43 3 -4 38 33 -1 24 74 -14 -21 26 -19 78 -83 -4 93 16 -45 -63 55 -90 -46 -86 -89 -57 50 48 91 32 -9 11 0 -71 12 -19 66 40 -10 93 13 30 83 -57 -1 44 40 -26 -8 96 87 62 33 95 -78 85 70 -33 22 -2 76 0 -81 80 75 -75 -25 -98 52 -41 34 -6 86 -19 -61 50 -58 85 27 -58 54 -81 -11 8 -27 -79 5 36 41 -87 4 27 -83 25 48 -96 -33 -47 44 -15 -88 -71 47 72 -65 -19 -34 -29 -22 -58 89 46 34 38 -22 53 -71 -12 17
-37 -20 23 60 42 25 81 -14 -18 85 -36 -97 11 42 -14 -87 44 -76 -60 87 -82 22 4 52 -30 -5 79 -49 -53 85 -95 61 -42 -86 -72 -19 64 22 29 -6 -58 -34 35 -49 23 -69 83 14 -77 48 79 66 40 82 -47 -42 -74 -87 -29 -40 -14 13 -9 3 81 -60 -63 20 -83 -76 70 -82 66 93 46 20 -80 -100 -89 -90 -22 26 97 -48 -93 -88 -33 39 -6 73 2 96 86 25 -23 -27 -49 80 -76 70 -28 26 -3 -18 0 12 87 -92 41 30 64 -73 -68 -95 -2 -66 -77 92 -89 -81 66 69 -19 -86 32 -72 -12 59 18 -64 68 92 -62 5 0 -75 95 -47 51 82 -47 -33 8 -83 30 -66 -30 -45 -97 72 -20 -69 -90 4 91 -60 -2 34 6 -64 -34 17 14 67 -7 54 -55 -38 -76 -26 0 70 -96 -30 -74 -51 -44 52 10 39 16 62 78 -81 52 66 47 26 58 43 -86 -98 3 -77 -49 66 49 40 70 51 15 -28 11 61 -52 -26 91 26 18 -46 58 15 -20 -41 -66 35 -30 -75 -99 69 -68 -6 7 -64 86 -93 -24 31 -99 -19 -43 -77 -35 -29 29 -38 -79 -65 23 25 90 51 -41 -71 17 98 -2 -56 -25 -58
82 56 95 -64 74 46 -18 -12 91 47 -51 -9 51 -78 -1 40 9 46 80 12 65 -5 -89 24 -10 12 82 -48 -87 16 8 -89 -53 -7 25 100 55 7 91 -29 -86 -86 -70 -38 14 -27 11 -46 16 2 -40 -57 34 -48 -65 -72 -26 76 -17 10 10 87 86 -72 95 8 33 -83 -35 11 22 -84 96 78 -13 50 88 -100 -33 27 100 96 4 95 -6 47 -34 78 -81 -76 32 -42 54 -84 -67 68 -74 -21 62 -9 -92 -13 1 -78 1 -11 -76 -92 32 79 -82 -38 -22 -23 95 -27 -61 -71 7 53 23 -30 23 -88 55 -23 -6 -90 33 -92 -79 69 30 42 -52 -55 -72 -49 48 64 17 57 90 89 -16 40 93 87 -14 -37 69 -76 37 50 -49 74 -23 -57 12 -65 53 -35 87 37 -73 -24 -7 -91 96 -84 -54 68 -54 -48 -70 100 10 16 -76 -63 -17 -44 -11 43 -8 -12 68 -27 46 61 77 73 -51 45 -92 67 99 -23 -46 32 24 44 -65 92 -97 67 65 -72 34 51 -91 29 -92 -36 -79 -45 78 43 17 -58 91 -10 -84 -58 99 -6 -90 50 91 40 -60 -91 93 92 93 -10 -99 92 -53 -47 -57 5 -90 95 -100 6 44 5 71 21
13 -21 -11 94 70 10 -3 56 -23 -71 31 30 14 100 19 -40 54 -88 -27 91 31 42 1 55 -16 -75 97 25 -31 -3 47 -51 -77 84 68 13 36 93 5 86 -36 -46 97 59 60 -19 -29 68 -88 -10 -52 -85 57 -79 -47 -46 80 -30 61 -58 28 16 50 52 -83 50 -36 -95 -21 -47 37 -13 17 -9 -40 32 -88 60 -96 -100 93 93 62 -22 -56 43 47 10 99 -40 33 28 29 -69 42 57 66 -1 45 -32 -49 -10 83 6 -92 -51 -74 84 30 -60 -94 -77 -2 -24 -15 45 57 -44 77 49 -30 -75 68 99 -28 -75 8 76 30 45 90 -96 34 -25 55 71 6 45 60 -13 -49 98 32 -85 -9 -30 57 -16 -33 -22 -52 -18 -58 17 82 29 -27 -30 -36 1 -95 -94 -66 -33 -90 51 -14 -98 56 68 -9 -40 -76 44 31 3 83 -83 -67 7 34 6 28 -49 69 -9 -44 44 29 6 -88 -15 51 99 15 59 80 20 9 -57 82 41 -54 -42 63 0 81 21 -72 -42 88 27 -43 -25 48 19 -38 40 -47 92 -91 33 -29 -23 -10 9 26 -56 -31 80 -72 -31 73 82 -38 -62 -36 22 -86 -50 -28 81 -52 57 33 57 59 13 77 60
-84 60 50 -48 60 70 70 -42 74 82 80 6 65 34 -22 -83 7 -84 62 -6 -43 46 -88 -59 -55 1 65 -10 -72 13 50 -48 -25 -56 -83 10 53 64 -38 -44 -64 -55 -31 21 92 73 -82 -1 -29 -77 -50 -67 18 -44 -13 40 -78 -80 5 89 -1 -26 -8 81 14 -26 60 95 -38 51 71 -95 1 84 -76 83 37 36 24 -49 -34 81 -16 -14 -10 -43 -96 2 -17 -87 35 95 -30 65 -81 -28 -76 -16 45 82 60 12 100 98 -64 3 40 70 -37 -54 72 -5 83 23 87 -44 100 -63 0 44 20 11 -68 7 -78 -33 -10 73 41 -64 -97 -20 -51 0 -31 99 -25 -78 -81 -31 37 -97 -11 -60 -80 21 53 -6 62 -95 -6 -30 -25 75 -18 -5 -30 97 -81 -58 -95 14 97 97 -86 -89 -88 51 -92 -61 18 -10 -31 -72 0 9 -20 -68 34 -18 -24 -36 -29 65 74 -22 -13 32 86 90 68 72 13 42 -30 3 -52 -75 71 74 -63 -89 34 -28 -37 24 68 5 65 38 -58 79 -47 45 -40 31 -100 -22 10 -65 89 74 100 -3 67 -10 -98 81 90 79 -70 46 37 -6 41 -79 44 -68 13 85 70 -26 61 -7 1 -53 46 -23 -94 -79
-54 -79 -13 -46 53 -24 69 20 -70 33 2 -59 37 83 -92 -21 14 34 -53 8 -86 -7 -16 72 -97 -39 30 -96 0 -24 54 -69 -83 -28 19 -59 30 -66 2 7 17 -100 39 84 -36 -51 60 67 2 3 -10 88 -12 76 -24 19 2 49 8 -61 -55 24 -10 38 -83 88 -46 59 97 -49 8 38 7 -4 81 9 94 87 59 -26 86 33 33 -74 -54 61 -2 30 81 -57 -53 -69 -72 81 -21 43 31 91 5 26 70 -13 -64 -94 42 -62 -4 -95 23 0 -28 70 4 95 15 -43 -77 9 -18 -33 55 -70 29 -27 86 13 -96 -23 53 -19 -38 91 79 75 92 45 41 34 -89 21 -75 17 -66 -9 13 64 15 95 -85 -44 59 32 30 -23 -23 -40 35 16 48 12 25 3 -43 -21 71 49 11 -78 -15 93 2 89 18 -21 13 -9 -70 77 -64 -98 38 66 -73 -34 8 -22 7 4 -85 -21 -33 6 -85 73 -5 44 -23 94 -78 -89 -30 -5 25 -95 -89 -33 51 -47 68 -6 -30 84 -20 70 -76 78 -93 -3 38 55 -52 56 -8 33 10 74 71 2 -8 34 71 13 -96 -82 -30 57 27 74 -43 -68 -43 -59 50 98 -1 -95 -22 52 -13 -51
64 -62 80 -31 3 98 85 25 -77 -64 11 -38 53 -40 -26 56 -11 -19 -67 33 51 -85 -95 -16 56 -77 66 -14 -70 27 -97 -76 42 -35 -74 -76 -47 -6 49 13 78 -33 98 -87 -70 -45 -93 -20 -20 84 35 -31 -60 -89 40 -37 6 79 64 93 -79 -38 17 -34 59 85 89 -62 7 33 -98 82 34 45 -79 24 -71 57 -45 -93 -30 -47 -24 60 -6 80 47 18 6 -57 27 79 -82 -87 24 69 86 8 -1 -33 81 -45 -24 47 -1 -5 -56 -68 19 83 -28 77 -62 -60 43 -2 -74 -63 66 50 14 8 60 63 57 80 -86 -55 84 -97 10 40 73 74 5 -99 52 95 32 43 14 33 70 -42 -74 14 -27 19 31 -9 59 -38 -59 -89 24 25 -66 -6 27 -75 -78 -14 -43 68 13 -68 -39 -94 -87 -47 -91 53 75 62 -97 21 -64 -97 17 22 13 -97 77 -55 -11 33 -51 51 56 45 36 70 -59 31 -45 -51 -58 58 99 -59 -1 -42 76 37 -46 -92 76 85 52 -26 -4 31 42 17 91 -15 45 -18 64 78 -11 71 39 -23 -30 47 -14 -4 -6 -41 68 46 14 -22 -56 -26 -72 -32 -55 11 35 -67 87 6 77 66 -69 -69 -46 -74
-28 -96 -50 89 44 -12 59 -55 -42 -7 -41 58 -26 78 -97 20 84 -99 22 -9 -55 53 16 43 23 33 68 -91 33 68 55 -73 -51 47 38 -3 -42 -96 -29 -34 89 37 -46 -24 -74 -2 -17 -34 14 100 27 91 90 -60 53 36 32 26 51 54 68 -88 -18 56 3 -20 -32 16 17 61 56 -59 99 97 84 -61 -31 72 -28 36 77 11 98 -94 -55 51 45 6 82 -30 95 -62 -39 -87 -98 31 7 -85 -36 -80 -87 89 -56 96 12 -17 79 1 1 66 77 -70 -47 89 -23 18 -6 -58 -99 83 13 -85 -20 -12 -88 -84 17 99 0 7 2 7 16 35 56 -94 62 -64 -92 67 -10 -99 -28 3 -60 -1 96 7 -94 -23 -66 -2 80 -75 70 -15 18 -68 75 -67 -85 -61 85 -73 94 34 -3 -68 91 -100 -43 -53 28 52 55 -67 -100 -70 -48 45 -21 88 -91 -19 9 -86 -95 -25 -99 -7 95 13 29 -64 -26 46 -29 -87 87 62 -60 58 67 33 95 51 66 -7 100 -25 -70 50 42 -74 -98 84 44 99 -40 85 40 37 27 -89 22 85 -62 -10 84 4 10 23 90 -59 -14 -81 48 -97 -8 63 -75 24 46 14 -44 83 -34 39 29 -63
-73 39 -65 -43 -4 13 17 -29 76 -11 -6 -44 55 -35 -66 44 9 -35 14 57 -16 95 -14 97 -67 -54 50 -14 -97 2 -62 -66 53 24 41 39 -22 -25 -91 -22 -54 -52 -11 -9 -3 -50 -18 -86 -57 -99 20 -87 31 -67 -100 -83 -84 71 72 72 1 -7 -12 -81 23 -51 6 78 -62 56 -60 -51 -9 17 -35 -93 18 89 -32 17 -89 26 -55 -96 83 -14 51 -52 4 -59 -74 10 -8 69 -85 -46 -33 80 67 34 11 -10 87 59 83 17 -37 15 -60 76 91 -5 -24 59 -67 -65 -54 12 24 64 -41 41 74 -80 -10 52 48 -67 84 37 -11 -94 55 -90 -62 -44 97 5 47 54 -58 61 22 -35 51 -29 -90 -22 66 11 31 -46 -10 72 80 -39 55 4 88 -69 23 -58 10 -52 -42 46 -40 -90 -93 59 -40 -20 -18 23 61 22 -25 -38 12 99 64 -36 -76 57 -26 -43 -91 65 -12 98 75 47 -9 -96 64 12 46 36 85 -61 -45 -88 -14 -17 -90 62 -64 13 -61 86 -13 65 -19 5 -13 -96 91 -29 -62 78 -33 7 -76 39 28 -63 -34 76 -85 10 82 25 14 -96 -62 -35 83 -82 -78 86 19 88 25 90 -85 -18 -31 92 -39 24
17 30 -5 75 71 -90 -15 18 -97 68 -84 -36 -2 -17 12 -80 23 80 -80 -85 -24 12 21 83 95 7 -97 -15 84 23 -77 62 52 13 57 16 -57 -73 -24 13 49 -75 67 -38 -25 32 47 -25 -62 -1 -65 26 56 72 92 -33 7 -94 -31 -23 -52 -44 100 35 11 28 -44 92 -81 67 -21 -65 2 86 59 1 79 -63 37 83 -6 -57 44 76 9 78 -85 -73 23 65 -3 -19 -37 -49 61 -65 -27 24 -97 -13 38 -89 -9 98 -21 97 -49 59 24 -74 44 76 8 -56 -64 31 78 68 -21 85 86 51 79 4 16 -85 -48 27 -20 -89 12 7 -59 14 -8 -48 -11 66 -15 89 -29 39 -17 -83 39 -93 36 73 -81 71 24 -6 -25 84 93 69 32 50 -74 42 97 -69 38 -15 85 14 -64 93 100 -50 98 39 38 -66 9 93 60 78 47 94 94 -24 -70 -3 -87 78 -70 68 86 12 93 -76 76 -99 94 89 51 42 93 80 -19 44 -15 79 4 -9 96 -48 84 -89 -26 -1 95 76 -85 9 -69 -19 -20 18 -72 -24 39 33 -50 -59 91 -31 87 43 -23 -1 -21 77 76 -78 -15 26 6 -36 88 25 -38 -18 20 -9 18 -54 85 -15
57 -78 -37 -94 7 -56 98 -53 -33 33 28 -95 42 -61 13 -85 -63 -82 -87 92 87 73 58 -53 -36 -71 9 18 -31 -81 -47 -66 52 75 42 -82 -79 -43 3 100 7 46 16 -23 21 -72 58 39 12 14 -89 -25 -84 31 48 -95 -75 -68 87 100 -82 -1 99 59 -44 80 -72 38 42 28 -61 65 27 -47 15 -63 -70 -98 -65 -75 -8 -38 -10 80 47 -72 -77 -70 65 -84 -4 -47 40 55 -13 16 30 -80 7 -13 3 -7 78 98 67 -30 56 -71 -16 -83 68 55 87 -8 -93 -17 2 -6 90 98 1 -27 48 -6 52 -53 -63 -75 -62 99 96 -43 -32 38 -77 -58 44 -17 -46 -63 -79 -85 -45 -29 -21 0 -49 57 52 59 -87 -90 89 25 -34 77 -21 70 33 -17 -10 -49 53 -52 -83 -5 -24 -4 45 -100 -36 58 6 -16 -60 74 69 53 76 83 70 -35 73 58 62 -14 32 75 80 -61 -81 -66 64 -65 -38 14 88 -86 -54 1 19 -96 -74 -88 5 -86 -19 -30 14 41 44 74 18 -70 -9 -61 -13 100 47 -98 70 94 -38 94 74 80 74 100 -36 -77 -98 -13 -68 -74 78 -22 79 -51 46 -29 -87 6 -29 11 52 -25 -43 -68 -4 30
52 26 -54 97 69 3 -82 -36 -33 53 -59 11 -55 -25 52 48 -4 -38 -74 88 -78 45 74 -13 -87 12 -47 -1 24 7 -50 -38 -46 68 22 -46 -81 -81 73 33 -32 13 -75 22 100 69 51 81 -47 46 5 -22 -73 45 -47 47 76 91 80 -41 71 78 -97 69 78 -20 -6 11 16 87 88 79 44 -64 42 62 -96 22 -40 -39 -11 98 -98 58 65 -98 -35 38 -93 55 53 26 54 -58 -88 100 9 3 -81 87 21 22 84 -29 14 -85 -75 100 -98 71 -23 45 28 86 -22 52 -61 -31 -62 -81 -47 -63 -31 73 22 66 71 58 35 -23 63 66 -64 96 89 52 11 56 -65 26 -16 -100 31 -75 -98 -31 95 47 48 -45 27 -95 29 95 -96 10 66 42 97 85 95 -16 52 66 62 -77 68 -33 -60 28 94 -84 -24 67 -8 21 64 81 32 17 24 10 -54 86 74 43 65 -16 -87 -62 19 -100 -28 -52 49 -85 73 -56 54 38 54 -41 -89 -99 97 2 49 -63 27 -37 -6 50 -81 98 72 -72 -74 2 79 18 -83 -26 74 32 -59 -33 20 41 -78 90 17 30 63 89 99 24 76 93 99 43 -85 5 10 -18 6 17 -41 20 -48 -36
-18 42 95 70 -99 -35 30 -34 22 94 50 12 -22 68 96 52 53 81 -73 -70 39 27 98 48 50 -66 7 87 54 -19 -41 35 73 89 100 -55 -45 -72 36 -22 -62 84 34 -59 -58 -95 -60 -85 -57 -71 -76 70 45 -9 -79 -85 -65 -41 -7 -15 39 8 -98 -99 3 -4 -11 -19 -81 61 52 -6 -74 -43 -3 73 72 50 56 -40 -31 -59 -73 22 63 -21 42 -34 -5 -66 13 98 -42 16 25 -56 8 79 -73 61 -60 -50 -14 -46 -36 -39 -88 -99 -86 -84 72 76 -80 2 98 37 22 96 28 -23 80 61 0 84 -20 54 75 39 -61 -84 -74 16 -1 28 -6 -94 64 50 36 -95 34 97 62 48 -6 27 -93 -54 72 16 -8 41 -97 67 41 -93 47 36 48 -44 7 -1 -82 69 -73 -9 38 28 10 23 -44 -21 -17 46 46 68 13 35 -78 99 8 -64 92 -61 -25 18 100 -84 -81 3 -11 -89 -70 16 -68 83 26 14 -75 -5 13 -83 87 95 20 37 -25 31 -33 -5 -9 -98 35 20 -24 96 -33 35 -10 -65 -4 62 5 93 -2 77 40 84 52 93 1 -3 -89 -63 75 7 93 -49 -80 27 -50 75 -23 8 -81 -42 38 92 43 -3
-86 -39 -49 -30 -75 96 100 30 69 79 -72 -19 35 49 46 -39 -35 0 -14 -23 36 -100 -80 70 41 19 -39 81 55 39 67 -45 87 71 62 50 -94 -23 -87 72 38 92 33 -49 18 -15 -51 -100 41 6 28 27 97 50 42 66 -27 48 35 -20 -58 -64 -14 -22 75 -3 27 41 -84 -49 53 -97 -8 -23 74 -15 62 -36 -67 -49 30 -73 -4 14 -22 -11 -44 15 -36 -38 58 93 54 51 94 -95 79 90 83 12 -57 55 -11 -17 -36 77 84 19 -29 -22 -38 24 -78 79 -79 91 -27 -30 -18 -55 69 26 59 -81 -95 46 -77 10 27 -68 -32 84 -8 -15 78 -52 -27 -85 -52 -71 41 -91 91 -21 -36 67 98 -1 -62 9 23 36 -27 42 -45 -21 -72 90 -63 -47 -51 -73 -27 99 -52 -29 -21 -80 8 -85 21 -12 -83 32 43 63 91 -16 -11 53 -20 -50 -82 41 -66 35 78 -73 -100 -47 41 -94 91 70 -85 -60 97 -21 74 9 64 -4 -22 95 -17 41 -88 43 -99 -35 62 -4 -14 18 48 -8 40 74 -56 -5 0 89 -88 45 32 60 -98 -20 42 3 38 63 -23 -33 41 -58 -64 -90 -78 33 -9 11 85 26 -3 87 -68 60 -43 -74
-98 68 -78 53 56 -9 19 -42 -64 -16 -6 95 -59 -86 -64 59 29 60 -100 8 46 44 -21 44 50 -80 43 2 -43 -43 62 52 -94 65 -100 75 -8 18 45 -95 -52 13 -54 -37 9 -76 -12 26 50 -99 -61 7 28 -85 -100 83 -77 31 -14 86 100 -65 71 -78 76 -16 -53 -7 58 100 -87 98 -44 18 89 -9 49 -18 73 -16 -95 0 46 -50 -46 47 -17 -69 -11 -9 -64 -60 -55 -95 24 77 78 -31 -52 -100 -16 6 33 50 -48 -11 -65 49 27 48 -48 28 -57 -79 73 -65 44 30 -49 86 -59 -65 61 -94 26 -84 -3 -82 75 52 44 36 85 -44 33 96 34 -88 4 12 -16 -100 -6 -5 16 -13 -39 33 -26 96 -42 13 90 64 -94 -9 46 63 -73 -13 -38 -52 -10 -57 90 -85 -16 4 -20 61 29 50 11 19 -6 27 -56 83 4 36 -33 42 -43 -58 -67 39 -32 74 -93 -10 93 -18 -55 -23 -61 -45 -96 13 -90 35 54 86 71 6 -91 27 15 36 4 -78 -19 7 -46 9 8 -30 20 21 -54 -79 2 -16 6 -63 45 23 -78 -59 68 56 60 -98 -7 -83 90 74 -86 -85 -65 -16 -54 -85 61 -52 -76 15 -26 -59 37 -83
-18 -49 91 -72 81 37 -46 -73 -19 -34 -47 -14 -76 97 -76 40 14 56 13 64 37 -93 -10 63 76 20 -96 11 -80 3 8 -48 -70 22 9 53 66 11 76 -44 -65 -85 -75 54 38 37 32 -94 -91 93 4 99 -24 87 8 85 48 74 92 -56 59 -5 47 -21 58 -28 -19 68 -37 -12 58 -10 68 14 27 41 -22 59 90 -9 16 -35 21 34 48 -55 -86 -65 3 -76 -80 -15 -69 56 82 -10 47 -96 -56 -28 -4 -9 97 74 82 88 30 -28 -72 -77 40 -9 77 87 -73 -10 -37 78 47 -87 -72 -23 -79 -100 -72 53 9 -7 57 -52 -27 -90 57 -99 -82 -42 23 6 -58 -73 -19 18 63 69 -75 54 8 62 28 64 27 55 -61 -80 58 -9 -64 21 0 70 -92 -2 -82 -35 63 78 4 -8 53 -78 -25 36 -14 -55 -1 14 -27 -45 -74 -33 -1 99 16 12 57 -78 25 -55 28 68 68 -35 70 88 -6 77 83 6 -62 9 96 58 89 26 -82 -15 -51 -17 -70 24 -51 22 32 -68 -29 79 -97 -85 69 30 67 84 -80 -63 49 -4 -47 33 24 -51 -89 65 -20 -56 64 -68 -62 -6 -66 -30 28 36 63 46 -7 92 -68 27 31 47
-74 -44 10 84 71 23 -7 -41 24 -58 69 60 90 -22 29 35 36 27 38 -33 33 -45 -43 -21 -10 -4 -14 26 -19 -87 -15 7 -78 53 -71 -71 69 -48 -3 60 32 -95 -18 -65 -24 85 96 89 -14 -48 3 0 49 -58 -67 -61 72 16 -13 -53 28 -14 -84 -78 84 -60 -64 81 -56 63 9 -70 98 -43 84 9 74 31 28 -81 47 -12 -7 -6 28 11 9 8 -18 7 32 -6 87 -55 -14 -31 72 -84 29 55 2 87 -79 66 -75 -8 40 60 -49 11 -32 80 60 38 6 95 -91 26 48 30 65 -67 87 -12 34 -13 -81 21 -20 -23 16 72 100 97 80 96 -20 -92 41 -22 87 72 82 -77 -64 90 -6 17 57 75 49 89 37 -54 34 -33 -15 -45 -34 48 -93 31 98 4 9 -47 -79 -2 22 87 48 78 3 43 -36 49 9 -13 65 38 -32 74 -89 2 -64 -87 -49 22 15 37 -62 88 25 -90 25 -43 64 93 100 -61 91 -42 -98 46 13 -60 -45 66 8 -98 -21 64 -97 37 -97 56 -81 -6 -100 71 5 -24 -74 68 -31 19 -97 -91 62 -68 -53 100 44 79 1 88 48 100 -45 22 -71 -76 -64 78 2 2 -17 13 11 87
-85 33 -27 16 -10 28 -1 -46 -46 -12 0 -15 -10 -47 -64 68 19 41 -8 -5 -64 -78 -87 55 42 3 -8 98 39 2 13 16 100 -84 5 15 -9 84 -91 58 -95 80 36 67 19 -85 -23 -91 22 44 -92 -80 25 59 46 50 11 50 -36 80 95 88 19 22 -83 87 100 51 71 59 60 -40 -67 -25 21 -11 -38 -5 23 -7 -93 -59 -37 55 67 -46 -53 100 -63 -12 76 25 -47 5 33 93 -51 93 -2 58 -89 -69 21 7 -16 -7 -99 -99 48 -78 28 40 -80 79 77 2 66 99 -76 -82 -13 45 -88 -27 -57 28 47 60 25 67 81 -100 -72 -44 -92 -84 32 47 -59 -75 23 6 -9 -51 -76 34 -4 72 -40 -77 -8 -84 -100 90 -69 63 7 81 81 -44 -87 -98 -40 -4 79 -78 17 -61 -49 29 -41 -77 31 20 -41 78 -55 -37 89 -42 21 18 5 -46 -60 -14 -65 -98 -2 81 21 44 -25 68 70 66 -40 72 -4 25 -98 -34 98 30 -22 66 88 -10 93 59 17 96 -65 -63 66 -95 41 -80 -12 8 -41 -22 -81 -35 65 50 22 56 38 49 46 -47 -28 70 93 32 73 65 89 87 37 -85 -87 56 -49 4 81 46 12 25
85 -50 -96 -100 82 -66 27 -3 -24 79 -49 -41 -55 -93 -37 -78 38 -85 38 -9 8 44 -2 74 -100 -85 -45 27 23 86 -89 -76 -33 -80 47 19 82 84 98 62 50 57 -82 63 -47 13 -77 -7 14 45 -68 -33 -90 -57 -68 -30 -54 42 -76 91 -79 -73 58 19 -30 -84 -35 24 -79 76 69 -47 78 -38 5 47 9 -42 -48 4 -58 4 44 94 -26 49 -33 -8 -43 -11 16 51 -55 57 -83 88 83 -76 34 -4 97 14 -17 61 6 15 -48 76 -74 59 -80 -33 -83 -56 -28 58 -7 -55 91 -44 10 3 69 2 -90 -47 -72 -26 72 -3 -8 -3 -59 -53 74 67 12 -49 -57 66 -55 77 72 -46 -11 -28 60 -82 -69 -21 20 -30 -5 -42 -23 -2 -41 6 -58 -82 45 32 -26 1 -89 88 60 -68 -15 19 -14 -71 -13 -58 -97 18 37 -64 40 -73 -93 37 -25 87 93 -33 -93 -52 51 -54 -16 -66 -24 -91 -52 24 -81 -9 -16 -36 41 49 59 65 52 55 14 -21 -13 22 -43 -61 -13 -26 29 94 -51 -29 -8 88 54 19 -19 -11 41 36 -17 -72 61 93 -15 -17 62 95 -20 -18 -39 69 25 -20 73 58 43 -71 98 34 50 -21 14 -71
-43 47 6 -20 64 -90 -39 -92 -41 25 51 28 12 -75 95 -72 -82 59 -60 49 -41 40 -2 37 -81 -28 -35 29 70 -14 47 -16 -29 -29 -31 36 59 3 4 20 -57 -89 -32 -96 -1 30 52 -7 -4 98 38 1 31 -17 -53 25 -53 -29 17 35 96 -99 82 81 -49 -86 78 -34 89 14 -50 -37 -100 93 94 -72 88 45 -95 92 -53 -92 -47 -26 -42 59 45 30 86 67 -79 62 -95 -75 -17 97 -100 -40 -57 -25 56 35 -93 -80 -68 -61 60 21 -4 57 95 -10 22 14 -37 -71 -37 69 43 44 83 -2 -5 -96 88 -88 78 -19 -3 -49 -88 3 18 93 99 88 4 -86 -46 95 95 -74 50 -1 -85 -92 80 2 38 -30 -65 -56 49 48 -65 -19 73 -32 -48 36 -38 -75 -59 -70 -17 -92 16 31 -19 -28 -38 -96 -37 46 -91 56 31 -64 -8 -67 15 -29 -90 15 -54 28 -79 87 -64 47 54 -70 99 -90 -32 -99 78 41 -61 -19 -100 88 67 -19 -77 56 -86 74 98 -63 -80 36 53 -25 -89 -65 -30 -87 75 7 30 -44 2 43 -70 -70 -23 57 -54 -6 76 -21 -30 -47 -47 100 -51 -95 83 61 85 -66 45 86 -95 -26 25 -40 85 -46
33 -97 -95 74 -72 -24 2 71 43 86 -8 82 -52 -8 53 -48 97 53 54 3 97 -52 -83 -31 2 -73 72 -34 96 37 80 -73 94 98 -62 -30 -70 -43 73 -12 42 -58 39 -71 98 -45 44 33 -55 -60 -40 -23 -41 -26 89 78 94 -83 -63 -66 -90 -84 -92 64 -58 37 9 9 -69 -5 -62 54 -56 87 90 41 20 63 96 -2 -7 -85 -80 26 34 21 3 -91 73 1 56 68 -47 -51 92 39 52 21 -27 47 33 -11 23 9 47 87 17 74 -32 -54 -33 -44 -82 -37 15 -58 -56 -10 -75 46 4 85 11 55 15 30 -70 84 26 73 -75 55 47 -97 -99 36 27 73 -65 -11 -55 94 43 -62 -81 -84 15 97 -42 -32 -22 57 60 -28 -65 -34 11 96 -52 97 85 76 9 -77 55 62 -73 -53 -78 61 33 67 51 -75 -26 10 67 -48 27 -28 -31 24 100 -8 95 -98 -60 3 76 -39 38 -23 -34 -94 -95 73 -68 -76 38 -10 -15 50 69 77 20 -8 -12 -59 -64 96 -54 49 -37 -24 -28 42 80 -95 -42 32 85 -87 19 -51 17 16 -63 -36 -94 -78 -92 8 68 1 -79 43 -58 -68 -4 -9 25 -35 -10 -43 -52 -73 64 -31 20 -53
-6 -62 60 58 45 -65 8 -26 4 -24 -8 -37 14 94 70 43 -50 83 -73 -5 93 -2 -65 -45 -61 -4 55 -40 50 -100 -69 -56 -28 -82 20 -70 -12 -95 -7 -22 -37 62 23 -68 -76 27 -90 -29 12 -25 16 -3 59 35 27 19 53 -68 -87 -46 34 -7 -49 -35 6 -71 85 -5 -41 -39 -37 -49 -31 -92 -49 -24 -36 27 1 -5 24 47 10 63 -28 81 -32 -34 -54 -23 -8 46 -20 84 -79 49 48 -88 96 91 -20 54 -100 70 78 -37 -91 -49 -77 33 -66 61 87 73 47 27 -78 53 70 -34 -81 48 71 45 57 -2 54 -63 50 -93 -95 -67 89 -83 18 -7 -63 34 37 55 58 13 -55 -23 80 -24 -72 39 51 11 84 65 62 -61 96 -32 -3 83 12 -6 50 -79 -2 -21 -53 -83 58 -81 -16 -28 -56 72 -89 95 15 100 12 -100 87 0 -63 -29 -97 70 100 -36 -45 48 90 53 88 -100 -70 48 61 -70 13 9 59 92 86 1 -28 27 35 7 -99 85 17 -48 -73 -12 55 -96 -30 0 23 -8 -82 86 -33 44 73 8 8 72 13 13 91 19 -72 9 -46 -79 -83 -60 89 14 -81 13 85 63 -85 -56 9 -22 34 -61 14 -70
18 65 -29 49 -38 -59 60 -8 6 3 62 -56 22 83 -29 -69 15 -89 91 -71 -90 41 40 -10 9 51 99 12 -61 33 61 -44 -28 -21 7 35 56 31 -65 -66 48 -96 -27 85 -8 -18 36 -73 92 83 -95 -22 24 -93 35 -53 -44 3 53 29 -32 65 87 57 -94 -58 -45 -98 30 -96 -38 -100 -91 26 22 86 -70 76 17 17 -16 -99 -94 -83 -63 -33 -94 -26 54 30 68 -47 -67 8 99 13 -88 22 96 90 91 62 -30 -11 -35 -20 23 -95 97 62 40 62 78 52 27 -87 67 -20 2 -42 4 -93 -65 -1 94 82 -80 78 -51 81 11 71 -98 66 48 91 -80 -93 56 93 43 24 -28 39 18 96 -95 -19 33 -50 60 33 100 69 90 75 -6 57 44 -48 -72 -40 97 -98 -53 -30 -13 57 95 -88 -30 50 61 -75 -72 -51 12 34 -37 28 64 18 93 -97 -66 -9 62 36 19 78 -78 21 10 -47 -19 -37 -15 -35 93 -6 -55 38 -5 -15 51 26 57 22 98 -57 -97 -50 21 22 -8 -2 -75 -47 78 -47 -6 -58 -87 -70 -99 -38 9 -87 30 67 26 -75 10 -30 -7 -89 -62 37 78 -62 -66 74 -51 18 94 89 60 60 -15 -64
49 -75 62 -37 76 -43 77 65 -51 68 -77 -52 -65 42 44 -38 89 67 -2 27 46 -82 25 -84 35 10 -36 29 -5 0 12 26 -90 -26 -77 -78 73 -26 37 -85 50 -70 -92 -16 60 -37 17 -18 13 -85 -94 50 90 53 31 83 58 -68 48 -92 42 -98 -35 61 61 45 90 35 -65 -71 98 84 76 -29 -43 73 -46 95 22 -50 -74 -25 -19 15 -57 73 19 41 83 -33 -68 35 -72 -35 -35 -48 81 31 -18 74 -19 -16 29 51 -2 -91 5 70 64 -37 21 82 97 -7 46 43 44 -89 -85 75 -25 97 -11 -9 89 94 11 -81 83 -80 99 -42 12 73 22 -30 37 34 -93 95 30 99 48 83 -24 -81 -55 -32 92 77 -31 67 -99 32 68 25 4 86 -99 -94 -79 7 -16 89 32 92 -36 49 21 80 28 -55 57 5 -33 0 69 -60 7 -49 23 31 -69 -56 23 -71 -1 -45 84 23 -67 21 22 74 -55 -44 -20 55 -6 56 95 1 90 87 -21 40 -76 78 9 -71 37 -38 26 -92 -35 -18 -46 -97 20 -25 -16 65 -63 -63 45 82 -94 3 -27 -91 74 14 -55 14 -84 -68 -97 -89 15 -27 -67 49 97 95 65 -68 78 97 -94 -81
62 98 31 10 15 -73 57 69 25 -77 20 20 -57 -64 -60 93 88 -58 -62 31 7 47 -7 40 3 89 51 63 74 -54 75 22 -33 -56 14 45 1 -72 -45 -79 -9 -65 83 -57 82 24 -69 -19 10 -96 61 59 71 25 -20 82 24 -100 11 -88 -37 -95 42 45 52 99 46 -56 70 -77 44 -24 33 87 96 12 17 16 25 82 62 -15 -63 10 -47 72 47 -57 11 -28 11 93 -19 -22 -81 -60 47 -16 -89 -59 -38 99 81 12 38 0 37 -32 -92 51 -96 67 94 -40 11 -3 96 -20 61 -74 -8 33 46 -99 -37 -78 70 12 55 14 -83 -56 61 -69 -30 31 -86 -79 9 68 -19 4 -45 19 -13 94 49 93 -66 7 -54 4 -16 79 -54 -62 -25 -86 34 -49 98 -31 -93 59 7 41 -89 57 14 63 -63 16 -52 -87 -34 -51 -66 -24 17 30 83 67 -73 26 18 -73 26 -29 -4 -83 -40 7 38 -34 86 60 -44 60 51 -84 -60 0 -17 -87 37 -98 -62 -57 48 65 89 -33 -33 90 -56 6 -35 -48 -28 -49 91 -8 -2 -80 97 -17 29 59 36 -63 7 -44 98 82 -22 -44 -34 -99 6 42 -19 -45 39 91 -86 11 -70 35 53 -22
-30 -99 90 -16 70 5 -46 -22 59 -42 40 39 -78 100 68 89 44 22 -47 54 -89 11 50 2 -43 -61 -98 21 84 67 30 2 9 55 -33 15 83 -73 73 -68 15 19 -17 -59 85 75 -51 69 18 84 -12 96 56 80 -36 -65 -46 31 87 -36 -11 53 40 -9 84 -65 -26 -51 45 6 -56 28 7 58 -87 -84 -4 -97 87 -76 -32 1 72 45 60 -9 -18 21 19 7 81 28 -13 -53 36 -46 93 35 60 -69 81 -35 27 -61 -77 -68 5 55 -16 -82 29 -72 -81 8 -38 -84 10 27 -73 71 -94 -93 12 7 16 -41 45 -62 90 97 -54 37 -82 41 -83 20 -96 65 10 -97 27 45 -18 88 50 63 -14 76 -35 -66 74 -85 80 -82 -99 -23 0 -28 47 56 -5 -4 36 49 91 75 41 -16 45 11 61 88 -50 40 63 66 63 15 -84 -36 36 73 -68 17 -59 22 -71 24 -38 -36 95 -100 -4 37 42 19 -78 -2 -95 38 56 56 16 1 -90 73 -61 -44 -83 -55 65 -80 -13 -10 -75 21 -53 63 -7 33 77 -66 41 -53 -100 -52 -45 97 100 95 -11 -1 88 15 -78 100 -45 26 85 42 94 70 -64 -87 -55 59 -27 26 -27 58
15 -51 10 66 -34 -1 33 84 1 -16 -68 90 -7 -53 8 -13 42 -94 -67 -10 -87 35 -67 -23 59 48 -23 80 16 -54 -39 -79 -31 84 -24 47 40 -85 34 67 -30 -4 9 -38 -51 96 -47 -60 -63 57 -16 35 -7 -89 60 -65 -57 -24 88 91 -67 62 100 95 41 -7 23 4 -96 32 60 -97 34 -44 -85 -43 -19 -40 67 -13 86 54 -6 81 -100 -1 -56 51 53 31 23 75 -65 -77 83 11 56 13 17 -1 20 90 41 -30 -74 55 -31 -37 -38 31 -65 -38 10 95 -70 98 -33 4 20 -87 -9 -98 -49 1 80 -35 37 16 34 26 49 -38 55 -35 9 73 -82 -19 95 93 84 99 86 -8 14 26 -70 62 -78 43 46 -2 -66 -59 42 82 73 29 -30 65 -99 65 37 88 -51 71 -89 60 -48 -64 27 -28 72 51 -78 -50 -7 32 82 -26 -1 31 16 73 61 -1 -63 -44 -38 -23 -48 34 71 -80 74 13 29 -87 9 -23 28 -12 24 63 60 -89 -16 -47 17 65 -21 -37 73 93 44 20 -49 -41 -72 -53 13 65 81 78 -16 -93 -81 63 -26 72 56 22 -68 -58 -39 -96 -10 26 -73 -31 -70 -9 75 24 24 39 43 -84 52 59
-1 -90 30 -75 -76 19 -37 20 -84 80 -7 -93 -82 -98 -22 -88 40 -24 -33 2 54 45 48 72 -10 -60 11 40 -33 97 59 -77 -24 -31 -8 21 -61 -64 92 -91 7 52 -75 -61 51 -21 48 39 -46 81 36 3 38 45 77 -11 11 45 90 -53 -55 -5 -75 7 4 78 -45 15 96 -49 24 -4 16 2 -60 13 9 -62 -70 55 70 98 -83 41 82 -30 91 5 73 88 -43 8 0 -74 83 17 -62 -37 -18 43 -82 -76 -89 -81 80 -89 -11 -73 99 11 -84 -27 -24 59 64 85 -87 -52 -57 0 -8 -24 -66 -20 48 82 2 62 85 -32 59 28 -30 34 -96 36 -51 -62 86 -24 -51 -43 -29 29 -59 -81 -15 -81 -57 -4 -12 -40 -57 73 67 18 8 90 -9 -26 -14 -10 55 78 -71 -81 -56 18 68 75 -10 -63 -16 78 16 -14 26 56 6 -54 40 84 -11 -40 59 -34 -93 -81 72 -75 -77 -98 63 70 -40 7 -38 -28 67 48 -27 -8 -68 -27 -44 -96 25 85 -78 56 -5 65 -88 -3 -51 31 67 77 78 65 -86 93 -32 -77 -57 43 13 17 41 -44 -26 -46 -61 -96 46 -24 -29 -94 -86 67 97 -95 65 -87 83 -43 -87 17 -6 -9
-97 -82 17 -78 -58 91 56 3 -9 6 -70 95 -4 73 -22 9 -63 -66 74 20 -100 -10 -43 -57 -13 87 73 -18 -37 34 -15 -70 -79 -61 88 -53 -39 -84 50 97 -84 -89 -34 80 -39 -49 -37 -66 -76 -28 37 58 70 -46 -81 63 -76 83 99 -75 14 30 86 -4 -51 40 -69 -34 81 -87 2 -41 21 -34 49 59 22 -81 82 50 -59 16 72 -49 74 24 24 12 95 -51 61 59 48 -4 20 4 31 36 -50 53 50 70 -72 81 34 -80 20 100 50 12 18 -77 59 -88 -51 -83 82 -100 -64 89 -40 37 -73 71 -16 74 -58 -40 58 12 -62 13 76 -89 -63 -50 -42 -73 0 -65 53 -21 -89 99 -71 81 10 65 11 -15 22 52 -41 -77 -53 -81 96 99 -78 -42 -72 97 -10 -1 -13 -26 23 34 -62 -37 -36 -39 99 -48 -80 -70 -69 9 77 -88 69 -69 -34 0 -58 83 37 -40 -2 55 13 42 -43 93 74 71 -51 -88 -56 15 -39 66 -47 -14 12 99 70 -20 -89 51 -88 -63 -49 14 64 93 -15 90 9 -67 73 -63 62 -16 78 -96 -21 -40 -74 -64 -95 -54 38 83 73 16 25 26 82 36 -2 72 -18 -73 -95 56 -3 -12 -42 -74
76 -52 -97 -56 -16 -20 40 -11 13 -79 -90 -65 7 -12 51 -21 54 -75 16 -1 -23 90 61 -32 -91 53 -63 -37 -63 -55 -97 29 -100 -100 16 -28 91 4 0 -22 7 -10 2 -59 91 -70 6 -10 36 -84 -91 -93 60 92 -86 -96 43 -69 -63 22 -92 -84 -65 73 7 81 32 -55 14 56 97 -30 76 -34 -67 52 47 -46 91 -98 28 -53 45 99 79 -99 27 -14 -34 -81 -35 60 98 85 87 82 38 9 -25 91 72 47 -68 80 -36 18 35 -35 -61 -17 67 -35 7 67 -64 69 -97 34 -49 55 25 15 85 -23 51 -90 81 -45 76 44 40 -61 85 -25 -40 5 3 92 96 -90 82 -34 39 -34 88 -11 -33 69 -7 26 -86 -76 7 -29 -29 -17 -72 -17 15 69 -83 -87 88 -66 -47 9 -84 -89 -24 -36 97 -18 61 66 -50 -81 -49 29 -36 36 61 64 -40 31 -3 96 -94 -60 -14 44 37 45 40 -53 -11 52 97 -59 59 58 27 -8 -16 83 -69 0 53 -11 14 -13 -88 -82 53 78 11 -64 91 5 61 96 47 81 -91 13 -58 77 -50 5 -11 -38 -73 -66 80 93 6 -51 60 97 -2 71 99 36 60 -4 -68 46 69 -9 23 52
-21 -95 90 -45 40 -74 -65 -72 84 -56 -84 -92 15 -27 -78 -16 70 19 90 63 53 78 -16 43 -49 28 13 77 -98 84 18 -94 99 69 1 26 -34 21 -55 -14 99 -48 -41 76 5 14 -40 -72 -55 51 85 -60 32 -25 -64 29 86 -69 72 18 38 45 84 -36 -9 37 -89 28 -78 45 100 -33 -46 61 57 1 -25 32 5 -21 -86 -1 -85 -73 -91 84 -64 -36 5 60 -97 85 -24 -81 -13 86 -99 81 8 -81 1 -60 25 -57 -5 84 68 -14 29 46 83 -76 51 -21 -74 91 -100 70 -22 59 86 -77 -85 60 3 -76 -7 -17 65 -21 -59 -7 -86 -49 -77 -88 79 -79 -52 72 14 -15 62 53 32 30 -27 -70 -80 1 -38 -95 -36 -29 -24 -19 -3 -97 -38 52 -50 61 34 -100 84 75 -55 55 83 -55 61 58 9 49 -79 52 27 29 -79 -21 63 88 5 -42 -89 -5 -80 -69 -87 47 9 -54 26 -18 65 -92 -70 16 57 -58 -11 -14 54 69 63 65 82 -80 55 -52 -72 78 -29 95 98 -100 34 -29 71 -29 81 5 -42 -54 94 62 -15 -78 13 -79 20 28 100 -78 91 19 -49 20 69 37 -42 -48 -32 -54 1 -18 -48 -49 77 -47
91 20 10 -27 -87 67 -70 -78 -4 -93 41 -100 47 -20 93 100 -50 34 -62 59 40 -69 -97 13 10 100 -93 -59 18 -31 18 -49 -35 31 -44 66 33 -99 -21 -71 -82 87 69 -78 89 -55 4 30 23 -91 -12 90 -71 22 -24 97 29 -37 77 18 -72 7 -57 -34 -21 -28 -82 94 16 41 -83 74 27 59 95 53 -91 44 -22 -79 37 16 14 -31 -65 52 -35 45 -47 73 -77 -65 -69 -41 -4 81 -22 35 -80 89 53 100 75 -6 -85 13 -77 -64 32 6 -64 -54 -59 -97 88 35 -52 69 93 -66 -55 -99 89 -100 -29 3 -96 -68 77 70 48 5 -83 -33 44 -97 52 62 -67 -91 -73 -33 -2 39 61 32 5 22 -36 12 57 35 -21 -67 -12 -18 -99 -11 -50 -92 17 9 50 -82 -87 -4 -4 -27 -13 19 65 -35 -49 86 97 -91 57 -65 -18 41 14 44 -64 -18 -42 -1 53 4 -26 76 -29 3 -21 -49 -27 -60 58 12 -24 -90 2 -39 12 -54 65 10 78 64 65 57 33 -61 -71 -99 -26 78 -22 -47 12 67 -1 1 82 -42 23 76 -92 -25 -39 63 8 47 -33 34 48 38 -5 82 -36 58 -69 41 21 71 15 -28 26 17 9 -22
91 -26 -99 20 15 -32 28 -32 79 -67 80 -74 -74 6 94 55 -44 35 -48 -64 -62 -97 -62 61 -82 -63 -100 95 -7 -43 51 15 3 59 -94 58 -9 -85 24 19 67 30 -84 -32 -75 -53 100 -45 -20 76 -11 -87 17 -78 -33 62 -1 87 -31 13 -90 69 -75 18 83 -1 49 -26 -85 98 63 -42 -91 -95 36 -13 -74 42 -91 -77 86 -24 -72 11 -31 85 -63 -84 -83 -19 -26 3 95 39 9 -96 90 -61 7 49 -10 -43 -22 2 -7 -55 38 -92 88 85 -69 -94 10 23 -32 -63 64 14 62 88 41 -19 12 7 20 -71 86 63 -40 -96 -87 34 -74 -59 34 98 -87 -70 89 -22 -74 99 -91 -55 -35 15 -23 -5 19 1 4 -80 -71 -52 -85 -92 -12 19 -7 -94 78 -100 58 78 -32 -12 56 -90 -50 23 -25 -100 -96 58 -54 -9 98 59 -68 -72 -56 100 46 42 44 -19 12 46 22 -44 -80 7 24 -7 -90 -67 -30 -21 73 -9 65 61 3 18 -69 48 68 37 65 61 -73 -40 70 17 53 -70 30 70 89 100 -53 74 -62 -68 -32 36 75 95 -1 -39 47 -9 13 -45 6 -26 -91 82 -19 68 36 47 75 -33 -89 -40 -63 95 47 -92
79 -57 17 69 -27 75 45 91 2 61 -17 52 81 -90 -22 78 -88 -77 -89 57 3 61 -77 60 -45 84 -5 48 -15 89 -87 -72 -87 65 -40 -60 -93 -97 -59 77 -48 19 -99 72 71 -18 91 100 -27 26 80 47 3 -16 -54 -38 8 -60 93 8 19 -94 -66 14 9 -23 92 -100 -45 -77 -66 -35 -72 2 -48 -74 64 6 65 85 61 -88 -52 -14 -9 50 11 -15 82 -33 60 -65 -55 -5 -13 -86 -70 -79 -95 -69 -90 -83 2 -83 65 85 65 10 -13 -40 98 51 -2 -76 -87 -82 26 3 -14 11 -65 44 71 -41 -45 -29 -74 -85 82 29 -80 -99 23 -32 -45 -55 48 -49 -7 33 -59 36 25 -52 48 37 -96 -59 93 92 45 48 24 -76 3 64 11 47 -64 -18 -97 64 -49 82 89 -88 -98 96 -67 -4 -27 -60 31 -1 -74 1 -31 30 -16 -20 -27 20 51 6 74 50 -14 -57 41 -22 -53 12 -20 -49 95 25 -28 -26 -7 -44 17 46 -20 -33 69 46 95 17 3 -67 44 21 -13 -1 -73 10 89 -38 11 29 -26 -77 7 -99 30 -94 14 100 -99 71 -37 -36 -75 -89 -7 -83 6 -70 -97 19 55 -29 43 -61 46 29 -65 51 9 71
54 93 33 37 -16 51 46 -16 -88 91 31 90 -20 2 -27 99 -90 -48 -54 -94 42 -50 35 18 -9 -87 99 -1 -91 59 -5 68 65 -15 86 85 -56 -57 10 94 -15 69 3 -92 -85 -86 79 93 -20 -11 -54 43 -62 -57 -49 -50 -82 87 70 96 -71 42 66 -70 32 -98 31 89 -61 -79 -4 37 -58 72 -18 -10 70 5 99 12 -30 -34 -15 19 -23 -76 -54 50 -39 58 -90 -30 -22 83 54 -71 -89 34 -91 97 15 12 -67 96 97 -30 -22 -1 -14 -37 -46 -92 -95 -35 49 13 -5 -83 -30 -52 -47 71 72 -37 -59 -61 91 96 -85 -75 7 -51 97 11 18 100 -33 -55 16 -5 29 22 52 44 -9 61 -45 20 10 52 45 -60 35 34 -56 -26 -78 97 -72 56 -5 -65 72 -4 88 76 -55 57 -20 92 87 11 -74 38 -97 83 -62 60 -77 27 71 -29 -42 -3 98 23 -19 -28 -9 -50 83 -60 100 -25 38 -22 -60 64 70 79 -39 -69 -12 -7 -67 -34 7 30 16 -41 23 58 12 -40 -13 64 -61 -4 -39 33 1 -49 -92 -95 -43 -100 -71 -54 68 50 91 -46 -57 96 -10 -27 57 91 28 76 -87 0 13 95 -98 -64 -45 -54 -89 4
17 7 -77 -37 -2 29 -41 60 84 -88 -36 -61 -49 22 -33 4 -24 30 80 -16 94 -33 -97 40 81 94 48 -95 38 72 -28 -39 61 41 -99 -12 -40 -92 -18 -53 23 93 26 0 24 -26 -62 62 -46 41 -37 -3 -80 -95 41 47 -3 -87 -38 5 -13 -17 -44 -93 89 21 79 85 -76 93 -57 -13 -91 -97 98 -12 3 72 -47 -50 -14 -10 -21 -62 -60 6 -42 -81 -66 25 -97 -64 -57 -84 -69 -26 24 -7 -22 48 -29 33 -2 70 38 82 90 75 -28 14 54 -94 -30 59 21 -3 52 62 -70 95 69 85 -58 -50 -17 40 59 -93 -82 -84 10 47 -9 93 0 44 18 45 -6 73 30 100 -90 89 75 91 -73 -96 56 -58 -81 -20 67 -8 -3 21 31 99 30 89 18 -80 8 -64 -59 83 -10 57 -63 92 -24 -77 -14 34 68 -33 62 6 55 -27 -95 -85 -86 -57 -32 26 -100 95 -4 17 -54 44 -44 77 55 -58 47 64 -23 25 68 -41 -47 94 -74 -90 -45 16 -56 45 -91 3 -11 -48 -25 -43 -88 60 85 24 -43 -11 -27 6 -10 -80 -23 43 -97 47 68 3 -79 56 -59 -35 -6 -27 6 -54 -3 88 -64 -52 24 32 -85 64 87 51
-42 55 -78 -16 77 95 86 27 78 -9 68 -25 57 79 44 -46 -90 -85 -20 -5 -71 68 58 -96 -13 59 -96 68 -21 -24 -79 36 -90 -59 -8 -87 76 65 100 82 43 55 97 -45 2 -77 63 -63 -85 34 32 -76 1 34 -45 56 -53 55 45 53 -17 77 -13 -65 86 62 12 74 3 90 5 -86 -26 87 -95 -56 27 -47 18 -65 19 89 19 51 9 75 -62 75 49 96 -100 83 -61 71 23 54 11 25 0 73 78 66 -57 96 -84 33 -24 -74 -46 38 -9 74 -5 -3 -82 -89 -78 80 -49 36 -63 -82 -6 -52 -69 -20 -26 -54 74 -63 15 10 50 -18 -41 89 52 62 -84 -61 -3 -61 18 -25 -92 -63 25 45 -13 80 -65 -25 -36 -77 -93 -26 45 -68 -66 63 78 -35 36 -26 13 85 12 54 83 -23 -46 74 10 -100 64 13 -34 -60 -92 76 55 -2 83 -18 -6 29 -9 -98 -55 94 -42 38 -1 21 -5 -85 -96 -18 -72 -91 31 -48 58 6 -33 31 -54 71 92 94 59 -6 29 -86 -96 19 -2 19 -81 96 17 93 -76 69 48 -75 28 34 12 -31 27 83 8 -38 -82 52 6 16 25 -20 -78 -46 59 -36 37 94 40 -71 32 55
-78 -10 72 -14 98 24 -5 99 -15 53 -18 46 52 -47 25 71 -43 76 -22 97 76 44 -90 -89 -6 52 -89 52 -10 13 38 2 57 -19 46 -39 60 -99 -11 33 97 -34 50 -87 40 60 95 48 98 34 -1 -31 -99 -44 74 70 -31 49 -25 81 50 -74 67 -85 95 42 74 14 -92 16 72 6 -22 -13 -94 -16 -34 7 -40 39 -89 -80 -74 84 43 78 -51 35 -77 69 -26 61 4 38 -36 -96 45 -20 -82 -95 66 -67 73 21 -46 63 91 -84 -74 68 65 -71 68 60 55 19 -98 -4 -44 8 -40 62 97 -92 -62 22 2 -13 8 -46 -2 76 -51 -4 6 -14 96 -36 -52 -93 6 -62 7 23 40 -76 74 92 -29 -98 77 89 3 7 -42 62 8 -50 54 48 48 -2 -64 15 -90 62 -23 -100 -60 19 -69 15 -6 38 81 -25 -18 -73 -68 -19 91 99 21 -81 -22 -47 -85 -17 70 14 -2 -84 22 13 97 0 -51 -22 -69 -76 -45 -27 -89 79 86 96 -14 -1 35 -4 70 -94 -12 -66 78 -84 -84 19 -34 53 37 -2 -19 -19 47 64 -69 35 -61 91 -13 -36 18 -92 62 -91 89 2 79 26 -37 97 -18 47 19 35 -1 48 8 -70
-67 81 -88 -62 68 23 80 40 -17 -30 -48 -37 87 -64 -28 0 26 56 58 82 46 -26 -5 50 32 -86 -94 -96 61 -10 28 -26 -46 -79 78 37 100 61 -90 60 93 -10 -60 -49 85 87 -91 -71 5 -91 46 12 -65 -41 58 -4 78 50 47 6 -70 18 -74 88 83 -69 27 36 -26 -3 -6 38 -3 49 4 52 78 39 -6 45 -44 80 89 -17 -83 -84 -97 -69 34 79 -68 22 50 -27 73 3 3 23 -91 80 80 -74 -47 -95 10 86 -5 -30 46 -86 6 -43 -21 -34 47 54 8 -47 -39 -66 -3 -71 24 -8 -62 72 -63 70 82 93 -12 25 -37 -19 -98 0 86 8 -58 -39 10 65 -30 85 -72 64 13 -6 -98 -23 -23 65 -72 -100 -98 -74 -67 43 99 84 27 97 8 -20 31 -88 -31 -30 90 76 -44 92 69 -25 -32 -6 -74 84 -90 -22 -94 -96 -69 31 -1 93 -73 50 5 24 -46 -30 -49 -32 -66 -27 71 -37 26 -54 20 -26 -56 56 5 -92 80 -51 82 -78 42 93 39 66 98 28 -17 86 -62 30 -67 16 -44 -7 -5 40 46 86 -34 56 16 -48 -7 -86 -82 -81 83 -20 -92 -47 5 -30 -83 -89 -31 -53 94 -9 -78 19
52 57 -85 61 -75 -79 60 -79 15 5 90 94 -63 72 77 61 83 -51 60 70 86 -36 98 -50 -94 8 -36 63 -76 -35 11 48 -48 -20 46 -63 -3 46 51 83 -7 75 -53 22 -72 7 -92 -72 -49 49 88 -93 17 49 -27 92 -1 -24 69 42 85 37 7 -23 53 -72 -99 24 -95 -29 -80 -41 -15 3 57 11 -70 28 -50 1 -70 -26 -15 11 -91 -53 -99 79 64 -74 -38 10 43 2 -53 55 45 86 43 10 58 -61 -72 -54 -24 -9 62 40 36 -51 -42 -70 87 94 -43 95 32 86 46 -52 68 30 28 58 50 31 0 52 -4 14 45 84 38 14 99 18 -81 -59 87 -25 87 77 85 -54 12 -82 17 38 78 -41 -100 73 -34 -24 -37 75 84 72 -58 -24 59 9 -80 -4 -22 -84 82 95 44 -1 81 74 -19 5 -58 0 -28 39 88 72 -40 -9 82 -82 73 47 -98 -12 97 85 -54 62 -55 23 -70 76 -69 20 68 -89 31 -46 -52 5 52 -71 -76 -89 16 -56 -9 21 42 93 -100 -70 -37 -60 -26 -49 28 36 88 -38 52 1 -73 -59 -26 76 32 -13 68 43 57 -48 -82 63 86 33 -48 -77 42 99 22 -88 -12 -16 -29 -74
-17 -15 -97 -90 -71 -21 99 72 38 89 30 63 -79 -76 15 -32 -56 -39 40 -6 -62 -43 -82 77 -19 -43 57 -70 -68 -47 95 20 -90 -33 96 -20 74 75 22 59 -43 73 58 33 -23 -80 -46 20 91 48 27 -4 15 -43 -65 -91 14 -67 30 -33 39 84 84 -41 76 67 31 47 23 88 80 40 64 -71 -85 -11 -54 88 13 -5 -3 -3 27 -19 8 29 55 45 -69 44 38 -28 85 38 29 -73 -45 -90 -82 56 -57 -50 -35 -36 27 -67 54 -64 -45 -90 -66 42 33 -90 -25 89 -36 64 32 -100 52 -11 -87 -39 80 -60 42 7 -92 -55 36 -61 -29 -29 65 45 -73 -95 -55 4 41 5 57 -16 -48 45 -68 31 -80 81 86 -40 -9 -84 87 -76 39 -15 -45 86 -77 -85 85 -23 29 -48 -25 84 -3 -92 -6 -2 -26 -47 -93 80 -35 80 -24 -69 -29 48 -65 -15 -61 -73 -24 -47 -39 -10 -88 66 -5 5 33 -99 -69 -44 40 50 25 68 -70 82 -64 -25 -37 -65 38 -43 -83 -9 97 -43 -50 34 86 -14 -19 -82 -80 39 -28 -41 -49 -3 -24 -54 31 -55 55 16 36 0 40 69 42 47 61 -29 86 97 64 -26 -64 -63 -63 41 65 -3
-19 9 46 -21 92 99 92 32 -80 52 -47 -56 -72 39 -85 54 68 -27 27 8 -84 -87 19 -59 -51 20 93 63 36 -58 -48 -7 11 -88 -88 61 16 -100 -70 -97 -19 -14 23 -72 -98 -32 -21 88 -38 -28 -20 37 -54 -43 33 26 -34 -15 -70 39 -29 60 -20 8 -75 45 -50 -50 -75 88 -7 97 73 -10 -8 -34 30 -51 -7 -1 63 42 94 -1 31 -98 -77 58 -37 -69 81 -69 -50 0 93 28 95 62 33 70 -43 43 -77 -57 22 -92 -34 3 71 15 -25 74 -4 20 85 -21 -73 -62 -46 58 3 36 -35 -96 -74 64 -80 -9 33 11 -37 30 -73 -43 -12 -24 12 -17 23 70 11 74 -34 -29 95 -45 -50 -26 -11 -48 -88 -89 66 -29 -7 -29 52 -88 -24 -52 -19 -95 -84 44 83 82 58 57 96 -62 -18 14 65 55 12 87 -55 -72 47 -35 -79 44 -51 30 -96 -12 9 45 11 -70 -51 -80 72 39 34 93 -78 -5 20 -28 -73 95 82 -88 -23 -3 -5 -16 -72 -61 -72 61 64 45 -61 61 -58 46 -39 17 -60 -93 -64 54 -16 50 69 75 12 -61 -42 29 24 -78 -97 97 -62 33 -47 -38 -42 88 63 14 20 -89 -36 94 67 22
16 -47 49 -78 96 96 99 33 -19 -14 -39 31 73 -39 98 30 -11 93 75 -85 70 -31 92 88 35 -97 94 -84 44 -82 16 -71 -58 -43 17 3 53 -14 81 61 -29 -25 70 -96 51 -2 -100 -53 -77 -28 31 -82 -41 -70 75 17 -35 -44 51 3 -30 -8 23 17 25 47 19 46 78 80 -13 -99 100 -75 89 -37 32 69 60 -65 -70 86 -32 -3 32 -39 -60 -24 22 -22 -19 19 -56 -57 -40 -74 69 31 -71 -89 18 -38 78 -51 -2 -62 -39 13 -27 86 -75 95 87 -24 -7 -30 45 -56 42 97 58 22 36 -84 -24 -47 -30 14 73 3 76 -24 -53 26 52 90 82 -98 -47 4 56 54 -21 -85 -2 29 -27 52 43 -81 -10 65 81 45 60 -17 -55 -14 -34 84 10 -82 -12 25 -96 -40 53 -10 88 -94 87 -96 -42 95 39 -61 -59 39 -9 -64 -3 6 -86 -2 22 73 -14 -55 -65 -50 -20 -38 94 96 38 42 44 27 53 48 24 -68 -33 -4 59 -2 -53 -28 8 -21 -40 84 95 62 -53 -5 32 -62 -70 92 -64 -93 5 45 74 -2 -75 -60 -27 -64 -7 -7 84 -42 86 21 -75 7 -82 15 70 68 89 18 86 -28 -25 -59 43 -52
23 84 -3 -69 -7 -74 67 27 57 63 -95 -28 -83 55 47 -90 8 -16 75 -15 7 -92 -41 -26 -36 -8 -20 -46 -46 75 93 16 -92 -93 -83 75 100 98 86 26 9 65 -90 -19 -81 96 36 -86 69 98 62 19 77 -95 -96 57 43 -13 -49 -72 9 -2 -94 -79 -27 26 47 41 -25 32 77 40 1 61 -96 52 -65 -18 -30 -49 -53 -69 -47 53 -20 80 88 -70 72 -85 -4 96 83 52 90 70 0 83 -53 -32 72 52 71 61 90 -17 1 99 -73 -29 -59 -34 86 -22 36 -76 40 -47 -16 48 94 86 31 -79 -62 -6 20 -65 64 -13 -77 88 46 51 -47 55 58 35 -89 84 -2 -66 -4 9 -74 77 -44 14 -99 -11 -44 -53 27 95 7 95 49 7 56 78 -92 -95 -26 -11 -89 -25 -92 -61 20 62 -64 70 51 -19 -92 48 45 80 58 -7 -14 35 -60 65 67 -2 87 -5 -65 -15 -74 -41 -88 -2 79 -93 -69 -16 40 68 -47 1 -63 -81 8 25 -11 -23 -21 49 -69 -25 -77 -32 5 -36 59 69 85 -49 -15 -80 23 21 -38 16 66 -42 -47 -20 -17 -74 83 69 -33 -63 94 -92 40 88 -32 100 -64 -30 26 15 -25 57 -67 -55
-87 -53 83 -66 61 -51 -23 26 -52 -65 -63 78 -53 51 -25 97 -2 51 -99 55 -60 -10 58 -48 73 92 84 -27 -22 50 79 76 24 -46 -41 100 83 -42 -69 95 -62 90 -94 58 -64 95 -68 76 -61 -69 -68 -24 78 81 37 6 -97 -59 -62 -95 -59 19 32 28 87 79 -47 96 -48 36 -34 52 -22 11 89 48 -1 53 37 -88 35 62 10 -57 56 -82 92 81 -60 48 -15 60 59 73 -70 -76 -41 -52 41 -54 11 85 -47 24 -62 61 100 67 -50 71 -26 -87 24 21 -17 -42 -18 -3 -43 -28 23 -6 76 91 95 -36 26 -99 77 -14 -98 -62 -83 -30 95 89 -10 7 -96 -42 98 39 -54 -13 87 45 72 76 -27 52 -26 -33 85 86 -67 -83 -41 -94 -16 -52 22 -93 -82 91 0 10 82 16 56 -70 -2 -42 16 -9 47 67 -44 61 -47 -77 92 75 -2 8 -100 49 -26 86 90 78 -69 -26 99 -30 -3 -88 -28 63 -52 54 -92 -66 87 -42 -37 -10 20 8 59 83 26 99 93 93 -43 49 -56 16 94 -13 34 66 69 -43 90 3 21 -45 -99 84 9 -51 72 97 91 -25 -78 4 -98 74 15 2 -98 -97 22 62 -21 -7 -85 49
27 -36 -70 30 -95 -100 -38 7 -82 22 -81 -34 -83 -28 97 93 -46 -50 74 -46 22 41 71 -60 -78 16 -20 -60 5 85 3 -75 -86 -16 70 87 -43 52 22 50 51 -33 27 16 -69 -22 66 -83 34 93 2 15 -74 44 79 42 -58 -58 44 -90 89 61 74 1 73 -47 28 34 -66 18 38 -100 80 -90 1 -20 17 -8 -63 -2 -25 16 38 -69 -37 -97 27 36 -8 -92 67 -73 -37 73 -57 89 9 -70 -5 -6 -7 -91 -7 60 -80 -35 83 43 26 33 51 46 10 -24 19 -74 29 -45 67 -84 -65 77 -39 15 59 -76 -71 -79 96 54 58 24 92 96 -82 13 -62 -44 -66 86 -80 -30 37 -4 -33 -83 74 -84 -99 -11 -90 68 -33 -41 88 75 -100 -21 -29 -13 -82 -63 65 95 86 79 38 -66 51 -5 55 68 -99 50 51 -9 -31 52 -9 17 7 -79 84 -51 -19 -76 -87 58 74 -41 -95 7 52 61 -20 79 92 52 45 -29 -39 38 22 -92 10 40 -49 77 83 -62 81 2 57 -7 12 61 -60 -30 -89 -63 93 29 71 -8 -61 -38 45 68 92 -39 73 73 -50 57 31 -87 -40 -22 -47 -2 70 -36 -49 -9 -93 22 16 -61 -4 -62
13 -44 -21 -27 -20 90 -13 -17 -53 46 -3 -60 -90 -1 -32 9 99 -47 -49 30 -43 -65 23 27 74 -83 -30 89 -4 49 -8 -87 32 76 -34 -18 -22 -26 -41 -19 14 -98 7 -5 -13 1 90 -90 80 62 74 43 26 29 -86 74 44 -72 -43 98 15 -95 73 -79 93 -58 -70 -58 100 -43 19 0 -58 -59 65 -47 -52 24 -28 -28 60 -83 40 -83 -45 -47 -99 -4 77 -63 -19 -28 15 42 31 94 27 63 -43 56 -97 -18 17 85 -91 84 -79 70 -54 -48 62 -44 72 25 84 -90 -78 -56 -27 -13 -95 -55 -45 -40 33 -4 14 -13 -8 13 20 -78 -8 -53 -66 71 28 -80 29 85 10 52 71 -97 58 96 -92 -92 -1 79 1 97 -79 -49 64 66 60 -25 -76 -31 -80 -86 -84 9 48 9 -91 -34 -17 89 42 8 91 -18 -34 -45 42 66 23 44 70 -86 52 1 -86 55 -15 30 -33 33 -91 6 -52 65 -23 15 -53 98 -63 72 -75 81 -4 -21 45 -83 -92 -98 61 -38 28 85 11 66 59 -22 -95 -79 26 21 66 65 73 90 -9 -80 19 -83 53 3 79 59 12 87 -87 26 -20 -82 50 -70 62 -8 64 -24 -31 85 -65 -12 -49 -63
-49 72 58 54 46 -70 -62 -55 -25 91 79 34 -6 5 -98 53 -42 -53 99 -93 -47 -39 -83 -72 18 74 56 82 -73 -99 -22 2 47 37 -19 -9 19 -59 58 6 7 -69 85 6 36 18 58 -43 -87 77 -41 -47 -7 17 -51 12 -79 83 81 19 -78 83 7 -19 -61 80 -54 -84 -84 77 -33 99 -40 -26 64 -65 38 15 63 -53 -68 50 -2 -14 73 -36 38 -81 -56 -36 93 -65 34 -32 49 -59 -14 13 31 -13 96 72 -98 -19 -54 41 77 -69 18 -8 -31 25 29 -95 -84 -9 90 -28 14 1 -74 -88 30 -25 -91 70 43 44 10 -8 -77 71 96 -69 -69 -20 79 -9 85 -98 -2 -89 -91 -1 -29 56 38 -82 -73 -52 -76 -62 -75 53 -86 -43 75 39 -79 -25 -22 83 70 36 34 -11 -25 27 -36 -61 -68 -86 -73 59 -54 33 -26 -24 -86 8 31 -50 56 95 50 41 43 86 2 18 33 -34 1 69 -17 -11 -35 -84 82 67 -99 -80 61 -20 -45 100 47 -80 -60 26 69 31 -28 -15 92 -51 -89 -92 -16 32 35 -44 70 -93 -40 30 -40 -61 44 -26 85 64 -84 -77 44 42 -16 67 22 -74 56 -44 34 69 83 15 -32 -33 54 81
-12 -64 26 7 -83 -20 5 84 -78 -1 -34 17 -98 7 64 87 38 64 -48 37 36 95 18 40 -40 13 -13 -56 94 0 8 48 -56 -65 61 71 -10 -37 -83 -53 11 -44 -60 -60 9 -74 50 32 -4 -92 -44 96 48 -91 -68 31 -16 -38 58 79 20 28 -87 4 -96 77 100 -55 -13 -77 8 -1 55 41 58 28 95 7 74 11 82 24 -54 -30 87 -37 -58 70 -65 -64 -45 -25 68 -93 -35 -19 22 84 -3 68 57 -38 -21 66 96 6 -7 -87 -47 -90 -65 -33 -86 25 -70 -77 37 -80 -65 81 -23 -81 29 72 -1 66 67 51 68 -38 -8 -79 2 88 77 60 -94 -71 64 63 -93 -99 -35 73 -63 15 23 -49 61 -6 15 84 -73 94 31 -7 -36 -41 96 95 -41 41 -28 -32 -5 22 85 -4 -33 30 -50 80 -17 30 -77 26 57 96 -36 90 -8 34 50 -76 15 -49 73 -1 8 4 -6 -33 -57 -79 -83 36 -9 65 -31 64 6 19 -11 -71 -43 -53 45 -2 -82 95 -35 45 14 49 49 -20 -12 -79 38 8 -69 -9 -66 13 48 -33 -50 -57 6 35 75 19 91 30 90 -64 82 99 -69 -11 46 19 -76 90 48 -96 37 -57 -93 81
53 19 -20 -6 85 64 87 31 0 0 65 -56 -53 23 5 -57 8 -13 18 -80 56 -62 -29 -79 -93 -35 43 20 -43 -87 51 -52 -44 -18 75 31 -7 68 -16 -99 43 55 -52 -22 2 -77 16 60 -49 -33 77 89 45 2 13 76 -98 -34 6 -100 -21 38 51 -77 -75 -19 -34 57 -70 60 -32 -18 73 -2 -46 -91 28 12 8 18 93 -87 68 -82 -36 12 -45 -66 70 7 -92 8 54 -1 -88 -23 40 -87 84 -100 58 -54 -12 57 8 54 -24 -27 89 88 -94 42 7 89 10 82 -80 -4 87 -62 -97 98 -48 98 -47 9 -48 93 89 -9 17 -75 -83 57 88 -29 -89 -34 1 -34 60 -6 -9 -32 -65 26 67 -1 52 5 -28 16 -19 88 95 90 -79 11 -2 -92 79 -5 13 11 53 -34 -20 16 -45 58 82 -58 -96 13 38 -72 -96 -40 55 -30 -36 29 46 -22 -3 60 45 43 -2 90 38 89 47 -99 -68 56 -50 -40 -87 -44 89 -100 -17 -19 -90 -93 -28 -94 96 80 -13 -16 -34 46 -81 83 -86 6 -74 -13 -87 70 -70 76 37 34 75 76 70 -44 -29 90 32 -50 -12 55 85 73 71 46 -34 26 75 50 27 4 43 -45 -87 85
21 -9 61 99 63 -83 39 -91 57 93 72 -18 -39 -33 -80 80 -57 -86 -28 -34 -18 -67 4 -95 -85 -32 -4 -17 3 22 98 33 38 39 -15 -79 37 37 -67 84 -13 13 39 -29 -27 84 2 90 -40 -79 -78 -82 -91 -88 92 -97 -52 -19 -46 4 99 68 98 -46 -95 88 -29 -19 -33 69 55 22 -18 -75 54 65 69 96 -88 85 -95 -86 -37 28 66 65 -52 90 -34 59 50 62 -4 -27 -74 24 -28 67 -83 97 30 -29 -74 -99 -54 29 -98 -48 26 -74 -11 75 -95 -77 -96 8 -88 -86 -76 -24 -55 9 -2 -13 62 65 87 12 13 96 67 95 69 -85 -97 -27 93 -2 3 -27 -3 31 2 81 -77 -97 54 51 -10 1 51 -90 -19 4 -75 -27 -76 26 -96 -55 49 57 76 44 36 -73 -84 -4 -41 -33 -56 -37 -6 -71 37 99 -65 -17 97 -75 75 9 1 69 -1 -98 -22 -5 -100 95 -69 17 -37 36 40 -22 -1 -55 -83 99 -21 56 -19 -82 -94 -98 -38 -34 -45 34 -52 89 -68 93 77 1 7 46 37 73 -7 37 -75 -91 -4 11 -63 -12 -21 64 -71 -76 -93 -86 22 7 -47 -19 -93 -76 -88 -41 -71 30 -2 99 3 45 -3 84
50 96 -56 -82 63 -96 -64 59 -80 -20 -99 -60 -57 -93 -71 -73 7 -14 73 -88 73 -28 73 -57 -23 47 -51 -93 -85 -96 21 40 71 99 -56 -98 56 -71 -29 40 -33 -45 88 74 28 -85 68 -4 95 82 41 -78 9 41 32 82 -13 29 2 -43 -3 49 -61 77 -15 -99 83 -52 39 -87 98 -8 -86 50 -88 -94 -71 29 -24 -85 18 0 -91 -48 97 -29 38 -71 60 -99 -67 -85 -12 -60 84 70 38 25 30 -59 -49 6 -70 -52 -43 -72 60 -42 -50 -27 30 4 -12 -20 -86 -72 -35 -99 -33 -84 73 81 -33 -100 -68 -58 43 -40 -13 85 8 -3 -77 50 75 -10 -39 87 63 91 -22 -50 26 2 -37 30 -57 22 14 22 -54 29 16 -41 -100 -57 -52 -55 -49 -73 90 38 -15 48 100 -95 73 37 37 -11 52 -11 -58 -33 18 -28 -28 -52 11 -95 15 -75 -63 14 33 77 -72 83 -58 -64 -79 60 -27 76 -42 -74 49 93 -17 -85 -77 25 40 58 -36 -55 -96 -97 88 18 -58 75 -77 -23 -57 26 54 52 -59 87 -62 13 89 -89 -73 56 -86 -54 -89 21 -30 19 -63 31 50 -31 97 48 -58 17 -33 82 17 12 20 23 -45 48 -76 35
-27 -9 -53 18 100 -38 -49 12 13 19 31 44 -18 2 -91 81 -85 55 -75 96 -18 26 87 -32 -93 -43 -90 51 5 26 -33 -23 8 80 92 -83 80 38 85 86 -8 75 45 28 61 -43 -14 73 -86 79 -42 71 -94 -70 43 46 26 -65 -72 83 -13 0 6 -12 -39 -15 5 62 91 -29 78 -78 86 30 60 -17 41 86 -18 52 45 -36 -79 -47 83 -2 -25 -60 -9 80 -86 82 -77 -12 61 0 -43 -18 -50 -64 11 -98 11 76 -83 27 -67 -83 32 -70 29 39 73 100 -59 58 -93 -48 8 -45 -37 -98 20 -27 -6 -76 -80 63 41 -95 -45 -23 -86 17 -1 1 -26 4 2 9 56 71 60 -80 4 5 -68 61 -10 65 -64 1 -65 -78 32 20 54 0 -84 59 58 59 61 -69 -67 -9 -78 53 58 -94 -32 -100 25 70 78 -68 -38 77 50 39 -82 -61 -23 76 88 30 42 34 -30 1 86 8 -83 29 84 1 87 59 90 -16 -95 -32 10 88 -25 57 -95 29 56 -17 -33 -21 88 -42 22 -66 57 -25 53 8 28 -2 11 -21 60 -42 59 76 -80 22 90 -18 -76 -35 -13 -37 -45 73 -94 94 57 22 29 40 -12 -99 -13 53 14 -29
2 21 -33 -4 -57 43 -8 -25 85 74 -14 -94 51 92 29 18 -53 42 -58 84 76 89 -2 97 -51 -93 -67 98 -81 67 21 1 -15 -82 95 19 -93 33 -41 -65 -80 40 20 -13 18 -38 -85 50 54 -27 -89 -63 10 94 -77 64 17 -56 -87 -22 -88 -20 66 -25 -42 34 21 -85 81 9 -99 89 -25 -16 -96 -69 -80 -38 -53 36 -95 -7 -63 45 6 -61 -20 58 96 58 30 61 96 29 -83 73 -20 5 50 -14 14 -41 83 14 -12 -17 63 85 56 -42 68 -3 -13 22 63 -73 27 -84 49 -87 -86 -93 -17 83 83 99 84 -61 62 -15 38 -67 -40 34 45 12 -75 92 95 96 -19 23 -6 46 42 57 96 -24 56 42 47 -51 3 -52 -26 44 -3 6 70 55 54 -100 94 88 13 -54 27 -84 -97 -40 -59 -81 -62 81 -80 52 -40 0 94 -65 64 -38 -45 -95 -87 -49 -38 65 -36 -19 13 -41 56 -43 45 -66 -57 2 -89 -39 67 -30 -33 -100 -54 -76 79 60 95 17 58 95 92 21 24 43 -3 76 -55 -68 33 29 -9 -69 -47 -12 -1 40 98 35 -44 79 -87 -77 93 79 -74 -60 -72 -62 1 58 -52 -42 9 -68 -30 -3 -51 2
-77 -51 -10 94 -81 -28 -20 -41 -82 -97 85 -78 89 13 32 15 -15 7 -80 34 -83 17 -34 -51 -41 17 -32 69 53 -26 9 -31 43 82 -9 -3 66 94 -92 29 25 42 -47 -69 -5 -40 7 -94 -7 48 -75 -77 61 33 51 92 50 31 54 -64 39 -1 -30 89 -97 14 -64 18 62 -72 15 91 -50 79 39 40 60 87 43 -14 97 -24 91 -29 43 10 -99 46 -96 54 -97 70 -96 -5 -52 49 -58 -48 4 64 -52 65 33 -73 47 81 -16 72 -26 48 77 -89 40 22 -48 -20 -24 -2 -98 -36 -86 88 -55 87 94 90 18 65 25 -96 30 21 -65 -49 -29 -54 3 -53 98 -59 -89 25 74 18 -93 -73 84 -43 -79 50 -87 -83 -71 73 79 -21 -81 -21 -23 -89 -58 -34 -53 0 59 61 -53 -93 8 -2 65 83 -30 -63 -5 27 -87 -71 -39 31 -80 44 10 -91 -67 75 64 4 -69 3 23 85 -58 -11 23 -55 -92 85 -11 -75 -47 -21 -30 65 -16 -33 -85 -8 87 38 -66 -49 -3 -88 10 -45 -20 -96 -94 85 -86 -1 89 32 77 -67 -34 -10 -34 75 -70 -86 90 6 52 -14 -91 45 40 85 89 -82 79 36 -94 82 56 10 -88 97
34 -79 -73 -10 13 1 51 18 -7 -80 23 -54 -85 66 58 -16 -13 -15 -71 80 -61 49 95 82 -20 -91 86 -20 -79 67 55 90 -70 -68 2 -97 -50 26 87 45 -17 -91 -99 79 -100 -85 89 17 -45 -14 28 -33 68 75 45 -56 -71 -22 12 -25 59 15 -86 -94 -11 -91 -99 -67 -25 -46 -55 74 36 54 -87 -86 -38 55 -74 -27 -4 -49 21 5 59 67 -4 -25 -36 67 -46 -94 -12 -60 -88 39 -75 17 -97 -87 61 -81 37 -78 -98 11 -78 -19 -29 -61 -38 -10 -70 91 -89 -66 -68 68 -20 32 12 -80 18 64 7 -64 -81 -12 -28 -80 47 95 -47 -83 -23 8 5 -63 78 35 56 -61 73 52 62 -37 63 85 -22 88 34 72 34 -43 59 -18 -85 7 -25 51 -71 59 -86 -33 -62 51 5 53 9 -73 7 98 -27 2 85 -38 70 16 43 35 90 -39 -47 76 -40 -82 36 50 34 86 -24 -29 86 -56 -32 90 -50 42 -18 94 -44 -80 -75 -41 3 -21 -9 47 37 61 -10 -33 81 31 -36 -56 33 -82 75 -59 -73 1 72 12 11 -35 -76 56 77 -95 -42 89 -48 44 -44 -99 85 10 8 70 12 -29 63 41 23 -96 7 10 -36 -70
14 9 87 -100 54 -81 -56 -71 -44 -56 -24 43 36 -94 1 -1 -39 -63 81 20 -67 -52 -94 -97 59 -42 -56 21 -28 -42 25 -18 55 -15 -85 48 -44 -83 100 -44 35 -57 11 88 -62 -75 1 81 4 98 33 -49 -42 70 35 -20 -45 1 36 98 92 45 -42 -36 52 -83 -50 -66 15 82 -4 -8 -99 -66 47 -29 -44 -29 -64 35 -84 51 67 62 81 64 96 -84 -64 -81 68 37 91 52 94 -24 10 23 0 10 -94 23 -97 12 -29 65 -69 -41 12 -87 -2 -90 -83 75 -52 -91 96 -60 -95 72 52 -22 -81 52 -91 -91 -70 -73 9 -84 96 53 -60 -85 -92 -18 46 88 52 -18 -80 -14 32 -7 100 -32 36 16 -32 -65 21 50 -30 -38 -10 49 -76 -7 62 61 96 -18 -59 -72 -20 50 -18 -44 -77 -52 -40 -68 17 -18 47 -70 19 -86 73 67 25 44 94 99 -4 96 -41 67 -31 76 1 31 60 -38 98 -52 -23 58 -20 42 50 78 24 40 -33 4 -65 -59 48 -28 38 -26 -17 -63 31 -8 7 -9 -37 -80 84 -63 19 -88 31 -9 14 -25 66 85 -17 65 -84 -39 57 58 -72 -12 96 -41 -17 7 -12 53 66 -52 -94 -4 41 32
-24 -69 12 33 83 -27 95 -4 -20 53 -28 -30 66 -32 -23 -7 63 64 -73 46 52 92 24 -83 -89 -6 56 73 50 -98 -87 65 -25 25 53 -10 8 -10 89 20 13 1 93 13 -29 -16 -87 42 82 -36 -38 -38 81 -16 -21 -69 -43 27 -34 -30 -40 67 -37 28 -46 26 -39 85 19 66 59 69 27 1 100 56 -54 -5 48 -15 -59 -95 -81 -6 87 -8 -39 -42 14 96 25 -8 37 -64 -62 -55 82 -100 51 69 2 78 -40 23 81 -47 -79 100 6 -70 -81 75 69 16 25 93 63 -10 -9 -59 -54 -49 -82 -24 18 -56 34 58 40 59 -97 86 96 30 -20 72 46 78 -54 -80 -51 -68 -24 68 -52 27 56 -85 -14 -28 -88 -86 -69 -15 -64 33 -23 -27 84 -5 100 46 -6 -95 -25 13 38 33 -79 9 -76 -19 61 49 5 -31 -83 40 84 -24 -16 40 -64 47 -48 -1 -24 98 -80 67 0 100 -88 -18 38 -44 71 -18 47 -81 5 -56 54 -47 13 -39 7 -10 -93 -20 -72 66 -39 -77 -29 -58 92 15 -100 67 52 -50 48 -25 -83 60 77 29 -21 -92 89 -15 -10 -80 29 -64 -11 1 -2 60 -46 -67 40 -33 -9 -3 22 38 -61 -89
-29 78 70 96 57 29 -7 -45 85 -83 55 17 -81 44 18 -36 82 -50 -13 5 38 -93 -45 98 39 -76 69 56 -67 89 89 -61 0 -54 -27 -98 -35 9 14 47 38 67 -47 72 -60 -37 95 -14 26 -23 -78 17 -74 -86 14 -16 42 18 10 -27 72 50 69 -94 -9 -70 -92 36 -93 78 15 -59 40 -81 78 17 75 -1 -97 -90 -69 -53 -7 -4 70 47 12 -60 69 -97 -20 97 -35 89 -88 42 -38 22 81 -73 60 3 -49 70 71 -86 29 -77 -7 96 -52 -57 -51 31 -1 21 -32 99 24 -15 88 -66 -28 -33 -23 -46 -28 -30 -43 13 -41 82 -45 -68 37 59 42 -66 -53 71 39 93 -13 79 -85 90 -51 56 -53 43 56 35 -78 -44 -66 -83 -11 88 -87 -1 -2 -97 -10 -39 -78 -42 67 -81 -8 -76 -33 83 5 45 -55 53 -61 48 -40 -31 25 75 -82 23 -58 86 36 95 -92 97 -9 -96 90 -12 -47 50 -43 33 -35 -44 -39 35 -69 -27 32 5 -15 -70 17 -8 50 -85 43 -86 22 -43 6 100 1 -88 -94 66 40 -23 39 -76 31 -88 80 -65 81 51 -29 34 -27 50 -90 -42 79 18 35 61 19 -48 -77 27 -19 -55 -50 -35
22 -17 89 75 65 -15 -64 -87 64 92 -61 10 -38 -72 -49 56 -73 -86 -16 26 56 13 38 -7 -52 -17 56 -49 81 -85 -26 43 -6 -4 73 -6 19 66 -55 -26 41 72 34 -13 47 8 17 -21 60 50 52 -88 -77 -7 15 -33 -100 -54 21 -97 27 -4 -83 59 -35 -77 75 85 49 -89 57 60 -18 -95 -78 -54 65 54 -4 -8 76 -99 43 21 -71 7 -41 61 89 43 -52 -44 -95 67 -97 30 71 57 -18 76 -51 -96 44 10 -98 52 76 -70 -23 1 74 81 -7 15 65 -79 -69 -28 -52 92 -2 -37 76 23 -54 29 67 12 -7 66 18 13 -11 -31 -75 30 22 -26 -34 -36 58 -56 -9 78 -91 -19 -39 53 8 -48 -1 60 -29 -99 -100 -4 -62 -32 22 0 -25 38 -7 17 -2 -12 -92 80 83 -87 33 -53 37 -31 35 97 62 -41 -48 83 -98 93 0 -11 40 79 83 -4 -93 -90 -25 99 81 57 -21 50 96 -34 14 -25 -60 -81 26 -88 -15 0 51 -24 -22 63 75 -38 12 -89 34 -85 41 -100 -60 2 -53 -2 -44 -78 -73 -22 44 -57 79 5 -49 67 -3 49 -48 -19 18 -84 -19 -6 49 -14 85 3 70 -84 38 -87 -72 64
-2 -4 -62 69 95 -51 4 -89 92 71 -34 44 65 -67 22 10 62 83 -41 -82 -92 97 -97 61 -4 -13 -90 20 -80 -74 -36 -95 -29 55 3 19 -92 46 40 47 20 22 41 -21 -37 -49 -23 -93 -77 96 90 94 -13 24 55 -48 -27 -68 -79 57 36 -57 75 3 -72 -16 57 -54 75 69 -63 43 -27 94 -80 -10 -18 -43 -73 -42 -16 47 -75 45 -99 32 7 69 44 76 67 -44 -73 -28 -75 49 -14 -61 -48 34 94 -94 -96 -40 87 1 32 84 100 -90 -96 42 64 -7 97 66 11 65 42 -62 -4 19 52 -10 -39 -33 43 -53 14 24 88 -48 74 -90 -24 18 17 -38 42 35 -14 90 -76 53 -81 18 -35 2 -58 -70 24 -77 -84 2 41 74 -81 77 70 47 -75 -70 90 67 34 57 29 13 35 73 46 78 67 -8 -33 89 -15 -46 -100 98 31 -29 64 -45 24 -3 60 25 46 -20 -50 93 83 -78 -58 -41 94 84 31 -42 70 -69 -70 92 81 57 -34 80 -29 -32 -64 -63 77 -26 99 21 -3 -60 -83 -4 5 -50 0 92 -12 67 90 67 34 12 -61 20 -48 -16 83 83 -9 67 -69 39 -9 38 -47 -53 -13 -29 12 -2 62 -82
77 12 -4 -24 83 3 60 -97 11 33 -4 55 27 76 19 8 55 99 32 44 -75 -68 -16 65 -31 -85 12 68 16 39 89 73 81 -24 90 -100 -79 89 -40 -41 -46 87 71 10 72 14 -43 -43 29 87 95 -41 -68 -79 -70 27 -12 55 84 -32 -11 68 -60 48 62 -82 -65 -89 -22 65 15 31 -68 -26 14 -29 -79 -16 -36 -26 -17 -19 -87 -14 99 66 47 -29 62 -76 -77 80 76 6 50 35 64 -62 -42 39 12 -97 11 -47 -23 -61 85 61 -78 30 -81 23 26 -29 -76 -5 -14 83 10 30 -93 68 -56 -97 68 32 -91 -44 -1 66 46 -32 98 68 80 -89 -8 59 47 14 -32 17 -17 4 88 21 -80 25 77 42 -96 -30 -99 -26 34 -88 -72 97 -25 -57 -77 -60 12 95 57 -71 -65 -2 -45 -91 -19 -73 -9 -17 13 -20 -97 -17 97 -2 -60 39 -25 -52 -55 92 -69 -48 -73 26 12 1 -76 65 77 -19 -4 37 -44 67 -41 55 -20 -11 36 12 -17 0 -46 -70 -92 -48 -3 54 49 1 -88 -83 99 1 79 69 29 -94 -37 83 -89 -93 42 -66 -42 -83 -60 29 -39 68 54 69 91 7 78 35 -90 63 4 -37 53 93 -1 -99
-48 -46 46 -21 40 75 41 -41 84 80 -59 -38 -81 -89 34 4 -90 -39 74 18 44 -74 67 83 -29 -20 93 47 69 -21 -36 89 -99 73 21 -71 37 -75 -10 -86 72 -10 19 -55 74 -41 -69 -99 -54 64 -90 77 48 -27 -69 -14 63 -81 -2 -13 71 -71 49 50 -83 78 -71 -29 -68 -48 -50 -88 -7 -46 -41 -12 -57 -64 -47 82 95 5 25 33 10 -93 -93 18 -44 75 -45 -7 -81 -25 -45 50 -46 -34 43 20 40 91 24 10 -19 88 -28 -29 34 -2 73 -81 -82 91 -15 -93 -83 -30 21 -28 -36 -96 -1 -80 -60 78 -10 57 47 -82 79 -96 -2 -51 -72 55 57 91 -28 -85 -45 -82 -56 15 47 97 -47 -23 -67 33 49 22 -80 94 42 33 18 22 26 -40 56 84 77 5 -41 -28 85 -19 -12 -40 -26 31 -70 13 15 -70 79 16 -31 6 60 -17 21 -65 61 -100 -18 -92 -32 -92 -77 18 -31 -32 -74 -72 48 37 -4 -88 31 37 -13 30 70 95 -69 6 -84 -18 29 72 -27 -68 -98 -26 80 17 6 -49 21 48 -95 32 62 -25 -66 23 -88 -12 86 89 12 75 -29 73 15 -35 -59 -37 -32 -58 63 -23 -62 -42 79 -51 -85 62
26 -36 60 48 12 -6 -39 -90 18 84 13 -36 -60 -49 -40 -55 60 -53 -41 25 -23 99 92 -72 -32 56 -77 94 9 -45 67 -33 5 76 57 -90 19 -51 31 -69 66 -18 -86 76 33 -26 30 -57 47 76 -84 -53 42 74 90 -81 30 -89 11 87 23 -41 -57 41 78 68 -94 46 -99 -36 -53 36 -13 38 3 -54 85 -100 -91 47 -40 -58 -95 -34 81 -28 -42 -88 64 -22 35 -61 6 -18 -88 95 -28 79 7 26 -80 29 6 -54 -28 41 49 -93 -27 85 -65 27 61 95 93 -39 -20 55 -93 78 -94 60 2 -29 -10 -21 -86 -69 97 -34 95 39 -65 12 -75 89 -29 84 41 93 -70 -24 -86 -91 -46 83 -60 -50 -97 96 -82 20 5 -89 -94 -12 -46 9 2 86 1 6 43 51 62 -39 -6 27 -36 22 66 -83 -55 79 20 2 -71 -50 -97 50 -66 -88 -79 71 -90 33 -91 -80 -98 -7 -73 51 -79 -64 99 -1 -67 94 -53 12 31 -2 -32 -24 75 20 38 2 10 47 55 87 -81 42 -96 -77 51 -77 -17 -84 -31 23 72 26 -72 -93 4 -62 -30 55 6 97 -66 11 85 -35 17 17 55 -28 77 -58 -62 -31 -62 11 -22 -56 95 74
49 18 -19 47 22 -35 22 -68 85 -65 -18 59 21 7 87 -52 -56 -4 -33 51 -49 61 40 -23 2 -47 18 34 42 -70 42 -72 -52 30 -5 -91 -66 -2 72 18 -11 -49 83 -6 -14 -90 16 9 17 12 -36 53 -22 92 -49 81 14 -77 -5 -11 6 90 73 -58 -42 76 -60 23 -40 -6 -71 5 96 69 51 15 -51 -71 77 35 -66 -93 16 -91 93 70 -49 34 -9 -23 82 -70 76 3 19 -98 -5 23 -66 -68 11 79 -14 2 73 -53 83 -89 -80 64 -91 -33 9 -25 52 -70 99 91 36 -36 -47 -59 -4 89 9 81 82 54 31 42 -58 27 87 -63 -94 -67 30 61 35 69 44 -42 24 85 -11 81 -66 100 -21 -6 73 -93 -90 -19 76 -73 -85 8 95 -19 96 -76 5 64 -88 56 84 47 -69 92 59 68 8 16 91 -62 -50 14 97 98 -90 95 82 79 -55 61 95 80 -15 44 -35 78 -57 -15 -24 61 -91 11 32 -59 -37 14 -94 -85 92 -45 -42 68 23 97 -83 79 6 100 96 24 -72 46 58 67 47 -41 0 -57 65 -99 -14 81 -56 -34 47 -90 13 -4 0 53 79 2 -20 -24 33 -93 79 -60 98 -24 23 -91 -1 69
-47 59 -41 27 99 -26 70 -80 -29 75 -26 36 -57 71 -47 61 -57 -26 -94 9 -27 40 14 86 10 -97 10 -93 -35 -3 -3 -100 -27 69 -15 -76 -77 -26 -13 -83 15 -97 -3 -16 53 26 -26 -14 -6 54 18 -69 -77 -24 -69 -44 88 -6 98 -38 -75 -22 86 68 -82 27 9 48 83 -87 -64 29 9 -96 -1 10 49 -78 -87 -63 49 -59 -90 0 54 53 32 -1 -34 88 -21 34 39 78 -23 9 -83 -75 11 63 24 -4 -16 80 -62 45 -17 -80 74 -13 20 95 -100 -69 -94 55 54 -96 -49 -29 17 -29 -40 60 69 9 -87 75 63 70 -4 -3 40 -97 -51 74 93 50 -9 -93 41 -23 12 19 88 38 34 -38 66 80 57 98 60 -80 -2 -80 -3 21 -92 93 -78 -10 -5 65 70 53 62 -3 -86 -86 59 -27 14 -56 -41 -70 23 77 62 -41 -5 -21 -71 33 -19 19 83 -18 -47 -36 22 63 56 66 -63 -9 -52 -1 -40 -100 -64 72 51 37 29 55 -94 89 57 97 74 -17 -38 -99 84 91 77 -46 28 -47 -15 -30 -33 70 62 32 49 -41 88 0 -72 -41 62 26 68 -75 59 -81 -91 -15 35 53 71 -99 53 37 -93 -17 50 -29
-57 8 21 -68 49 97 -50 90 -71 34 -13 -66 -54 -72 9 18 40 -99 74 84 -93 74 -61 31 -60 -94 -16 -14 -44 -62 73 -86 -26 51 -22 48 4 -80 -88 -76 -60 -4 41 -26 -55 -49 39 72 -97 64 91 -86 -51 93 75 -94 29 39 -41 -34 100 -22 72 48 97 -40 -55 -31 -15 24 50 64 9 35 29 -21 26 -98 39 -74 59 -47 -74 83 -42 24 89 98 -74 -32 -72 13 10 -97 7 76 -30 2 89 -62 37 8 79 -7 42 -67 31 41 41 -63 0 41 16 -92 38 6 -79 -62 -20 -69 33 -90 86 -38 76 -43 55 -15 38 -35 -34 44 41 -10 97 -34 -78 33 59 -73 -32 71 -47 -13 -81 -62 2 -72 -65 2 -37 -35 -40 11 81 99 -70 -73 -1 61 -58 -81 64 97 48 -60 -63 89 -29 55 55 9 -17 57 99 -58 -78 -38 94 -30 -43 -51 -24 -13 35 78 -50 -94 71 -60 16 74 34 -70 -20 -69 -72 21 96 78 -54 25 31 40 -46 -91 49 40 78 -18 -78 4 1 -36 -15 0 31 -98 -42 22 9 44 -80 93 53 99 -33 55 -74 17 -29 -34 -95 34 -36 93 92 -7 -96 57 1 35 -37 29 -24 -52 -85 32 -95 75
39 79 68 26 46 -96 30 -78 -49 21 95 65 3 -77 52 -79 -96 -63 77 -56 94 19 -25 -61 -47 -25 100 -41 50 -96 -5 -22 -33 27 -71 100 -76 45 -97 29 84 56 56 -74 -81 -17 -70 66 68 -39 72 43 -10 82 -36 -54 -8 -68 74 86 59 -17 -71 64 39 63 -96 -94 89 -25 -65 60 -93 11 -70 54 97 94 -20 70 78 -83 7 14 -52 -61 -96 -60 -23 69 38 71 20 98 61 61 72 -7 19 63 69 -18 50 47 76 -68 2 -90 -58 7 37 -63 -94 -34 97 67 96 40 -58 -18 4 6 -19 40 -73 12 -79 -83 -86 -71 -58 -12 36 32 50 -67 75 13 17 -28 76 -13 80 68 -54 -71 -44 93 -45 -66 -26 -54 -82 -34 -89 43 -2 34 -3 -86 70 46 -27 27 -64 14 25 70 -40 -96 50 -97 -37 26 28 62 94 -38 22 74 82 -2 -63 -58 8 87 18 41 10 22 -34 47 5 19 -67 54 -76 94 69 -22 -33 -16 84 59 -15 -29 57 -81 -20 -55 -7 92 10 0 44 75 -14 -49 -67 -84 -31 65 18 23 37 72 -13 -68 39 3 97 66 -30 -84 94 -91 -81 36 -30 -14 -76 -2 77 -11 -4 -93 -3 -98 95 -68
-10 -66 -96 35 -45 -40 -11 -26 -25 -18 -79 6 52 -92 19 100 79 -18 -45 22 57 66 -89 -25 10 -86 3 -95 -4 78 -21 3 2 -63 -92 18 -32 7 15 -6 -97 -86 -41 0 -44 -86 -91 60 -93 -20 54 59 -96 -44 -42 -21 -7 34 -95 68 -41 46 79 -45 -32 -86 -71 -99 83 -36 -19 68 23 -43 12 19 -91 14 -97 5 81 -68 15 79 -94 14 -96 5 100 -62 -74 -11 12 -78 -12 -36 80 66 -86 -56 -75 15 -23 48 -84 89 79 -3 83 -43 -17 -35 50 39 75 59 -77 -66 63 52 81 -4 -42 24 -39 -62 68 95 -10 62 -12 53 -67 16 0 -31 -6 17 -42 16 -24 51 -20 -50 83 -45 -55 -63 66 -5 -21 -44 17 87 34 50 -38 -90 -3 85 10 18 -21 -51 50 -93 69 -67 -24 -62 37 69 -76 44 -88 -53 39 6 71 -44 -34 -47 -14 24 32 64 -53 67 39 83 -50 -11 -5 -89 -3 -1 -20 100 -96 -76 -84 8 -60 38 -17 15 30 7 15 -72 44 -69 -80 34 71 80 -82 3 13 10 -30 86 -32 -49 44 91 45 54 -99 70 24 -54 -91 -10 -81 74 -52 86 59 52 -38 -5 -29 -36 23 -48 -20 17 -59 52
-36 71 -71 25 27 -4 -12 -81 -15 -10 -37 18 -20 98 -35 80 -52 67 9 -12 81 89 25 84 32 -62 82 82 93 84 24 11 -98 90 63 7 89 -21 57 6 -95 75 -73 -96 99 81 -39 91 -59 -1 -67 -75 -89 -32 -51 72 30 -87 24 -94 -26 -20 68 69 -89 -33 33 42 2 28 40 56 -28 -80 -19 35 -42 30 80 49 78 94 1 -29 56 -82 51 -81 51 -72 -100 75 -54 92 -48 -68 95 -17 3 97 7 32 26 15 -33 -70 -40 21 -3 42 -97 -83 20 73 97 -60 66 -61 -27 -12 94 -8 77 57 -37 -43 12 58 -19 53 4 58 76 96 23 19 13 -54 87 -50 80 71 42 -83 -44 -82 -80 28 -99 79 -34 -81 -52 -77 93 -94 14 51 -70 -45 77 -89 50 -1 -70 -21 0 44 -24 66 -6 -72 -36 9 85 -15 35 -71 35 -32 30 76 -17 -75 70 -69 -96 93 -29 49 55 63 -19 27 -49 -88 95 27 -42 25 10 95 31 35 89 83 -94 22 -63 -87 -73 -11 61 -94 -22 45 -20 21 59 -57 68 34 -57 34 -7 -13 -39 61 22 -89 62 -23 -86 84 65 -45 -67 -12 -6 26 -46 78 46 87 58 -20 39 23 -54 -96
-25 -32 -65 -5 44 95 14 -7 54 -83 -28 -62 87 -98 -17 -57 -37 91 -43 -58 100 63 42 26 -40 -26 63 56 -47 0 -67 -38 11 -3 27 -89 -64 -25 27 62 2 18 24 55 80 38 13 -25 84 56 59 20 -80 6 -71 -5 56 -5 24 -93 -42 71 -65 -76 -16 13 -78 97 23 46 -77 79 36 -72 25 -89 12 69 -52 62 39 84 -86 -76 99 0 -90 73 48 5 7 72 -5 -86 -8 28 -66 37 61 -99 90 -89 -46 -76 -29 -64 -4 -91 46 45 85 -67 -22 -53 14 -99 66 34 -75 0 47 9 49 60 23 -16 2 -46 -37 -88 -4 -92 -40 -68 12 11 14 -48 -29 61 60 -100 16 64 -57 98 63 -86 87 95 20 -91 75 17 -94 -59 65 -15 -93 92 -99 33 -23 -99 -50 -77 34 -69 -12 -28 -61 15 51 -96 70 -87 98 44 3 -68 81 -89 -65 -45 59 79 67 -53 95 -40 -86 -60 -77 -29 83 84 -79 -94 -99 5 -48 -98 69 -44 -1 30 89 -8 62 -75 64 -26 9 1 -44 -71 38 50 78 38 38 35 -93 -72 99 100 56 88 42 -29 -56 -2 -20 -34 65 46 -29 47 55 45 12 78 16 -49 -70 2 66 -86 -68 -73
-98 -48 63 -51 -51 15 27 95 14 -16 -44 -39 -55 48 7 -93 -44 68 39 -50 -86 -53 68 31 59 -15 -10 79 23 3 65 -2 79 -18 -12 55 -40 98 24 19 39 45 22 63 -48 -99 98 29 41 97 -97 24 -97 30 -88 56 -94 -1 8 -33 -32 84 -98 25 60 21 37 34 -90 -22 -67 -6 -28 -74 -83 -2 89 94 -7 -65 -25 -5 50 -83 -79 92 -75 -76 81 -44 -53 52 49 -8 74 -18 -6 78 -15 -49 -80 83 -10 78 -100 99 -84 -86 -84 -88 -17 50 -96 22 96 -47 3 -54 66 40 74 56 37 -40 -68 -43 -55 41 69 20 56 -73 1 -90 21 34 72 7 -67 16 -83 31 -10 -29 -80 -37 32 80 -97 42 -91 -16 55 -30 -82 57 -22 10 -33 25 86 74 -25 -63 -81 -45 33 24 -94 -2 -43 51 78 65 13 -82 -30 79 1 30 -73 15 60 0 38 -51 -80 -60 63 31 10 -98 -36 57 -77 91 -69 -22 41 66 74 42 -6 32 88 -37 17 99 -86 3 74 -65 -42 5 -29 44 8 -90 18 79 -39 92 -82 -56 38 -54 59 -43 -76 6 96 65 67 -71 90 44 19 -44 40 -68 40 -26 -37 65 -84 27 -71 -28 29 -64
-41 -33 91 -69 91 -36 -93 -53 -1 22 42 13 92 22 -79 -69 -72 -62 12 -4 -17 82 -56 55 -15 40 66 -66 -81 -22 -46 -86 -66 -72 -7 -5 -50 31 57 3 -94 4 27 -60 17 99 86 56 -72 -23 -88 -77 -48 -36 84 88 -34 21 95 14 36 -15 -35 38 -20 -18 -70 -91 89 83 -72 -29 -51 -49 17 87 -74 38 42 45 -35 -34 50 92 -71 69 39 -60 -23 99 9 -35 21 -25 28 4 -18 25 18 6 -49 -17 -10 -75 71 32 82 62 -91 -6 -2 -69 -41 27 69 -7 2 69 -79 39 75 48 -65 -33 -81 -25 58 -2 -95 -46 -27 31 48 -1 71 35 38 -65 -17 67 65 79 35 64 96 -17 19 57 -79 96 -64 26 7 92 36 97 14 45 -58 -7 -20 68 61 48 -69 87 -62 30 50 -22 39 30 -15 -52 41 30 18 -17 21 -29 -22 48 -25 -59 13 91 43 -32 -76 -36 -40 -81 -26 -53 -78 59 -49 -48 -97 -80 -23 41 -47 -50 -52 -65 28 87 99 48 -48 -94 4 -53 49 57 1 97 90 -48 -9 43 -12 -96 -59 -20 57 -89 -82 -96 40 -37 87 78 -8 -18 -2 -86 34 53 77 99 -99 40 -94 3 -73 79 91 -97
86 -2 89 68 63 86 75 96 -42 -80 73 97 -8 91 92 4 5 -26 74 10 20 -9 14 -97 -35 -25 98 -79 -60 -49 86 70 -77 73 17 -76 -25 19 -44 -25 90 -39 -64 -82 88 -6 63 93 3 -3 -76 10 94 -75 69 67 64 45 77 21 14 79 68 90 69 35 21 53 0 57 -7 -11 84 -99 22 71 -69 91 -17 68 24 -60 9 -84 87 -67 36 29 -72 40 -14 -5 24 -24 99 89 98 -33 30 54 71 -55 28 29 74 -19 35 56 -92 84 -99 69 57 27 -53 18 -91 -5 35 39 -8 -67 -48 -81 89 -94 -37 96 23 33 -100 -69 34 100 -37 54 -17 79 87 -73 -97 94 -48 -19 -32 -94 -90 -75 -62 -46 90 -56 59 -83 81 -94 -81 -43 5 13 -52 48 86 -35 -54 -89 -19 84 -53 -4 68 -47 91 -34 -36 32 -94 -42 90 90 9 -59 67 49 -25 -95 72 -52 33 -73 -76 67 -94 -38 61 100 40 91 -21 -89 -97 6 53 10 26 -2 49 -62 -51 88 -47 70 -77 -49 -21 -32 14 56 -77 10 61 -79 20 83 -76 94 -10 78 -24 56 48 -27 79 -76 94 62 -71 -89 -93 90 -63 -46 20 -84 -23 -34 -63 68 38 -51
-27 53 -40 -57 85 -56 76 7 -51 -94 31 -33 67 -32 -30 5 42 -34 -87 90 -28 91 -78 55 -26 -97 -87 -31 -75 97 -98 7 84 32 88 -99 -44 53 69 29 -29 -98 -38 13 64 100 -23 -87 -98 96 32 5 75 -23 52 -51 70 79 53 -68 45 -31 16 -57 -12 -95 -20 78 -69 57 49 28 -46 -70 -73 35 -62 -54 -21 83 14 -70 26 -48 -19 -30 44 -43 -95 51 34 -2 50 -6 47 5 -55 -11 -95 -60 -75 -98 -75 71 -50 65 -100 29 -3 4 -52 -72 -68 24 -89 -83 100 83 20 -66 9 73 66 -41 -36 84 -58 7 65 90 -74 92 -87 -13 29 -38 -21 -47 25 0 52 -48 23 1 -4 9 51 68 36 -45 -66 -95 -68 73 -96 -23 -21 -13 26 5 -29 95 -10 -47 72 -42 70 30 -2 48 -81 -97 -66 16 41 -82 -7 -33 -64 75 -69 15 2 39 16 -26 -98 7 -57 72 -85 -92 -99 97 -69 40 -21 25 9 74 -65 -5 16 -61 89 -98 -17 -48 94 -87 99 -22 82 -93 66 69 41 -71 67 52 39 -4 -21 -26 -81 -42 94 -68 62 -27 -72 -73 -94 55 -46 21 -8 82 -24 79 68 41 -38 98 0 -54 79 -68 -54 48
-46 -1 -34 67 -76 76 71 -17 69 -56 -17 -90 34 63 34 -50 -81 4 -34 12 6 13 -70 39 9 -46 -73 71 10 56 -57 46 45 68 -70 20 43 89 -40 25 -85 -77 -9 86 83 -73 -16 -2 62 -63 2 -38 -28 -12 68 58 -45 28 -94 -54 79 -60 -7 94 66 75 29 76 -91 -47 4 -54 78 80 48 -20 -64 -28 -99 -54 2 55 41 -60 27 46 -41 8 -75 27 -35 3 99 51 -36 -38 54 -18 -70 26 100 -34 -23 -51 62 94 5 -68 11 -97 -100 42 10 -20 16 -33 -35 -71 -79 37 7 28 68 -4 4 73 -51 78 5 -95 92 69 -38 -77 -97 -7 25 -100 -41 40 56 -54 -65 23 -64 -90 -7 73 42 100 -41 -19 -29 53 50 -37 -80 32 92 -94 53 20 -49 66 33 38 59 99 94 -63 -72 -63 63 17 83 -91 19 -82 -33 75 -22 -45 -74 57 8 -40 31 -70 -69 -90 -55 95 -96 -23 -89 36 -20 -83 77 80 54 -38 -59 78 -46 -68 5 72 13 50 -42 -20 -88 -45 89 88 20 64 -80 29 74 98 77 -80 -21 40 83 45 -37 67 -49 0 -88 -31 14 99 59 11 44 -51 47 -16 14 -78 -44 82 -86 -45 -30 12
21 -6 27 22 -66 -33 -36 -52 -82 -39 84 -75 65 -15 92 -63 1 2 -99 17 -94 1 -2 34 -26 -88 59 29 51 30 -25 63 -61 -39 8 72 -73 42 29 60 87 -98 33 -41 -71 67 -45 -27 -32 -51 -90 -38 4 -89 63 63 82 65 85 7 24 -30 -71 9 58 -92 83 67 -66 -14 -28 -41 97 -30 90 93 13 -24 -86 45 -40 -84 98 -14 65 57 -89 64 51 65 2 33 -51 75 -32 -83 100 70 62 31 94 -13 62 19 20 77 -41 37 17 -50 -29 83 -65 -45 -73 8 -98 -48 1 -51 99 10 -71 100 -16 62 -74 10 -95 90 -83 -74 73 55 29 63 -60 -45 67 -66 16 24 -59 -16 2 94 -94 45 -93 -28 83 -80 -20 54 8 67 49 -56 -5 64 -17 99 -87 -34 -36 -7 -40 -70 93 46 2 -41 44 2 19 32 -11 -8 -87 58 -100 -81 -99 77 75 -68 87 -3 -63 -80 -57 -61 -53 -53 82 96 42 27 -75 -23 -71 -64 57 9 -39 61 -29 13 42 -57 -43 -1 -60 -73 65 23 -68 62 64 -15 77 97 -45 63 58 -95 -82 16 92 51 23 37 22 1 -25 52 -5 -57 -63 30 36 -98 -72 -5 67 -23 -31 95 -5 13
64 -22 -23 -84 6 -67 -54 60 14 -52 50 67 -48 -23 -23 -86 -32 65 45 -34 -94 -70 64 38 13 59 -28 -100 82 38 -26 -78 42 -77 8 -82 95 88 57 89 -62 80 -96 29 -2 -25 66 -72 -2 20 -100 -45 87 33 34 -99 93 -91 -15 -12 -15 -41 14 -32 -91 -33 -18 -49 -58 60 84 -12 -50 14 -16 -59 90 20 -71 63 -71 67 71 -18 85 -8 -11 82 1 -1 32 34 -81 -84 99 -86 -70 -54 -38 43 -94 58 -30 100 100 26 54 22 -77 -13 93 -100 -47 90 -84 -83 62 -60 -29 -68 26 53 65 -55 -92 62 57 54 42 58 -22 -27 16 -60 -42 61 -11 34 44 95 -62 -64 -85 19 6 58 -94 23 -80 77 88 73 -1 69 79 70 10 39 -95 30 66 -22 47 -73 -41 39 -89 57 81 -34 -59 -32 85 91 -92 -69 -89 65 85 -10 50 -79 28 95 34 -39 -80 24 13 -22 -69 -24 -84 -99 8 5 85 73 -41 55 -62 -25 -72 95 61 -93 38 -78 88 43 17 -59 -42 -56 -50 -49 20 -92 63 -40 75 76 56 43 24 64 -14 53 -1 -94 19 -10 23 27 -91 -76 -10 95 13 -30 -88 -85 -26 50 -77 -64 25 -5 33 -93
-59 52 60 31 -14 -91 64 -85 -51 -79 -3 -2 -8 -16 -23 -85 87 -6 39 -49 -69 94 -50 -89 80 93 -58 -24 -40 82 -8 -67 -97 -92 -22 3 -79 93 46 43 86 -30 -63 88 64 -79 65 25 -53 24 51 33 6 -64 -57 -34 -80 -11 -64 64 -6 88 28 -78 -89 0 14 -13 14 -68 -82 41 47 -83 -70 -81 -14 -96 12 -78 -19 -15 43 -89 10 29 64 -90 -18 0 -12 -76 95 9 -26 79 -22 -65 91 -73 36 29 42 18 -45 92 13 78 8 62 32 -73 -6 -63 -94 41 85 0 88 38 -99 65 66 3 -82 -8 -9 86 -53 33 24 -46 -38 -95 -43 -52 -66 -95 -71 62 63 79 -36 21 -76 89 -33 -52 50 35 -50 -88 87 62 41 13 92 6 -40 9 5 54 60 91 -93 -41 71 -26 -86 -1 70 -18 -37 -33 40 -12 -28 -13 -67 -85 2 6 -79 84 -71 -73 96 -65 96 -71 9 -89 -14 -54 54 16 -64 33 92 57 -75 64 -2 74 29 59 -25 81 31 -27 -97 35 66 -13 -10 -49 2 -28 -87 -15 33 34 8 -97 -94 27 -83 53 -67 78 25 47 -73 96 100 25 32 -3 -92 -27 -65 -53 15 -69 -72 -86 51 47 -5 74
68 54 94 59 -24 -66 100 12 -10 46 -95 43 42 -98 -84 -99 -42 -77 31 90 -48 -18 43 75 98 37 -75 -26 79 -63 -38 -57 -59 55 49 -72 -32 54 -7 98 -24 -18 66 44 -18 -20 -49 80 68 56 0 80 38 -8 -2 -82 -26 -91 -32 10 7 43 -65 -91 -68 -40 -29 12 11 69 -8 -93 -54 -54 -52 -89 -9 -87 40 -37 69 -31 -24 -30 -6 -98 -67 67 83 -54 19 -1 26 -76 -30 -75 -74 93 -5 -86 -30 -97 37 95 -47 98 1 -50 83 -86 -67 30 -33 -38 98 66 -24 -90 83 -71 -21 -68 -62 -92 3 -77 -58 -45 -32 -3 -34 -84 75 81 -75 -79 -15 -20 -9 -43 94 -81 95 -91 -54 90 -29 -70 70 -78 -69 -86 77 50 -85 -85 39 12 36 61 -7 3 30 17 79 93 70 28 -9 49 -19 63 -12 19 -45 48 -39 -60 46 54 6 51 36 -97 -99 -52 74 -41 -97 -72 -92 -82 0 -9 31 -36 -72 95 -78 72 -52 70 60 88 -33 50 -51 19 -40 -14 -43 89 35 55 -29 77 -93 -46 -44 51 -97 -96 11 -80 81 47 20 -3 31 -43 -76 -87 -72 -21 -25 96 13 -26 73 92 25 -2 -91 88 75 99 76 50 43 -2
58 70 1 35 -90 80 21 -74 49 -71 -47 84 48 -16 -18 2 100 20 -93 18 -81 -96 41 28 -61 -30 -81 61 81 26 -14 81 -56 58 -70 -69 32 -7 59 -95 -3 -33 22 95 31 -12 -90 39 47 34 -78 -15 71 -98 -22 26 63 -19 78 -18 11 76 3 -14 -16 -97 11 89 66 93 71 45 79 28 55 77 12 -33 -78 -86 83 18 -53 36 -66 -36 4 89 -93 59 9 2 48 -85 50 -26 25 -79 6 -56 31 -87 -6 14 58 -52 77 87 62 54 10 -90 -75 -84 -83 -61 72 -16 -39 56 79 20 62 -29 -83 -43 50 56 -45 -40 -83 -3 -42 51 -93 45 -2 54 46 -48 -71 51 -74 97 -2 -15 63 -28 -66 40 -99 28 76 25 79 -7 7 15 -38 45 -48 13 71 -74 -48 5 -96 -91 -19 -51 -68 2 0 -10 33 99 49 -42 -66 31 -44 -90 39 53 58 64 -72 -81 97 -82 68 -95 31 -6 50 79 100 -98 30 57 -7 30 9 64 75 78 67 -79 54 -66 56 49 43 70 59 83 -69 72 -88 -23 -8 -82 -85 95 27 -8 -23 24 -63 94 -50 -98 -76 39 -36 21 56 63 45 -23 64 69 -100 -71 78 66 55 57 96 42
-63 4 -22 -90 70 25 -82 21 -94 -60 -80 -43 -6 76 -93 7 -84 56 40 -46 82 4 44 -29 91 77 -42 61 97 93 32 74 -77 47 5 -25 19 -90 -7 -72 -8 92 68 68 -66 16 -64 -59 29 -22 -73 10 28 93 89 -62 96 60 -11 60 57 39 -95 33 -90 67 -28 -99 19 -93 4 -5 -36 47 -82 -4 67 -24 67 58 -92 49 -54 25 81 -13 66 87 54 -8 -77 -7 -21 25 82 -95 23 -88 63 -45 73 71 53 -40 39 61 59 16 41 -41 -20 -55 98 80 99 59 -46 -80 -12 43 -70 -41 51 -1 4 -55 -3 -67 47 -96 -16 -73 62 -40 -35 -14 -83 55 27 -66 -18 20 24 -2 -81 59 -57 50 47 -30 44 88 8 -92 64 -53 -90 39 85 1 -23 -18 84 1 -68 -78 -50 36 -23 13 72 73 24 70 39 -77 -4 -59 5 67 -49 -70 -74 -70 -49 -79 31 -11 -44 6 17 47 12 -1 40 45 74 47 -77 -68 -21 -47 70 -61 77 2 -81 43 -15 9 64 65 77 43 24 44 -10 -75 -6 20 -75 2 86 98 42 -27 -60 6 86 71 77 -5 73 -56 -49 52 46 92 -7 54 -37 -11 69 -11 38 68 58 -25 85 -72
-70 15 -99 14 -21 -96 -87 -84 -30 -55 -56 56 -100 53 -2 -81 9 97 58 57 78 71 11 -11 -58 -1 13 44 73 69 -39 70 51 -54 68 16 -57 87 -100 61 87 91 75 16 88 66 -91 -80 -93 97 -100 29 -100 100 -19 -33 18 36 49 -60 -71 9 -62 -95 74 82 87 -59 -11 72 -36 57 47 -61 88 -48 67 60 -78 83 2 -90 -95 -13 -96 38 -99 64 -63 -82 -17 8 -95 -53 -67 71 -37 73 -16 22 26 7 -3 -11 -32 100 -91 -12 -13 -39 -16 -73 -9 51 -2 94 -9 -5 -43 -27 -57 90 3 -67 -68 -18 -65 95 -94 91 -13 -13 -3 -53 -58 68 -94 98 -59 -88 78 -59 72 82 -56 -70 40 -43 -7 -18 20 18 53 -63 -80 -4 -12 -97 -5 15 -90 12 22 -4 71 2 -22 -79 44 -33 15 37 90 82 93 -31 79 38 84 -40 77 -21 71 55 -34 -91 74 49 -25 -53 35 1 90 59 3 -1 -59 24 68 -34 -100 51 77 25 55 47 -46 -24 71 -3 30 -41 62 63 -10 -19 -31 -50 -37 0 8 -68 50 -85 -77 -44 76 -34 -92 12 -86 65 -97 -26 -86 -80 16 -55 19 -100 -12 73 -68 -2 -49 -7 -40 20 34 -13
-22 -9 20 57 -35 -35 47 98 -79 -39 74 13 86 68 8 -42 27 -52 -47 -75 -12 -52 -17 -78 61 -95 -96 -4 -27 68 -81 66 71 -55 31 -2 57 31 31 -28 -62 44 19 -97 55 32 -78 -58 -62 -87 -61 -41 -60 25 9 4 -78 27 -85 79 23 3 -66 -66 70 1 -68 55 43 46 26 10 48 97 27 58 28 -9 -78 25 88 -90 60 63 -69 99 6 16 -30 -36 89 67 -97 71 -79 -30 -89 -4 -34 68 -79 36 -68 -28 -58 -4 78 49 -46 -67 7 -1 89 4 -99 41 57 63 2 60 82 -6 -36 66 -45 -3 -80 99 -67 -17 2 76 -37 48 83 44 -57 -11 96 -19 6 -36 78 -29 -38 -13 -17 -69 -18 -99 -31 -27 -54 -15 25 83 28 -59 -39 -48 100 68 -48 -64 96 23 78 98 -63 83 85 -22 54 4 19 95 -23 -7 -24 20 96 78 -78 59 10 97 -61 87 17 -97 83 -51 -96 85 45 95 49 -90 47 -39 -61 -7 56 0 -80 7 70 -91 -66 -19 55 27 -92 70 25 54 26 -26 -79 36 65 79 -66 60 -53 5 34 -94 29 34 87 74 -1 -7 45 43 -86 -56 -31 8 -51 -49 71 -41 -35 52 -76 30 17 -45
-25 -60 17 -91 44 54 73 75 -68 16 10 50 73 -82 43 -95 -1 56 34 68 10 -95 29 -35 -100 -54 -69 11 -4 94 64 -15 32 -70 -69 -45 13 0 28 -46 -52 75 77 -18 -59 75 29 -10 -91 -90 75 27 53 -78 0 -8 -78 21 -81 21 83 -49 -84 -5 17 -3 -27 91 -22 100 -37 89 -2 -73 -3 98 6 59 98 63 44 59 89 17 -2 -2 -99 -39 -42 -88 43 27 86 -91 85 86 26 17 -11 -95 -68 98 -18 8 58 -33 68 8 34 22 15 -82 -33 -86 -4 -56 15 -57 57 -28 -96 15 30 -79 25 -14 -39 79 99 -19 -43 -1 60 28 -86 89 -7 47 67 -9 93 -24 19 -84 -73 -46 72 73 -91 -6 14 -53 -73 45 13 81 -10 -57 -73 -69 -99 97 2 -58 -61 -74 87 -80 47 96 100 57 46 9 -95 15 8 95 -91 44 -17 -96 -77 -23 10 81 7 -92 69 -8 -97 -33 -41 1 19 75 -2 70 -67 59 -50 -79 -25 -38 36 -53 25 -26 61 -55 -10 -64 -21 58 32 -62 49 49 -35 49 -44 2 -49 -100 -74 -15 60 -80 -76 94 -29 -7 -96 58 1 -2 -80 62 17 98 -2 47 9 -70 37 11 -32 -53 21 -78
31 100 -26 -7 79 52 96 -63 91 70 -66 19 48 11 -37 18 81 87 -79 27 29 -95 49 100 85 -2 -25 -55 -41 94 25 70 5 35 -7 -63 -45 -1 -99 43 29 26 61 17 -50 -81 -32 55 38 -71 -14 -88 84 -70 -42 33 -60 -34 -51 63 93 -92 -70 94 60 27 -33 -46 -54 -99 20 -84 -100 5 -55 -70 61 64 -65 18 -34 -59 59 98 47 -7 -85 48 -13 92 8 -48 -84 44 50 61 -42 1 -55 -56 -99 -25 72 -99 56 31 54 -96 -77 17 -68 38 96 29 56 -56 -58 -69 2 -70 77 -100 9 26 -26 -16 -30 32 86 -3 83 -33 -52 -2 67 -28 94 11 -31 56 23 77 7 84 1 -43 -18 -27 17 -99 -31 -22 51 94 87 -30 -22 81 -73 -75 -64 -59 65 0 67 -19 95 16 40 1 60 51 -45 34 -23 86 -60 -78 -26 40 51 6 61 -51 94 -56 -5 -57 12 28 5 3 -32 -53 -68 -51 78 -8 85 99 52 4 -74 5 51 -82 -9 30 -76 -18 -10 -97 7 -96 -15 -9 83 14 -98 -49 52 89 -21 76 -83 9 39 -70 51 86 -45 -4 -59 -16 -52 -80 -100 1 58 -11 7 -86 -72 -85 -7 29 62 35 80 -49
