500
-2 94 -82 -97 -99 -25 98 94 2 17 57 5 64 -44 57 1 -78 -41 29 81 77 6 -52 -77 66 49 -63 -45 -19 88 -54 -28 -88 9 -93 17 25 -7 5 -35 53 77 -88 -86 50 -8 15 34 -91 61 43 -53 -51 -16 45 70 98 -86 60 -29 -58 -72 22 83 54 -2 -92 57 82 -49 -96 -68 15 55 -45 9 56 -66 -95 26 18 75 -77 -89 -65 -94 57 0 -50 -64 -90 -64 -7 98 95 -86 41 -56 -40 -16 -38 -54 -81 -77 -73 55 -15 -59 52 73 53 9 -80 87 -24 32 25 46 29 -4 46 63 4 17 61 97 2 94 80 -75 44 44 2 77 -58 -94 19 -42 74 -8 -75 43 -83 83 78 -1 87 34 46 -47 -84 95 69 65 -1 7 -100 62 98 -63 35 67 21 -15 36 49 61 -93 -93 8 60 -78 26 37 -41 97 35 -31 -14 94 -66 -64 -78 56 -43 15 -38 77 96 -27 94 54 -5 59 81 45 -73 16 86 44 -87 -40 95 28 61 18 8 25 -10 -39 12 30 -9 -25 -2 80 22 73 -73 -36 45 99 -4 -1 14 44 -16 -5 -90 -89 66 27 -18 -92 1 79 -26 -78 -2 -79 17 1 -48 -28 -99 98 -4 -61 -72 61 -68 93 46 -52 22 10 18 92 -10 16 -56 25 3 -59 62 -80 -1 26 40 -57 8 16 30 -22 -80 24 -35 50 -15 40 5 55 71 45 12 98 -58 59 -19 97 52 -22 91 58 -39 -11 93 -79 39 3 -89 62 87 -3 -91 16 -62 23 63 1 -41 59 -25 -68 75 -10 -28 -78 69 -8 -86 -67 -53 60 -73 96 -32 -8 -22 38 92 -70 68 -12 90 66 91 -34 -69 -37 -27 54 94 39 51 -4 50 29 -10 4 -10 51 -33 98 33 92 28 56 -64 7 -2 -72 95 -100 8 72 73 -91 -47 -98 18 9 -73 84 25 -98 78 2 51 81 -90 -55 -38 58 37 93 92 -53 -89 -25 34 -21 60 -69 -69 -69 -50 -90 -48 82 100 97 -57 99 99 73 -11 89 49 -16 -31 95 -86 98 95 53 58 74 71 29 -68 85 89 36 55 17 -92 -43 76 -51 69 -10 11 50 -32 47 68 48 -61 85 -93 66 29 7 -55 51 -82 -40 95 -84 -13 21 -92 10 13 -29 -58 -16 78 62 -45 -34 -33 46 -93 24 83 78 -65 55 75 74 0 70 -62 -9 50 -86 -49 -9 -32 98 -37 21 -27 100 -19 -95 47 -7 -82 27 0 30 -32 -93 -54 53 -37 61
-57 53 -28 34 10 -39 -20 -49 87 86 66 -57 -7 -57 69 -21 34 -75 82 6 -6 -98 76 83 51 -12 8 -17 40 61 -79 -4 -7 17 88 30 -86 -70 -67 -89 -4 79 73 -73 -67 -94 26 -87 -11 19 61 76 -99 55 -41 -3 -47 22 12 79 -53 69 -20 70 36 14 -62 -79 96 -93 4 27 -45 -57 -21 -3 -12 16 23 29 -55 -95 -26 44 -36 -41 -88 -31 40 -32 65 29 85 -80 38 74 57 57 -75 11 -1 -94 20 8 -21 17 51 42 -98 15 47 -43 37 45 -97 -18 37 -2 23 -23 -51 44 -87 69 12 96 2 21 20 -45 -79 -96 39 -9 -64 29 -76 48 -88 63 -100 2 83 43 -45 -87 -2 -77 -38 -5 -4 99 23 -77 -8 2 -55 58 -27 -59 92 -64 91 11 80 -66 -20 64 89 54 -56 -95 -74 95 44 29 -44 36 -59 -50 55 87 87 -66 50 67 47 60 44 59 -19 -12 -28 96 17 -100 -8 47 -63 -3 50 -76 66 -22 50 55 -31 -60 -48 -62 -43 18 33 28 -89 -14 -75 72 9 -66 64 54 65 37 90 41 22 96 39 -7 -34 82 1 94 64 -68 -59 51 87 95 -67 -93 27 -20 92 -60 -70 -93 -71 -28 26 -67 -38 82 -75 -4 20 -41 31 35 -61 -83 -57 79 24 1 -51 45 -17 28 2 78 20 -10 -5 -88 -97 33 -7 26 -39 -91 -85 49 5 55 -80 -28 -59 -61 -60 -55 26 99 24 53 70 47 -30 50 62 -20 -27 -13 -84 -86 -40 -84 74 42 -6 -43 40 61 -42 -73 40 -80 -34 -34 -19 -57 43 7 82 98 14 83 75 -3 -45 -52 -41 30 -32 -37 8 44 -68 14 87 34 -3 21 -29 -5 -32 -20 -53 65 -45 8 -64 -3 22 99 -5 17 10 -97 -98 84 -42 -49 37 -46 -43 -91 99 -33 -93 -81 5 -13 100 89 -43 -88 -85 -99 62 -10 -43 9 -79 -29 -57 -76 -9 15 66 -38 -99 81 -13 -31 31 -9 -9 -6 82 53 10 -40 -28 71 -15 86 78 -46 -33 0 -84 73 42 -89 46 75 -78 20 19 -27 89 -19 -80 66 63 -49 40 23 -5 58 59 100 -32 -21 36 -66 -36 13 55 28 81 37 -70 45 36 -62 -67 -10 96 36 -24 62 34 64 -40 -43 7 -50 14 90 -51 32 72 -71 -10 17 53 -43 -7 -42 -99 83 100 45 73 -64 7 92 63 94 25 -47 80 -31 18 -73 80 6 -17 34 17 10 31 -8 77 91 62 46
-55 -16 -32 19 -73 -27 32 -31 -84 -86 93 100 24 -92 8 36 6 -76 54 41 -95 55 -63 -80 -97 -27 62 19 -24 17 -12 -43 -85 -39 61 -54 -48 58 87 90 40 -31 -33 -71 -96 -23 12 88 -80 75 72 27 50 -83 86 -56 -62 40 89 -35 -15 71 31 -61 -28 44 -53 -30 33 87 26 17 36 -63 97 -1 -39 -66 54 57 -8 91 -29 86 -7 30 42 45 13 -51 -66 -13 34 -1 -10 21 -86 -77 87 -57 94 -54 -9 97 -34 84 83 -60 93 -58 -12 -62 -60 20 -54 -37 -42 72 -54 0 30 62 -82 35 -23 15 -68 -91 -72 -53 -39 -70 27 19 -51 -16 -23 10 62 -76 40 69 -88 -68 25 -68 26 -93 1 75 80 -25 68 10 -89 26 -93 -69 21 -69 -94 42 -31 -98 -38 -48 -3 -96 -50 39 82 -92 -45 -21 -60 14 -70 48 -29 -40 9 32 45 -5 -53 38 45 -89 36 -39 -26 -56 56 55 62 21 -66 -66 75 5 -95 64 24 18 -94 79 -50 93 -80 -30 62 25 -35 -11 -39 -90 -53 -15 -69 72 -47 49 -7 -14 -47 46 86 64 -80 0 71 0 62 -1 -55 56 37 38 59 -81 -47 -60 17 83 -20 -16 92 -35 -92 -54 95 2 -19 34 89 46 25 56 27 -96 73 -44 -3 -55 -15 -44 -21 82 -92 14 41 98 -39 -49 84 -100 -45 82 -7 -65 -27 -47 98 47 13 37 16 -50 -5 30 54 -2 -6 -72 -32 -83 -8 -65 64 -95 16 -36 26 80 -32 38 31 -20 -59 -36 -86 44 11 -40 -95 -36 40 -90 -56 -50 71 38 -88 -23 -82 -96 59 42 1 -79 33 -21 98 77 87 -19 -54 90 -75 56 -78 -66 44 85 -53 -60 -33 6 36 60 21 42 13 -44 42 -96 -98 97 5 88 -44 62 -6 10 -70 99 0 68 48 58 75 35 98 -93 -22 -82 87 75 92 -93 -8 -70 82 -10 65 -90 -20 14 -73 -74 69 17 83 -80 -62 45 -15 86 5 6 62 82 -4 -46 -73 -24 93 1 15 -41 85 66 -3 -83 -100 77 -84 -76 -38 39 -26 1 -63 34 -38 0 88 -9 -12 -54 -6 1 -53 -35 -32 42 35 -7 -72 91 93 80 -58 71 -30 30 28 -32 -21 -48 -20 70 18 -60 -36 -87 15 18 69 60 31 -58 16 56 42 18 -54 -73 -89 -52 -16 100 -93 -35 93 59 -9 -59 48 1 44 46 -82 -47 -58 -95 26 41 57 97 24 -32 -47 -29 51 14 36 87 51 -46
66 91 -35 69 30 -70 -97 -38 -31 -88 -86 40 -94 -90 -2 -50 77 -44 30 -75 -21 -78 -18 -78 -49 46 23 82 64 57 72 -86 0 -90 30 -51 -92 38 0 -30 46 -60 -60 -1 -29 -53 56 -16 49 -99 62 -20 3 -44 -33 -96 -46 6 28 43 -99 -52 -83 -27 -40 -2 -63 -40 43 92 -38 -91 -68 -68 19 -57 -89 4 -85 40 -67 29 -59 -8 -94 37 -71 -48 -25 19 76 98 56 51 27 -9 -24 -57 -99 -49 72 31 64 -72 -79 -64 62 -35 -47 71 -25 92 -56 -28 -21 89 81 -8 -53 -83 100 -75 39 -36 93 -91 -96 -25 67 15 -24 -72 -28 -26 -77 24 -68 7 -92 -18 -10 -29 92 -100 35 -28 63 -44 43 58 34 -61 45 -17 -57 -47 8 -51 31 11 22 -74 -29 -97 -56 -58 4 29 -32 -48 57 -84 5 -29 11 49 74 9 77 -37 -68 30 -60 73 48 87 49 76 -46 58 -10 -87 -68 -33 35 -4 97 -8 -78 5 41 39 41 90 4 -60 54 -7 -62 50 -18 -84 16 89 77 6 100 -66 64 1 32 -56 36 32 -70 45 93 86 -17 -25 -55 -59 50 77 -14 19 -40 -19 -68 -46 -79 8 21 -28 69 -12 10 96 -77 43 -47 89 35 -94 0 -24 56 -49 -13 96 -33 54 96 24 37 -45 -94 69 24 48 -33 -49 4 -45 28 9 58 10 38 35 45 61 14 -81 81 99 -2 -50 85 -25 52 80 19 -30 63 -86 -5 -33 56 86 57 -3 -17 -95 -59 94 -89 2 46 -56 68 45 -88 73 57 31 -73 -41 89 42 -24 30 75 -35 -64 35 19 86 91 -69 70 -32 85 3 53 11 98 -69 13 -51 15 -59 32 -9 -64 52 -71 -16 -59 7 -85 -1 27 -91 39 -8 81 -59 77 19 -33 -4 21 8 -95 45 37 36 -37 18 -26 72 32 -17 -28 -51 -95 -100 83 75 38 -14 -28 19 44 -60 31 -56 -28 21 13 96 -68 -97 -43 -11 -74 18 44 23 -1 45 24 -59 8 100 34 -53 -47 -91 49 98 -3 -37 93 -32 -68 -72 -82 -96 33 -19 82 57 59 11 100 97 74 -61 -8 50 -81 -67 85 -58 -92 22 56 -39 69 -88 53 61 69 -59 -99 51 -26 88 61 34 -51 76 52 73 -14 -46 -47 -25 -40 28 19 68 -61 -58 7 -23 -13 67 93 7 -97 -54 14 33 -67 -51 39 -3 -18 70 -44 -18 -11 60 77 -33 54 -46 14 -33 -30 1 -38 -27 67 -27 21 4
74 40 -33 -70 -78 100 40 -6 25 30 -83 -23 -78 47 -77 23 -57 -75 82 -19 21 86 24 66 88 26 -54 24 -15 90 -78 -51 28 -53 8 9 -92 3 41 -67 -82 -46 -19 37 -86 94 -30 61 52 17 64 61 96 26 55 -49 67 56 -85 69 78 -93 -12 16 22 49 -28 83 90 82 90 67 -83 95 -59 25 13 0 33 58 67 -58 -31 -61 29 13 -22 -18 53 38 95 -10 2 -27 -68 -73 90 48 -66 -68 -66 1 -20 9 16 -43 31 -84 25 76 23 0 55 88 -54 -26 -87 15 27 -99 59 -97 8 34 -22 -72 -21 53 93 -74 58 -38 -54 40 71 6 74 77 -82 50 30 6 -3 -89 -6 8 -74 46 -92 97 -8 28 44 -71 -37 -10 36 -1 -50 -84 -13 73 -10 -36 7 85 -39 -9 -67 53 27 -71 10 -84 92 40 43 33 -96 -59 48 -33 79 88 55 78 62 -57 10 50 82 79 -34 28 91 -52 96 -65 59 60 -97 86 37 -53 -21 38 -12 -60 -38 -15 -6 69 33 -65 -63 -7 39 21 90 64 -5 70 98 -51 36 -19 58 -51 94 6 -82 -56 54 86 41 -87 56 5 -37 -96 -1 46 52 10 -11 76 5 -72 82 84 -23 -83 86 64 -28 -51 -78 -6 -49 -39 -11 51 -94 -67 40 65 -91 97 73 50 -44 33 47 -65 -43 -98 20 41 -32 -49 26 21 -45 -93 -77 68 -42 42 18 23 87 -79 76 -93 -90 -98 22 -89 47 -97 94 -40 0 -80 97 20 30 -35 -98 48 98 -40 -77 85 23 -81 -68 -68 -42 -3 91 -50 83 -39 -81 53 -76 -74 67 34 32 -3 4 52 -67 42 94 -39 -4 -64 50 89 -81 -98 31 -43 8 69 19 98 -98 56 18 -57 26 -7 22 36 77 -62 91 11 -16 95 -24 -72 95 -35 63 -68 -13 -12 -51 -79 -59 78 83 40 4 -43 -33 52 9 82 47 -10 12 -2 61 -72 24 46 -34 -43 19 -10 -62 -60 95 -87 16 0 81 -61 -36 73 -8 74 65 -53 94 90 -97 32 -40 92 55 45 52 33 -67 -98 -65 -71 -77 -93 71 37 -4 8 -38 30 20 -92 -35 22 7 44 11 -54 2 -26 24 -36 -79 27 64 -5 68 -57 -46 65 -38 -36 -89 -78 68 7 -33 -47 48 20 -61 78 4 -63 -76 -69 -55 61 -81 -38 56 55 -47 39 -47 34 4 -88 -35 -40 49 -96 15 -38 -64 26 -13 67 -52 -57 80 28 -94 -96 37 76 14 -94
-100 85 -45 -48 59 -30 -47 57 19 -64 86 84 -17 -100 42 95 79 -77 -54 23 -33 29 94 -45 -11 60 59 64 -33 97 -51 36 -91 63 95 44 6 -36 62 -63 -46 93 11 -61 -28 -84 -7 56 44 -98 -94 -81 -81 81 28 92 -24 -95 -79 51 51 -1 -5 -10 58 44 100 -94 -41 87 21 -45 81 40 -58 -94 82 84 78 -57 91 66 34 -49 -99 -3 65 19 70 95 -82 55 1 37 -1 -12 -79 19 -59 -57 14 -13 7 53 -27 41 76 54 14 -41 0 55 20 -95 -44 -79 29 -60 -67 -57 16 -99 45 64 83 7 -6 70 32 39 37 -82 -35 -25 16 -80 -40 30 -37 -98 18 99 -88 89 -13 2 -62 7 29 -22 -87 7 70 -23 -28 52 -16 89 26 -59 -20 11 29 20 -14 -63 -55 -40 89 -43 -99 -82 3 12 2 1 -91 66 90 61 -92 14 -6 14 68 -90 -51 65 1 31 89 -53 10 -75 96 56 88 -67 99 64 -36 5 -53 -52 22 -89 90 -83 -56 14 3 -51 -90 92 -68 -27 93 93 -17 56 -78 95 -76 92 -68 -75 33 0 31 54 46 -50 68 22 20 -23 -2 -8 -24 5 -28 54 48 -5 87 -78 32 53 71 -66 -40 82 -45 -4 6 -86 -100 93 57 69 -13 -89 18 -55 78 4 92 -98 55 -63 -16 -98 -50 51 -78 -93 25 16 86 -64 96 -17 -51 -82 25 32 47 -69 -10 32 -57 -31 -9 -92 -33 43 43 -37 51 -47 71 -96 -3 51 -63 -73 -97 91 50 -17 88 -82 75 76 9 -2 0 -26 5 0 -49 56 -76 -49 66 -29 8 54 -96 -97 -46 -55 -2 -18 11 18 -7 -3 91 -6 -62 -61 -47 54 -2 -12 -33 -96 69 -32 18 -28 98 -99 -64 -7 36 -20 55 23 -73 -33 49 -84 -61 85 -65 76 41 -13 6 55 -37 -90 54 -33 14 93 88 -56 55 51 -21 97 18 -35 -45 -36 -91 -6 -53 35 61 -70 83 -92 16 59 -70 26 -71 -47 93 -19 -76 -90 2 64 -83 -1 -29 88 56 -98 -88 2 -23 -2 55 -99 -15 -10 95 1 85 64 20 -47 -73 60 -22 81 51 69 12 97 -27 -73 30 33 -27 30 -27 -22 -15 95 33 45 -22 78 -4 55 -19 -10 -54 -9 -10 -44 62 -57 -25 53 -99 78 86 83 31 36 -84 -34 -80 76 -10 17 -41 -78 2 -49 66 -6 -64 -34 -90 -80 22 19 98 -25 -66 -49 93 45 78 48 -91 -48 -45 -59 -64 29
52 24 -34 59 -90 -76 -97 -94 -14 -31 -71 75 23 7 -8 40 -36 -57 91 88 -30 -63 91 9 38 -83 32 86 -47 11 -58 -72 23 35 67 -45 -42 -51 -35 -59 73 35 89 -72 80 -42 -20 -72 76 -2 -70 61 0 -85 -70 38 64 -89 40 38 70 10 28 -25 41 1 68 -22 60 73 -79 92 -32 -93 89 -96 71 45 -39 -24 73 -59 -30 47 46 89 -26 12 17 -33 -88 33 7 52 -12 5 -82 19 -6 -12 59 -60 74 100 56 -95 79 -35 71 -77 19 57 68 66 -14 -2 -71 -90 -56 89 92 10 -65 38 -100 16 41 99 94 22 -79 94 2 -48 61 -70 -30 -57 75 -60 58 -84 8 -21 85 -54 -59 79 45 27 -68 -71 13 1 61 40 -92 -74 27 100 56 -71 -43 -83 52 -4 -93 -65 8 -51 79 4 57 -41 -21 -1 -45 58 -89 33 -81 -33 52 66 19 -44 -84 54 -47 15 8 -75 10 -37 56 59 -81 73 73 -9 -93 -10 -99 21 77 45 -28 8 -14 -14 -51 2 -23 -11 -1 64 49 37 -43 -64 98 0 77 -56 42 -97 -86 -80 -60 89 29 34 51 -78 85 -19 -90 -83 -74 -19 56 78 39 98 -91 -92 -45 51 -16 47 -16 -85 -65 -13 -30 41 37 22 -50 -28 62 95 -84 -6 -69 38 -86 -75 65 -27 -50 83 -61 28 -32 15 -97 -83 70 31 80 -25 -45 -37 70 81 -9 -74 -69 -37 68 -28 -98 16 13 45 47 85 18 29 -32 24 -40 -43 73 41 75 63 37 61 74 30 -77 -70 -14 80 -45 72 92 93 -58 95 99 7 91 73 57 80 -95 -94 -76 29 -14 55 16 68 -53 34 65 29 69 11 93 -65 -46 -52 44 -35 89 -76 78 64 -11 -93 9 -72 26 -29 -8 -70 -42 -27 -15 87 59 63 92 -99 44 83 86 30 -24 -44 -39 -84 85 62 -100 -61 -89 29 98 -17 51 -4 22 -97 97 55 84 30 -84 12 -51 -55 39 -26 -7 30 -1 -58 -97 -81 19 21 65 67 -42 73 -74 -4 -89 78 -83 -89 66 65 30 -5 72 -97 -71 -87 6 56 -46 57 21 90 97 15 -87 3 56 41 -45 -2 38 -45 23 -54 -66 31 -57 3 94 60 64 52 75 -63 75 32 -77 -19 -86 73 -47 32 -30 44 -45 -5 91 -6 -93 -68 74 -49 69 32 89 70 -98 -76 -21 -40 -84 -41 95 82 -80 -21 -26 45 34 -46 75 -97 -81 -61 38 1 93 -73 -15 71 -3 -1
29 67 9 57 -86 -100 -96 -11 80 -55 -82 69 36 11 -92 -19 -47 96 6 59 -84 -2 -22 82 -62 74 -70 -12 33 91 14 -54 -75 50 14 -95 -88 -29 86 -4 33 -10 -41 -94 -21 48 60 -5 -87 40 -81 -4 -12 35 -17 54 -61 8 -98 40 53 0 48 63 51 -28 -43 -56 -76 -41 29 -10 92 -52 -63 36 -35 0 -10 67 -84 26 32 85 89 59 99 79 -51 13 57 86 5 -62 95 3 63 -40 -55 -40 64 -45 73 92 -19 18 -26 88 82 -7 -100 87 60 -12 -64 -83 -66 -80 23 -43 14 27 31 -22 -25 -23 28 -69 77 -11 97 -41 -84 -34 62 77 53 38 98 -93 34 94 -88 -84 -74 20 -7 -53 65 4 90 -32 43 -71 -97 45 48 -2 48 -31 -43 11 -36 82 -84 18 -52 -37 -32 57 31 31 8 39 27 -5 28 -23 69 34 65 -52 -97 -30 58 66 11 -17 -42 27 25 -94 21 -80 -75 -51 13 -71 -53 71 75 -33 52 -35 23 34 49 88 24 -67 57 -29 -100 -25 63 35 -90 18 -41 77 45 60 39 36 -64 -89 -78 79 -49 -33 35 -12 84 -33 -39 26 -13 -96 89 -46 -27 -86 -10 -67 -27 62 -58 -7 -7 -96 -2 -85 -1 -33 -18 63 -2 71 -51 -86 80 -95 6 79 -37 95 88 26 -41 -69 51 -41 -27 80 -22 95 -15 -13 45 80 -40 -22 4 -45 19 43 94 16 -10 -81 -36 -17 1 -54 -44 20 -17 11 -29 90 -41 39 -70 -88 70 -34 67 38 38 -45 -94 -91 65 -96 -46 -22 97 73 12 -90 32 -55 27 1 -82 74 76 19 28 -56 20 72 -53 3 87 -83 -3 12 43 -11 -79 -12 -94 -55 49 -51 40 -9 5 27 -61 -62 -15 -62 71 -98 -26 73 -5 -75 -24 91 8 14 86 12 31 30 -19 37 41 -46 27 -66 -17 -64 19 -42 30 -72 -42 15 57 -30 -66 36 16 -55 -62 59 62 35 -44 62 -75 -32 21 -90 59 -42 -72 45 1 76 -49 82 0 59 1 -17 30 99 -51 -55 35 37 81 -27 32 89 -18 -73 -74 50 -61 -95 -41 -14 -52 43 29 26 -5 -53 -8 -49 4 9 -94 -20 -72 -44 47 -77 71 79 -5 88 57 -37 -22 74 -59 49 -6 -1 40 -95 18 -30 -64 9 -40 -89 54 -38 -14 94 24 -49 -50 45 7 60 4 35 -18 20 83 24 8 -39 -74 63 -39 10 -13 17 -16 73 -67 -30 23 53 -80 96 -66 -93 65 -46
22 -11 -99 -51 -96 6 -49 -89 -60 47 -78 4 41 81 -63 94 17 64 53 93 -90 -32 -30 -54 50 -86 98 96 58 35 -11 -77 5 71 -62 -1 24 -79 -34 -5 100 71 65 99 -9 -10 -39 -45 -95 86 -71 -97 27 4 90 44 53 -74 82 72 24 54 22 31 74 -84 35 70 -24 -49 -1 -46 77 55 -97 12 11 -83 -94 99 43 -22 -10 -2 -14 86 -3 52 45 -64 45 -75 -24 -92 -86 91 -61 -53 -35 -30 -84 -52 97 86 8 94 -41 -48 98 -83 -30 55 -2 -54 88 -39 95 -60 -30 -50 34 -39 -12 8 86 -89 75 -69 17 41 90 -11 -68 74 16 45 -14 45 9 39 88 -93 -43 22 82 23 21 -23 31 -71 -76 18 -18 22 91 78 37 -16 90 24 -2 -60 -1 -100 32 -34 78 75 94 -85 -70 58 71 -16 -35 -60 91 43 -66 -87 6 -8 70 31 96 -26 24 44 -3 -81 -43 -85 -68 -79 -61 -47 -32 -27 1 48 60 -89 30 93 96 -34 -48 4 -14 73 74 1 62 100 -15 26 72 -13 33 -44 70 -16 18 52 -11 -64 46 25 27 -30 -47 31 -11 37 -2 61 -11 89 16 -48 -51 -69 87 -7 69 -92 -3 56 -98 94 32 19 92 2 81 -29 -6 -99 30 -42 -8 22 -81 84 -95 32 -80 -26 32 55 -50 -70 -24 -67 -31 86 -25 -87 -9 -62 -25 -71 -50 -96 55 96 -98 -35 20 -71 -43 -47 -31 31 -60 26 65 -88 -68 -94 55 -15 76 72 31 54 -93 38 5 -71 -45 11 94 -15 -71 -17 29 -72 60 61 43 35 60 -9 -94 57 -62 6 -27 -32 -57 62 -60 65 -85 -86 -59 65 -7 -48 20 86 82 28 -13 11 85 -87 28 51 60 -86 -93 65 66 -84 70 80 88 67 69 27 70 42 -45 -30 -37 -12 46 -60 38 -96 -12 -27 -86 -37 98 -48 -16 -90 -13 93 -97 85 -29 -83 -61 83 -78 84 43 -31 -65 19 61 9 -58 -38 -32 -26 -22 -50 -2 85 59 15 15 61 -61 100 -81 1 -96 -23 9 -75 15 96 65 100 -76 -79 -99 -91 -13 83 -83 -36 -5 -29 88 11 58 -57 -98 85 76 -64 -6 83 50 58 62 46 81 60 29 -77 88 -16 -82 15 -13 -65 80 52 -93 7 -10 59 56 62 -89 84 -55 75 -93 86 33 95 -72 11 -63 17 89 -9 24 -77 95 63 81 -20 14 48 -96 68 6 19 -41 -21 84 1 -36 68 -25 33 -49 -46 -37 46
-19 2 -7 -25 -86 -88 22 -77 38 90 69 -50 90 -89 83 64 97 -56 81 -36 100 28 74 -81 11 -27 -93 53 98 -97 -45 -17 -1 -47 19 74 -28 -5 -20 85 -21 16 65 4 -73 12 -63 -26 -39 3 64 -91 -32 100 65 -99 -73 -23 64 -59 35 39 -11 90 -15 -96 -77 -14 -26 83 -85 72 3 35 -5 18 -24 51 41 42 -18 60 86 -33 80 95 10 -1 21 43 -12 29 -77 -94 42 88 -90 -82 79 79 33 -49 -51 47 -88 -7 -23 90 -4 -4 -67 -48 73 -90 -90 -33 72 -39 6 -15 -82 -62 84 -63 61 75 83 -33 93 44 -45 -48 13 3 75 -42 -1 60 -3 -51 -80 51 -71 -57 92 -9 -58 60 -52 9 -19 81 -68 -88 -36 68 97 8 25 -87 -24 -90 -76 -80 55 -80 -7 -24 -68 -98 100 -8 -37 53 34 24 -96 34 54 -11 -5 -72 16 57 -31 44 41 -92 -92 -5 48 -78 -62 30 68 83 31 -47 43 -3 -89 91 -97 7 20 -54 91 -24 -9 20 -83 -45 13 -92 -19 -15 -29 -48 -63 -28 34 0 -54 -44 21 72 -32 53 -52 24 11 28 77 -77 95 -73 25 21 -73 66 -77 -92 -82 74 -11 15 -28 -6 3 61 28 55 -40 48 28 -48 29 62 55 -81 -34 36 72 -26 13 20 -11 -23 -75 -77 -30 -20 -57 65 37 -25 -78 -67 45 -11 -85 64 73 -79 -100 -100 -96 66 -77 3 20 93 35 72 39 24 13 -92 48 81 63 -63 -74 16 -68 -94 91 11 -21 -54 -44 8 2 -47 6 -36 -81 52 43 6 -91 34 53 -58 96 62 6 -84 91 -47 -89 -87 -3 -7 35 -60 77 -84 -62 75 -24 -29 -60 91 18 17 -97 -47 37 56 -76 -24 54 31 -31 1 14 36 97 -95 -23 -93 -66 53 22 83 -49 -32 -75 15 16 13 -67 54 -78 -55 -53 40 55 11 31 -9 14 -33 -31 39 -69 -37 -27 -63 55 73 50 16 90 -21 70 20 38 81 -92 40 -98 -100 -51 -45 71 26 67 66 63 -88 42 24 -8 -65 -61 15 45 84 12 3 -50 55 -78 74 27 -54 56 5 38 60 -25 -80 -36 87 79 -76 35 -68 -97 26 -54 19 21 -54 -56 55 -59 -49 -5 46 37 -68 -45 84 -19 -17 35 2 -5 -54 10 59 -74 -79 -28 -18 -94 -19 -76 3 -82 -80 15 23 29 -33 -47 93 32 54 -75 -88 -8 -54 55 -37 22 75 100 -16 -24 33 100 -59 7 7 7 23
25 -74 32 36 -35 94 65 -5 -1 70 -40 30 47 -34 18 99 45 -64 -30 -95 -39 57 -32 74 79 58 96 96 -98 -63 -62 -83 -45 29 95 42 46 -29 73 -41 65 -38 -91 32 43 86 87 87 89 99 74 -11 -19 -54 78 39 96 6 -90 99 -26 -96 69 -63 95 43 -58 -27 -53 -11 -13 77 -80 67 49 -26 -99 -28 69 56 21 -81 87 35 27 17 35 27 65 98 -68 81 -17 -7 58 48 9 -30 -71 19 -59 82 -7 -67 -38 -63 -28 58 8 53 49 -6 56 77 -48 69 -23 -3 69 -50 6 -28 -46 -14 77 -36 -54 77 -55 71 -77 31 -28 53 -23 17 -31 87 -30 44 7 -94 80 17 99 -84 -61 77 -40 -78 58 -69 -78 23 -55 10 84 17 65 15 -12 -95 -92 76 99 25 -68 19 -6 -87 10 2 99 29 21 -74 38 -99 19 -77 -60 18 24 -65 -29 -73 97 -46 40 -19 -35 -60 -48 -54 -22 -66 -28 -17 15 47 12 -19 -55 -23 95 -94 18 -93 -6 -88 4 -17 53 -100 11 72 0 51 -91 -61 0 45 0 -54 51 79 -46 7 85 -40 14 -57 -92 -71 -2 -87 -63 -74 -42 5 -24 -64 36 95 -79 -89 11 46 -34 -91 -80 -41 85 -15 34 23 -87 3 78 -1 -50 24 -5 -91 -64 -42 -34 33 -41 -73 9 -77 -28 22 36 -88 -92 -83 29 -36 77 29 60 -17 74 30 9 -50 88 88 53 -67 -86 -4 61 -87 -6 63 -72 -17 35 67 6 -30 -59 -63 42 62 3 -93 46 2 -47 23 65 24 56 6 -5 -49 58 -33 9 41 2 85 -1 -15 -69 -60 -95 -81 -26 17 -23 55 -44 38 -52 69 -96 68 52 -22 62 47 40 -22 58 -46 -92 -7 -14 58 -46 -49 -92 -8 14 50 -98 5 -68 -88 45 39 -18 -54 -9 -88 35 -69 -51 -14 -22 -37 -88 76 69 -2 68 -14 -36 44 73 74 -11 2 -55 91 -67 5 50 80 46 89 -71 22 -20 -79 83 96 -40 -59 -76 -56 36 87 40 -86 4 -19 -32 -70 -59 42 -22 70 -80 -64 20 8 72 -13 63 35 -30 -65 88 29 -60 71 -90 -3 -49 99 -4 51 -27 -21 33 -21 -19 5 14 -94 -71 -50 -27 -65 -48 96 -70 -90 76 -67 -46 55 -59 -11 60 91 -99 -65 -40 -11 29 55 54 19 -97 -84 73 73 -59 -42 96 83 48 -6 -72 -4 86 0 78 83 33 78 -4 60 54 47 -52 -74 81 19 -9 -52 42 -37
-9 9 -29 -75 18 -25 63 6 -89 11 14 -67 -59 80 50 60 79 24 -91 57 -66 90 -70 40 29 -75 98 -69 -43 -99 -4 -43 35 -94 88 100 -49 -52 97 76 40 66 81 -41 13 39 86 6 63 -33 31 -21 78 54 -45 -59 -9 -47 -79 -95 15 45 -51 26 -65 67 -40 20 -72 -21 -41 -95 -100 -17 61 86 67 -34 18 -61 -18 -11 -64 -18 -4 -5 -96 -75 42 89 29 41 96 84 100 -93 28 32 -29 -76 33 85 -53 -90 42 -22 -77 -39 29 9 36 -87 -66 89 40 25 -22 49 -28 -100 100 -33 75 29 56 74 64 69 -81 76 84 -46 76 -60 -20 57 -9 72 -62 -99 -22 -10 53 49 -14 95 -48 -95 5 -35 -51 62 16 93 56 40 27 -52 79 -57 -41 34 -73 74 -76 72 -59 39 68 35 -32 38 -4 12 -88 41 53 -30 -53 71 -53 16 10 -45 -27 63 43 15 82 -65 -17 18 98 82 -52 60 33 59 85 -80 95 -38 -88 39 -75 -70 -91 89 -76 14 -64 -83 -75 84 91 -6 -60 56 61 39 3 22 97 -86 28 -97 -76 -2 -24 -70 83 -46 -19 -80 -22 2 -54 -64 95 -58 -71 -4 -33 32 -8 -15 -31 -65 70 -43 41 60 -8 32 0 -61 22 80 92 -97 38 41 42 6 -56 32 90 -93 36 4 -56 -60 -26 -41 -45 73 -5 -66 -75 -42 9 -91 -80 -51 -11 -95 -46 64 -98 -28 -97 -81 -24 68 -15 86 -12 -39 11 81 -36 74 -56 49 70 -66 99 42 -99 -45 -74 -8 -80 31 51 -36 -36 49 -75 61 -73 -86 15 -76 0 -67 -1 -33 28 47 75 17 88 30 0 -31 -54 75 73 -80 73 -88 -44 -37 -22 85 98 -75 -57 -91 52 -93 96 70 97 75 -87 -87 -61 -56 -7 -72 -58 44 56 -28 64 -35 -93 70 -78 -15 99 -26 81 39 22 77 100 59 95 -60 -53 -30 -42 60 -91 78 82 17 26 -23 99 65 -15 94 8 60 3 32 -77 79 -9 91 -36 95 -44 100 -9 -94 -28 -79 4 31 39 -95 15 -85 -37 -84 2 -7 76 -70 91 75 44 74 21 99 -26 95 -66 -82 85 -65 73 89 -72 -8 34 -46 -86 -67 -11 -56 29 -81 -67 -83 -62 80 19 -9 50 -90 94 92 -62 31 -3 59 -13 -50 92 16 16 -50 20 37 17 26 -54 47 77 84 -65 -68 69 -85 11 74 55 -74 -30 0 -61 -65 -16 -18 -35 17 17 39 -70 37 24 -68 90 24
91 -14 13 77 -15 -1 -29 15 90 45 -44 64 -88 -35 81 61 -50 -64 -32 -4 -29 -60 64 32 -92 -15 10 9 93 -16 -29 -61 1 -74 -19 -9 -2 100 -47 72 -59 33 56 11 -47 7 -83 20 46 -1 49 80 -17 0 -26 34 64 -68 -51 55 -93 -3 58 36 -65 -50 93 -29 -34 -34 62 0 12 -1 -1 63 99 29 -34 32 -34 37 75 -55 50 41 28 -20 9 12 -9 52 58 66 -83 57 82 -36 9 -87 100 -62 81 -83 71 38 -20 35 82 -35 -77 85 59 -67 -75 79 66 8 -24 78 19 -15 -48 -57 -40 -49 -90 75 88 11 7 68 18 -33 37 -46 34 -33 26 45 -99 -5 -86 59 23 43 63 66 -6 -19 0 84 58 89 39 -86 88 51 -36 72 -2 -18 17 56 -83 -26 97 75 -27 46 -35 -52 -77 -57 67 -67 -30 -58 7 98 1 -1 -9 92 26 -38 90 -13 74 60 -66 53 95 7 68 -92 92 40 -96 -73 19 70 -61 -32 -60 -28 40 -39 10 -91 92 73 35 31 -39 47 94 46 -68 14 94 -95 -89 -58 31 30 98 83 -77 -28 76 -62 -65 -8 -76 -34 49 -82 65 -1 93 25 -41 88 -3 -91 37 -44 13 2 -14 -62 -14 -2 100 96 89 -34 73 70 -30 34 -13 100 -41 21 -28 -2 57 -8 -66 -58 74 -2 -45 -60 -7 29 13 36 57 -36 -83 -12 -63 19 -63 59 -71 23 -73 -48 93 -3 -53 -8 69 -89 -11 -9 38 69 -42 6 64 32 -54 -97 71 41 -36 43 -81 -67 -12 -25 63 21 30 58 41 72 98 -7 96 -43 6 -98 60 -23 80 -89 -39 20 -59 -56 48 -20 -5 -51 40 -29 12 -22 97 -54 52 -33 -98 12 -100 13 68 -22 6 25 -63 -24 13 -74 -99 -24 53 15 77 65 18 -81 79 77 28 29 -6 -70 95 37 -29 18 -72 -4 -58 81 69 -98 -63 10 57 65 13 74 39 23 -12 -81 5 -94 -62 56 67 -2 31 41 3 100 -36 14 1 73 33 -89 -1 -19 -64 52 51 4 52 -3 -73 24 -90 -36 -77 -6 -93 -37 60 -81 13 -86 27 25 2 45 -68 -56 72 -62 -59 -31 9 85 52 -95 -29 -60 2 8 -33 -100 -63 -77 -46 70 0 -60 91 43 24 -5 -79 -87 64 -30 73 76 47 54 -12 -8 68 88 -6 32 -47 90 -58 -27 -32 94 -66 -19 91 -39 81 -60 16 -29 78 -49 62 -62 -81 68 18 -23 54 67 -39 -12
-71 -12 -54 -28 73 74 -93 4 -58 72 17 16 18 51 -82 -74 -87 -40 -94 39 -28 -100 -87 -83 94 3 82 -73 58 91 31 30 -41 6 -93 98 69 52 39 79 42 39 -83 12 78 98 4 -85 28 -97 92 54 5 -31 40 -72 27 70 -83 20 -37 3 -39 56 80 -16 79 10 -60 59 -60 -21 -68 -97 59 75 -1 92 45 -38 -99 59 14 -43 -67 -47 -72 -76 42 -25 30 -54 -19 32 -83 97 17 60 20 84 27 75 -63 72 -60 98 90 80 -62 57 -69 59 56 -56 92 -38 -8 48 -39 -77 67 62 13 16 -8 -65 -36 -6 23 80 -88 -18 -55 -36 -46 -63 -80 11 -27 6 54 52 60 -32 93 -81 16 -100 -7 -26 76 -63 71 44 -95 -19 53 -2 50 20 65 -78 8 -47 -77 -1 90 -66 -64 -73 -46 -73 13 -64 -16 -28 27 -53 -59 98 47 -15 50 77 100 23 -33 26 12 56 65 -65 96 10 -83 16 -43 -56 -35 11 31 25 30 -22 1 -95 -8 -32 -70 -60 59 95 78 98 -74 88 14 -45 66 -63 -37 -60 -37 44 70 93 -77 -3 9 29 -96 -86 -94 -5 -62 89 -5 -12 82 -2 87 31 -30 74 -64 32 47 67 -13 38 26 15 50 -17 -74 -64 -20 -11 -2 -10 33 86 97 35 -99 -97 34 -44 -1 32 75 48 -99 -99 -77 -78 22 94 16 81 -52 3 63 -26 -72 -31 -17 -39 -72 -86 59 -68 6 10 4 16 43 -84 -88 90 39 3 -41 -14 70 -54 13 74 84 -26 -99 69 -25 41 -65 -55 -77 92 17 50 14 80 -41 -46 77 39 -47 -89 35 59 31 -99 91 -90 -7 11 -38 -31 70 -71 -33 -43 -61 0 -27 -10 -98 -44 -67 -6 -17 -81 56 -66 86 -97 -26 10 -92 93 -43 -59 68 100 69 73 -41 -97 41 11 -34 54 11 -35 91 28 6 57 1 -8 -31 -43 -14 3 -3 -25 -82 69 60 43 -50 -30 -72 -35 60 -32 -36 -92 -14 35 27 -73 73 -41 96 -66 84 -66 -9 86 -8 -80 -43 -74 37 -16 3 -57 12 9 25 -15 78 68 -5 -9 -18 60 -80 51 -93 -77 -44 -46 -74 40 -92 99 -44 0 3 59 -19 -85 82 -25 -95 -53 -60 0 20 -73 48 10 18 99 71 96 -95 68 8 -25 -48 -25 -97 67 -43 -57 -85 -63 -30 -88 -48 62 91 64 84 8 57 -30 82 -40 100 84 -84 88 -59 -48 25 -87 -96 -90 -16 -15 -71 35 38 -4 -15 -80
23 -21 19 31 -34 6 14 -60 8 -1 -23 -30 71 -40 91 -44 0 54 44 -62 6 39 -45 76 -52 -53 -57 -42 5 88 -46 -69 18 29 91 0 -69 -5 83 97 23 -89 -40 79 -42 -10 35 -58 21 99 -79 50 -90 -76 22 50 43 -45 -2 35 -83 4 46 -81 70 -83 -58 92 13 -10 38 -97 87 97 -82 -36 51 -97 36 -68 -11 1 82 22 -17 -1 -99 -97 65 -20 36 35 27 40 -60 -93 50 18 75 47 60 -44 55 -99 56 40 -70 28 -42 -93 86 67 57 -64 -76 28 -36 68 70 65 -43 64 -98 2 7 -27 -39 6 -6 -40 17 -23 -26 21 -57 21 62 -50 92 -60 10 -5 58 -45 19 22 -79 -2 -55 63 51 4 -89 -15 -29 95 68 -33 96 -74 29 66 -34 -1 3 -88 -50 81 -99 53 -46 -32 90 -87 -71 31 18 -14 68 -31 -29 66 -54 22 61 -25 77 50 64 -51 -36 -57 -80 -32 60 -86 -3 38 -34 94 -89 78 10 49 52 36 47 -45 86 90 -64 95 3 -92 -18 3 -7 -25 41 27 69 -54 -83 13 -90 70 99 -72 92 91 -86 -76 36 43 83 38 -90 99 9 -68 -65 61 63 -30 -61 -80 39 3 -94 -21 -97 90 -12 94 64 47 89 -93 -73 8 -100 92 -36 90 -68 67 -93 68 19 -34 49 -94 -90 37 32 -70 -60 100 -96 11 -3 13 -55 76 62 59 68 13 63 -35 -19 12 81 -87 -25 -66 97 -92 19 -33 26 -9 2 7 92 15 -79 99 -26 -91 -64 65 56 -50 51 -31 29 -78 46 17 -59 -64 -55 -90 -91 -66 -85 46 13 87 -2 7 -85 70 -94 -50 17 91 -14 33 9 74 88 -48 -56 -89 31 -49 -15 -86 -71 5 -45 41 -63 64 66 83 62 69 -90 -97 -15 50 41 7 63 22 10 12 -37 -21 85 96 50 -9 -39 -73 30 -23 -4 49 -31 37 -56 -82 -45 -65 50 47 -75 -98 -81 12 -72 -90 -30 51 96 22 -81 18 39 -42 -92 -6 -19 8 35 -4 20 81 -99 77 -96 29 25 24 -53 -8 88 -52 -4 -97 -79 91 -95 23 -6 -1 -5 50 -1 -50 -49 66 -4 53 23 25 31 -2 -89 43 0 69 11 8 -40 49 26 52 -90 91 -6 48 -94 95 -69 9 -12 18 -82 28 42 -61 32 30 -1 60 -6 73 -33 80 -80 -26 -76 65 18 94 -87 1 -89 -50 -11 -63 77 -51 78 20 -42 41 -70 18 6 64 80 -53 92 83
-87 -42 -54 -92 61 -13 5 -5 44 -17 97 -65 -39 -88 17 29 -78 -15 31 64 -75 1 -47 21 -96 -89 37 -10 5 53 -79 -26 -37 79 81 46 93 78 15 89 91 18 -83 -64 -26 3 87 65 14 15 -17 39 84 19 -55 70 76 15 31 76 -31 71 -91 -49 -6 -28 78 -57 -81 -34 -80 72 43 93 75 -32 1 -7 -68 18 -72 57 70 59 24 50 16 71 -8 -94 86 -63 -10 -7 -2 -91 -70 -94 80 -88 -72 -41 -55 58 -99 78 -54 74 -46 1 -62 30 -46 82 -12 -31 92 77 78 43 -59 66 12 83 35 -97 38 35 -47 93 75 -36 -98 -97 -6 -57 -24 -57 -44 -47 -40 -97 36 80 -47 -54 16 99 16 51 86 -73 -5 -24 -31 93 60 -84 -22 8 84 35 69 23 75 -40 43 73 96 67 -4 42 -33 74 -83 85 -46 -67 -68 47 -17 60 49 11 -11 -52 78 23 6 78 -66 71 35 -43 -8 47 79 33 35 33 54 5 28 -12 56 -70 46 -51 -86 -36 57 -57 48 -3 85 -47 13 32 93 29 -2 38 -21 0 -57 -70 -23 -88 91 76 69 -33 -46 -55 99 -61 -43 91 79 -65 9 5 -32 -80 -75 -81 -49 -13 78 -79 -9 -32 -42 -38 33 -60 -55 -9 65 -13 -77 -62 -35 18 -25 69 73 64 0 -30 19 100 -27 92 65 90 74 -68 -14 -65 -24 -94 -28 -5 18 62 27 85 37 -6 -37 -52 -48 49 -63 57 -90 18 -16 65 68 -26 -39 -100 -96 -25 5 2 -63 28 -100 -78 9 -43 41 16 25 2 -44 10 -89 -44 -24 -2 -48 9 -34 -2 7 40 -86 78 -14 75 -51 -33 -23 54 80 67 -3 -55 77 -36 23 79 95 -52 68 -76 34 97 -69 7 69 64 -46 62 43 -42 69 -55 76 -91 -39 67 -91 93 35 75 63 -86 -66 -10 77 -95 9 23 -72 22 63 -10 -52 -44 59 -77 -58 -18 80 31 73 -45 -36 -21 -27 -49 65 46 -54 13 85 -21 69 17 8 77 86 -81 -67 -42 -55 98 77 -41 -49 45 56 -82 -15 70 -83 13 -46 -38 24 -31 79 89 28 15 -4 71 -49 62 95 36 75 -6 86 65 73 -49 -24 44 -14 46 -20 17 -59 -42 7 59 -96 -92 13 -91 -81 -79 70 -23 74 -94 -79 0 -44 95 -15 79 -91 -73 -66 59 -90 -47 30 -32 44 -60 -46 -86 44 50 12 43 58 -27 -60 31 30 71 -51 -54 -16 -56 81 -75 -81 95 -14 44
79 68 -20 -55 -4 40 -27 -10 -1 -63 -71 9 -92 28 -55 100 -35 -49 -21 21 -66 39 -12 -38 28 -24 -57 -27 -81 -14 -33 80 -91 -27 -23 86 43 -79 -33 2 -99 2 -30 -86 -33 70 15 84 -94 7 -65 -41 -29 -73 -34 -23 -15 -66 -29 -3 -49 34 -69 6 -69 -60 81 20 15 -73 79 3 61 -73 -18 -25 6 -36 10 10 39 97 -95 -86 -29 32 -94 27 74 -36 51 42 -12 65 13 -14 25 -32 -82 64 -97 52 -69 -36 -45 92 -51 -70 56 -72 64 -87 24 -21 82 -50 -37 -12 33 10 -36 -62 -10 -29 -28 48 -72 89 -31 -61 -3 -82 96 -90 -34 97 -52 -38 79 -26 -70 -41 -93 22 69 -64 -75 -31 -56 -51 -27 34 0 33 -77 -97 -76 -100 67 57 57 72 73 66 46 74 77 93 -38 20 61 89 -42 67 -60 56 -49 7 -79 -98 3 -57 8 56 -77 73 -19 92 94 -79 -14 -90 58 -5 1 -5 74 -24 51 -24 10 81 75 82 -76 5 40 -33 -96 83 71 48 39 -32 20 -46 -28 -36 -5 12 7 -50 -49 97 92 -80 58 -37 -77 -37 79 49 -50 -24 58 79 61 -96 84 -72 39 -39 60 -36 -54 58 81 -57 -78 -56 -1 9 77 17 19 -79 64 87 15 33 -42 88 21 80 82 -10 -77 19 -78 -95 -21 -77 -23 21 75 -19 96 -80 -85 -92 -72 99 17 21 -57 -82 20 -24 89 -69 57 -25 51 -32 48 -21 -51 -98 -36 93 49 -48 -61 -59 20 -50 90 94 -36 -1 36 95 -4 45 -4 75 -45 92 -86 51 -71 -39 -86 -57 -82 64 58 38 80 -36 -75 72 -23 -95 93 17 -13 -21 52 -83 89 -85 -19 75 -43 70 4 22 -16 -97 -26 -20 33 54 -94 -25 56 48 92 22 62 5 51 82 -4 44 -6 87 -7 -62 91 48 77 99 -29 95 36 -46 -20 66 81 -2 -41 -99 77 -100 41 -9 -25 -86 -87 84 -71 67 23 64 45 -48 78 -88 14 91 -36 -66 12 15 -65 -100 41 4 -72 -2 94 -19 -14 92 -91 58 16 -8 18 -7 -90 -15 -80 64 99 25 85 3 -48 -31 95 -8 -29 -30 17 92 93 87 32 99 64 96 94 -10 93 -21 -43 50 -59 -44 -45 -15 95 -16 83 61 -59 -41 -12 22 94 -92 19 -75 -34 -58 -39 8 82 0 -9 55 -55 57 -77 92 61 68 99 34 22 38 17 51 35 25 -9 23 48 -34 2 -36 66 61 -43 -84 58 -95
-12 26 -40 13 -25 99 64 -43 -29 10 79 46 82 45 -50 19 6 54 78 44 -74 38 45 58 88 -81 40 -64 -12 -1 13 -89 -25 -13 3 -90 -53 -42 -21 -69 89 13 -42 -6 -40 -35 -71 86 -79 -64 84 -2 13 -69 -85 -82 -59 -83 27 20 -34 -45 -80 53 -10 -89 -90 41 32 -35 -20 -51 -82 43 -88 -61 -63 -59 -31 34 16 -7 42 -56 38 -65 -22 -60 50 41 -11 -47 -15 -58 10 48 -85 24 -38 19 59 -42 -98 50 -50 -82 -44 19 83 -57 -5 82 -93 22 -26 80 39 -2 56 -83 -15 54 44 -88 -8 -100 -12 -72 -86 23 47 84 2 14 -81 93 -63 -89 -59 35 -84 64 54 -56 -17 -99 100 -7 8 -75 -95 -95 -77 -87 -98 2 88 -94 -23 65 -55 -4 -93 -68 25 -90 15 -75 32 -9 2 31 87 -6 -21 -95 -63 -65 -7 -80 -25 -13 45 44 84 -87 -21 8 -12 -83 -43 -46 73 74 -12 7 -12 -45 -91 -61 59 -34 -26 36 -88 -38 21 -82 -33 -6 85 61 62 67 -39 55 -30 89 -70 -80 0 25 -97 94 15 54 22 -46 31 -30 61 -3 -86 -27 -62 -16 45 -26 54 -49 53 -64 -19 11 -45 -30 38 -53 -39 -51 21 -30 12 -47 -6 -76 -29 -74 -29 49 -84 90 -78 -2 -75 -84 35 47 -8 67 28 -72 94 -84 -78 -51 97 -71 57 30 13 16 29 3 -95 -31 -42 24 6 74 -38 -75 62 65 78 53 25 30 35 -22 17 -33 -55 47 5 72 -36 32 73 80 29 75 23 59 -18 87 16 -10 -57 -67 -22 89 -43 -44 63 -31 59 14 -17 -59 -71 -4 45 23 58 -59 42 -77 -39 48 39 65 -96 1 82 -91 -33 59 -44 37 86 -79 69 -3 -51 -62 72 40 76 -19 61 49 100 -44 99 -27 79 -2 -94 4 -41 40 -86 67 -2 49 -34 -38 -68 -42 -61 62 25 -31 79 -98 -97 74 95 6 -52 2 75 -74 18 -81 46 100 -93 44 -72 -77 -6 -23 -52 -92 -10 70 -90 58 14 -30 -20 -42 90 19 100 -80 -28 -26 55 -57 -71 66 63 98 70 -43 -52 -49 -39 -32 -16 -61 -70 10 14 -70 20 -75 24 5 -71 39 -58 -44 84 88 -4 -29 -40 -82 -95 -63 -88 -54 57 27 97 45 88 7 -50 49 75 -91 -24 33 45 65 37 40 -45 -10 31 -97 45 -72 -65 92 38 -93 -14 -83 6 67 15 76 89 10 43 -50 91 -87 26 -80 8 81 -15 -12
70 -78 38 93 -48 -96 -28 14 -57 24 29 -92 -22 -75 72 10 -11 20 -94 -37 -55 -80 58 32 75 72 77 29 -27 38 37 -18 -99 -39 -26 51 -66 43 -37 -100 -19 26 -48 -97 -29 -34 -1 26 49 -79 15 89 74 72 -33 64 -22 2 81 52 -50 82 98 -77 -51 -39 12 19 -54 44 -32 91 -78 76 82 53 -12 -24 -75 -82 -36 2 -94 23 -29 21 36 -35 4 63 -79 39 85 20 48 29 -45 -62 19 -70 23 -35 18 -65 70 -38 88 -78 21 69 -45 8 -35 -44 -62 -81 -34 11 1 59 -78 -45 -99 -32 -39 -2 -71 12 -59 7 -8 17 29 86 54 20 39 -56 90 29 -92 -37 31 100 -3 -68 22 85 98 -32 -63 89 -53 71 -35 -2 -56 43 0 55 73 76 28 27 48 91 -92 82 -33 -84 -27 91 96 -75 33 -62 28 -1 -60 -4 -2 -40 68 23 -85 -27 40 49 -92 9 26 -88 88 -41 -90 -39 93 -98 34 43 -85 92 75 65 67 -12 34 -69 10 -69 94 -57 83 -50 -91 -53 26 56 33 -43 -66 -39 5 93 -11 -66 -27 55 -49 84 30 80 -65 73 17 57 22 45 -21 -85 38 66 100 -82 -56 8 -15 18 55 -39 -84 -36 -49 24 41 -46 -17 -98 -93 -61 72 -6 -85 -56 36 -64 4 93 -15 54 19 -23 -69 -53 -67 -92 49 87 22 87 19 -98 -98 95 -45 -32 60 -37 68 -91 -72 -17 0 14 -22 -87 -39 84 14 -6 67 -59 -53 55 -3 90 28 4 77 76 -43 -56 -28 3 -28 -62 99 -83 46 -76 -3 -63 -8 65 3 54 48 74 43 -71 -35 47 -74 54 -32 -5 -33 -71 16 78 69 22 88 81 16 -23 -55 46 -82 26 18 -52 58 92 1 46 -79 64 -27 15 -61 -27 -60 78 84 93 54 86 22 -33 52 -59 27 63 80 40 -45 -8 -73 29 50 -85 -69 -19 13 -36 65 88 64 91 65 -20 -71 81 48 -70 34 14 33 87 17 -82 15 -1 -56 99 53 -11 -77 22 97 -90 -33 -13 78 52 -60 4 65 -69 88 57 98 18 29 86 -11 32 -82 70 69 -89 -59 -5 -43 -83 -30 -81 -64 -62 -19 12 59 -35 85 -22 47 10 88 -95 -74 -3 -82 -56 73 -85 51 -17 1 -35 68 26 75 -50 60 60 -46 88 55 -92 -37 -96 -68 0 54 91 88 -54 -67 -33 -41 90 -13 -3 -14 11 13 55 -4 -77 70 87 -22 100 95 49 26 -47 -10 -78
42 27 -87 43 -47 -40 -82 37 60 -60 -28 55 -17 23 85 -5 -63 24 49 -70 29 68 50 -48 32 -13 -83 -82 44 -86 -14 -89 -17 53 -23 -14 -33 59 25 -78 -49 -66 37 77 -44 30 54 15 62 38 -11 -31 62 -18 19 -18 -11 74 16 -99 86 -42 -5 -37 16 -85 92 74 -80 -97 83 -13 -20 -39 27 19 -35 82 79 -60 -5 33 41 39 91 41 -22 -10 63 -13 -38 -86 51 96 -78 -90 0 -90 -15 -42 -52 12 8 -29 37 48 32 -30 80 80 -2 28 86 4 82 29 18 -20 100 33 65 31 15 -45 -46 -91 -93 -45 -21 -12 24 -41 -40 -68 68 29 -80 -12 -39 10 82 -65 14 -62 72 -94 75 -96 76 66 -50 -91 28 58 15 -5 16 -86 51 -59 -86 22 -11 -23 -49 -15 69 -66 -33 69 -56 -96 -29 68 -43 86 -57 55 -9 -95 35 82 -7 -28 80 59 76 -98 65 9 -6 -49 19 86 54 2 47 3 -32 53 -3 17 -36 59 78 -93 76 -95 30 -50 17 -48 30 -14 -8 20 66 1 91 21 -7 -66 19 -41 -50 49 -98 -20 32 62 4 35 70 34 -84 23 -33 92 -57 26 84 -16 96 35 -39 -82 98 -87 86 -10 100 -10 92 -19 24 43 100 93 12 -41 -38 43 -28 -90 -42 81 32 75 -5 29 19 78 4 -78 -85 46 3 75 -30 -22 57 -74 -4 -46 47 -82 -11 32 38 -65 -41 17 -84 -33 50 -53 -43 -51 -88 31 -24 48 93 24 94 -36 7 41 86 88 28 57 -59 -55 -41 -88 11 -47 -77 -63 -37 -4 42 3 17 27 29 -10 50 100 -20 66 50 -43 -91 -81 -28 52 -14 74 -6 60 -19 -46 76 56 92 66 52 27 21 -24 -67 -37 -90 73 12 76 -95 -48 6 91 -44 1 24 78 54 97 18 20 -55 59 82 49 30 -40 -59 53 -84 38 -62 25 -9 -35 54 7 11 -2 -7 29 -74 22 82 -43 90 -6 -26 -1 -46 -8 -1 58 -76 19 45 -92 -39 75 33 65 -21 -57 -48 -66 69 -57 -100 66 12 14 -80 87 -55 -61 -15 -3 36 -20 -50 5 95 -58 -68 38 -77 -65 19 -27 91 -14 21 83 79 -46 -70 74 -43 89 -28 77 -94 -86 -65 -30 -33 -22 68 -24 -41 -42 -100 94 7 -22 62 -29 32 -91 81 -24 -14 95 93 3 -20 -66 -7 -43 -2 -4 23 64 -51 61 -40 -68 -90 45 -70 26 21 -10 9 -98 20 -67 58 -86 -75 21
-23 64 -92 97 61 4 79 -38 13 54 -11 -27 75 13 -26 -87 -78 -17 40 -31 98 19 -2 -39 97 -34 -74 27 70 38 -50 -51 24 -91 72 -76 -1 58 -99 8 -86 87 86 99 -15 -24 13 43 34 35 71 23 -32 -83 -4 -32 88 60 75 -81 75 -38 100 -89 29 36 5 53 -26 97 56 -73 -31 -67 -21 16 89 -24 -18 -95 -9 13 12 69 -23 -71 95 99 85 87 78 26 52 -47 7 -45 92 94 -25 20 4 59 16 99 -61 -62 35 30 -54 -97 18 5 -3 12 54 -100 -44 20 -57 79 14 78 73 85 94 93 -33 82 -66 27 -39 53 97 56 -100 -33 56 71 -49 -1 -28 26 67 -38 -46 77 36 -31 79 22 31 -38 -51 -19 -89 -94 -92 -69 45 -92 89 49 -70 -63 -47 -41 -57 74 70 60 38 17 91 82 -93 -84 -14 -90 78 63 94 -100 -44 13 -92 71 12 -23 81 -71 -52 60 -98 -15 55 63 -79 -32 75 10 -10 -49 -8 -46 40 -45 59 46 69 87 30 -79 -50 87 43 6 61 -79 -5 -8 46 51 59 42 11 -12 -82 26 13 -24 80 -22 -48 76 -13 84 -52 92 33 92 -99 15 -24 87 40 -30 98 51 10 65 -3 -33 -26 37 76 -23 45 60 78 41 -55 19 54 98 67 91 -57 2 -38 -28 -60 -76 43 -28 -40 -25 80 79 73 52 -59 -28 -53 -93 29 -69 13 -31 15 26 91 -65 -95 12 90 96 54 -97 54 -17 83 38 54 3 54 95 -7 -45 46 87 -12 72 83 80 -4 -20 -27 -14 -59 -54 -62 55 84 -34 -58 -12 52 56 10 37 58 -95 -31 -88 9 15 -42 -82 12 -33 10 51 6 12 -83 47 -24 77 37 62 -72 96 87 67 -17 -95 7 -78 -19 79 -66 -84 7 -96 29 -52 -3 39 -72 -61 -54 20 31 74 -12 -83 -4 81 -27 93 72 -50 62 69 -91 80 1 -95 -41 13 -19 54 67 -49 52 43 -11 -27 -61 18 -53 -92 -26 93 29 44 88 84 19 99 -15 36 -11 36 -73 46 -72 -37 10 -92 -13 46 90 -74 -57 78 -42 17 52 9 8 -59 38 -40 39 -37 46 -90 -9 -12 -88 67 -96 -10 -11 -30 50 50 71 -81 46 90 -88 -13 96 19 62 86 -99 -64 -44 94 11 24 25 -32 -20 -62 -41 -31 70 31 96 52 -92 -17 -35 -60 -82 56 4 59 -86 49 56 -46 92 67 1 -72 94 15 38 -53 -70 -93 -25 72 -24 88
-73 -54 4 -6 34 -70 -40 95 -42 -96 33 -36 40 -10 30 -6 -3 -12 66 82 -23 -98 49 27 80 11 2 -58 -51 -41 13 89 87 13 5 -64 -24 -23 32 -3 -86 -62 51 -34 7 -30 72 12 93 57 -22 -3 -21 -27 -99 -30 -23 2 -4 33 86 -80 44 -63 18 -19 -55 63 22 -40 -74 -50 34 82 86 -83 38 -24 -24 64 21 18 -39 93 48 -95 -76 -60 -64 4 -43 98 -72 -42 80 70 28 -86 9 55 83 -73 23 91 -54 26 -68 -48 -31 83 47 6 -95 -80 -55 -89 -45 65 10 -72 26 -34 10 7 -19 -97 73 13 -44 9 -42 -62 -23 86 8 44 28 75 29 -31 30 -32 100 16 66 50 -45 -92 23 -1 0 3 40 -66 -65 14 38 78 -100 14 46 -17 -41 9 17 -65 -49 87 4 -13 51 -18 73 99 35 -46 30 4 28 -20 10 3 50 -75 -23 58 26 91 -29 84 62 31 44 56 -50 -51 64 -6 12 49 93 -6 34 75 -54 -54 -46 88 -56 83 -10 -33 45 -52 -47 -48 -71 7 29 -72 -82 26 37 94 -76 -28 -49 72 73 -59 -32 38 -48 87 47 -54 -65 -43 77 -96 87 -94 91 36 46 -83 -70 -21 43 76 -96 -9 36 50 -67 -57 63 88 76 -80 30 69 -31 -33 96 -89 40 -58 -85 9 -1 -25 50 46 -2 -33 -85 39 24 66 62 27 -53 -9 33 60 47 55 35 -12 -58 -40 78 4 -38 70 -48 28 89 -88 10 -28 72 -66 100 4 -8 88 60 77 -13 71 -85 33 -14 -30 -19 -48 -67 -55 26 -62 42 81 90 -27 -79 97 -8 28 -72 -8 -55 19 -31 -97 -33 -40 19 87 58 -45 -68 84 15 -60 33 86 -3 45 22 -31 9 -99 -24 53 -72 -42 -9 5 -34 58 -67 25 -68 -1 -34 -39 -88 -10 62 81 78 -91 -52 35 93 38 44 -14 -39 68 88 -48 21 78 42 -57 -72 91 -9 -60 -48 37 27 -24 -83 -19 78 69 100 67 72 35 -44 -25 -54 -35 47 73 -94 -55 74 -85 -25 -63 96 51 -67 -18 92 33 76 55 21 -18 21 -63 51 84 99 -95 -49 2 67 37 -91 17 77 -14 -17 -89 -88 -12 -95 -7 -28 -37 72 -46 -68 -67 98 -22 -35 -63 -43 38 91 -28 72 46 -60 -21 -42 79 -74 33 69 88 -36 11 91 -95 -68 -86 -59 48 83 -42 61 83 1 36 98 0 12 -48 -75 -63 18 4 15 42 -96 46 96 -100 5 46
29 47 -8 22 17 -30 55 73 -21 -80 -16 -84 5 89 -37 54 -99 -62 34 -82 -99 53 75 -17 -98 71 71 -9 -98 -78 4 55 31 -60 13 90 20 -7 21 -56 96 77 -82 -11 -16 -85 79 11 4 7 -10 -51 41 41 52 -25 -11 -65 61 -52 81 -54 -87 79 62 74 82 9 -2 -70 22 31 -60 35 -36 -100 -1 -55 -91 -5 30 -18 -3 -50 77 -7 -85 33 33 90 92 -82 31 54 41 0 -38 -15 -100 21 -11 -41 -86 -31 43 95 -97 -62 -45 -34 -71 41 84 82 30 79 88 -83 -93 14 -39 62 15 1 -49 73 4 -2 -50 10 -31 85 22 -4 -45 -60 77 -11 -97 52 -45 -35 70 -20 -5 -65 -54 -6 7 93 -75 -25 -28 -32 -11 75 -85 -71 34 16 -60 -29 76 -55 56 -22 -26 -85 36 5 25 -26 -24 25 47 1 -45 9 -93 -15 79 41 1 -69 38 81 -57 58 -62 -91 89 23 23 50 -100 74 12 -95 -62 -94 -88 -23 61 -98 -51 39 70 -2 56 29 85 -11 -12 -3 38 53 -7 -100 68 30 -65 -98 47 84 29 -51 -79 -20 17 72 57 -59 -76 -90 -12 7 -83 -7 -57 -64 -62 -14 -96 71 -81 71 -81 -6 61 -39 12 54 86 -20 100 27 -58 14 -43 99 -21 36 -31 79 -29 -54 35 4 28 9 -49 37 -68 -35 70 77 -49 82 -8 100 -81 97 -66 18 89 -84 58 65 26 -85 60 -2 67 14 17 -59 42 -6 -64 -74 25 -80 51 -28 -17 95 36 -51 -14 -31 62 1 23 -61 -70 -74 -33 25 86 -61 0 -44 -2 74 67 -51 -63 25 74 32 -11 98 -62 57 -21 99 39 38 42 3 2 93 8 42 42 60 95 75 -23 58 36 -17 62 57 -8 63 60 -43 3 70 -89 -45 22 29 80 -69 -53 -12 -56 73 -64 70 -4 -5 -43 88 -96 87 29 2 -37 84 -28 66 -59 -81 27 15 -17 96 55 -56 73 98 97 17 -25 -38 -15 45 -94 -58 -47 -52 -11 -5 24 -36 -14 68 -83 -36 63 -35 -95 38 56 -36 -19 -99 -65 8 -19 -22 -26 -59 94 -14 78 66 -6 -70 -36 -30 -33 16 -70 -94 86 56 -1 -99 -6 80 -90 31 -58 68 -55 -51 28 -96 30 -99 60 -9 39 -25 -85 98 -46 10 88 55 0 32 -5 85 -3 -13 31 40 -18 -49 -67 -67 16 -51 -21 -33 1 96 33 -30 91 23 -36 74 -77 32 -33 -62 -60 -81 38 45 75 46 -44 -35
30 87 -33 64 14 -69 25 45 57 41 -23 -42 63 -10 -77 58 40 24 28 76 -60 -45 37 -41 70 -12 42 45 14 -59 -74 61 10 -45 -32 59 99 -50 -20 -45 -71 17 94 -79 -11 62 10 25 -20 -23 9 -51 46 85 22 94 9 80 -63 -10 -12 48 -40 -61 -99 -62 49 45 -23 -55 92 71 -57 68 65 -57 95 11 -46 -66 65 -1 -63 42 -18 -4 30 -6 -84 85 -29 -5 7 -9 99 18 18 -11 -4 -90 -26 59 -83 -80 65 39 18 60 -73 59 -86 22 80 -78 84 -94 25 -96 -15 2 30 44 -69 32 20 -50 50 -5 17 -15 -64 14 34 95 -12 53 47 78 -93 20 -12 -39 16 -74 -80 -98 41 21 -98 85 74 2 8 82 1 23 6 -7 98 -13 65 -99 -6 96 -5 27 -75 -12 -95 47 81 25 62 68 38 -93 59 -69 -50 17 35 -44 -40 -76 -33 31 -85 -83 25 63 -41 66 72 34 -7 -93 -63 -46 51 -61 69 -73 11 67 71 57 43 -7 -8 -4 -94 -7 -33 -68 69 -10 95 16 90 -10 79 14 80 -68 92 53 19 91 90 41 82 65 -58 31 53 -27 100 -28 -82 -88 -56 50 5 -4 57 -51 68 -97 -89 -22 -47 21 53 -63 79 -30 21 66 100 -58 85 -47 -4 93 -68 36 97 -67 -67 -36 22 6 -25 -10 52 5 -37 -88 32 61 -71 11 68 37 -34 -48 70 33 -79 -20 -64 -80 38 87 -14 84 2 -61 92 68 12 -28 75 -71 -68 -82 54 60 24 65 -32 98 0 58 -50 61 46 -33 41 -29 93 45 -74 45 -12 46 100 -18 0 20 -1 -42 -100 23 65 -2 -48 81 -48 -55 -46 -55 -92 1 -34 -49 62 35 89 -30 87 -40 22 -88 -29 -15 22 -62 87 -2 25 14 39 50 1 65 -34 47 -83 75 35 -34 -68 90 17 -100 25 -31 100 -67 34 -17 21 52 30 -77 9 -61 81 11 -1 40 -51 -91 -84 40 -61 10 -23 69 -39 8 -8 -14 56 57 8 -20 -67 7 -47 80 22 9 10 0 5 -18 -57 -29 59 -76 -41 68 40 -37 -49 82 8 -39 -22 67 23 29 72 75 -9 -38 70 -32 -20 -43 -3 37 7 85 63 -18 45 0 -23 -98 -62 6 17 70 -84 -22 -45 -80 -62 98 70 -69 92 -17 -9 -89 -39 50 -40 57 74 -76 -31 30 3 100 78 -17 -62 -29 -2 98 -89 -88 41 -36 -44 -41 35 -78 -15 -21 -80 83 53 77 -19 -15
2 49 -76 47 -44 -25 9 -47 75 96 -33 -30 22 100 49 28 85 -39 -26 -38 -53 -46 81 71 88 10 -98 -54 67 -68 -98 38 96 -76 70 -83 -48 100 67 75 -39 -31 15 16 -32 -13 9 -90 -53 33 21 -72 40 56 33 73 -32 -10 20 5 24 -95 -46 -38 17 -77 1 37 -28 92 72 78 95 -42 -17 80 -46 52 7 -10 73 18 47 -91 -77 -2 96 -99 -86 -37 56 3 -77 43 62 -2 24 78 -90 -56 -70 -96 -45 -44 -7 -79 94 26 -15 29 -60 -18 8 -22 -76 -32 60 -3 -86 -51 -28 19 -4 79 -16 -57 45 -1 -44 61 -71 -32 15 93 -62 -15 -71 82 19 62 30 50 -58 -9 52 31 -63 -47 -23 -62 -66 84 -21 -88 -48 43 -44 -81 -47 -76 15 -26 -30 -27 -62 75 -67 0 31 5 94 22 25 52 -95 -70 69 91 -80 49 45 100 42 76 -66 -63 0 59 47 72 -45 97 -19 10 2 0 59 49 -40 30 -88 -85 72 58 -13 15 -75 44 -61 -15 -45 -21 -89 81 -83 -20 49 -79 12 -53 10 -48 7 -35 -9 -86 -35 14 -61 -75 -12 42 -50 98 -11 -36 -17 98 66 10 7 1 -69 -80 -30 -12 -80 73 -61 -25 -23 -7 7 -81 41 55 86 -73 23 -84 50 95 -18 35 -32 42 54 46 -94 -78 -29 -1 -54 -48 78 -33 -91 9 -11 5 81 -36 -16 -70 -12 -33 86 -57 -19 -30 8 -29 -79 -61 62 41 27 72 16 10 36 76 90 29 -61 32 -82 -86 7 -45 -71 -32 -29 -5 -55 -71 11 94 60 97 -68 20 -93 53 37 -11 56 19 -55 -28 50 -69 -65 55 56 28 -93 27 -100 70 -27 -86 7 76 -20 -1 93 79 -83 -63 52 -88 80 33 30 -37 56 -20 80 78 -44 99 88 -84 56 -89 -76 91 74 77 -31 -3 87 98 -6 -59 73 -97 51 -39 -12 0 -48 -11 -98 40 -2 -24 27 24 16 44 82 -33 86 -67 35 59 55 82 59 -46 -57 -52 -32 -14 -68 36 59 -21 -64 -78 96 -64 -37 89 57 -44 48 24 75 -58 42 87 -96 98 -49 -10 55 72 -25 -63 -98 -2 10 96 -21 10 52 67 91 -65 -57 98 -81 57 -62 -16 -57 -37 -16 52 44 70 -41 35 92 5 61 -5 45 -29 -17 83 32 95 -67 -30 12 14 -81 -95 -100 48 33 -34 -2 67 62 50 33 87 -94 -74 -83 38 20 19 97 16 55 92 -2 95 69 34 13 -50 99 27
-67 -81 -25 48 13 94 -71 32 3 -3 85 -29 -16 77 -91 -52 79 -36 34 -85 -91 70 -47 -75 -71 -70 96 73 -99 81 -82 -14 -26 49 44 -99 -35 47 -46 -56 -67 -66 -97 83 3 -7 23 -36 -76 -34 55 -71 37 -95 46 26 -99 33 -60 62 43 90 -21 -26 96 61 -30 -92 -60 79 -24 13 -41 7 68 -59 -64 77 -21 36 -36 10 20 -34 -6 -13 53 -38 -6 47 19 -29 0 -94 -86 23 -41 -99 -53 -34 9 -4 9 69 45 -49 -68 82 -94 6 -8 34 19 -3 -20 -44 -85 -4 85 51 85 -33 -87 7 15 62 -59 -68 67 -15 24 -59 -83 -58 -8 -82 -6 27 -81 -45 -4 47 99 79 26 -30 -37 70 98 94 -74 96 -62 82 31 -83 36 68 -94 -3 47 37 48 72 30 -41 82 -78 -84 -15 54 -8 -7 15 36 -75 52 7 -30 99 -86 3 -69 -53 -8 68 -24 -35 -26 -84 -53 -95 -29 3 -97 6 3 69 -12 97 -47 48 -39 64 -66 49 88 44 -15 11 -39 -36 -86 -33 73 30 -7 99 -25 95 -81 79 -1 27 48 -48 1 -88 -58 -88 54 -85 29 -13 -21 -48 -69 -47 -87 -87 28 -44 73 -2 -24 -20 47 -14 75 19 -32 -80 0 72 66 -43 64 77 -79 -70 -93 18 -84 94 92 -33 -94 4 -69 36 -40 -47 61 27 -8 42 51 16 65 42 -89 -46 20 -100 5 -4 16 83 -64 -98 9 55 -78 24 94 -31 -44 -13 -63 -95 -84 -53 -96 -83 -95 97 4 -59 -22 25 94 64 -32 37 28 -88 -82 -81 62 -85 -87 38 -82 -34 -25 -79 -46 32 55 0 -68 25 -81 -45 -79 -21 -14 0 -99 -70 78 60 -66 -54 16 -10 -9 -96 2 53 39 65 76 -12 -56 60 -40 -48 -40 -26 75 -41 -14 -90 -52 75 28 97 47 -31 6 -53 14 28 19 -98 17 -71 57 26 92 51 90 95 66 -42 -98 67 -79 -96 -3 27 -86 -85 -45 8 44 11 -91 -6 11 -94 72 50 73 -57 91 -63 -94 -52 -64 -11 78 -89 -83 -4 -14 -82 90 -18 -86 -66 -67 -30 -42 18 -57 22 -91 33 66 -77 35 10 71 -83 74 -30 -85 -68 -71 -66 94 38 -9 41 31 31 -78 66 -77 -14 49 26 -79 60 -18 13 90 14 -97 78 6 43 83 -61 84 61 -72 -1 -5 -81 -62 -14 100 -77 89 -88 -54 -34 29 67 -71 18 32 15 55 76 -30 66 100 -6 63 60 -75 -40 7 95 68 31
-7 34 5 40 -61 62 61 96 69 -35 -6 -20 -30 50 70 30 91 94 29 99 -41 99 78 -97 97 32 83 -33 65 -99 -89 -98 58 -84 71 -63 60 -24 53 22 25 -83 35 -10 -15 -7 -89 -100 90 29 -63 -4 33 19 68 -46 28 31 56 81 -75 -44 -34 86 33 41 -18 8 71 60 56 -40 85 98 79 -48 66 38 -32 39 -47 84 -42 63 12 -91 -29 72 -52 -68 -53 -16 93 -49 15 95 31 74 -98 -96 -84 -97 12 84 -6 73 -97 -75 -6 15 -23 41 -13 -35 37 35 51 40 89 56 10 -63 85 -74 67 -14 -60 -81 -6 -75 -20 -94 9 -9 -30 -40 78 -37 81 5 -90 -13 96 83 -24 10 26 -92 0 -56 -59 92 3 -13 99 12 29 -51 -10 42 -92 -77 7 8 67 -62 74 89 44 -8 51 -66 95 75 50 -80 -9 65 10 27 -69 -22 92 21 10 -2 73 -52 77 51 -80 -87 38 80 -25 27 48 -96 -22 75 -29 16 11 -76 -75 -81 -52 52 10 -12 24 48 47 -85 67 -70 -19 67 -22 48 55 -19 -81 -87 -63 -10 63 42 -5 -26 -44 -12 100 -84 32 27 28 46 -49 21 21 -76 62 91 -51 8 -29 42 -5 -61 -79 31 75 -27 96 -1 -21 51 -36 29 93 59 -39 85 44 12 -91 36 70 -66 53 82 -31 71 78 89 69 83 -57 47 46 -60 -33 -80 -19 8 -70 -76 92 95 -17 -66 30 -57 41 66 61 -51 -33 -72 42 -85 23 65 -9 -82 66 59 34 -26 34 39 71 -53 -71 77 30 -35 -6 87 24 43 -93 -50 -38 9 -3 91 -90 -93 38 -63 56 -63 51 35 -75 81 16 -40 70 79 -59 -8 -49 92 23 85 -77 83 35 -86 -50 -100 60 -59 -84 59 -88 -20 -21 97 -41 -14 -56 -38 -3 -86 -69 13 -89 4 -97 -20 94 66 62 57 -68 -46 33 -43 86 74 -61 -71 44 99 4 -2 -83 -95 -67 1 28 -94 -97 -48 -15 35 33 -99 86 80 -49 -57 29 -4 88 48 -96 44 -72 -98 -25 0 -84 90 60 -20 -88 63 10 4 93 -4 95 -30 -79 -18 59 12 -46 -55 -35 -84 8 -71 100 -100 -33 78 -43 51 -93 92 -6 77 15 -56 -28 -85 -96 -95 76 27 -69 3 78 85 -91 -69 43 54 67 -99 -29 -31 -77 -71 -31 75 -13 -37 -1 -13 -1 -53 96 3 -73 0 -3 100 23 -95 -34 11 -88 99 -27 -57 61 6 83 -100 27 -53 28 27
80 -59 -70 32 -40 100 13 -86 4 88 15 18 81 -74 35 64 -38 33 -21 43 100 -15 -32 86 69 -95 85 3 -44 -33 -67 31 89 71 -34 71 -38 -34 -81 -87 47 -18 -86 -66 60 39 -13 -92 30 -19 -18 -17 -87 22 -65 -8 2 26 -37 3 -95 -27 31 -74 -30 -32 -87 1 79 70 41 19 -64 -29 -47 -15 -25 97 5 -74 -14 -17 49 69 -56 77 58 -79 -66 -22 56 -73 -24 75 -10 23 -11 -3 -44 -35 13 34 -14 -33 -20 -54 17 -97 -26 15 -18 86 -47 34 31 -61 -51 11 -1 0 -10 73 -85 96 -53 4 67 -15 -54 26 16 43 21 -27 -100 4 -49 -80 -81 44 64 5 -89 -96 64 36 -88 3 -64 22 -61 85 90 77 91 -19 1 -52 64 53 0 -2 -94 -25 66 66 89 22 87 54 -49 94 46 56 -70 -73 -34 -80 43 -98 94 95 -97 34 8 92 -64 -41 89 -35 -10 -49 48 4 55 44 -34 87 -40 68 20 53 10 -7 97 -14 -68 -49 -24 -86 -98 -85 12 86 91 -87 -36 -78 -9 -8 -86 -18 -38 -41 -45 -61 -91 -25 62 -54 -93 9 -36 23 -89 34 -60 -30 93 -84 -100 -15 100 -20 44 -94 -41 -85 18 -39 13 53 -17 -42 -100 -54 24 -17 -61 -60 50 92 -84 -37 11 60 93 -48 17 97 52 -54 18 88 -5 54 70 91 -53 -28 90 -85 -51 -15 16 -12 31 48 -32 -87 99 48 78 3 19 -55 -83 97 26 -51 -43 82 -26 15 -32 49 -100 91 29 -86 17 -84 38 -68 -1 -10 19 26 37 34 86 -30 -23 7 -90 13 12 -51 81 -91 49 -27 52 29 -52 -12 -32 9 -47 36 -69 -72 -22 -14 21 94 93 -79 -85 -99 69 61 -2 8 -56 57 5 97 58 -42 -70 -39 -36 84 -85 68 -35 -80 -97 -38 -44 28 -13 36 40 69 46 67 40 85 99 20 64 -15 -73 -6 35 -31 50 -62 -84 -44 -81 87 -71 -55 -11 -19 24 -87 -91 -77 96 -25 18 -51 -30 -5 42 78 3 -100 -79 -4 71 -80 58 -81 -49 -25 -71 -38 82 98 -41 -54 -88 -69 -58 -45 72 -5 17 44 -92 50 -28 45 -6 98 -22 -62 31 -40 -82 -8 -80 49 14 99 7 -52 13 -68 72 -57 67 -94 -45 31 72 -29 -18 69 1 35 77 -40 -81 -78 -24 -44 54 96 96 -85 80 97 -95 -18 58 -92 -42 -80 -75 -13 1 22 27 -81 -40 -92 43 -66 -14 60 -31 100 -89 -82
-5 -84 -41 -54 12 -95 -83 64 -75 -85 -55 89 81 14 -5 11 -90 -28 86 94 15 -93 -2 -54 15 12 80 -9 52 64 -50 11 -45 100 58 48 -52 57 44 -46 -20 -57 87 -31 14 -1 -94 21 -83 64 83 5 36 66 -64 78 -47 -58 -52 -59 68 -74 1 -62 -61 20 73 -34 78 -18 -4 17 8 -20 9 -15 -10 -98 89 81 62 -7 15 -83 36 -49 82 60 89 10 83 57 -1 -70 16 28 37 -62 -14 19 51 -73 -99 74 15 90 11 -67 75 -34 13 -71 47 -1 12 60 -25 -6 -65 -7 -32 55 44 91 78 -86 -59 91 76 -97 74 42 -98 73 68 36 2 -14 47 -87 59 -60 75 -75 3 73 -38 -10 55 38 -85 11 57 1 88 -99 -50 60 12 -32 -11 -100 -20 83 73 89 64 74 -73 -76 61 -53 61 -20 58 -7 -98 50 42 32 -87 72 4 63 33 37 19 -14 23 -98 77 15 92 -64 -7 83 -60 12 87 -19 -76 -35 -99 -67 -73 45 34 8 2 92 4 -56 34 -41 -83 -96 -78 -33 -27 -46 65 68 19 58 -6 2 36 35 30 -74 86 11 -7 86 51 -74 23 66 -75 -58 -29 -62 -21 -25 -85 -83 56 72 -7 26 -26 26 69 -82 74 48 -4 57 88 52 -27 15 -17 20 -81 -3 -94 -10 -32 97 99 -71 54 -5 -37 70 -1 -85 -87 -62 -76 -86 -74 -96 -12 -41 -84 49 54 -8 -66 -20 -43 -28 -79 -57 -24 100 11 43 37 17 61 -8 71 39 2 -83 5 58 -82 -8 -40 -46 -16 -85 -4 -32 25 85 64 96 91 -39 69 -32 31 2 11 -54 16 65 -50 -64 -87 -32 75 -94 75 -59 74 -29 43 49 -33 52 -40 31 -44 29 68 99 14 -13 -12 -99 -1 26 27 -94 -75 87 -56 84 12 -26 98 -1 -34 57 -85 82 27 29 42 -93 -33 -57 -80 -21 84 70 73 1 -93 74 14 69 -53 -86 -90 -44 42 -15 10 18 -19 50 74 -1 14 -14 5 76 68 100 -53 -46 -84 85 -22 -70 52 20 -92 93 27 -82 -25 8 93 76 -4 -57 83 27 -30 44 -91 -12 -18 15 -45 -68 -36 1 -48 -75 92 92 -77 27 84 -80 43 11 74 22 99 -2 58 6 8 -30 62 -91 -25 75 -1 27 -29 16 -50 -91 60 -64 97 -82 2 -88 80 53 18 58 -5 -62 -58 -66 -60 -51 86 68 26 -98 6 -40 64 -61 -8 -77 -57 21 81 -32 94 -5 71 43 22 -23
-55 -23 35 -61 -46 50 -87 -98 69 85 3 -29 88 -46 82 73 76 12 -68 44 -3 85 76 67 73 -94 71 93 -28 71 -78 -14 -23 -9 -38 -82 78 -17 -12 26 9 73 -87 89 66 -23 -77 -80 91 -29 55 0 -5 70 19 -83 -55 -13 77 17 30 -28 -92 -22 -72 -47 30 -29 -95 17 98 -85 18 -52 -73 -71 -9 65 -5 52 97 40 28 -48 29 55 77 44 -78 40 -16 -17 4 89 31 -67 83 61 -7 -41 76 -65 -48 -62 96 -88 -75 48 -32 -20 -33 49 -26 -11 -68 -25 -95 -79 61 15 -43 -52 16 77 -73 15 -63 14 -91 82 -45 -75 -65 45 -22 61 42 -8 43 91 41 -58 -36 -75 -79 -16 52 -60 92 -43 4 69 -2 -53 -80 56 35 42 -85 85 15 -43 -3 -55 -56 15 -55 -57 -24 16 6 -33 39 68 -75 1 76 -47 -7 -78 -67 63 -53 36 49 -10 35 97 -70 81 -1 -33 -61 24 -93 88 70 -73 -4 34 71 -24 8 -94 1 76 84 2 -51 -15 -42 35 -1 -83 -11 99 22 -78 -50 86 -75 16 -4 -58 -27 61 53 -39 20 26 19 -82 -9 -90 -14 -14 41 -36 85 46 -6 11 41 58 31 -49 1 -83 -57 23 60 26 57 59 80 -38 61 52 9 45 68 -71 -44 92 99 -34 23 34 -10 -23 -44 47 71 -76 -99 35 -83 -20 5 29 -33 -7 -100 17 -52 47 92 47 -64 58 -10 17 2 -92 60 12 65 -71 66 -97 -42 10 -50 74 90 74 5 -96 76 94 -58 27 -73 49 -36 -63 99 13 -99 14 30 32 -60 -78 79 -12 64 10 40 60 64 -63 13 49 -34 -92 77 45 88 25 78 -4 -54 57 -6 100 73 -98 22 -77 7 -49 25 12 83 -7 26 57 17 -6 69 26 73 -50 79 84 9 -36 -70 -59 93 -47 -69 -91 21 -43 -57 -96 97 -33 -68 50 13 -19 49 67 -8 42 59 97 49 92 -41 -27 -81 26 50 26 36 76 -10 6 -96 -65 -19 -7 44 52 -13 26 -69 -12 -26 -11 -57 93 -25 37 -95 22 -89 22 -84 59 44 15 90 -14 -13 82 -84 -70 -10 6 63 -97 30 96 -15 -80 -85 12 57 -82 -67 -58 67 -80 -22 -44 -26 -67 76 14 -93 -8 -16 -34 7 91 6 -86 62 -95 21 -97 61 -76 -59 -9 55 -75 22 30 -84 -76 -12 68 85 -13 98 78 -12 81 49 -10 75 67 98 95 -52 8 66 -18 -23 -45 87 -61 88 21
-38 78 29 -35 13 -30 2 -88 -53 18 -32 -71 74 -47 -55 -13 -80 58 -26 22 -70 42 30 83 -97 -52 31 -89 -20 41 -82 17 -10 -89 -2 61 -33 -47 -9 -98 29 34 -56 31 81 -60 -52 -51 65 49 21 -37 -46 -75 -12 66 53 -26 15 86 73 -15 59 -57 -80 17 17 -21 39 -73 -2 -3 16 29 -53 -4 86 -17 81 -36 2 -34 -7 -26 -55 83 7 -3 -30 68 -27 15 -22 -60 -58 11 50 98 -92 2 -50 -91 44 -14 57 72 -6 -11 65 -78 77 9 -18 27 -26 -82 -92 68 -34 -15 11 -46 21 10 9 -22 8 -13 48 -100 54 86 -99 -24 -23 -96 63 46 -45 80 -25 86 -44 -63 23 -21 -69 -19 -84 9 1 37 90 -21 6 28 -26 72 78 64 59 50 30 77 30 -78 51 -50 76 45 27 11 -60 -71 -53 74 -43 -98 -94 -3 -79 -27 90 -79 -66 29 92 -10 2 72 38 19 -36 -43 17 -51 -2 -87 98 95 -5 50 9 -95 -19 1 5 -40 27 -92 2 -74 24 64 -41 -51 -8 -52 -33 -10 89 -36 -65 49 93 90 19 5 -84 -64 65 51 -16 46 -18 -52 -38 -65 -39 74 -28 61 49 95 -43 -59 83 -94 -63 85 15 -34 -5 8 -31 -33 99 -16 85 -75 84 38 78 -80 -71 21 80 -85 -19 -88 84 45 100 32 -22 -42 82 -56 59 -13 -88 -85 65 -66 -88 -66 83 -50 37 19 7 84 9 -72 64 13 34 86 -55 -66 79 -95 -50 -9 29 43 77 30 10 13 75 31 -55 -68 55 -2 -79 33 -18 -53 -74 26 90 61 44 -38 -51 77 -90 66 65 -39 -3 34 -14 24 31 -11 14 12 65 31 -32 -85 10 19 10 77 -75 89 73 79 62 32 31 -30 34 23 -70 81 20 73 -44 83 47 70 94 -55 -90 12 -26 58 20 34 38 42 -72 40 -12 -17 -11 -76 35 -77 29 -68 -66 -1 -27 -15 -32 42 -68 11 50 91 12 -66 -84 75 21 -57 -6 -92 47 -22 56 14 63 64 -14 -64 -40 73 -62 -64 -21 22 -22 3 -33 13 64 17 -75 8 -42 37 31 57 0 27 19 -92 66 -6 -16 49 -19 94 -40 -14 -22 -59 97 -17 -49 -31 45 -93 -44 -12 -90 -80 49 -47 -88 -97 2 54 2 -27 40 -78 46 -7 10 -94 36 -91 17 -25 -70 -31 -38 48 20 67 84 7 -68 43 -56 -5 -2 -65 84 90 -60 -26 -57 14 7 -74 42 -27 -18 73 67 48
73 98 32 -93 37 -12 41 -66 12 -49 51 -20 14 39 -74 -59 53 -8 -14 29 -6 69 -4 -95 -19 33 -14 -49 100 -22 -63 -36 56 41 66 -67 56 79 49 -36 -1 36 60 57 63 13 -4 37 71 28 -50 24 50 -68 -17 20 -60 70 67 46 -46 -69 -41 -51 -65 88 91 -67 -94 -6 61 90 -7 -57 73 81 -37 94 48 42 -34 48 65 0 14 11 90 -80 78 -63 63 20 -90 -51 78 99 23 6 86 -51 31 -15 36 14 48 72 93 17 92 -4 -17 -21 -80 19 -12 -71 42 26 -36 62 -87 -67 -23 77 46 30 -43 -24 -36 -33 -42 -94 47 -96 -18 29 -86 -51 1 -29 -6 -63 51 14 87 38 -39 86 -10 25 -87 -23 -84 -37 72 -74 -36 48 15 52 55 99 79 -94 -84 4 -84 90 40 39 -85 4 -43 69 39 75 -41 -16 -51 -27 -52 -94 23 86 67 -100 30 86 -9 74 98 -34 77 53 80 -89 6 11 -79 34 76 -31 -74 -3 -91 -47 96 47 -57 -61 62 -76 -66 -5 32 59 84 29 -47 23 79 28 68 -67 -65 -59 -20 81 37 26 -28 -9 -37 49 -92 -63 -15 -27 39 98 73 11 -10 -100 44 99 69 -23 69 80 -94 -24 -4 68 40 82 34 88 89 -45 -68 88 91 -65 96 78 -2 37 -61 -98 -83 89 30 -69 21 -38 -47 -93 4 56 -58 44 -2 88 -94 72 53 -41 -55 59 25 -12 57 64 -35 -5 -36 90 -19 45 -61 41 43 -76 97 31 15 23 -73 -36 -6 64 -36 -22 68 90 9 -10 4 -69 17 73 -11 48 -8 90 97 -1 -28 34 -5 -8 -93 96 80 5 96 62 86 -17 39 -30 -33 39 36 73 -61 -60 96 7 -15 -73 -13 28 -81 -18 83 -71 62 -45 -28 -97 26 2 -94 17 36 -7 93 -6 5 -98 12 -43 15 59 -43 20 -76 -54 43 -3 -97 -49 67 -7 -88 -65 -26 76 -31 -79 -14 -79 37 58 -90 17 35 -24 27 53 0 -36 82 -65 -17 20 94 90 -29 98 53 -64 53 -14 53 -44 -89 59 -53 86 34 25 -3 40 75 -84 -16 -83 -46 18 -40 -93 -83 -81 -80 41 -37 0 -44 52 -27 13 -30 -76 71 -54 18 -90 -23 96 -38 -56 26 -11 90 94 -65 -95 -94 -39 57 -93 42 33 31 86 -90 -73 25 -51 -42 51 12 79 -3 56 93 13 -23 -93 5 -27 -99 -20 13 20 97 49 9 -25 3 -3 13 85 -93 27 -47 -62
-30 -5 -93 83 93 11 40 -20 100 -29 49 -2 -74 87 -10 -28 6 -34 5 -73 -20 -97 19 34 96 -61 11 78 -7 9 -26 48 45 0 -30 -2 85 94 85 46 -12 -60 -65 -19 -52 -96 13 45 -22 32 41 -3 -12 -76 -92 96 59 -34 14 9 11 26 -19 51 -96 27 34 -22 -47 24 -41 -38 29 28 -85 -2 -14 -53 -13 90 -86 2 -77 80 -44 43 87 41 -42 -44 61 -74 94 67 -96 68 -8 27 80 -11 -1 81 -53 -69 -84 -69 -56 82 -52 -35 5 -49 -78 71 -31 19 20 -13 45 35 -46 99 17 40 -40 35 93 58 -41 -13 -43 -50 -83 17 -30 43 -69 -74 -58 35 -65 79 -8 -10 9 -15 96 -56 86 92 8 -4 23 -43 -68 36 -33 -90 14 -57 -5 79 -18 -58 -17 69 75 10 0 9 -65 54 -33 -25 -87 -89 -1 17 -16 80 -20 89 45 -7 -99 -90 -80 34 34 5 -88 -27 41 -11 -64 49 37 50 -42 55 -43 -57 -65 -45 -68 -33 35 49 -94 96 -77 -86 -17 14 40 -11 -50 -52 13 0 -54 24 -1 -25 67 -26 99 -69 -67 -57 -11 -27 14 50 85 1 -99 85 -17 16 -92 25 24 46 9 90 93 77 18 98 -32 -76 -68 -33 18 35 -30 0 -43 -57 -53 8 50 -33 -27 -38 -30 -47 -12 17 69 51 47 -24 -94 -92 80 12 32 -89 34 -73 15 11 47 97 100 -28 59 94 -87 67 64 -52 -57 27 -74 -60 -10 -30 -13 -85 74 50 3 -88 58 35 35 -52 -75 26 14 33 49 85 90 12 3 -42 -54 4 24 -98 27 -48 96 52 -14 -71 -9 -4 73 -99 77 71 17 13 35 -52 -75 38 -46 76 -91 -97 73 -72 -73 -67 -3 33 86 42 -18 -88 4 -62 -43 -35 80 100 -87 -82 -92 78 42 -32 -81 -55 -96 30 -51 51 -99 18 0 -21 35 -54 7 40 68 6 -66 -45 -22 67 98 -89 -96 0 89 -7 -28 -6 16 -25 -45 24 -40 -85 72 62 -31 17 73 -86 36 29 42 55 -51 63 24 30 -34 82 91 71 -21 -44 -30 -95 -50 -71 -55 -98 -56 -66 43 67 -40 91 19 -86 91 10 24 3 -60 10 82 68 -41 48 25 -14 -85 -13 -46 -25 -5 -24 -34 47 98 16 -67 -10 -21 -95 -60 -58 -39 -12 -98 0 76 50 -49 89 65 74 -87 -22 -35 33 -28 72 53 18 -27 52 -26 99 -18 -11 -39 -31 36 -38 -20 -32 5 -24 21 14 -60 -16
-69 -15 31 45 -58 -42 -22 56 80 85 48 -94 -54 59 85 -56 -42 68 -29 65 -51 -17 -18 66 -97 21 77 91 67 -82 -11 -62 -53 20 -35 50 52 -86 95 -85 -7 -38 -8 -7 31 -9 29 56 -14 97 27 -85 23 13 68 -51 -82 -3 86 0 58 52 -56 64 43 7 -39 28 -46 -29 61 53 28 78 -57 7 -56 -41 -97 -18 -17 61 35 -91 -65 -67 -59 -20 -79 -6 -22 97 73 -67 97 76 -28 -21 -70 14 14 -52 -81 75 26 -1 -69 83 -28 18 -11 7 -90 -1 -32 -32 67 32 5 -47 40 14 -39 29 -59 -73 86 11 -77 8 -1 -71 46 67 35 -29 -2 -2 -63 -47 -20 23 -83 23 69 -22 -33 75 -31 50 -53 6 84 27 -61 17 19 96 -15 9 -18 -26 -85 45 5 -23 -89 -62 40 33 17 29 -20 -84 -61 96 -62 -89 -31 78 -92 -90 21 18 21 97 -70 -67 98 6 -11 -90 3 -78 -10 95 97 96 -29 -96 47 75 -99 9 -94 5 -3 75 -72 30 -98 74 -3 48 55 5 29 8 -48 -35 -31 22 33 -79 33 -74 -35 -79 -59 -39 -80 81 -15 39 -62 -27 -96 62 71 -45 3 7 -72 12 36 66 52 -91 -48 -47 77 30 -88 49 -23 33 -39 45 -26 -52 -90 44 -16 26 25 -23 -37 -72 20 65 13 67 -66 -35 -84 96 33 -59 42 53 67 -65 -22 -96 93 -31 -79 82 -99 17 -95 -99 74 -85 11 86 4 -71 -68 79 -52 -63 -53 -77 16 42 74 29 -54 -44 -76 35 -47 -97 -72 41 -22 22 55 -37 29 80 38 79 -55 23 88 -52 -52 85 9 68 35 -76 91 63 -10 66 94 89 -62 -91 28 -7 -46 -87 -28 -42 60 51 -94 30 62 -47 88 -75 -85 -44 29 28 -77 -80 -100 21 -45 -43 -3 92 -10 22 88 -29 56 -95 -53 -62 -78 -93 55 -55 5 -12 -33 88 99 -34 -82 95 -44 67 34 38 -18 -26 -35 21 -89 -27 -76 62 52 22 -62 -42 61 -61 60 15 -78 34 -95 74 -95 -28 29 30 -49 47 56 82 -29 72 -3 95 1 -76 -97 -97 -89 -50 80 58 -43 -10 -7 -75 -25 -7 54 -89 47 74 94 -86 -19 30 25 49 -100 71 20 -71 -44 48 72 -83 -95 39 91 49 -29 31 -26 14 8 2 90 -83 19 -92 -1 6 2 16 -54 44 19 -37 -52 66 87 89 -7 -52 -7 71 -41 14 97 -72 -24 96 57 -39 -58 -16 -26 65 90 45
81 20 -9 59 -86 -35 -82 16 -88 26 -53 -92 53 -3 -81 -64 -87 -45 -47 -75 -81 -43 -86 -100 15 78 -97 16 68 47 12 44 -66 78 41 -2 73 -88 -52 -19 56 97 8 18 -98 -25 47 46 90 -79 -18 -49 -57 -58 6 -43 -22 57 40 -24 44 -42 -40 10 -38 -32 -35 92 -22 -28 96 3 -24 70 -73 6 -79 28 74 81 30 66 -21 21 12 60 -61 35 -34 -50 53 -11 -24 55 54 -28 66 84 45 75 -65 -76 54 5 -55 69 -47 -87 60 77 17 -62 -37 -28 73 -97 -89 -7 89 -25 -6 -21 27 98 94 -47 -65 41 41 -72 -100 82 -22 -14 62 -19 -65 -77 58 35 79 50 14 89 62 -35 43 84 87 52 -49 59 1 -5 -72 5 -64 28 44 -5 29 32 56 -66 -36 -47 18 -66 20 -10 54 -81 -75 -17 75 17 -9 13 -45 -79 17 -30 55 81 -41 -81 -15 -67 -21 -64 93 6 -16 -54 -15 -60 17 92 -58 93 22 8 -77 11 0 -96 -13 -91 46 -19 -27 -54 33 84 23 7 -51 17 65 53 18 16 37 58 58 94 42 -95 -76 -56 -21 91 26 -38 -41 -40 -66 -30 14 -95 83 -30 9 -100 -49 52 8 4 16 -83 -93 -16 -74 62 -33 21 -38 -89 -23 -13 -93 89 -2 92 36 20 20 -44 -99 -17 23 60 -92 -67 15 88 2 56 95 86 -79 37 -77 39 31 -72 -90 -78 74 49 -84 61 -24 -10 -91 -72 92 30 -97 40 -37 24 -74 -88 -55 29 -88 -70 -98 95 99 56 77 10 -79 -92 12 1 -31 -34 67 74 42 49 -69 70 -49 77 -39 -22 -12 33 -50 97 27 22 -51 -14 -95 -58 10 -97 -51 -1 -54 54 99 -75 82 55 30 71 39 35 42 -82 -65 10 -31 59 6 92 33 96 42 -95 -31 91 3 -24 42 64 -28 95 -43 -58 5 91 60 -15 -50 65 -6 19 -41 76 -95 -20 -35 89 87 46 1 27 25 -94 -73 64 41 57 -16 93 60 41 -47 23 -46 57 -71 -82 -26 26 -34 95 29 -32 -29 -18 90 62 72 78 -14 -23 31 -90 -53 -66 90 1 -44 -56 43 -6 -9 95 75 94 44 -47 72 95 -67 57 -71 -14 -20 74 55 71 -39 73 -58 82 -25 10 55 -100 -6 -53 54 71 77 -7 26 -23 35 -52 29 -71 99 54 -69 33 -25 66 20 43 66 30 74 -54 -79 -58 -67 -23 65 88 -11 -31 94 49 -87 99 -100 8 -49 -78 68 64
-26 -24 -24 -6 8 -14 80 53 30 64 75 -41 -95 -58 -68 34 16 33 -49 -65 48 -98 -49 29 -44 10 49 1 -1 95 100 -82 -35 59 35 -46 -35 -71 -73 1 -71 -86 13 41 -12 -35 93 93 6 -44 84 54 3 -69 -33 -16 -99 -43 6 92 -48 -45 16 51 -60 61 -41 41 -2 61 68 100 79 16 -2 47 14 59 -28 -49 96 62 -61 94 1 63 32 24 7 -84 -47 -38 21 72 5 -17 -65 -41 -100 97 58 -48 64 89 -70 -46 -22 53 60 -43 -63 51 -75 -35 -80 -80 -37 71 -74 80 27 83 -77 -97 -64 96 -87 -26 42 -87 -41 83 -84 23 -52 55 92 71 -94 56 34 -2 -96 8 57 -87 29 -39 -80 72 -40 16 75 -15 -83 34 34 -33 68 -33 -99 50 17 69 -15 59 13 -89 42 -47 38 -76 -12 74 58 -87 -54 27 -71 -95 44 -86 31 86 58 94 4 -32 24 75 -49 90 14 36 99 -41 83 52 -24 -47 40 2 -45 -13 -25 55 95 -87 52 12 77 26 -70 39 56 74 36 60 -79 -94 -39 84 -13 -62 9 -37 -30 -34 58 6 31 45 -88 -36 7 -61 61 11 -10 -4 16 38 -63 -64 -13 -14 -59 -6 -99 36 -54 -51 63 -75 -75 -7 -56 80 21 -70 -92 43 35 -36 -54 42 77 -89 -85 -92 96 -39 -55 -61 80 27 13 -41 50 9 -24 7 -54 -63 93 -92 -32 -77 83 -10 -15 3 34 56 16 98 -90 -51 -12 89 -36 -3 99 -57 -34 98 23 -63 60 -47 -34 94 71 80 89 85 36 56 46 -95 56 38 -100 -71 92 -66 -73 -18 -80 -63 99 93 -7 -26 -31 5 60 89 -17 -57 92 -7 35 -62 -52 -75 -38 -78 -93 -77 -79 -92 -50 -78 51 -77 7 12 23 -6 47 5 -52 -83 91 43 57 90 89 -30 -1 49 -64 -51 -84 -22 58 -39 -86 20 39 -92 -88 -58 -66 37 100 62 -62 -60 59 -35 41 -61 30 -77 75 -71 -74 -13 -43 -4 -6 -1 -15 45 -27 73 30 73 -85 -85 -38 -65 25 -8 38 97 39 -14 -38 -92 40 14 89 -2 -54 10 -20 -91 68 90 -81 54 74 96 100 96 96 -55 87 5 -39 30 61 18 93 98 56 -65 20 44 18 30 -84 27 -58 -100 -70 -66 57 59 49 -22 26 50 94 -85 98 84 -81 67 31 -37 53 12 56 -37 62 -26 18 -7 -26 74 2 -4 -40 -80 -88 56 95 80 31 89 66 -34 78 -64 -43 -7
53 82 39 -85 -100 89 -37 83 0 76 70 -84 22 -10 75 -48 -93 22 -2 16 -34 52 -62 34 -3 46 -17 -39 -69 58 67 -63 -60 -51 90 -20 -77 -21 -71 21 -70 -41 71 -88 -50 -58 -85 31 53 -5 -43 -80 -50 55 31 -83 -18 -62 20 -35 88 14 61 14 66 -78 42 23 -20 50 17 90 -90 47 16 -1 -25 -53 93 -69 76 -42 97 -50 67 91 47 26 80 83 -59 79 70 -15 -71 0 -30 -91 -6 19 50 56 35 62 95 23 -36 6 63 67 96 -38 -97 -65 -29 -16 -49 5 -38 82 92 -57 -99 24 -38 -97 57 86 -87 -41 73 -86 -62 32 -31 -58 28 -97 -15 9 85 84 88 33 -88 43 34 25 -72 -1 85 45 96 -80 90 -18 37 -57 -50 52 -85 92 68 23 -79 0 -39 83 23 -100 96 86 21 -9 11 -27 93 25 -34 17 13 44 -70 -87 -26 -98 77 -44 24 1 -13 -93 -12 11 76 -82 -48 64 -19 97 -42 -96 19 38 -88 8 -96 -27 -43 -91 59 24 64 -2 32 -23 91 -97 -62 -83 83 53 -13 64 49 -78 -69 62 21 29 -75 25 54 -83 29 63 -10 97 92 -19 -82 -90 -90 -91 55 -70 35 50 96 -87 4 -71 -50 -76 11 48 -42 16 17 79 -5 -38 82 -86 -39 94 81 -5 97 -23 70 6 87 67 -37 -48 17 85 -46 65 -53 -48 17 -5 13 1 9 98 63 24 -85 72 28 -35 -38 -88 54 81 -27 -99 43 76 -25 -16 -65 -20 -43 46 -15 -20 7 -55 10 -42 31 -84 -36 95 81 11 -64 -73 13 -52 78 38 77 -45 0 81 -18 73 57 -38 28 35 -72 -32 -9 -82 -18 86 94 98 -86 46 -86 -84 -95 31 49 44 7 74 -17 12 -87 67 -49 0 99 -7 80 -55 -92 84 -28 -51 16 5 -74 48 -20 -40 31 71 24 86 57 -49 -75 -21 -65 31 -33 -70 -80 17 -49 -81 1 52 39 -65 83 -47 -50 13 67 -69 -91 -41 -85 23 97 87 -59 2 44 -39 95 74 -25 -77 -68 98 -69 31 43 32 -42 97 15 14 -34 -38 49 41 26 -20 20 -90 28 -30 -73 -61 77 56 43 56 72 -34 27 -52 10 -9 22 -79 -91 -46 -77 43 39 -35 91 -87 91 -73 -2 -82 -75 -94 86 -62 81 -19 19 -65 -2 -14 -81 -77 -71 -27 -24 76 16 -54 61 -59 54 12 -82 75 16 30 -6 17 -8 -75 17 -1 -21 -34 35 68 -62 45 12 22
-13 -66 14 43 -36 -97 74 59 -47 6 -57 12 77 -3 -97 -52 74 -36 -36 57 0 -83 36 79 -31 -44 92 93 -2 84 30 -9 6 -83 -39 65 11 95 -30 62 -87 55 97 57 -20 23 -51 -85 -33 9 82 -19 89 -7 5 72 -13 89 -47 17 -44 -30 24 90 -12 93 90 -59 46 1 -40 4 83 46 83 91 66 -32 96 -5 -48 3 -38 56 65 -42 -92 8 17 -40 21 -63 16 -75 -33 75 -25 19 -27 -83 46 -44 13 -86 -83 -12 -97 81 39 -23 -17 93 61 40 55 95 -32 -74 51 -69 36 23 -15 53 -58 -40 -61 69 -77 -12 -20 75 39 24 -32 84 59 20 -39 66 -28 67 -52 -75 71 57 -93 86 30 78 -61 29 -72 42 -99 -56 -46 38 50 32 -10 -11 -74 100 -68 -90 -57 76 -28 47 -6 9 -32 21 -40 61 -11 -28 71 -95 -33 89 -49 -4 96 -75 26 -24 90 -46 59 75 -4 -95 -12 -3 -90 -99 -39 18 32 -51 -87 71 -9 -71 13 32 21 33 -18 -27 12 69 -72 -37 -1 -98 -79 -1 34 -65 72 -77 -42 35 -95 55 -53 -67 -1 -60 93 16 5 -37 -11 2 -44 -59 -94 85 30 -90 22 45 -95 -53 36 93 -70 -97 87 -36 -82 -91 98 37 -35 -63 -53 72 0 -100 -87 -36 8 8 44 -44 -47 94 12 -48 -32 35 -12 -52 -36 36 -62 30 -66 -81 -84 66 68 76 99 -26 8 43 48 82 26 -83 83 -34 -46 -3 3 88 18 -44 79 -92 6 -85 41 -32 4 -95 -86 -87 51 -15 -33 26 -43 -26 87 20 -10 25 84 86 38 -59 44 43 13 -18 95 -36 74 -67 84 -51 25 -62 56 8 -87 6 85 -44 31 91 -75 57 66 -38 67 21 39 60 -3 -79 91 86 -67 55 41 -97 75 75 38 6 34 40 -9 -92 57 81 70 91 85 66 31 -52 -11 68 65 -85 50 -66 6 68 -25 94 -17 86 27 31 -49 82 66 -46 -25 -98 -42 97 23 44 36 -10 -69 -64 -44 7 -67 -35 50 -28 -57 -19 97 -16 -35 30 86 46 99 -45 -99 -32 6 59 88 38 81 -94 78 41 -13 -59 11 32 -7 -72 51 -69 -86 16 90 27 -14 23 73 -67 -26 -77 -71 -97 34 -69 93 -6 -45 -53 85 -6 67 77 46 -60 -100 99 98 -6 -4 11 -73 -56 6 -19 28 78 -57 39 24 84 -41 48 54 -73 -49 74 43 33 53 58 -85 -80 7 13 18 -49 61 61
14 4 -7 -80 63 42 -22 77 -87 -19 -48 37 80 -45 93 27 30 94 -61 30 42 -65 -59 15 -12 -43 57 42 37 -84 -6 50 -22 47 29 19 -19 16 -20 -39 46 -52 9 15 79 85 73 7 -55 48 -92 82 -92 -99 1 70 77 -73 44 -96 63 -86 0 35 -48 96 -2 76 35 63 -57 -86 -19 -73 -46 -39 31 -70 61 14 -19 86 57 -100 1 -94 -45 -69 -5 60 84 -79 -86 -24 -19 -83 -14 37 -64 -25 -30 -17 95 8 32 -75 -69 87 33 3 49 7 38 76 15 -54 13 -12 81 -40 -44 56 84 -17 99 91 -86 -75 94 -8 59 -23 30 -54 26 15 -88 -84 -71 33 -15 -92 46 37 -61 -22 -51 0 -76 25 -50 93 72 89 94 5 -12 -54 -63 -40 88 57 42 30 18 38 -94 -23 -39 32 -37 -30 -90 -96 -16 57 36 -36 69 94 -84 -90 -2 -58 -98 11 90 -46 -25 7 -22 -20 43 -35 76 56 1 16 -61 -44 73 36 68 -32 -4 35 -17 -44 39 83 -61 -22 -99 91 57 -36 11 -60 16 10 65 24 1 -3 -58 31 -49 -83 64 41 75 -8 -64 -76 -74 89 87 88 -14 27 79 94 83 29 -24 94 8 -10 97 -9 -8 -67 16 74 44 93 -99 -59 60 -1 6 82 21 -19 5 -81 -25 34 -57 92 94 93 -36 -16 9 17 -100 -48 60 27 -68 -55 58 -26 82 -56 74 -47 41 -60 100 -24 -86 5 -87 -52 -100 16 45 26 -58 31 -71 -51 -62 63 -81 37 53 -13 -16 57 84 98 17 85 -69 43 -47 -90 -79 -39 -80 -28 96 -66 12 -35 89 -72 -56 -18 -21 -32 55 -45 49 58 71 60 -27 63 -77 -67 15 72 5 45 73 12 96 -42 33 -18 32 48 76 45 -38 60 42 97 52 18 92 47 -32 -58 48 -27 74 25 75 -86 83 -85 59 -73 97 96 -21 68 56 -28 38 -91 96 84 -10 -75 -48 -8 -54 -92 74 67 91 -83 -46 81 -1 94 -59 -21 -40 -70 43 26 50 30 64 97 13 42 0 80 -18 41 -50 45 36 36 -53 -25 54 53 6 -49 -100 12 -17 -60 -11 63 -87 86 8 14 -100 -84 -33 26 40 9 -27 51 -4 30 12 5 -86 -25 25 -75 -38 -54 -84 -64 -80 56 -72 -25 95 -8 -72 -38 -18 6 56 -60 -92 -2 -80 4 -32 -85 69 -30 59 -59 33 73 39 43 84 33 6 31 73 -4 81 2 -51 -66 -13 -86 89 -26 -42 57
11 100 -62 -94 -20 14 -11 -9 -4 -82 -51 -80 92 -40 -89 3 -90 51 -54 64 64 85 -70 -85 66 -49 25 -18 80 90 -94 -32 3 82 -70 74 -3 5 -15 -10 -68 -80 65 93 -11 26 -76 46 67 16 44 -40 -13 54 79 93 -68 -11 75 25 -63 -46 -63 -71 -48 16 -91 -60 93 26 57 86 -90 14 -82 77 -11 99 77 67 -9 41 35 12 -1 -40 74 -56 11 -16 -34 -70 -35 -5 -29 -45 66 -13 -23 -43 9 10 57 22 16 -23 -56 63 52 75 30 -16 32 9 41 66 -100 43 55 -97 -99 70 57 -44 100 -87 43 69 -10 97 -57 -5 46 -78 57 -90 -57 -90 -3 20 37 35 -96 41 -45 100 55 -18 84 21 43 26 -28 8 99 -28 -47 68 -5 66 -70 41 -93 -92 27 71 -96 62 91 96 -45 91 -8 100 -54 94 0 -32 4 -16 -37 42 4 92 -12 -59 26 -80 -66 -43 -20 -57 61 100 -24 82 -28 54 6 81 -98 -9 9 98 -12 -18 95 -43 -78 69 -72 45 -47 -84 65 86 51 32 50 39 45 8 -60 -15 83 93 91 -3 -71 -8 -46 65 -41 63 -53 -48 68 48 7 65 80 19 -19 99 -6 -6 11 -96 -97 29 -38 11 -86 0 -90 69 -56 -91 92 24 -5 -100 81 -49 -33 -49 75 5 100 33 -44 -7 43 -80 -76 91 40 -5 -44 -84 39 -11 -65 96 -83 -20 38 56 45 49 -92 30 65 81 -40 -16 -85 -41 -8 36 -12 30 -13 -45 -74 -24 72 -91 100 36 23 76 26 77 16 -58 -36 34 51 4 66 -28 37 -68 -23 100 -4 -59 84 85 -55 -12 -61 -65 -78 93 -53 13 15 81 -9 1 40 -97 -27 -12 -38 -71 -81 56 83 -17 2 -65 -100 60 -65 40 0 5 6 -53 -30 37 59 40 -92 73 51 53 -45 -35 78 24 -2 90 -9 70 65 64 12 -41 -79 -87 -79 -26 -44 93 19 -25 70 -23 71 -12 9 -5 95 -64 -23 41 92 75 40 -48 53 -74 -48 49 73 45 -28 -40 -48 3 -97 -22 -85 -44 -88 -86 -37 39 48 63 57 75 -6 -59 62 -56 82 -28 -63 42 -93 -23 -3 97 83 -87 -55 20 5 -57 61 2 48 -27 -40 -2 63 -87 -44 30 -53 11 -45 -95 -12 -92 11 -46 -85 59 40 -7 -88 25 -69 48 33 71 -93 -36 -98 46 -55 -98 65 77 60 81 36 37 62 -46 -62 -12 -40 -73 6 17 -84 10 -93 39 84 92 -44 44
93 51 75 27 34 -46 36 76 82 54 -19 50 -31 74 -51 -24 49 -78 -54 -86 10 -29 -81 56 -82 -39 -63 58 95 81 91 97 15 37 -24 49 89 55 23 0 92 -69 -3 58 -74 -79 74 -61 78 -70 -35 -42 100 -54 85 -57 95 -47 -15 24 -71 97 23 2 25 67 23 -22 -94 78 -9 -41 -28 8 91 -43 81 8 -70 -12 49 77 17 80 -92 67 4 14 27 -78 50 94 -81 89 -59 57 22 -100 -72 89 -29 -65 29 -26 24 -87 97 15 84 57 89 51 49 28 -21 -5 7 67 49 68 -46 77 68 73 81 65 -49 -81 91 -77 -56 7 -17 75 -31 87 51 -85 -33 -76 -91 61 52 -82 -19 76 20 -14 37 -21 39 45 49 -67 87 14 -94 -37 -91 -94 59 -71 63 -14 -21 -17 -39 -94 98 -38 -93 -98 62 90 25 44 -30 -54 44 -62 37 -8 80 58 0 53 28 -7 39 -12 -72 16 82 -66 97 80 -51 -43 77 -6 -24 -64 21 -51 50 36 -65 11 13 -55 -75 1 78 35 0 33 -55 93 31 100 -7 -11 -58 -91 -50 -3 -37 73 22 100 -3 53 77 86 -81 -17 21 -85 85 32 -73 5 -5 88 -17 -82 22 36 -61 43 -89 -2 -32 -13 45 11 50 38 13 -51 69 87 13 -76 17 57 -32 -50 39 -32 -50 22 -48 -21 72 -98 -97 -33 46 -89 8 68 -85 -58 75 71 18 -96 6 -22 81 -28 32 35 74 59 21 -36 52 51 -6 21 -87 78 38 7 -50 50 70 -58 -94 -39 -14 -16 68 -27 37 -86 -1 42 93 -16 54 -10 -63 -56 -91 86 -60 27 -25 -57 99 7 -92 -16 73 61 57 42 -73 19 -30 3 85 11 32 -27 -31 -36 11 68 -83 3 -4 19 88 96 -75 -95 -90 75 7 29 -12 -45 -48 -73 76 44 32 -68 38 88 18 -15 20 21 -7 -31 -12 93 -79 -58 31 96 -77 -92 100 -94 26 -45 -90 0 -33 -5 -6 52 -32 -37 -31 8 -35 -56 89 -97 60 -9 87 98 56 9 -30 70 -90 -13 -33 -82 21 -83 -25 90 -5 -33 -21 11 -26 -42 99 -88 -46 46 55 86 -33 -14 -69 -28 35 14 51 70 56 -33 -30 -45 -26 37 -19 -54 -52 42 14 -81 10 47 -54 -83 68 -49 20 62 45 97 -82 -25 -72 -78 -46 -26 92 25 -1 -16 -82 7 -98 -86 -44 -31 -48 71 -22 79 -51 48 -60 -11 -45 14 -62 5 -59 0 74 59 78 -8 -2 89
51 57 75 71 -4 33 57 -27 -99 -58 -60 -30 95 5 22 -66 -86 92 89 -27 63 37 84 22 62 -30 55 -39 -36 -70 76 7 65 57 -21 -74 -63 16 -87 -25 11 -54 -65 -14 61 -40 44 -99 -62 -50 78 85 70 -74 83 54 100 97 -58 -93 -95 -33 -78 37 0 25 32 -81 -15 -31 -29 54 74 46 59 -9 88 -48 -39 8 -52 42 21 16 12 -73 73 90 91 -69 -15 34 -79 15 28 -50 60 70 -55 -6 26 85 -4 1 23 24 -65 46 -39 32 -93 -6 -78 91 -9 12 -12 -78 89 -57 35 6 64 -65 -54 -6 24 -43 -68 -95 39 14 -26 -6 83 -98 68 59 47 -86 -68 -92 -27 67 -2 64 -2 96 66 89 93 -91 -87 16 -22 21 -40 -57 -40 37 52 31 -11 -92 -77 -99 9 -88 39 37 -61 53 -29 -5 -42 7 -89 -95 67 75 93 -73 35 -3 -14 -81 19 92 -89 57 -44 24 88 93 67 82 55 -79 -48 56 -14 -64 54 8 13 -43 8 -89 -6 -79 -66 -82 22 -15 65 48 -42 -20 -17 -73 -56 -29 48 12 -95 -96 35 32 81 -64 89 76 50 25 72 41 -24 35 3 -50 77 80 -25 -90 -57 82 -20 -81 92 -13 35 -71 32 24 -80 -19 78 74 -27 -76 -96 78 -48 4 -44 -91 21 41 -17 18 56 -27 78 70 -33 95 95 43 61 73 62 -52 6 55 61 75 47 91 -92 15 -6 -18 58 52 10 -34 -6 -33 -24 -86 42 18 -20 88 -6 -98 93 -88 93 -94 32 -40 6 -13 97 20 -95 -30 9 -76 47 52 83 89 -7 51 -20 15 67 85 45 95 -39 46 -12 67 -98 47 -33 -48 -26 -21 8 -58 74 87 -25 -78 -19 -15 -45 -8 9 91 -3 -13 12 -50 -71 -46 48 -3 -37 -84 85 -53 -82 29 4 -1 4 -59 -64 7 28 -98 11 93 30 52 7 81 7 5 -35 81 -56 2 89 2 95 -73 8 -52 -76 -19 32 41 80 68 75 -67 56 82 91 67 -69 30 51 100 80 -99 -43 68 37 22 -43 42 7 -18 15 -76 69 78 -21 -71 53 80 -87 -8 -82 59 -17 1 -61 -65 -34 -92 -72 0 -75 38 35 69 -66 -74 -16 91 -27 -40 73 -84 -67 50 59 24 11 54 12 -10 -19 20 -35 81 33 74 -65 81 28 -85 14 19 27 55 4 -36 69 -49 -32 -39 -37 91 -25 23 48 89 22 16 -33 39 -67 93 -19 94 -6 47 -20 -95 94 -30
96 44 64 29 -31 -82 38 -2 85 3 -30 44 -2 22 -65 -51 -68 -81 84 19 81 37 -99 67 -26 12 -76 0 -75 -9 -12 0 -26 -33 50 -19 98 -50 -18 91 84 78 52 87 -12 -13 10 88 -33 -5 -42 6 -79 -57 -84 53 17 -18 14 8 33 32 -88 54 -3 17 -95 -94 54 -91 -38 4 87 49 -83 -86 74 88 13 -18 -65 66 36 -61 71 21 52 14 78 -29 -49 50 49 73 28 11 -24 -70 64 41 17 44 92 -6 77 28 -32 -74 -40 41 25 77 37 78 94 54 35 89 -92 -19 84 66 -34 -90 49 -61 -28 -8 8 -94 -37 -68 -43 -44 75 98 37 -86 -30 18 -77 11 63 99 24 -63 -41 100 -45 65 -75 -43 -39 -38 12 -68 55 75 100 -10 28 19 70 84 -92 -35 -78 -1 12 6 -21 56 35 -29 35 -39 86 16 62 56 -76 -53 50 -74 -70 98 54 33 75 -56 -6 17 5 -53 81 33 64 81 0 -45 -55 91 -48 55 31 13 -85 -95 4 28 -27 -69 -67 -71 7 63 -79 -84 -63 -16 93 -41 -52 48 73 -32 26 -96 13 -57 -55 48 -66 -33 50 88 -46 55 -50 96 78 64 82 -29 -65 -37 41 89 28 1 22 80 59 92 -30 -84 -35 -19 -15 -32 24 -80 -13 97 18 37 -88 63 -41 -47 -95 58 16 100 -55 88 -49 92 -13 -22 -40 56 -98 -19 17 -39 -87 -62 -1 -6 -8 93 23 85 -22 -78 70 -87 69 -43 68 -27 -33 63 37 -39 13 28 -72 36 -51 -10 -95 -90 -19 54 98 11 62 46 -95 -10 90 14 6 -26 -46 53 -19 41 -71 -5 -50 36 40 41 100 -87 70 -8 -86 -30 -97 5 -80 -33 98 -92 -5 -71 -79 36 -55 -83 22 58 99 -63 3 -97 27 59 10 -60 20 95 24 -5 26 -99 39 6 -5 98 -32 25 78 -2 -61 37 -87 56 -14 34 55 -10 -58 -35 71 -40 -89 -90 -90 -43 -85 -33 56 -5 -25 36 -4 39 90 -35 76 37 -66 88 -6 -7 -75 -73 -17 37 54 -69 -30 -35 -60 -25 -94 -41 0 20 -68 69 39 31 48 56 68 -65 -62 -34 -18 71 29 -14 81 -10 -44 -14 -27 -25 -72 -80 -92 46 62 74 46 -4 -53 -78 83 -92 -19 73 -33 20 14 -77 -61 41 93 -9 -67 -49 -37 87 74 -79 43 96 25 -19 -27 -91 22 22 -70 -8 -60 4 -87 -86 9 16 -47 -66 -41 -44 -20 39 4 58 -23 -27 -94 -78
86 -54 -18 53 28 42 -19 -61 -19 18 77 40 -89 49 90 -66 -81 33 -61 80 1 -37 -55 -57 55 -18 7 35 -93 -66 -26 -69 -51 -70 80 -56 94 -47 82 78 -6 -87 -6 85 -35 64 -57 -61 64 -46 45 98 -12 23 -74 34 -83 -32 51 -82 -58 -74 -96 -40 -89 -45 79 -2 41 -46 9 53 8 20 -62 75 54 -54 16 38 -8 -62 50 85 -33 6 4 22 -40 -59 -97 16 -98 17 -53 -77 -92 -17 81 -45 -37 91 4 -10 -41 62 -73 -19 -73 7 53 87 95 63 49 57 -79 -62 79 69 -26 26 53 -18 70 -80 41 -75 -71 -51 91 9 -80 80 34 -84 -42 -13 -56 -1 -3 36 53 -67 -59 3 -90 -97 92 -34 48 -34 100 71 61 -47 -34 -88 -34 -72 1 -10 -48 -28 60 85 -83 -42 27 6 92 6 43 -57 -38 -94 -26 -8 95 27 -8 14 27 27 34 -21 63 98 -82 87 88 33 47 -61 -43 -96 21 -75 59 55 82 -83 6 18 -7 -31 -30 67 -65 29 14 92 51 -53 74 55 -53 10 37 -24 -96 30 70 100 35 -66 3 64 56 -84 -45 -52 6 -19 -52 3 -36 53 -34 -98 86 -61 91 78 -64 96 -21 -66 -41 -25 -94 -54 -26 -92 -55 -4 -11 -77 -51 41 80 -47 -86 -88 -70 14 93 -2 -22 59 -38 8 -45 -40 82 -22 0 9 0 -89 47 50 70 -87 20 53 -89 -29 82 2 -86 89 73 7 -67 -56 25 70 -78 91 7 -50 -27 -49 73 69 2 72 96 0 88 -81 88 -35 26 -94 87 -12 92 -57 93 45 19 -15 17 -9 -46 -82 1 -11 20 -53 -21 -58 -72 50 1 69 -39 29 -15 -57 -84 31 48 -61 -61 18 62 76 -9 91 -66 96 -62 -36 -87 61 -68 50 -89 63 23 -68 -71 -13 52 -35 18 -5 -58 49 73 -36 24 -69 -83 -32 69 -8 63 -52 35 -73 17 -96 -15 48 -29 -30 -93 -73 29 -48 53 54 72 -91 -69 65 49 -33 -98 20 33 -37 57 33 24 -9 27 66 -79 90 66 14 -11 -47 11 -52 -98 55 -50 45 17 -74 -74 -20 -35 -5 12 -58 -100 16 -38 -89 -57 14 -48 57 52 -76 -50 38 84 -16 56 -97 -40 -94 -97 92 -58 28 69 -39 69 -90 -75 21 27 -21 49 -67 63 83 92 -72 30 86 30 -96 -72 21 10 -79 54 -37 28 49 53 2 72 91 -32 -20 -17 -59 49 -48 36 -3 -1 -66 -36 -56 -38 -92 89 28
80 -96 89 15 -67 -61 61 -21 -60 38 -75 90 83 80 77 -67 -81 -78 -83 -1 -25 48 20 50 -61 -46 -21 72 55 -82 -100 96 -54 -36 92 -21 -59 82 41 -20 31 38 -34 -87 -69 -84 41 87 70 28 23 10 -62 70 -50 -60 -100 4 -32 -72 28 -95 55 44 6 40 22 -2 92 -93 64 -94 38 98 65 65 45 -100 -91 -27 -8 -93 -68 27 42 -52 -50 26 -69 -26 -48 77 25 45 -48 -57 -89 -35 72 -95 29 -45 53 -90 48 62 46 85 43 -20 49 31 -99 6 -61 89 -64 80 58 32 79 -29 -8 -47 -8 75 79 -51 -54 -10 -1 49 88 -87 74 -79 -51 -92 -17 43 56 58 -67 -18 17 -36 7 -71 87 -85 78 -70 25 69 -63 18 -41 75 -57 -3 84 92 44 -60 -56 -56 88 -51 -35 -67 38 13 -85 55 56 -60 -100 -12 -98 -87 50 -25 8 -6 -70 -12 -33 -45 26 68 -86 -40 -82 28 34 -46 96 94 -6 -38 63 45 -91 5 -41 -49 15 70 89 -27 39 20 -4 90 -76 12 69 -95 40 31 -79 75 -14 -57 84 52 77 -29 99 -87 -3 -99 -72 -7 92 -21 41 -22 4 -89 6 93 64 -78 -89 -1 87 -53 82 45 51 -6 -80 71 12 97 -24 -82 -61 53 25 -77 -47 -14 48 -63 95 37 24 71 -39 14 22 -93 74 -52 -20 64 32 -89 0 -61 -51 -32 -86 68 12 -18 11 77 94 24 48 47 -53 -64 -45 -20 -50 -12 18 64 11 43 -36 71 -70 64 78 -19 -83 23 -23 26 -80 -52 33 -32 -14 29 -29 -73 31 -18 -10 60 -53 -93 -46 -63 61 6 37 -96 -43 15 48 64 96 -19 60 -89 46 -30 9 42 36 -36 1 30 -14 -11 -23 -42 -100 -70 23 -50 92 -55 27 -29 -70 94 95 -59 26 -68 -6 -29 95 -27 -47 -4 -45 -64 35 -68 -53 11 -68 -16 32 51 90 31 -18 -71 53 -97 -96 -34 0 -59 11 -17 22 9 -90 -91 39 -78 17 -53 71 -85 -58 1 -16 17 -42 -14 -78 -33 91 30 -58 6 -29 -20 42 -92 49 -67 76 100 61 24 28 46 -65 1 19 -46 -51 -80 83 -63 -48 7 -55 6 -86 -80 94 -37 -94 96 -25 73 21 -84 59 -14 62 -81 -34 -16 54 -60 62 -9 85 91 6 -81 15 28 52 -35 29 83 -35 59 -58 7 -31 7 20 -53 -28 62 -34 27 -93 39 18 -6 83 -52 -75 -7 -17 -87 -61 59 65 -8 -63 55
20 33 10 39 -53 -58 37 3 91 -77 3 45 82 80 98 -7 82 62 -81 -85 -78 -87 11 -37 -37 78 -35 -50 10 9 36 -7 84 -25 46 97 16 93 -71 -29 -97 39 18 -37 91 81 70 4 -78 -100 -6 20 67 -79 -76 78 62 64 58 -94 -39 77 40 21 -26 -77 84 -83 -57 -29 -87 48 83 -54 -59 -45 -93 -7 -44 -46 3 16 -25 51 85 -14 25 0 -15 -2 -70 77 81 -82 49 -9 22 49 -80 76 86 72 -52 9 63 -48 31 92 5 56 45 -11 57 60 83 -58 -24 39 2 91 36 -98 -47 26 57 68 13 42 -36 -61 12 -77 -21 -93 -15 -84 -52 -78 53 -94 -85 76 96 14 -2 -4 57 -98 79 -69 -85 -31 99 43 34 -53 41 22 100 80 91 36 -85 40 -16 -5 -3 64 -61 82 -87 -40 4 4 -62 14 78 -39 87 -20 -20 -44 -37 25 90 61 83 -75 91 68 48 22 90 75 65 -25 89 -37 -29 -30 67 66 14 80 -47 16 96 72 -49 -16 59 -47 -11 82 76 20 -100 -99 99 -72 -12 -63 48 -22 -56 -21 69 76 83 -57 -92 15 -68 -76 68 35 -93 -71 81 66 -83 61 18 -88 -39 57 -5 -93 55 -10 5 84 70 -89 -72 100 -78 -5 61 85 -96 -100 -18 57 -67 62 12 89 -67 -7 65 39 3 -83 -86 35 3 -56 15 35 -57 -86 -81 -46 71 1 -4 -12 45 53 -68 -71 71 -66 55 -6 -75 35 79 -34 -83 -83 66 -39 4 -64 -9 -6 73 25 23 -38 53 81 80 -42 4 -48 17 3 -63 -88 -87 -59 -59 39 -74 -65 -37 -54 -45 -48 34 -98 -50 -65 32 11 -58 91 11 27 4 -2 34 57 -30 34 60 85 30 -18 15 24 -75 -5 11 89 -30 0 14 -81 4 -79 74 99 77 65 -53 37 -22 -17 -59 -76 -82 12 -22 -61 -55 91 99 11 97 -82 9 0 65 93 7 -62 -55 25 57 -87 31 34 46 31 99 51 85 -41 21 55 -39 -75 71 -61 -35 62 -88 -96 -96 -86 60 -76 3 77 76 -69 -58 61 -65 64 88 79 -65 -52 -14 -94 -20 28 40 47 -4 77 -84 51 -89 71 43 57 37 -11 -82 31 59 -74 -70 -50 23 39 90 16 17 7 -43 20 58 90 87 -59 96 -43 -54 78 77 -80 -6 41 97 70 10 87 26 -10 -12 -86 -21 52 40 4 -96 -50 55 -47 58 26 -93 84 25 -14 53 36 18 -32 64 -56 -59 -83
-16 -17 89 73 -99 -93 -13 89 -29 -45 -29 54 91 56 3 79 100 -31 -93 -55 -89 70 84 -51 80 -13 -22 39 19 45 74 -43 -69 -35 25 80 8 -89 -77 26 8 22 22 88 -79 40 -40 78 -15 95 -78 -9 60 68 51 18 61 -41 -26 -49 60 55 -44 -39 -9 -10 -85 -66 20 83 -88 0 -25 -73 73 -38 -88 31 9 60 -41 -56 51 -80 11 26 1 70 -89 17 -88 -25 -87 -5 -16 -28 -71 -70 -60 70 36 -93 -3 66 -71 34 37 66 -2 84 47 52 -68 97 6 60 -58 63 42 58 -77 -42 -7 12 -100 -40 41 -82 -20 17 77 66 -91 94 -76 -79 -82 3 -12 68 54 -2 -8 77 -51 74 25 34 23 73 49 6 23 -84 -83 -13 98 -59 -56 -59 32 91 -80 -68 -87 -44 -18 25 87 68 11 -67 74 41 -18 48 -63 37 -3 100 9 31 4 -80 -10 29 -92 55 -45 56 6 -82 60 -39 15 -10 79 -12 -20 -95 -87 -47 -56 63 97 58 -39 -14 -19 -75 10 -59 29 -78 10 -66 4 -27 -41 53 -67 32 77 -54 -19 1 96 56 -56 61 -22 -86 -15 66 -58 -85 -96 -29 27 -56 57 70 -51 -77 15 -25 59 -98 11 -21 -51 12 -51 -25 5 -42 88 -76 88 69 86 -60 43 -12 -52 23 72 41 79 7 -61 -41 -5 -4 -35 69 -93 61 1 -30 45 42 -66 -85 -39 38 -64 -80 -96 26 -24 -58 -28 -10 21 -40 -40 -58 -76 -19 -52 54 -17 33 15 -6 47 51 84 -53 -33 3 -96 -53 66 88 8 -31 48 94 -92 65 -15 -26 -38 59 -90 -37 -62 59 45 13 -25 82 -42 1 -70 -62 -33 -45 -80 92 -44 70 -13 -30 -24 -97 26 -72 94 -53 -83 -56 -94 -89 -40 50 -13 -74 73 -33 -1 77 -6 -6 -51 -44 -14 -42 -94 -40 -99 -39 -78 -73 -29 20 -63 7 76 89 -94 -75 -9 -50 -25 -93 12 83 62 -88 -84 -27 57 83 87 -49 -3 50 -46 -69 95 -16 12 -60 54 75 -62 8 91 59 -67 94 31 -26 -61 20 -40 69 -42 60 32 -20 62 23 -50 -64 -96 32 85 2 -36 20 86 -21 -54 63 27 71 -91 -72 65 -2 -46 -45 -7 84 90 12 -40 84 21 -57 -29 36 -2 -17 66 6 -28 26 -3 31 -38 -78 75 -36 -8 35 93 10 -64 -70 72 -29 100 -80 9 96 85 33 -45 -65 -52 -38 -59 -36 -90 97 -5 -11 82 70 -7 77 -92 26 -53 46
-64 99 -21 8 -58 21 100 17 -37 -66 -52 -18 11 8 -80 -12 45 -46 -83 -22 83 -55 -11 -7 61 12 11 67 -52 16 -98 44 15 -6 -59 -60 46 -67 -42 -7 2 -54 26 -87 23 -35 -17 -12 -22 61 -39 3 72 3 86 -92 20 90 19 41 96 -79 -46 11 -82 64 8 -11 -35 78 7 37 3 97 -51 95 76 61 31 -44 37 35 -63 89 -22 -87 -70 47 -16 83 -90 -41 30 -94 -11 65 -32 -95 22 34 72 -63 -81 1 -64 23 -67 -50 -24 -77 15 37 77 -78 80 32 -29 90 10 86 -62 0 -98 11 -44 -61 -82 -95 -44 87 85 89 -27 61 55 8 -14 7 3 -65 -69 33 17 69 -30 -82 -86 43 -30 -58 85 -14 20 -26 75 53 88 17 66 93 35 -62 90 -77 78 -83 56 60 -52 -74 -12 47 80 -47 28 -99 -25 19 -25 84 42 -50 -94 37 -24 23 4 37 2 -63 -86 -84 75 -42 36 -7 94 -88 28 -88 61 -25 10 -27 -59 43 50 -19 24 50 34 -69 -38 90 9 24 99 -85 9 -73 21 98 -51 -1 26 -7 -82 -44 51 -80 -38 -35 69 -44 -6 -42 -87 67 -11 62 58 -98 -86 -63 40 -56 78 94 -98 -7 24 79 -58 -97 14 -37 10 2 -26 -71 -14 23 37 77 8 29 10 -69 22 -44 -32 85 92 -2 67 -92 25 -23 -65 14 -83 25 80 -32 -68 -87 -71 93 -97 51 27 68 97 99 86 -24 -45 -66 -21 -41 -19 -59 70 -8 96 69 81 86 -40 -82 76 -89 80 -30 -34 86 -77 -39 98 -87 -57 -72 -23 -28 -47 -64 97 51 70 -40 -45 -92 -5 -39 -18 47 -79 67 82 43 -10 63 82 -28 -15 60 -59 77 -72 55 81 -69 -52 73 65 17 53 0 95 37 -75 -55 -35 -82 16 16 63 -46 79 -51 77 98 5 -24 63 -87 65 -83 44 34 47 83 30 55 -29 97 96 -40 61 -94 20 100 -58 15 -56 -7 -86 15 49 -55 55 -4 34 31 41 -57 -79 -46 -35 -49 -97 47 -90 -10 -70 -75 46 -36 23 29 -20 34 11 36 21 -43 7 -5 -27 80 -12 16 26 -77 -2 -90 73 5 31 20 32 -97 -56 29 20 53 -5 58 -52 -95 79 -62 -49 -4 -26 38 67 -87 6 36 88 -78 -82 -52 -98 -47 17 23 1 68 75 17 49 12 33 -52 50 -95 11 -94 44 -28 19 29 75 -27 49 -55 14 63 39 -49 -72 85 -86 -75 59 -14 -76 -74
27 -39 28 47 98 -26 -35 97 -10 -98 46 -3 56 -98 -77 -81 22 53 30 -85 100 -31 90 31 -14 -31 -17 -74 21 -79 77 51 -31 -31 -23 32 -55 59 94 33 -41 -65 -100 1 -65 31 -77 6 90 -40 19 -44 -54 -19 43 3 64 -49 -16 34 19 -44 -49 -48 -21 26 25 59 -88 -7 80 80 36 77 -33 -81 -83 57 94 -75 16 23 -43 -15 -97 -76 -97 -23 68 83 -72 -35 53 95 -37 -1 -54 -27 -38 94 -75 90 10 78 30 -46 -78 -84 100 26 4 11 5 42 -61 96 -26 89 53 -1 38 -62 94 -30 76 69 -19 -95 61 -76 65 -66 19 -55 9 -39 -16 24 -16 81 52 -22 4 -20 -11 -30 -100 -20 -15 -79 10 2 11 -9 81 85 80 60 94 35 70 69 -91 19 72 57 84 -33 34 -34 6 -15 -76 70 34 -53 -96 -62 -33 36 6 -5 -53 83 -33 -2 -10 -63 40 48 65 47 -80 60 -25 87 72 -29 1 -43 78 22 -79 11 -54 -75 -7 -35 86 -42 -87 0 -68 26 88 76 -71 67 -39 -82 6 -14 -98 60 -69 -44 57 19 91 14 24 46 70 14 -66 -23 -72 -34 23 -28 -46 -7 36 -89 -28 -8 -33 16 -48 58 -21 -85 -48 -92 67 -73 41 18 30 -47 -32 -21 8 16 36 34 -90 -10 -36 20 70 49 76 96 3 18 21 45 75 -77 98 53 -54 -52 82 100 83 -48 14 70 10 55 77 -90 -26 -31 69 60 -28 47 -63 -79 88 98 35 -65 55 91 80 59 48 99 -54 -77 -1 -1 -38 22 56 -63 -95 67 -37 -63 -52 -74 0 -51 86 86 8 -91 -8 56 -77 0 -70 29 -5 61 -82 5 -20 -76 -14 -12 74 -93 52 57 -82 -70 9 25 78 -90 -47 -7 63 15 79 90 14 88 -6 65 61 29 -70 99 -26 -49 -50 75 -83 21 72 35 67 -12 -52 -76 -25 -66 -25 -56 93 50 -69 -37 65 -31 -63 -58 -1 -27 -19 73 -23 -26 -27 -54 -62 69 -51 -19 20 -39 -37 93 -7 -88 -54 -34 41 73 -71 74 -6 84 -29 50 -99 35 -83 -93 -84 -9 100 -79 -72 -20 -13 92 44 87 100 69 14 2 -79 -57 26 -69 56 -66 -97 -4 91 81 -34 -26 -43 -72 71 -81 78 -13 53 29 85 -21 -31 -39 6 94 -19 -23 26 1 -51 11 65 82 31 67 -51 94 -85 -39 -70 87 33 -74 90 30 32 16 0 -50 -93 37 -49 82 25 52 -23 -34 -18 -82
-66 67 -43 26 -73 19 16 -80 19 -87 84 -82 23 93 85 -98 -28 28 67 11 52 -52 -44 -23 88 -40 -77 -46 16 12 -80 99 -1 -10 -15 -34 -62 54 33 -53 -100 50 50 23 -45 81 -72 -46 -34 -8 -57 -16 -98 63 15 95 98 8 -22 66 72 -76 29 -11 32 -25 61 -49 -72 -26 -10 -84 47 74 -59 -99 -11 -84 31 13 -53 85 -46 -52 85 76 -23 79 84 85 21 40 91 -83 -7 12 -32 72 35 -82 -38 -82 -84 47 -83 -85 -32 57 -6 6 -36 49 85 13 70 92 -76 -62 -87 -8 -6 32 73 96 -15 -12 -82 46 -7 -54 47 9 84 91 92 -11 92 96 -81 51 -97 -12 33 79 -72 -71 99 -21 -28 -76 -10 -70 -17 -65 -38 -7 22 -59 -31 86 -80 -13 75 79 48 -10 -35 89 72 -1 -11 -33 91 -73 83 -43 -97 -68 -82 78 -69 57 -29 -86 -73 41 -48 -77 97 64 -68 63 -69 -85 -57 3 99 -26 17 -38 46 7 -57 -86 81 -18 52 79 14 97 -33 -9 -83 -90 78 67 -64 78 -32 -33 58 -60 -44 -68 -60 30 -5 96 -36 43 -88 -54 100 71 -34 92 -89 28 -4 90 -44 99 -8 -22 97 -51 12 -69 43 -6 -40 49 48 -73 -70 -64 -82 72 -5 -38 71 95 -47 78 16 -73 16 -31 12 -56 -58 96 26 39 -69 -92 -83 -31 85 -39 73 -59 39 -47 6 76 -42 -23 -86 22 24 -84 -1 6 -34 -20 -30 17 53 16 72 37 99 39 49 -88 -89 -43 -51 40 -50 -9 45 4 12 71 33 -54 60 11 -7 -25 90 85 72 50 -54 1 12 95 16 -88 -3 8 87 89 51 26 -35 80 71 -98 56 -70 -35 90 -11 58 -96 14 31 7 0 6 1 -47 -55 41 8 70 85 -18 -68 4 25 -88 92 -94 24 98 -93 -50 79 95 43 72 -77 -66 -93 -77 78 84 -13 -82 35 -17 84 80 70 -84 74 24 36 52 -20 55 -94 4 -48 -6 -71 -32 -83 98 3 91 -92 -94 -52 21 56 -91 74 81 78 88 -51 61 22 -45 23 -77 60 -63 65 75 36 -94 10 61 -63 11 90 74 72 -3 -45 85 35 10 -61 45 97 -46 -81 -68 98 -39 -42 73 7 42 -93 -62 18 -40 30 -35 -83 -33 11 56 -32 -2 9 -4 92 -76 -52 -97 -15 30 60 91 22 -18 98 11 -51 -2 71 -32 1 -44 -55 61 52 -71 77 -20 -5 17 85 69 -41 0 86 63 20 7
46 -12 13 -23 -75 -68 -56 -89 70 76 0 92 86 -61 -8 85 -35 -60 -6 -98 40 -42 3 -1 55 5 -5 2 80 -62 -70 45 7 53 51 -96 -29 -2 24 90 -16 84 68 -38 78 20 9 64 -74 25 -41 -78 -14 -82 82 -60 -37 47 76 -99 -25 -28 63 -52 90 96 98 64 89 -55 -62 26 -9 -21 -93 -57 58 -2 -98 50 -9 62 -21 -34 47 -7 28 -97 44 57 24 14 -15 -58 -10 -5 -27 -43 -47 -82 68 66 46 -72 -34 -85 -64 95 37 -25 -32 -67 56 91 27 75 15 74 73 31 25 -54 -23 8 28 -65 93 47 -1 -81 13 -26 -4 63 -67 96 82 84 56 -88 -89 15 -6 50 32 77 73 -99 79 -33 -45 0 31 -97 83 -28 -39 -28 -12 -21 23 17 2 -57 76 -6 1 -94 84 81 -34 -78 -41 -82 79 61 38 -69 -69 43 -7 -23 -5 -2 15 -31 -95 7 74 89 66 12 65 93 -29 -30 30 -98 16 -83 66 59 57 -93 -33 -34 20 -42 -34 99 -49 16 -13 -45 34 14 -63 76 -97 -72 37 -25 51 -19 -28 80 54 76 -13 39 -77 86 74 -4 -53 88 75 -38 60 75 -62 96 -38 18 -71 65 -24 0 45 -40 -44 12 -3 -24 70 17 11 34 -14 -99 51 32 61 48 -77 24 -27 21 -34 76 71 -87 1 76 65 72 75 65 8 98 98 87 34 -94 -20 30 -58 -88 3 -81 64 -11 -15 63 -81 11 40 27 69 -14 47 24 31 -69 -99 -75 -99 88 58 5 67 3 -78 -28 16 -51 -67 9 -11 -36 -90 -28 10 3 -89 -56 82 -25 1 -36 59 5 9 -11 11 58 -38 -75 -52 59 78 -62 -72 16 49 -99 -87 -37 -56 -26 -84 27 76 59 -98 10 -47 14 22 17 -77 67 30 -66 -5 78 36 2 2 91 -62 -80 3 84 -44 -32 91 -94 -23 92 14 55 94 95 14 49 48 17 -68 -28 -41 8 66 65 -36 -20 -15 -87 -28 98 48 -32 56 7 73 -66 -62 88 37 -29 -41 -72 52 -5 17 87 51 78 -59 -43 -8 -73 67 90 -75 54 2 -3 69 38 88 -16 90 3 41 -73 -1 61 4 58 -66 50 85 -89 -1 -93 40 -27 67 43 9 -50 -20 4 -29 51 6 -75 -7 -54 31 -90 40 17 -30 -5 -21 62 -78 42 57 27 -84 -63 -22 -62 69 -58 75 59 -97 77 -71 -85 65 66 -17 -74 -65 85 88 -35 14 100 -17 -89 -74 29 -100 30
34 90 -34 76 -46 7 71 45 -93 -75 5 46 -16 -23 79 -91 25 -15 -94 7 -80 -43 -9 79 82 -7 -9 -89 -96 -96 15 89 25 20 42 9 -43 -88 57 40 1 12 44 -93 -89 -4 -50 -58 95 -31 -90 97 -60 -29 -47 -75 -61 -45 97 -20 43 -12 50 32 60 -10 -36 19 88 -42 -81 -33 100 -85 50 -11 82 -78 -78 46 53 -80 -8 97 42 -33 74 83 31 19 63 38 -6 93 -14 -60 -14 -43 87 69 -56 4 35 -86 -98 -67 -2 -59 8 15 40 24 -75 -63 -17 -36 -14 82 51 27 37 7 100 -4 -1 -38 -8 67 0 -46 -96 -95 50 -23 92 1 92 -50 49 -8 -8 -91 66 -10 -37 85 65 5 -28 89 82 -75 -86 48 -73 -88 -80 -90 27 2 -53 79 -80 87 -40 42 -25 -54 34 -61 -19 -17 0 93 74 17 66 88 -100 -38 -23 -57 0 34 46 -66 89 -47 -61 0 -75 78 -79 58 6 -66 7 -16 -11 39 -10 76 44 -38 -2 86 34 -89 -89 -23 -83 -82 -13 -68 -88 48 -15 79 12 22 69 7 -61 45 -33 74 36 33 54 11 -94 -29 -73 74 97 32 -33 100 -43 93 33 23 84 -55 -10 -25 42 -59 39 63 -7 43 -15 -86 -18 60 -2 -2 -36 -35 52 -93 -66 -6 59 -37 -85 37 7 65 -58 97 -43 50 -55 -42 -54 -95 20 -63 61 -70 -9 -53 53 16 -7 -21 -72 -4 -15 70 -84 -51 90 71 -49 -93 -9 92 60 35 7 -64 -31 -60 -97 -96 2 -24 -39 81 -55 43 94 -66 -38 13 4 -48 70 -82 62 78 10 -17 -83 -59 0 -25 74 -19 25 -28 27 73 -28 96 69 4 92 8 89 82 90 52 90 49 -51 -57 -21 82 -79 0 -32 63 31 -58 -48 93 -54 -45 -44 -33 -20 -52 -39 73 -70 15 -89 79 63 -90 -100 99 -97 -40 66 47 -45 86 48 -73 96 -24 91 -4 -86 92 71 58 84 -45 -63 82 -72 -58 5 74 56 -99 95 -15 -58 36 29 -29 -38 -83 6 46 -78 86 -68 10 25 40 -92 -86 -79 57 -18 72 -50 -40 65 57 0 -20 88 33 -85 7 17 8 54 8 -24 -30 -54 -71 -44 -54 -4 -90 -1 -20 54 -36 -55 -86 -45 -45 -46 25 -78 58 98 -47 -81 32 -65 93 -53 -42 36 24 -29 37 58 -12 -49 21 86 7 59 -57 92 -24 -76 -84 -100 6 70 -40 50 -60 -98 66 -30 -78 -28 -16 -1 -61 -90 -31 19 -96
88 26 -83 -65 -28 42 -62 32 -14 -8 54 -52 -88 -3 100 4 -72 35 -90 -31 55 -53 30 8 -60 -9 99 -27 99 -36 85 -10 -50 80 -78 -16 37 -98 25 21 5 97 -6 71 36 61 -97 -64 30 33 73 93 -24 -67 58 -28 47 -69 -82 1 -60 -84 73 -17 -34 18 18 -14 -81 -91 71 44 11 -90 -3 30 98 1 71 100 -21 18 82 86 -31 -64 -96 -11 -8 13 -76 -16 13 -57 70 -59 -73 -25 -84 -60 83 -25 -18 -14 -22 -53 -31 18 96 -76 8 -32 -98 -10 -70 73 77 -78 -99 99 -90 3 61 -5 -32 -92 46 15 -50 -98 13 23 -70 -33 58 -46 -74 7 9 -98 -55 -33 -79 -71 21 -16 44 -66 93 16 0 -45 58 -75 -25 46 98 -81 -12 56 83 -6 73 -91 -23 7 -42 30 8 91 -3 -100 28 -35 -65 43 10 -26 97 -88 41 23 -70 81 -72 -78 -42 -24 -46 -35 18 -89 65 76 -53 61 47 60 -85 5 -70 -12 78 64 43 -1 94 10 -9 -19 41 -14 -86 -38 -78 76 -14 -28 74 -48 -71 40 18 54 -72 -82 99 31 -12 39 50 21 -21 81 -36 -80 0 -13 -3 25 -47 -92 66 36 46 2 80 65 89 61 -82 74 -73 -96 -63 -10 91 65 77 -69 -36 -59 -82 -89 42 -42 -86 -21 92 79 -98 -60 -99 -9 -49 -100 -94 -17 32 -70 -1 52 -57 -57 26 -93 -74 -95 43 28 10 -53 -43 65 25 -35 -83 92 -34 100 -78 37 -19 93 -51 -5 41 -68 57 -8 -88 94 41 98 -4 -33 -97 47 -63 72 86 83 53 -34 17 -7 71 13 -23 -88 -59 -11 16 80 -2 92 -99 -91 29 56 -56 -67 -20 85 -81 -68 -12 -60 -20 64 38 -52 -77 -45 18 -79 74 -25 -14 28 92 9 -28 -29 -85 33 -43 3 4 -41 -66 88 -31 -83 -54 19 -57 98 98 45 -92 9 -16 -83 43 8 -28 -37 28 79 -4 -64 43 -77 55 -13 -54 46 -77 -11 10 29 -81 -27 -55 -13 83 60 88 81 85 -16 -37 -9 -89 -81 72 -33 95 -55 -51 -30 11 -6 -71 29 64 71 45 -56 3 86 -92 -64 -63 -66 -8 91 -54 -5 83 91 68 -4 -97 -25 -12 13 -33 -50 -24 -52 0 94 -31 60 -40 5 98 -44 16 2 -3 64 27 66 75 76 0 95 -50 100 91 64 -5 97 73 67 52 -77 18 16 -30 -82 40 24 -69 -27 14 -12 23 15 27 -97 -82 -87 6 -57 -10 50
79 -22 -31 19 -81 -53 35 -91 96 -15 -77 18 -87 99 81 32 81 17 -6 -39 20 -25 -31 -59 -43 78 -65 -66 -57 -52 65 16 0 18 -41 38 19 47 -31 -59 61 14 -45 73 87 -9 84 3 6 73 14 -50 23 23 -58 -12 25 -53 -40 -42 -53 90 -38 -3 52 -40 93 49 -4 20 -100 98 -89 99 -94 -90 95 -59 -27 5 -34 63 -64 50 63 62 -10 2 -96 -45 -13 -98 99 49 83 -19 60 57 -34 81 67 38 -1 -60 -67 -38 -2 10 75 52 -4 63 -32 26 -78 -26 -5 -18 43 46 -59 29 -45 44 90 71 -28 60 -58 3 -55 -10 73 7 -46 74 44 -34 71 -54 21 25 5 -92 29 -60 -5 51 19 85 -74 -45 -2 12 -79 84 28 34 60 45 23 96 -29 -79 12 -71 -72 3 -74 89 50 -60 -12 -59 49 25 62 80 44 68 -66 34 98 -22 54 -38 -18 -47 -24 -90 -19 93 56 -3 49 -89 -70 55 -96 85 99 70 -59 57 -84 17 -37 -89 -34 28 -36 -30 -68 92 30 -18 34 -51 -87 58 -41 7 51 -7 33 54 -3 -98 -93 8 -61 -14 64 -85 40 -16 12 55 28 -93 -27 -47 63 -92 -99 -78 -87 -71 -15 -2 62 11 -65 -39 -34 31 -74 -22 -77 33 -58 56 -96 -10 -58 -82 -69 -72 -57 -15 -42 82 -40 53 36 58 99 -79 -61 3 28 85 -52 64 -44 16 18 69 65 -61 26 78 83 32 -84 -98 -93 41 -54 53 -84 17 73 -65 1 60 -81 -47 33 -66 75 43 -24 -53 15 54 -38 12 -87 -19 28 -76 17 19 24 17 -6 91 46 -27 47 85 56 -79 -3 -34 32 -67 -16 60 -42 89 -30 -8 43 8 22 -21 51 9 97 97 93 69 -59 22 -22 13 62 -74 70 0 27 -68 39 -78 -86 -17 45 8 -36 53 38 73 -74 61 17 23 3 14 -24 2 83 -33 -56 32 -8 97 -26 -61 93 -57 73 68 -62 -53 -96 53 -10 8 72 37 -93 -20 -73 35 -91 -4 26 64 -20 -93 -9 84 -84 -60 -8 63 -76 0 78 24 59 -94 -95 -95 20 64 66 58 -56 -71 12 12 58 -40 -9 72 29 14 47 15 -75 76 -6 -96 -42 -63 36 23 -51 92 51 58 -2 -38 -38 -91 -93 31 14 9 -19 -6 74 -86 -43 64 -51 -4 -50 -94 -87 82 52 -60 -53 66 -17 -68 84 -39 79 -11 -61 -34 36 -54 -36 82 -46 92 21 36 -26 16 83 -85 -4 -10
60 -8 -89 8 49 11 84 -38 59 92 59 -34 80 -15 89 -50 -46 62 -39 0 25 -54 61 -66 45 -57 38 -50 -90 -25 65 -15 -42 27 88 27 -11 47 -35 -33 -37 -41 71 -20 -16 -72 3 -42 55 -8 -45 17 -59 -70 -17 98 -35 59 -92 51 -59 -44 -72 -95 -59 71 0 66 31 -100 96 100 45 -50 46 50 100 29 -23 -9 -34 -31 -25 -43 92 70 83 -30 -17 91 -1 -97 10 51 -95 20 88 -89 78 74 -21 -12 -14 87 -6 -66 -59 -9 90 -58 -79 77 -26 60 -73 -30 -16 -14 -99 -39 73 77 -90 98 55 5 30 -72 78 74 -10 76 30 -51 58 -6 49 -81 76 59 -40 60 1 -93 -18 1 46 74 27 72 -22 75 -27 -46 5 -60 -68 -30 11 -84 25 25 64 59 -32 25 -90 -45 -41 -80 88 -100 -100 55 61 2 45 -90 -46 32 -53 83 -11 24 34 -17 -49 -73 20 -95 -61 -46 40 96 100 -22 75 55 -24 9 14 -29 69 86 89 -76 -76 -84 -15 79 65 -7 -89 56 -27 88 65 -6 30 6 69 55 28 47 -9 -7 95 72 -48 73 -13 -72 -32 -44 -67 -95 -41 18 -8 46 -48 46 85 68 13 -99 -84 -60 -31 -31 45 -27 -51 63 50 79 -84 -19 13 53 59 44 -94 -30 80 3 -6 43 -76 88 44 -96 -49 2 -71 -38 36 -30 -86 -18 32 98 -61 68 64 82 -16 -52 -89 -77 -41 18 70 -24 -43 -48 83 -65 -28 -94 -45 -13 -44 56 -44 66 62 88 50 85 97 58 -65 41 9 -46 -59 -39 14 -88 28 29 36 67 -69 90 -4 -3 10 5 -34 13 -21 94 77 -8 -42 -12 -89 -44 71 33 49 49 -8 -70 -30 -35 -55 67 71 89 62 -22 93 55 100 -89 99 -82 90 65 -38 33 1 54 -31 -50 83 -76 -77 -29 -48 25 44 60 45 83 56 64 89 24 92 -71 -2 -1 -77 40 44 -99 11 -53 83 40 -55 53 -72 26 -50 96 66 -56 1 5 37 80 43 2 -30 97 -83 -21 0 -24 -87 -81 59 -33 14 85 -54 -74 47 5 -93 -43 -46 95 -3 1 -69 -31 -58 84 94 32 -48 -4 -27 -19 -96 71 -1 42 -33 -67 71 96 59 -32 88 -70 -86 -18 67 -40 -40 -100 -10 -7 88 73 37 -68 66 -1 -88 2 -73 -7 45 -46 -46 0 -31 57 -95 -67 36 79 72 96 -84 -31 -55 -94 23 -90 14 0 -54 -63 83 -56 -4 -91 62 84 96 -36
94 24 62 83 -91 -14 22 80 15 -8 -24 73 -51 18 72 -51 -46 81 -9 47 -2 -75 44 46 -100 -99 77 -28 -73 -32 61 -33 39 -61 41 -17 10 42 69 52 53 66 -54 -62 40 88 44 -45 -83 -13 64 -59 -41 86 -60 -29 22 -36 40 38 18 27 -81 69 -53 -78 -39 -5 73 14 73 -8 54 -100 66 -28 40 -45 22 52 59 4 87 -59 14 -26 -27 56 85 -95 96 51 84 28 65 18 52 -20 -16 -7 85 65 -69 -62 -21 14 -75 -46 64 -14 28 -25 98 -34 78 73 -7 18 77 -27 -67 -11 36 36 -26 -30 5 8 95 68 99 30 46 26 66 74 -54 -41 88 -82 -79 5 -95 -27 -67 59 94 -27 -48 -23 -46 24 68 39 -87 40 -17 -53 -81 2 99 -67 -100 -94 19 -41 77 -78 17 -6 50 88 85 89 -42 24 -72 6 99 11 23 -69 -52 -6 -36 96 8 -27 -57 -15 93 80 -73 -46 61 -53 -36 10 29 56 -57 82 -37 53 72 68 -36 -68 -27 -85 92 -49 -78 -29 23 -16 6 79 -8 66 -32 16 -38 35 63 -87 42 48 -74 77 -92 -5 65 73 98 -94 53 -59 -87 16 -26 15 -38 -95 -66 92 -66 2 56 34 -74 -43 -10 -23 -68 -60 -77 84 28 38 -90 43 -27 59 68 -3 18 95 -33 -82 53 -16 22 -55 66 -54 -86 60 -92 39 -66 -76 -7 -57 -34 89 86 -54 13 50 41 -72 -64 4 31 56 11 -22 24 -17 84 -100 65 13 -48 -71 44 8 5 -16 93 95 11 55 -38 -60 -59 -40 -18 18 33 28 -8 100 -68 94 -21 -33 47 -95 -34 82 75 -2 -65 -55 -21 71 -63 -16 -41 -80 56 40 27 57 -5 -43 23 -59 79 42 -96 -67 12 -79 -63 92 32 -53 4 75 -47 -10 -66 -34 53 -21 60 100 45 35 2 14 100 6 36 -47 60 48 40 15 45 -81 -53 -24 -3 -56 11 23 -90 -13 -62 93 57 25 -52 -19 -54 -32 0 29 70 49 63 -67 -41 66 9 87 -87 -13 -97 -32 2 -88 -53 -38 -8 87 -8 80 -16 -68 -88 17 75 83 60 -27 13 -46 -5 79 -10 -65 -81 1 -70 42 -32 -92 -6 -86 -44 68 47 -75 62 35 -8 -16 -62 43 64 67 -38 -86 8 87 45 -62 80 -57 84 89 86 -53 -86 89 -39 -51 -53 -31 58 -70 99 -26 -37 -95 -23 -7 52 -36 -88 52 -95 60 -49 35 -13 27 59 50 30 31 20 -80 97 -23
-17 -89 3 37 -94 82 11 13 -28 1 80 -17 -24 4 1 2 -57 49 -65 99 -5 11 88 -15 -56 -79 -64 -18 -32 45 11 -95 15 -22 5 -1 73 -55 -34 -94 50 -70 -53 26 -71 -73 2 73 -24 -23 31 -41 35 13 -66 59 -99 41 -80 39 56 34 12 -24 -14 -58 -8 -13 -7 -65 30 38 40 5 -79 71 35 90 96 -99 13 21 -54 -52 -97 -2 -71 71 -93 2 55 84 -98 -89 100 47 -61 -47 77 -66 27 86 15 41 -75 44 -58 43 22 -79 -64 58 -17 -61 89 72 1 95 10 71 -85 7 -55 51 55 99 -41 -66 54 -42 -31 -54 73 46 -15 72 4 -6 33 19 -15 17 10 -53 44 39 -94 -5 2 46 95 -69 -10 -50 50 -14 -25 -10 -33 53 -28 -16 16 -37 46 46 34 -74 -100 -14 -24 -76 -19 63 64 -24 -56 -89 -33 -38 -84 73 63 -4 95 -85 -83 46 33 76 93 -87 -79 -37 20 -45 3 -72 2 88 -83 -32 -100 44 84 -28 -79 -69 20 62 68 -39 35 14 -24 29 63 12 -62 81 -99 -16 53 -82 -72 -82 46 -30 22 -100 76 51 -19 29 55 31 -34 -66 59 4 -61 -73 67 -89 68 61 22 55 78 -59 -13 13 11 64 98 20 53 40 51 -66 43 72 -32 -71 55 82 -14 85 4 -20 18 -68 -29 83 -79 29 -33 -41 78 -8 -38 -51 -44 -64 66 14 -44 -51 12 64 -24 -54 68 75 -73 -25 82 29 -69 -20 -72 92 29 1 -9 70 -99 41 -74 74 -66 -86 -100 56 -1 54 -37 81 -17 19 -45 88 -2 -96 -13 23 76 7 56 -51 68 73 -88 -45 76 -35 32 -19 99 -35 -81 90 81 -43 -17 -61 35 -90 8 30 26 89 36 -10 -5 -47 -14 -43 -27 56 -24 25 -86 26 -26 -85 52 -99 -1 -74 -73 -92 26 5 82 100 -21 38 -44 46 5 20 17 -28 91 -80 -50 35 -91 -35 67 -71 -98 84 -22 51 -77 -28 -6 -92 -32 8 -74 2 -15 57 78 -79 -97 3 -50 57 -59 -68 -42 -11 -46 5 35 33 -53 31 74 -38 -41 -21 66 -54 92 71 -26 3 93 -55 72 -53 19 53 60 10 41 7 53 -47 24 3 -3 8 71 -14 53 1 -99 17 9 78 6 -16 50 25 -88 -54 -44 16 86 17 58 -99 6 3 -15 88 -28 -30 83 35 -59 69 63 -100 -17 50 -56 10 -28 39 11 -79 -52 -80 -15 22 99 -76 -56 45 -15 71 -59 13
-69 -17 87 22 25 9 -2 3 48 -98 75 -88 55 -28 -81 75 -34 -77 -30 -69 23 88 -26 34 83 49 11 49 -45 83 -80 95 3 70 52 -5 37 27 -14 28 -19 -91 -61 -36 97 9 25 -28 85 26 -52 9 -54 30 -34 10 77 -83 -47 -53 65 86 -21 88 80 -33 76 -14 -16 -73 73 7 -39 -2 -83 -2 -24 -55 -39 -46 70 -40 -55 -52 36 31 31 81 44 -43 47 47 -58 78 -18 -69 8 41 44 -88 -8 -46 5 -12 9 6 -11 -13 -99 24 -56 26 25 94 -94 76 23 2 28 -91 12 -98 23 -56 -67 -52 29 -86 -90 92 66 32 -96 30 93 71 53 19 -16 -36 -77 88 -4 26 -56 -64 -98 85 -28 78 53 92 -39 -59 -32 -9 78 16 64 -95 49 -44 87 -69 83 -85 78 -17 100 -24 58 -26 27 -59 -28 94 -72 -41 -27 28 -78 46 13 14 -73 -28 28 41 23 9 49 -51 -99 -97 42 5 -37 -22 -93 18 -19 -29 61 99 -92 37 16 -51 51 91 -30 63 30 -62 -96 61 27 -58 28 -48 -17 11 59 35 85 -36 97 -64 -63 27 69 68 -82 -27 40 -61 35 55 -63 53 -44 -77 86 -40 -89 -54 -46 57 -39 26 -14 14 87 -60 -92 -45 48 -66 -96 38 -85 0 68 -96 64 -89 -53 39 26 97 30 -36 69 30 -14 37 75 76 98 -42 69 57 -28 -86 -3 -95 -75 -87 93 -20 81 -35 29 60 -73 7 -86 -13 54 -60 -54 26 -87 52 -18 -88 -84 -65 15 -31 40 25 76 -99 49 41 -5 76 90 88 37 -59 -79 -93 12 74 -100 12 78 -35 96 -73 -15 54 100 91 -16 -82 22 97 -49 19 59 -48 85 -96 -19 15 -83 -84 -70 47 53 -49 -19 -79 51 -35 -39 19 -10 -38 -41 11 -92 -95 -60 82 -67 -40 -28 75 -45 24 42 -98 -73 -29 -4 -53 53 31 -62 3 -10 -2 2 15 23 -68 -17 -29 -69 99 62 45 78 -14 100 21 80 -3 98 -66 -77 -11 62 58 -62 88 -84 -38 -46 -18 -41 92 31 15 83 -35 100 91 61 -30 -33 -98 44 54 -69 -47 5 100 55 -65 -55 -49 -44 -23 -14 -18 56 -14 82 90 32 62 74 24 79 83 17 93 50 98 83 31 -62 -54 100 -50 6 -45 99 35 -21 -21 -53 7 -32 97 94 -22 -35 68 -3 93 -60 85 -67 74 -57 -39 92 -36 88 66 9 14 64 4 -3 -63 21 -27 -21 -13 -49 36 -90 -76
-55 -19 -90 38 16 4 43 63 -24 -40 -20 -98 68 18 -61 -7 15 -57 100 -16 -27 51 -77 27 -9 69 12 94 56 -23 10 30 64 -76 -95 -57 -27 74 23 18 24 -58 -66 -35 97 -53 20 96 30 -45 -25 25 -64 14 2 92 70 -56 -73 -74 76 -93 -25 -92 16 70 41 21 -16 64 98 -71 35 -61 25 -24 -41 -63 -73 9 -33 70 -31 -27 -38 -28 80 5 9 91 51 -26 -50 -88 48 9 -59 96 46 29 -74 32 -15 -70 -41 75 -20 -68 89 -99 66 -42 91 -49 -6 -7 25 -76 -44 -11 53 -73 -93 10 -49 -16 -92 77 -16 -100 94 -21 94 7 1 -17 6 -13 53 45 17 4 -78 -27 -36 17 48 -39 11 -47 78 79 -91 -1 1 44 -52 -59 4 97 60 53 -30 100 94 -76 94 9 88 5 31 -24 -35 6 31 68 -60 -59 -60 -79 12 -33 -98 -77 -39 19 -45 -85 72 29 -11 51 -17 -45 16 81 37 -33 -91 -24 68 29 65 -84 -57 18 7 74 -27 -75 -61 -67 99 -7 -48 -78 -82 70 85 32 -57 10 72 81 15 -78 3 63 -79 -44 36 -25 -22 75 35 -84 -65 95 9 -2 -4 -45 29 38 -94 -78 -50 44 68 -50 -47 -7 -93 4 -17 8 -67 -56 -90 25 77 69 67 4 67 -35 70 45 -30 -86 -61 4 -63 -19 39 67 1 -54 -40 -9 -58 33 -53 85 -91 -22 2 55 4 70 29 -60 -73 64 -27 -13 -54 -44 85 -74 -46 -50 81 34 84 -88 5 83 60 -42 60 -29 -21 -76 95 -63 -95 69 11 -91 -56 -52 1 -35 -71 -69 -59 -97 -94 72 32 10 43 63 -88 -29 23 14 -19 93 57 66 -60 24 -38 -33 -93 5 -39 -24 -16 -4 -77 -91 -38 11 -22 63 68 -87 -75 5 -65 73 59 47 44 -61 -35 14 91 71 -57 74 -94 -87 56 29 -91 37 86 16 50 -80 -38 68 94 84 79 -57 -34 -80 -89 -45 -30 -73 82 97 19 -2 -81 -83 -61 41 8 69 -82 -46 -13 83 39 37 -53 34 -40 -35 12 -9 72 -68 -78 82 -80 -40 -99 7 -38 76 29 94 -93 -75 -98 -83 35 -97 -78 50 3 -7 70 -90 -84 -22 -1 75 79 21 -24 -66 -11 89 72 -6 71 -3 8 -1 93 -88 30 -30 -49 79 13 64 37 -39 38 -19 28 -11 -85 44 -52 -11 -33 73 -35 -51 32 -70 43 -41 -48 1 88 -98 -62 0 3 -69 -97 3 11 78 -62 50 -69 -11
85 -41 96 39 -4 84 78 75 14 6 61 -64 -42 -65 10 17 -49 41 -59 18 75 -17 87 33 -21 80 -50 -9 20 91 -14 -72 -27 -74 27 -15 63 -95 23 8 -90 6 -32 -52 100 4 -74 29 -45 -21 93 -64 50 -58 -74 -82 74 20 29 30 -13 -77 -9 -22 25 47 -78 68 74 -51 74 1 0 -20 -55 21 32 83 -77 -35 37 69 -41 -30 -58 -6 97 64 64 -86 -31 -53 -58 57 -15 -8 -27 -65 -44 76 -73 -3 -5 -78 -51 75 90 -21 -56 59 -23 -65 -57 -89 56 -86 61 -30 61 -68 -32 -81 -99 -79 -66 7 66 33 -38 -98 -54 -92 7 34 -14 45 96 29 75 57 39 -39 -76 92 95 -100 100 79 -20 94 90 22 -33 -72 72 -65 -25 -66 77 -86 13 13 -85 56 10 -67 24 -49 42 -85 -95 -92 -40 8 -57 73 -14 -7 44 44 87 -83 -50 -16 20 -55 37 1 27 -26 -78 -31 42 -38 77 47 13 28 -26 -83 23 -68 48 77 25 -43 -98 -59 -22 100 -88 -78 -18 -34 -20 -96 11 -57 46 11 96 52 43 35 -17 44 2 35 -100 -12 -75 -66 -12 75 -48 -45 53 -27 45 -28 4 -87 -98 18 76 -99 30 2 -11 8 26 2 -84 76 57 -13 98 -96 6 -65 50 -64 -32 83 75 100 1 66 -28 81 -18 0 10 -51 44 -62 -7 81 70 47 82 -74 -74 33 -41 -85 50 93 87 -59 1 -61 -65 3 55 67 -9 73 34 55 1 92 -66 27 58 45 -80 51 -27 -46 98 14 -87 -30 -31 -74 52 -18 47 7 94 16 -78 6 84 9 45 55 4 -65 79 90 -89 -11 32 42 83 55 70 -55 61 -28 -95 7 -22 -15 -91 67 75 -79 -84 89 -3 33 -99 43 -6 -49 67 79 -9 -24 -69 -51 -80 11 36 -83 -14 91 -94 41 83 89 44 42 -5 -37 -58 27 -33 92 -19 -21 23 -25 80 -71 83 -52 -38 -3 25 -44 -56 -80 95 -92 -38 52 84 41 -29 -42 40 26 70 18 -8 65 46 85 7 41 -34 -14 -31 96 -63 -27 82 -63 44 -36 -46 0 74 -63 -94 -71 -24 -8 -4 74 -60 -73 2 -95 -60 86 72 69 46 38 -51 -96 100 84 50 51 85 33 24 -78 -100 -15 86 75 -99 68 31 -33 -50 -89 -25 11 -27 47 -64 50 -27 74 -80 -65 4 30 -98 -39 -22 1 87 -94 87 42 26 34 91 -50 1 -93 96 52 -11 95 -41 26 -74 42 -33 -27
81 89 59 -46 98 60 14 49 81 -29 -82 30 -33 92 -13 25 47 -50 -65 15 90 -25 -4 90 34 20 -45 -44 -88 -48 -62 -1 1 46 99 -26 85 -100 -17 -34 -40 74 -88 58 3 7 73 34 65 -56 -59 -89 -41 -69 -57 61 37 82 -91 -93 -86 10 -17 -67 -81 -55 22 6 14 -75 32 65 -32 45 24 -72 14 -27 -17 25 42 31 -60 -35 68 -77 83 37 69 25 -6 50 78 1 77 28 21 83 86 66 83 -75 -70 -94 53 -8 -77 -62 -54 -7 70 96 -74 -16 50 -99 8 -48 -25 14 92 -29 74 13 45 36 11 44 78 78 38 98 54 60 31 -85 -31 58 -14 -62 -53 81 59 -96 53 -7 8 10 -89 -52 52 -83 -14 -68 -82 -43 -3 76 -72 77 69 -68 -86 0 -58 14 77 86 -34 18 97 14 -27 55 -91 37 74 -47 -69 23 -10 43 47 64 -11 -16 -36 34 79 -52 84 42 26 -37 -50 -60 36 -3 -77 -80 -89 -50 -91 32 72 -69 -5 -75 -65 73 -33 35 38 -69 -1 -38 -7 -84 44 -29 -1 -45 -3 50 -25 -41 80 76 24 -25 61 -7 -30 46 -64 40 -12 -48 60 -13 -9 -21 -13 -36 14 88 63 -41 46 10 46 -16 -52 58 -77 -97 1 -96 41 75 -38 63 -75 33 8 -42 -97 58 -15 -68 -86 -81 19 -45 -50 -92 16 60 44 7 14 -76 31 -81 -68 -34 -63 -94 -61 92 25 6 -33 74 73 -63 -79 100 -8 95 78 -90 -75 -99 86 -20 -26 -18 30 61 46 -80 -13 53 -12 73 -30 18 64 -12 -51 -51 79 -88 0 31 -61 -72 2 -74 99 -39 85 -18 23 -6 28 10 99 27 -31 23 85 50 -28 0 41 14 15 68 25 79 -27 -72 28 -49 -36 59 82 72 -19 73 54 76 -74 72 -64 83 16 -35 85 -44 -45 61 -25 99 -99 30 96 -26 -91 77 -66 64 -91 -20 30 81 2 -32 -19 38 -79 98 -13 -24 76 4 48 -45 59 -96 93 12 26 -55 88 13 -31 -9 52 34 74 58 42 45 -85 94 100 -17 -56 18 -39 30 21 -49 20 34 50 -5 71 34 14 -97 60 24 -13 45 67 18 34 49 -36 53 -24 19 -91 59 3 17 52 26 38 -22 -95 25 -84 -91 -83 -83 83 57 47 -23 -47 33 -47 52 -50 -41 73 27 -65 -18 -49 94 -31 -46 52 95 40 -49 -2 -88 76 12 57 -83 -57 97 46 57 12 18 -76 89 72 -18 37 94
81 -17 27 -100 -58 62 -59 -97 -88 -9 34 88 88 82 14 -82 -88 -2 41 -40 70 -78 54 -55 -39 -2 -78 76 -69 -24 100 -49 -28 21 2 10 38 -53 92 -91 -69 -31 -14 -6 -50 -8 32 -5 58 8 35 -1 22 -47 -10 92 56 28 20 -64 18 -26 67 31 56 -47 73 -89 -69 28 -45 3 88 -9 -73 73 -6 100 -48 -31 83 50 -64 -29 -4 84 -45 5 4 -86 97 -63 -46 -22 -7 -42 5 49 17 27 -27 -71 -71 19 70 -50 99 81 54 -22 78 -67 -9 -15 45 50 -99 -50 -26 -89 60 48 -12 -84 11 -55 19 35 10 -68 -61 -41 -48 -67 23 86 -13 80 -24 69 86 42 -79 90 -66 70 -5 10 -76 -55 85 34 21 39 39 -99 -40 37 47 30 10 10 32 33 -2 -35 -92 -97 24 4 58 -8 -94 -7 -43 -18 -23 87 69 96 95 -75 -21 97 8 52 21 52 -62 29 -74 51 -66 -59 -40 -8 63 84 -82 78 35 2 -48 72 92 89 90 8 -27 20 -8 44 25 -79 40 74 -94 12 2 -34 -67 61 -78 -54 49 -3 8 -66 91 -82 61 25 86 -30 -33 -13 -95 -6 -68 -90 45 -69 -3 -83 4 -79 5 -99 -81 -48 1 -40 -58 -94 97 -18 65 -36 9 -26 82 -57 58 -77 17 34 -98 -4 66 -32 -92 59 1 -75 -33 1 -16 69 -81 -9 59 -16 -37 -76 -98 34 -31 -3 86 34 77 30 -70 -7 98 -3 68 51 49 -68 99 12 41 -5 76 47 21 -3 7 54 -51 -52 60 -98 34 -3 4 -44 9 -25 -40 -93 79 -43 72 -74 -3 77 19 38 31 84 -46 91 -44 58 52 68 85 -8 18 62 -26 -14 64 82 85 48 71 20 -56 -70 41 -37 -74 47 -24 -3 -13 66 18 8 90 43 -1 -9 -16 60 47 -64 -66 -82 1 55 -52 -9 20 -9 32 58 -81 18 50 -15 56 -32 -57 -27 45 77 16 49 60 84 -58 84 42 99 97 77 92 90 49 77 -89 20 -4 19 42 -98 83 -89 50 100 -25 -85 -62 -90 0 -20 -88 83 -74 -86 -81 94 -6 -48 100 -27 -51 -70 -30 -53 53 35 33 100 8 -7 95 98 -3 50 24 -27 -42 -14 -8 27 -26 35 57 -38 23 -65 34 59 85 -86 60 72 -46 29 10 -62 39 28 74 32 -9 9 -30 -78 87 4 -42 19 79 -84 75 -98 -74 81 -96 96 59 -20 -32 47 65 -87 -9 -37 52 24 81 43 56 -18
15 21 -45 -3 -34 56 -29 21 -90 -86 -65 3 -35 -72 38 -5 94 96 -65 -11 -94 -59 -83 10 -4 -13 73 -72 -35 4 36 55 -18 97 73 96 -38 25 -43 32 76 -38 -94 -34 -12 -76 -87 -70 70 32 -30 -10 -60 -93 -41 -62 -28 99 -39 81 9 -86 22 -97 35 -8 -38 -88 39 -93 -86 -92 8 -40 39 -54 52 -20 67 86 13 50 -99 97 58 60 28 -96 -71 68 51 63 45 -81 0 28 9 -40 -100 -41 -64 14 73 -75 -72 51 -95 11 -50 48 76 -9 96 48 -84 82 5 -76 72 75 30 29 -77 -25 -97 -52 21 -68 14 -55 -3 97 44 87 -92 -1 -88 26 -59 -69 33 54 -26 -36 55 -42 17 12 11 19 -69 73 55 -2 68 68 -15 -33 65 66 75 -60 -6 -65 56 -87 -46 21 -55 -24 76 37 79 -10 64 44 22 35 -80 -1 52 -73 -21 9 -5 -87 -19 -75 64 -18 42 5 -7 -91 -11 -38 -19 -16 -53 -46 42 -84 -66 40 -29 44 30 7 -76 -47 23 64 -88 43 -45 5 76 100 34 95 -75 -4 -70 71 41 -23 -17 -90 -98 43 -23 -21 -89 23 -18 62 -70 28 -74 -46 33 38 90 -70 -91 39 -79 98 -61 95 60 48 11 8 -16 -62 46 67 98 -65 -73 32 25 4 -64 43 65 -19 77 23 96 52 21 2 -93 -94 80 70 -41 -99 -38 -6 19 -56 90 -44 79 -91 31 44 1 -6 -88 93 96 8 41 63 -89 26 36 92 -40 -7 61 43 77 -24 2 81 40 -57 -26 -59 -41 33 -40 68 -81 35 74 11 22 -45 66 3 24 -52 0 -54 25 88 71 -87 85 55 18 -44 2 65 17 22 10 -84 -56 -94 -58 -97 -86 -26 77 -22 84 48 18 60 31 44 70 -37 -82 62 72 -70 -35 -28 96 48 67 -29 46 71 41 38 -56 -13 93 -54 56 -41 -60 -29 -38 60 6 -38 68 -76 -42 5 -91 64 22 -58 66 -34 85 85 15 69 60 23 -1 -39 94 64 94 -5 -21 -32 -19 11 17 -65 -89 14 -37 -26 67 -10 -13 -70 49 96 -54 14 -25 -3 -13 53 69 -81 50 37 96 -75 -33 -52 -55 -96 -52 -24 -48 40 -31 64 76 39 -7 98 93 34 -36 -42 85 65 90 -88 29 -77 -47 -16 44 58 64 16 83 36 -4 96 61 -69 61 -88 -40 52 -91 94 3 61 -38 85 -58 4 64 -99 -49 -68 2 -61 87 10 20 82 -62 -86 -96 14 -37 99
59 -23 -84 50 -60 21 -81 -24 -39 -4 -77 11 67 -68 -1 -42 48 29 41 32 22 -5 91 -80 2 -97 -29 -73 -95 -31 78 -51 46 53 -32 -55 83 -39 0 67 -47 80 -64 -100 38 30 -33 75 74 76 55 60 81 40 61 -95 6 -68 -45 84 -7 -89 100 -33 -27 52 -99 5 8 -26 70 66 -48 27 55 72 -46 -82 -38 -67 -79 53 21 -70 -5 -74 -57 62 88 -83 -36 68 74 -66 -8 -57 78 -34 -60 13 -69 48 -99 -83 39 39 87 86 58 55 -66 84 42 18 -97 90 -18 29 11 -65 60 -59 20 -41 -33 -44 -45 -52 93 46 -98 34 98 -86 11 -41 22 14 45 -27 -71 48 -8 -58 -19 -19 -81 -51 83 -67 -24 60 56 -77 -5 -92 -30 -27 -13 -35 5 94 45 22 -60 -24 53 70 -27 80 42 -26 -44 43 -64 79 88 -62 56 -80 4 -92 -87 37 -48 -45 -22 33 -22 37 -12 -32 32 64 -90 -41 23 46 79 -15 -29 -48 95 31 -62 50 -16 -7 -9 -78 -65 -10 90 -91 14 -70 -86 -48 65 66 -49 41 27 -7 44 67 77 -73 27 -1 32 17 -75 59 -29 43 -5 35 -76 55 -88 -88 64 -25 52 -54 -8 69 31 72 1 28 -62 82 -81 -92 38 -18 -92 -77 -38 4 41 96 43 10 76 -30 -71 -84 -30 -4 56 10 33 2 -23 44 62 -8 -54 -77 41 25 72 -55 49 23 9 65 -19 -89 68 -62 -27 76 1 -67 68 -1 -78 45 -99 -99 -10 51 -96 -87 78 -76 12 87 -5 16 -42 -36 -13 25 4 94 -29 -47 -89 5 40 84 -1 55 -90 50 -69 49 -32 67 -20 -42 -66 29 20 -43 -17 89 -13 83 39 87 -71 -25 86 -84 16 -8 81 -58 3 34 69 93 19 79 -9 32 -65 -86 40 -93 65 -70 51 -78 81 -22 -78 2 19 41 -38 54 83 -17 -35 -49 -12 -91 53 81 22 83 -49 -3 63 73 43 73 -5 58 37 -21 -97 -60 92 -86 73 -81 -41 -10 -91 30 -41 29 73 64 55 -54 -7 -43 24 -65 -6 44 68 1 72 -39 -69 17 25 -95 -9 -12 27 100 64 91 54 -27 57 -24 25 -55 58 -66 -61 -100 48 -82 98 65 -56 45 37 -47 69 -24 48 -13 37 59 -76 -18 -16 78 -30 -37 45 36 69 64 97 -44 48 64 -64 -31 -64 -45 -24 80 17 1 70 71 -74 -38 -83 75 -36 -53 -69 60 -30 -100 -10 59 -31 -19 46 2 63 6
-16 2 -8 -46 -61 45 -13 -64 63 -22 -65 83 -29 52 10 9 50 86 99 54 88 -11 13 17 -79 34 -94 -66 -93 -70 51 67 78 -41 -53 -28 -13 -79 82 89 -26 14 -19 -72 -1 31 1 40 -92 57 62 -69 49 -51 -51 -74 92 -36 -6 -75 -86 -69 8 49 61 -98 66 -3 61 8 -97 56 -45 -49 -50 -72 -8 72 -79 -50 -21 25 -14 -82 -36 -8 -11 -53 20 77 73 97 -48 -25 12 -39 89 -92 91 50 72 -40 -8 54 61 0 47 -97 13 68 60 99 65 -17 16 61 -80 -26 -14 53 -24 -94 54 -62 25 -54 2 -95 63 9 20 3 -68 -42 -42 75 2 43 -75 79 -65 96 -50 -66 95 -77 33 -8 31 70 -87 22 10 -65 -42 56 -17 -77 -11 -93 -20 -28 -2 -94 -79 -3 96 -85 7 60 -51 -33 63 71 57 -73 85 71 8 71 -3 -84 -43 -45 -84 47 18 74 43 -33 87 -26 -29 -72 -24 40 -89 -73 8 -12 -35 65 -97 -31 -15 31 14 11 89 -48 52 -97 -28 -57 -53 73 72 41 -96 22 -65 -12 46 80 65 -18 -29 59 23 -7 -58 -28 85 100 -59 -43 -92 53 -80 -52 51 31 -26 42 73 53 96 29 -88 -67 -7 94 -23 -17 77 -22 -11 -55 9 16 -1 -7 -16 95 7 0 81 78 -63 33 -88 -28 -5 -74 12 83 99 43 98 38 63 -40 62 -79 21 46 -62 -39 9 97 11 49 -31 42 -98 -1 40 -94 -68 -25 69 85 -86 -9 51 -67 7 -2 58 65 -22 81 -71 -29 -40 74 -35 50 -52 -62 -90 66 2 -55 -31 -49 98 56 21 83 76 -39 60 -26 -34 66 -15 -54 54 7 -78 23 44 96 5 97 -52 -13 -74 46 94 7 51 -100 32 -5 -27 -80 -79 -62 25 -28 -19 42 39 41 38 12 -74 19 45 -69 -23 -75 -50 28 28 55 72 71 98 94 92 -64 -33 43 40 -79 -99 -87 -31 58 48 86 -21 19 -71 20 77 -48 12 0 -38 95 59 75 -24 52 75 -79 -94 -18 17 72 47 -85 59 67 -80 37 65 -73 75 -10 -6 -35 28 28 -21 36 3 -97 72 -66 24 46 2 -97 -71 -5 69 -72 -31 -65 -36 83 -57 29 65 -65 -33 -37 81 83 -85 15 -32 3 27 29 -19 46 -100 13 74 -62 -46 63 98 48 -16 -100 13 -14 38 17 61 -84 4 -22 -43 37 1 -39 35 56 -24 34 -34 52 68 74 -50 -1 0 -21 -44 70 72 -32
77 -87 31 0 -72 66 6 34 2 63 -43 -34 43 -86 84 88 12 0 73 85 -77 -50 -90 59 64 78 63 46 13 85 -87 18 -21 -24 -95 -31 98 24 -67 5 -49 -50 63 56 -85 -57 -32 38 78 81 -27 -38 83 38 25 95 65 -55 24 4 13 -39 -62 69 -4 67 -84 -59 84 86 -10 69 -5 31 -8 -7 76 -84 -76 -44 51 56 5 -84 16 57 46 -86 40 97 96 5 -12 -92 77 -12 -65 -5 4 29 83 -78 -22 -50 -99 6 16 -98 45 -27 8 51 -53 -6 -15 -43 2 -61 -86 -56 5 39 -33 45 -48 33 -1 16 -79 -89 -6 53 23 -12 49 -30 -59 -28 -6 -27 -32 69 47 85 48 -11 -97 51 80 -73 -97 -18 -74 -3 5 -63 -4 58 54 -1 -41 -94 66 87 -88 43 -82 39 -48 59 28 73 55 -83 -40 3 79 60 21 40 58 -63 1 -66 -25 0 46 77 11 49 -23 -28 22 44 -22 -65 86 -86 -17 -73 -29 -11 -74 -45 -99 49 -48 64 -13 71 93 24 76 -49 -31 100 -77 25 -89 31 -53 -45 -68 16 -90 57 9 45 10 55 81 13 38 -34 46 5 -46 -10 10 49 91 1 63 4 -19 78 4 16 -77 66 39 69 -29 5 53 3 -96 -14 -97 -17 -45 74 -29 -9 -55 -94 -79 -92 -17 24 76 87 -55 -71 39 22 -66 7 -6 -56 84 55 85 73 -16 -45 -4 -15 64 -90 23 -50 56 -81 87 73 11 4 9 93 -66 -29 -27 -94 15 -34 0 -3 -10 -9 -35 42 -80 95 29 8 -70 57 6 -10 72 -74 -36 -74 -45 90 39 83 32 100 -51 -10 -45 12 70 55 -91 -93 39 -13 61 -44 43 -53 28 -31 -18 -28 33 -8 -37 76 -26 16 53 56 -42 48 11 -11 84 -94 18 31 -51 72 43 -12 83 -92 40 -41 79 3 -52 -22 72 -46 -87 60 57 80 62 90 -71 63 60 -63 -62 -72 -23 70 -81 -84 -61 62 -67 -43 -15 2 7 -92 91 -45 8 -2 75 -77 32 61 94 85 65 -67 67 43 58 -86 33 32 -65 -87 -54 97 40 -83 5 -70 82 -50 94 -1 -92 -56 70 -32 -33 0 94 -12 75 91 -89 71 -91 -60 -6 -100 69 -68 78 70 -75 -3 -24 -46 -88 -67 72 -33 27 34 -35 53 2 -78 -72 99 14 -56 39 -9 59 88 31 16 98 0 -58 23 12 -17 75 81 36 -54 64 -40 -36 43 85 89 -95 23 49 75 95 99 70 31
-44 20 -57 54 -82 13 -62 -34 22 -30 -55 73 89 -48 94 60 -57 34 -62 -42 -4 46 57 27 -30 40 -62 77 75 34 -14 31 -95 -56 -40 66 -10 -59 -85 38 -73 23 -24 -98 32 -98 -58 -4 42 -25 -77 -70 -71 90 80 58 -95 -61 -36 -67 -100 89 -11 100 -92 -5 82 -54 -85 -1 41 9 -89 -97 -70 48 55 -60 28 66 22 32 -76 -51 49 83 79 45 -45 41 6 53 96 0 -53 96 60 -73 -27 47 -51 18 -22 -94 -68 83 6 17 35 38 41 -74 60 38 -91 -29 -100 85 64 -96 46 85 36 -32 76 -24 19 10 -97 -1 -1 -69 -100 20 -21 -37 -56 -58 -55 31 -61 -5 87 -29 13 -85 73 -27 -52 58 -95 -23 -79 -70 78 45 75 -96 -41 -72 -35 -40 -54 37 47 57 50 -7 -57 84 -22 -43 -40 15 58 -80 94 -67 86 -27 -74 58 58 79 -87 -74 96 37 -95 87 -57 -81 39 -99 51 3 -59 37 -63 -76 1 66 -72 -12 1 54 -13 -90 -40 7 -28 4 -83 -86 98 37 -66 7 -99 76 -25 -77 -16 -65 27 43 27 78 -50 -35 81 -52 20 7 -80 62 -4 69 57 -13 -78 43 -44 -40 -62 69 -91 -74 65 -26 17 -7 60 -46 -43 -92 58 47 -50 53 60 -57 35 71 -18 46 -82 -1 -26 66 8 -99 19 -46 -47 42 39 45 -64 88 49 81 -8 -50 -31 -21 -94 -92 -40 -20 32 -96 -25 -67 -39 16 -77 20 35 28 -52 77 -75 -42 75 69 99 72 -46 -67 30 -60 35 -98 32 10 -12 80 -83 31 -67 80 -27 -6 -5 -13 18 -86 -21 34 8 42 98 -36 83 -15 -57 -65 -12 -41 -32 -71 85 -4 1 86 -69 56 50 -23 34 5 72 -39 -43 -81 -93 -5 -26 -24 -61 -14 -77 68 69 -14 -3 31 59 -31 35 36 -58 -10 -68 -50 -10 -26 96 49 53 0 -28 35 34 -76 11 41 42 68 -55 58 59 -56 -5 51 73 -17 11 -21 48 30 -94 76 72 78 4 -82 35 66 25 80 -19 56 6 18 2 30 -50 -7 -9 -89 2 73 18 4 12 -88 -68 -31 -34 59 -1 -60 69 -54 -39 57 24 64 42 18 95 34 78 21 -89 -88 59 43 44 -62 99 -72 -91 -5 -20 -91 12 72 -87 -30 85 34 50 -82 60 -17 39 -27 5 34 17 56 62 51 -20 9 -98 -86 65 -11 32 60 2 -95 -32 27 -94 64 -5 -40 32 31 -8 33 -72 -37 16 -3
-36 -92 -50 -57 22 -46 70 12 -69 -91 -99 -94 -37 43 29 -18 -27 -70 -95 85 86 81 13 -28 82 -31 36 3 98 26 48 39 46 4 -66 68 -75 2 58 -94 -94 -41 -100 98 -72 -35 28 71 -8 65 -46 34 -72 -44 -60 -25 -71 -99 37 98 -70 -58 -72 -70 31 83 -36 -92 21 -92 58 -53 58 -12 81 62 2 -96 -6 15 38 -36 81 89 -19 -68 -66 73 -80 -49 -94 -91 -51 -94 -43 95 28 -83 -64 -89 90 26 68 85 7 -47 -81 50 42 33 47 -8 73 -97 -88 72 96 22 76 -1 -52 11 85 45 -26 -58 -55 9 -7 -71 45 42 -67 82 92 -82 77 21 96 -71 -41 41 -96 -92 59 32 -70 -93 93 -81 -1 22 -98 100 -46 31 -74 91 9 28 89 50 -64 1 85 -45 -18 -2 -16 18 91 -5 5 43 39 25 48 46 -42 57 -44 74 -48 4 37 -43 50 33 78 -33 70 -77 3 23 -29 1 63 55 57 -12 -21 -29 -34 39 13 21 -31 85 35 -54 2 -4 -62 40 30 -8 56 99 -5 -8 -34 -99 -57 -19 45 85 -30 -72 87 45 -69 -5 -80 93 -100 -55 -68 81 -68 81 59 58 95 -2 -6 -19 -13 -42 67 83 17 -37 -28 33 -36 86 -52 58 71 -93 -98 51 17 -16 -56 -52 -56 -49 85 93 -69 -52 -27 -40 -40 -98 -28 -9 66 99 26 61 -55 76 -58 -6 -33 -75 86 31 -66 -60 -28 91 -13 95 -68 27 -62 -91 -80 45 -54 -73 3 99 76 18 -36 36 79 -96 96 62 -85 29 34 -80 -83 18 52 8 28 21 15 93 23 -35 -53 -85 27 -78 36 99 -66 32 -60 44 -54 -84 41 -63 59 45 -66 39 52 39 98 18 68 -62 -65 -52 -83 49 55 35 -35 64 -62 19 -97 99 -6 94 60 -68 -73 -12 -38 -61 6 16 -58 78 34 27 59 -31 -85 43 -12 16 18 -55 5 4 -89 54 -41 81 23 -98 51 -75 -78 16 9 60 -14 -82 83 17 39 72 -45 -70 18 61 62 -51 25 77 -17 -13 -47 -23 -74 1 36 44 -32 -84 -29 42 50 -95 81 39 -11 -31 -95 59 22 -49 -65 95 -84 89 39 48 40 65 -100 -64 31 -90 -24 81 -8 -93 69 -69 3 29 -35 -86 76 91 -72 79 77 -88 69 56 -12 -1 17 83 47 3 -54 65 -25 1 87 -38 -99 75 -84 61 49 28 72 86 21 -56 14 98 22 62 -33 89 -42 -30 5 -24 71 -48
63 -90 61 25 -20 23 -42 23 53 69 99 63 35 99 -12 -37 -48 41 -49 68 -77 -5 88 61 51 60 40 8 -87 4 -98 68 -53 -19 -32 16 -10 -19 -99 -99 -19 -71 48 71 -68 23 -95 -44 -96 -91 94 66 -76 -44 -96 74 99 -44 12 29 -86 72 2 -27 -88 76 -63 87 -78 67 10 8 76 89 -72 72 29 30 27 -32 -77 -16 79 52 -23 -50 68 53 -37 28 67 -65 8 -8 88 -57 40 -31 -46 78 -96 -69 24 5 -35 66 43 11 51 91 47 60 90 -76 -60 -42 80 34 39 -92 -77 -14 -87 80 93 -28 -20 84 -40 -80 31 36 -38 15 56 -92 80 91 65 -38 -50 -11 -64 41 -93 75 24 -44 -15 83 82 -68 25 -88 -8 -89 -71 88 -12 -38 -45 -99 -12 89 -36 -2 3 -44 -10 84 69 -3 34 79 -81 100 7 60 -76 43 -98 89 40 -31 -4 10 -50 33 -94 60 -15 -20 -19 -57 -100 48 -95 -98 28 -20 46 54 -74 -1 -18 -84 76 49 -96 78 -80 65 -25 -39 26 45 -49 -13 53 44 27 -64 72 78 -39 2 -32 -15 -75 -41 26 -25 83 -46 85 14 -65 -16 -88 -14 13 61 92 -63 -16 -49 75 17 30 80 18 35 81 75 -17 -95 -28 13 -81 75 5 -70 -1 49 -16 -25 -16 -36 -60 -54 -2 -4 4 29 61 -20 27 -36 -83 66 -16 -21 -78 15 54 13 86 2 -25 -62 54 44 -10 63 79 47 3 75 -74 50 -34 -57 -99 39 -80 79 59 0 -10 -85 -62 6 -48 2 46 19 86 -32 16 88 96 18 -100 -80 71 -76 5 93 63 0 -8 0 80 28 83 29 -85 79 18 68 -100 33 37 26 47 -100 24 -64 33 32 -29 -83 62 -3 -97 -18 -76 39 -3 -4 29 -25 3 -70 -99 72 -72 28 -6 35 77 33 94 60 84 -99 77 -97 -67 -42 17 -65 -37 25 -16 -99 -35 85 -48 71 -94 77 17 13 -92 -88 -80 60 -38 -79 69 -16 20 -26 -98 64 -62 -21 54 53 47 72 14 -59 42 5 -32 -59 57 -92 -79 47 -45 -50 25 13 -53 12 54 -37 45 -17 83 72 8 85 27 39 97 -77 -65 -92 -35 35 -77 9 -31 -73 -1 7 -23 -43 -17 75 76 76 29 -76 20 -18 -3 -7 -18 5 -41 22 46 -74 -84 -56 -23 -73 87 -90 -89 35 55 -28 -18 85 99 -18 37 97 7 -78 -53 22 20 48 56 13 -1 -44 51 -71 18 80 -7 100
24 -63 -100 72 50 52 25 -24 9 71 49 -72 -44 1 -56 86 22 30 94 -35 81 71 -88 10 -64 -85 34 -90 36 -12 -22 71 -70 62 -66 -39 100 5 63 -23 -100 42 -57 -85 32 -51 63 33 -10 22 -47 6 -87 15 -54 -77 2 42 87 -4 44 11 -73 -80 -53 -90 74 94 86 76 -72 -32 -11 37 65 88 12 -86 -72 -29 61 -37 -59 -55 -66 15 50 -80 87 50 14 -48 49 98 25 26 -21 83 -54 -53 86 22 -53 10 -23 72 -67 -18 87 -49 78 39 10 -17 35 -51 24 13 -30 -5 -23 2 -80 44 50 12 80 12 95 72 62 35 -24 92 -65 -46 -43 93 -90 84 -57 -34 34 -57 -80 5 -28 -53 -37 84 -1 5 63 -48 -96 74 -50 49 -28 -72 -39 -36 -81 35 69 73 19 50 -22 70 80 -73 29 -36 -47 -3 0 -98 -82 -14 -85 -56 72 33 -28 -81 11 -87 -12 -92 -84 -64 22 23 21 75 5 -37 -5 30 43 -78 63 80 39 -94 86 -77 62 -29 48 -27 66 5 -82 90 -51 31 0 86 -3 -9 -18 -63 -99 64 -80 -51 -2 89 36 -72 4 -9 68 -58 -18 -52 -85 -2 52 83 52 -40 4 -98 81 -48 -38 -97 -40 -37 10 84 -94 66 1 25 43 32 93 56 12 11 -97 -13 -14 48 94 -17 -57 -60 5 -96 57 87 -86 -84 -33 60 -23 -33 96 -9 13 -34 -13 -29 -14 65 -92 -70 59 76 88 35 -75 53 36 71 -3 -12 -25 -87 -52 -100 -55 2 -84 46 -52 -48 -43 60 44 80 -5 32 -94 -89 -69 23 13 -71 -29 70 12 61 88 -61 25 84 -73 51 -7 -56 -7 26 1 73 -20 67 -93 -85 -18 -90 16 0 76 -80 -93 33 -72 73 75 53 95 63 4 -86 67 -53 -69 71 55 16 84 -28 50 83 -66 -71 36 69 -58 34 -9 -73 -64 -56 56 -49 75 -84 58 100 75 26 -4 -32 18 -17 -24 -29 42 -26 -30 -74 73 74 -3 -65 -14 62 -77 12 10 58 -12 82 -77 47 -59 -88 31 48 67 -69 -38 63 -64 12 -31 -62 -80 -88 96 -57 -60 76 82 28 -1 -85 -69 64 10 -43 -16 -2 60 -91 77 -56 3 21 76 -64 59 -30 21 -11 6 65 -56 -12 -96 -52 2 -60 77 59 -17 27 -65 50 13 -74 53 62 49 7 50 92 60 -23 33 -41 -34 -41 -31 -13 -68 -10 47 -36 67 90 -67 -29 -5 20 -20 -85 17 18 91 51 34 66
18 0 37 -76 31 3 -34 -79 -42 99 -16 32 -44 -67 -3 -94 60 3 43 91 95 9 -89 -77 57 83 84 -83 -75 34 -9 -74 27 -13 86 37 16 49 -32 -16 6 84 51 -91 83 -12 -46 -1 17 -3 -26 28 5 -42 49 24 0 -17 -59 54 7 88 -85 -78 -65 -28 62 17 70 -25 63 96 38 90 -40 56 -50 42 -46 19 95 -19 35 89 -94 60 -1 59 -99 94 92 -51 19 94 63 5 -58 -94 1 9 17 -36 -64 -61 -50 97 71 -5 23 -95 52 -35 1 28 46 19 -93 -13 63 -9 43 61 47 39 68 -74 12 82 41 22 25 20 -55 -12 29 67 48 57 12 -68 -4 -7 39 -22 87 -25 47 16 -6 -88 100 90 79 85 -13 31 1 0 94 61 82 -15 93 -26 -57 7 98 32 50 40 70 -8 35 -54 30 38 -15 33 -30 69 63 32 -62 -6 27 -37 -15 -66 -4 -37 -57 32 16 -89 -84 -36 64 -93 78 -77 -24 -78 26 -7 1 65 -8 -15 -77 -15 67 43 -20 -46 14 -4 -97 -42 -28 87 -69 -95 89 -79 39 99 -10 -34 -6 -76 19 -11 44 9 -19 37 84 60 -42 47 -14 -43 13 -83 -91 -78 44 95 -91 -21 52 100 -53 18 91 -58 -75 -25 90 65 -16 94 -19 62 63 76 -82 -100 32 64 -31 -76 -76 -59 57 -63 98 71 6 91 -85 -96 -86 -55 -95 -20 35 -52 -17 11 -59 -67 83 41 -65 56 -90 -43 64 81 52 -67 -37 90 -49 -6 -34 -79 53 55 -50 -65 -69 -35 -44 6 93 -34 70 -84 76 -1 -22 -65 -77 71 43 58 45 64 -50 37 -39 -57 42 0 -71 -29 -49 -64 -75 35 -64 -59 35 31 -99 -53 14 -26 -18 -59 -33 33 -93 -21 5 -57 -76 12 -48 -99 47 -44 29 -80 -26 -50 -60 -67 79 -12 27 74 -74 14 89 -73 -11 91 95 10 87 64 89 42 88 99 -86 23 84 -28 70 25 38 -26 -63 -61 5 6 -26 -64 87 -51 22 -63 80 -50 63 26 -46 -61 100 7 -43 -52 61 75 -84 -77 7 -72 98 59 -52 -54 -9 -32 -22 -86 78 -73 5 88 36 -77 -43 -89 -34 -32 65 84 95 20 86 93 -9 -9 -50 97 4 21 -92 -52 25 11 12 58 -24 -88 -88 -16 78 -77 -62 -3 45 -92 -50 36 68 -99 -53 76 -82 -55 74 78 14 -93 -90 14 -62 76 82 -68 89 15 -92 -31 9 50 79 -51 -10 -84 99 44 15 12
-21 98 -100 -87 -95 -25 27 12 -42 20 -30 60 -31 76 -91 -40 18 -2 -82 -16 -60 45 26 -75 32 100 -31 -99 -33 -92 19 -50 -19 43 88 -10 83 -12 -5 -100 -98 78 -77 -21 -13 -7 16 47 21 86 -50 -48 89 86 -46 39 -7 27 14 -71 33 -29 98 52 -2 96 50 -23 -50 -62 -55 43 -46 -8 19 19 80 35 -57 -5 34 99 74 -26 41 -62 14 60 -35 73 -59 -67 -82 -55 21 -16 -55 37 94 -81 -71 52 0 -23 48 67 14 -71 60 60 -66 -61 95 -57 -62 36 46 -100 -53 -57 -82 43 95 -42 -4 -89 -8 -56 64 65 -90 -67 -44 -79 -60 65 -34 54 30 -64 -1 74 69 51 53 -80 31 91 -67 -3 -13 32 35 66 35 17 96 -67 -27 21 44 33 -3 29 90 -88 -25 8 -5 -44 29 -86 40 -16 -28 -76 0 38 -82 -82 52 87 -89 -85 -68 -98 -2 -54 -81 43 -92 -97 2 -84 86 71 32 -17 79 6 88 91 23 63 -29 59 -90 42 -59 60 22 -53 6 -75 17 5 62 78 97 80 91 22 18 -53 -3 -74 7 -42 -53 95 -11 30 -42 57 -92 87 8 76 -20 -28 24 62 -25 -85 -26 63 -59 -12 -7 -20 1 -63 -83 -14 75 73 -72 95 -84 87 14 -8 -43 94 61 -78 -67 -49 -97 84 -53 -63 68 100 -87 -84 -10 -41 -78 53 -40 96 -72 -20 -97 -8 8 -36 -42 77 -68 81 -95 -61 38 9 82 78 -35 -72 -54 19 46 -50 55 55 -78 56 -66 12 -43 -51 68 -72 47 -100 73 -35 -95 20 2 33 0 18 -80 4 -84 -93 99 -91 -84 69 95 24 16 70 -69 -68 -42 20 66 20 -61 99 73 31 92 -78 -82 -36 17 -48 83 9 38 -60 -82 -82 -87 -43 56 72 84 -45 -94 -11 17 31 -98 -8 -26 -82 -37 -88 88 -64 86 -7 -88 -13 36 -13 51 100 -53 -41 17 -16 12 13 -59 71 -10 62 14 7 -99 75 14 70 38 -25 -90 0 -62 -64 -78 -80 29 47 48 69 27 -24 83 62 92 9 63 0 -88 -87 -84 -49 -94 -25 51 -10 20 -14 -34 91 46 90 94 82 71 -49 -43 -44 96 73 21 -5 -20 89 -53 21 24 -26 9 -70 -75 -20 -86 -57 -17 75 96 60 -93 31 -70 49 -69 34 100 -88 73 75 20 19 -81 -24 -45 82 -23 51 -95 90 -19 -64 -20 47 63 -25 -71 33 60 -59 42 63 -85 -21 77 -71 -86 72 21 -75
-64 98 14 -36 -96 70 41 -1 14 61 68 -4 26 39 95 61 85 60 -24 -14 88 -45 -42 46 31 65 78 95 83 -97 -39 -31 20 65 -10 32 98 -33 12 98 63 -26 93 21 68 -58 91 12 -64 91 77 45 -2 -10 75 -35 47 93 -49 43 90 -55 -57 47 22 -47 48 53 -2 -46 -49 -61 28 -67 80 -65 -11 -52 -53 -19 31 -79 95 -36 -86 -11 45 72 -80 -39 -97 -99 -26 74 38 46 -24 12 63 -97 19 19 -41 9 -60 -44 -99 -88 -35 73 -20 -21 6 92 65 -54 14 93 -40 -32 16 46 -62 -60 41 -54 38 16 -69 -99 -38 22 -70 -24 -61 65 -87 -79 89 -37 -56 66 56 -32 27 61 -74 -1 55 47 -79 91 -40 2 -88 -59 -63 -36 47 63 -18 8 -13 92 3 -83 99 -43 -19 17 -95 -60 -29 -63 99 -11 88 -93 30 -86 -27 -70 58 8 56 -4 51 9 -12 -9 15 -57 -27 29 30 2 -42 -16 -47 62 -72 -90 77 33 -1 97 -17 31 -50 81 52 -48 53 -36 24 86 -48 19 94 -48 77 34 -33 63 -19 30 95 55 -34 39 -33 -53 83 -100 -94 -96 26 76 65 -92 31 22 81 63 -52 -9 -65 79 1 -26 49 91 7 -77 -67 -20 73 86 11 -51 -5 4 43 54 -39 23 72 -71 56 -71 -71 -100 83 -98 -82 -31 47 -63 91 -34 -88 -47 -10 4 94 51 93 97 34 36 -59 49 -13 -56 -15 46 67 60 17 61 -91 -8 39 24 94 -60 82 -97 97 59 88 -19 -39 11 -55 -74 -40 -69 -14 -70 28 87 87 -75 -7 -67 -49 9 -72 60 100 -77 96 -60 -31 77 13 43 78 -70 -57 46 65 -61 -41 -28 51 59 32 75 70 8 61 -37 -22 4 90 -2 -53 -87 -65 27 -96 -78 -18 -90 1 88 34 71 32 -95 65 30 91 -82 -76 44 79 -97 87 27 20 -68 19 -65 -20 100 50 -1 -94 62 -74 -17 -46 -77 10 59 87 -9 64 -60 -32 -5 -92 -42 63 27 -39 -97 55 -9 38 9 7 -90 -18 8 -82 48 25 -27 4 68 -4 0 -1 85 -58 -13 -89 76 -87 -37 62 -45 -100 -41 21 -39 6 53 -8 -63 40 -84 -76 -89 10 -45 87 -11 16 37 65 -80 21 9 -53 57 -35 -69 -42 65 -13 59 -26 15 -47 -96 30 93 63 4 93 -9 -82 18 -79 86 5 -17 -43 1 -66 43 37 19 24 -97 46 -59 15 -45 -77 -23 98 -70 -67 98
18 72 98 -54 39 -72 -68 -40 17 64 -91 90 45 -18 17 53 67 -66 64 77 -100 9 -17 74 -67 30 48 -76 46 34 -42 -62 68 -18 -43 23 20 1 -38 -43 88 -93 -36 95 11 26 -73 79 91 23 -11 79 -1 54 -16 -86 -11 51 -65 -22 60 59 -10 -47 -20 -20 -77 -88 13 10 -10 57 77 -75 5 77 21 42 -16 94 -21 -100 66 42 -41 35 96 -41 91 16 -75 -20 30 67 -45 91 3 52 -62 -77 -21 -4 -59 -18 -56 77 -58 -92 26 -48 97 -90 86 -84 -3 -99 -92 87 69 66 83 -76 -29 -75 77 -1 -22 75 72 54 -7 -32 -82 28 66 -95 -82 35 76 -76 -83 -90 56 -42 15 -76 -21 -44 44 33 -92 92 97 96 71 63 -61 -65 38 42 -17 8 17 5 26 42 -73 -53 40 -51 33 52 38 -64 -51 1 -5 64 -30 17 -79 29 60 -83 56 10 55 -9 44 31 -13 -53 36 95 9 -89 -86 36 -1 81 62 77 -3 -91 -100 -72 -24 -83 88 68 -66 47 57 -56 -67 -6 60 -68 7 30 38 68 6 3 45 -92 91 -27 30 -16 -43 -11 -76 51 -100 -21 -5 -73 -47 -66 78 87 90 -59 -60 -15 46 77 -95 -66 -84 -3 29 74 94 33 78 8 10 41 85 4 69 -71 88 60 43 -97 -23 20 34 66 -17 22 72 -5 38 30 48 66 29 0 57 -28 -80 25 -97 24 28 85 60 17 -51 -32 94 59 73 -76 -79 50 -53 53 -30 -55 64 -27 -15 28 66 -78 -56 -48 -80 -47 21 72 -46 -76 31 -84 57 25 -44 -9 11 34 20 -44 29 -79 34 -82 -74 -85 -89 -73 -91 47 -33 17 -97 -20 45 -70 76 -96 -74 -29 48 21 -62 14 -41 25 -13 23 49 39 24 9 -92 -11 13 83 93 100 -43 -33 -24 16 -1 -24 3 -43 63 -100 -26 79 -37 -19 46 -60 29 -52 63 10 84 5 -11 42 66 -59 -75 -63 99 -5 34 -7 -41 -94 53 14 29 -27 58 6 35 21 -55 -3 -82 -57 -14 69 27 -86 58 -35 -42 31 -10 -20 -10 8 68 -35 53 -74 6 100 -9 75 64 -4 -17 -94 -32 99 -6 13 -37 -60 -57 -24 23 -64 -89 -89 -5 68 -10 63 33 -41 28 11 29 0 -35 45 49 -93 54 16 29 24 100 54 7 33 96 60 -30 19 20 -51 26 -63 77 94 24 53 -52 40 20 62 44 -99 63 64 -76 12 -46 97 44 -3 -20 60 52 -63
-72 -57 -72 64 -97 -97 -86 26 -74 -24 4 -23 26 -4 -31 -46 -64 -78 -51 -98 -81 74 86 28 8 -59 5 -49 34 58 9 67 -83 59 -68 -77 -64 56 71 73 -67 20 41 -55 -44 38 12 94 -70 46 -71 -65 -65 81 -92 56 76 60 -47 59 27 38 -4 -56 44 5 11 45 -15 -88 -90 -19 83 23 45 -59 34 68 70 39 -17 -21 -7 -45 27 53 4 -74 100 -21 60 -26 -46 2 -74 13 -97 27 -83 78 -44 46 -21 94 -16 78 -45 -29 -72 -74 89 -85 27 -59 -18 14 45 -94 59 -63 0 68 67 -32 -66 87 34 -96 19 69 33 -58 17 17 -36 -63 -82 64 -80 -48 54 -97 -73 15 -77 66 12 24 32 50 -21 -24 98 -21 -50 -81 32 -10 49 -50 20 84 37 93 43 25 -13 -89 92 -52 77 -26 -25 79 35 -49 16 -52 -45 -1 44 -89 -50 65 50 66 30 -19 4 41 16 -95 18 7 -50 -72 -15 37 79 73 16 -85 -23 -29 42 -83 81 -66 -35 -73 -29 50 68 -82 93 12 28 -68 -87 -63 -43 90 -48 80 50 -10 -86 -57 18 -50 97 -86 100 -20 -16 -27 -8 -89 68 10 -89 80 -79 -1 47 -27 45 -37 52 -61 11 -80 -23 86 95 70 50 -95 88 -17 -11 63 -76 46 97 47 1 70 -59 -64 86 -28 -53 -87 -96 74 -16 81 23 51 57 67 -22 -77 -70 -32 -65 -80 -46 -6 -48 10 13 -79 100 -74 29 -43 -70 91 -61 0 42 70 6 -65 -64 -34 -38 12 63 -63 32 -41 34 -19 -8 -11 -74 -61 -99 -99 -45 75 -9 -44 -79 95 38 15 -33 -70 -43 20 -93 51 -15 -89 98 -32 -63 18 32 66 14 -40 -51 78 29 29 -53 -66 24 75 75 -80 -93 -42 -12 14 -57 -86 -37 2 39 2 -44 -41 85 90 58 24 25 90 24 43 75 -81 -74 55 84 -78 94 -96 -45 2 17 22 -85 3 83 35 -27 61 53 -34 82 -29 100 20 37 12 99 -42 -32 96 100 69 -11 73 74 -82 -4 99 -9 -20 81 44 74 6 -84 75 38 -97 30 20 -58 1 -39 43 64 -44 -65 -99 15 -38 46 53 35 61 -74 0 66 82 89 80 -48 -11 -54 -6 15 14 44 -91 -88 -83 -56 5 -97 1 -88 -83 39 -17 11 -2 91 3 -19 15 27 40 -36 53 -2 96 -49 -31 68 -1 11 -80 6 -54 -95 -61 -82 31 38 -63 -12 40 31 -51 95 -69 -65 -19 12 48
-20 -14 19 39 55 58 -39 26 53 -31 5 60 90 76 -84 -61 83 -5 -46 -4 96 -68 -96 -6 -57 -52 38 -7 -95 -28 58 -7 -6 50 -27 66 -44 -36 79 -31 50 -46 12 57 -88 71 13 -15 -45 37 36 9 93 21 -61 -7 -10 -15 10 62 -17 8 -51 -94 79 -38 64 80 35 28 -27 -74 68 50 20 1 -45 39 48 93 -62 -7 -54 -18 -50 -46 62 -49 57 35 10 57 -36 -14 41 -58 -86 38 -78 -90 -11 -74 -58 6 30 98 -29 -20 -65 -44 -3 -26 42 -61 -21 62 -36 97 81 -64 38 82 87 -55 1 61 24 -99 -79 -38 34 87 -24 -67 18 55 5 100 53 -96 51 9 59 -64 33 -33 -46 11 -27 75 -76 88 18 58 54 49 61 -84 39 12 37 -93 59 76 -75 -39 86 -16 72 -8 -66 48 16 67 63 -64 -19 40 28 27 -10 -88 68 94 61 43 -24 -32 -41 47 -99 100 13 83 -94 20 22 -15 -9 25 -33 56 -68 -72 60 97 -31 -5 15 57 -57 -98 -59 59 50 -45 -58 24 -45 13 -90 -55 46 17 10 -3 36 -92 -83 65 24 -1 1 56 69 -41 53 34 -38 -98 26 26 31 -30 8 -30 -23 51 -94 -53 16 17 51 87 97 100 86 48 -73 -71 -30 -19 73 35 -27 80 -74 94 0 45 6 -81 -48 -28 -98 49 49 -5 -62 -48 -72 -40 87 -71 1 22 -49 -66 -87 62 87 100 69 75 -56 -33 -51 -39 -5 50 60 -38 -36 -74 47 -42 44 10 26 58 99 30 -76 28 -94 83 42 -96 -2 -16 -91 72 18 92 -44 34 -82 -83 57 -38 -57 -40 90 -8 93 -98 -61 11 -64 34 7 -91 -83 15 52 -45 67 83 -52 -52 -50 -99 -97 -37 46 22 -16 30 -55 -67 -53 -11 79 6 84 50 77 -54 -25 -78 -8 98 49 69 46 84 -31 -47 20 -71 60 -70 43 -62 -52 31 30 -27 28 -85 -43 74 -37 -74 -81 -84 68 -1 90 -64 -20 99 -54 0 -47 -82 38 -5 -85 9 49 -85 21 3 67 -71 -7 13 -72 -29 -7 95 -8 17 58 -30 48 84 96 52 -32 -43 76 -29 7 3 5 23 -55 57 65 57 80 97 -9 -37 37 -51 90 -87 13 57 -6 -22 -99 12 59 -49 92 -46 56 -51 60 -40 9 -55 27 -54 -62 23 -47 -61 20 7 47 82 12 33 -28 -43 -29 25 24 72 -11 -66 -86 91 -99 27 -86 38 84 -44 48 77 96 93 -21 41
94 31 2 97 -20 -28 29 -75 10 17 83 11 -45 -14 14 -3 23 81 39 1 44 48 -57 -21 81 -38 -29 -68 22 -70 -57 84 -4 52 -88 55 -27 4 -35 55 48 43 -1 -29 20 -8 54 52 92 16 94 -95 -45 -35 57 63 -73 4 37 -20 20 -38 -32 60 -16 75 -3 -58 78 -10 -47 8 -99 -71 -33 23 -4 -71 12 -4 77 -60 -6 50 -86 13 -87 -8 15 -15 -73 2 98 95 87 -13 59 2 -63 11 19 17 -99 -99 -94 -54 -82 65 7 -20 -66 27 8 -64 -51 -100 42 58 -17 84 -36 26 -11 68 -16 90 -71 -18 67 50 -26 73 11 60 67 88 99 59 -75 27 -18 -40 -2 -13 61 21 23 5 -16 24 -21 23 -22 40 -86 39 -84 -27 90 63 25 -89 28 -95 64 49 79 91 -15 -18 -82 -31 -98 73 14 34 -41 21 -63 -95 84 -54 36 -23 -5 -84 91 -36 -6 -99 80 -49 64 -96 34 54 -15 -17 -45 -10 -86 20 -64 29 59 40 -9 75 -100 38 86 37 8 75 82 69 -25 13 -96 3 -25 -50 -5 -53 13 23 -81 85 60 -64 93 -29 11 98 56 6 -10 -86 83 -44 34 99 68 94 21 40 -70 25 -89 -78 48 -95 41 -17 41 -6 45 99 87 -91 84 -61 -58 48 -12 20 -25 71 -1 -46 94 70 54 55 45 -46 55 -56 65 0 94 99 37 63 -29 -32 -95 86 -17 -94 85 36 -47 -39 -15 -88 -74 60 -80 -86 -82 -97 -16 -29 34 24 26 61 -59 -10 -63 96 61 -3 54 50 9 -78 -84 -99 28 5 65 -54 35 93 14 32 37 25 10 67 66 8 -66 95 23 -21 56 -56 33 82 5 -83 -20 -16 19 -76 30 -59 35 -64 -29 -60 89 -17 -62 15 -80 21 43 -58 49 -10 -75 -15 -34 -75 -54 97 55 86 21 -56 -97 -23 -18 5 73 -73 -91 92 45 95 -79 -34 59 32 22 13 -67 92 32 -49 69 81 63 16 -66 31 96 -22 94 -51 -31 55 48 -62 -30 24 -36 81 39 -87 -100 -74 35 76 -95 32 49 -57 37 -23 84 96 -25 -83 -94 80 73 -74 56 -92 13 -23 -62 61 -34 70 -91 67 -80 49 -4 -72 66 -16 -41 6 8 -80 47 82 85 91 -55 26 -94 65 -26 50 -90 100 -7 16 -92 -5 72 3 -54 -64 -54 2 54 -64 -94 -34 39 -31 12 -54 35 -54 -18 -47 -70 -86 -34 -19 -7 88 57 7 11 -34 78 -99 42 -47
5 -92 25 94 -18 -100 27 -60 94 25 -2 -100 -90 80 30 43 -59 76 49 72 -81 34 1 -76 56 -49 -35 47 51 10 35 -92 -68 75 80 94 19 -1 -58 -33 6 62 2 97 29 0 -35 -17 50 62 -67 -47 -93 51 -87 -100 64 94 88 -23 -15 7 68 41 23 52 -7 -29 65 19 70 -72 11 8 -31 -9 -73 99 -17 97 -47 -19 -95 55 90 -49 -92 -25 -75 9 -32 -67 89 39 61 1 34 67 14 60 37 88 -3 73 98 29 66 -2 79 56 63 -82 11 -79 25 -34 -58 -37 13 15 -55 46 67 61 97 -39 84 86 -53 21 42 -22 -42 -61 -97 -31 14 48 -100 26 4 -62 67 26 -48 -98 -2 -56 48 39 99 -9 17 -59 -35 -52 75 -68 89 11 -15 30 33 -96 81 -35 -50 87 -9 66 -29 68 41 45 32 -93 100 -26 -84 -85 24 -61 47 -80 -100 -72 -16 14 26 25 -16 -43 -22 -39 -72 81 74 -7 -42 75 -24 -10 1 7 -96 83 49 -98 15 62 -6 18 37 84 -29 28 -9 -1 51 -25 -86 -37 -33 -95 67 -72 -50 -45 93 -15 74 54 81 -33 49 -4 26 -13 -65 72 -7 91 -60 77 -51 87 -36 75 -89 -7 -58 -1 -98 41 77 -65 93 -84 73 57 60 -82 36 32 -71 -9 -51 3 -72 -5 -83 -25 -94 -81 64 71 73 -87 -3 64 11 -96 -73 -29 37 -51 -52 1 17 -58 -1 -93 89 -31 -57 -66 70 98 66 -96 5 0 -71 -9 12 -35 1 -23 71 -9 -49 -33 -27 85 26 -98 75 72 47 93 97 6 -35 30 -69 -35 -28 -55 31 -80 -15 6 -90 -86 -95 34 97 -43 -57 -82 18 95 87 3 49 -43 73 45 -28 -61 33 -97 -49 29 47 -98 -23 31 -91 -61 -20 -53 -62 -79 -86 23 2 -41 -70 -59 83 -66 59 26 70 -25 -19 82 19 40 0 -100 -90 -26 -11 -22 83 -100 12 -24 64 32 -19 -31 -48 -92 32 13 -95 -65 -93 83 73 85 48 54 -5 -56 78 32 -1 96 -49 -77 -26 -36 -76 -22 -63 2 27 -33 -67 84 81 -11 31 -28 -29 -78 -30 -64 82 -47 -39 10 -47 -95 51 -65 -35 30 -57 -10 47 -95 -49 19 92 -51 17 56 -21 21 -65 27 17 100 90 -58 -91 24 22 92 20 -8 17 53 80 -69 31 46 23 -37 -68 -57 25 99 44 -84 62 60 90 54 19 -74 -8 -38 48 89 -6 -14 62 28 -27 12 -64 7 41 69
33 -93 -52 41 8 89 90 -5 60 28 -58 -32 6 58 -91 34 80 -77 -65 26 99 -35 6 -100 -33 -78 -51 3 33 -65 -1 66 -60 71 -87 -15 -63 -39 -67 47 -43 75 -14 68 -5 53 20 50 57 40 28 90 -93 -65 99 -10 3 -79 -61 10 89 -84 -12 -29 33 -84 -71 -31 53 74 -67 11 -99 -12 28 65 45 -45 -68 -52 60 -70 -26 -24 37 -17 46 -8 14 -13 -82 76 -78 -68 7 0 -59 81 -37 -58 -100 -98 -83 -82 -45 -17 -34 -87 13 -86 30 2 -46 71 -49 41 35 -42 -69 -66 97 -29 16 -24 -89 85 -38 75 -21 71 -34 16 19 86 5 -10 82 -62 99 -94 -43 88 -26 -85 -61 -58 -86 21 37 14 -44 59 77 -20 80 -74 -91 73 76 -37 4 -90 46 66 40 82 68 -25 74 -7 16 38 49 -36 -40 -29 35 -97 52 -27 -74 -87 51 95 -10 98 -94 87 -34 -40 -10 -66 -92 59 -50 -28 -89 71 11 -33 38 -29 -63 75 72 -98 -100 77 4 -97 78 -28 83 -75 -26 -73 -61 -12 -8 -97 -29 75 97 81 -96 44 -42 74 -12 50 -77 39 -89 -47 -52 -23 64 -27 -27 -56 30 76 58 73 -64 -98 33 -74 -20 -86 63 -27 -57 -18 -22 74 -31 -54 -6 -75 29 -48 -62 -94 22 38 17 -84 8 -11 75 -71 -12 -15 -63 -39 50 -38 -84 -74 55 -31 -64 -68 2 93 60 -25 97 -28 27 61 11 -96 -40 -50 72 -40 41 -45 50 -85 -93 -65 73 -57 69 24 -6 -31 95 96 92 53 -44 -91 84 17 -54 7 91 -80 11 -11 -28 -24 -9 -5 -50 72 54 -25 44 9 35 -95 -35 -25 19 60 61 -65 23 -7 -61 -83 -44 -77 76 -15 -47 83 -3 73 -18 -45 24 26 -13 87 -66 -65 15 -99 -15 32 65 -11 -21 -15 -78 -91 42 8 -87 -62 -62 -86 -84 -4 -11 91 -87 -82 -45 -2 64 36 -44 -77 -17 -17 -15 -29 34 -92 -59 61 50 51 -46 88 96 -84 30 -22 52 -100 50 26 45 60 97 -57 -95 49 95 45 -31 31 40 63 11 -70 -38 58 -94 96 -79 93 70 0 99 -49 -86 -56 72 60 92 -82 41 -13 96 23 -54 -4 63 82 27 -97 44 -96 -42 -18 77 55 54 1 17 18 14 -14 -15 6 -15 -13 -75 95 4 76 -78 -95 -29 -78 -15 86 -2 82 -22 43 -14 -42 89 74 75 -20 -2 95 -61 74 -30 62 -62 -19 100 70 -46 -24 5 16
-1 -37 -22 -20 -36 93 -57 26 100 72 59 19 81 43 37 -56 -29 -12 58 17 42 67 -70 56 -7 37 -5 16 78 68 13 -71 -34 9 -73 -58 82 64 29 -55 51 -78 -50 88 -20 -53 -95 -98 86 -62 17 74 -48 0 71 -29 33 43 -54 -40 -93 -43 -6 49 64 14 -37 72 48 28 46 72 17 -70 30 -91 -8 -23 -83 25 -9 18 100 -86 -82 -18 54 37 -81 83 28 -6 66 -60 -4 -23 79 -58 20 76 55 93 -41 35 34 11 -71 69 3 -10 -36 -61 -42 -80 -79 4 96 67 -21 58 -77 10 -79 -17 97 -39 -51 75 -84 82 7 -40 4 -19 35 14 40 -17 48 1 -86 86 -28 -62 75 87 -29 -1 47 -97 53 -95 47 59 7 81 22 -97 -30 2 42 -78 63 -80 -57 27 30 -60 69 4 -98 69 14 44 77 49 -52 -49 -11 -22 -3 -29 -79 72 33 12 77 66 52 -82 17 38 28 11 -9 -35 -56 12 -83 23 8 -90 -98 -6 -41 36 88 -25 -24 -31 -20 -93 61 63 79 0 37 -68 -95 27 80 87 -48 -62 -91 34 -92 58 -65 -81 -25 94 -71 21 70 -54 -64 -19 -70 15 -100 42 -39 58 85 13 -50 99 -78 52 -18 -6 -43 60 -89 57 46 -74 6 18 8 56 -44 42 -33 24 67 85 -44 -90 -60 -57 -63 -17 49 36 80 39 -80 -64 -42 36 76 8 -53 70 -72 -43 -95 21 -36 -32 89 -86 -30 77 34 -37 -56 -48 49 -40 -4 36 -12 77 -80 45 65 -50 -75 73 -52 -29 44 36 26 -55 -41 13 77 68 -68 18 2 71 3 -86 5 -71 53 53 14 60 -32 96 42 -79 47 22 -2 77 24 99 50 54 0 18 -3 33 78 -65 92 -56 -35 79 -89 81 -37 -86 -16 -60 32 65 -49 -40 -84 36 -55 82 -2 -26 71 -42 -49 56 98 -6 28 -64 -69 90 14 30 1 52 -53 35 -20 92 -15 72 44 10 -22 -80 -70 -8 93 -63 -40 -69 24 -75 94 -81 27 67 56 -41 96 -11 -30 -67 27 42 -92 95 -40 -90 9 -26 89 -91 90 72 59 -95 83 -14 31 -45 73 -19 -2 -45 -45 -10 -60 29 -58 -89 -29 7 -100 -48 -61 -11 43 -94 -71 -63 20 -44 -66 87 -3 58 -71 60 90 -11 -6 -98 -88 -94 61 10 45 75 83 -13 99 -86 -46 -89 -29 -54 73 -10 -31 -17 76 -61 -17 55 -43 31 0 -99 65 11 -35 89 88 46 -28 12 -55 -79
4 85 -91 -83 98 2 -24 68 -69 79 -41 -94 61 67 -96 -40 -20 -47 87 5 -50 57 -5 40 -42 -62 94 52 -54 85 -61 37 -52 -64 5 -25 -76 -29 -52 8 56 82 -34 -62 56 87 -85 98 100 81 -90 -33 -63 72 -40 19 -48 -25 -32 4 -58 57 -43 32 70 -23 -26 24 -60 78 87 -91 54 -69 7 91 26 -44 -34 2 -87 -51 61 -87 64 -4 -21 65 87 60 -55 67 10 63 -8 -86 -47 -91 21 87 15 -93 66 90 23 -21 -17 98 -25 -69 -78 -1 -40 -83 -7 63 19 -91 -48 7 48 21 -71 90 73 30 -83 -46 -45 51 74 -45 66 72 -31 -37 29 39 -18 28 -21 -40 -59 -25 67 -16 -5 29 -38 -19 -54 11 -40 5 51 -13 -81 -58 -10 22 95 57 40 98 3 63 70 3 -47 18 -17 -63 100 -44 25 11 -79 11 42 -8 -41 -65 -9 29 -12 37 -2 91 71 36 -89 -52 -2 83 -79 42 -71 -93 -7 -56 -7 -49 -73 66 59 69 -6 -66 87 -46 -42 -68 75 -49 -15 89 57 96 54 -79 -3 45 -26 -35 43 -24 88 -43 -94 48 -91 -49 100 38 19 7 96 -75 59 -20 -85 10 96 68 -98 -58 -3 81 62 37 25 -72 24 68 29 91 -24 -76 -26 -7 -61 -92 -54 -7 -97 0 -17 78 53 38 -45 -8 -69 23 36 -16 -60 61 -35 62 -68 -39 56 -21 21 -63 90 -5 46 -50 -86 18 56 0 80 -15 2 -47 -26 -68 -73 -56 -46 -85 30 -50 11 -75 -4 -23 -25 -32 66 29 17 31 79 40 53 -57 67 -75 -37 85 -98 45 4 16 -19 -40 88 -75 -25 50 -59 5 -51 4 75 -60 68 80 -99 -46 43 58 -25 23 -51 -9 64 64 -82 -40 -20 18 23 1 -71 21 93 -17 2 82 36 43 52 -23 -84 64 -27 7 9 47 98 58 16 -84 85 -48 -82 92 14 84 23 59 -58 -13 -84 9 -85 41 -67 73 13 -51 15 -83 62 -6 -85 22 -84 -97 -83 -87 5 29 74 1 -59 43 -99 0 59 -27 13 -15 -59 -68 73 -70 28 40 32 -23 76 92 98 51 -95 -36 48 19 50 -61 -79 80 39 -29 -98 -52 56 25 50 -91 25 -98 -62 -18 62 -2 65 29 -52 96 -65 -66 -51 -36 88 -67 -80 -46 13 -99 78 -7 -66 98 68 95 -81 31 78 0 -11 58 46 95 -61 3 30 82 -48 19 -84 -59 17 -19 96 -92 -26 -55 -2 15 67 -20 -30 53
12 82 -8 -10 30 52 -76 -86 -48 98 -5 -5 -10 14 -89 3 -56 -70 35 54 72 -71 23 -99 86 78 -84 -85 -27 -12 89 -11 -80 48 21 73 -8 -69 -80 -5 52 -30 -70 -42 -73 -3 10 6 -18 -92 -50 25 -77 67 95 12 82 43 -40 -5 -40 -10 -53 59 82 -91 16 -8 -46 3 75 36 -2 50 -58 81 -9 -28 -61 -54 -37 -80 31 -3 89 -15 80 23 51 -83 21 -57 44 45 -91 -74 8 0 -60 21 65 48 65 -75 -25 -70 70 46 -38 -45 16 98 -6 -89 -89 67 -93 -72 -32 18 -78 43 68 -84 -28 72 10 -90 79 1 -13 93 52 -16 -96 54 -24 62 -86 23 -63 -47 -20 -50 96 24 -100 -76 -61 98 -30 -67 73 16 50 -21 51 7 3 -44 -65 41 10 -38 69 -75 -66 84 65 69 -78 56 18 -42 3 83 -12 59 96 -87 -51 -73 55 -78 33 -61 -26 94 5 29 -93 99 -7 91 31 -40 -99 -56 51 -100 -30 15 9 71 -99 36 -81 -85 88 -57 -59 -16 34 -13 -84 -69 -87 58 44 11 -87 61 13 -36 13 -37 40 -96 -66 95 40 -22 -71 -70 -5 55 50 66 -61 -88 -80 -43 73 19 -44 12 -95 10 -68 -2 100 -92 7 -11 -47 47 -52 96 97 48 35 -87 -49 10 -19 -92 77 70 -74 73 45 17 -46 -27 -62 13 22 55 67 -24 40 15 63 82 -74 -93 -64 100 -1 -67 12 -55 -80 -99 93 87 -22 62 -48 -57 100 -90 -31 6 93 -41 85 -67 7 7 51 59 1 59 83 -67 -20 53 99 0 -39 31 -54 66 -41 32 -59 -8 57 -64 13 -71 73 -58 -85 64 -32 -4 -15 -82 -88 -51 -3 -58 12 -79 81 -24 96 -55 42 -83 -76 -56 -94 94 -77 47 5 -52 13 98 -95 -19 45 -77 -80 -20 -68 37 -26 -41 97 -83 -90 -13 76 -91 -52 -99 -15 -46 -73 36 -39 -38 4 37 62 87 18 -100 14 -47 -61 -82 -32 14 -5 -15 -58 70 99 -15 -94 92 81 -2 -3 -55 -15 -58 -86 -91 -26 -31 39 -25 17 -46 -58 -50 -1 -83 -98 -73 82 87 -22 -60 -74 80 -29 63 -96 -45 41 -47 -33 -14 0 8 82 -95 91 -12 -62 -85 -3 -87 -17 74 66 -82 -93 96 -100 18 -64 41 44 90 -88 -69 88 92 -78 64 3 40 38 -89 -4 -8 6 52 64 4 37 9 65 -98 -53 0 -65 -27 70 -91 49 -49 -52 28 -94 70 78 71 -19 -39 -41 26
-65 -9 -81 42 92 0 24 -46 -93 75 42 -39 -49 -84 22 -90 34 -41 30 66 -47 -23 83 66 -5 -65 -16 -6 -54 15 57 45 -51 59 -71 -39 33 -13 7 -22 82 44 -100 8 -91 -86 22 -100 -18 -28 -82 -23 -26 -36 -65 86 -26 -85 -4 71 -82 24 -51 -43 64 -40 -82 -28 13 -14 84 66 10 55 25 89 -15 -10 20 -67 14 -24 -7 -27 83 -49 2 -82 44 -89 41 -94 39 82 -34 -36 54 23 -55 -50 -86 100 94 52 55 -1 -53 58 26 68 -68 88 24 -44 97 41 -98 -99 -60 82 60 8 -82 39 -29 68 1 6 58 72 -85 28 86 -27 -35 36 39 75 38 98 -13 55 29 -47 28 1 -75 86 -79 94 -13 -79 -40 20 41 -96 -76 -7 97 30 15 -37 27 -11 -50 69 5 6 74 62 95 86 41 -72 -42 -30 52 100 -12 36 -55 -17 -36 -27 43 -63 76 55 28 -13 44 5 -19 54 6 42 -23 -16 76 -77 -88 -27 -81 -6 96 -6 -7 93 -17 -77 93 -51 49 -49 -26 -76 -5 12 96 83 -20 -62 -15 42 -89 -83 -57 29 -42 -76 -35 24 81 -95 53 68 -63 -26 37 83 40 -47 83 90 -53 55 37 -32 -52 -93 45 96 -86 -39 -37 69 -54 -43 -54 18 -82 -98 -71 47 -69 -57 68 -75 68 -23 -80 -46 28 7 -39 43 -60 -39 16 -78 -77 100 51 44 -13 -91 -28 -56 -52 74 -33 -28 -37 -19 -34 41 -19 -34 75 87 -62 24 77 21 67 -100 -42 39 -25 -86 25 -75 52 81 85 -53 23 96 -40 -56 -95 70 20 3 49 -51 -65 -3 38 -8 -32 96 -14 29 49 -38 32 -10 -25 70 95 -50 90 -68 60 23 -42 16 47 98 25 17 92 -29 -51 63 80 -64 11 7 32 -71 -94 -73 -86 -79 -36 -25 89 -72 66 -13 -37 71 -14 34 68 -12 -54 65 34 25 -74 87 -97 -55 -29 -92 -13 41 23 9 69 -90 61 46 -21 72 6 42 83 58 89 -88 19 -80 -61 57 -9 23 -20 -84 -97 14 -73 5 90 -30 96 26 53 81 93 -4 -11 52 -14 -57 31 17 64 55 91 -65 -97 48 -65 -22 -85 -81 26 -85 -46 21 -60 32 -71 -34 50 -20 -100 -80 89 -44 95 41 -21 73 -60 18 85 -88 -37 -20 26 -49 2 -45 8 -73 -34 9 -19 9 42 61 -16 4 -21 -54 -98 10 -18 4 79 -7 -3 75 77 56 93 -34 57 -54 -18 -73 -1 -30 96 17
-55 -100 54 38 40 87 -47 -15 -38 -66 47 -72 -61 6 -11 29 -28 31 -31 36 92 32 -16 61 -93 37 63 56 7 77 97 -5 -98 56 -80 -33 64 96 44 -51 54 -91 -70 -29 -13 -52 29 25 -90 57 -95 -44 -21 1 36 59 -82 37 -5 87 -69 8 -76 86 17 -61 -71 -17 -67 -84 53 33 51 98 -98 -66 -89 31 51 42 -53 73 9 46 -70 -71 1 -30 59 36 -26 -8 22 56 94 76 -27 -72 -74 45 -32 -30 -16 14 42 -37 -1 -27 18 50 -24 -45 -91 -13 52 -93 85 22 -32 -14 -30 52 -47 18 -11 10 78 -73 -92 -40 23 71 61 -61 -19 66 61 86 -21 -96 24 -61 -10 -65 16 58 84 -25 51 -22 -50 -15 -46 -38 -41 -20 85 -47 43 30 -45 -97 16 35 90 -6 94 22 67 98 -66 94 -89 18 16 89 73 27 81 -34 79 22 5 -63 35 -71 -11 79 -99 -41 40 8 -49 -96 -5 75 -1 49 8 24 88 68 -87 -77 -84 32 76 -81 -18 7 -40 -60 57 -41 -53 -77 -72 -68 64 9 -83 -76 31 -35 38 -62 -91 -7 -47 -4 11 -77 -47 77 19 13 -34 69 50 -56 -16 -86 3 -66 -48 -12 -53 63 -41 92 20 60 -100 59 14 -83 21 100 40 42 65 3 75 -69 67 -94 76 -82 -37 24 -69 75 -55 -8 52 41 -41 13 -66 46 -68 32 -77 96 63 -71 -61 -12 82 88 -52 -4 -51 86 -64 82 -34 -50 72 33 -61 41 87 27 -63 -41 -69 71 34 -56 -40 -15 56 90 15 -59 27 -77 38 39 14 56 -21 40 -65 -47 -3 -67 61 -21 -83 27 -74 69 13 -76 34 -28 -29 83 73 -61 -94 -34 -56 -46 22 -70 55 -22 94 -38 -72 35 -78 -4 -30 -97 -72 -47 -3 -28 -59 -19 -36 31 68 12 73 85 -34 -43 -81 -9 -17 40 20 -26 45 -73 20 -39 -36 -49 0 24 97 32 -60 -5 37 -76 72 41 -81 -72 96 -60 10 31 -90 -1 -78 -4 66 -83 -44 1 -27 8 87 -27 -67 -61 -68 4 78 -29 -11 -44 -22 100 81 -35 63 -76 -11 -30 81 23 -5 85 -15 -87 -56 7 -71 6 -48 38 54 -27 63 -62 -77 54 -36 -50 89 -82 78 89 45 -52 -91 29 -61 -15 -70 -4 -91 -2 36 -74 -51 88 -52 -94 -69 -47 -88 52 30 96 -49 -73 -5 6 -14 -12 69 -79 -60 61 17 -65 -83 66 55 -12 -34 -35 -61 99 -16 42 76 44 4 -29
-25 -23 55 -83 35 51 -69 95 -69 -19 -48 61 61 86 67 45 87 69 62 66 -55 45 -87 -46 -2 31 -84 76 100 -43 -94 79 40 -26 42 71 72 9 19 46 13 -74 64 -59 94 3 54 15 -93 42 -66 -74 -58 -38 30 15 -2 77 31 68 -97 -65 -73 54 -80 -78 -21 18 -33 10 74 -61 -26 -54 -55 74 -68 -78 -11 -30 61 -7 14 -2 88 -30 -60 66 65 47 -85 -47 10 -19 -66 87 -69 -89 91 6 0 86 -2 33 -31 -68 81 5 -38 -9 12 87 -25 15 30 27 -80 59 -5 -50 -12 84 80 60 -99 -68 -68 -42 -17 -46 -56 -95 72 -100 -43 97 88 15 31 -63 -73 2 -26 85 85 60 63 -82 18 -34 -80 85 -31 -24 -37 14 -93 -50 -47 -62 -24 92 -32 -54 -22 -15 -51 55 71 -41 -95 49 -71 -60 84 -43 -79 -7 54 -34 -18 -92 -60 70 -43 -94 -53 -54 -72 -56 0 -33 -71 67 11 76 -61 64 -72 11 6 6 1 70 -25 53 69 -15 -30 56 42 82 17 77 37 -54 40 77 -32 -48 -50 5 -49 6 39 -19 27 -44 -54 -67 25 50 -10 29 37 17 27 -64 -31 31 -28 83 -87 63 42 -15 28 -20 10 77 -68 90 -6 -45 96 28 -57 -76 -86 -28 67 83 47 92 -60 -57 31 -9 -42 -72 -49 18 -55 -18 0 -65 -25 -88 99 50 82 42 33 -92 82 -90 -83 20 -77 -16 51 -99 59 50 92 26 61 -13 38 49 75 -11 18 -17 -66 -81 -46 -84 7 58 52 29 49 92 62 33 -19 -34 -8 52 -27 50 -56 -46 27 39 -23 94 89 85 -80 -89 -13 79 -71 -2 98 -50 -13 83 16 69 -77 -10 59 -36 -55 -90 -36 9 74 82 -84 -84 -24 45 37 98 50 1 50 -77 30 -26 94 -21 19 -66 -3 18 -45 -66 -71 45 36 -96 -90 58 -83 33 22 98 -45 -76 -54 -22 91 75 -94 11 -21 28 32 17 7 -74 -77 -78 27 100 33 -76 83 -27 46 13 -1 -12 41 -13 -44 100 -43 -31 -21 36 -15 -11 32 56 75 69 -55 87 -53 52 -74 -52 57 -34 -68 79 58 -15 -70 37 73 -29 -52 -2 38 25 2 -58 77 91 -61 28 53 -33 -29 33 43 100 31 -64 -70 73 -7 39 96 87 -79 -19 -3 -94 -73 -12 47 36 -58 41 83 -83 -48 -91 91 89 9 8 -49 -72 -60 -2 96 -93 -95 -57 72 94 34 -21 -46 -100 79 -29 -77 -11 100 -90
30 -34 -34 -79 -93 8 84 38 -18 35 65 80 -34 -40 -32 66 -77 57 -66 32 17 -78 -95 23 41 -72 0 -59 76 -40 -81 16 -17 -3 -81 -96 -26 -71 42 -11 35 -5 -61 -87 -45 30 -13 -69 74 18 -16 -4 76 4 8 -86 3 44 59 -95 74 71 23 -67 1 -40 -88 19 15 46 -63 26 1 15 -27 76 57 -64 80 92 38 35 -73 70 -51 20 -86 48 51 84 28 -61 -5 -12 -25 -30 60 11 -22 9 -13 41 62 98 -60 3 78 28 36 -38 37 -11 59 96 46 58 86 39 -75 1 94 54 -13 -12 -64 6 -90 81 49 40 -86 71 -61 -46 -80 -61 3 33 -27 -32 -23 25 -48 66 31 -44 -7 75 -91 -21 84 -41 88 85 -54 -63 96 14 98 -17 -75 -15 -12 -37 -82 -73 -77 -85 -45 20 -55 85 41 80 -88 81 -39 10 -23 42 57 46 -35 44 -93 59 -82 94 -37 -47 70 -84 88 92 52 -32 50 42 61 -90 -89 94 66 80 81 -80 49 56 51 -31 35 -42 -82 26 96 -67 4 -82 12 90 -36 -22 -83 38 12 -33 0 -90 88 3 -32 -70 -5 40 -100 -69 84 61 63 2 93 -24 44 -35 96 -23 10 -70 -78 -41 97 -98 -13 -35 7 38 51 -55 -22 -1 0 -85 39 -6 81 -13 92 -41 -66 -33 -39 -97 -29 45 3 9 -86 -59 10 89 -23 -7 69 -49 -14 55 48 18 -85 -100 89 73 -13 -36 71 -65 47 -56 81 28 15 48 59 98 73 -44 61 -53 -52 18 -30 71 90 53 -80 38 93 -4 -96 72 -27 -85 -70 74 -51 8 -44 -91 34 26 -54 47 -66 50 -41 13 -53 -95 -91 25 -63 -82 -33 -78 67 66 -16 -55 82 -33 -47 -25 -34 -86 -36 -65 -71 34 63 -52 22 -84 -81 17 40 -50 55 91 83 37 -6 26 -21 52 37 -19 0 89 -97 58 -71 -85 -8 -13 -22 66 -22 -22 24 27 -15 84 15 -89 -60 29 91 30 92 41 -98 -7 52 23 64 88 95 43 36 -10 -33 14 -53 -23 4 -28 17 71 -66 -100 82 51 64 16 71 77 82 -74 34 -76 67 -38 -23 -71 -22 -77 -55 57 87 91 -62 -77 23 -69 -56 -16 12 -29 61 -55 -81 35 -2 79 90 -59 -15 -70 100 97 20 -45 82 20 -13 74 -69 -77 98 96 -47 -88 42 -47 -89 85 -7 53 -12 1 88 -84 0 -56 98 55 -12 -33 2 -4 -51 82 -63 -63 -40 76 -8 -57 36 8
10 12 77 -17 7 -31 -84 30 -24 64 10 29 -16 75 61 90 80 56 -19 5 74 65 14 -17 85 -34 -92 -52 22 -24 40 21 -58 73 66 90 -18 89 -57 54 60 -90 -98 5 99 -82 11 -96 96 -44 -38 96 44 -60 -53 2 -71 -4 -34 91 32 74 65 -62 -90 92 47 92 -66 -5 -66 38 66 -73 -100 14 -24 86 60 -56 1 12 51 -31 28 72 45 -86 -15 -92 -4 30 -75 -82 73 2 83 -9 90 -64 -69 57 72 -17 90 -53 16 -40 -17 -37 -25 -33 96 -89 -30 -74 90 -9 4 -93 -79 -92 15 16 -89 -17 -6 -78 20 85 -26 46 3 8 -44 -80 -94 -14 27 68 69 -69 -63 55 31 -100 -95 -23 92 -6 43 -88 -94 -79 71 -81 -65 15 -85 35 -48 -83 -55 -32 12 90 62 74 -94 -63 -86 1 51 98 61 -63 -29 5 -41 9 96 52 -97 -43 55 5 -16 27 -19 -37 75 -5 37 -87 -23 -25 -3 -7 -92 -95 -30 -42 -67 10 -58 35 98 49 -43 49 92 63 15 -46 -87 -80 0 -24 52 0 -12 -78 -38 -63 40 87 96 -68 -17 -79 58 -51 81 72 -44 19 85 94 25 -46 -50 -76 52 -89 85 52 -94 -100 -82 -51 73 -27 24 20 56 -70 -24 -1 -58 -79 -56 13 70 -72 -37 -87 -81 -65 48 25 66 40 85 83 -23 76 67 60 21 -2 27 45 27 61 74 52 -26 67 -22 -82 30 -51 -24 -84 -72 80 -99 49 -18 74 94 98 14 -60 -84 82 7 47 75 -46 -72 16 49 25 96 -96 -20 -13 78 -62 13 -68 -87 -27 59 10 48 -94 82 12 11 -88 86 -21 66 -62 59 -80 -15 -47 -63 0 35 11 -8 -74 -53 -71 -78 -69 9 87 -10 8 -100 22 72 25 -57 10 -15 60 72 25 85 17 -54 51 -54 72 3 27 -8 -73 9 9 12 -35 -63 5 -2 52 -17 -48 -6 33 94 34 -86 -96 -11 16 -78 57 -76 40 89 -60 31 -100 12 70 69 -77 -50 -30 -53 -90 -89 95 88 -5 -93 -37 -92 -66 -8 19 43 94 15 -58 -46 -97 79 -56 -71 -18 -71 74 -79 -7 68 -96 9 65 -38 31 -76 64 84 -78 32 -63 63 33 99 -64 25 -14 -11 96 30 82 16 -96 49 -90 39 -15 -93 -54 -34 82 37 -89 -96 11 58 34 40 -39 -25 -66 77 -4 53 17 -54 48 48 -98 79 77 -52 -9 -74 -76 58 83 91 68 100 -51 -18 33 99 96 35 -53
-96 -26 42 -91 -71 -49 80 53 25 -43 -66 17 -74 97 24 -83 8 -47 47 82 -33 -23 26 -73 -31 -35 40 42 -13 46 22 0 -34 -15 -87 30 10 4 25 78 29 -79 99 -63 -93 -52 94 99 -75 58 42 -42 98 -59 37 71 10 68 2 -29 -46 -66 -29 -46 -85 55 -99 -88 -62 37 4 -74 -45 85 -61 12 27 -35 -23 72 33 -18 48 34 15 4 -93 16 -23 47 -77 -90 -94 -22 53 -79 -57 42 -31 28 38 -2 -40 69 2 -99 46 -89 38 37 78 -31 60 27 48 -4 70 -90 -11 11 86 -54 31 -14 22 -18 37 34 3 -21 -13 -51 76 -28 72 15 15 74 9 -44 12 2 49 41 -63 -19 42 -15 64 -20 24 63 94 -5 44 -29 -37 -32 -100 88 7 -55 -35 27 -81 -4 8 64 -68 10 -45 90 -67 14 39 36 48 -17 -75 -33 -95 -24 -83 -70 -1 27 -100 97 -14 -94 36 32 11 52 85 32 -51 74 3 -79 -31 -69 -41 99 56 25 78 12 68 8 -46 -74 -35 89 83 38 60 -11 10 -54 27 32 -15 -15 -75 -41 -16 1 83 -88 72 3 -17 -74 -27 45 -21 4 -3 -36 41 5 -61 -46 80 -6 -86 -69 13 -56 -84 -49 92 -27 -22 49 -22 17 -77 57 64 66 80 -49 -72 -24 33 -19 -3 28 22 -72 60 77 85 80 -28 19 84 44 45 -61 49 -13 37 69 77 29 -58 -100 92 62 -100 61 -31 75 48 -100 -62 79 64 90 -98 -26 0 -51 -35 -49 -44 4 -63 -66 68 -99 -29 84 23 -50 -71 92 90 -61 -50 -25 26 -38 81 -8 77 84 31 -76 -42 92 -60 -15 -39 20 21 -85 -95 63 -58 -20 -60 61 75 -64 9 -83 -45 80 87 -70 -4 46 -54 98 36 69 98 -2 -52 60 -52 -92 78 57 57 -70 4 -69 -74 -32 36 -6 19 99 39 -96 0 14 -91 55 35 -64 -24 25 -49 42 24 1 95 -19 -33 8 -52 -19 20 -16 -81 -93 -93 43 32 -20 2 17 -83 -34 3 92 -64 -95 -14 -36 94 -76 57 87 -46 15 -30 41 -64 22 -19 -6 -78 -75 -97 -62 95 -75 -67 -89 46 -51 -73 37 -55 -11 -33 -13 -58 14 -74 -89 -68 62 24 19 -35 15 50 46 5 7 -51 -59 -10 18 -51 -2 -76 98 84 10 -16 -6 81 -57 20 30 11 -83 79 -74 -67 -16 -45 82 -67 91 81 -92 77 -51 -8 -75 55 -100 -28 -27 9 38 48 70 29 -61
51 34 -36 -45 9 -49 30 -77 -81 -35 -78 -23 -74 47 68 -35 88 -54 65 -68 -52 10 -27 -78 99 -7 -1 -9 96 -40 -3 -47 24 92 97 -62 73 -55 -78 -14 -58 30 48 70 -92 -22 4 -65 -78 52 -69 89 98 93 63 11 4 -42 -34 65 -37 -21 89 -80 89 -16 79 -27 -88 -17 73 44 -29 82 80 -38 58 61 -29 22 25 54 87 -28 -100 -33 89 11 69 -67 36 77 27 -32 -68 -32 83 75 -34 -74 -60 53 -91 79 -2 36 -78 -29 -6 2 -7 49 -39 -51 10 -2 -65 49 -70 95 -73 91 -76 43 21 7 -74 86 81 16 -3 21 81 10 34 72 -56 73 -49 57 93 37 -38 88 52 -58 38 -49 -63 1 -71 87 -67 44 34 59 34 22 25 40 59 75 21 96 82 92 -69 -1 5 24 13 -44 45 -41 -41 -3 8 31 -48 -95 65 90 43 39 84 -58 -79 -74 32 -83 -37 91 -66 -14 -21 -57 -79 5 62 54 55 35 87 -99 -45 39 -78 -97 73 13 97 -10 -94 -78 82 78 19 -78 77 -54 -49 20 45 39 -66 -11 33 -53 -31 -53 77 -42 17 54 -40 -41 -17 19 -81 -69 82 -41 0 85 49 47 48 95 72 99 10 -32 -46 0 -70 69 86 -72 30 74 17 69 76 -28 -4 28 -91 3 26 -14 97 -59 -96 12 -60 -80 71 -45 41 44 -14 7 19 83 -78 -90 -54 60 27 -39 -56 21 37 76 -2 56 -91 -8 -21 -69 -79 -14 -52 13 63 32 -15 -19 50 39 91 66 -62 -31 -100 -71 -20 95 -24 94 89 -34 -91 -54 3 56 -48 34 24 -78 99 71 -3 19 -33 -38 -74 34 -77 -30 -7 -86 -16 45 66 13 3 56 64 9 -3 -72 26 16 -42 -94 33 32 -91 -88 8 -83 -25 22 2 -29 91 -68 -52 40 0 16 -13 57 81 -26 68 25 -50 -30 56 92 1 -55 -83 92 -97 60 10 -23 49 85 70 5 -93 93 -95 -18 6 -17 40 -29 71 17 78 -35 -62 30 -19 -19 -13 20 -8 -43 10 34 -41 -80 -98 30 97 -34 -28 46 38 78 28 34 74 39 -38 -65 -19 -97 -62 -91 -23 6 -4 -22 57 -32 -34 -21 -48 -47 -17 37 8 83 17 97 88 2 -37 65 -63 46 -61 73 40 -3 26 -78 -28 76 -55 -94 -86 74 48 -21 -46 -57 -11 -14 -88 45 -29 32 -12 27 -98 -92 32 -38 -18 33 95 67 90 -64 34 66 -32 13 7 90 95 -24
26 -82 -92 84 -16 73 -40 -57 -93 84 88 -77 -20 -91 -40 42 -63 -19 -83 43 -67 91 -61 -41 61 -21 6 94 -7 -52 49 -33 -44 -2 -25 27 26 87 58 -81 69 -33 -64 -57 79 99 22 13 -14 61 -65 -93 -49 -64 -42 -94 87 97 93 -17 68 -66 9 -57 -51 -34 -66 -87 11 -22 33 77 -21 45 87 -70 55 81 2 -93 -26 -13 92 -17 11 -77 -67 -5 0 -35 -52 -86 3 -49 5 -54 -96 13 -65 0 -32 75 72 -37 41 26 92 -85 20 84 -66 28 -2 59 -81 -90 -65 35 -38 -90 -93 -73 37 -85 -54 74 -39 -65 -14 60 3 80 91 -99 -86 -51 80 -1 96 87 47 58 -12 -77 -64 -93 54 -18 70 -1 -50 -58 -39 -81 -18 37 48 41 35 73 22 6 -7 59 29 -52 87 -50 -51 76 3 -84 32 97 -95 -53 96 -1 -34 -95 0 -12 34 8 71 -93 34 42 6 -37 -3 88 -65 76 -23 -86 -22 -61 14 76 -34 -71 8 67 74 -50 -82 -32 17 31 72 3 -15 77 12 66 -81 29 36 -70 28 -69 20 70 63 80 -74 23 48 15 -35 -81 -61 93 1 83 -89 45 79 -97 -60 100 -92 26 78 78 15 95 90 -11 -98 -24 87 -32 -48 38 62 91 -55 55 -15 -61 -32 -4 77 83 4 93 -92 -10 -91 47 30 -51 -91 -99 55 96 -97 17 -85 97 -48 96 83 -6 51 20 95 -94 -39 27 7 -8 -89 -55 -83 32 1 -85 -31 -2 -27 17 -83 64 -82 49 42 77 41 -61 -69 -22 45 -46 -42 -42 80 8 63 8 52 98 -60 37 25 51 -44 -78 31 -37 -98 -98 28 73 -74 97 -6 -4 88 6 -66 70 45 76 77 28 -35 87 -45 -8 66 -3 45 -65 44 25 -37 21 9 -92 79 -16 96 80 62 -25 -4 -64 -19 99 -63 87 -66 81 85 51 -89 -25 -61 -84 82 80 9 -34 -47 -19 74 -11 33 20 20 -49 35 20 92 53 72 -58 31 93 45 64 -3 -31 77 -11 -4 -64 99 -19 -71 73 -98 20 -31 -11 99 1 -79 65 81 75 -81 -47 92 -67 -82 26 -3 -81 -4 95 -43 22 41 -11 -80 -27 83 70 32 92 49 -38 18 66 -42 -19 57 42 -69 17 77 3 -5 -10 95 73 77 -27 -46 -84 -96 20 -54 48 -71 -65 89 -1 66 -33 67 -20 48 38 79 13 -3 -61 -34 -9 82 43 -18 -44 20 64 98 39 60 90 100 86 77 5 23 -89
0 49 -33 -67 29 -78 -79 37 27 -92 9 32 -1 -34 9 -19 64 16 15 95 18 34 -59 -71 -20 -71 62 -23 -91 -21 38 -53 -76 91 26 -80 95 32 62 43 -10 97 -4 29 22 -58 22 25 -35 -6 -34 13 -28 74 27 -43 -41 -91 -84 -88 73 -11 -32 -94 81 60 -32 36 45 54 -77 -9 -52 58 98 77 -41 31 -75 79 59 74 82 -35 -63 94 42 -76 -85 -99 4 -43 51 98 16 -19 22 -33 -30 3 -53 -80 8 -38 -33 -14 -27 99 -100 -10 -18 0 37 -50 68 -19 -4 56 -97 50 92 -32 -91 -70 73 -95 -57 -81 39 97 97 -2 -92 31 11 -28 -74 69 -99 -43 59 28 93 85 20 -36 -7 -97 -49 -43 -62 48 -67 11 69 -54 -81 -29 -47 -25 -41 -91 31 92 -25 29 45 -32 55 -25 69 2 -80 -12 -29 -51 18 -31 -5 59 -79 -34 50 -81 -85 97 -42 70 -63 31 -79 -86 35 19 75 84 91 -73 81 -89 43 -91 -34 51 -1 -77 100 -90 27 9 -90 -68 -40 -89 -46 -96 -46 5 10 99 61 -12 -26 -23 -81 -75 51 -68 96 -1 32 90 -21 -82 85 -87 -79 -82 98 42 6 12 -75 7 61 20 1 82 -13 -89 48 -86 -5 78 49 -31 40 -86 -75 96 -35 -16 -93 -14 -74 31 -4 87 -23 5 -99 -11 -32 90 -91 -89 86 73 -56 74 -5 28 54 -64 -13 -37 -96 16 -50 60 -92 7 -80 -56 -96 84 21 28 63 -68 14 89 40 4 -19 -23 28 -9 61 -46 89 9 44 -26 95 28 -73 -62 -50 72 -93 -29 -14 -19 82 -67 -73 30 79 -75 31 -98 -59 35 -86 -39 95 -88 29 -28 44 34 -13 73 -33 -40 61 62 97 -27 -9 -3 67 -98 -91 27 -69 -83 -58 18 28 62 39 -18 -11 -57 -70 47 -83 -88 59 36 13 38 78 68 67 81 -2 -16 -40 53 -65 -20 86 99 -33 -69 -67 -44 -53 8 -74 -87 -41 -57 66 72 -10 89 20 -54 91 97 -3 93 -64 39 -14 86 74 58 30 -1 8 60 42 -1 -93 32 -48 63 4 -17 18 63 68 -55 -15 51 0 9 -68 -49 -69 -84 58 69 -61 93 84 -17 0 35 64 -49 99 10 7 41 -88 -62 41 -56 71 -8 37 3 -73 -4 21 -62 -55 -81 -94 78 71 -58 65 -63 96 51 14 -83 -86 17 -24 20 -97 -1 -33 -10 -54 36 0 -74 26 81 38 -22 -3 16 62 33 1 16 -56 31 20 9
22 -19 -68 100 9 -7 -84 -16 -1 -74 22 28 -64 -19 22 -85 24 -62 80 94 -24 82 -69 32 -63 28 -94 26 81 -12 100 -3 -96 13 50 98 -71 -20 51 -58 -69 -93 76 -58 21 -99 -14 70 51 100 -77 13 -20 89 -4 43 -89 57 75 34 -90 11 10 70 -22 97 70 -63 -45 -71 -28 -48 11 28 -35 82 40 33 -52 -8 7 -47 88 -77 -60 -30 -83 85 87 -29 42 19 -97 -17 4 71 -59 26 54 -61 88 17 84 -11 62 82 -72 95 84 46 -74 -78 71 -47 70 7 -12 36 -83 93 35 -99 -29 47 63 -69 100 -36 10 71 81 49 28 69 -52 96 57 11 72 39 -18 35 94 -71 -42 63 -83 -77 -73 -73 64 55 -41 54 -43 71 -89 59 -84 -37 91 69 85 51 -51 40 86 -15 39 15 -29 -34 -57 -34 -99 -20 50 -15 -64 96 -44 24 15 -2 87 23 77 51 -23 33 78 45 -99 -29 -10 -45 67 -92 -26 82 -29 -51 -8 -55 -55 30 -67 -93 -52 29 -4 60 -48 -83 63 -66 -15 -90 48 -90 80 80 94 -37 21 -54 -57 45 57 -34 64 -66 41 15 -56 -29 -14 -5 -73 45 -16 2 -88 18 -7 -25 -39 19 8 -1 -59 -20 -60 -19 3 -21 59 91 18 85 -3 -96 76 25 86 21 61 73 -17 9 74 2 52 64 -58 -32 33 98 -94 -60 27 -69 -13 58 -64 82 -44 -95 -63 -91 48 77 -89 -46 73 -33 -32 24 -36 80 -75 -55 83 26 46 -43 46 -57 -91 8 -84 -62 76 90 -86 18 -6 -88 -27 92 -64 41 52 24 42 24 -19 7 -26 -43 97 71 78 45 -69 -48 -24 -46 -90 -64 81 23 -24 -4 81 50 75 12 -74 -12 27 -5 38 41 -90 16 -40 72 1 -39 -73 37 -62 -49 -29 -43 2 -49 31 2 -20 -8 -22 50 -37 -21 -80 51 23 -41 98 29 -55 51 56 13 -55 33 -52 -45 -54 -64 2 -11 -15 -3 -41 94 -57 -48 -65 -53 41 -56 54 -36 -34 -78 35 -81 -82 79 55 -6 93 74 -24 43 -34 44 -94 24 72 95 -60 83 1 32 41 -95 -94 18 -13 12 76 11 79 -51 75 54 -89 -65 25 69 26 -63 74 -4 53 -55 12 -55 -24 -23 21 73 -31 64 -70 -17 -99 -27 -78 -63 94 -51 -53 32 -32 56 -88 26 -85 100 -46 43 46 -61 -18 13 1 -84 79 -85 40 -64 -23 49 37 50 42 61 92 -5 -52 84 76 51 -56 -45
-13 82 -79 90 31 10 61 70 66 38 100 -5 13 -18 58 32 30 51 20 27 47 -90 -61 90 -17 -14 -1 -66 14 -1 44 81 -69 86 -24 29 -31 -95 -83 32 3 65 14 3 -19 66 -51 -50 -47 -9 -69 -89 41 -57 10 38 -78 -98 58 -9 22 9 -79 14 15 -64 57 -16 -13 -49 41 -40 -26 23 55 58 89 -15 -79 -80 -24 -65 -10 -99 -25 -24 97 -34 -31 -57 40 32 -70 -53 24 48 -26 -45 69 40 69 -63 66 87 36 78 -59 37 99 81 47 55 46 -5 -61 -86 -58 10 38 61 22 -86 63 -26 62 62 -50 70 84 -100 -35 15 63 -90 -61 82 80 -92 -6 85 58 2 63 -40 82 85 25 99 32 22 6 35 85 43 54 -33 -40 -12 -79 21 33 -35 -39 98 -9 -24 14 -48 -31 -25 93 20 -84 39 -37 75 -71 -70 -64 -49 -61 64 2 48 -97 73 69 -67 51 75 72 56 46 -78 41 -23 -39 -78 4 -5 88 -7 60 6 92 -52 44 4 -15 21 -52 -21 -12 20 74 2 42 9 -21 -81 39 82 -39 -68 -31 87 99 -26 34 94 98 -4 -7 -90 71 32 -80 26 25 -81 47 53 -50 -36 60 -54 -67 17 -2 19 -7 30 -26 87 94 -55 -19 -8 26 33 -73 -98 100 10 20 -4 -49 97 -67 54 32 13 -33 33 46 -53 -93 -35 -78 -51 -73 -24 80 -71 71 68 -98 52 62 23 -95 31 76 98 71 80 -8 -65 -98 -48 -42 -34 -52 -9 -16 77 -17 4 92 2 -38 -26 11 -52 36 -39 -98 50 -94 63 -96 -57 -54 -34 -92 5 -69 -11 88 51 88 36 -7 -34 -20 48 49 40 13 -1 -79 -17 63 25 38 61 -59 -65 18 96 -66 13 89 -63 49 19 -44 -19 -65 -21 -46 31 0 4 -31 95 -84 58 -83 39 53 -16 -90 -35 63 -59 34 -2 0 -35 -30 -12 -33 -54 34 -50 -67 35 -95 68 15 30 -82 46 66 -22 53 97 -44 78 8 -21 -41 66 32 5 -13 20 77 99 -27 -82 28 20 -75 85 1 -3 12 5 46 96 43 -100 -82 51 -77 -45 -94 73 2 82 20 -4 7 64 32 -76 -24 -51 -59 -75 21 -99 5 52 -96 89 98 -9 -26 -28 -87 35 82 -9 13 -74 -90 -23 -92 6 -63 19 40 8 34 42 0 -53 99 19 0 33 0 -31 -9 53 -54 11 49 26 40 -64 74 -83 -96 -83 -31 -76 -31 -20 -87 -77 -45 15 20 -30 4 29
35 -67 6 36 -12 20 55 -64 84 -35 66 12 52 61 60 56 -19 -25 42 48 -23 64 -7 -68 49 49 -10 -68 -70 29 -57 -62 -80 22 88 -29 47 -37 -11 84 84 74 -49 -36 71 -97 62 95 72 9 37 99 95 2 54 35 80 18 -92 60 25 -59 36 -7 -19 73 90 60 -7 94 -6 48 29 -67 -31 -43 70 -14 -5 -53 -73 -25 89 71 -85 -54 44 -27 -91 -4 18 -43 -65 -36 -73 8 -53 16 39 86 100 42 -73 96 69 80 29 -9 53 84 36 75 19 -76 -27 72 21 47 5 8 -47 93 -22 -52 -37 -2 -38 83 -42 -10 -1 48 -90 76 98 -63 -37 -37 71 34 95 -74 72 -79 -61 4 25 55 40 -2 97 41 23 53 -86 -16 49 -61 -4 -19 -67 12 41 84 91 15 -30 61 -1 33 27 52 15 59 7 -33 13 -90 97 -16 72 29 -44 -57 -38 -61 -92 62 -35 4 -52 -40 -69 -22 -54 -90 -83 54 -53 57 83 4 -27 -37 -72 26 20 72 -60 -26 89 -61 -25 3 23 -14 46 99 10 -59 100 49 -3 27 -65 -91 45 88 41 70 -57 -37 -69 -38 20 -10 -33 14 -74 -62 95 -72 -31 -22 -88 -23 -58 -10 28 -71 32 33 -27 13 90 90 -24 -62 -71 46 87 68 39 -88 93 55 67 -22 44 23 -24 -64 -10 -41 -9 69 -61 -96 51 -98 93 96 9 71 -85 -43 -75 -79 -83 -77 -33 79 -44 -46 46 97 -59 -43 -92 70 -98 -91 37 -49 -95 75 51 -47 84 -42 -41 31 -50 -10 3 10 94 25 -12 18 -8 43 -17 -62 66 -98 -34 57 71 57 61 -38 56 55 -1 -39 1 -71 -29 -28 -7 -39 47 -5 88 -48 -58 -1 94 8 51 -3 72 36 -81 98 87 -40 -81 59 63 -44 -59 -90 87 95 10 -50 -50 -78 78 -12 66 -59 -49 61 -60 -79 -63 -6 17 12 13 11 19 16 -61 -95 71 -12 -24 -97 -81 18 14 62 -61 -49 -62 27 34 11 -78 93 -76 91 89 36 -26 -70 0 -40 -79 3 -16 9 75 -58 80 -27 -52 27 34 13 58 64 13 -67 85 27 -76 0 -88 22 -93 19 -81 -65 95 -72 87 -12 4 27 -2 -13 -81 -61 18 -4 28 -32 79 -17 -57 96 8 -51 77 30 53 -74 76 -93 -81 -98 -70 89 -62 -7 -60 -59 -49 -76 -51 -4 64 55 51 71 58 -67 -41 51 -80 32 -95 10 44 86 35 -90 -20 -40 7 -62 71 -7 21 -17
77 84 -34 -83 -50 20 52 -46 -6 -85 -93 25 -4 29 -88 -38 91 -29 -16 -30 76 -15 -88 -43 52 -21 27 -22 -43 40 85 -63 3 95 -2 60 -44 -19 33 -45 -54 -74 -24 32 -48 -26 -13 84 28 -36 63 -97 -88 47 5 -79 -63 95 14 -28 -55 55 -46 73 -100 -87 32 9 -91 71 13 10 -60 75 22 20 -85 -100 -11 17 -24 79 49 94 97 64 -39 35 49 -45 21 58 -70 -39 -31 47 16 -44 -26 -15 -94 62 98 -13 100 29 -21 9 73 38 88 -56 -51 -49 76 -45 -81 -43 -81 85 -66 44 -24 29 -98 -93 99 -30 -32 -49 -31 -5 -20 77 35 -93 -95 -53 45 -48 -14 -99 15 5 -52 -26 -2 57 73 16 74 13 -24 -16 22 -33 -69 62 38 15 76 80 -78 -58 48 46 73 33 33 -91 16 -71 35 27 98 -61 48 -19 81 -54 -40 -88 100 74 -99 73 -48 94 -77 84 52 -100 16 47 42 -62 28 66 -59 77 80 -95 -45 96 21 55 19 29 51 68 -91 49 -14 -100 -57 -39 -9 22 72 -51 50 -98 81 -2 3 -54 -86 -19 -19 78 50 -29 -22 15 78 20 54 -72 18 84 -27 60 -77 -28 -33 25 97 -46 -4 -79 21 27 -66 68 -68 -49 19 -21 -52 -14 97 22 10 16 1 83 82 -44 89 -79 -99 17 81 51 47 52 -70 -26 32 -83 54 54 -93 100 -23 -45 -32 33 5 89 11 5 16 -88 18 50 -98 31 52 52 -77 -92 60 -31 -97 -45 60 88 37 -66 -1 -41 2 46 10 -61 75 -68 72 38 -59 -55 -10 -11 -43 -28 -65 -62 -48 -36 68 63 5 -41 93 54 89 49 86 73 61 60 -56 -2 -34 -90 56 89 -62 80 -96 88 40 -94 -58 -16 -3 40 56 -93 79 69 -64 -90 -87 76 84 47 -18 -87 29 74 -52 69 -61 -85 7 2 -51 50 56 75 1 -62 66 33 -71 68 100 96 17 58 17 -17 -36 21 54 -87 -6 -25 46 -80 0 -40 -65 -81 1 45 15 -50 5 16 2 60 34 -5 87 52 -7 -98 -12 -93 -55 -52 -98 -39 60 -44 -99 -11 -77 95 14 -1 -46 -18 15 67 63 67 -37 40 -60 79 16 -70 -5 -62 -6 -3 37 -20 -47 -28 50 65 20 10 -14 -20 82 -39 -77 -64 67 34 97 99 54 20 61 5 77 -86 100 -68 43 41 64 -68 0 77 -94 -11 16 -59 39 18 20 -96 -65 67 -19 -67 -40 21 92 -84 15 31
-75 -72 32 4 -74 -47 -82 33 -11 20 -1 30 59 100 71 -49 -96 61 -7 -77 -47 -62 -84 -99 87 7 -95 -29 52 15 44 83 -72 -100 -18 50 70 -97 -62 -100 -69 -54 -59 9 -33 98 14 26 -77 51 36 -23 78 -16 -49 -9 10 29 -96 33 -64 65 -48 92 -17 -50 20 -22 -11 -72 -80 5 89 -57 38 43 0 -12 16 11 52 94 -67 -33 49 74 -16 82 -71 -37 -57 1 56 46 13 93 42 -92 77 18 51 65 -76 56 19 70 37 -95 39 80 1 39 63 -74 -5 -96 29 38 -80 -19 -97 -75 65 50 -28 -77 28 -67 92 -28 83 -48 -38 7 -95 72 -58 33 -45 52 -29 53 -77 -31 -19 11 -98 93 80 53 80 -91 -74 -78 -52 -51 -58 79 -83 53 81 -12 -6 6 -17 86 -5 -28 -63 -90 63 -69 -93 -61 -68 -38 47 42 20 -46 46 92 98 -14 -30 17 54 68 48 34 -63 81 33 -1 -13 -34 -89 -6 97 -51 45 -23 -62 -52 -86 31 -85 -67 1 -29 -6 -25 -22 97 -2 6 54 9 64 14 100 89 21 61 -8 -32 -9 15 31 62 -78 80 48 -39 -22 -43 88 47 69 51 85 45 -100 22 -28 84 -23 -27 68 -6 -13 -15 68 -84 96 58 -55 61 -44 -73 -34 -12 87 13 10 94 -15 -63 -49 -73 25 31 78 62 72 56 0 -23 31 -99 -83 79 21 -26 -34 29 20 77 22 7 -91 -57 -69 -7 -86 48 96 34 63 -50 -69 27 -40 53 61 24 -62 -50 33 7 8 -91 10 20 -43 82 96 55 41 35 -24 5 0 -82 -85 38 -60 34 -79 89 87 -17 -27 45 21 -41 -9 3 -74 83 -30 53 -14 -43 92 76 -18 -59 28 -53 14 26 43 -24 90 -68 45 -74 27 -88 -89 77 100 -27 -39 7 -63 92 -5 -71 -66 -23 -70 -44 -93 30 57 -1 13 -2 9 52 66 60 21 37 -85 -51 -45 10 -81 -38 -45 8 32 -16 33 84 -12 -78 -7 88 -13 -81 -48 -39 -82 83 -100 12 5 -96 -54 91 49 25 33 -37 23 44 -33 24 -28 -14 31 -35 -63 87 66 -13 32 37 -72 -2 -90 -23 -39 -75 -57 7 30 -76 68 -79 46 16 61 54 -41 -57 16 43 -15 -95 -8 -42 67 98 -43 2 -35 -17 -60 -78 65 -86 -73 -14 51 68 45 95 77 50 -91 42 39 95 -77 -91 2 29 84 -72 31 23 11 65 -94 12 -80 -84 50 68 45 0 100 61 6 -66
46 5 -46 -70 37 -19 36 -16 -86 -62 1 44 25 15 23 75 72 -74 23 -49 29 -70 -63 64 -16 -77 -75 58 73 41 48 74 -97 25 23 -73 6 -49 59 66 6 55 81 62 73 42 -38 -89 24 12 -7 55 61 19 -13 1 16 -29 96 43 -54 31 50 -19 -71 35 64 44 -13 -32 40 4 31 -48 -97 14 4 7 -36 -75 -25 68 46 -34 17 -1 -90 -78 -1 -2 30 -54 62 66 -90 -6 -49 -38 -2 30 59 64 -39 -1 57 97 -78 -100 99 -17 90 92 27 52 -15 23 74 -25 93 70 -22 -65 -90 -16 -16 -3 78 63 -4 19 73 29 -46 50 -20 29 -13 43 7 74 -10 -51 64 -7 57 -7 13 54 -21 -13 -87 -100 30 -6 -61 -89 51 -47 9 -28 -42 -94 78 12 -24 34 -64 -35 -83 -68 -19 35 -15 -19 35 -23 -5 -35 -73 22 92 -85 -12 -93 -42 -17 81 -94 -11 87 -33 -40 23 -44 -42 -94 -95 19 -18 -7 -44 -50 -64 -30 79 51 77 -57 -57 32 -64 90 -68 61 76 -17 54 59 -78 -80 58 -97 24 2 -1 20 69 -37 69 99 -5 96 -2 39 -39 76 -16 64 -82 43 -75 75 -61 21 99 -2 2 44 20 -8 28 -48 30 37 -87 -72 -19 72 -79 -53 73 -35 -50 -22 -28 -21 11 83 -45 -57 86 33 -15 -4 -6 85 -65 -18 -46 -92 5 -85 -76 28 -78 -87 -16 -4 -97 57 -56 -54 -99 20 -63 4 -18 2 37 44 -75 -42 32 -8 -38 -93 31 -87 1 -80 -8 -90 -55 -58 -53 -47 -56 6 82 46 -74 -70 5 12 94 9 -29 80 -61 7 -21 -78 18 30 43 60 -54 -36 3 59 17 -14 87 -50 -30 -86 -39 -12 1 58 49 39 -4 -59 -5 -71 80 -33 14 2 -68 30 95 -95 -85 -43 -50 71 -13 52 -20 -9 18 -22 77 -45 75 -68 26 41 71 -26 -55 -94 84 57 5 43 -1 -48 -29 -53 -9 71 -37 -8 -67 -18 16 -60 14 26 -66 82 55 -23 -10 30 96 -19 -48 -10 -50 -31 -100 90 -98 74 82 -7 42 -37 84 47 96 4 -58 90 4 -62 31 -44 -87 -1 34 75 82 -12 -18 -27 -56 89 74 -42 63 65 -19 31 54 62 66 -94 -15 96 -42 17 35 65 -82 -46 30 -94 2 -54 55 -86 -75 57 -92 -86 71 9 -55 -49 -7 -83 -93 -46 18 77 38 54 -62 -35 -89 -32 54 47 -53 33 42 91 50 72 44 80 -37 -33 55 -51
60 87 95 -45 91 -32 -58 -41 -54 -3 56 34 -30 -80 -70 2 33 75 43 61 -28 62 4 52 29 -75 80 -25 54 35 -87 58 9 -41 49 -98 -85 -27 80 -88 42 22 -80 -89 -4 77 -32 2 16 -36 48 42 -75 -81 -97 -37 38 -76 -79 -81 93 -66 82 62 54 49 -15 70 -2 -32 29 84 -99 -25 -9 86 -2 -27 85 28 -83 -18 29 -46 -58 62 60 66 38 -55 54 47 18 83 -7 48 67 -2 7 47 3 -100 34 42 70 9 9 1 3 -50 -78 26 -67 57 -17 -63 -70 -37 -45 47 -51 -37 1 -99 61 8 51 -72 8 39 11 -79 -51 46 70 -100 -83 -91 -68 10 4 93 41 98 72 15 -63 -29 -92 74 86 -32 65 -39 -19 -84 -76 86 2 10 -43 79 -65 -30 79 30 -1 66 98 58 39 1 -86 -51 -83 33 -92 46 -24 5 -98 -16 54 28 -23 -30 13 25 -45 10 69 2 -86 -69 -24 41 -92 -41 88 9 -88 -46 58 -26 -38 23 71 78 42 -51 -42 25 99 -49 -79 63 93 69 34 68 -60 95 -5 -55 -98 -56 -78 -72 99 -72 89 -29 -28 14 89 -46 -49 85 -8 28 -15 -40 23 73 54 98 -92 -6 -35 -8 73 87 -49 -64 5 46 62 -16 19 35 -55 -29 -24 90 -1 -53 96 -51 94 83 -92 -12 81 -15 -80 -23 -42 60 92 87 -92 -75 -67 -72 -26 -4 -97 -71 55 -51 81 -28 74 7 -61 -26 -65 -65 14 50 86 -79 72 56 -95 -84 -21 26 -96 -84 91 42 -84 24 34 91 -61 -55 -54 -26 -55 96 -33 -78 62 14 24 -19 -38 -38 81 -8 -10 36 86 24 79 49 27 71 -81 64 38 41 -42 -14 -70 79 -26 -61 91 10 -60 80 -72 71 -50 93 -61 26 49 -41 84 81 60 -43 -94 87 -72 -63 -46 -52 -47 -2 73 66 64 99 45 36 29 69 71 -61 -37 79 -86 54 -68 25 -68 -18 -50 -87 -8 93 -63 -98 -26 -27 -35 -100 25 93 -12 -31 66 63 32 87 -64 -86 0 68 72 97 -13 -74 -17 12 92 -7 67 -50 -64 54 -41 -98 -30 43 -41 20 37 -88 28 6 31 71 -79 -4 38 5 -42 -73 -88 -19 -97 0 -80 13 41 10 -87 40 -35 20 -69 27 -95 1 -53 -51 38 77 68 69 54 50 -20 68 7 40 -52 46 -97 -19 78 -63 -100 76 66 58 11 57 -79 -23 43 -92 52 -57 -58 -80 32 1 -31 11 36 55 58 84
-56 -57 -25 32 62 -93 92 44 98 -54 62 37 35 76 -61 -86 42 -34 -47 -81 89 -57 64 12 -40 75 26 46 72 49 -83 11 -85 -28 -14 69 -57 2 -62 -69 92 20 49 38 -44 -46 56 24 65 76 70 34 82 75 -35 -1 64 -76 -35 1 18 12 42 -63 -78 41 -1 -15 -13 -13 42 7 95 -21 27 21 -37 53 41 -47 -43 20 -24 50 -1 -50 32 -58 -14 85 -50 -96 94 -86 -34 -25 58 -36 22 -66 -54 30 -36 -65 -75 44 -18 88 -19 -55 -35 34 82 -55 57 -61 68 -86 65 -10 -4 -84 83 74 65 31 -45 -47 -29 54 69 46 -69 53 22 -77 -98 -65 40 -46 57 -87 -89 -54 17 11 -48 77 89 -93 -83 90 49 93 -46 80 6 94 40 26 28 2 37 -37 -21 -86 -41 10 -33 -76 -76 56 -18 -91 -59 73 -19 -97 -6 -47 92 -97 64 -27 -26 1 87 71 75 -4 -21 8 14 -12 56 -54 32 60 33 19 -61 15 50 1 91 -84 30 -93 -63 91 -47 75 -8 -36 50 -33 -17 25 97 -56 -41 73 42 -90 -93 -39 95 69 -58 -46 3 -52 75 24 -35 -40 45 72 40 4 42 -4 -78 58 82 -60 -68 59 32 -71 -12 -36 -48 22 77 81 -29 45 16 74 -62 -13 -3 -39 79 36 -12 -71 -70 93 -43 91 -74 -45 -48 -68 -54 72 43 -14 8 80 -86 10 40 -85 94 -50 -43 87 -24 15 -44 53 -79 96 -18 25 56 67 1 13 -60 -39 -59 -88 60 -20 -87 88 -27 -15 97 -50 -75 41 -85 87 51 -25 100 -19 -91 67 73 -1 -67 82 77 74 13 2 72 -17 56 15 -35 68 52 -79 78 -71 6 99 49 -29 38 65 -82 -84 -70 4 -74 -37 41 -9 100 -5 -74 65 -43 -13 64 88 -35 -59 15 -93 14 -44 15 22 7 -10 -74 -4 27 12 5 16 -87 67 79 8 -100 23 -28 -73 40 -45 40 67 37 3 -94 44 76 53 -78 97 94 2 -73 72 -47 63 -16 -82 62 74 -86 -63 -63 98 85 52 21 -77 97 81 -49 -86 36 -15 -23 -100 -7 98 71 38 -15 -51 -70 -12 36 -50 -15 -29 -57 85 -25 -51 -42 -41 -33 -29 22 9 86 15 49 10 84 18 -40 30 -36 -92 -45 -78 52 -85 -33 73 51 -78 -64 -100 53 42 -68 71 -61 96 9 -32 9 67 -23 -93 -60 52 80 -16 74 72 50 30 -27 61 18 -46 79 59 98 -36 66 88 91 -80
-28 -45 -51 84 -15 65 1 -70 40 -51 65 81 35 92 -81 80 78 45 -91 -10 18 95 33 -43 -36 -33 63 81 -11 -76 -16 25 32 -93 -73 49 30 -83 -3 33 -68 91 21 12 86 75 -53 89 51 -40 7 -69 -74 58 16 -45 -60 6 1 83 100 -25 -85 99 -12 60 -64 -68 -94 -97 -41 -95 -68 -30 4 99 69 96 4 -40 51 20 -89 86 28 73 -72 23 19 79 6 -78 -9 -83 -67 -67 -5 -97 -53 65 -83 88 8 88 -40 29 -80 81 33 25 9 96 50 39 -14 -60 54 -80 93 79 35 65 81 -6 -58 -96 69 -66 -86 49 -56 21 1 44 -49 40 16 94 53 65 -44 85 -48 -22 77 -78 -74 -34 97 -38 40 -39 62 -41 -97 56 -46 89 -15 -89 48 -48 -72 60 56 93 -78 -27 -87 -67 -8 78 61 -16 -11 -96 -78 -79 35 -87 -12 86 35 7 -8 -26 47 24 94 13 92 -54 -33 -25 98 -79 -23 78 -80 -94 -99 11 -86 -14 -45 -26 11 33 87 68 98 -13 68 1 -83 -90 69 26 45 20 57 59 40 -46 18 -2 15 -95 -57 56 -41 -24 -21 52 -77 -2 95 -41 -64 -32 -19 9 -60 -51 21 10 66 -86 100 -55 66 62 -67 -100 19 31 -14 38 56 -18 -75 0 64 72 39 56 13 -2 -94 -13 -23 -66 -79 -10 -21 8 60 45 -100 -66 59 70 29 -50 -97 24 62 59 -91 -2 -15 31 69 -100 29 63 -9 -68 -43 91 31 81 20 -74 -21 73 -90 -89 -64 26 -87 51 -99 -82 -88 67 -91 -1 20 63 45 -36 35 -97 92 69 -70 0 94 15 23 11 -23 -64 -26 73 33 13 8 -47 -26 -96 -29 -93 74 71 -43 25 -45 86 75 76 53 -78 -70 78 -21 -14 47 -8 100 -20 31 -85 -30 7 -53 -65 -51 26 85 39 48 60 -88 -92 34 83 -93 -10 -29 -60 -3 -43 3 -58 73 51 -28 69 -82 66 -19 -58 72 16 46 -98 -94 -56 69 -28 -16 30 -88 -37 -49 7 -8 -14 -75 -66 96 6 82 94 88 53 58 56 64 -66 -41 73 78 0 99 -32 10 -14 -87 1 -73 -85 68 -47 55 64 27 37 -22 45 13 -56 5 40 55 83 89 79 -51 -50 -11 -66 4 23 17 -50 66 46 22 -73 -25 -4 17 49 -47 40 -4 -51 -9 19 -10 -24 95 -82 -88 -90 73 -79 69 -40 81 -25 -8 3 58 69 45 -58 -81 75 71 -83 -47 -65 -22 88 -82 70
13 -21 1 -14 -12 -85 58 -70 -44 -45 -17 -69 -76 94 80 82 15 -5 -29 8 69 -27 15 -37 -16 73 -6 -65 28 -70 -28 -56 62 5 39 24 -97 -75 96 45 -60 100 -25 -1 -10 -80 48 93 -6 -23 -21 16 51 67 -69 3 46 30 -13 -92 -99 -93 -26 -87 -22 30 0 0 25 0 -95 -99 13 -29 -89 -22 -19 -65 -58 34 -61 14 94 15 86 18 19 45 -91 85 -92 -35 -27 -56 94 -81 -77 32 88 -15 63 98 73 -10 17 67 -59 86 -63 73 -87 -59 -36 -48 33 -82 45 -66 27 1 -24 -30 45 -43 -100 33 -91 73 -44 71 56 -49 -17 27 26 97 42 100 -87 5 -21 -59 8 43 -93 -62 -14 -3 -78 -63 39 -84 -15 7 -3 96 43 -30 -83 -39 -33 67 -69 40 -50 17 -47 42 -95 -85 -62 15 4 59 3 47 100 66 -29 69 74 -69 -10 25 -40 77 -3 -57 -69 -54 65 -69 -100 15 -66 -44 30 51 52 -63 77 -68 -53 1 99 -63 11 -18 79 54 25 93 22 -52 -91 -20 -30 -26 -35 35 -60 89 -77 7 77 9 -4 68 93 61 6 94 -75 -57 -27 -29 57 -16 12 100 -82 -67 4 52 -99 -46 -85 -38 -57 42 26 -43 -30 30 -19 80 -76 9 -72 39 32 14 -40 -20 43 1 27 -43 11 85 28 82 -48 58 -81 49 30 -26 66 65 74 -56 82 -94 85 79 -29 15 -29 45 94 -54 -84 37 -5 -3 63 95 72 75 -68 -4 -12 -1 32 89 35 -36 20 -30 -36 -1 -98 -83 -46 2 -65 65 97 74 -62 -21 -28 -94 -53 50 -64 -7 -82 -77 69 -96 -62 69 17 12 -15 30 13 -25 -74 35 -97 -69 -52 64 -29 68 58 78 -14 43 86 69 53 -51 -55 45 25 -15 -58 99 9 -46 -6 32 -70 -47 100 48 17 87 12 -46 -31 20 28 19 68 19 -29 76 64 -64 -92 -82 -68 -72 39 -72 95 -57 13 -2 -66 -17 0 -78 37 76 15 -39 72 60 -55 23 86 -75 37 -17 23 26 -52 -59 -93 -22 -91 55 19 -96 38 91 56 97 73 44 48 27 -35 -63 -35 -63 -68 -32 -76 -59 -80 71 -82 -17 17 46 -35 -48 -39 88 84 -95 54 4 -36 -61 -49 -77 -22 -92 97 -92 74 33 -37 -41 -97 60 -93 35 17 -34 50 93 -66 16 -33 62 94 -86 32 -68 38 83 -15 -82 60 58 15 59 -1 46 -81 -82 -25 -92 100 85 40 78 12 50 26 81
-68 -80 48 100 -84 93 26 -2 -94 -81 33 -97 45 19 63 5 -12 -53 -64 72 19 -38 39 79 -86 -33 -17 68 -76 -23 82 -100 -71 44 -69 -73 -50 -12 30 -33 -89 -27 -16 -64 -37 58 -18 62 71 12 -96 5 -11 -54 0 -73 44 -3 33 -85 84 -16 -74 -24 -24 -85 -46 -36 57 -18 28 -18 -5 -89 -93 -78 42 -11 1 68 72 21 34 -24 88 -88 93 -21 -81 -48 -17 -89 12 87 45 -30 51 73 44 63 93 44 -8 92 -88 67 -18 -70 87 -14 -34 60 21 15 -26 16 11 -31 76 95 55 69 5 14 -69 -24 16 97 92 -73 -9 46 -54 -98 -37 97 -82 99 -94 -97 -91 8 46 40 -78 -29 29 44 -8 -27 -81 -60 -52 45 -7 -58 2 100 64 -97 -55 82 -88 -44 -89 -28 -19 91 -99 33 73 61 46 -54 -45 79 1 -48 -18 -25 -75 -25 31 -18 -8 51 43 56 21 81 6 -67 99 -85 -87 -86 35 -1 -94 3 66 2 -28 -37 9 81 12 -66 -7 -98 -37 53 31 -2 21 -36 -11 14 47 51 -5 10 4 73 2 61 56 74 -49 -6 66 -92 -35 -30 -98 32 -46 -24 -65 41 -52 18 36 2 -24 59 -96 -72 63 -47 33 87 -77 -1 31 60 -52 70 60 81 49 3 39 -11 -39 -66 -45 90 -87 -49 -48 -84 -15 -41 -25 25 -91 95 16 70 43 -9 -100 -96 71 -48 -59 76 -86 -65 8 33 24 19 81 2 -39 -43 80 -95 -43 -92 -86 -70 79 -31 -82 4 31 10 -60 -96 13 90 100 -78 14 66 98 -61 89 85 -86 -12 -69 86 17 -28 28 -56 -49 42 1 8 60 17 43 -98 75 -50 -52 63 47 -65 -75 50 -31 -38 -86 -100 90 -19 -71 56 39 -76 45 100 -24 -31 94 44 -3 -95 -86 27 17 41 -73 94 -65 -34 63 76 -96 -3 -54 -29 -27 2 61 -47 -19 -96 96 -90 5 62 76 -76 -68 -98 -39 47 -52 73 45 -49 92 19 53 -22 17 -83 -31 -14 -19 10 37 53 98 29 100 -75 -96 78 -90 40 12 79 4 -81 22 -70 26 -56 -39 22 47 -85 -68 90 99 72 -47 -79 -72 60 62 7 -59 -43 -52 -66 31 18 -6 24 -5 58 -37 89 14 -51 60 -21 -84 -38 95 98 -24 -86 -74 -79 -3 -57 91 34 -84 -71 15 -28 -17 83 87 -75 34 -41 30 62 -79 71 50 -71 -42 34 -15 -54 62 -8 -6 -60 -10 90 -43 58 12 9 32 33
-79 52 33 -69 -14 -9 -98 -2 75 94 92 -47 -79 -90 -58 -14 -67 -74 -98 -27 5 -61 72 -9 61 61 -62 43 42 4 19 -30 -47 27 12 72 -9 -38 71 -53 57 19 -10 -98 48 52 -86 28 -63 0 84 59 100 -75 -11 -66 86 91 -49 -2 35 -20 -49 96 24 -47 84 -95 -80 35 -93 -68 -94 75 -51 -31 49 18 -96 -49 88 66 -47 53 81 -44 -33 35 -87 65 -3 -48 -97 -92 12 67 71 -81 -95 57 -59 -43 57 99 40 7 84 75 -70 -10 49 -8 -75 -98 95 44 -59 0 -80 89 -4 -35 93 28 -27 -45 -49 89 52 90 -2 37 64 -52 62 77 9 94 -27 68 -68 -99 -48 36 58 -98 88 -57 -5 25 82 -20 22 -36 -40 93 27 -21 81 57 72 -57 -29 4 44 98 50 -95 -66 75 58 -33 -67 -78 -24 -96 56 -80 11 -56 -55 -11 -89 24 -33 56 20 -15 -51 -6 -4 84 -64 -81 -61 -22 -86 -20 76 14 83 -15 -48 -51 -51 78 -35 -26 -79 99 -69 -25 -97 -89 -7 -80 62 -19 -62 68 -65 -64 85 -79 -36 18 -4 50 67 59 -85 6 -19 -92 66 98 72 -55 -72 -72 87 83 97 -83 14 -91 -78 -32 -95 -87 92 62 -47 -9 14 71 -32 -36 98 -8 -70 15 -91 91 35 50 -22 -34 -65 -46 36 -46 18 99 -37 -77 -84 11 66 28 -45 -49 16 -17 61 -92 40 42 -100 -29 4 -80 48 16 -54 -64 -75 -78 63 -50 -67 93 -7 -57 33 18 -47 -30 -54 -16 -50 -44 98 77 90 -9 -29 26 81 -74 -43 64 -5 35 -27 73 -100 55 -39 44 65 5 7 69 -47 -44 100 98 4 -73 -87 38 -88 4 -53 37 -11 -11 78 65 -67 -55 65 15 20 16 -12 7 49 -82 37 76 25 23 -63 52 63 -67 -26 15 57 -62 85 -86 19 -67 -45 57 -86 -42 -20 87 7 88 -4 49 72 -64 53 -50 41 87 -52 45 -23 55 54 82 -67 -87 -56 47 61 -41 -27 95 75 25 18 -14 -22 -19 41 49 -84 -58 62 -93 81 -40 83 -68 -100 -13 54 -86 -30 -50 16 -76 -94 10 22 -16 -71 95 7 -21 -7 2 59 72 51 -49 -87 93 -10 62 -9 41 39 -23 -65 -88 93 85 -69 42 -93 32 71 59 -12 -54 -36 -85 19 17 23 -68 -29 -38 94 -43 -30 50 30 3 -35 -57 64 -85 -100 94 -60 -53 -68 51 -65 -64 12 43 -71 98 -69 83 18 67 85 -25
-32 -24 -30 -65 -56 41 -73 10 -86 82 53 -41 -24 -99 -12 85 -97 -59 78 18 23 -63 -68 -46 43 1 -81 -32 83 -100 11 47 -74 -72 -1 98 -82 59 -71 -99 -18 84 -96 -66 -35 -78 -86 36 20 30 69 35 43 67 72 -59 98 1 -13 -92 -4 30 -12 82 36 35 93 -50 -62 -72 -95 0 8 -52 60 71 -76 84 64 21 1 -46 -89 -8 -18 15 47 -96 -66 6 31 66 -81 -21 15 -2 -19 -88 -11 18 -56 69 59 -48 -49 44 -2 -15 -73 -26 94 -80 -39 64 7 73 -74 28 -14 -66 -79 -22 92 71 -98 -94 -52 -68 98 -61 -74 -15 -2 15 -36 -50 -95 -7 35 47 58 19 72 18 -4 -56 17 59 -29 59 6 6 84 38 -39 -47 81 -63 19 -58 69 66 78 -66 -52 60 68 -5 6 32 -61 32 -17 99 17 -68 18 49 84 55 -70 -25 60 -65 -78 76 -18 23 -22 -28 5 -53 -84 -89 -98 17 -58 78 78 -76 -84 54 41 4 -74 10 57 -77 77 -17 -68 29 57 -71 -8 83 -57 62 -96 -15 -88 -44 13 -40 7 -52 99 -39 20 -23 6 -95 13 76 30 -37 -83 -89 -37 -7 13 0 81 -43 91 -10 -85 -78 59 -3 77 76 -7 -69 -54 -14 86 -43 -10 46 -49 -81 -46 74 -71 -85 52 17 56 -69 48 -12 47 -97 5 62 -94 -14 90 0 -12 -98 97 -84 -21 -97 -15 42 77 1 -98 -47 45 26 10 -79 -58 -89 -12 -7 -21 -17 53 -27 56 43 41 -7 5 17 -52 -26 73 -88 26 75 72 67 76 -33 -1 -49 -70 35 -65 -8 -39 48 42 99 84 -93 27 -74 73 -20 -98 -31 -98 -17 46 47 69 12 60 47 56 95 59 31 -14 69 -82 41 19 -69 -69 -75 34 17 -1 71 58 -98 -1 -95 -68 85 12 9 -66 -77 9 68 -44 -61 -97 -38 4 -36 60 73 -14 88 -69 -7 83 -25 64 85 98 -16 44 84 69 -52 -44 -29 -26 -85 -65 6 33 -43 -98 -71 -75 36 -10 9 -15 32 74 -34 -9 -5 -66 -39 11 24 -98 99 66 33 2 -31 -67 -95 67 26 7 -31 -9 81 86 94 -95 -1 49 -35 -35 -24 -86 -63 -33 -68 -64 -72 67 56 50 -17 13 -89 44 72 57 -60 -56 20 36 85 -40 -53 9 -95 69 61 33 -66 40 -60 -45 92 -88 -74 -80 7 87 -92 -63 -30 -67 -81 -62 82 65 93 2 21 -46 70 -100 -56 -73 -48 77 8 42 60
56 53 -53 -79 1 -17 29 24 -28 92 20 -69 68 -4 20 79 25 27 67 70 13 60 -29 -40 83 -62 53 -84 26 -58 -14 -7 30 -95 63 66 90 -29 -20 57 56 -89 19 -67 85 -62 -35 40 76 -32 -99 -59 46 -39 86 -19 -61 -23 -35 17 87 -57 18 82 26 84 -84 -21 65 88 -30 83 -96 -16 86 -17 -10 49 23 -91 57 18 -89 -57 -92 93 -37 49 14 -23 -15 35 -70 7 60 6 -9 -41 72 -12 95 20 -53 -18 39 -15 92 43 -100 92 -5 1 95 -78 -94 -39 79 -41 -55 26 79 -29 9 -74 69 -98 41 -46 19 -44 -11 65 67 -12 94 -88 -66 58 -75 60 -48 -7 -72 -2 -4 -56 -66 -89 -49 65 43 92 -92 -85 84 49 -58 20 -8 -68 -2 11 -91 62 100 52 64 38 -94 70 -96 -89 5 -49 67 -71 86 28 -68 61 -58 -3 38 -25 50 -40 38 -65 -25 72 92 -13 83 -37 -20 58 80 -66 53 12 -92 -60 -71 -23 -33 -59 -24 -21 11 57 85 -7 22 2 84 33 0 -56 64 -22 70 0 -13 -38 53 -93 -54 83 19 -90 40 -48 -42 -37 -64 -92 3 49 -32 -19 58 -57 72 -11 70 -37 7 85 65 8 -8 -99 -52 73 -26 35 -48 -32 20 58 -33 9 -5 72 41 94 -35 -36 -53 51 100 -6 -11 -68 -65 -32 58 59 22 43 -64 -47 5 85 -23 -77 -1 -82 -1 -88 89 28 15 -70 25 -86 45 -61 62 8 57 53 12 17 59 -69 -10 36 -71 -91 88 5 43 11 -48 32 -46 20 -7 -22 8 -38 -29 -16 1 70 -28 -85 -9 89 -44 93 -75 15 53 -87 -32 -32 -9 -67 84 72 75 83 65 22 50 -77 85 -22 -51 8 52 -77 62 89 -75 -36 -98 -85 10 -74 -33 53 -99 51 -61 18 -32 -51 47 -66 -71 -41 -67 72 -9 -82 84 3 -24 95 77 -46 95 -41 -36 -1 100 -4 -39 -19 27 95 -80 21 38 -98 -42 71 -26 -16 23 -22 34 0 -96 9 6 -3 35 -83 40 -98 -49 -96 63 77 -9 59 -13 -100 8 -7 89 81 61 -27 -26 73 13 73 -17 -26 44 -90 11 1 -61 69 42 -61 -47 -75 -91 -39 32 100 61 -20 -90 -84 34 54 -73 35 62 78 23 -59 -16 -7 -60 -13 -42 -47 5 -88 -35 -39 23 75 42 1 -22 30 -7 -77 81 34 59 51 70 89 61 -89 -23 -17 78 53 100 97 -96 -35 88 90 -72 -47 -81 1
25 87 -49 25 -55 93 91 -32 100 57 -79 -58 9 -50 13 -8 -28 -78 -68 64 71 -45 63 98 70 -13 -20 33 -92 1 -17 -29 -9 -28 78 23 29 -68 -16 23 -73 -69 -80 43 -44 -44 -36 12 8 -74 85 -2 95 70 87 25 97 44 -88 33 52 43 -94 67 -95 48 -51 98 -92 -94 31 -81 -54 100 17 19 -64 -71 5 75 77 11 67 24 -13 91 31 -51 -21 -10 88 -37 82 -7 -81 -86 -73 -28 -96 -94 -64 0 89 -28 13 55 -96 72 -10 -18 43 -77 -1 65 16 18 21 -57 -80 0 -33 48 -17 -97 7 5 -18 -24 26 -61 77 -20 -12 -50 -85 -74 43 -99 -93 -65 81 -13 -43 -74 11 -50 78 -9 -82 -19 20 88 49 68 88 8 -11 -85 -14 81 4 79 21 -39 35 40 -37 96 -18 -27 -87 -58 48 -60 0 46 58 -5 9 0 -38 -67 -97 17 45 38 30 47 0 77 -5 -2 -91 -60 -49 -42 -2 28 81 -22 2 3 35 5 -57 81 36 -26 -10 -45 -17 -68 0 11 40 43 32 0 52 -25 -11 23 66 -38 7 -98 82 -15 43 -91 5 11 75 -28 -28 -66 -85 54 -59 -77 34 32 -54 -76 24 56 -14 11 -98 -25 49 71 41 -28 -56 -23 -82 -14 15 -35 -74 75 -40 -7 -81 -9 -43 -72 -68 -59 -52 81 66 30 -18 -50 26 -30 -94 89 81 -8 -20 66 -55 -40 -23 50 -55 -47 -78 48 29 15 26 19 -88 -55 65 -34 60 71 6 51 -3 -85 66 -14 -55 55 87 91 -34 68 12 -38 30 -14 -93 36 8 67 82 -76 -17 -16 96 -31 4 89 27 73 81 -93 -74 -72 -41 -90 97 -2 44 -21 73 90 2 79 78 -87 -33 56 -93 -81 -96 86 -71 2 -33 -40 1 49 84 -30 -22 -55 -19 35 38 49 -75 -63 24 -99 -56 -12 -90 -49 47 34 10 51 43 45 44 36 -1 -67 -43 -10 -24 27 39 -46 73 -11 48 68 39 -97 -93 45 -65 -44 -10 -80 -53 -72 -92 93 50 39 -93 2 -34 50 69 -8 72 -8 -1 -37 -42 75 -91 -26 -61 -73 93 -54 -77 -23 70 36 -97 82 19 81 80 -4 -91 14 73 -92 -78 -51 31 -37 -85 -27 93 99 -60 74 -36 -67 -42 44 -69 51 58 -32 47 54 25 86 -99 -25 -69 -78 73 96 -29 100 -46 -19 69 6 -56 11 91 -3 -99 98 72 -38 52 -95 -73 -62 10 -65 -78 -5 -5 -81 -36 96 72 -79 60 43
-56 75 57 20 -55 -79 7 -50 97 -88 60 -36 -15 42 -55 -55 -63 -52 -56 -95 -74 73 -69 58 -11 41 100 51 -15 -48 0 54 -54 -98 13 21 -41 -26 -56 -12 8 58 29 -9 -39 13 85 7 -51 -4 49 -4 -23 98 -68 43 55 39 -96 -92 11 62 -59 -30 23 44 -44 82 -61 22 82 -64 79 38 -51 -71 89 68 49 -1 -29 -79 -67 41 89 -47 -92 89 91 -46 18 -24 -80 -51 93 61 -28 78 -85 95 84 -23 15 -97 38 19 84 -34 50 53 0 -13 -45 -28 -55 22 16 -7 13 21 87 -71 -13 51 -25 -61 -1 59 19 -16 -62 98 94 -10 -3 -54 -50 -64 -64 -65 -44 -83 -17 78 95 63 -89 -21 39 79 49 79 5 -76 22 -39 71 -39 92 34 -58 -7 27 -99 51 30 -56 -71 29 25 41 40 -84 57 -47 40 -5 -55 -1 74 -81 65 62 66 63 -67 -62 -84 71 -28 -1 -100 -70 22 -4 34 83 -94 89 -61 -17 98 29 84 11 48 44 -14 50 -61 -38 -52 -41 84 -59 16 15 -91 79 -92 8 96 -40 -58 -83 18 -90 -60 51 -96 77 63 -25 -3 -58 -27 -40 41 -88 91 -8 -46 48 91 11 -71 -44 -79 -50 -59 -26 87 96 78 51 -48 35 -94 -9 50 62 5 -24 61 16 24 -81 -32 -36 69 0 2 -69 -26 71 -45 79 -88 0 43 -92 47 95 64 -97 -99 -30 -49 5 -63 -38 -63 78 -84 34 32 -30 -84 -80 8 -87 45 -91 18 99 11 88 -64 5 -34 69 84 -65 -13 -8 7 -16 82 -64 -65 -42 68 -14 56 11 -41 63 51 7 -71 97 96 23 5 42 -8 71 -1 -58 99 69 -47 -91 49 -96 -32 64 -57 14 -93 27 -56 -56 -24 73 9 -57 -34 98 100 39 -24 72 28 9 66 16 -79 -11 38 -48 -24 63 94 43 -89 -74 -65 8 79 69 -62 7 34 29 -32 -56 -26 65 28 -96 21 16 -72 67 -59 15 -74 14 -40 -8 -60 -7 -52 -40 2 -96 -91 -54 -61 -32 96 -79 67 84 -76 -46 -2 -7 -97 -58 -28 60 54 -45 35 -92 -50 -22 -84 2 78 -94 -54 -93 -71 -74 -10 64 -25 -33 -67 34 17 -7 89 -85 35 -24 97 -54 67 -87 -8 -14 -92 67 -42 -74 -3 -63 30 33 80 31 96 -83 -15 4 25 -41 78 80 -97 96 -28 -72 72 26 45 88 29 54 -73 -51 26 16 -54 36 62 64 -33 -68 3 93 53 -48 41 64 -5
-13 -8 55 -26 -40 30 75 -56 -24 -44 -51 97 -70 54 40 98 30 -92 30 65 12 -73 6 84 66 52 -3 72 27 33 15 -52 61 21 38 -3 -71 83 -42 79 -16 1 4 -97 -76 52 -14 -93 55 85 -71 86 62 54 -45 27 -29 66 -89 70 -92 -15 -82 -42 50 -62 33 -81 44 39 85 63 59 -66 -20 -22 35 -76 -68 27 -44 61 -7 -75 -43 84 34 -30 44 -28 -90 74 -94 -44 -1 91 42 81 100 -3 94 -42 42 -62 -100 16 33 -28 -14 12 52 -52 -50 36 38 -32 -71 -76 35 11 97 86 81 -50 81 96 28 79 9 84 35 -57 34 94 -16 38 -86 97 -37 67 -90 68 9 -76 -79 79 45 98 32 -8 69 -76 67 85 70 -88 -6 86 73 25 -81 -22 15 -55 7 -77 29 -14 -97 3 37 -86 -34 18 -69 -70 -19 -17 -80 95 63 -6 -97 64 13 -89 -50 -24 -34 -95 78 45 -2 98 27 81 78 9 -99 58 92 97 -78 -77 -57 38 44 -7 -45 58 75 -81 1 -90 100 88 -97 -56 -53 65 78 62 1 55 9 -96 85 -60 -56 -92 -53 -72 -89 91 -21 79 -55 11 64 -10 -93 5 51 29 77 38 -98 30 61 -88 2 -90 -93 62 -64 -49 39 -94 10 -76 -5 54 10 35 69 58 -22 -63 8 71 78 -34 -43 65 -46 82 -78 44 -77 -14 -73 -42 12 96 98 95 26 -53 -35 99 -29 26 2 48 -78 60 24 -98 -90 -30 92 -16 -24 37 -81 -37 20 -38 -34 -89 -64 -91 90 72 7 -23 38 -9 28 96 2 -38 18 6 -65 9 -50 -54 75 75 1 -95 30 -80 -50 23 -85 71 94 -31 98 100 -24 -6 -88 -17 22 80 -95 97 -86 96 -5 41 -85 37 -27 -25 50 37 -8 20 -58 -85 13 29 51 -95 95 -25 -78 44 -48 -83 -32 49 -11 -4 13 43 1 83 90 -84 -74 -47 -66 -30 95 -99 -43 95 58 -51 -13 -100 -63 -66 60 79 99 -63 39 39 24 -54 -58 -86 8 22 -52 -10 62 26 -56 43 -8 -67 98 3 79 -17 -19 -85 91 79 -12 94 52 94 -32 64 -41 -33 79 -19 -21 -73 9 33 -2 53 -85 93 17 64 89 -98 13 17 -32 59 -33 -63 -76 -28 4 -80 -67 -23 -41 80 -69 79 -43 -76 4 26 18 -9 58 -44 -88 -96 91 29 -46 17 43 -96 -85 16 18 12 -60 -12 -29 54 -36 -55 -95 -19 52 -56 -35 -65 -13 -97 22 49
-61 -66 -63 -63 25 -89 66 77 -17 -11 32 84 28 26 -93 -11 56 -62 -26 -73 11 -60 -16 -100 3 -43 4 6 -67 28 -46 -58 -4 -73 -17 56 -68 6 10 -5 33 -41 27 -57 91 -57 28 -36 47 -31 -80 71 39 -43 -55 49 -20 -30 98 -12 -50 -65 41 -37 85 -24 -32 1 -89 -32 90 -41 -100 40 90 -13 -99 82 8 96 89 41 -2 -15 70 32 -52 52 48 92 -64 -56 99 -79 -62 3 81 70 38 76 -68 -88 78 13 59 -18 49 82 75 70 39 26 88 -19 -2 -86 33 68 -25 -89 -63 -33 90 -20 37 55 -36 43 -65 -3 66 96 -84 -55 -92 -70 88 -20 88 14 42 -60 44 -85 -36 18 14 53 -42 22 -21 -30 69 -92 11 -39 -15 -55 -23 -86 -70 -8 -92 -90 53 1 -56 20 -74 75 83 -10 33 -36 60 73 75 -34 86 83 -20 -28 17 -63 84 0 -55 -21 48 -72 -80 95 93 -93 -60 10 65 8 98 71 -49 -20 -3 -80 73 -58 -5 -37 -76 69 -99 -82 -84 43 93 75 39 -95 36 60 -73 -66 35 37 -68 -31 33 -11 29 -22 5 80 62 -78 92 -87 -17 29 -86 -26 -31 96 9 -48 77 -4 43 90 37 92 -44 -36 85 -63 26 100 -33 -38 64 68 -96 36 -35 -78 54 90 93 -81 56 -37 45 -12 35 3 21 66 -34 -70 44 78 31 91 77 -90 -63 19 100 -53 -89 -27 75 -56 -21 -62 99 -66 -91 -16 49 -4 72 -93 -58 -14 -40 -92 -73 -48 -78 9 45 -27 40 47 -75 75 -18 14 -3 25 -24 72 44 -89 98 15 -94 -13 98 -78 44 -45 37 1 48 12 32 -87 90 -21 100 67 -51 63 84 -91 81 53 -46 45 90 -82 0 -37 71 -51 -21 -82 -53 -60 -64 -89 -56 -4 39 56 83 -81 38 6 -44 -36 70 46 -27 -20 77 -22 -86 70 -99 30 -23 -44 67 -66 -94 8 21 35 -59 73 70 93 15 5 87 57 -87 -10 68 67 -14 57 -84 25 81 2 -78 -64 2 0 7 76 -52 -1 53 2 -93 72 45 -81 -67 -81 15 66 -35 -15 -24 -4 -7 -38 -41 83 11 -21 89 -62 67 13 12 66 -37 -85 -85 62 41 45 -61 2 -42 41 82 -47 96 25 -18 78 38 2 -60 55 -27 -36 -89 -44 3 37 -98 12 -7 37 -85 -39 92 -81 36 94 26 -36 78 -65 -3 66 -13 -8 100 -96 74 58 -76 -88 -81 7 -21 15 40 80 75 22
98 99 81 -97 1 42 -64 6 -38 4 76 -45 22 -2 -13 88 -15 0 -25 75 -41 22 92 15 -6 40 9 54 -22 43 61 -18 77 1 16 96 96 -9 -100 12 -48 -1 70 -68 36 -53 59 37 -23 38 98 10 94 -1 -76 -12 36 26 -68 -32 34 84 -91 34 -61 -57 75 -9 79 -89 -76 -37 79 12 -52 8 -9 -29 -80 -65 19 62 96 -14 44 -63 3 8 -77 61 89 -53 -85 6 -48 18 -50 1 -48 -78 80 -44 -65 -30 -100 -4 -1 -68 28 39 76 59 -71 72 21 -41 57 -14 62 -46 37 -18 -93 44 60 83 -53 68 -25 4 50 2 87 -66 -59 68 70 54 -96 -58 -90 -62 -25 -46 45 -3 21 -5 -39 29 -97 85 -62 -65 -48 38 95 56 72 -37 33 97 16 -83 -10 46 -69 -55 66 48 57 -60 43 80 -38 98 8 62 -60 7 -32 -9 -37 -88 -73 -92 -30 -81 70 -13 -20 87 24 88 15 -97 71 3 7 68 -22 -86 24 64 -69 9 -92 32 -72 -15 55 55 46 55 84 28 -14 45 -66 -10 21 69 -8 -3 49 -62 -26 -35 -31 -65 79 -97 26 -13 29 54 10 -83 52 -9 32 7 63 -61 13 -86 70 68 5 5 25 37 6 74 17 -22 42 -98 58 22 -53 -56 -48 -71 -47 -2 79 -56 -54 -84 -85 55 -66 -99 19 -32 -34 -92 80 17 -89 0 5 99 88 -26 92 -28 41 57 72 88 -83 51 -54 30 -3 87 -27 49 2 95 -7 -42 7 5 100 -91 74 5 -89 76 -17 -76 -27 45 -50 -52 -92 5 47 28 57 -26 -3 -24 -59 -77 -83 -59 -29 -4 -18 93 -39 -82 31 95 69 19 -28 59 -45 16 -82 -3 25 31 -100 53 -94 7 -70 -43 27 22 77 73 32 -9 88 94 48 39 -86 -43 -50 -8 63 -41 -19 -83 8 -53 -1 83 7 -76 72 -61 64 21 -43 -64 -48 -28 61 53 -91 47 -92 -31 -60 -54 52 -58 31 58 -75 -16 -25 -46 10 30 -88 86 87 7 33 -80 19 -84 23 41 -42 -67 77 3 73 47 37 83 38 -10 -96 -54 82 -83 37 -96 -26 -85 19 -58 44 6 89 -97 83 -48 22 -59 88 7 18 86 21 -95 72 -74 73 -92 -96 -78 -43 29 -70 4 -50 17 1 -28 -44 -58 85 -8 74 55 -92 13 72 98 53 -7 81 -75 -44 -62 -10 -45 13 13 78 -94 -5 35 -58 -97 0 43 -85 -12 8 -7 -21 -27 -19 65 -78 -85
-83 24 15 -8 47 77 -77 48 -88 -19 -71 19 64 -47 53 83 -99 -87 47 -30 47 88 -2 -87 -1 -82 34 -23 -99 -37 -61 8 3 72 -67 36 -90 89 -61 -64 85 -67 85 36 -61 44 33 -35 -59 -86 5 65 12 22 -8 -71 -95 -53 67 63 -77 -13 53 56 -7 42 81 -63 -89 -15 89 -96 -91 18 68 -70 21 -92 -79 -52 0 -82 -73 -14 -8 74 79 3 12 95 46 46 54 42 -40 96 1 70 61 49 -17 66 92 -6 20 -81 72 -77 99 -72 58 40 84 -27 -40 -57 82 31 65 31 -91 58 45 95 20 25 -36 19 -15 62 -60 95 -20 56 -33 -79 -31 -82 1 -45 85 -83 21 40 6 -36 70 -90 96 -54 51 -76 98 -14 -47 -3 -27 10 -31 12 -9 39 -63 64 -63 -64 -21 -54 -84 28 -66 35 -6 -19 51 -42 -27 -37 39 -14 -19 -23 -71 16 -41 64 -59 57 -89 -35 -41 -13 14 -48 86 -88 -42 -47 30 -95 -42 -40 8 -23 66 100 -49 98 23 -15 87 -92 -55 -14 37 22 42 63 54 -27 -55 -80 -43 -16 62 -8 94 58 -88 26 76 -27 -40 57 -63 -3 -79 10 100 -89 84 -20 -65 -51 -44 -29 78 66 1 52 -25 48 -52 88 -10 55 77 -27 -27 14 -44 -97 82 24 -21 44 50 76 99 -57 -37 76 -71 -77 42 92 -52 -66 -76 -93 22 19 -25 -7 64 -84 26 -78 -84 -25 -85 52 -86 -87 -24 -46 17 -57 95 -80 91 -41 -54 -1 97 -53 1 80 25 -41 39 56 12 64 -11 -65 47 -92 -63 2 58 32 10 -33 -85 -93 41 41 -68 -40 65 6 -44 -85 54 -84 -4 76 -80 5 17 0 -22 36 -67 -8 -39 18 -21 17 61 -57 37 -57 20 23 58 -19 -58 -2 79 67 4 81 88 -84 12 -3 29 89 -50 -97 -28 0 11 -30 -4 79 -55 76 -55 -48 -18 -21 -27 -51 -79 100 86 81 -65 -21 95 80 46 100 -44 85 -30 -62 2 33 -31 37 -80 10 36 -21 87 -18 68 -86 -70 -35 -68 37 -29 -58 -3 41 -21 63 -83 -94 -89 9 44 22 47 -99 -86 -75 -7 91 86 65 -34 -79 77 80 -89 56 95 -67 44 82 -4 68 -70 -92 -67 37 -22 -16 -64 -75 61 -56 50 -58 -82 74 -5 41 75 -40 -55 -49 65 62 60 -46 -63 97 -70 47 38 13 55 23 79 74 -55 7 -31 -97 -95 32 1 91 -74 54 -71 58 61 35 -86 -64 2 88
-95 35 -6 -3 72 -19 76 17 71 72 36 -58 89 -98 100 -53 76 16 52 37 51 30 -21 -86 -37 -78 -86 65 91 24 -9 33 49 58 -73 -19 18 -87 82 9 10 83 58 -92 52 -2 2 -46 99 -72 -12 -15 -8 -43 8 -38 35 3 -13 -10 5 30 -64 -85 -47 -38 -96 25 -40 70 20 53 -83 10 100 45 -93 -48 -44 99 -60 40 -11 -32 -23 55 -17 74 -2 75 -95 -31 53 -27 -82 -89 -1 -65 72 -8 -64 -40 76 -39 -70 3 3 84 80 -76 -51 -6 54 76 28 -50 43 -5 -65 21 65 67 -55 32 -23 44 -33 60 13 9 100 35 -78 68 -97 -29 9 -84 58 -96 9 -29 66 35 68 -50 -19 -63 -83 9 -2 -74 -13 23 -36 23 -56 63 84 82 -40 78 -47 87 88 99 -64 -86 -95 -76 76 74 -23 49 20 64 0 25 -92 4 -87 71 -6 -17 -51 17 32 18 -54 -82 74 20 71 -62 78 37 -28 10 -28 -64 -58 67 68 87 -54 20 89 -77 -77 -96 -55 15 9 70 83 -29 -22 -19 91 -40 52 100 69 -65 -24 -10 -72 -96 -87 -100 -5 1 20 71 75 -94 84 18 29 -70 48 22 19 -73 -72 -7 12 -5 -1 -74 63 58 -1 75 -58 -62 -66 -12 8 -64 -36 77 -65 10 -2 24 -8 47 41 -99 -36 62 28 -80 63 9 73 92 -34 11 90 -15 -36 -89 59 -13 -94 -40 -21 -54 31 70 71 -70 70 55 -4 47 57 68 -32 -12 -37 41 0 -31 -37 -66 -54 84 -94 1 6 20 -24 -84 -23 -53 -31 -21 90 21 77 -77 -85 42 -44 -1 -45 10 20 -38 -4 -76 21 -78 30 -53 -39 -83 45 5 51 46 96 75 -66 33 48 56 -5 97 20 -35 35 -54 18 98 64 -71 -77 -72 -64 -26 52 -14 -39 -37 -95 39 -59 -91 -83 1 -62 -69 85 -38 -9 35 -17 -86 -21 39 -11 65 -96 -94 95 58 -1 39 -92 54 39 -61 65 -35 -11 5 -61 55 -93 95 100 -61 -57 4 65 -26 62 -28 -67 -98 78 -83 -40 -74 -19 -8 -15 -72 65 -64 -64 81 91 62 -81 -41 -13 31 -19 -99 27 -94 60 -59 -84 -85 -12 -63 -81 38 37 97 90 19 -45 48 -70 -67 -50 -33 28 -3 57 55 -9 -26 -34 -34 10 82 35 24 66 67 -71 -98 10 99 13 -47 46 -86 38 -34 41 -86 -24 33 -57 -64 36 -19 -47 41 -52 15 -65 -82 -21 34 3 -40 -56 56 1 84
-48 -44 -92 7 -70 9 -100 30 -40 64 -46 95 47 -52 11 -19 -76 -17 -87 51 53 -51 -50 -78 34 82 67 -86 -15 -31 43 -54 -93 34 80 24 7 -43 86 74 78 66 -100 -92 70 47 -1 -19 40 9 82 -70 -82 89 -44 77 36 100 -31 88 64 -36 -24 45 -39 -99 55 -46 -9 -89 86 -33 -62 69 -97 -8 8 68 -38 -22 56 90 -46 -74 84 13 56 -4 -14 8 18 66 -76 -14 -12 100 3 -32 91 48 61 -11 50 43 -87 83 55 14 -62 -80 38 -45 -5 -98 89 25 -75 33 49 62 -59 -91 38 -48 -48 -90 96 58 72 30 -60 12 -29 5 99 -27 -65 -80 60 -12 -54 0 -43 33 -34 -76 -34 33 9 50 61 -41 -79 -41 -83 33 61 -70 58 -28 -42 -88 96 -5 1 -64 -90 -2 -58 -67 -9 34 -29 -82 82 -7 -11 -10 53 28 -4 33 -10 -21 -84 -59 72 -35 -64 55 -32 14 1 -45 84 -30 82 95 28 61 -86 64 -25 33 -25 21 -75 -71 -85 12 -97 -35 -14 -20 6 -45 -77 52 -30 -74 -82 14 -40 -53 -75 -53 72 -73 -20 -86 85 -15 -92 -46 -82 -14 -67 -80 -75 -82 -28 -77 64 -76 96 -46 -76 -76 -95 82 -56 0 41 -54 -62 73 -82 94 -46 -21 33 91 15 -2 -80 -29 24 40 -33 -7 30 -17 4 5 72 76 -38 -57 -81 59 8 19 44 -98 93 -99 -12 48 -68 -97 52 -37 -46 -99 53 98 13 -64 -59 -88 -68 75 -56 -90 85 -45 59 14 -62 -97 -64 14 -63 -1 66 90 86 14 -73 -99 -80 78 97 -76 98 96 -29 30 67 17 58 70 84 83 78 48 43 -34 51 -22 -2 -6 21 -47 87 -40 93 -18 -37 97 -69 59 68 36 -21 -6 -41 -60 -46 -88 6 25 14 99 96 -1 87 95 -39 -61 -63 7 -64 34 -67 21 -19 88 -100 61 -5 64 77 90 3 -77 -39 -14 33 -30 -18 -90 -41 -30 -68 -79 44 -50 16 -73 71 -61 -25 -92 70 -81 -6 -25 -99 -31 -99 -46 16 -83 -84 6 52 -13 72 20 -36 -41 -6 -24 -83 47 -100 15 20 -28 -95 -2 71 -15 10 -51 -15 73 33 -65 -74 -92 37 -41 75 -84 10 32 -98 -25 -47 0 -36 -80 87 45 -63 40 -94 12 6 24 32 53 45 100 7 -35 77 22 36 -42 -36 -70 -83 -57 29 34 95 59 -33 4 12 -20 69 65 -52 62 47 -32 43 67 26 21 71 -53 71 -50 56 24
65 -77 -67 16 -98 -74 60 -81 -96 36 -89 -37 -26 -51 -40 100 -5 63 92 -65 41 63 31 -22 -48 -10 73 25 -59 97 -59 31 5 50 27 69 9 58 10 60 30 37 22 99 -37 40 90 9 -47 -54 29 39 -85 -9 93 8 6 77 64 -1 58 65 97 73 -97 65 8 -2 43 9 -79 -99 90 69 -58 29 45 -94 -83 -27 100 16 77 72 -50 -82 -3 -35 -79 -35 63 7 8 -74 6 23 -85 -98 -99 -39 -64 -100 45 71 86 -43 -80 -14 12 -75 -99 -36 -50 39 53 66 71 83 75 -67 -49 46 61 -74 89 60 29 68 41 78 18 -96 -45 60 75 32 36 -77 84 -94 -12 -63 97 -48 -28 86 11 -89 38 30 -5 100 34 40 70 53 59 -30 74 -68 98 32 -33 -94 52 37 39 -64 89 52 -64 17 100 60 -84 33 94 -21 -61 35 -41 59 -93 39 47 -32 -31 -22 54 1 -56 -4 88 17 80 -42 -67 -57 -67 99 -37 9 74 -41 -9 73 47 49 -70 88 -62 53 -17 -62 -34 -37 49 51 15 -20 92 -88 -100 87 -61 28 -26 -82 53 77 16 -97 64 74 -42 -32 -10 2 -65 12 50 13 51 28 -85 85 61 98 14 62 -29 -69 -66 49 42 -19 -10 -75 -87 -75 70 -81 82 57 -77 19 -6 51 3 40 64 -92 16 -24 -99 -98 -77 -19 33 -43 32 89 25 -91 -46 -60 -4 67 -91 1 74 100 -59 -60 97 -95 14 80 52 56 -72 -84 57 -67 -45 -71 -3 57 -21 83 -84 89 10 -18 2 43 -56 -75 -35 -98 78 -66 -18 63 -53 14 -75 -42 -90 34 69 0 -51 80 16 37 60 56 -3 -85 65 74 50 -10 -56 51 -34 69 -23 60 -34 -71 32 90 51 -98 29 -41 -13 -76 -24 -5 7 -49 -5 72 55 -60 -89 -88 12 -19 -80 63 51 13 -100 0 41 95 71 -65 -90 6 65 -62 19 19 -24 -92 -23 -80 -3 46 -79 -33 99 -14 72 -28 -5 12 59 86 89 38 -38 -76 -68 62 93 45 -59 -12 7 -16 -11 -74 17 -53 -55 78 -29 54 73 -44 77 39 -66 32 95 12 -87 41 97 48 -95 54 -16 -37 -55 74 -59 32 53 -78 15 97 -66 15 -70 85 -61 32 -18 46 71 -33 89 -87 -66 5 0 -92 78 7 -29 49 85 21 -61 -9 -28 -64 -38 98 4 26 -32 -10 -32 51 15 -9 43 -88 16 -45 97 -49 -92 -61 82 30 -38 -28 88 97 30 -96
24 -61 -89 51 -25 -30 -58 -92 -10 -22 -60 -31 -61 -29 -31 -7 -22 82 54 63 -10 -4 -47 -95 98 93 78 63 65 -11 30 23 -66 49 -97 -47 84 -99 42 -29 51 -14 58 13 -23 58 29 66 94 -52 -1 65 12 40 -93 88 -72 62 82 16 29 -62 -48 -24 10 36 -19 21 -6 86 -73 29 -25 91 -37 3 -77 -69 -55 -58 -34 -92 -17 6 42 85 32 49 64 -7 -15 19 -60 3 -1 99 2 30 -7 -66 -6 -86 13 -86 -10 -11 71 83 59 -97 71 -71 65 38 42 -3 10 -22 72 -89 -54 -37 -86 -57 -67 96 -37 20 94 19 34 40 49 -51 19 -88 -9 -48 -45 38 23 49 88 -54 -61 82 -20 -43 54 33 88 13 24 65 -14 71 -100 -71 -66 71 41 53 91 71 -43 -2 -93 -2 52 -50 -36 10 -54 56 12 -5 -4 28 94 -58 -19 -59 61 -41 -92 56 -42 22 99 -37 17 80 13 81 -70 -95 -33 14 72 43 37 -1 -26 8 31 -34 52 -99 -13 37 73 -55 -92 23 46 -58 48 -11 -86 -9 -12 -95 64 -31 64 -48 47 41 -73 19 -92 42 7 14 51 -64 -6 67 -72 -83 77 -83 20 -74 -18 96 -54 93 52 98 19 -66 97 87 1 -31 33 -7 -60 39 73 -79 20 99 -96 -43 -38 13 -20 58 32 16 67 -53 -65 -48 -30 97 -77 -24 -80 -61 -2 -42 -23 -65 -84 11 -99 88 -12 -34 44 -55 99 -98 -59 47 -49 -29 36 -32 -68 -93 -67 -42 -3 -1 -3 -77 -6 -64 -25 95 -93 -16 -87 74 -34 85 84 72 -31 34 29 -29 27 1 93 35 34 -86 58 61 11 -49 62 -79 26 49 70 -57 1 3 -56 -4 77 83 -86 -31 46 79 -2 -63 77 -12 -24 -52 94 -73 -78 -52 -46 -29 59 62 61 68 50 -62 64 -53 53 -46 -87 69 -30 51 -64 2 100 -47 -1 1 -96 52 -67 84 -89 -44 -16 98 -95 -1 86 -75 -73 -69 76 74 -86 3 -26 -100 25 -80 -49 -69 -99 -75 52 71 -94 43 1 -8 38 58 87 16 93 71 69 23 8 8 3 -56 60 -27 62 77 -64 99 -9 8 -86 -99 -79 1 -100 24 -21 86 7 94 -94 88 -4 34 -71 -51 -11 -58 -11 39 27 4 -26 -80 68 -49 -87 -27 -77 74 61 8 -34 2 -98 27 88 -35 -15 -55 -86 56 20 -56 -98 -57 50 45 -40 -49 21 -95 -24 49 24 39 -48 62 -82 -60 90 -94 27 18
70 -52 -71 -50 59 78 -12 49 -40 -81 -83 -21 78 76 -15 -43 9 -4 -55 88 -99 17 98 72 -33 -1 76 -30 -12 9 38 -25 -66 -90 73 -23 95 39 83 81 61 11 -36 29 -71 7 96 22 59 44 -93 -93 -32 81 -66 59 49 -38 -73 -59 79 -86 19 -6 36 -30 1 89 73 72 4 -31 -65 6 -57 -65 -44 -78 27 67 -28 -6 -89 44 6 -42 -99 49 62 -53 15 45 12 75 -51 78 16 3 63 -8 34 40 -48 11 98 94 -12 -26 91 -89 71 80 -61 -48 58 -22 42 30 20 99 -61 12 41 75 34 17 -93 61 94 57 48 16 -10 -83 21 99 -81 88 -77 -27 -82 89 -77 97 -41 -82 91 77 44 -90 -8 -30 -25 60 -53 -36 18 70 36 42 28 89 49 -15 -37 54 -4 76 -91 14 -25 -67 -72 -31 -43 34 28 32 77 -82 52 15 31 66 -15 100 23 17 -36 18 -42 -38 -51 56 66 38 -79 -93 26 11 16 -63 9 -50 -1 -93 -66 -53 -51 68 78 37 28 31 -24 -35 1 -52 -79 -39 79 94 14 89 92 -57 -68 1 -39 79 77 -29 40 -12 -80 71 99 -89 -90 -56 -24 -16 0 54 -46 -75 -20 -11 -71 84 -53 -21 -20 -68 -46 42 -21 -51 6 55 -15 -62 3 40 -10 -34 18 54 -82 62 79 65 -58 -64 67 69 10 -81 17 49 -78 37 76 -19 35 -92 15 -39 6 -89 70 -36 -44 82 -36 27 93 69 -69 87 -61 20 -11 31 93 -94 -52 82 -15 57 9 18 64 75 -42 -40 17 -62 40 82 81 -47 39 -72 52 -33 6 15 -83 68 40 -94 -66 17 -9 -53 20 86 43 -31 -13 51 -78 -88 -64 -72 -6 -32 -22 44 -90 -68 22 71 44 41 87 47 91 61 55 -92 -49 -56 -27 -56 -70 -89 -70 36 7 -72 81 -47 -27 -83 83 -41 93 -89 25 79 12 -31 21 48 38 -79 -92 36 -52 -22 -92 61 -45 55 6 70 -42 44 98 14 -66 -93 81 52 50 99 -20 -17 80 95 97 78 95 21 -84 -94 10 -45 27 -17 -63 -78 -56 -7 -39 41 -5 11 -44 99 57 -8 88 61 83 14 90 80 -95 65 -65 -45 -32 90 71 -89 12 -74 -85 -18 33 53 82 -45 -91 21 -40 91 -2 -45 -14 -29 98 87 -79 -24 51 -70 -31 68 17 71 43 -37 -67 -66 -16 92 52 -17 -25 -77 56 62 81 57 -39 -49 -61 16 -59 -30 68 67 55 -44 10 -37
-61 0 -67 -11 -13 10 61 47 65 93 98 14 2 83 -28 -6 73 -82 81 -82 -71 -15 -86 -52 63 -34 -95 38 50 76 98 88 -91 90 93 -79 -95 84 -49 26 95 -82 -39 99 35 67 23 -60 -13 7 31 19 -41 -75 20 18 -68 -41 -51 81 66 38 30 40 60 -79 85 -60 -57 -31 -25 -88 56 57 -51 26 28 -25 -37 71 -92 76 28 10 -68 3 82 -12 13 96 70 19 -89 -83 46 -76 -28 38 38 -37 -85 87 -88 -30 -40 -45 45 15 36 -66 51 56 60 -72 -91 -39 -13 8 -70 -7 -40 71 63 -72 10 0 48 98 45 76 56 57 -21 93 -12 -75 95 37 38 9 -76 0 -79 10 56 -20 51 35 -64 -68 -16 25 -1 21 -43 -64 -99 23 45 -83 -52 -19 -65 -52 -37 96 -26 50 -59 13 -64 92 -67 -63 -44 -88 -91 57 -10 -61 19 31 -11 -42 100 -12 89 -91 -57 -51 -54 62 -49 48 -94 -84 -26 6 -59 -23 82 -3 -68 64 87 49 -13 -66 -47 -85 9 -57 -69 32 -3 68 66 -24 11 -80 -29 99 66 -22 13 -9 -14 -33 -35 6 -94 -56 -9 -94 56 25 3 5 -69 66 -70 -65 95 -31 88 46 -16 -4 76 13 -64 -39 -100 32 -14 51 57 -49 22 -4 99 22 82 -78 32 9 3 19 23 69 53 20 -37 51 -87 12 8 27 48 2 88 -72 -23 -13 4 18 72 49 98 40 -57 -75 37 49 23 -89 -56 5 86 -45 -12 -52 99 -55 -51 -17 -21 -76 -87 71 30 75 -2 83 -49 -96 92 9 94 -51 43 -10 -69 -71 -81 40 94 -42 -84 28 -5 69 70 81 -87 -12 34 -4 14 -38 58 88 -34 11 -37 -68 84 -81 -12 -91 23 -24 58 -18 -1 56 76 -11 19 15 53 89 79 43 -35 64 -63 -82 -25 84 27 -55 -58 -82 65 2 20 -59 -94 65 -46 -47 -48 -17 65 -61 -60 -27 12 45 45 0 -61 -50 -64 -12 -81 -86 -5 60 13 -28 -18 -73 99 8 -97 81 64 54 51 37 -90 11 -75 -19 49 -40 5 49 -26 11 43 -58 -46 -55 -43 -75 45 17 -54 13 37 32 -13 -73 -43 -1 -92 -54 9 -19 -77 76 -27 67 -52 -28 -70 -22 -18 -65 -56 58 -38 -52 -44 23 -19 43 -46 -70 94 28 -40 -72 -82 19 29 -36 -15 38 84 46 -21 -91 1 29 -16 36 -43 -45 84 -67 46 -41 59 51 -99 -56 5 26 68 26 7 -27 -35 1 94 -62
-86 -6 70 -2 -76 -3 -12 -45 -85 -90 8 -27 -92 47 -80 97 -37 -49 29 -83 -32 -85 22 -29 -44 -81 13 -51 -52 92 11 57 49 -50 88 -81 50 -22 85 -53 15 98 41 68 28 -72 33 -1 -56 28 -37 -24 -56 95 52 62 -51 -60 94 95 36 66 -68 -47 5 63 -3 -61 -91 -57 -84 -79 -93 -90 -24 37 57 -20 -6 -84 63 13 -44 -50 -70 -67 -4 65 -30 36 77 65 95 76 -73 -12 -13 87 53 81 -37 19 -58 36 20 36 -15 -16 -38 -53 -20 84 2 94 27 62 -82 -16 25 -83 11 -25 83 4 10 13 -39 -99 -70 -97 16 -32 -52 -15 98 -88 57 -53 36 -71 98 -60 -89 16 12 -35 10 -35 -63 32 -36 -53 21 -25 -36 -38 -84 -63 23 69 -35 -90 86 -3 -43 16 89 -2 53 58 92 -6 -25 -98 64 36 27 81 -51 81 -64 82 24 -53 91 -89 -81 -41 83 20 34 13 -78 -25 -68 -61 63 -93 -45 69 -90 -32 68 -10 -92 87 -36 -96 83 32 25 28 5 -97 -23 -13 -55 42 -86 -54 -11 -89 67 74 28 94 32 -80 62 -9 58 -60 -92 19 69 -45 -5 86 11 66 16 16 -86 -62 -95 -48 -4 -91 85 -68 49 26 -58 12 -50 37 -17 57 48 -84 29 19 88 41 -5 -98 78 9 -26 0 35 -99 -50 85 -60 11 17 53 -30 25 78 -82 -8 18 -80 -20 -79 -98 28 -18 6 35 49 -98 -61 -67 0 47 -46 -28 70 -37 30 48 -73 -68 98 -90 -24 -11 -77 83 41 -62 -15 -48 -82 -4 -30 -15 -55 14 -17 37 -11 -84 45 8 -18 -46 -94 62 48 -6 -18 25 -8 59 58 -24 12 -56 -52 -99 48 -28 -56 -91 -38 99 -21 -89 67 19 -93 -24 -70 64 81 26 33 -10 25 24 -99 -82 63 -12 35 74 -95 -74 -25 32 97 4 61 71 45 13 -20 -47 -84 -28 80 -98 -34 -4 42 -10 -17 86 11 -26 98 8 -30 -10 -63 13 94 75 90 -7 -80 -31 28 60 -37 -74 3 50 56 97 -17 -73 85 84 84 40 -10 -46 46 -6 15 -67 94 -63 27 -94 68 -25 -84 51 -96 97 -37 13 53 -96 31 79 -21 -5 3 75 -20 -71 22 -71 -64 -17 97 59 -32 -22 96 68 -51 51 66 54 21 92 -42 -2 -94 57 -9 -70 44 38 -23 58 44 -50 -92 49 -47 25 62 -93 88 64 -67 70 57 -15 53 -81 -49 21 -77 -89 -2 92 26 -58 -32 -44
-17 -1 -59 -24 -53 -93 21 88 39 -41 92 87 83 59 -44 14 -31 -76 -38 -45 -75 99 24 -12 63 21 55 99 -93 -39 -72 -29 75 0 82 -65 -44 18 -42 -16 -2 -60 -23 92 35 16 -1 -83 68 -65 -1 37 -93 88 -68 97 44 -30 -45 51 -58 -35 14 4 -16 -23 88 87 29 -39 57 38 -7 26 -89 28 59 75 36 -74 55 -59 50 55 -64 49 52 -92 68 87 85 19 71 10 -71 -92 -87 9 -74 -12 14 1 19 15 -96 78 53 -77 32 -42 70 -24 53 -16 89 -35 23 -79 -89 -27 57 -65 30 -57 90 -58 -42 -17 -87 -41 77 -15 46 -40 26 -49 -74 37 -31 24 -37 -17 -12 96 29 86 -41 10 -98 -67 25 -50 100 93 -30 33 -90 96 -78 86 85 -43 90 50 59 -66 -47 -13 55 -42 -37 73 -83 -77 79 77 -51 -26 -71 97 88 23 87 -70 83 -88 -61 11 -84 -51 80 -11 91 -44 -1 -93 -41 30 41 -36 -31 -62 99 -23 -25 81 -78 -90 91 -66 91 95 63 -28 96 -9 -9 9 -74 -46 36 41 -68 -37 84 31 -82 71 56 -99 41 -87 -71 -58 76 -12 51 23 -19 84 -32 85 21 51 66 88 38 -33 -19 82 -94 7 -34 55 -82 -72 -62 39 94 -43 37 55 97 31 16 -83 -30 2 30 -75 88 -49 -59 93 80 22 -71 -40 17 97 65 -84 27 -11 100 98 18 66 82 81 50 54 64 84 47 -37 -31 41 -69 15 -12 50 -23 -54 72 -48 3 0 35 53 6 54 1 -82 -91 -15 58 -1 54 57 9 -59 4 59 -6 92 84 58 -71 -19 14 34 64 34 36 33 -62 80 13 35 -81 67 -4 28 -66 -91 -74 24 -7 17 -81 -94 -16 -90 91 -49 49 -53 -76 72 53 -80 -98 27 -20 -48 -20 -61 73 7 22 -79 -89 -80 64 -12 -75 90 51 -91 -7 -89 52 -30 33 59 -55 -11 -9 85 52 32 66 98 35 -53 -7 -91 98 -77 -32 37 -61 63 -74 57 -8 57 54 23 41 -80 37 73 -57 -99 -49 81 90 37 -78 91 66 -35 -14 -25 62 58 45 -54 21 47 60 -91 98 3 79 -96 -43 65 55 -56 25 -50 -21 11 4 -34 60 -44 82 -22 -63 43 77 18 39 42 59 91 -18 60 -79 65 -99 6 30 93 -83 8 76 -36 69 -5 33 50 37 -20 -46 -76 -71 98 -25 43 53 -98 9 -46 95 -20 70 70 56 97 -16 -2 55 -85 -13 -89
-66 51 57 60 -31 56 45 -28 -98 6 34 -74 -67 58 -32 77 -8 -65 39 99 0 47 -82 -8 42 35 77 56 32 89 32 -16 61 -28 -100 6 93 68 -19 -44 -64 1 22 -16 -36 -85 37 -54 95 47 -91 -3 -63 -61 -2 8 -96 56 -77 61 57 51 -99 2 -17 -29 -37 -78 -87 -57 78 26 -80 -42 -52 -46 29 61 -83 47 97 54 46 -27 2 -79 -57 44 -77 42 -13 98 85 -75 34 -30 -8 97 6 -84 -44 -76 14 -30 28 -48 -40 73 -16 5 -40 -77 58 65 77 -12 6 4 42 79 63 -93 80 25 -57 2 15 -90 -31 20 95 -57 75 27 12 -48 -23 -90 27 17 54 69 10 -21 9 70 62 15 -56 -77 -51 31 20 -98 -45 -42 82 59 -29 62 -82 83 94 14 59 -19 16 81 45 30 -30 -31 -56 32 -63 77 -32 96 88 1 86 -10 -45 -80 61 96 6 -20 71 -66 7 -88 -40 -84 -92 -93 -40 -16 -82 -96 35 79 -32 -41 -25 -15 97 -22 -2 32 -36 -58 82 -81 -58 31 41 -23 -63 12 80 26 -75 61 -10 56 -30 -10 70 10 70 -51 93 -61 29 29 58 -67 77 -47 -47 -63 -25 -69 67 67 42 39 12 -20 -20 81 10 -1 78 -38 -81 47 91 -5 24 -33 37 10 -52 -1 -60 -26 42 -92 56 -19 -32 -33 54 12 81 45 47 6 32 -31 -87 15 -22 77 -43 86 -50 52 -99 -97 48 -12 -65 -79 17 -54 -76 6 63 -100 60 38 -4 37 -69 0 -50 -59 58 -97 -53 -96 -73 78 -7 -78 -100 -24 -73 23 -11 44 16 27 -93 -94 -47 -36 89 16 9 -51 51 73 39 9 55 -34 91 44 7 42 -30 92 16 -83 -100 84 -74 -63 64 35 -62 -33 -57 68 49 13 -99 -35 7 -39 -98 -59 -79 24 82 -42 -79 -80 69 71 89 52 24 16 18 -76 -9 -30 -83 -8 -58 -66 62 -39 -47 -9 -25 84 -47 -32 75 56 -27 -15 -76 -5 74 -25 -63 -43 -72 -42 73 -25 34 20 -51 -90 25 -92 -94 59 -10 73 -62 84 -11 -58 -63 -43 36 -62 -53 -44 20 51 43 -57 -50 -21 -68 -9 31 -29 -42 33 -71 -54 -87 -88 80 15 -44 70 -77 -63 97 1 50 41 55 -11 -29 60 22 -6 -71 -70 21 -69 58 99 -40 62 99 -43 65 -6 6 6 55 8 -4 -27 -16 19 47 -12 93 -60 52 -78 7 -22 82 -53 13 -65 -94 35 -44 87 21 -36 -21 50
61 67 -30 -52 -88 40 100 0 -16 20 74 -67 15 -57 45 43 -1 16 42 -6 -62 51 -68 60 90 9 -46 -11 6 -31 -19 -84 -25 84 10 -35 -65 -47 70 -19 -30 -27 49 -5 -6 -70 -31 40 -26 79 -6 28 -31 -47 -98 -3 -2 48 65 35 -33 43 -56 95 50 -13 -37 21 37 99 12 -51 -19 80 -75 -58 -48 -80 -42 79 -80 47 -39 -83 41 4 67 3 84 61 -74 -8 -1 88 -39 -76 -25 -5 -32 99 19 -96 69 76 87 -93 86 33 -17 46 32 4 -96 -42 54 71 71 -52 40 43 64 88 -27 -47 -1 -48 33 -83 -58 -92 77 65 51 -69 -41 -77 -46 -63 -41 87 -62 -18 56 -73 1 -6 44 22 77 -17 -46 32 -66 13 -22 -67 -16 -100 -31 -76 62 -22 32 98 -92 -28 -53 78 10 -84 96 64 53 77 56 -52 -44 -100 98 -96 -34 64 -90 79 7 68 67 89 58 -47 26 -13 -2 21 -71 -91 -63 96 -18 -32 -11 55 -6 -26 49 -61 30 -56 -10 43 66 -80 17 -53 97 67 85 33 -20 82 46 -62 -58 -59 85 24 20 -34 -9 -78 97 -34 88 -21 23 77 -66 81 -63 -11 5 10 -46 -2 -52 -24 -32 90 87 27 -6 100 7 -68 -26 13 2 47 59 90 -13 -30 -91 90 36 83 -7 25 -10 -9 -26 74 44 -69 -41 15 19 80 -81 -90 99 -17 -51 93 -10 -67 -25 -98 96 63 -25 -97 -57 -76 -6 -30 -12 81 -99 -67 57 -18 -37 54 -21 82 49 -23 81 99 55 66 45 100 -53 65 5 -50 -74 -11 -41 10 49 13 12 -73 -51 79 96 -48 16 2 -9 -79 79 91 -23 -56 5 -29 45 54 -61 -43 -89 -10 -72 -26 -10 67 -29 -8 -72 17 -47 -85 -46 75 82 -96 42 -8 59 4 -55 -39 9 70 -10 -88 98 -89 -4 49 -83 5 89 62 -43 2 -91 -15 -84 34 -48 31 -55 26 4 70 76 -95 -11 -93 61 9 -68 -99 -40 22 97 39 60 -58 70 -34 50 -17 69 21 87 33 -38 -35 -20 -40 95 52 87 32 -24 0 5 76 -54 -31 -74 -90 100 -34 -61 -2 4 -30 -62 -69 -61 -21 80 93 12 36 42 98 -12 -10 2 83 3 88 68 5 74 -100 29 16 26 -56 -1 59 72 -22 72 -91 -92 -10 -58 -18 28 -44 -69 -64 59 -19 85 29 -100 4 7 -84 37 -88 -27 43 -59 -89 77 7 100 31 -88 42 -36 -42 -92 -4 25 -80 -53 -48
3 76 7 25 -93 74 91 -35 87 47 -95 71 -42 57 56 -62 67 76 -82 27 88 -16 40 -73 -5 -48 1 -74 96 -41 -5 -94 61 73 -16 8 -3 -24 4 -85 -9 74 -50 -93 85 80 14 33 -12 -41 -43 -65 38 -27 77 0 -45 63 -72 36 -57 -16 -8 38 -75 -30 50 22 21 -85 68 53 -62 7 63 -49 100 -88 20 -64 -66 22 -41 5 45 -57 9 -9 62 32 18 -32 -16 58 -32 -24 -82 -83 -27 76 31 17 71 -14 -2 67 53 -29 -92 -39 -35 -66 12 -91 76 -4 -61 56 -73 62 32 47 22 -78 64 65 46 -89 -40 -23 -23 -57 -37 16 61 -46 -96 63 -44 66 -55 -91 -23 73 -43 75 32 82 -15 -32 22 89 2 11 67 -56 41 -23 -2 -85 -74 62 -70 -95 -62 29 93 -50 67 -51 -16 -98 17 -70 0 -6 -1 33 -50 62 -46 89 100 81 10 80 59 68 -3 -83 -63 -74 -68 -25 12 74 90 -63 -3 -17 71 -94 -5 20 -22 62 -72 90 -97 75 -81 78 2 -86 80 -8 89 64 -80 13 -9 71 -81 -93 -30 6 13 87 -36 88 41 1 80 58 86 -23 -5 53 48 -81 -1 6 -74 -100 -24 -98 63 89 88 16 67 -48 23 49 87 -15 98 2 -60 14 -31 -41 22 -86 67 18 -99 -19 85 44 44 44 -100 -66 38 -35 31 -26 -79 -29 -85 -87 72 85 -100 -99 58 33 17 69 -8 33 61 77 -28 -66 -17 -70 95 56 -69 33 0 79 -96 -51 31 40 63 19 -91 -100 -91 -98 84 14 29 -60 -75 -98 -39 18 84 -98 -84 68 -47 25 95 98 -8 -19 54 -36 61 -17 70 -47 -27 39 23 -17 -15 -12 51 12 -39 -45 4 -20 48 53 80 33 18 52 -27 -63 -63 77 3 43 16 -92 86 99 47 -13 -30 74 2 -22 -43 72 -66 -44 91 -96 58 -5 51 13 77 -60 62 -80 23 -43 -87 99 -24 -79 -31 71 36 -53 -11 -52 -8 -86 45 29 77 -17 -71 78 -19 84 -66 71 33 -58 -91 92 -16 -65 -34 -7 -57 8 -62 42 -39 86 -88 77 56 -34 61 -100 86 18 65 -95 50 58 -23 77 -88 -93 -97 64 -3 93 92 -55 -99 45 -38 -50 -21 -90 -32 -91 -64 -62 88 -70 -40 -47 -65 -98 97 70 -33 97 77 81 -15 -96 86 -89 68 17 -16 71 -62 -66 -15 -74 42 -60 -28 -89 17 49 -36 -16 -5 -5 41 23 42 94 98 -6 23 74 -79 88
2 62 -42 -75 17 -70 -92 -7 51 -76 20 -40 -65 34 50 -83 98 45 -81 -23 84 -89 14 -7 51 61 -78 -10 -70 -83 21 53 26 77 2 -12 -25 -1 -87 -98 -12 -5 67 23 45 91 -70 -50 -71 -6 -53 65 53 55 65 -3 -93 66 -32 8 -94 -7 -68 -65 -100 98 12 14 -35 -94 2 81 47 70 -94 29 -16 98 48 52 91 92 -69 -75 51 81 -64 -10 -16 -43 -8 -67 -2 -19 67 -66 43 83 -48 26 -95 38 50 45 0 -80 29 81 33 9 -68 13 1 48 36 -51 55 -33 7 16 -30 51 21 2 28 -25 -89 -93 -15 80 35 -76 32 75 76 -85 31 -63 -37 -65 -49 31 -55 -42 -56 -61 -91 32 83 -78 -1 -64 61 58 -58 -24 -12 78 -100 -75 87 -68 7 -53 85 -79 -29 -5 31 94 83 -39 91 88 -97 92 7 -43 43 69 47 -52 63 -67 -51 2 29 -1 -23 -94 -98 -7 78 61 -72 19 89 88 -91 6 86 34 -3 2 70 86 -83 -58 85 -20 38 16 -48 -32 -69 8 66 -52 96 -86 -90 -8 -66 97 -78 85 -53 -29 19 58 -71 35 -14 -80 18 -42 79 77 -45 -68 18 32 100 -58 -86 -62 52 3 55 -14 -70 73 44 -9 93 4 61 -78 -2 53 71 -70 29 27 90 77 26 -8 -100 4 82 -48 21 58 -63 25 71 41 90 -13 -45 48 14 -25 46 31 -81 82 -80 -52 85 -79 21 -14 61 -71 88 -35 -19 -97 90 93 1 -26 80 -43 -16 -47 84 2 -65 -2 -88 100 13 -55 6 -3 -28 90 -47 23 99 -48 -36 -51 54 -19 89 -75 9 17 45 -27 -100 -92 10 78 57 24 73 57 64 56 64 90 -77 -23 22 -94 97 15 66 -35 47 25 52 75 78 -4 -36 -1 -59 30 36 -55 7 -4 -61 87 75 63 93 -20 40 -68 -45 65 -1 84 -33 -27 28 37 -57 -9 8 -58 22 12 65 -86 -74 82 77 90 -46 48 -79 -23 3 0 -63 16 -29 3 -88 20 -15 -78 61 100 15 -54 -36 -28 53 -1 -81 -45 27 -81 25 1 4 -4 -43 -5 -68 86 49 -72 -89 -45 91 16 -64 83 39 -91 -91 -34 21 -47 -31 -78 53 76 -8 -61 -54 81 -30 86 30 -22 -56 69 -34 -82 -27 73 -47 -99 -16 -75 -61 -37 -98 93 -15 40 -60 -82 76 60 -47 44 -98 -45 15 23 32 -30 81 -97 72 -15 53 61 -94 -15 -78 -76 55 22 -56 -95 -37 9
-39 -65 -56 55 -63 10 60 -100 62 55 16 56 57 -74 41 1 83 -60 25 -54 -51 -49 82 86 54 49 96 49 -33 -24 -77 -26 64 -42 6 -22 -56 -45 73 -64 -83 41 37 70 34 27 73 -32 48 -37 -89 -50 40 83 99 10 -22 -75 91 52 11 91 -4 -6 39 13 82 93 22 -64 -17 19 30 4 -88 -19 -83 -14 -94 62 -86 79 -17 65 -1 -39 -18 7 75 -10 51 71 48 2 -51 -29 87 -86 -6 -36 -43 30 33 18 -57 -36 -12 61 57 -10 39 -91 61 80 67 67 65 -11 6 34 -80 66 -33 -80 -92 -93 -45 81 -16 27 86 35 95 -13 -93 -51 -31 -92 46 78 6 19 74 -52 -23 65 4 -1 -93 27 -24 -50 -9 -93 -4 23 -48 -18 -76 9 85 -36 -73 -87 -3 89 90 -50 26 -96 -81 -56 -1 51 32 -99 90 70 11 22 79 -81 -39 56 -71 -89 59 -20 -99 76 -7 -96 95 89 -94 13 40 35 -54 -96 -96 -22 14 88 28 14 30 14 74 21 -76 53 89 -80 80 -69 -63 -61 -47 18 -63 12 97 35 14 -72 -37 -10 74 -13 -3 61 86 78 -99 3 71 -46 61 3 26 -6 -81 -5 -88 45 21 43 23 43 2 42 21 83 -35 13 64 -59 -59 -79 -62 -50 -77 76 -37 -14 -90 -4 -40 -73 9 44 -44 -86 96 29 68 88 -43 47 -5 -4 -68 -46 60 -74 -37 38 -29 35 -43 13 -7 77 94 -62 -34 33 -64 -21 43 -46 -15 21 -59 -89 69 5 27 22 -68 85 -37 18 -86 -25 42 -34 -91 -90 79 -52 95 -76 -69 51 -82 46 0 -57 64 5 -30 -16 -32 -95 -10 22 -84 -83 15 -57 -47 48 82 -17 32 -77 -25 47 100 48 -36 52 -65 -84 -53 -54 -35 5 -94 35 -61 -25 -90 89 -40 -90 55 -42 24 -56 88 -56 -85 90 44 80 -84 -22 -29 -84 -39 -38 -69 18 -13 -53 -39 54 -59 58 70 11 77 71 96 22 -21 61 -8 65 -34 82 88 49 -89 -58 94 -65 51 -89 -29 -59 13 -26 99 -6 43 92 -63 -7 -13 -8 8 -11 -5 -11 -53 -67 96 -83 -89 88 -54 -28 -55 -60 92 -42 -57 27 64 -61 72 18 91 62 98 82 82 27 93 65 -8 -94 -54 -59 -3 59 -47 52 -90 59 -63 78 -51 46 29 -42 30 -96 -53 70 -36 3 -3 80 97 -94 31 -54 -88 -60 -15 62 30 -63 82 24 -99 1 18 -20 28 62 -80 60 29 -48
63 -81 -43 -84 -54 -9 -12 -1 58 -29 -36 46 72 -98 90 -22 90 6 -62 3 -62 8 -47 24 33 -57 93 -94 -73 16 -76 -85 -39 -91 55 -41 -56 8 -86 17 -16 64 90 -100 84 -47 62 51 -21 -99 -100 30 100 72 42 -20 4 -94 -74 16 -22 41 -17 -81 95 12 -49 -59 10 79 -18 -28 -94 16 -66 -99 67 -67 -69 -20 81 -56 -96 2 90 80 85 -68 54 -12 -77 43 51 -15 22 -45 81 14 56 -89 29 -2 39 79 24 -2 -25 -22 -45 -47 -14 -28 55 25 72 1 10 7 91 43 21 -8 -71 -82 94 48 -34 79 2 -35 74 -98 58 -45 25 93 -65 57 1 73 3 80 69 86 7 66 -29 -51 -83 33 27 70 53 -2 56 2 54 5 38 -89 31 -94 19 23 -88 82 -43 -68 61 95 -72 -98 -52 2 -18 53 85 -65 42 -59 64 18 36 56 -14 16 -22 -87 11 17 -33 26 -35 66 27 -72 -2 -58 -31 36 -72 68 -32 23 -67 -6 67 -86 -27 12 9 -33 -76 100 -19 -71 -31 55 -80 -81 24 70 -71 13 1 -5 -70 99 16 18 -41 90 -97 -61 -24 71 -34 -9 -5 83 53 -88 68 82 63 65 51 65 -67 91 8 3 79 -57 82 -30 92 1 55 -62 99 -91 27 -27 75 59 -58 4 -52 -29 -78 12 99 -8 11 -18 -2 -26 -24 -67 -6 73 -50 9 -8 -63 33 -80 12 -10 -15 -1 68 -66 -23 -24 84 -6 14 -55 25 -15 15 -73 -78 -46 3 86 -9 80 -99 -56 31 -96 -80 48 -79 -33 -24 -97 -54 -81 -65 21 0 -34 -24 -30 4 -29 58 77 27 74 53 -46 -88 30 58 -52 38 52 -94 -31 87 85 94 -10 -62 87 9 54 57 -92 56 -96 -6 -41 58 54 -23 -11 58 88 -72 -6 45 83 -86 36 -80 64 44 -1 63 -81 -75 61 -58 6 -17 81 -93 72 -17 -22 79 88 74 67 20 -88 98 30 -23 -1 -89 42 5 94 76 -85 18 96 -26 100 -51 -56 35 78 42 -87 -92 0 -10 45 -21 -5 -35 0 -18 -77 -21 1 69 -78 8 41 84 -50 12 -84 48 -52 -87 12 -82 39 5 88 81 86 -76 56 -57 38 -18 17 19 -99 -40 5 -45 -67 20 54 78 -68 -56 -26 -45 45 76 -13 96 44 47 28 -23 66 -2 -36 -97 -97 100 -80 71 -63 71 -64 -87 67 42 -98 -1 2 27 61 -65 -99 37 66 22 -52 -53 20 -44 -6 24 61
26 63 24 -18 -40 -31 14 -87 63 32 -96 28 -43 -78 -14 11 -76 -42 -54 -3 -87 69 -71 61 -22 -67 88 91 -98 -39 -81 5 -46 -92 67 17 -29 43 -4 7 -83 -51 21 41 0 -95 10 -9 -94 -72 90 -46 94 70 27 80 -39 -51 35 88 -57 32 5 55 73 -12 -21 37 -13 50 -43 55 56 -42 35 -57 -43 -42 53 -5 -60 -41 43 -87 63 15 90 -17 32 -66 -45 49 -51 11 -11 -27 -45 -18 48 -100 -11 39 35 89 20 0 1 -12 -75 81 -89 -92 -79 38 -88 -86 41 29 -35 -70 -63 45 4 -50 21 -63 31 -80 76 -81 -64 -65 -79 81 -7 -50 74 75 -8 -66 45 -82 80 20 20 -51 -74 85 35 69 64 53 0 68 7 73 16 9 43 -82 -41 -48 82 86 -39 88 39 74 -24 0 -45 26 68 -93 -78 75 51 -74 72 -46 32 -40 15 60 86 -47 -22 72 -71 -27 9 -49 -61 36 90 94 -66 4 -44 -99 32 77 76 -48 -57 -7 -74 -81 -24 -82 48 76 -98 48 100 -92 -80 1 -38 88 24 55 -55 -42 31 81 -27 -96 -90 -15 96 48 -96 70 -92 17 -44 -96 71 49 95 -39 -21 66 -57 -96 -48 -15 -74 -47 -44 -81 -66 -64 66 78 86 -42 -60 58 -94 72 -10 84 3 61 25 90 14 46 43 66 36 -65 -86 19 -40 90 89 -40 76 -40 -47 61 33 -89 -10 40 58 78 -89 58 -32 47 59 -32 -58 -45 -58 -89 66 -100 -43 61 -64 61 -21 -54 -56 -84 -49 62 -58 -96 15 59 -31 -40 17 -59 59 73 -75 4 43 37 -65 23 14 9 97 6 56 -74 -80 23 83 -53 14 -35 -65 23 49 28 5 -84 -42 66 77 60 20 -80 -39 57 -81 -22 52 -40 17 54 87 14 -36 -68 79 -24 51 -30 30 -67 -89 53 -1 -37 -71 12 61 79 18 73 33 -74 -6 -23 -32 43 -41 -92 10 9 72 -51 -58 44 13 -67 -98 33 91 -53 53 65 -9 15 62 -34 -84 -60 87 67 -68 -34 -56 -92 -34 -59 -43 -55 36 19 60 85 45 -65 -49 55 -82 30 54 11 -61 -84 -39 97 12 -16 -95 -42 9 -11 38 -91 -9 88 -25 -95 -55 36 -28 80 -69 59 -59 81 -32 12 -3 26 90 41 3 -7 26 68 28 -44 100 -82 -72 -96 -77 78 94 11 71 37 62 98 -87 -13 23 39 42 6 -39 16 -13 74 52 -33 28 29 -4 80 53 86 -6 47 -85 -98
-42 87 4 78 55 9 -29 81 75 45 52 80 33 -8 74 -30 76 -77 -45 61 68 -78 56 94 28 35 -63 -78 43 15 15 57 -83 -22 -12 -1 33 -43 15 1 -66 1 -4 59 58 87 68 1 -35 88 -40 -17 65 -5 86 17 -4 1 95 38 14 -79 -19 37 -33 -72 37 1 -54 -56 -34 -78 100 95 95 -69 -46 40 -45 -90 -1 -99 7 3 4 50 -52 -24 73 -1 66 -18 33 10 -54 -29 -18 -3 23 -85 -19 -73 5 -13 62 -87 -41 78 -31 -36 -9 -33 15 -7 23 -5 -89 81 -16 -90 49 -6 -86 67 2 59 4 82 19 7 80 42 -79 -65 -100 -62 -60 -69 96 50 79 -61 -16 64 41 85 50 12 -8 81 52 -73 -97 -68 42 -62 -28 -93 24 -21 18 75 -11 70 -55 -95 -66 -88 -78 17 -4 43 -84 56 42 -40 -38 -71 -100 -89 27 -96 -59 -49 -81 24 -58 52 56 14 -44 -76 24 8 28 66 13 -9 -89 23 61 84 -30 20 25 -39 92 99 64 86 -27 56 -15 53 -43 -17 40 -33 64 -59 -44 80 -61 -1 -10 -22 -13 35 92 99 83 94 77 -11 -25 -10 -78 18 55 95 -18 -49 -12 -48 -71 34 31 -100 -18 36 78 26 85 12 67 -51 19 -54 62 -49 32 74 -24 -48 92 43 21 97 18 -63 1 76 57 49 2 40 -87 -28 65 10 -96 80 -59 -26 -86 90 63 -36 43 -90 -43 -34 -22 43 -41 -98 7 -53 -31 -23 25 95 -25 18 68 -51 6 -84 85 -94 29 -63 -23 29 -31 15 62 -53 -3 68 23 -42 -32 56 -76 -98 -55 -18 -25 -73 91 65 83 91 -84 14 -52 28 -89 -62 -17 -6 31 -77 38 96 96 -5 31 55 84 78 -50 -92 86 73 0 -52 -27 -49 65 -91 -65 85 41 -86 -95 13 55 -50 -85 37 -54 26 90 -5 -28 5 -36 44 3 -88 -25 19 69 43 -33 -29 57 -71 46 45 -73 -63 44 2 89 52 -75 -89 -98 -80 80 -25 61 43 51 2 82 74 30 91 21 -65 -15 63 87 65 -33 -30 -94 -47 64 40 100 -8 -18 15 53 83 -52 -24 80 22 -74 77 18 13 -55 96 -27 65 -52 51 -37 -60 77 63 -50 65 -99 -42 6 86 -99 -55 -10 4 -44 -65 64 94 -94 85 -46 79 -32 -45 -68 -23 1 62 1 17 -5 -79 -73 29 57 -27 -54 62 81 -23 -8 16 23 -99 -27 75 75 95 -42 6 -11 20 20 -35 -47 -68
76 -100 29 26 -30 -43 74 -48 -7 -11 78 28 -36 66 -26 4 76 11 -84 -22 60 -53 -88 -48 -37 -44 -32 -8 -73 8 -56 93 -59 -28 31 -12 -22 -3 -68 -22 -1 25 -6 -29 -28 -7 15 -46 -5 9 70 69 -77 50 -49 24 2 -87 75 -57 -16 14 -54 -10 -18 -41 55 -52 76 27 -44 -89 -2 -8 -5 -20 65 64 -56 26 96 -52 100 -8 11 -55 86 -98 -6 -53 -9 60 -72 -20 -58 11 69 -29 -65 -30 64 -9 -88 -58 43 -10 8 -36 -40 75 -75 -62 -78 -81 -5 61 -52 28 72 -76 -6 -33 14 6 -15 -12 78 -31 62 29 -10 -76 -58 -26 -64 -46 18 -56 -33 28 71 85 -94 -66 -72 -70 -87 -96 94 -66 23 -13 36 -54 -80 -4 33 77 27 70 79 -4 9 -34 -41 -14 -31 27 -27 71 77 87 -8 -98 -13 -79 -51 0 1 68 -50 -32 3 -2 65 9 86 64 -22 41 9 -40 52 -3 -51 -94 -70 12 -69 -80 0 97 -50 70 65 82 16 85 -8 -25 30 43 72 43 59 45 68 18 45 79 51 -11 78 85 99 75 2 -22 41 96 34 -22 -88 100 -37 -54 21 -44 -97 38 -5 72 56 -50 85 71 -94 8 39 19 -51 -27 -26 -50 87 67 -76 15 87 -16 82 43 88 -30 -60 98 59 -39 -68 -61 78 -78 8 -37 64 -58 94 -74 -96 -67 42 61 -75 -51 -11 -25 1 47 -4 55 97 -93 -68 -61 91 25 52 -75 -68 -77 -91 42 35 -10 -75 -86 43 22 11 -30 83 -60 -80 76 -71 -42 -50 36 46 6 -88 52 -86 -90 -50 87 -74 -51 19 99 -96 -97 -48 -60 82 -15 -12 -67 -7 39 80 40 48 28 57 58 73 -95 -38 -45 -90 12 -73 -43 -57 55 37 -37 9 39 -25 -54 57 2 -50 -62 -50 15 88 36 -1 35 -99 43 -26 -64 -73 -34 49 -89 11 -3 39 -31 -93 29 -86 5 54 -22 48 -75 66 53 57 6 -85 -9 -97 -59 -1 -54 73 -58 -49 -32 80 -44 -13 88 -34 -90 -92 -65 -76 -9 87 84 15 -16 56 93 27 74 76 11 -43 48 -59 -66 15 -15 54 15 -26 100 37 36 32 -64 -72 -91 66 77 -33 18 -82 65 -69 66 -70 8 -39 -35 -70 86 -84 -1 93 -37 33 8 -85 91 -66 -82 42 72 -37 -52 61 57 -20 -80 68 -12 -98 -34 -89 -89 91 -15 13 52 89 -67 11 -49 -35 -57 17 29 83 56 27 -94 -19 -42 79 12
-73 11 5 -97 10 -73 58 73 -10 -88 -45 -14 -18 4 -3 -83 -10 80 52 -39 16 -14 98 -35 -100 -65 -31 12 -2 -47 -48 -18 -26 -16 -48 -52 -83 25 13 -20 -57 -14 34 27 99 24 11 26 -4 39 35 -23 -47 61 72 -79 18 -1 99 88 -70 21 -75 -40 60 -61 86 27 -87 70 49 18 13 -71 83 -99 38 47 19 90 12 6 -83 45 -17 3 -76 5 -49 0 4 -40 -95 11 42 8 -19 92 60 66 31 100 -14 22 11 -8 -57 -36 -83 -90 4 71 -45 84 -37 -64 -50 -96 41 61 32 48 78 -90 40 37 96 56 12 -35 97 40 83 26 58 21 73 -44 53 99 29 64 82 -45 54 36 -86 100 -41 93 -55 -13 75 76 82 21 84 96 21 -18 -61 -90 -38 -47 75 -59 -4 -12 27 85 58 -56 62 85 -78 -90 -9 45 -50 89 64 12 -92 57 -26 86 -95 -62 -36 86 -10 -70 26 13 -55 11 -23 -85 -85 51 47 7 -2 -34 -98 57 87 49 -4 -84 7 -52 92 60 50 2 -62 68 -71 -39 27 -89 94 39 -6 98 -28 34 -72 -58 -99 -100 -26 -86 86 54 -33 75 95 -33 -12 -74 84 69 -79 -38 -98 -25 -63 34 69 51 51 18 58 -59 -81 -97 65 -84 -17 33 -14 60 -7 35 73 -72 46 -54 18 49 -86 31 95 -62 -64 -52 -78 -11 -89 92 21 -32 13 41 65 -29 -47 -20 21 43 -19 -7 31 -22 -24 -78 -80 -20 68 50 88 17 41 -79 -12 -51 35 33 54 24 -12 59 43 -65 -20 -40 -41 -29 57 -78 -35 -54 38 -36 86 25 -46 -98 -16 33 -49 -64 60 -100 -41 -7 -63 -15 -33 51 84 -52 -67 40 85 -66 25 -5 -93 -93 66 3 -18 -64 98 -92 -36 7 43 -17 96 -57 56 -73 -55 52 -91 -2 -54 -5 40 -87 17 57 -33 21 73 78 30 76 9 36 -52 -75 -27 -30 -22 -52 -2 46 11 37 -87 72 -53 40 -69 83 -76 -69 -32 32 -93 -94 20 17 -66 -42 -59 70 -23 -37 -78 -20 30 8 -27 96 -73 -76 -69 -27 29 -32 -14 -72 -85 18 29 -56 -42 48 -2 56 8 -42 63 -27 -96 59 -21 30 -17 -29 17 -21 -59 46 36 16 66 24 -72 -19 -32 -79 -29 -78 -87 34 38 -36 -31 10 14 92 -55 6 35 -67 -98 -33 -28 77 -17 -73 62 66 45 -31 34 -84 -37 -43 -62 -50 -76 90 -48 -34 -32 75 37 24 -1 73 -1 -14
39 65 -67 48 -24 47 97 82 -97 -29 -62 61 3 -97 78 -12 -26 -59 63 -14 16 78 92 77 65 98 -29 -53 50 -1 -7 34 -69 57 -75 -67 -10 35 69 -96 87 63 -59 37 10 98 26 27 44 -79 -17 -32 51 65 -46 84 13 -65 -60 17 -43 60 -25 39 -43 59 -22 -15 21 60 -3 -16 -22 44 -69 66 17 51 -83 -19 58 10 16 22 -69 42 -75 -7 73 -42 -45 23 -58 23 -90 19 -26 -76 75 -9 -3 -63 62 12 -28 -54 100 100 -10 66 -56 -27 89 26 81 32 59 -10 76 -44 -50 35 14 -48 -16 51 29 -17 -46 -18 76 -18 57 -69 100 68 -14 -78 -46 18 68 3 84 34 -49 -21 -62 23 -49 93 90 24 -98 -37 -1 15 -19 -100 66 31 -66 77 68 48 -66 66 31 18 56 21 35 3 15 23 38 69 -6 -97 60 -16 -68 -19 31 88 -60 -80 82 30 71 75 38 -38 74 55 18 12 -55 45 70 72 -29 75 52 90 38 -92 -15 -48 -49 -92 -6 23 50 80 -70 8 83 -85 100 0 17 86 -9 85 -73 -66 89 57 16 -26 90 -32 2 1 34 95 90 -84 10 -49 38 -85 84 22 -31 -41 82 -93 -2 24 -90 15 49 78 -51 -8 -57 -75 -67 -13 -80 79 34 -24 -98 -27 -19 61 -33 99 -42 -56 100 -15 -57 33 -48 -42 69 56 67 16 11 -43 -60 98 -50 73 45 -32 58 0 -89 -33 -8 71 43 12 99 -98 -26 -25 -27 -9 25 81 73 -37 -99 -100 55 -38 11 -83 47 -12 38 6 77 -73 -65 1 72 38 81 -18 -4 -17 25 86 44 22 26 33 -48 97 -92 -41 38 -18 62 -82 1 -35 41 81 -50 62 16 71 75 24 70 91 -44 -18 -41 86 -95 -58 45 62 83 55 -89 -65 -22 -81 5 -25 32 -63 -27 -57 95 14 85 -22 83 92 39 28 -24 -83 -38 -86 -49 -49 92 28 -52 11 29 51 31 -46 -15 42 -29 -50 65 34 59 91 18 100 -39 -34 71 -61 -18 -5 -86 -89 -6 -1 71 35 -8 6 66 -30 95 58 -93 -94 -12 -46 59 80 -93 -99 55 39 -32 -5 70 95 -19 14 -34 14 13 63 -5 50 -13 -59 19 84 43 19 44 98 99 -61 55 -55 3 -81 -4 17 57 72 -18 -95 -24 5 86 -27 -82 -2 88 -31 26 -57 16 -81 -6 -29 71 -33 -86 22 -36 -21 -92 34 -26 -17 65 25 97 -81 -13 -6 -81 26 -53 -12
-54 51 8 77 4 46 -4 5 27 -12 34 21 -14 -62 31 -19 0 -17 -21 -76 11 -73 -8 30 -10 59 -9 61 0 -59 21 -59 -29 90 57 -44 -35 88 79 13 -16 -18 11 76 48 63 17 -61 -53 -32 -38 40 -30 86 2 -65 95 91 84 -40 -54 77 -68 22 60 87 -5 80 -98 -26 -25 -95 76 -55 35 100 -71 83 -28 68 17 81 -21 -83 -23 -92 -78 -50 -94 -47 -16 -86 1 40 61 -65 85 36 -57 41 -79 -61 98 -38 67 -81 82 -66 29 -34 76 -15 10 3 16 -95 -50 83 75 45 -67 35 -46 -62 -36 86 -100 -72 -43 3 52 35 -63 -70 1 -69 12 22 56 -95 -59 62 -31 70 -79 -74 -20 94 -56 77 48 38 -75 81 89 3 -14 4 -95 -19 -70 74 13 -11 6 -20 -24 10 5 -73 -70 -33 -62 14 17 -82 59 -51 -36 23 -32 56 28 -96 -54 64 31 47 -81 98 -48 42 76 100 -79 37 -70 11 28 3 -38 -17 88 -76 -95 74 -8 -81 68 -95 -14 7 -56 76 -28 27 72 -83 -91 -91 78 -55 -87 84 58 -96 87 -25 5 -55 25 23 -41 87 -33 -94 -84 20 -94 -38 -68 -51 44 -91 -14 4 -18 23 -59 11 -80 1 -28 20 80 -78 -45 100 67 -61 -3 13 -49 -99 -11 51 -28 89 -2 -73 -13 49 -80 42 16 72 79 -65 55 -78 10 -71 2 28 -78 -80 55 -1 -28 2 56 -76 43 -35 32 -10 0 -42 95 69 -57 38 8 -5 21 68 -33 -82 -29 -17 -56 -98 -11 -11 19 93 -9 -13 78 35 80 -61 83 -48 54 -43 50 -46 -32 44 -78 94 -52 56 18 -69 98 16 21 -18 7 66 35 -9 6 32 -46 13 -57 -3 76 -27 -17 45 22 -30 44 16 -67 48 -49 70 23 57 55 74 11 -80 -6 68 93 55 82 -68 -54 -21 -58 -45 79 40 99 -16 -89 28 64 80 -50 -77 -98 -45 -83 -21 -75 29 -20 66 97 -85 -67 -29 -18 -51 85 -83 81 28 55 43 28 -84 14 20 65 16 -56 71 -22 81 44 9 60 -46 88 -57 98 75 15 99 66 70 52 -66 86 87 25 79 -5 46 23 -51 70 -1 46 97 -50 14 -70 28 92 83 -62 96 38 4 -92 -100 -90 99 12 83 -70 75 -41 -24 -69 40 -93 -67 45 -84 -47 97 -11 94 -28 95 -100 53 69 97 -4 84 23 65 32 78 94 26 -87 -83 28 -56 73 62 41 38 -34 -19 -90 35
26 50 -33 33 -27 -75 -32 -73 25 -94 -27 -57 32 73 -43 66 77 31 36 80 71 65 24 66 -12 -88 71 79 71 64 63 24 41 55 -8 60 31 -55 38 -63 -74 13 29 -5 34 19 -59 32 -76 21 25 -15 94 100 31 63 -87 94 5 6 10 -42 -77 55 49 79 8 39 -57 -78 57 40 50 83 -58 28 -26 -67 -48 -58 -74 -45 85 -63 -59 8 -9 -5 23 -8 52 -91 -84 -76 -52 -81 47 82 -12 100 -84 -76 40 -19 -96 -9 -70 -77 17 16 -2 -95 6 32 41 -83 57 -85 -43 48 35 -46 -17 45 51 -73 -73 96 6 -3 43 54 22 66 90 -88 86 57 -45 13 -55 41 79 -16 81 -34 8 -7 -76 5 -43 -27 -65 49 -95 14 92 -63 -25 -17 6 29 -86 28 98 -85 -73 72 86 67 -45 65 -20 -88 53 -90 -84 -42 93 83 -42 -21 48 -18 -36 -36 -40 -15 38 -43 -66 87 73 -2 14 64 -47 1 4 89 -92 -66 12 88 -46 -42 86 2 22 -2 -37 59 81 -25 6 -78 -99 67 -93 -82 -38 36 54 -36 -19 -61 94 60 7 -77 75 45 33 76 -56 50 -20 20 -77 -16 -21 -6 35 18 -16 -55 -80 90 -70 -66 -11 55 81 4 31 -31 -56 29 -35 -25 -93 91 -26 78 42 -65 88 -61 79 -30 67 16 99 -50 -60 -40 9 6 35 -45 -92 69 96 -37 -25 16 -60 -53 -61 -80 77 -42 27 -5 -7 -8 -27 -63 -79 57 54 89 -14 -94 -6 -38 27 92 -4 55 37 48 -38 22 -54 -15 -54 3 -75 20 98 -52 -5 27 -47 -71 26 -34 80 5 61 78 -35 -17 -14 87 5 20 91 39 -21 -17 -51 30 -22 27 20 -25 47 -23 -35 96 -39 -76 44 -33 89 -86 54 19 -90 2 -83 44 32 -88 -44 9 -90 -51 35 47 -21 99 89 -18 -26 2 -72 13 -51 -55 0 73 37 60 4 93 49 54 -76 82 -98 7 -77 25 -60 56 -67 -94 -47 97 -1 -99 32 -73 -38 6 -84 -12 6 -81 99 -19 12 -37 18 -75 -37 11 -31 88 -48 -35 30 27 49 11 72 9 -1 44 29 25 38 -93 -49 67 -19 -93 -14 -67 -65 81 17 98 3 -4 -95 -53 48 -58 26 -8 4 -75 -41 61 -31 15 -68 -45 -16 35 4 89 60 -96 61 15 18 -95 -4 -79 -76 32 22 80 10 32 97 -91 2 -19 96 16 89 -71 -89 -60 53 -34 63 -33 -24 -16 17 34 43 -2
-60 -12 96 48 24 -25 66 -68 42 12 87 -73 -72 -20 -69 37 -86 -45 -98 -69 -88 -21 -73 44 -93 65 -45 3 63 -49 29 -89 -45 -36 -90 99 -85 15 -88 51 54 -62 26 12 55 -47 -29 -38 -79 -20 39 -76 -26 -15 -32 -88 -13 99 -88 50 -24 88 89 -20 97 24 -75 43 25 28 -82 18 10 4 51 -50 -15 -53 -36 89 98 7 -33 19 -53 -69 -23 84 5 -79 -61 83 43 28 -69 -59 -96 51 -74 -92 -18 76 -20 -62 -54 85 -46 37 61 -53 -93 -43 -33 18 21 49 85 4 -39 99 97 -40 2 -68 -47 50 -96 -62 13 -35 -71 28 79 61 2 78 33 -38 94 4 27 -94 34 35 -16 90 68 57 -58 23 33 27 66 2 64 80 0 23 -89 95 82 -10 44 28 -45 -83 -47 -23 76 60 35 23 -22 -45 -21 -73 51 -27 13 -6 -99 -94 -15 49 10 -44 39 -31 -63 38 -41 -87 92 -92 -76 11 -13 1 -54 -4 -30 -87 -26 66 -29 75 0 50 75 -24 -39 -1 34 -79 77 85 85 42 23 -56 15 95 4 -16 -90 28 6 49 -49 18 36 -6 -41 81 -48 85 70 -66 24 -41 -53 -67 -16 1 -19 2 31 -92 -7 -92 55 45 70 -65 94 -59 27 -86 38 -37 -9 -59 98 35 -20 -11 -62 -60 13 -75 -80 62 90 -51 -33 -13 90 -40 -81 94 -12 -31 -46 -64 -74 12 36 42 -45 -21 -65 -54 49 27 11 -30 -98 -47 63 -66 59 -49 61 20 -28 84 -67 17 -2 98 60 90 -20 -17 -82 -68 -29 37 -53 60 -34 -7 -80 -91 -87 42 80 53 54 -46 71 37 -54 -17 19 -25 -11 -32 74 -21 97 -69 -41 36 69 -65 75 98 82 38 61 -73 52 -97 -75 80 82 2 81 92 -13 -49 -55 13 19 -14 -97 -96 67 4 -14 9 89 36 93 -7 -39 -60 -57 -62 -72 0 70 19 66 -98 70 29 50 -100 -55 -53 7 -26 -62 -5 -93 2 -61 0 84 56 72 -35 27 46 53 -61 -83 38 25 4 84 15 48 -79 -1 95 98 -76 67 -15 85 -16 86 68 19 54 72 92 -29 9 -65 -51 -44 -20 -93 -94 97 -7 -83 -74 19 -82 4 -41 -53 78 100 86 -54 12 32 52 57 20 -8 68 97 -44 -62 -31 57 26 78 -52 65 -50 21 45 -29 -6 30 12 -28 22 -89 -73 -99 -16 -77 87 98 -12 -58 -42 92 -46 32 -85 -9 -82 -79 70 80 57 85 -98 -62 -15
27 -30 41 -75 -4 86 91 82 25 -86 -6 76 -78 -8 1 -89 70 8 36 78 90 2 38 -19 81 -73 -47 80 57 -73 -83 -58 66 -87 -76 -29 -73 68 -55 28 -93 -40 -1 57 59 3 -80 78 -41 -84 -98 12 -54 30 -24 48 -45 39 0 81 -69 2 23 -3 0 64 70 20 15 -49 -96 -12 95 7 51 -43 33 73 95 34 97 65 94 -86 44 -23 -11 -12 84 39 24 47 -26 -22 37 85 -31 85 52 -97 46 81 37 -54 -57 25 -55 -26 30 -38 89 32 -75 40 78 65 21 66 12 -11 -27 -56 67 81 -58 -65 -82 -93 22 -95 -62 -30 22 -58 -65 65 36 96 53 73 -59 67 -35 -93 80 -34 33 22 -9 -28 -93 98 42 -41 40 19 -16 3 -20 8 45 -1 50 -28 78 94 45 33 -2 -92 -40 71 -87 -9 -55 -91 -51 47 46 33 -33 100 -45 -39 -68 50 59 -65 -55 -3 6 -20 -26 -75 44 -15 -14 -85 48 35 96 26 -4 85 -89 1 89 -44 -62 -24 -51 30 81 -30 58 -60 39 -60 34 -49 -81 84 -24 66 -45 22 96 -64 53 -60 33 81 16 38 36 -23 -68 -65 -69 -56 -5 22 44 -37 18 -59 -37 -47 33 -36 -19 -53 -80 -55 -62 0 8 -54 -5 -87 36 95 7 -88 -19 95 -15 82 37 -28 45 28 11 76 34 -80 20 98 53 -28 2 38 -74 -37 -50 -79 65 67 83 58 -42 59 -44 34 66 -14 -66 10 -35 -61 -1 -59 -78 52 88 -66 54 65 27 6 -85 -32 12 -89 -43 -36 64 50 -33 10 96 73 -15 69 28 59 29 -51 -75 60 65 66 -84 87 -40 49 93 0 -62 -67 -91 70 64 49 -56 14 -55 -2 41 -28 45 41 78 51 44 -78 -78 58 -47 -32 60 75 -8 -8 93 36 6 -3 -78 23 -21 -7 9 -30 -65 -50 31 -16 -5 -34 19 -36 75 -80 -50 -92 59 41 -24 -60 -98 53 37 22 19 -21 -24 40 -99 -6 -46 -93 -78 -84 -9 -43 -72 43 76 76 -99 70 -87 -12 57 14 -57 14 56 -46 98 95 97 5 40 -68 39 -96 19 14 -32 3 15 43 44 -99 16 -33 76 -75 70 44 -90 -41 -51 -77 -22 -40 98 -99 56 78 -60 19 -62 85 76 -75 -50 0 38 17 -70 -71 -89 -19 24 30 -48 88 0 92 54 -57 76 50 74 -44 13 70 -95 34 58 -49 35 10 -37 93 -4 33 -52 -93 72 74 96 32 -10 65 -61 -7
31 -48 -6 76 -13 40 -91 -76 -22 -99 -3 67 72 -2 -35 18 -14 -90 -38 23 17 82 -99 -100 -80 -8 -95 -84 -34 27 72 8 -46 -55 -2 75 63 64 -87 83 -81 -5 28 -60 9 12 -86 61 56 78 68 -92 32 9 -90 4 -40 -62 -60 -98 -45 -24 11 42 86 92 -99 3 17 24 4 -58 -88 -7 72 -6 -70 86 -77 -76 -60 -23 -86 -36 26 -7 2 -70 88 26 82 -21 -1 17 -58 -77 33 -37 -74 85 15 42 -23 5 6 -74 43 99 27 -19 -23 -7 -3 71 -28 14 -22 -47 28 77 -26 -55 88 -21 31 80 -69 -91 -43 -98 -73 -24 83 77 -55 45 -86 -93 33 21 -51 -84 -80 -49 -94 48 29 9 -6 -28 24 -63 16 71 -17 81 21 78 40 21 -95 5 -33 73 -41 46 83 -5 -73 -64 52 -93 -51 4 -61 33 29 -70 24 92 51 47 63 32 -5 2 -7 89 -14 15 37 -32 60 31 -10 -46 -69 10 93 44 43 -33 -6 -72 -20 77 41 9 -73 65 10 -68 92 9 47 -92 99 40 90 -96 85 -50 -21 23 -8 46 95 -68 -65 -34 69 65 84 -71 61 -24 -67 -76 40 80 -39 -87 -1 55 23 -15 0 65 -9 99 -53 -100 5 -48 -64 59 -87 95 -22 54 -71 53 -67 -46 -17 62 28 15 31 -19 35 68 -93 -73 23 -80 47 82 82 81 -84 -96 -48 -84 16 28 67 -79 94 16 87 -81 -4 -3 -26 67 82 60 35 -69 53 -57 85 0 -50 60 75 -23 -87 -61 -42 32 47 -32 77 -65 51 70 24 41 59 1 11 1 51 55 -50 -60 -23 83 56 -9 77 -39 36 73 83 -30 -74 -77 -16 17 -39 -84 -61 49 51 -56 9 36 -98 -83 25 -61 -29 -34 -47 -49 -99 -78 -14 -60 53 -70 -24 -13 -97 -87 77 45 67 -50 -5 53 -97 98 27 -82 -40 -14 -23 57 -15 38 91 -72 -90 -82 -52 32 97 89 75 -94 -93 -17 11 87 91 -19 -66 -18 -32 -18 -48 21 17 87 62 97 -9 -32 -43 70 77 31 100 41 -21 40 -19 34 58 -60 -17 46 95 -31 1 16 5 4 -97 -75 21 -71 97 -96 51 99 14 -56 -82 41 -54 -4 -47 -50 -93 12 -44 9 37 -85 -86 -70 -53 23 -12 65 -88 84 -19 -32 -17 80 -9 -56 -96 -74 -46 -9 -92 -40 94 98 -65 89 16 57 39 66 86 93 18 -21 -34 47 -82 13 98 55 -75 -32 42 -93 77 21 -87 67
-83 60 84 95 -96 53 45 36 -96 84 -89 -8 30 2 -96 -71 61 -24 -28 -86 42 50 56 -44 -63 40 -44 -63 67 91 -57 -67 19 73 14 66 48 90 97 72 -92 -71 -13 -68 88 32 -2 -83 -99 -37 -84 5 -30 -51 -2 43 -49 91 -35 30 24 41 37 44 82 -60 73 -77 86 -25 -93 17 9 50 23 12 90 100 -34 -33 96 -39 -85 -100 -26 43 87 -72 99 71 -97 10 15 -51 -12 -98 39 12 -57 88 -99 -43 77 -65 40 -44 -94 16 -61 -61 44 -96 51 87 9 -21 39 98 -24 7 73 -67 -99 -37 -22 -47 81 -82 -4 65 79 -68 -60 -62 -42 -71 15 29 23 -49 11 100 -74 43 -8 -1 -2 10 8 82 33 8 20 -31 1 -49 -39 -15 33 -74 -69 -49 -83 -5 -5 57 49 69 61 -76 -77 81 -72 44 47 -14 -24 10 25 -30 56 -53 -49 -58 76 59 -70 -24 33 24 15 74 14 49 -47 61 82 -5 74 12 8 -81 -30 77 44 -3 43 73 45 21 61 27 -34 77 -13 75 -61 -48 93 -29 -24 52 66 -6 -55 8 -12 -67 -72 -17 -68 -14 85 93 -70 75 82 -97 -22 -69 -86 53 -80 -82 27 -81 -51 -76 89 -100 -23 5 46 29 76 -25 94 15 30 -84 -32 -26 -93 20 47 -65 -94 43 78 -69 -99 85 4 -78 -15 -54 -66 36 85 -31 40 -20 -11 46 29 -5 13 -90 -80 -46 10 -60 -85 -80 56 31 -85 -34 -75 -86 88 -16 14 40 -33 -2 23 -77 64 -53 72 0 -2 -80 -72 30 65 57 97 -78 84 -75 -46 15 -24 -18 19 35 81 -25 -81 -21 -1 -62 63 6 -21 -95 -74 65 49 6 55 -79 21 13 58 26 -91 39 -88 -85 -84 -8 -95 12 59 -59 67 -13 -22 -6 -24 75 -15 42 -84 -16 93 87 47 63 -89 88 79 -94 41 -66 97 -10 28 44 -73 -89 7 -92 29 -14 -7 79 -26 59 35 -14 -37 -58 -30 -90 37 -32 87 30 30 -41 71 78 91 -18 -6 -55 25 39 13 67 -60 -85 64 22 -22 15 -98 54 -25 30 80 5 42 16 69 32 70 -17 -72 -44 18 -85 92 21 -23 -98 -51 83 75 2 81 93 -57 -22 88 -60 74 45 21 86 -42 -72 0 -43 -5 21 90 37 -37 -18 69 -17 94 -46 64 -34 -74 -70 -72 96 12 95 -50 44 20 37 100 6 8 -10 84 54 -43 54 37 -42 -86 -24 40 92 39 -40 76 -24 98 -40
-99 -90 -87 87 -61 7 63 -28 -83 36 -40 36 -13 22 -98 68 -22 -22 -48 61 -43 -82 29 76 24 61 -45 -34 -32 78 87 -16 -21 -88 -19 26 -43 -88 6 99 -6 -10 54 -8 50 17 -39 90 75 18 -59 39 -83 66 21 -18 -14 -46 -86 -9 -9 95 -32 22 80 -64 -8 28 76 -95 5 96 -100 66 94 -34 32 53 55 30 22 23 -82 -35 28 -96 -83 40 87 69 -57 -15 -23 -53 71 -37 47 -2 12 -90 40 -52 37 -8 2 51 81 54 22 -78 -64 -85 51 -83 -9 -34 97 9 37 63 -10 95 -86 84 43 97 7 61 79 11 -81 -92 -100 -16 57 97 -29 3 -19 7 -53 -18 35 -58 -43 -26 -93 -30 -67 38 11 0 69 -16 13 -49 68 -20 42 43 -10 -91 -51 78 66 -52 24 82 34 78 -53 -87 41 60 22 44 96 -48 14 68 -29 -88 80 85 62 -31 19 -78 94 -71 65 92 -87 -1 -62 13 -89 -42 -80 -75 9 43 50 37 73 -84 -35 -66 -41 -90 35 47 -12 -7 -41 -7 -93 -41 -35 87 -99 -5 0 51 4 66 32 63 -37 7 10 97 26 -89 8 -98 -10 24 78 43 68 13 -54 -2 91 -54 84 97 -97 -17 34 -74 -93 64 -35 14 5 -58 97 59 7 68 39 -93 -66 -16 -11 -94 -23 17 62 63 -66 -68 -40 94 -100 61 89 30 97 -31 -95 90 -89 5 69 50 60 -54 -58 -74 -66 -41 25 -75 -63 -53 -30 -24 55 -31 -75 -2 -97 -30 13 -71 -94 72 35 -35 15 -46 86 -13 10 -82 -10 98 -48 -86 -28 -30 2 -60 50 1 -95 -32 35 -84 14 -38 -62 92 73 -87 -19 -79 61 84 93 -35 53 -52 74 86 -82 99 18 -77 -76 15 81 69 14 -7 -88 -31 -8 -41 7 -9 62 68 80 19 48 -35 -29 -87 49 -52 95 -2 97 -13 53 -33 8 50 -2 -75 21 -74 -21 -73 76 94 41 -14 85 66 41 54 -18 -11 -42 29 -20 -53 -50 -64 72 53 -53 37 85 -62 54 -11 46 92 89 44 -97 -21 11 14 93 1 -98 86 -52 28 34 -54 -47 -61 -99 31 13 -55 70 28 36 -68 53 36 -84 -51 -89 27 14 58 90 93 -45 -70 -63 -62 -24 -55 94 -98 -57 -42 32 -48 85 -98 -62 -76 70 17 -27 44 23 -82 -55 -38 -52 -87 14 -80 -15 -19 -57 -41 -53 -15 -31 -53 59 -49 26 18 -55 74 50 41 -41 -67 92 72 87 94 -52 -70
-70 43 -43 -59 74 -60 -71 -68 46 -100 -25 41 94 55 -43 -54 -63 30 29 47 -88 21 53 -94 13 3 84 96 3 78 -31 77 -84 -7 -36 -86 -52 -74 -97 -14 -25 33 0 -27 94 -81 26 -60 -43 -39 -30 55 94 56 -91 -19 24 -83 -57 -51 -73 -91 -89 -83 26 79 37 7 -16 58 -56 -61 -85 86 44 -27 38 -70 -32 -58 94 38 15 94 -78 31 38 89 17 19 -32 -41 -50 75 -66 -81 88 32 63 -77 18 -31 -74 76 99 89 -62 98 -74 50 29 -12 -87 -86 49 33 51 48 -1 -67 -75 -89 65 -92 -4 92 -89 22 -94 74 0 -24 -46 -8 -29 -23 51 86 -69 -85 -53 -2 62 -63 34 2 71 -95 -19 90 -19 10 -39 83 -91 44 -14 -28 -96 -65 -70 -62 -40 49 94 -17 -46 -86 74 -22 94 37 -7 -79 -23 51 -96 99 -26 18 98 -68 95 45 -94 -55 -3 -35 -39 20 88 -13 -11 41 64 56 92 -12 99 -41 -45 -63 -25 -92 -94 -84 -65 100 -6 34 -37 -34 85 -100 22 -49 17 -24 -79 23 96 -91 -99 -21 -38 45 29 -46 78 -15 26 35 -19 -49 50 -64 82 -94 -4 4 27 51 18 -6 -51 -17 34 59 -28 10 -50 38 4 98 82 -95 64 -20 -30 12 -100 42 51 31 -81 21 -80 54 0 73 -90 81 -83 83 -2 -29 64 -42 -39 -74 51 -87 80 57 52 -84 -59 78 -95 39 -68 3 52 -17 -10 8 -51 -68 34 65 16 -70 -53 -87 -10 -62 54 -42 -83 55 -52 11 -44 -89 30 76 98 52 63 93 -91 52 -64 -78 34 -64 49 52 -56 98 -21 31 -98 -59 76 -30 -80 38 77 91 9 -97 -37 99 7 -88 89 92 10 -25 -64 -3 -22 43 44 27 75 68 22 -53 76 -2 79 -24 74 -72 -85 71 51 -9 -47 -70 -87 -2 -75 97 -35 -22 -5 -27 -79 5 48 -81 -90 67 70 8 -23 57 -29 48 4 -28 -61 85 29 -35 -62 44 -19 98 -27 -81 21 -18 2 87 28 -44 97 86 49 3 86 28 -70 -66 -18 14 61 -70 -60 71 -61 6 -10 1 97 -26 43 -89 -97 -59 -42 -19 -30 -24 -84 -62 44 -4 49 43 -72 -18 -40 10 -17 21 68 13 5 -11 -11 47 -37 -52 -84 -85 77 -75 23 2 -27 69 -20 -97 64 -12 56 75 -21 69 47 -67 -15 -29 9 6 78 -5 42 16 -74 -88 -59 -74 -60 -73 -84 -4 84 25 55 -45 -1 -79 -20 41
69 45 16 40 -25 16 58 51 36 73 -75 -69 98 -83 81 11 66 66 45 -28 62 40 -43 -76 -64 -86 -35 83 100 -3 -2 44 68 56 -93 -5 -45 8 -46 -47 73 84 -43 21 -87 31 91 -75 74 25 2 -97 43 -38 65 3 -55 25 -92 -43 17 -33 -98 56 -75 75 -97 4 -8 -12 -16 -99 -78 -27 -95 37 54 12 19 67 -89 -51 72 25 -77 7 -25 80 -8 89 53 -3 34 24 -89 -90 46 -1 55 -74 63 4 -58 -52 -44 92 -44 -66 -15 33 -63 -98 -24 -53 21 -8 9 -36 -47 32 9 89 60 -3 81 56 50 83 37 39 59 42 -15 -25 -81 -18 -19 -25 16 -39 36 94 98 -60 -40 99 -57 5 79 17 10 -45 37 -49 -48 18 89 -63 -33 -1 -4 45 73 97 -36 -54 64 20 23 53 100 77 4 75 -22 -53 -83 -88 -34 -2 -38 -71 -7 54 -77 -80 -16 -53 49 -50 50 43 80 77 54 -97 -70 -48 -3 56 -29 35 -21 6 24 43 75 -21 6 49 -98 80 77 6 48 100 -27 26 10 42 -54 72 -51 70 -64 93 81 98 19 87 41 -11 -31 -42 10 -91 -100 87 -55 -55 -7 64 17 -7 -77 -50 -60 -76 93 -19 24 -72 -96 97 -14 98 25 -62 9 10 52 -53 88 -84 44 100 -54 95 79 63 -80 -14 31 -37 -26 -8 22 -37 2 5 -93 81 81 62 85 -82 5 60 -62 35 83 19 47 -34 86 -77 -58 96 87 61 52 10 -67 -77 -27 66 -99 7 2 18 94 63 -94 -87 -62 38 -47 -82 -73 21 18 42 -85 86 14 56 89 -55 -86 -11 91 87 79 86 -7 -32 -52 97 69 62 -82 48 -31 61 -39 72 46 -34 50 45 -63 42 -53 -47 -6 -72 1 50 -57 -66 20 -4 43 6 72 -84 23 13 10 82 8 -61 83 -93 78 16 45 94 7 -45 63 13 11 89 -83 -60 -30 21 4 -39 48 57 -76 99 67 44 44 85 -56 -93 -73 4 12 -46 -25 25 -60 92 -97 51 -7 55 -87 -39 -16 -33 -27 -68 39 15 -61 2 2 -39 28 83 87 98 2 -51 -19 45 -3 55 -44 -41 67 31 99 -42 -71 55 -83 5 23 7 62 62 27 59 27 94 -47 84 76 -81 84 -22 -96 79 -92 44 11 28 -20 48 -99 -99 87 -62 5 64 12 96 66 -8 -88 49 -92 -23 40 -51 46 35 71 49 50 81 -47 -98 -34 35 -79 71 -2 19 -6 -43 -70 -50
-43 9 -33 30 -6 62 14 17 -54 -29 50 -30 -40 -50 56 -30 -23 84 -92 7 -98 -27 -32 43 20 -70 -13 40 -23 38 75 -32 -11 -82 7 -63 33 -34 -41 -10 -46 -23 -44 -9 -11 -27 -25 60 37 68 79 -55 25 36 55 14 44 13 95 61 9 -37 -83 84 49 49 4 54 47 91 77 -18 77 -56 -58 77 73 -51 4 99 -97 86 -10 -60 33 75 95 -58 86 -75 -30 -67 -81 -59 -26 27 62 -100 7 -1 71 -82 14 0 80 -47 4 93 -57 -67 97 61 23 -71 -26 -7 -58 32 47 51 83 -76 33 16 -40 -63 -80 -63 82 46 30 29 27 -42 33 3 68 -19 -25 20 60 -7 -34 71 -37 -27 -82 82 81 -15 -82 75 17 -72 -79 -16 45 31 56 68 -71 93 -10 47 -80 -87 16 13 15 75 -54 -61 92 27 -92 -23 -73 91 24 60 35 -33 9 -64 64 -88 89 -13 -95 -56 0 -78 76 -28 -17 -48 -5 7 -25 -70 -49 -16 2 100 59 -82 17 27 -92 -73 39 36 -39 70 -52 -14 -6 -66 -88 74 -39 -57 -99 57 -43 20 38 -16 26 -80 -80 12 14 87 -8 -89 -5 98 -68 -46 97 85 -71 -96 -38 92 51 77 32 -73 73 -8 92 6 11 -28 14 53 -92 71 27 17 15 -76 -57 -72 5 -93 -58 -32 -68 95 -56 35 100 73 -12 12 86 -51 -61 88 48 -32 21 47 57 73 51 -94 72 -57 84 -39 -7 71 77 -87 90 -26 -33 -9 -94 48 47 -59 -63 30 -28 67 24 39 -64 -17 16 51 12 -20 4 -3 87 -45 83 -72 63 33 56 -23 -68 6 -72 -67 63 13 -73 -21 3 -17 92 31 -35 27 -13 -46 -69 -77 -46 -85 60 -83 -96 25 -1 -75 64 93 80 -48 -92 43 -21 -47 -63 -3 53 6 34 -50 -3 -18 -50 99 76 91 22 49 -39 7 -7 67 -1 42 67 49 -34 1 46 28 39 31 27 -27 17 -47 -64 -63 -20 72 -76 -20 20 94 35 41 -62 -38 -14 17 -51 94 64 -21 84 86 -57 -56 -72 91 46 52 30 42 39 99 -93 19 -83 45 23 -27 0 62 -23 72 6 -7 1 92 -61 21 96 19 90 26 30 -11 55 3 -53 -33 11 22 76 -12 -1 -20 -53 40 89 -24 -43 -64 67 -65 -55 57 95 51 -36 -96 85 -68 -91 -47 56 -88 -8 71 14 40 87 -18 23 -73 33 77 45 -92 93 26 -36 -64 90 69 -1 -73 -33 -75 -12 -40
68 -15 -70 -64 55 -100 45 38 73 54 8 89 10 -67 -70 85 9 -59 11 -45 19 78 85 20 -34 -55 65 43 42 81 -47 82 85 -79 3 90 14 81 95 40 18 14 94 -16 62 -21 97 -73 83 53 62 91 -88 83 -59 -29 84 -58 -3 7 -76 55 90 -59 -12 57 69 -91 87 12 19 83 -36 61 13 -15 76 -71 80 -5 29 -6 73 -11 2 23 -88 0 8 -83 5 42 4 -89 -67 8 -77 12 -38 32 -80 6 78 40 80 86 -82 25 78 90 75 60 67 -17 3 -34 0 24 -67 66 -7 77 -73 -99 -100 -22 89 -90 -3 -2 18 61 21 -49 28 96 -1 -12 37 -47 -87 40 -19 -33 -37 -9 -54 80 22 -51 54 -71 77 10 -89 5 -41 -41 -64 70 -23 -24 -43 -29 -1 42 6 18 78 95 -53 64 -93 88 -69 24 -83 4 -18 -12 -30 80 47 -75 29 31 -68 -45 18 -11 49 77 44 -32 69 81 95 -5 45 22 -44 8 94 -3 75 39 -50 -52 74 26 -38 41 -25 23 -42 34 96 64 -77 -76 -73 30 84 -31 -4 -8 -31 69 46 64 -44 -86 2 -79 -78 35 -80 78 64 -85 89 86 -30 36 12 9 -16 75 22 -89 -23 89 -90 4 76 -27 84 -47 42 20 41 63 -88 40 53 42 36 -15 85 47 -97 -28 65 -99 46 -98 99 -52 -66 46 -43 7 -7 68 -99 60 58 -64 7 100 -99 44 48 -10 -2 -6 -13 46 -26 69 -81 62 -19 -15 86 4 -54 -18 66 -94 61 -70 60 79 -43 -62 17 -94 11 11 -15 70 34 99 -72 63 16 -96 -3 62 12 -12 -37 -54 -11 25 90 36 39 40 -86 -21 -77 14 -53 24 69 -13 21 -89 30 61 17 -100 -56 12 32 -38 -77 -32 17 72 -69 -53 46 58 -7 10 53 13 -65 -5 -74 -78 -28 -26 -51 19 -96 -99 10 55 64 68 -58 -35 -54 100 87 20 6 -100 -29 -32 -95 -78 93 0 -53 -72 -7 39 -48 5 -19 56 -14 91 61 97 5 41 -73 -90 -96 -57 61 51 -3 82 -36 -27 78 -78 33 -20 -75 86 10 -37 -41 19 -96 -89 55 4 3 -99 81 32 -41 -2 -47 -4 6 -59 -37 38 -74 -9 1 83 -85 29 -37 4 43 10 54 -4 22 32 63 -83 14 22 47 17 -12 -56 -51 -92 70 -8 71 9 10 -35 -34 -9 89 20 63 -10 -47 -27 -86 10 -80 -85 -25 -26 -91 0 -92 -15 99 -16 -94 -80
-25 75 -83 -83 2 92 0 -8 45 28 90 76 -29 -50 76 64 -12 -11 -38 54 51 52 87 -93 49 -5 -12 -28 73 -49 -70 77 98 -27 -85 70 -23 -73 42 -93 76 45 3 95 49 -33 -91 34 -72 -81 8 -16 -12 -70 56 -89 -3 -89 -39 28 39 15 -64 17 1 -66 -23 -48 -50 -62 -74 -60 25 -5 -69 13 94 -20 -65 45 -61 35 74 57 -48 -4 59 69 78 74 90 -53 2 87 -82 -98 9 -23 75 -67 -67 97 -61 -55 6 77 -56 15 -20 -8 21 -97 -45 -18 62 85 -13 6 -85 27 -20 84 -50 98 45 -4 26 64 -33 -64 68 -90 -56 -9 -97 4 15 54 -18 -2 -71 68 60 63 -58 72 95 85 57 -76 -37 40 24 42 -75 -66 -53 7 -75 -70 -10 98 73 -80 0 -33 -21 86 67 34 -3 13 -1 31 48 17 -85 97 72 53 37 -91 28 5 -71 29 22 20 41 89 -14 -22 36 31 -98 -21 83 -52 -30 -55 -19 -10 -99 -21 76 -74 -62 51 -62 39 -56 92 -23 -15 70 39 62 -96 -46 -45 9 16 -32 -18 77 -33 50 -7 64 59 -64 78 -40 -2 -27 69 27 -83 -55 -30 -71 32 24 84 24 7 89 70 31 -73 -59 -30 10 76 -37 91 35 -19 -99 84 -100 -35 -37 76 54 -60 -7 31 -15 30 29 67 -70 29 -87 -4 -57 8 -93 50 -36 84 37 7 0 26 -77 -29 -39 86 45 -42 -7 51 70 80 1 -13 24 -39 -10 47 -24 64 -26 54 -34 77 -26 -30 -17 -91 65 -70 22 52 -54 61 -88 -17 -8 48 -66 20 -75 86 47 -63 8 65 29 -14 66 56 -25 45 -54 -84 26 -74 -22 -5 -94 -42 -21 -5 10 49 84 -90 24 93 -88 61 71 9 32 -89 -96 -63 -34 -97 78 -37 1 -79 19 -4 -53 21 79 71 70 -83 83 -32 -49 0 -48 -46 -36 23 -10 4 -12 6 -50 48 30 6 -71 98 80 -86 -66 -18 -24 0 -21 51 83 -39 -60 -39 85 -47 16 -37 58 -7 -86 73 -32 -67 72 76 52 53 -3 24 -82 -46 -33 -96 -34 15 -3 -2 -71 -73 -68 -26 -27 47 53 8 -51 90 -89 -70 77 -31 -12 96 -5 -59 56 -70 -26 -71 16 81 3 57 0 7 -41 -51 -75 -64 -47 12 -21 -10 -81 73 -50 -43 -94 95 -89 56 -88 -28 98 -72 -84 64 32 -33 -8 56 -41 -34 -65 -27 -3 86 21 -28 24 73 -8 -42 -24 -85 9 81 66 83
98 87 48 87 63 80 -100 -100 17 61 1 -58 0 -76 32 47 -26 71 -9 -56 -53 52 9 6 48 100 -60 18 -67 -36 60 71 -71 -6 -69 -62 -42 54 93 -99 0 74 -3 -72 -55 31 -90 -99 -32 -85 66 -61 7 -55 -100 50 -27 -61 80 54 0 9 25 12 39 -89 -22 18 -15 15 67 12 -82 90 -65 -28 9 -20 -71 -99 94 3 -45 -63 74 -18 -99 -26 92 40 68 21 89 49 -94 61 -68 -74 -78 -83 77 -15 -52 -42 93 -16 55 5 -57 73 58 -78 -4 27 -64 18 -38 -9 28 -14 5 -59 -71 58 -37 -89 67 3 50 95 -27 63 42 11 76 61 -11 42 11 -3 35 100 66 39 26 94 68 60 55 9 -85 48 -14 -88 69 -17 -43 -8 -70 13 -71 -35 -71 30 -50 78 77 93 73 34 -38 -31 -48 13 -50 -47 84 48 -41 -10 -9 -67 -65 78 49 -39 52 36 -15 -81 -32 32 -74 69 67 4 42 82 -3 61 -51 48 -84 -19 55 -24 37 -8 23 -1 81 3 -43 20 90 26 43 -3 -91 95 56 -71 5 64 -30 26 1 -5 93 19 13 38 41 19 -86 -17 -99 49 81 -22 33 19 95 22 -58 -9 -10 18 -17 -94 -30 -32 -87 45 -53 53 7 34 36 24 82 -60 -97 17 48 67 67 98 -92 69 -56 66 4 90 27 63 -10 100 13 -14 8 27 40 -56 -45 70 -18 64 -16 -64 1 83 22 46 3 38 77 -24 99 4 7 -39 -69 -52 64 31 8 20 -7 -18 -95 73 -48 57 30 23 48 -11 -48 16 -18 29 -26 96 33 19 59 68 -91 98 -90 -51 -80 -76 90 27 100 27 -32 33 62 60 12 25 -28 99 -85 -16 -27 3 63 57 -24 20 -24 89 -44 65 -93 53 96 69 -6 -76 -100 -60 -30 39 -6 15 38 35 -31 56 40 -12 -44 15 35 -30 -6 6 -78 15 -64 -85 -93 89 -60 22 -29 -95 -4 -96 -50 16 74 12 35 -88 1 -34 39 46 5 -16 -4 -93 -29 38 33 -67 -66 -26 14 40 18 -49 31 94 5 13 -94 -56 -67 -94 61 -99 64 -84 -66 -26 73 16 -1 38 76 -54 -89 -89 98 -2 30 -38 96 28 60 98 8 32 -82 -84 98 24 59 36 -40 -97 44 83 87 -46 87 -37 -34 -95 -27 -17 87 -45 -84 73 -9 -62 -13 -90 -16 -41 -31 83 -29 88 87 -85 -75 -32 -72 94 -73 -21 62 43 15 -50 51 -42 28 37 -85 -22
-11 73 65 22 47 31 -79 -49 -69 27 49 -68 1 -73 82 91 84 21 -26 21 -99 55 -48 -81 -73 -92 44 -37 -92 87 -15 97 59 -22 -59 21 36 54 37 -37 -19 84 49 -15 57 80 21 8 54 -28 -92 76 -22 37 66 -90 7 -81 1 -52 48 26 8 -5 83 -60 -27 -32 68 24 81 44 -29 61 -58 -29 88 -78 15 -64 -31 -31 9 25 16 32 62 -2 -21 41 47 61 -56 -31 9 -24 52 -75 56 -72 -31 -68 -45 -31 -57 -8 -70 -68 88 69 31 92 -95 100 23 41 -66 43 86 63 -11 -89 23 67 60 -31 50 48 -23 53 -22 -45 6 91 75 -61 -41 -70 87 -10 -96 -24 -75 -24 47 -52 7 -1 65 -19 51 -75 -9 -47 86 11 22 40 -91 82 19 -66 79 -50 75 -35 -39 90 -3 85 71 -55 -83 -84 -88 70 -83 -24 36 19 82 -68 30 12 -78 -49 42 -60 54 65 -29 -32 79 -71 20 -87 -52 -50 -60 -77 78 -38 -18 -52 -59 96 82 83 -57 24 -31 -86 -95 -43 -88 35 94 -89 8 4 30 39 -18 53 -46 97 -97 -33 -82 9 66 40 -56 61 -82 53 13 -74 36 -3 80 14 61 -86 66 -42 -67 73 20 -95 -24 17 69 -39 93 -72 63 -24 -59 -31 -55 -75 -83 50 75 46 8 -36 32 1 98 49 69 91 -55 61 -41 74 0 51 88 -56 -3 -90 72 -59 69 -32 84 -9 -2 -49 45 -83 92 78 82 94 -17 -64 -30 80 -50 -71 -15 12 -40 -38 7 97 -31 -36 -18 1 100 -88 -3 56 19 92 89 -44 -83 51 -43 59 16 -90 -88 -68 19 6 -85 -32 33 73 34 89 77 -15 45 26 6 92 -85 -50 62 -90 -83 26 -34 49 -32 -54 -94 -91 24 -96 -30 62 -12 30 11 17 99 52 22 17 -34 -9 -38 -55 10 16 -23 78 -97 78 -2 -54 -27 -3 90 -24 49 -86 88 -91 -91 -31 -56 60 41 -11 50 -11 92 99 10 39 40 -14 -34 -94 -67 -11 -45 -25 39 16 -51 43 -85 96 -8 -22 -22 -6 -84 -32 -25 3 -40 -94 23 1 68 -27 -42 -41 26 2 39 92 -5 15 -56 -45 64 88 21 -9 94 95 86 -36 -28 -44 53 -100 28 -34 4 -19 65 82 91 21 -4 -74 -93 -21 -23 -94 49 -21 -47 84 50 35 69 -85 46 84 24 -85 77 -31 -63 69 70 -58 -72 55 84 -83 42 -68 -43 11 -79 -53 2 1 -99 -18 -76 89 -2 99
-19 -62 -97 -78 -1 19 -19 -14 90 10 36 -12 -100 76 -45 -12 11 7 -53 -21 -98 -100 -45 42 97 -34 52 53 7 29 91 92 70 -92 56 66 50 10 -64 -62 63 22 -4 -78 44 64 -53 48 -63 69 24 -75 -97 -69 61 60 19 -79 -43 98 -97 36 67 20 -55 27 -23 -60 66 -17 -60 98 -89 -85 -47 17 -39 83 -88 27 -6 -55 -62 50 -24 -50 -34 -75 -89 -31 -33 -74 69 23 -98 -64 -51 -4 -87 -23 -41 91 72 -90 -65 -78 62 5 -52 -27 38 17 -46 -12 13 39 64 -81 62 94 24 -100 8 6 95 -55 83 -19 53 -33 -66 92 -97 87 -73 -78 44 5 69 -58 -20 -81 -100 59 -14 -88 -14 -69 -22 53 93 -17 -87 62 12 49 80 30 18 -40 6 -23 60 -64 64 48 -53 -76 34 -75 -28 -68 46 90 -98 87 -1 -43 24 55 1 -46 -12 21 52 82 -31 94 43 -15 53 27 -62 90 5 -72 46 -100 21 88 83 84 59 40 78 49 21 -47 -82 87 35 -59 45 96 -50 92 -77 -72 -15 -59 -96 -11 97 -80 -73 -74 16 -92 13 21 95 94 -80 87 50 -11 -1 91 -5 -38 -12 -3 100 6 -90 85 71 65 61 52 87 -23 86 -53 89 94 -34 -67 22 -15 -76 39 -78 -3 -9 -4 68 -61 -43 30 -68 21 54 35 -80 41 28 -95 -32 -54 72 13 92 -56 18 -82 -29 -16 83 -92 87 10 57 -59 -77 -52 86 -86 -10 -95 -48 68 -38 86 32 77 -84 9 71 -19 72 77 87 43 -63 68 -46 7 66 2 -24 -77 97 -63 -35 -36 -90 33 85 -71 -56 -28 9 -53 20 77 -45 16 -39 22 -78 -37 -3 33 -1 -89 -28 -44 49 64 5 41 -30 52 -12 98 -71 -3 -21 -41 -24 9 -43 -96 -40 -69 -52 28 86 8 67 -13 -26 92 7 35 71 -85 -97 -65 86 -50 -96 -38 31 35 -13 -55 42 -25 -56 -35 -60 3 -24 -45 -36 -84 -78 93 27 -29 38 1 63 -37 -84 73 25 -82 -8 28 86 75 -11 -46 4 41 -47 -83 84 -19 79 27 -60 -1 0 -16 11 -66 100 -63 29 -53 -19 65 -79 -7 -51 -74 73 -31 -99 24 50 -11 50 -8 -57 -77 -24 -82 41 73 -26 60 87 44 -96 5 -82 -21 81 -75 -58 -64 21 -62 -85 89 88 56 89 99 -98 91 27 -85 -29 10 -42 92 -45 96 -84 62 -43 33 -66 -26 85 53 100 -46 -67 -82 11 -61 -18 -76
-63 -72 27 -96 13 65 -55 59 93 11 96 82 -89 86 -85 56 -51 -85 -93 -7 80 92 -1 -28 77 32 37 98 -48 26 91 33 51 -20 3 -44 37 2 -18 -67 -36 7 -87 -23 -98 7 -5 17 -70 -27 47 -23 -41 -18 64 -14 -15 38 58 76 0 -26 78 79 6 5 -6 -19 -13 -5 -77 39 -95 -75 -33 31 53 81 -64 -88 -17 42 49 46 37 33 -61 81 56 15 -9 30 -16 -83 -20 89 -21 7 22 47 18 -30 4 70 -91 -99 -18 19 -22 -60 -48 40 -40 -74 83 -72 95 -50 -19 -70 -89 -5 -93 24 2 -56 56 -35 83 25 -45 -91 60 -41 -61 -62 14 -10 75 -77 -23 28 -6 -90 48 -41 49 -47 3 44 9 -77 -22 -17 -55 76 18 -8 51 -30 -9 -66 -61 1 -52 16 2 -72 -100 -59 -51 60 -12 -47 49 -44 -31 84 10 64 99 62 -15 -28 0 -98 -17 25 17 33 -18 95 31 -63 7 -53 39 57 -27 -82 -4 24 7 -28 2 35 33 -42 -46 50 -69 97 -61 -84 -28 -56 -86 44 -3 -22 51 22 44 46 62 30 -2 15 20 -90 25 -21 12 21 -10 23 78 86 28 8 -57 -32 35 -46 17 -44 18 62 -77 93 60 45 29 -86 -30 31 -27 94 53 73 -51 93 2 100 -22 -45 68 -24 -60 52 70 -50 25 3 -70 47 63 -15 70 73 -26 34 -88 5 -81 36 -39 -82 80 -100 -36 86 8 -87 44 41 40 34 -60 85 -90 27 94 45 59 -92 -95 60 97 -65 -24 61 -22 -30 -64 84 -65 -86 22 -54 -34 -51 -29 94 50 -19 -40 -75 81 12 52 17 70 -48 -29 87 67 -80 93 -12 -21 -1 98 7 -69 36 -85 3 16 -92 -43 49 89 -4 -6 -33 -76 60 36 -85 61 3 34 -85 -4 -1 -44 25 -44 -74 55 49 67 100 -39 -77 -40 94 33 -73 13 61 13 -99 71 -40 -28 29 20 -59 -97 15 91 -88 4 -63 -26 -8 10 -15 8 -52 65 -23 38 32 68 -71 -71 -53 -28 54 97 -49 -4 -81 46 -26 -12 36 -61 22 40 -71 16 -93 43 27 -14 -27 -61 26 82 -1 42 62 -7 0 48 -94 62 55 -46 41 52 -14 24 -98 -19 47 -45 36 -7 11 97 29 -57 -99 -62 62 69 -52 24 33 -56 45 19 18 79 -23 -27 62 -53 18 -25 -83 -75 -56 -13 13 88 -56 -86 26 63 -73 -32 -72 62 65 29 -43 97 39 31 -13 13 2 -53 -29
57 37 -26 -5 55 -69 -78 -7 73 16 39 -10 -75 -37 91 33 96 57 0 -28 30 -14 -41 -20 31 -32 10 46 -93 69 45 80 -14 -70 49 71 23 69 -92 -43 -4 -60 -51 5 37 62 -65 -47 18 -62 11 -56 -81 -100 -96 -65 63 56 86 -89 91 -27 16 6 -28 53 -40 -30 44 79 -10 26 -10 22 -96 -41 -49 88 -14 -86 61 27 33 -64 -83 -46 -23 -16 -31 80 27 12 76 97 40 64 89 -69 -2 -47 -1 37 22 -27 26 -28 23 59 50 -98 -32 47 40 -51 -34 -10 -44 -30 -28 -64 0 67 -21 -69 -17 -35 -38 -30 38 96 56 -2 18 81 33 65 -98 -100 47 89 58 28 -95 -55 -20 90 33 84 41 -39 -67 46 73 -38 -100 -51 85 16 -16 -43 44 78 -95 -29 -36 -3 38 53 98 36 -47 -30 69 14 -14 -6 7 10 -95 -76 -58 -3 12 10 53 -53 -62 -43 45 -81 -72 2 56 76 45 -56 -11 -72 -66 98 48 74 -16 9 -92 1 -13 -35 52 -58 -86 49 89 -49 41 91 -74 54 60 12 51 -19 -85 5 54 -68 73 19 94 95 53 -100 -67 -60 -31 -37 -91 -16 -99 52 94 73 -75 18 75 61 19 -17 -4 -77 -91 4 61 20 -89 12 -3 13 -22 94 13 -10 -3 15 73 84 82 88 -55 98 -31 49 63 -35 12 -96 8 -30 99 89 -14 1 -25 2 -27 -5 -27 59 -59 7 -8 -10 31 10 56 -57 41 -21 -91 -100 -95 71 50 -89 -72 72 -39 -51 -78 -87 20 54 28 71 -99 -69 -60 54 -4 81 26 39 75 -52 57 56 100 -68 -56 18 21 75 -72 7 -33 -6 -34 70 54 35 70 -63 -96 87 18 -85 -17 97 65 -86 -17 72 -26 20 -69 17 54 99 41 88 68 -52 62 -63 67 -51 56 -77 -2 -19 15 -64 -11 -78 -70 35 70 -1 72 73 -2 -30 76 44 1 -99 -54 -3 -72 3 25 29 -83 48 82 -60 4 -21 -74 15 -16 -75 -23 68 53 14 26 87 13 -50 26 -53 68 -15 -65 70 -4 5 -90 47 -73 -31 -78 10 -66 24 -85 -49 80 -10 4 8 -30 31 -84 23 36 -97 61 41 -8 -34 -71 68 -60 -12 -86 -66 -12 -3 46 -76 0 77 99 -16 75 -76 62 -26 -5 -36 40 39 -73 -36 -98 21 -6 -2 10 47 46 -40 63 48 73 95 -87 -17 -10 -8 -19 -87 -30 -50 -63 63 27 78 85 50 19 85 100 51 43 69 -9 -97
-37 -43 -48 -68 50 -60 -60 -54 65 -21 47 -81 -9 72 -18 30 33 42 29 37 -10 76 71 -87 46 9 67 -7 12 30 55 -100 86 -75 86 57 -100 -70 88 83 -83 46 100 -23 -43 -68 -28 95 -78 89 -23 -14 71 52 -92 -98 -73 78 21 -88 48 -63 22 88 43 -86 -38 -72 31 98 79 32 22 -80 25 -2 43 92 -82 65 30 35 83 -88 98 93 -46 -84 46 -32 68 -97 -63 -57 -41 -26 -39 70 -38 -43 -50 -44 -63 -38 4 -20 17 36 -36 -72 -7 -71 -84 -70 -56 55 -59 -6 95 39 20 12 38 50 72 -52 -67 92 -52 -20 2 -9 64 -61 47 -2 80 73 -86 63 -98 75 28 -30 -30 -24 51 39 24 44 -34 -61 -50 -55 12 60 -21 -7 -41 -90 34 -97 10 24 -4 5 96 -16 88 -60 -18 -34 -89 -10 -18 45 92 83 22 -63 64 73 17 -54 23 -65 -69 -26 -90 -69 -11 25 -93 87 -90 -65 51 66 -53 22 100 51 -16 95 42 49 72 56 -68 46 -27 -18 72 71 10 -21 38 0 33 -43 -19 4 -57 -48 -81 94 17 -30 83 -62 -42 -51 -41 -23 -61 -66 97 85 -1 80 -70 34 -16 -28 -92 60 -30 71 -45 6 -62 79 99 -30 4 36 35 -58 -59 -58 77 -79 69 -45 -75 -24 -63 -4 38 65 86 21 60 -33 -93 -87 77 -69 33 29 20 73 -30 86 -44 10 -10 3 -1 98 -42 80 -8 -47 56 -31 -9 -17 95 -17 -76 66 -86 33 20 -13 86 -23 -63 -58 -62 -36 -44 69 -89 -45 -36 -44 -25 -95 -25 90 16 -100 74 -50 7 -4 7 77 69 72 -59 -78 43 70 20 44 6 -4 -43 -39 79 65 70 16 -11 -88 26 72 -90 -39 30 -86 -14 -88 92 28 -18 33 -3 -60 74 17 -41 58 1 33 66 64 -13 72 41 -64 -45 -34 -2 15 36 44 -73 5 -91 54 -50 0 12 -31 42 72 43 -10 -19 52 2 -70 19 -21 61 -41 25 28 8 63 -60 23 84 25 86 63 -80 42 -60 86 -35 -70 -94 79 50 51 -45 -1 36 68 71 -31 -99 -37 67 -95 94 64 14 82 43 66 76 -33 14 100 67 -79 67 83 -36 16 -94 31 56 12 -71 -11 -12 -94 -25 -22 -48 40 41 -69 60 40 -3 12 86 -95 49 -26 67 27 10 -50 -26 -62 -10 52 -19 4 64 -44 -42 -2 66 -41 29 -96 -73 53 26 12 52 79 -92 -80 -36 67 -26 -15 84 -95
-95 -26 -72 100 -26 -49 53 53 -14 94 45 15 -76 -31 58 97 -62 -68 -54 40 -99 -56 -86 30 -26 -17 31 49 -65 -27 -31 -93 74 54 -94 -81 -17 78 -16 51 -33 -5 32 -90 -53 53 -65 9 69 22 -90 -52 -62 -2 2 71 94 -7 -98 100 -81 -55 31 2 -96 8 -15 -76 36 3 17 -98 28 52 64 -5 -30 -12 49 -57 79 48 91 56 -96 -28 28 -89 44 73 -13 7 -45 65 -78 12 -64 -21 -18 -27 -81 50 64 30 -37 32 85 -36 20 97 -18 21 -58 35 93 -35 -33 45 -50 88 -55 31 100 -66 -28 57 -87 44 -5 -1 -51 52 -26 -20 28 19 28 -79 -61 59 -25 76 -20 68 28 -8 25 -24 -17 -48 -65 -32 -17 -34 15 98 -67 22 15 32 -52 54 -19 82 99 -41 -72 43 95 12 -9 73 -25 -13 75 32 14 -52 70 -14 -22 84 -5 75 90 -1 -58 84 1 19 27 79 -35 83 -99 61 -32 34 -18 93 51 26 85 -100 79 100 -62 26 -55 -79 91 60 17 15 -44 -1 -96 67 -24 53 -15 -46 66 -45 -47 -65 8 46 -80 98 -45 -86 94 2 -92 55 29 41 7 -96 -58 -9 92 -15 21 -14 30 -98 16 -34 -40 99 96 -15 -73 -48 78 33 76 -2 -4 -59 22 -31 -33 -62 54 -97 94 52 -44 62 -23 49 63 92 67 -8 -14 -21 67 19 89 -23 69 75 -2 63 -66 -85 93 87 -62 12 30 -43 -41 -6 -67 -90 -92 98 -88 -34 33 37 73 17 -51 8 -45 50 -45 98 -89 98 44 97 48 -23 -99 2 -68 -57 -97 45 -72 -36 -91 -63 41 2 -37 -21 12 -49 -79 -87 -82 71 -80 32 -56 -69 2 -81 13 -85 -96 24 22 50 72 64 -70 -35 -2 38 33 2 30 27 -49 95 -33 50 83 30 20 88 15 69 14 -32 -41 -45 -21 44 84 -73 8 92 36 89 80 -7 -61 9 24 24 9 -68 83 -29 99 -42 -52 -28 -61 2 84 -68 -2 -64 -96 -26 -44 18 77 45 81 -10 -33 49 -83 78 -65 -92 -15 61 -84 -23 85 53 2 -49 17 42 0 -78 -63 -89 -3 78 -60 19 -61 13 -83 8 -23 2 0 43 21 5 33 24 29 -86 -81 -31 91 57 -96 48 19 -79 64 23 95 80 -100 -35 8 -13 -94 41 -52 8 -63 96 -19 -9 -51 -94 -71 45 65 -20 -100 43 53 38 -50 -41 -94 93 98 -56 -49 -93 52 2 -86 37 -66 0 -46 77
-4 -14 -32 2 -44 13 -8 67 -33 48 98 14 11 -21 24 34 -32 -5 -93 73 85 -84 -44 67 48 -74 -47 -99 -56 25 -53 -78 64 95 47 29 63 26 -44 47 -98 -34 61 65 49 -87 -32 27 19 10 -18 -7 55 -77 -97 -18 -89 61 32 65 -54 -26 -82 -51 -3 97 -71 -27 -16 32 -74 -70 -42 45 -34 -43 67 48 -22 58 -42 62 82 70 30 -63 -50 -23 60 2 -29 -58 -48 93 -15 -49 83 -20 -30 -33 -50 12 -61 -17 87 -55 -91 37 5 38 96 -84 -13 19 66 57 13 -60 -14 77 -11 -32 -16 51 -98 -45 -94 3 -1 98 -42 -25 -96 75 37 -47 32 -70 -51 43 -62 24 98 52 -40 2 -3 -11 85 -30 99 38 -74 45 83 14 16 -91 -94 86 -69 -21 47 -43 36 -85 58 13 -50 49 -89 -31 -73 -16 -36 11 -81 -46 -22 -37 10 18 17 -51 43 -48 16 6 -19 80 89 70 -81 -53 60 63 -22 -49 28 -11 -77 90 97 52 -92 -87 80 50 -27 -53 -86 57 -15 6 -36 -51 44 0 10 26 22 19 -81 10 4 90 36 -34 -64 13 88 23 28 36 20 -11 85 -62 -87 -45 -14 -66 83 -21 -98 -44 76 -17 77 -32 -11 33 91 21 48 -69 -30 -10 79 -64 -22 77 -57 -88 33 -28 2 64 84 -81 -13 -42 -4 38 -71 -29 -73 -91 83 91 63 2 34 6 -35 -26 -56 46 -94 -12 -21 -46 -14 -91 -76 -23 5 87 48 61 -86 -30 66 96 -58 97 38 -85 -14 39 79 -40 53 1 63 47 89 -76 74 65 -32 -92 -23 -91 80 87 -16 -73 -71 20 22 3 -55 8 -99 -91 -53 32 -98 -9 89 37 -64 -47 -2 83 73 -98 -86 71 -28 66 60 22 -53 -13 35 -91 67 21 57 -39 -62 33 -85 -56 -97 77 29 -90 -50 -41 60 35 -76 56 29 -64 -94 75 56 -30 16 51 -57 91 58 88 35 -15 -84 -37 76 41 -73 49 -51 -71 -54 -20 37 31 84 72 3 -50 -97 94 -67 -27 78 56 23 -50 -69 -71 -40 -44 -70 50 89 73 1 -66 -66 64 -91 69 -43 43 -35 -80 18 -7 -90 -67 68 -19 -32 75 -17 -26 57 54 51 24 -71 3 92 28 9 95 2 94 46 65 54 -2 -8 11 -9 -86 -44 73 100 28 90 -98 -90 -92 -6 -59 28 28 37 -28 77 38 -83 -31 79 40 37 -36 16 -5 -29 79 -61 52 -40 -37 80 42 58 64 29 81 9 -94
-19 -29 28 -51 -71 -90 -62 0 1 12 -22 -89 33 82 -63 56 -20 -40 38 12 70 -26 41 32 52 50 6 -12 65 -64 92 81 -51 89 85 93 43 22 -71 85 -37 19 -91 -32 80 -79 -91 16 -55 86 63 44 -99 -33 57 46 -14 50 0 -61 -12 -9 37 -79 -39 -77 44 48 -87 82 -58 -62 -37 -98 30 57 32 -46 -83 -93 -80 91 8 -48 -43 -89 -91 -65 50 -38 -19 22 -44 37 -12 -5 -63 27 66 -45 9 32 -62 -24 -93 53 -65 85 85 32 -67 50 28 20 -1 4 -88 81 -39 87 -19 -29 -5 -81 -38 27 50 38 72 -67 53 18 -61 76 -67 86 8 33 19 -81 -18 91 89 -64 -75 -89 -20 59 -74 70 94 84 65 94 -43 -58 -80 -74 -19 59 -42 -27 -100 -62 -57 66 -14 10 -80 15 56 6 -18 -76 83 -87 -59 10 55 -67 -25 79 -79 83 -47 51 4 87 -85 26 92 -51 -78 -52 -43 -27 32 51 88 37 51 -84 -18 -4 -60 70 -42 -77 -99 42 64 13 52 -62 50 -71 27 -96 66 15 -73 76 45 -7 -46 -97 92 79 -46 -100 64 -90 34 9 36 -76 84 61 77 -30 56 -58 24 -60 -3 93 -21 -96 67 -9 -28 79 -60 -40 -56 93 -4 -11 5 -13 68 -85 -78 23 66 60 71 75 -43 -45 -100 48 74 45 56 61 -84 23 -87 98 -40 40 -1 -88 17 2 -57 -96 -95 -84 -92 -69 28 -49 -3 -24 -94 -49 -41 36 -77 -68 34 -33 51 20 75 -68 26 79 -71 87 29 5 29 -38 85 -1 -7 13 -1 -20 27 9 69 12 95 -8 -93 14 83 56 -26 76 -63 -74 60 -16 -69 -92 62 -94 22 100 46 -17 -76 3 -89 -3 -73 -22 50 -4 -86 44 83 -63 53 79 -57 -37 6 -91 -6 39 -20 63 -37 -42 19 -54 -51 99 -75 -11 89 -90 -92 -90 -65 -18 99 22 33 70 -9 57 -37 -56 38 91 2 5 -2 -14 46 36 14 77 96 -33 -88 -77 71 24 17 88 89 40 83 10 -56 -87 -63 14 -87 12 6 -8 -58 -48 -46 -66 87 63 99 -54 -89 89 4 98 -2 50 97 -6 33 88 67 -45 67 -78 -10 -38 -67 -64 -31 -27 86 -23 59 -30 49 18 58 67 20 -57 86 -3 97 -8 -84 83 -80 -25 -44 -26 40 -50 15 -22 80 7 -82 11 -44 22 51 76 53 7 -59 17 4 65 72 69 -41 -41 50 -3 -74 98 52 -50 69 66 61 -27
-76 -50 -49 -34 -57 -51 -16 -83 78 -30 -27 26 -74 -97 69 -93 73 29 26 74 -92 -30 85 -35 -61 -56 100 13 -11 -1 0 -98 -15 -67 81 -11 74 -50 -34 -15 -62 60 -46 90 -94 -62 42 58 -43 -13 59 -41 99 -2 64 -57 -75 93 5 34 35 -83 9 -88 83 71 -41 29 49 20 -22 13 -91 67 -42 35 57 -50 54 -89 -90 40 -23 25 49 92 23 47 31 38 -12 93 16 19 -49 48 5 70 28 -76 52 -51 7 50 37 0 64 31 92 32 -2 -4 25 45 -67 -63 -87 -74 -49 -87 -69 -60 -88 -65 88 -20 -100 -40 -84 -17 40 76 29 91 -98 -38 -63 -9 66 -12 64 -13 53 -59 -37 -63 -58 -46 22 24 -94 39 41 -8 70 -96 -74 -21 -93 68 -11 10 -31 -13 -2 84 -16 -88 -90 -8 86 -26 35 100 -43 -86 5 -38 24 -50 4 -91 -26 -64 48 0 88 45 92 -99 84 64 -73 -74 33 -73 94 -85 -17 -7 60 -22 45 -74 -73 -50 86 16 14 33 58 45 -12 -59 -7 34 -78 -53 2 -46 50 27 63 -96 41 12 -20 34 -86 26 -26 -21 14 48 -51 -74 2 -91 -27 75 19 18 -20 33 -5 -33 72 10 -39 -100 76 -59 -2 1 -69 -52 74 98 6 -2 95 -33 -63 -28 -100 41 6 -73 -75 -72 71 100 -6 -54 -1 24 -59 -9 79 96 71 -46 -89 -29 22 -84 16 -79 64 16 40 98 -6 -28 -76 -31 -50 73 62 36 73 -26 -88 -50 31 44 61 22 86 -22 94 77 16 38 -48 96 99 18 -81 67 51 -32 -97 -94 66 61 42 95 33 -99 -97 51 -74 75 -97 -7 -76 -75 64 -96 36 -73 -46 -51 -84 -36 97 -96 -49 -91 39 -65 -15 -71 -96 -52 -35 95 9 -45 -14 -89 -36 70 12 -76 91 89 -29 38 -91 -69 -20 34 14 -18 15 -43 -45 -94 -78 -89 -69 -1 -21 71 86 54 -26 -83 -71 100 88 72 -8 45 -65 -19 -78 16 -76 7 -67 -12 -8 52 49 50 17 -93 -87 43 52 89 -27 7 -66 -14 -57 -61 -43 20 -76 97 -52 21 -63 37 18 68 -44 -45 -97 17 53 -70 10 -59 -43 -29 -67 -98 -6 72 -4 81 -97 -26 -51 -65 -27 4 -8 -92 -78 -78 -82 38 65 55 -93 79 -96 -32 -82 57 52 -65 92 46 -12 25 1 -88 -22 -58 85 -35 -100 -1 -4 -79 -47 -63 73 17 10 68 -83 29 14 39 -67 -98 -73 -10 -13 30 98 47
89 -96 -74 48 -22 -11 -37 -31 74 90 -100 -88 -61 -64 19 21 -78 -59 -81 42 40 92 -88 100 -9 66 -63 35 -59 -55 -46 47 -6 68 22 16 79 68 24 93 52 -78 -97 28 -7 23 -82 66 -82 89 54 -52 85 9 -96 92 -61 79 -92 52 66 -5 66 -14 58 82 -49 6 83 84 -11 -100 -38 -8 22 -41 -30 16 98 -1 9 45 39 -64 -66 14 27 70 66 -53 88 -87 92 -79 -50 38 45 -47 1 65 11 -17 65 -86 -20 83 57 -91 -89 -95 78 -91 91 -25 -30 12 -39 -11 -42 -56 61 32 -12 42 -47 -95 75 -48 -32 -94 66 -74 -6 81 -69 -47 100 79 -45 -5 -23 39 84 88 -64 67 76 23 55 -39 -97 25 -68 -1 98 -10 -85 -99 -86 -15 88 -61 -71 -96 -36 -60 66 59 -100 11 5 72 -40 1 -81 29 43 70 57 -88 -76 -22 45 36 -17 -29 -57 -78 61 73 23 42 9 51 7 -17 -84 29 58 57 -93 -12 -37 63 -93 -42 -15 61 69 -14 43 60 -58 63 -29 70 -10 -37 -63 -28 -96 71 60 0 98 -35 94 -55 -3 22 -2 6 83 -33 43 45 -14 -61 -8 20 -31 70 22 65 -83 -84 77 -86 18 43 38 39 85 59 -22 35 86 24 35 9 86 71 35 -26 -40 -95 43 -54 46 -93 -30 -43 94 -33 -40 28 -40 63 55 44 -44 -46 10 99 -30 44 -88 51 71 -95 -19 70 -76 -1 -29 4 81 44 51 -25 -69 28 36 -26 -92 -71 39 32 73 24 -66 93 32 -76 -100 10 -70 77 -25 77 41 49 -81 -8 -73 57 75 22 88 86 63 -80 -41 -83 -23 -57 -93 74 -55 -98 -52 -81 97 19 -85 -23 -84 51 65 -46 -90 0 -23 41 21 -77 -22 9 -61 -36 85 97 -12 84 -69 18 79 13 -23 -13 89 18 75 98 53 14 -48 -12 35 -40 59 6 -87 -32 -98 91 99 -79 -50 -31 44 87 9 66 -66 90 -1 76 -3 13 48 -10 -28 -50 28 77 62 44 -77 -52 -60 -93 -97 8 -16 77 97 28 53 -27 -29 71 -95 -40 -94 -5 -19 -8 50 -23 -68 21 -90 -50 -44 -44 88 -55 -36 48 47 9 -25 57 56 -87 -63 14 -24 -81 -9 -75 5 67 7 -83 56 -61 80 12 -54 12 -71 0 -61 13 -84 -73 -70 87 19 39 56 62 -8 3 -21 100 91 62 -27 22 54 -100 -62 56 92 33 21 79 -92 58 56 -14 60 -66 -14 8 -23 -68
-82 -95 93 -25 -62 33 -50 92 -81 68 -84 54 -65 16 18 41 -19 -10 51 74 24 -90 53 -41 94 -8 -79 -61 53 -54 35 9 -98 -82 -60 76 -38 35 81 51 -16 91 -63 48 -42 56 24 45 2 -22 -22 49 93 13 -59 0 -35 74 89 -69 -65 94 51 21 49 -30 -43 0 9 -53 32 -32 76 44 -68 84 75 75 36 -28 -68 -74 63 19 11 69 30 -53 31 67 55 -75 17 23 -51 14 -92 85 -32 -5 40 38 -69 21 64 -64 40 -29 87 -34 55 -88 -80 -89 -19 -12 26 -78 5 -58 -33 -29 35 -3 86 -11 6 -18 26 29 -14 80 -72 -11 -8 73 28 93 21 43 27 31 62 90 -62 34 -50 29 -67 82 -48 -36 -38 52 -19 -19 -12 -7 51 11 -52 -30 52 -75 -43 67 95 96 83 66 87 -51 96 -10 -97 50 -14 66 77 -59 -42 -2 52 51 89 -82 -83 -47 66 78 0 42 46 -22 19 -10 80 62 21 44 -89 -20 58 66 -65 -84 23 37 6 -24 50 -15 -25 -53 48 -99 40 71 66 96 -10 -99 -69 -83 35 -30 91 94 -40 45 -95 89 68 65 -1 12 -98 -8 -16 98 -1 37 -13 74 -30 31 -95 72 -22 56 -32 21 7 36 77 99 69 61 87 -73 10 72 8 -15 -94 65 -96 76 87 -45 -15 -90 -43 -32 -89 -86 20 -39 96 -44 94 55 2 -69 29 71 -88 -10 -50 99 -46 -55 -41 92 -61 27 12 81 70 31 -15 -52 -66 21 -49 34 61 -88 78 86 27 -12 -3 -93 -3 -45 97 66 -47 98 -16 27 -69 -47 33 97 28 -60 26 63 88 -25 20 -88 80 53 75 -59 -11 23 99 52 -74 -18 -80 58 15 -70 -93 -90 34 55 -61 67 57 74 -15 89 -67 -52 -86 43 13 -100 -57 -13 -94 -19 -31 -10 52 81 27 -86 36 48 -31 -63 47 54 69 -51 -79 92 -89 -3 -1 -8 64 68 -68 51 -82 98 65 18 -81 -79 -39 23 57 49 -22 -27 -61 -97 -83 -2 13 41 -77 35 86 43 -28 20 17 70 -42 11 38 91 -3 94 79 56 17 38 58 -77 -34 -25 53 -51 -82 81 56 -14 -17 57 9 -32 -10 81 -29 -50 -96 -96 -3 -87 43 98 -93 96 -79 70 -22 -63 7 -48 5 -99 61 -83 -12 99 21 -66 84 -40 47 -8 -10 -12 -16 96 -27 -35 -34 -25 14 56 -62 16 -46 -35 -91 -66 98 -90 -68 16 -97 -76 71 26 -8 -59 71 31
72 14 82 -81 -25 -63 8 48 57 38 -19 -91 -70 -19 -98 69 55 19 25 -61 -22 -66 -98 40 15 43 52 -82 -60 -76 71 68 -75 13 87 5 29 -50 -34 -64 14 -13 39 15 53 18 -40 -94 93 78 98 -47 -23 66 18 -88 42 52 -83 -62 23 16 70 -2 -92 -88 90 99 -55 -43 77 56 -50 -16 -10 -58 72 4 -41 -58 -47 -30 55 -100 97 94 14 30 82 51 -95 78 26 53 -65 -18 -73 -23 67 18 11 14 -73 -97 -47 12 -94 -5 66 -62 -79 -31 23 -28 83 6 -100 79 24 -50 26 80 82 -86 -95 -35 38 -72 95 -52 17 0 -65 -90 70 -47 40 55 69 36 36 96 -19 -83 18 54 58 -36 -32 -74 -91 74 -91 -94 -58 -50 85 74 -43 -64 -19 -34 -91 14 -41 34 91 -47 10 68 -27 -18 -32 85 -88 -74 23 -79 49 38 76 -93 53 -59 -53 -66 -34 11 -67 -79 2 13 -33 -44 55 64 -63 -95 48 80 -2 11 33 -98 -38 -56 -24 -79 11 -8 27 -88 -49 94 92 5 79 -39 -44 -88 -38 70 -48 -53 -63 23 40 89 -11 71 86 74 8 -96 7 -66 11 79 -74 43 -46 42 23 86 -8 -88 -82 -55 -72 75 49 37 -15 -70 -69 -74 1 -35 16 88 -30 81 -8 51 -62 -60 16 90 -72 19 -23 -38 -54 -60 55 -85 42 54 98 -12 -54 -67 -53 6 82 -19 -6 43 2 48 80 39 60 55 97 98 92 62 74 -46 85 -29 -93 80 39 40 -33 24 -51 8 52 -98 2 4 -77 -35 -97 10 -52 -51 7 -87 100 -34 80 72 -13 -94 -13 81 -73 54 11 -89 -55 32 -38 65 83 -82 -62 88 7 30 -38 10 6 -78 -93 -3 -86 -12 -45 -84 -76 -68 71 42 39 35 48 -29 -98 34 26 -10 30 -8 21 2 54 65 -83 -48 46 86 -22 66 -11 18 -19 30 43 -4 81 20 -66 -52 92 62 -20 20 0 -59 -70 3 -19 66 -66 -32 21 -3 -41 -8 -88 96 -57 -84 43 -98 -34 -29 55 -86 -34 -78 78 -34 42 47 -60 54 -95 44 37 -64 92 99 -64 -36 20 -44 17 42 -86 -92 -14 25 20 -8 38 -31 -26 -1 15 78 -60 -8 -78 -22 49 0 65 -12 23 24 78 80 -9 -62 57 47 -25 -15 3 -42 -87 -39 -46 26 55 -64 -39 4 80 -26 49 73 -72 -86 48 -10 87 -21 -36 -37 -94 -57 21 21 -2 -94 -28 18 40 -19 81 98 38 -23
-15 17 -71 -48 25 -22 18 -25 -73 87 86 37 56 92 -19 6 -24 -92 90 49 -20 2 61 -39 81 -5 99 -89 27 -85 89 -67 -96 -34 -49 55 77 76 -38 19 96 19 39 -27 -51 98 -16 1 77 -90 -23 -38 -100 19 91 58 57 -93 -90 76 -14 75 42 25 61 -85 26 -98 -35 38 -57 74 61 74 74 82 62 69 -22 53 -3 -98 -40 56 11 30 -39 -80 70 18 69 37 -64 22 56 42 39 -85 -26 30 -50 98 20 80 -65 29 -75 -19 -58 -29 99 -31 62 -84 28 96 55 27 25 30 -22 76 93 -31 49 -35 79 57 -49 -38 62 63 46 25 -69 -30 97 -19 -91 98 -41 -26 37 42 -33 78 -70 -25 57 19 90 40 24 69 -80 30 15 -80 -14 52 60 -67 -36 0 -20 67 -12 86 5 98 38 12 26 -74 -87 55 49 -94 2 69 -29 34 11 -13 71 -45 21 47 -45 78 -92 -89 4 67 -95 -70 5 -11 85 -84 15 7 67 -53 -67 -52 -45 -10 -88 -80 54 -70 -95 52 83 -16 -51 -98 -53 99 23 -98 0 -6 -48 -58 -14 34 -61 58 65 -25 -20 -53 -10 -50 -26 32 95 27 73 -76 -2 -72 28 -72 49 -33 46 -75 -14 10 -15 -12 64 -2 80 26 85 -43 94 78 -86 -16 81 -51 74 -52 -53 -83 -98 -45 69 67 29 72 -5 -93 17 -61 -42 36 -64 -47 -81 3 61 21 95 46 58 -16 2 -65 -100 62 30 -99 68 -34 15 25 61 26 86 71 -47 68 -69 72 -39 -45 63 21 55 80 -25 -67 -71 -16 -79 22 -60 -44 99 -100 90 -66 -64 67 3 22 34 49 -47 67 72 -71 -23 -44 15 -19 -67 -83 -21 28 42 -40 88 -23 -48 -75 -2 -33 -94 0 31 27 -81 81 -30 -72 45 -39 -53 14 85 -16 -47 100 94 -27 64 3 -69 -32 31 -51 -32 92 -50 -55 -10 7 78 -10 62 -65 -62 -78 -80 -46 -86 42 -41 66 15 3 -16 -50 48 44 -98 -63 51 -66 -43 50 -85 -72 93 60 4 -60 90 7 14 -30 69 -91 91 31 -93 -11 69 72 -77 71 -2 11 -64 40 45 -62 -76 33 16 68 -27 95 86 19 -89 -46 55 -65 23 -9 -58 22 -90 -60 29 -58 3 -27 13 81 16 -97 -23 73 -56 -18 -28 -67 86 -65 -84 77 41 -74 78 -71 55 43 -27 -22 69 -73 -6 -57 -35 -39 -59 21 98 15 57 -98 48 50 29 -1 -39 -11 -11 72 -39 63
0 -23 -80 -79 -27 -13 -88 -14 -57 -57 -16 54 85 -17 -31 -26 -80 60 22 66 74 26 94 62 36 42 -79 47 -85 89 -1 -37 -7 95 100 -80 -27 56 -94 36 38 -17 -30 -41 29 -74 22 17 4 75 4 -9 98 32 -89 6 -7 88 -61 36 -99 -15 -42 4 20 -63 34 -28 90 15 19 -9 7 45 -94 -19 19 -29 2 92 64 -15 32 79 -57 63 -13 -5 1 95 -90 45 36 -99 85 -14 28 19 -27 -99 15 -41 65 65 91 -39 -44 -41 23 -24 94 -8 100 55 75 20 8 -49 -4 79 20 -1 -6 26 29 -52 25 -40 -45 -84 -29 -88 -86 -93 1 72 -5 4 99 -61 -13 -70 -35 20 -81 16 -5 -64 -57 -91 -78 68 -50 12 -36 60 -96 65 -76 -98 57 52 4 -91 8 87 22 -36 -95 -18 40 28 -58 -35 89 98 64 -29 97 31 -73 -28 87 -97 -28 -30 16 -14 -76 58 37 16 86 93 -17 76 26 78 -25 47 35 -82 89 37 36 -47 47 31 -94 69 83 -32 -69 -10 79 -20 -16 3 -27 -18 12 -41 -69 46 53 -68 69 -97 52 -76 12 75 -54 -11 -23 57 59 -45 -24 -12 -52 -43 -41 42 -90 59 4 -73 16 20 -44 53 -87 50 0 27 -17 60 2 -8 53 -15 -65 -93 -97 87 -91 54 26 -39 84 -67 -60 -82 54 33 45 36 -93 -44 8 70 -49 -100 93 -32 4 23 31 -84 -81 -28 46 -94 51 59 19 -45 -67 -100 23 -77 67 -68 -49 -94 60 78 6 -21 96 15 45 64 -52 -33 -42 67 -33 -61 9 -80 -92 20 7 9 3 -39 68 -27 -36 56 -10 -81 -13 40 2 -48 -1 -58 -17 -72 -65 54 35 84 -88 31 52 -49 63 24 -51 64 -26 34 -25 -13 18 93 -89 -50 77 -4 -75 -23 71 67 -76 73 -87 65 86 -84 8 8 80 -6 -57 -54 -66 84 26 37 -84 -5 -95 -89 67 -2 -10 -90 -30 -17 -33 -27 82 -47 34 36 -46 77 -96 -98 -56 57 -11 -2 -73 -11 9 7 58 67 -73 17 51 -69 82 71 -51 -32 28 -81 49 15 -37 -61 61 56 -95 79 -40 34 76 1 -7 77 72 38 -58 32 22 -82 -57 -92 -17 -29 -65 34 -2 17 -86 -93 -60 21 -73 -20 16 -95 -36 78 77 -50 -17 -20 8 -5 -75 18 53 -62 67 99 -29 68 25 -70 0 -90 69 93 -22 28 -5 -21 -54 61 -27 -60 -5 -41 -99 91 -73 -61 -82 22 -33 -24
-90 -69 4 8 0 38 -66 28 -80 17 78 -52 -72 24 11 -7 76 67 69 -86 -17 100 11 -84 -100 -47 -11 54 94 29 -27 80 -28 -41 -39 -82 -41 -77 -97 97 50 11 64 81 -48 -58 -83 -47 17 53 -4 -95 -76 63 95 58 39 23 66 -90 62 -1 -2 -71 11 -50 78 48 -35 10 62 2 9 -86 -88 -66 -9 49 -1 -96 -88 41 -52 33 36 -43 -50 42 9 -40 -84 49 3 -21 61 44 55 88 16 87 93 89 -16 55 -37 12 66 -24 -38 -82 -38 -48 -41 -21 -36 0 73 80 -55 39 -27 87 -43 73 -39 -26 -95 -86 77 22 -79 -59 -45 -27 -91 -46 -4 -73 0 -81 -23 52 76 74 34 -25 -22 21 -17 94 -60 -35 85 -9 -72 -49 27 -96 -48 19 -88 72 63 65 -56 47 -72 -1 -38 -99 10 99 5 -9 53 39 -36 8 -49 -40 62 -38 -28 71 91 16 -86 -80 77 -93 94 62 -81 -84 6 29 0 -31 3 30 50 -46 -82 -99 97 -12 -43 10 -99 66 52 -29 -43 48 5 -80 -38 -93 46 -31 -12 82 57 -67 -50 24 49 26 74 41 78 -24 51 18 68 -35 51 9 24 -11 93 41 80 -64 71 98 59 64 99 53 14 97 99 -43 -71 -91 -43 -76 -67 72 -1 80 58 -15 -86 -50 -33 -85 96 60 -59 95 79 84 -77 -35 -19 97 96 -45 2 72 70 65 -50 -52 -79 -20 67 -38 -93 34 -73 -12 -27 -44 -35 -45 -49 70 13 19 53 -15 73 22 -56 -62 -86 95 -68 45 -77 -86 96 80 -28 68 -19 65 -94 -66 -57 61 -32 -94 -20 -60 80 -89 64 -10 -92 -26 -81 -71 -91 20 0 66 -68 89 63 -5 37 -55 48 32 -96 85 30 24 42 57 -45 -72 -20 62 -33 4 -96 42 -33 83 -51 94 -78 37 13 -75 -11 81 -88 58 27 32 -35 -70 81 92 -91 -91 87 -28 33 -21 -92 -14 -56 -12 -87 40 12 -27 -63 43 -67 41 71 -50 -19 -96 -12 23 58 -54 -52 -35 33 3 21 14 87 71 68 48 61 -58 89 -7 90 -16 -97 -92 -100 -90 100 -8 70 -74 48 -73 -15 -19 23 -87 -60 40 93 -98 56 -47 67 -23 56 -52 56 -94 -78 -73 -73 10 -19 -30 -35 -66 90 -10 -87 45 67 -26 -68 -73 -60 42 12 -46 -54 82 -82 58 -25 93 -70 -39 -17 67 -46 -82 -40 79 -82 -59 -11 75 -9 52 -14 94 -4 -73 82 -38 15 -20 -12 5 -15 15
-5 90 -16 38 37 -75 -59 -26 -61 44 67 -22 -91 40 -29 -44 43 -84 -74 -13 59 -24 45 -27 22 -86 -68 9 -41 -7 -63 -94 -41 61 -17 -60 -77 -12 59 24 4 -16 41 -59 -39 -92 -37 31 33 -58 44 -35 -73 11 98 -17 -35 98 56 -55 94 100 43 -96 -83 -80 -34 -16 -68 95 -19 -30 24 -12 -62 52 -24 -47 5 -9 33 -90 -25 -85 33 10 -15 87 26 -78 -69 32 -88 27 -69 -10 18 71 -51 28 52 -38 -23 51 1 45 -20 -84 -10 98 -16 89 -8 -32 60 -94 15 -80 34 48 -93 35 18 65 -44 -58 82 47 30 95 -17 -43 96 7 17 71 -68 -84 29 -94 7 35 40 84 84 66 47 -54 -20 -87 -45 85 95 61 1 98 -79 -18 68 63 70 -6 17 -100 85 31 -64 9 -17 -82 -12 16 -63 16 -49 16 -2 70 42 8 44 -78 71 -18 63 10 -27 -86 49 -68 75 26 2 39 14 69 -50 66 -46 83 -2 -2 45 -18 81 69 -4 41 72 60 -86 9 -5 10 -29 64 46 -14 72 61 -16 -80 25 -19 92 16 32 -52 41 -7 87 -24 33 -19 52 96 -15 30 -6 -41 6 -89 73 -42 -47 68 -80 -78 -70 11 -96 -21 30 93 -80 -43 77 -67 -89 -74 88 -99 15 -6 2 12 72 14 16 -22 -48 39 -51 88 32 -18 -45 52 32 -10 -28 53 6 -64 -87 -52 -13 97 -70 51 71 -9 39 -18 77 11 -25 -36 15 36 -64 3 64 -86 -93 28 -32 -37 -89 -59 99 20 77 -21 47 -75 64 40 -11 82 -44 -95 -19 5 -56 1 49 -74 -29 72 -75 -98 88 -64 -17 49 -97 -88 -23 73 -86 -88 -50 31 -11 -19 -57 -46 -70 26 -33 85 -85 35 -6 -93 79 13 -91 88 62 -97 22 -75 9 74 68 68 -79 5 33 58 -94 -50 81 -92 -10 96 89 69 93 20 -56 46 -95 -49 -13 -98 52 24 -66 -49 -80 5 21 5 11 88 -74 -58 88 34 4 -53 -19 71 26 17 28 -33 -7 -52 10 -45 74 81 -100 -37 -83 34 75 90 -28 -33 45 -36 -15 59 -62 70 -79 -18 -44 2 -94 41 15 -81 -53 -50 3 18 75 -32 33 -42 -15 -15 -69 78 -25 -86 81 97 -96 -46 -89 -7 -49 27 80 -3 30 -40 1 5 0 -53 58 -69 -28 -79 56 83 92 -56 55 98 -81 67 39 -52 -2 46 39 -81 -49 88 63 -61 4 30 62 -17 100 2 -17 -63 -23 -87
-32 20 8 98 -91 20 -49 -90 74 -96 -51 29 52 3 -47 -40 -54 -62 -20 33 13 -83 97 7 8 46 50 -49 58 40 14 -58 96 16 -90 -49 -32 13 -9 -35 51 -43 -91 95 -35 -38 62 -15 -47 91 -30 -73 -63 -58 -80 -26 22 45 83 -29 -18 -61 64 -82 -78 8 -83 -94 -29 98 -48 -67 78 -1 11 -53 -60 7 95 76 14 -48 5 -78 -80 -96 -91 -19 -88 12 24 64 77 12 -49 96 31 -28 -57 -30 -65 -4 34 16 100 -21 13 59 -57 -93 -91 -35 3 -63 92 90 13 -91 26 -94 -30 89 81 -35 -61 -48 29 -19 48 -71 -82 -62 57 -76 -91 72 -64 40 84 -47 32 -34 74 -72 -9 -47 -86 -60 97 57 5 -32 -26 12 -45 -93 4 77 -64 -78 24 -11 -27 -42 -66 -39 -19 -49 7 42 -50 54 23 34 -2 98 -32 1 48 -40 15 -53 72 -12 -30 14 69 -56 -91 -35 -19 66 -39 83 66 -65 5 -94 50 43 5 -8 53 81 55 54 -63 -9 91 -64 -79 -87 73 69 44 6 58 52 -99 22 8 -51 73 -26 -55 84 17 1 -77 43 38 -87 72 -73 82 -1 52 -26 11 56 -92 -70 -86 -72 -93 -5 -72 70 -10 -62 25 -42 -10 -78 -23 -73 -95 -20 -10 -16 31 -40 43 50 -21 -90 48 49 34 52 37 -80 -12 -31 -34 -80 48 -97 20 -40 -34 42 58 -26 18 -41 47 -1 -95 -39 17 88 -86 -96 95 -86 -29 96 -19 -84 72 74 68 68 -98 -65 57 -48 60 82 -25 74 27 -17 70 -80 67 -48 21 15 -73 -51 46 -2 19 -94 48 78 39 46 -1 -72 -39 -48 27 85 1 -55 -21 -19 5 -18 -27 69 19 -32 49 -37 -83 51 6 25 -68 -90 -88 -32 -39 -37 -87 89 43 -72 -78 73 16 -46 47 -79 53 26 -10 98 94 31 23 -35 47 41 77 -6 3 25 -58 43 99 -63 32 44 83 -57 -38 66 -69 -96 18 -76 -16 -66 -2 -73 -97 -90 -54 -6 -85 -10 -49 44 41 81 59 39 24 -17 36 47 10 5 -45 -92 57 -64 -74 -28 -41 -99 -89 58 50 98 -25 23 -80 -59 89 71 88 -36 -66 -46 24 81 25 -24 -15 -40 18 -6 74 -36 -38 -33 -98 22 77 35 -24 -74 -30 17 57 -30 8 91 -4 -24 10 -82 54 8 -84 25 -78 99 -83 -23 -11 91 59 57 -99 7 41 28 -63 61 46 16 74 67 94 -6 6 -56 19 -47 -58 68 49 4
20 9 5 54 -46 -71 16 -42 19 10 75 23 80 -75 -88 46 -76 7 94 16 51 56 -48 100 97 -5 38 -57 -30 -43 -25 96 1 -25 -92 64 46 -88 -95 63 17 -61 88 -43 -45 43 -15 -20 -16 -60 55 -51 100 -34 -58 83 59 90 75 45 95 20 -77 2 -23 85 76 -54 -86 -54 39 79 -14 -48 49 -38 -13 -98 7 -8 -62 26 42 -86 62 97 -8 -97 72 -19 64 -15 32 61 -67 38 -25 -66 84 33 19 -49 -40 -93 -92 50 9 -7 -57 -67 -23 -81 -84 20 38 4 24 98 68 41 -93 -53 -51 -48 -36 -49 30 90 0 87 -31 -6 34 63 -72 -53 95 55 26 -79 0 -78 34 29 51 -17 76 62 -51 76 66 -100 14 -96 -81 -89 -56 -85 -91 52 -81 -74 -17 15 -49 -12 -34 35 -67 41 87 78 -69 54 -66 78 -44 51 -40 93 78 -60 -60 24 -51 -13 -91 78 3 -49 92 45 62 -1 -20 49 -16 77 69 38 34 28 -85 68 10 24 47 73 -7 8 -61 87 26 45 40 -81 -47 -31 44 -3 -9 -83 -86 -23 -43 -90 -4 -93 -100 78 -81 -56 -62 -34 17 33 -16 64 57 -90 -40 80 -88 86 27 79 31 41 55 -46 93 43 86 -75 49 -46 -16 -81 -64 43 51 10 17 -16 -45 -1 47 -17 68 21 21 15 5 14 53 -80 2 15 -99 53 -7 -9 93 28 35 36 43 -32 48 99 -52 94 -12 85 -57 99 7 67 -42 -32 -55 67 4 11 27 19 65 5 43 88 5 -13 17 -39 -26 64 -31 25 -7 50 91 36 -57 -50 21 -95 -8 -31 27 3 -87 -67 -35 -80 -41 -4 80 49 17 44 90 -2 30 -83 -75 -91 7 48 11 29 55 9 66 -52 -79 -27 -47 25 -4 -19 -16 67 23 62 -88 78 -51 7 -63 -62 53 -97 -65 90 -90 -9 24 -17 13 23 -98 -40 42 -78 93 72 65 67 81 95 16 -94 0 -10 71 61 64 42 -80 7 35 -28 41 -40 -4 -30 -13 88 12 62 64 6 5 -62 -7 -35 -28 69 2 -11 -47 -89 65 55 24 42 95 -7 16 89 31 -7 59 -29 -99 -79 -54 22 15 1 -54 -43 32 -97 -46 84 77 96 68 -38 67 31 -10 -54 -93 53 10 83 -57 71 -56 63 -56 -49 -61 10 75 -79 -63 84 -98 58 97 23 -55 42 96 -56 -68 -43 -58 95 8 33 -68 -42 -6 10 -68 13 23 -96 79 -21 -57 -18 66 33 57 45
-63 -80 -76 -73 -53 -46 -52 -66 95 33 8 -66 63 37 -76 -28 84 -39 -8 -73 -4 -6 80 -11 -62 14 53 -45 15 -8 19 16 -20 59 -76 -18 6 32 70 65 82 -80 24 -34 -47 -30 -75 -3 -72 -40 73 66 -10 22 93 80 36 -80 -8 -62 -79 -94 38 100 -7 53 36 -89 19 -85 -65 -60 27 43 -29 63 67 -77 30 27 -5 -2 -66 -11 -16 84 90 -48 8 99 7 -39 13 95 -22 -35 -64 -73 -20 77 -65 -10 -67 -29 -2 -35 -66 64 10 77 -89 39 57 51 -52 -30 88 58 35 -59 -11 -69 -32 67 -46 22 20 91 -38 -31 2 17 -27 33 -95 -58 61 26 -64 -94 2 69 95 -36 -2 83 -1 70 -1 -44 99 82 19 -30 77 17 12 -77 25 -85 51 15 -32 45 6 -43 -97 11 85 -99 79 1 58 59 84 44 -83 -61 -22 -40 -82 4 52 50 3 15 -97 -65 -57 33 68 -78 20 -66 -68 -12 -59 -51 -74 11 59 -83 91 -43 65 71 58 84 -81 77 -49 91 99 61 -23 45 82 -91 52 -55 31 45 66 2 -49 -30 78 -41 99 32 64 15 -1 11 41 -26 23 26 68 40 -57 26 -33 64 74 27 2 60 26 -78 83 -34 -87 -81 -70 3 62 -99 59 97 -6 77 58 -52 -68 -76 -52 -43 -87 -89 -57 -56 -33 -4 44 -98 -12 5 97 34 -92 89 -86 75 -66 69 -23 55 65 -67 -48 -82 68 47 -96 -83 28 -76 53 -4 89 -57 -53 54 -65 68 98 -73 56 -69 -58 62 -41 -9 -1 10 -88 -73 90 -80 -28 25 96 -32 -58 -41 -15 85 -46 -45 -47 23 -26 -16 -2 91 -31 51 12 -92 -1 10 55 52 -2 89 -3 61 -32 9 36 -67 -40 21 -44 -18 41 14 51 54 -51 80 -10 90 -31 -30 5 19 67 -69 46 71 -64 14 -47 47 -95 74 -49 69 70 61 -40 76 81 33 -56 93 -32 -67 38 31 42 -44 46 50 -80 -51 -31 35 -49 77 -72 -67 -90 52 -92 29 33 56 -64 23 46 -54 -50 30 -17 81 -42 -62 -46 -49 -95 52 -26 -8 50 32 -66 60 28 -84 -97 80 -61 9 -15 12 100 -16 -59 71 -78 60 -79 88 -50 -32 -91 58 -82 65 -25 -55 -84 -71 -98 36 -75 76 94 -24 68 23 80 -30 -12 -19 -89 -8 8 -38 6 -23 -83 -44 -3 84 -85 13 -8 -70 -16 -45 -85 -23 -98 -14 -91 -43 97 63 -74 -41 -46 3 49 12 -48 -12
24 -45 86 -27 97 -77 -30 -61 -80 -96 -83 74 76 58 32 -43 -44 42 70 -15 50 -22 -21 -96 -89 14 -91 -44 52 -88 38 43 49 59 -90 -24 19 -90 -60 55 -50 32 -27 -76 29 77 92 28 58 0 -14 -66 28 -45 62 7 -45 -90 -16 -18 41 -75 45 25 -83 -36 -93 -59 90 -60 36 19 85 90 9 43 -76 86 -73 29 8 -27 23 70 -15 -83 -9 -9 4 55 2 36 94 -36 -36 -44 91 8 61 58 -80 42 90 60 -78 -10 4 -17 64 -18 -98 3 -93 -6 32 45 -81 -58 21 87 49 75 67 88 35 -35 65 -59 14 79 60 -86 -4 -53 85 -20 89 14 82 73 -42 100 -71 -67 21 13 -71 48 42 -93 -94 11 41 -83 -74 -30 92 52 59 -91 2 -2 -39 -59 84 1 -41 67 -75 44 -83 23 -63 -3 79 -84 -1 23 -68 -5 -47 -26 56 14 -90 81 9 -16 49 85 -41 -92 -73 -20 38 -13 -74 69 93 38 -81 39 20 17 55 -26 28 1 75 99 -48 -47 -100 -25 -43 52 -100 74 58 62 -43 -17 -84 -90 54 -61 30 -87 45 20 -62 -7 16 -95 -56 85 72 79 81 -60 -20 16 -85 -4 11 -83 -11 68 2 -39 57 95 -100 -24 -57 38 -60 76 -3 21 37 53 -19 40 -3 -89 -28 77 84 -17 87 72 -55 -66 -65 -82 -66 -63 17 -19 94 -44 -82 -30 20 68 4 70 91 -77 -46 -59 99 -97 34 24 23 46 -44 -26 -97 48 44 8 22 12 79 -77 -66 76 100 7 16 -26 1 1 35 68 -89 16 66 30 -82 -25 76 87 97 -26 37 -96 42 -63 -85 -47 -69 27 47 92 -8 69 -84 -11 82 87 -52 -13 -43 63 -91 68 -8 -51 -100 -75 76 -36 -90 -16 95 -84 -82 15 -71 69 26 -12 10 -37 -43 -98 -53 -100 -87 -26 -69 -26 -2 94 -61 -31 -50 12 -38 -62 -3 -79 60 -22 49 88 -9 25 1 -37 75 3 -81 -61 21 39 35 -90 40 15 97 -20 9 68 -29 -95 -22 -49 26 -54 -87 -43 -26 -90 85 -68 23 100 -37 53 -18 7 27 -15 67 59 100 80 38 -25 27 71 -73 -30 51 33 29 33 62 22 71 -36 -26 -4 -7 98 -60 42 -75 -34 2 -88 8 94 61 -26 74 84 92 61 42 19 -63 42 -54 -11 -45 -37 -27 93 90 85 -83 17 -89 -17 -94 62 -25 -7 76 0 -49 90 6 85 75 -39 39 22 -15 53 -21 25 48 -22
-51 -52 -3 -65 -2 5 -70 -67 -3 -42 49 -3 33 78 -71 88 -36 -76 21 -3 82 -55 15 3 79 1 16 -22 -5 16 -38 -46 -91 -1 -45 -42 36 -1 97 -52 81 -68 88 -58 -40 -100 -76 2 -10 90 59 21 37 11 65 -65 11 -48 17 32 -3 93 40 -58 4 -68 -20 -38 -65 21 -60 47 -77 76 5 82 80 -22 -62 8 -65 -11 31 -22 -62 1 -21 41 -95 58 53 -7 -42 53 84 -97 80 -10 13 -36 -5 27 -43 79 -44 -12 -55 95 50 -40 96 13 48 53 1 -34 -9 -9 -31 36 31 -16 -86 -59 -16 -87 69 -25 83 21 -19 -86 -78 60 -8 -22 93 89 -73 -53 -53 -49 8 71 -27 -10 -47 -45 97 78 49 18 55 2 -84 93 56 -70 -49 60 9 87 76 50 96 94 -89 52 -60 51 19 -5 98 91 -85 83 34 7 40 96 5 -47 -40 94 21 44 8 -30 -12 -15 18 -4 -40 -9 99 31 99 -89 37 53 95 5 80 57 29 72 62 34 -18 61 -39 96 25 -11 -67 -16 68 3 -8 34 63 43 -96 83 -19 -96 65 -45 38 -74 -44 -64 -18 72 75 -45 -70 83 91 -97 -23 83 -50 -65 -60 -60 -31 -99 9 19 65 -62 -17 91 67 26 -12 55 -95 -57 89 -17 91 75 -19 54 76 -19 -22 -60 -3 74 -97 -19 53 -1 -43 -48 -29 19 71 16 -73 47 39 -95 10 95 -13 34 -72 -75 -5 -21 -67 -61 82 -82 -58 23 30 12 32 -57 75 21 -32 -17 -12 21 -11 -16 -82 90 71 -43 47 91 -65 51 66 37 91 10 -81 39 44 -47 13 62 -79 -82 -96 -67 -45 7 99 -57 -14 -47 -40 -68 71 -71 37 63 86 4 64 77 -68 -81 -55 -21 -53 100 -33 -46 -6 -8 14 50 17 77 -95 -70 -64 68 40 14 -1 24 58 43 8 97 -75 -75 -2 90 96 -54 6 96 48 1 0 83 43 87 -90 -63 56 25 12 -91 57 45 -28 67 -12 42 95 42 10 -65 30 -56 0 -47 8 -26 -92 82 -84 -19 15 21 41 -70 -60 91 -65 80 -23 91 53 -57 -28 -4 84 -38 46 -20 -57 18 5 -53 2 37 -20 63 12 -32 -26 61 -70 -44 -13 6 -87 91 25 11 85 10 37 84 10 90 61 71 7 -95 3 100 -85 19 -10 32 -58 0 43 78 12 32 43 -21 -4 -8 17 -46 -77 -91 9 -16 -93 -40 -57 80 59 3 -65 -38 -16 -31 79 19 57 29
59 -48 -99 -9 -85 25 1 17 13 54 3 2 -10 -64 -61 1 45 67 -98 61 -98 -88 89 -90 -14 55 71 69 -81 82 20 -58 -54 -56 1 -73 -29 -33 -34 -78 -87 -43 43 94 -2 -9 46 -47 -15 54 -9 78 50 86 -62 23 98 33 -2 -58 -75 -33 -56 -69 57 62 -2 98 -58 -8 43 -23 -8 -95 -91 -100 -77 84 -29 44 43 63 -54 -60 -7 65 10 86 -52 -46 -60 -76 -45 36 -63 -71 42 -98 30 33 -7 -58 68 54 73 18 -3 43 63 50 -100 61 -89 16 -79 35 62 51 29 84 43 -11 20 -9 -100 96 -41 30 -26 54 -18 -88 -83 -7 84 -43 -41 -39 -18 -74 -36 89 21 76 31 -55 -48 -97 67 91 -2 -29 -13 -79 4 -60 -20 78 -8 90 44 -82 -43 -100 20 -76 -100 55 -38 -14 -77 -72 -8 35 89 75 21 -85 -61 12 -36 36 -8 44 -54 -38 -12 67 85 60 13 23 50 43 -92 2 -28 64 2 -44 -96 44 42 -1 -40 49 -16 73 -46 -70 46 -36 48 -83 13 4 17 -99 47 92 -90 23 -74 -95 89 54 26 -92 27 84 -38 46 -74 -94 90 13 21 -100 -76 9 47 -83 19 -10 -83 -40 43 -91 10 -28 76 69 23 -99 -4 -44 24 76 83 -18 -62 -98 -27 -5 13 75 -14 -91 30 -79 48 34 -52 15 68 -50 -64 -28 -26 58 -49 -17 75 34 42 2 -54 -7 -61 69 -36 -95 -85 88 -63 88 48 48 -80 5 95 94 -36 30 -17 -35 -56 47 -4 -93 100 -62 35 -24 -10 100 -20 6 -81 -88 81 26 100 62 66 -25 -2 -56 46 -75 -32 40 -9 27 -34 -92 -15 88 90 -25 -38 -26 23 58 66 85 -26 31 -28 62 -12 -29 -94 -95 25 -18 46 93 8 -40 -37 7 -87 -29 77 74 81 -59 -53 17 -36 49 48 -9 -34 56 59 -3 -99 14 -58 -47 15 -97 79 -42 -61 18 34 10 -22 89 25 72 7 -43 -80 7 66 -40 24 38 2 -70 -57 -81 48 14 -12 95 53 91 88 -13 100 -57 18 -95 63 -23 17 5 28 -75 -15 -58 -88 -96 5 -47 -73 22 -53 64 31 4 -78 -94 -88 55 -44 47 87 79 71 -14 -42 42 37 21 85 40 40 12 -4 -49 -70 94 -70 92 -35 41 19 65 -100 92 -55 40 26 43 -39 -53 39 17 -25 90 29 43 -23 47 -91 -25 -7 95 41 -100 59 76 11 -43 -22 -100 63 -85 81 54 -41 78 43 -98
-88 -46 0 23 -11 -14 -53 -60 82 -51 76 -83 -63 71 -96 -99 0 22 -100 -30 26 -40 3 -23 98 -47 -44 2 9 -52 55 49 93 -38 -45 22 64 -36 -35 -95 32 -88 59 -97 75 7 32 91 -86 -71 -89 52 44 58 70 56 -38 58 -76 69 -37 -3 49 3 -3 43 -99 8 4 17 -7 84 53 83 95 -79 -93 -5 74 97 -8 38 49 -23 93 -93 88 28 -27 -4 34 29 -4 -81 79 31 36 54 -9 -35 68 26 7 84 -69 -15 -52 66 -55 -61 97 66 16 94 -92 73 58 -56 31 28 91 -15 -16 1 -10 19 77 -28 -10 -8 -48 -27 35 -60 -70 86 -77 -67 21 -77 85 58 -97 98 -15 97 0 -62 22 5 -79 77 -20 -63 88 -20 -44 -2 -71 -8 13 -45 -61 -56 -31 -72 -31 -24 -81 38 -56 -22 10 -81 68 78 -57 98 -98 52 78 -70 45 -81 -30 40 -98 -80 36 3 10 37 -39 100 62 68 33 22 30 -3 2 91 37 13 -26 36 -27 -86 8 11 -67 -23 51 -43 -3 -93 49 -49 -91 -75 -66 2 19 -16 -7 59 -24 54 -83 14 -45 -78 -30 3 -29 -23 -64 93 35 61 -95 37 -3 58 -80 25 -51 45 65 91 86 -15 -52 96 97 -24 -6 -9 78 32 84 -18 51 0 -46 -50 -9 -27 -61 13 -79 78 78 -17 44 -2 -35 32 77 47 20 -16 85 -40 2 -40 94 -60 -84 46 48 67 -53 22 -27 62 68 -35 9 -27 -54 54 28 72 -13 43 -41 -86 -86 83 -6 55 21 17 -23 -1 83 -11 -96 45 44 -76 35 26 -65 53 89 7 83 -73 75 -43 67 14 91 13 -58 -50 -56 -14 -46 63 -2 -44 94 83 -91 -6 48 79 -25 84 18 8 57 -47 91 -75 -87 -57 26 9 -16 76 -17 -55 13 -37 47 -7 -71 29 98 -1 -21 4 49 -31 -27 -82 33 58 -81 96 -65 -79 -31 49 44 46 -29 73 6 -11 100 -9 -27 -9 -68 -27 -38 50 -26 -86 -37 37 -99 41 59 -83 57 50 0 4 -33 -48 -61 -14 -19 -14 -75 31 64 -16 -6 -26 72 21 -92 -60 -72 65 57 -7 86 37 -84 97 -4 -13 -24 38 65 -73 3 64 -30 93 -74 -28 42 29 85 12 43 90 90 -39 -3 82 21 94 -93 -17 62 -68 -8 -82 1 37 32 -99 -33 39 -98 -67 12 -53 96 50 21 78 -65 -31 82 -99 -55 -36 -27 -82 38 51 56 28 -79 -32 -53 85 -97 5
63 -82 96 7 56 -43 34 -78 19 33 -9 52 3 -5 39 -92 4 16 -21 -30 51 12 10 -74 -25 26 -14 -99 98 32 -79 80 -38 67 -27 68 -43 -60 63 1 -99 -79 41 26 93 -81 -31 35 -34 72 67 -41 64 -57 23 -89 17 34 -90 -62 1 80 29 -42 49 -61 58 -11 -48 46 95 -29 51 47 -52 53 -69 -79 15 -69 70 76 94 -78 -71 23 -51 -9 5 71 48 -88 -64 32 -87 78 35 89 20 -87 -57 -29 73 15 -95 1 -97 47 36 65 45 51 94 -86 -47 31 29 58 88 -34 -90 66 91 -36 -86 -84 65 70 63 85 -30 -46 53 -54 -37 -66 -57 61 96 26 96 92 -5 -59 -77 66 3 35 -4 20 99 -67 22 41 -54 65 24 34 34 -94 -27 99 -79 43 -12 -34 54 -35 34 2 49 100 -56 -45 -81 49 -59 -10 -84 -93 -47 73 -51 -49 77 -5 -52 23 36 -94 89 -40 -74 -78 55 24 -17 -64 56 87 -14 -41 21 -17 -9 34 -4 23 -20 65 -97 62 -93 61 -97 -5 91 -13 -21 -49 27 -68 -51 22 -22 44 76 -39 95 -65 31 -53 74 14 19 92 -58 26 -27 59 -34 -21 -27 50 32 32 -30 61 -98 78 88 -32 39 -42 97 -70 -86 74 -33 -24 23 17 -36 -73 4 11 7 -5 21 -39 -41 -30 -21 54 -77 -35 -34 42 68 -98 -70 -11 36 93 -28 45 -90 47 6 78 -85 90 -25 32 -99 67 -55 -75 36 92 -65 -21 -27 -14 35 -21 -96 59 -19 -80 -29 -1 -77 -34 -92 24 -78 90 38 23 84 -39 -60 37 -44 -21 -24 -26 -53 -89 -38 -90 92 67 -69 37 66 52 96 -8 -77 -87 55 58 38 99 -1 0 40 99 -17 -1 -38 -47 24 81 72 78 -16 54 -94 -10 1 57 77 96 56 6 36 1 -72 73 -15 -19 -49 -91 -60 54 -90 -42 86 -57 93 90 -52 25 18 49 60 84 76 92 71 -77 -19 -55 72 5 48 76 -90 14 93 -62 -98 46 -29 -3 52 -68 -70 35 29 -91 94 64 74 27 16 -63 51 -59 69 52 95 62 90 61 -25 -27 -82 -28 -46 19 -17 -82 92 -59 -18 -95 82 52 -1 -24 18 -6 -54 -76 -1 -84 -87 42 -34 53 -25 83 -26 -39 95 -89 12 61 29 56 -80 -95 -14 -58 -48 -35 4 72 -46 -46 56 -57 -68 -23 -78 72 50 -28 6 13 8 -95 72 -27 0 27 81 13 22 9 -34 -7 78 -22 63 65
-88 -5 -80 -30 -95 -59 -28 8 -26 -52 27 -70 100 -61 46 -46 14 55 87 24 10 -26 100 -62 -46 63 -26 13 -12 -55 50 -80 -7 -5 -31 -24 44 -47 57 30 79 33 86 -100 -81 -70 -85 15 -58 -55 17 28 48 -5 -79 -16 48 -40 -99 -13 -23 36 50 -76 3 -100 -43 -64 -51 -82 2 -10 -32 70 35 39 -46 90 65 13 6 -94 -40 -3 -80 -50 7 36 95 -97 -56 -25 77 49 -57 33 -95 65 69 -91 4 -6 -87 95 36 52 -54 -4 3 -97 -87 91 -57 57 82 -50 -93 49 -48 61 35 51 66 29 49 -99 4 -8 5 74 33 39 10 -66 -64 97 -14 -81 -59 45 90 64 -6 -99 61 56 -45 58 -53 -98 5 -10 39 -1 60 -11 51 44 85 94 -44 90 -54 10 34 -51 -92 -24 41 -98 80 89 26 34 8 -21 41 -42 -77 0 -87 50 5 11 35 -65 -73 -86 -19 -95 -86 -72 29 -32 -53 39 49 59 0 -85 72 -31 -50 69 -42 -13 -24 -6 -33 6 -11 -87 43 84 -56 69 47 16 -95 -39 7 39 -30 25 -41 -25 -66 96 -55 43 -73 -26 40 38 -39 64 -98 11 -16 -46 59 79 23 -7 -4 -13 80 -99 94 -95 -52 -80 34 80 22 14 -17 35 -52 94 17 91 -81 -87 -55 96 84 49 79 -7 -74 -79 71 -27 -15 -94 -27 -67 -87 41 65 8 56 -94 -35 1 83 -51 58 45 -14 -92 71 -48 -21 93 7 -9 -24 -3 -37 28 12 6 70 -66 -79 45 65 -96 2 -76 84 45 -27 22 35 56 63 -39 -69 -67 43 45 -82 -84 41 66 -32 -45 49 60 95 -80 -75 -30 -38 -8 60 -48 56 34 9 -46 57 -65 74 -52 48 -11 -73 -86 -29 31 25 79 23 26 -50 46 -56 -87 -79 -10 -23 59 18 87 81 71 -67 66 -39 82 80 -57 -51 -61 -97 32 -22 -86 81 1 2 -77 61 14 65 -43 -64 70 -6 1 -10 -52 -59 65 -83 -4 -52 -7 46 78 44 52 75 7 46 28 -91 -59 -18 30 40 -90 -94 -64 92 91 -24 -85 -100 86 27 -47 36 14 -38 -90 -30 -26 53 -17 40 -65 -69 -35 -51 -39 83 59 -93 -60 39 -61 -22 -78 67 3 57 0 78 -100 17 -57 -46 3 58 -51 -13 -71 49 -93 -69 -29 -38 83 65 -78 25 58 -92 51 -57 -69 89 -37 -75 20 -41 98 -55 37 89 -79 81 38 -56 -70 12 25 -7 96 16 24 -34 -26 100 99
-35 -96 -12 58 -53 16 -63 79 13 -60 63 22 -56 24 -63 41 60 -16 48 -15 -14 0 95 94 65 -95 16 -27 -14 45 -44 -3 -55 72 -77 17 98 24 18 -59 44 5 25 27 -71 99 -23 99 75 64 -31 65 -96 -51 30 61 -57 -4 38 -53 72 42 -45 -53 -34 39 19 -23 -52 49 -96 -79 -99 96 -50 44 42 2 23 70 -9 -56 -40 87 38 -1 -6 16 -21 1 91 28 -67 -3 -37 66 55 -22 15 32 69 24 -47 -1 21 66 16 8 -55 86 98 64 98 31 -61 6 -65 -75 73 38 -48 -59 -59 -18 -49 36 56 -55 -63 6 88 -98 -99 -74 -72 97 76 33 -73 35 -29 -83 -48 44 -63 11 35 -63 -60 93 61 -1 -49 -93 50 -42 -19 80 95 77 48 97 56 13 -100 -60 22 -29 21 -91 62 7 59 -69 85 13 98 95 52 29 -41 85 86 -8 65 -81 -26 -79 -65 38 -21 -8 92 41 -58 -86 34 -40 51 -38 59 3 74 -36 -73 99 -41 7 -28 -45 -29 -14 -75 80 10 95 14 6 -6 38 96 10 -89 -32 -52 -50 85 35 17 60 -27 52 84 -23 -22 66 -57 97 85 -21 -3 -26 -78 73 -13 96 -23 -76 97 -22 23 -76 -62 89 13 58 -31 91 74 -55 -59 -50 -76 -49 -69 26 21 94 85 90 -45 -47 -41 -12 -82 26 86 3 -96 -87 -88 -60 28 -79 4 43 -46 -19 68 53 8 -41 47 -100 96 -20 27 -63 87 25 -56 -67 -99 6 -35 77 0 -18 65 -72 -74 -37 -53 1 6 -98 75 -36 77 -27 -49 -13 98 -36 -83 -24 -60 -26 18 36 100 37 -7 -17 31 -30 -100 79 -21 90 -43 66 44 -28 -20 51 -18 -59 77 -44 59 -29 -9 -93 70 16 -97 91 -65 60 -57 -40 27 67 -71 36 -74 -2 -52 -82 -66 -15 42 -84 85 -53 -98 -75 -5 97 -99 49 -38 85 -64 -56 -90 -86 -16 -53 63 -22 1 53 -59 -3 -94 -60 -82 44 17 -50 -28 -73 45 15 94 -28 58 -37 -86 74 4 -82 82 -8 -50 56 67 -24 97 35 -34 -63 -30 85 33 78 -19 67 -42 7 -29 70 81 -60 -1 -19 99 16 -84 71 -100 67 26 92 -92 -91 10 66 91 -75 67 -80 -100 -80 11 22 52 95 0 -54 -64 -15 -82 74 -93 24 16 42 70 44 -61 -44 -82 79 92 25 70 -15 -83 -88 85 57 60 -22 -41 -58 5 -46 -79 -79 93 -21 54 -8 -2 30 -1 23
-86 -15 -33 -90 -3 -8 9 43 50 18 -41 -55 32 -9 -18 -5 60 -30 -14 -78 32 56 26 2 24 -37 -63 4 53 -99 -53 -70 -69 -59 34 29 91 -60 -27 46 -32 36 -10 -39 74 -40 -38 43 -91 33 69 80 86 88 -48 25 -14 83 7 -73 73 5 -84 13 85 95 25 -43 93 13 -96 -45 -35 74 -79 -17 13 10 -58 56 -64 19 10 78 -4 32 78 73 -69 -42 -84 54 49 -69 12 92 53 -25 58 25 21 77 -49 53 -41 -33 48 -43 64 22 89 44 87 14 -30 17 59 -8 75 89 -85 -10 99 99 44 77 -93 -13 -26 -90 55 31 48 33 82 -85 30 -39 32 -88 -2 16 57 59 56 7 95 -92 -13 92 54 22 95 22 43 100 -9 46 -44 67 54 36 -48 78 96 56 15 -37 -83 -34 0 84 26 99 -1 27 -16 -49 5 42 -64 6 95 -29 -2 -28 -90 33 70 -64 0 73 -94 18 7 84 -7 -96 -71 -56 98 -76 46 59 -26 48 4 -23 -45 88 -31 44 94 -79 56 -54 58 2 59 -96 -27 -27 -35 -23 28 30 66 82 17 82 72 61 -20 -52 23 -25 -13 -21 24 36 -66 -51 -50 11 -98 74 -89 53 -38 88 41 20 -40 31 98 2 57 26 79 51 55 47 -12 -50 18 65 -34 84 -13 60 -65 62 47 -59 17 -15 -58 -65 -76 -84 -98 -83 95 79 47 -9 95 -96 79 98 89 68 51 -16 9 14 5 -27 -78 -25 -28 -17 -82 84 100 28 -40 -22 -63 -9 28 -54 96 -18 -62 9 -21 -100 52 -10 100 89 0 18 -72 -66 66 37 41 70 7 -24 92 93 -36 59 23 -35 25 44 81 -91 59 37 47 86 -97 -18 -93 51 -7 100 -31 -89 -48 -91 89 -6 8 96 45 -58 90 -81 -71 -80 -52 38 93 -21 -51 -60 64 30 40 93 24 -32 79 64 -78 -60 -69 -52 -25 83 39 89 -61 1 -65 0 82 -88 94 -8 61 69 -49 -40 54 -79 41 62 -100 -6 25 -83 -17 -27 -86 38 -50 64 -45 6 -80 43 -60 -68 -13 87 59 91 -22 -1 5 -2 -80 -42 -66 -43 80 100 -39 -89 -44 -95 90 -12 -26 -90 -51 41 42 75 -99 10 15 57 6 32 -34 75 20 -80 -10 90 13 -98 -47 42 -39 -41 -29 41 23 1 75 -16 87 80 9 36 -7 -77 80 33 42 24 -88 2 25 -77 44 3 9 8 -79 -42 -28 17 -91 -85 -18 19 -32 65 -41 -1
-80 -19 -21 -96 67 44 -72 -30 -64 21 -68 39 96 54 -83 -87 15 -83 69 98 100 -62 -65 -46 36 59 10 -19 -89 -38 -95 19 77 -51 94 25 73 -28 -48 84 -54 38 54 -30 10 -42 39 4 -18 65 -87 32 64 -81 -70 77 22 34 54 -62 -93 11 -76 -89 -100 21 -67 -92 48 -13 -92 7 -30 -77 58 34 25 95 83 48 -9 -73 -72 100 -19 56 -89 54 25 -90 53 30 -47 57 6 79 86 98 46 -60 -9 12 -73 53 79 -83 13 89 -81 -2 35 -65 -49 65 -99 86 25 50 23 -91 50 54 -99 -53 88 -83 -35 -29 -49 -44 24 17 80 70 4 4 -62 77 -75 -84 37 -22 -61 -63 -29 -1 62 70 78 49 57 -91 -91 68 3 -44 13 65 54 -9 -43 35 -49 66 61 -22 56 84 84 66 -87 -26 29 4 100 -85 -35 63 -34 25 35 -99 -49 -7 -11 18 -97 86 -90 58 19 76 76 -8 79 -99 -60 -28 -78 -32 -49 -33 -87 89 8 -88 63 -59 -52 3 13 -38 89 -5 41 -63 22 18 24 9 34 -49 24 -35 62 38 48 42 -63 37 -97 22 85 94 -27 -61 21 -40 76 1 -18 54 18 -25 -22 63 86 -52 -44 -88 -14 -78 17 76 1 11 6 -10 16 -46 -17 -29 -58 76 49 -55 -77 -62 21 -90 27 -1 16 52 -14 87 5 -9 -96 45 5 88 48 93 21 58 -9 98 -98 94 -67 50 61 -14 66 -48 79 -13 19 -74 -94 23 -8 24 -82 -37 -18 -14 -64 66 84 -44 73 -50 -31 -95 -26 -54 44 91 -49 -26 5 -80 92 59 90 -28 50 13 80 78 68 -82 -70 -71 76 -71 -42 -59 -94 -14 29 -91 -33 61 58 -78 30 -23 -33 -43 -27 -20 -46 91 54 43 -89 6 94 65 74 -68 -6 11 77 76 52 92 57 65 79 30 -18 -24 60 28 -44 -51 -63 -18 -86 4 43 -21 -51 81 -43 56 66 83 18 33 74 -29 92 1 29 80 -4 77 51 91 -97 -3 34 60 51 38 -91 24 -29 36 -2 47 -8 -26 -89 38 -41 -18 -86 36 58 86 37 41 -47 46 -10 51 80 13 55 43 10 -21 -80 53 10 -13 -66 42 -85 70 68 -72 -46 28 32 -32 64 80 61 -53 -8 -67 -36 59 -70 82 -71 -2 49 -86 22 -4 -44 49 -8 15 19 -26 -63 -9 -31 -94 13 -49 -59 -35 -63 79 -92 -91 -39 -69 -32 21 50 -84 78 32 -56 -74 50 -75 -27 82
-56 -53 -9 -62 44 -2 53 77 48 30 -56 -61 -53 97 25 -55 -78 90 86 85 64 62 60 -27 -30 0 -24 -88 -31 -1 -41 -25 -45 -88 -65 60 6 29 -70 70 17 71 0 16 36 63 -87 58 56 59 -77 -77 93 -72 -43 -37 95 -60 -52 0 13 -53 87 25 -97 22 93 -53 17 -95 26 -56 -11 24 -34 17 76 40 58 54 65 20 49 19 -23 -20 -75 11 -52 76 -78 -66 48 -10 65 -4 91 41 34 -52 54 40 31 -76 20 -28 -11 -59 91 -2 75 28 -30 -66 -43 -99 -93 -56 50 -97 22 28 -39 -35 69 -40 -87 83 -47 76 17 43 47 -40 46 -33 81 77 55 -97 58 -97 -14 -93 -88 76 -62 -83 -23 65 80 75 8 79 -52 82 82 -30 -48 -97 49 75 -61 98 -65 -28 64 20 38 -17 -94 -11 99 -89 -1 57 50 37 -98 -87 39 7 -44 1 -73 -36 -75 21 4 -58 27 75 -35 87 6 14 69 -30 -46 -30 -66 86 11 86 96 -46 28 1 84 31 3 63 -33 -39 -84 -85 70 -81 13 -23 12 -53 -8 3 2 -58 -41 31 64 -85 -38 -76 -99 -22 5 81 -84 78 66 44 -95 -68 52 32 30 82 37 -16 4 40 -96 -45 74 4 26 -88 -69 3 -18 -46 81 17 -39 75 -28 -28 78 2 -5 77 -90 -67 -66 -26 -80 -34 68 -81 77 21 99 -8 19 17 -50 90 5 -20 8 17 50 -24 21 7 -52 29 53 -83 -68 -39 63 88 -97 6 5 80 -87 -59 -4 -74 29 42 -44 -15 -87 10 94 -3 -68 -77 18 94 73 30 43 -89 60 4 -29 45 -84 94 84 -1 -68 20 -15 38 -49 -70 90 74 55 16 72 -21 -58 -89 87 96 51 -14 64 -100 -72 17 -26 6 75 -3 65 93 -10 90 74 -80 12 -9 40 -47 60 -39 24 18 -53 6 2 37 -58 -3 -11 53 83 -90 -78 96 25 -34 -78 85 25 -42 69 23 -36 5 -37 13 91 81 48 -53 42 -2 -34 -71 -88 59 -82 21 -9 77 -71 59 -56 34 -5 -90 32 -38 -64 -98 21 -100 7 7 17 -89 90 40 -71 -80 31 -53 -90 83 10 91 63 -49 -79 -37 23 -15 53 96 -44 -18 -81 -55 -23 31 -93 75 76 -75 60 -5 51 11 77 24 14 58 -12 98 33 -83 29 95 97 70 -76 67 -83 38 100 -12 -72 -71 36 64 59 86 44 19 12 -67 -96 -47 -42 63 -72 27 25 54 -63 83 36 -7
-77 79 88 88 -74 -56 -83 -22 96 -63 -96 -25 15 53 -43 2 -95 57 52 70 -14 -90 -41 2 28 -36 69 -59 73 -78 -6 17 73 95 -11 -5 4 96 2 63 7 -13 43 30 -50 26 21 -93 -18 0 -17 39 -52 -64 -16 -75 -31 -28 -8 -56 62 -36 -72 21 47 -45 -81 86 -68 -69 84 80 25 11 -59 -69 60 4 19 30 82 -67 44 39 76 -15 -34 -34 62 44 48 44 -90 -17 42 -35 37 -32 69 68 -3 -75 -68 48 -68 89 63 -8 85 -51 47 -71 -5 -78 -14 -92 -12 -72 6 37 91 31 10 -46 27 -74 86 0 -84 -78 36 11 40 43 51 -62 78 4 -37 94 -39 -60 19 75 -63 -39 -66 -84 -41 54 62 14 1 -85 -97 94 -90 2 -88 -93 75 -75 -34 97 30 -26 -32 86 -88 97 71 92 -81 13 69 -38 55 0 14 95 83 47 -76 -92 -31 95 79 17 86 -45 -93 -53 -19 23 57 29 88 -3 8 32 -93 -35 62 22 26 72 89 -31 -50 -61 25 39 76 17 -94 -96 42 65 44 -64 -44 39 -71 -78 26 -41 -75 -86 -63 -70 29 9 -26 43 -89 -2 -12 -70 92 5 -68 -2 43 77 -96 94 22 -28 1 23 85 -70 40 -26 20 -61 29 -21 93 92 22 -69 -94 -7 93 -99 3 67 -40 24 38 30 -49 1 -39 -47 -100 64 36 -15 100 -85 72 36 89 -23 -74 -40 100 -86 1 -42 79 8 -19 43 2 -88 -11 -79 -44 76 89 -24 94 -54 -7 -64 46 63 -33 -22 12 71 36 95 -93 -69 9 7 98 -87 81 97 -25 -19 40 51 -16 -39 62 11 -62 -22 -28 -83 94 62 18 83 2 19 -82 -39 -96 21 24 -28 -97 45 64 36 60 -82 10 -4 55 95 -14 -24 89 -30 4 41 91 -30 -7 13 10 -99 -41 -2 74 -42 3 -44 -91 75 -85 -71 75 48 -81 -88 -99 5 38 63 0 14 33 -21 -62 24 -40 -62 74 -96 32 -11 73 84 36 65 -7 -12 -24 -48 98 92 12 0 -24 52 -28 -1 -71 -7 -32 82 -12 96 85 -53 -55 -10 -58 -79 -23 22 -99 13 44 35 49 -16 80 -77 -78 59 -99 -39 -66 -51 60 -41 -65 -26 -19 -95 7 -92 69 1 -20 -39 -11 93 -73 -23 -80 29 -26 76 -62 49 31 80 -27 -44 -68 67 16 66 -38 -15 -4 -48 87 89 90 -1 71 39 -6 -24 66 -8 -55 75 7 -14 50 16 -26 85 -3 -15 69 58
78 -11 84 -28 59 -39 -45 35 -66 54 -39 8 -30 -33 49 89 -64 22 -43 -100 41 24 -56 34 -94 -2 39 80 67 -55 -16 -82 45 57 -89 -27 -31 -8 96 52 12 88 -21 12 -24 -48 25 9 -50 7 -82 83 -51 -53 -43 24 -15 87 67 -40 -2 -94 58 -63 -11 -21 47 50 68 -89 69 49 73 -43 -96 -39 90 80 -54 -96 -13 89 14 8 -75 17 -49 0 23 -64 -77 -88 70 -41 52 -88 33 -94 26 68 -91 0 22 4 88 -8 73 9 2 39 -27 18 67 -99 5 36 -56 -47 -85 55 80 -22 -36 34 9 -88 -10 -85 -14 -13 -64 -77 -9 -38 93 66 -22 -56 -13 -66 10 97 6 -31 -60 -65 -91 91 -11 -31 8 -4 27 -53 -45 47 45 92 42 -22 -54 74 -20 17 -8 85 30 -53 86 15 -79 -2 -26 39 -78 -82 -41 -14 -46 33 67 63 -50 90 23 50 65 86 96 -53 -15 -20 -77 -86 -72 56 3 90 -67 -64 -34 45 -3 -67 18 92 49 -26 -30 -41 -84 -44 -25 -28 -69 -99 -65 -100 61 -62 -44 63 34 -28 48 70 -44 6 -4 -43 -45 -41 86 85 31 73 -100 85 -12 16 -98 73 75 32 100 92 -63 -8 15 -35 -3 59 -30 -33 45 -23 -36 10 52 47 26 -4 -11 -9 -67 -65 -4 45 23 56 -97 99 -11 -76 49 1 -30 83 12 69 -26 5 -15 -66 -94 -90 -20 35 -33 56 -29 -13 28 -78 77 17 95 14 8 -47 -79 -42 -99 94 69 86 -2 -42 61 -76 94 -91 -91 21 51 -81 -89 -35 62 -44 -52 -92 -14 -96 -80 5 69 -96 -9 85 6 4 3 -99 -66 73 7 -41 -83 -76 89 26 -95 -37 85 -74 98 -44 38 -10 83 -7 -49 38 -7 40 66 -42 -14 8 57 -43 -39 8 -12 -69 85 -8 -2 50 -40 85 19 -91 83 17 -62 39 52 -92 -94 73 53 -47 12 -4 86 -47 -56 -26 23 -99 40 6 41 97 -64 15 86 53 -19 -59 -10 71 -21 68 -5 48 -8 -55 -89 6 54 73 -86 70 33 -70 -22 -85 33 -54 64 85 70 -38 -69 17 97 -40 36 -30 19 79 -79 71 -32 -37 22 -16 -59 40 -87 -51 -12 52 62 -28 -9 76 19 -42 16 -42 -75 53 -49 44 -57 -58 -61 -72 -3 -98 -18 -60 -19 28 -22 -49 -39 54 54 72 -68 -97 -79 33 98 -82 -81 -52 -55 -54 -49 -74 -26 18 85 69 -18 61 53 -90 -44 -28 -80 53 90 46
-81 0 9 -2 66 -26 -100 13 78 86 18 54 -70 60 -70 -70 -81 29 -45 0 4 -30 85 66 19 -89 -95 -87 -99 -12 56 -14 68 33 32 -60 71 67 -43 -100 -26 -51 -8 44 -39 -19 44 -1 -52 -77 -17 -78 -79 -40 -84 -36 18 23 90 14 -14 -97 -45 78 -89 52 -76 60 76 -88 77 -48 -30 -25 -42 -83 -45 -16 52 -75 85 -23 73 -38 81 -74 -3 -61 -44 0 -33 -27 59 76 3 -76 11 -20 40 -84 76 40 74 -12 -53 38 -99 -47 54 -45 70 -55 -92 41 31 3 90 16 -18 76 48 11 67 52 -79 16 90 78 90 36 94 50 20 72 27 -24 26 69 -62 -76 -79 -10 -32 40 75 -20 78 -56 81 36 37 -12 -97 -16 -65 -44 24 -22 -92 46 -32 -55 -55 -23 -13 4 -28 36 -77 30 36 44 -99 -26 -97 50 -89 16 -79 -56 33 58 1 22 -60 24 -65 -20 -36 24 -71 -4 -94 -72 -28 12 26 -55 59 -82 46 -7 17 90 -9 10 -81 -62 -79 83 -62 -53 -98 -24 24 -23 97 37 59 84 -89 25 21 81 65 28 -39 75 16 98 95 -3 80 50 85 34 -6 -12 64 57 45 -96 -34 23 -24 -68 44 -90 73 -65 26 81 -24 -99 19 13 -20 22 -27 -75 -7 40 13 -26 92 41 82 98 -23 50 48 -51 47 87 83 -22 66 63 93 82 76 75 -85 50 48 89 -36 84 -36 80 -49 -85 84 -59 -50 36 31 -23 11 -91 -16 85 -40 -18 6 88 -35 -39 17 -75 -27 20 -28 -99 -7 76 -25 57 83 94 14 72 67 59 32 -54 -100 20 27 -26 2 -6 49 26 -25 -64 -6 -11 86 0 65 95 -15 -46 79 77 -24 -7 42 83 -46 89 7 61 76 33 37 -48 96 -48 -68 73 -88 -37 54 2 52 22 69 -62 8 40 0 7 68 -68 51 -46 6 -64 -25 -95 36 20 -32 -58 14 -16 6 -52 -32 100 -92 -83 -38 45 57 88 88 -18 22 34 -87 -95 99 45 18 50 -75 -80 -75 59 -15 3 41 34 87 12 -60 15 -39 52 -82 60 -94 12 32 49 -51 -20 -43 63 -1 -72 -8 38 78 3 -50 12 75 -1 89 64 60 36 10 -29 -92 1 50 84 45 -63 68 -45 74 -25 100 -48 48 73 36 -87 -59 -8 65 40 8 -79 13 3 35 49 -20 95 0 59 -33 100 -39 65 -75 78 3 19 85 16 -5 -7 76 5 -37 -66 5 4 -61 -31 16 -35
85 -59 74 36 79 39 -41 -49 -16 -61 -3 -15 76 -50 28 -31 21 -77 -69 -53 97 25 14 -37 -49 -50 23 -78 -41 66 -33 -2 89 37 97 -93 68 -59 -5 46 -18 2 -70 86 -90 10 41 -33 -75 -61 21 -12 -47 79 63 87 -46 -63 52 18 83 82 11 22 68 -13 -14 67 37 -67 -69 -50 10 79 7 78 1 -40 88 56 -100 -23 47 78 -21 -94 -99 50 -50 56 5 45 63 -37 -8 -11 -4 41 22 69 32 17 -28 -44 27 10 30 71 43 64 -30 94 47 30 -62 -40 39 52 -75 20 97 -76 -1 94 -26 1 94 -78 13 -70 69 54 -69 -77 -30 74 -12 98 51 -54 -13 -85 77 -54 -14 -74 38 36 -86 86 29 -70 -96 -7 2 -91 92 -85 70 97 -6 50 -39 -41 53 -95 -56 -12 28 66 -48 68 75 58 93 -84 -65 -76 -3 30 92 37 -67 -90 84 -49 14 4 22 46 19 -71 71 -97 -13 -89 -15 4 -87 -19 33 16 71 76 -27 -10 93 75 40 61 -47 -57 71 -6 -39 -15 -69 0 -18 57 -29 8 -27 93 -82 -88 -73 -76 -13 14 -71 -99 -10 51 -67 34 -66 47 23 -18 27 69 34 -43 -11 -3 -60 28 40 41 -17 -77 70 -99 -10 42 96 -70 -16 69 94 56 -64 62 29 46 73 -39 79 -16 83 30 -16 -88 -70 -2 -87 90 41 3 -77 -49 -4 -63 -87 -54 96 58 -83 -25 -68 59 -47 -78 -74 -80 -45 56 76 84 76 -77 -19 -55 55 26 -42 -51 -68 64 -95 -88 72 47 -72 75 69 66 67 96 -30 11 -49 47 -78 93 -36 -51 -42 99 6 -30 97 -21 -32 -92 92 -31 95 -33 81 88 -14 -16 -45 -78 -21 -50 -59 -5 6 -9 -94 -64 48 -58 -65 -72 -70 32 -56 92 -22 -34 6 48 77 -37 -45 87 -42 -81 -95 -2 -27 14 55 -64 -34 62 -85 -19 61 65 3 -24 12 33 -29 -34 -56 54 -83 52 51 50 -20 -91 77 -2 -57 38 -43 -66 14 74 -61 -27 57 68 -23 -87 55 15 93 86 3 -13 5 -64 2 26 71 -36 -39 36 50 19 9 -41 27 12 94 -64 -80 -49 29 17 -23 -41 -64 -30 -24 -28 -13 -13 -5 4 -92 98 92 -95 -94 56 -2 28 84 -47 85 -57 23 -48 -61 37 -29 -82 20 -11 39 51 -32 92 -3 12 91 -17 85 46 76 75 -44 40 -51 51 -24 -8 53 78 85 -81 84 0 52 82 -3 84 -25 6 -73 32
-68 -47 37 83 -92 100 100 2 34 24 -1 47 88 -35 -76 91 62 6 97 6 -31 22 -22 45 -56 82 13 -7 42 -51 22 87 71 -74 81 -17 44 88 87 56 40 99 34 54 -78 -95 66 28 46 30 94 -18 -42 8 18 92 -9 62 6 21 -77 -73 -52 100 6 81 72 61 -38 16 55 -67 -57 92 -41 -55 45 -35 -42 -18 80 -51 -83 27 79 22 -54 16 -35 -57 28 -31 51 66 34 46 -65 -93 -51 -30 92 -27 87 78 -52 -28 1 -86 24 -62 -25 4 -32 -81 -50 10 -95 44 -30 27 -11 -99 18 -46 81 -35 -63 -38 46 -80 36 78 -19 -5 -44 34 4 -76 100 53 55 -23 -85 -68 -81 -59 30 -71 88 88 76 83 31 53 -81 16 10 78 -66 -50 51 -50 -59 89 -61 -36 100 59 -99 15 -71 61 1 -67 41 -75 20 -23 -78 -68 -31 36 8 49 -90 -82 76 -81 -15 45 49 -4 28 5 -6 1 -98 86 -98 -98 -45 -88 -44 42 -17 -79 23 88 17 26 25 66 50 -6 43 -13 -67 -86 59 -62 -32 -54 82 -16 68 94 -43 -100 76 -72 73 -25 -29 -29 50 -53 66 8 -26 -96 -32 74 22 55 91 -27 -25 -72 -18 -76 -68 -94 57 -60 -82 -82 -81 33 -4 -1 28 -74 52 -66 -23 -74 -25 63 -49 54 -23 50 -10 97 55 -72 24 86 -25 8 69 -47 -91 -98 41 92 92 -31 -82 -77 77 54 -35 -37 71 -16 -85 -96 -77 84 31 48 20 -98 -62 32 -33 66 -26 -29 -96 -69 92 25 23 -18 5 -27 -61 8 79 67 -18 -31 -28 22 57 -15 9 73 34 93 29 92 35 -52 88 -8 -87 26 -31 60 84 54 -87 40 -14 -1 -35 2 17 78 -87 -16 -75 -24 23 -40 -89 -13 84 33 -27 -3 43 -89 33 6 9 49 80 57 29 -31 -37 51 9 -13 -60 64 20 -49 -90 11 -56 -41 -52 30 -10 -39 -2 -75 62 -29 -99 -51 -70 -73 97 54 -87 -33 -15 -21 -46 -73 36 -73 39 -86 80 11 -21 63 42 65 7 -63 -62 56 -90 -14 85 -35 -90 82 11 -26 -78 -79 -41 -72 27 -23 44 -7 6 6 -17 22 -7 42 -27 -91 -45 8 -49 -92 27 99 -36 39 86 84 70 -8 19 -93 -51 95 -21 94 -50 -56 23 34 -91 -99 -88 61 -17 63 24 -27 -90 96 -81 -45 -98 70 -54 -29 36 -58 15 96 -40 41 37 -88 -23 89 97 -4 -42 -2 52 42 47 -96
16 -17 -82 -68 -75 6 49 -52 -80 33 -39 -16 68 66 -91 71 26 79 -60 43 70 -30 -39 82 -98 59 25 -73 -23 -76 -67 -43 -62 16 -35 27 13 90 88 -98 -53 -1 96 -58 60 22 56 39 76 17 -7 -71 -67 17 -92 79 -26 -60 89 -63 47 18 -54 62 -85 -90 75 72 36 9 83 -99 -13 26 -21 62 -5 60 -19 48 -22 -14 -81 17 -23 57 66 -73 -44 82 50 76 -45 -95 65 53 -67 23 21 -36 25 -49 -76 52 -49 -10 -12 -82 -60 61 14 -75 -78 -78 17 20 -47 45 -77 -84 95 62 96 -60 -67 -79 3 96 -21 -45 98 -55 -37 -15 48 29 45 58 -64 -93 -50 -51 -46 -66 -91 -45 20 88 -63 74 -86 -3 -12 58 53 -41 90 -71 -58 -7 -70 -11 38 -33 -49 15 15 63 -79 45 -26 -82 86 -84 -36 -21 57 24 34 -94 96 36 51 -47 -74 99 -24 51 76 15 61 53 -87 5 62 73 17 84 60 -37 -24 -91 50 15 -15 82 -38 -6 -76 -39 90 -40 62 36 29 96 -46 -23 23 -44 91 17 58 75 26 26 40 -55 -12 -30 -54 -97 23 -5 83 75 -44 -56 -85 0 63 19 -95 43 24 -45 84 46 -85 -81 84 -63 51 -47 56 -91 98 -49 -23 -59 -43 -67 71 -20 -58 12 -68 -3 -47 31 -84 -20 -5 75 -44 -49 78 -100 72 93 -15 95 -36 61 -68 62 91 17 -100 44 -88 32 -43 -70 -87 58 67 90 49 -24 92 2 -49 14 -42 23 -54 55 51 -56 -2 35 100 31 45 -32 -77 -82 48 18 33 -43 -90 2 45 26 54 18 -100 54 97 84 65 36 -26 -54 -25 -11 52 46 4 -91 15 -31 -12 83 78 86 -18 74 72 21 -16 -43 -38 14 -11 -27 -44 21 4 0 -15 70 -99 -61 -37 78 -28 97 20 70 -60 59 94 71 -70 40 45 -86 -71 87 -35 -41 8 53 -34 -41 97 -82 4 -59 -54 67 89 20 -37 100 41 -15 39 -85 71 -61 41 -12 23 6 -85 -48 -79 -89 64 47 12 96 -16 -75 -50 21 -76 39 56 61 46 70 89 99 -40 -42 -93 -82 20 -46 25 68 81 -96 -83 -46 -53 -54 30 43 -4 -70 94 79 26 91 -82 -17 -93 -84 -71 -29 -59 14 39 -8 7 88 -86 14 -37 -25 79 -9 73 -57 68 97 -28 94 1 88 86 -1 14 -45 4 -46 76 -72 37 58 -96 58 47 49 99 36 78 -27 58 85 -27 -59 -26 -36
45 -73 96 -42 22 -29 99 -18 68 -98 98 34 17 -86 -39 -10 -10 -42 -63 93 77 9 3 -93 -90 99 22 17 -2 27 6 57 68 75 70 16 24 -88 -1 81 34 58 -44 -84 39 -29 -23 -25 38 95 -20 -45 68 -42 2 -27 14 -63 -11 33 54 -57 100 18 41 77 70 -28 -33 34 -12 -99 -21 -10 12 72 -19 86 -67 -56 94 83 -10 -70 -64 -50 -40 -29 85 -89 79 -45 -86 -22 9 58 -46 -48 -62 -77 -2 -80 -16 -30 -85 86 81 -13 -25 -26 -23 30 13 -48 -85 41 55 -99 -26 8 -15 97 -87 86 74 70 24 -92 100 59 70 63 -60 -11 43 -31 38 -73 -43 -98 -55 48 -93 -23 36 41 92 35 49 57 -30 -65 68 6 4 -66 69 85 -58 -48 53 -6 -65 -38 -88 35 -69 1 -97 53 -66 98 -88 -19 49 51 69 -15 57 48 -95 -58 -30 -25 -4 -16 -63 24 65 95 -75 56 77 58 56 -82 70 -2 82 -55 49 9 29 76 29 -96 80 11 12 63 -12 -27 2 -16 84 43 -10 56 88 -26 1 -65 2 19 17 -36 -13 17 97 58 50 -21 80 -42 28 95 -20 20 -40 -59 28 -82 38 -54 -48 37 68 -59 41 9 66 29 14 -26 -83 -83 -13 41 -39 -40 93 -59 31 -14 68 -29 77 82 42 41 48 -42 -95 17 -35 -45 44 15 57 -56 37 -64 -13 -26 71 -58 14 64 -12 84 72 -27 38 72 1 39 -54 -1 -24 84 0 -50 40 -54 10 27 76 43 1 53 37 55 -34 -41 57 3 30 -31 -44 67 9 -52 37 -34 -10 -48 80 24 62 56 -99 -74 84 33 77 -34 -97 92 90 11 96 28 54 -15 -2 -21 0 -87 12 -13 5 -30 -46 -5 -9 -2 30 69 -19 15 72 38 69 -46 -58 44 1 3 91 -9 -53 -82 38 -49 54 10 1 23 -78 80 -6 49 -44 52 -87 69 84 -46 34 -96 9 -22 71 14 54 -32 77 40 -30 23 58 -79 -7 -39 -57 16 -2 -80 -10 36 -71 13 90 48 -94 -38 12 76 83 -54 100 69 -25 -12 60 33 81 -40 15 -19 26 -81 42 -59 59 -27 64 -67 -3 -88 -83 78 38 2 88 -88 55 85 7 -48 8 64 -45 -90 92 -47 89 -30 -61 17 45 -5 -46 -1 -51 -98 -58 17 -30 76 -90 -32 12 -8 70 43 19 -49 -7 -92 -53 -37 -98 25 16 77 -92 17 -40 -19 94 -26 -28 -21 5 -74 -91 -93 -8 -55
78 8 76 74 54 -90 -38 -77 -94 -6 -79 7 -50 -45 -13 -10 -32 13 -40 -37 60 40 -92 36 83 -52 30 97 83 -92 -62 -82 7 -65 41 36 76 -38 94 83 61 21 89 -22 69 -86 68 -55 -66 59 9 -33 49 87 20 -85 2 -75 64 93 -13 -23 -23 -51 12 65 -51 -76 -53 95 55 -61 -8 10 -37 12 71 65 -17 38 -87 81 10 -12 -22 37 -20 -59 -15 -49 49 -88 32 -26 -75 17 34 -49 -38 8 -9 82 -57 -36 80 56 -24 -58 -34 23 -17 73 -48 37 -75 -93 -99 25 -52 31 -25 44 64 -17 -53 -73 56 94 65 -68 -75 -98 5 89 -100 -30 -70 -3 84 -15 16 -81 8 40 -25 58 -19 1 -80 -76 43 -35 -79 47 -91 -6 92 -18 -38 -35 -89 74 23 16 -88 19 -73 -34 9 88 -78 59 63 91 -79 -30 41 -49 52 57 56 19 -15 -1 -86 59 90 5 70 -37 67 -37 96 -71 84 -16 71 -60 -100 -68 -65 -72 -42 91 54 13 5 -27 14 72 14 77 -15 -80 -52 47 6 84 -27 -85 42 -56 -21 -82 -84 -100 -97 90 -81 22 19 14 47 0 26 -44 89 -47 -41 -76 32 90 -82 6 90 23 82 -12 -18 -38 87 -94 -44 81 -25 53 -74 0 -11 9 17 -77 -59 -98 -42 67 82 25 -56 79 -57 -68 -7 39 58 54 3 -100 93 -1 -93 -49 -94 30 -28 17 33 -46 -32 97 12 -23 -71 36 45 -15 88 -43 29 2 31 -84 78 -47 91 -91 -30 -70 37 -20 -31 -93 -33 91 71 -62 -70 92 -31 -2 22 -57 27 -35 98 -26 61 -100 73 46 12 -61 -62 77 27 -19 -92 45 63 -58 -39 75 -16 -21 -100 -89 19 21 -43 -69 -95 -78 31 -88 -100 24 -25 64 -2 -12 -68 -63 77 -57 -59 38 84 -77 56 -37 -31 -74 100 0 38 -4 -51 86 67 34 98 -65 -73 -2 14 74 -69 1 10 99 36 -87 74 -66 75 86 -98 -2 -7 75 71 81 62 96 -3 -71 20 -79 -55 82 -63 44 -82 -65 -39 68 -95 -93 -82 84 64 -62 -30 41 -85 -60 -35 -45 -49 -84 -79 -12 52 -24 -100 35 0 -72 97 6 49 42 -7 1 -55 -16 1 -28 -42 42 -61 97 -37 -68 19 66 -5 -49 72 31 59 42 -48 70 67 89 -84 -97 -86 -40 93 42 27 3 56 -85 46 47 -66 -2 23 -36 -87 -47 -98 -99 47 -65 34 -38 68 76 8 -8 -88 17 88 3 37 64
71 -65 11 -83 -29 -63 -97 70 2 91 -2 5 -95 -80 -2 -20 42 -9 -2 -22 59 99 -16 63 -9 -14 -69 -9 64 19 -2 72 13 -52 62 67 50 64 96 30 42 -5 50 -5 -56 -18 56 -30 2 -7 81 49 76 -38 -3 46 -82 95 73 42 -8 11 -27 -23 99 6 54 -66 25 99 -60 72 38 92 37 -86 -15 -59 -50 4 66 60 21 32 -44 -13 -86 85 2 -25 15 -33 -32 -43 -22 -32 -15 -14 -88 99 -96 61 90 -88 74 -23 -96 78 -40 97 21 -34 38 -35 -56 -25 -90 -58 37 26 51 -2 -57 -27 -26 1 44 92 -54 -54 14 -95 40 5 97 -30 82 62 42 62 -33 83 -35 -11 74 35 99 91 74 52 62 -29 48 49 -99 -80 76 86 -54 -89 100 -61 -25 2 54 96 -62 96 -68 60 -49 50 -74 -99 -40 -35 27 -91 54 -77 -50 -1 -47 -90 68 82 -30 89 64 32 71 50 86 -87 -80 -81 -22 2 -58 -60 -85 -59 -30 -45 87 -18 -85 -58 52 52 -22 -22 -67 -58 69 -2 95 42 80 99 4 -82 8 24 51 -49 80 -34 57 82 -85 -29 89 -64 36 -44 91 -48 -28 15 -52 -28 -11 -1 -60 73 33 -48 -14 35 92 39 28 44 61 -49 73 32 -50 81 60 -90 -82 -69 41 36 26 -27 58 30 37 9 -12 -81 81 65 -64 -17 -38 44 -44 20 -34 -40 -35 100 -64 23 84 -10 36 -62 -96 -73 53 18 -98 -40 -12 39 86 9 -30 -78 11 -35 16 48 -1 -13 5 -18 -36 29 -81 45 3 45 17 -100 -13 -98 -61 14 10 79 -24 20 8 -89 13 -72 -49 46 23 -28 -53 -68 18 84 23 1 -42 25 53 -62 -10 83 -67 91 -27 63 -29 11 -64 60 95 75 95 -11 -3 -68 10 8 66 59 -6 -86 -69 -45 45 64 -34 -56 56 -46 -97 41 93 99 -83 -64 16 12 97 -56 -91 21 -89 -15 17 -71 30 41 36 -55 -13 47 -8 -73 29 -19 -76 86 93 47 85 -3 -17 -10 11 64 18 -60 39 -18 39 77 -49 18 2 -10 -13 63 74 -44 -96 -66 33 13 67 -60 61 -37 44 6 -55 83 99 -88 38 19 -10 -45 24 -3 -41 18 10 -71 20 63 -43 -55 33 28 -93 56 -2 -42 -59 -62 6 51 94 -91 61 7 32 25 -46 23 9 -6 5 53 -2 -3 -3 -90 91 -26 94 -38 29 -93 68 2 83 66 99 -59 15 -36 68 -69 -2 52 7 -80
91 45 29 -56 -95 21 57 62 -85 26 47 11 4 50 96 0 -61 -77 80 74 -94 -87 30 -43 100 -43 -35 -35 95 72 -52 -43 87 16 62 -99 49 -69 65 -55 92 34 -49 7 -17 -43 39 59 8 -94 17 51 -66 1 2 52 94 13 9 10 11 -61 -85 61 -47 -43 63 -38 48 -89 82 -6 76 -17 27 15 20 46 14 -80 -6 -15 -50 -19 15 58 -41 -46 24 -71 -34 -97 -54 -42 26 25 75 70 41 -19 93 29 90 69 7 72 -100 -92 81 33 -90 -15 94 77 49 6 57 -31 -16 82 44 -16 32 -53 89 57 5 55 90 73 73 -87 -100 69 55 -50 -19 2 87 62 -35 69 -8 -33 -11 -42 -63 98 19 -81 -23 81 88 -79 29 -53 -53 34 78 -88 92 -73 -10 -11 73 -87 64 85 -96 10 29 33 53 -74 -93 81 8 -91 54 -74 39 -18 94 99 -35 34 91 -29 -60 98 -53 -21 -81 -7 35 91 -7 13 -55 -9 69 42 18 88 -62 -13 8 19 57 -26 -51 22 -94 -70 -99 -1 -76 -52 -25 -31 -87 24 50 -51 48 15 77 59 56 -64 -66 -71 -31 -58 3 -55 13 -52 -94 -29 41 26 -51 -70 57 13 37 12 -7 26 95 32 -85 -62 68 -14 -84 24 -71 17 -18 100 -56 13 -48 -40 -46 -23 -43 48 37 22 64 93 15 -6 -9 93 19 83 7 48 -29 9 6 71 41 84 -15 45 -85 12 -63 -3 -56 -31 -68 32 28 -60 45 100 58 -49 -26 -43 -9 80 63 -88 43 -63 -81 72 66 21 -79 75 79 -2 61 -18 35 75 -61 -21 -53 27 -39 -98 46 -9 93 -49 58 -22 87 24 40 -2 -48 99 70 -5 -66 79 90 83 13 -77 10 12 80 11 -87 -36 -41 88 72 -62 12 81 -61 -96 50 84 -56 -37 -64 43 85 59 -7 -10 -87 -64 55 -99 -55 -95 34 46 -7 33 -96 -84 -7 -56 -28 46 -33 -82 -29 2 -98 -32 54 61 -32 -26 -35 48 16 9 -13 -55 35 3 25 -93 72 16 42 39 -11 -8 67 -99 -92 -80 -67 20 61 17 55 -64 13 -34 -89 -100 -15 -35 73 40 -81 -54 29 32 -5 82 -47 24 16 -44 -90 -8 93 8 -85 61 72 -42 -99 -75 -57 -100 42 18 17 47 2 54 8 -54 -25 -56 92 -78 79 69 -83 60 -32 -43 -81 8 96 -61 62 -82 -24 -87 -4 3 -86 -37 18 -37 53 30 78 -3 28 -27 38 45 -80 2 25 13
-23 -22 21 29 -66 40 44 -3 20 8 29 -64 43 82 61 -11 15 -58 92 -75 16 -99 56 28 -40 67 -70 -30 24 -24 50 -77 54 45 -18 79 42 38 58 -56 -10 -56 73 -91 22 -51 -23 24 -82 -55 -43 -77 36 -11 27 -46 88 -14 -74 3 55 -49 -65 -56 -46 55 58 87 67 -64 100 98 90 -54 19 -45 11 -41 17 -21 -84 -50 -11 -54 -62 97 100 4 -9 -89 39 73 86 -69 37 55 -8 43 66 -15 -74 74 -91 64 88 16 45 99 -72 20 50 -9 -72 21 63 24 92 55 -21 97 -47 -92 55 -77 5 7 57 -88 -80 51 70 99 -97 -92 65 -38 50 46 -61 15 8 -87 -12 1 36 14 5 14 -82 -2 -1 -22 70 1 43 -87 78 86 29 80 -32 -89 65 -80 36 -46 -40 -74 72 -6 -18 33 84 68 25 -69 -36 -91 -74 39 -65 -25 14 -85 50 89 71 -87 96 -48 0 -64 52 -61 -26 -31 -33 44 -82 -62 49 4 -7 69 -64 94 -29 -3 6 29 60 -92 -42 41 91 -53 -41 -67 -84 -89 -54 50 88 -11 -20 -54 59 30 8 -90 -67 40 24 9 25 -35 -59 -25 -31 38 93 -86 67 20 11 72 -91 22 -72 -21 -55 -12 -32 -18 84 -59 2 17 90 82 -34 71 -68 68 -6 86 -48 -81 48 -30 -56 -26 95 92 -7 54 -56 -59 38 -29 -41 69 75 51 -59 17 28 -66 36 -38 32 0 70 -84 -14 -77 100 46 -24 24 33 -65 98 -17 43 -58 -50 -97 -37 -71 -38 21 -11 -56 19 15 50 90 -24 -59 -2 71 19 32 70 -12 65 -73 -50 -96 65 61 -84 65 -84 -40 -88 0 83 -82 -23 71 5 61 73 -37 15 -83 65 -33 -43 -61 -43 -68 -53 -93 59 -90 40 -31 -8 -35 41 -53 95 -61 -11 -17 -70 22 -3 -96 -76 78 68 -71 70 82 49 -53 -7 73 -10 74 37 8 13 61 97 44 -86 28 -68 -12 92 40 75 -53 -55 2 35 40 9 -27 56 -50 -11 -77 84 22 -86 -70 9 -70 61 15 44 61 2 -79 75 92 14 -64 83 43 -92 20 -73 80 39 7 -83 -5 10 -84 43 -1 -48 98 -65 56 41 -18 47 -10 22 -44 11 49 -31 29 78 -31 88 38 48 -70 -50 -10 54 -35 65 -97 -46 91 -49 66 21 19 71 69 -69 -47 -46 73 42 -73 74 -63 32 60 55 41 1 77 -93 -11 41 70 -94 18 28 90 -3 10 -32 -29 -16 -100
25 97 56 63 13 71 -22 55 14 -22 -94 10 -84 -40 -26 -26 3 53 -69 -100 96 -4 46 -85 -74 17 -12 19 -87 -58 0 9 93 88 -9 -69 33 -62 53 94 0 43 10 0 -92 -8 51 98 -27 66 -5 59 -52 -99 71 53 19 -12 -30 -47 43 58 -65 5 3 11 79 54 44 -41 33 11 -46 93 -28 -46 87 84 88 0 63 -4 -4 -63 -2 -22 -24 99 18 -62 99 -31 43 -22 67 68 39 59 56 -19 69 49 38 -58 54 6 10 -67 20 30 -31 -50 95 -81 -15 -20 22 -20 36 -30 -45 21 -28 -99 10 -14 18 -3 96 -67 -41 24 -38 -10 79 -44 12 -52 -86 -98 -17 70 84 -93 61 -70 -37 -35 -5 -90 45 46 78 19 -100 -33 -73 -55 -20 49 93 34 -26 -4 93 56 48 94 85 71 99 16 21 -94 8 -13 68 45 -27 55 16 -59 82 49 92 -33 -16 -97 -44 -96 -85 63 79 30 -37 -47 -58 26 21 83 12 48 -41 -8 93 -90 26 -25 28 -39 -10 43 42 -25 -10 -1 89 -22 -84 41 3 -63 85 -16 -61 7 86 -78 23 -89 -3 -83 34 91 83 -24 36 -83 72 0 72 -35 82 20 -42 30 -99 -4 -49 -89 52 46 39 16 -80 -57 13 94 -96 57 -80 -10 66 72 -53 -73 -55 -68 -44 -58 15 -10 57 -41 -83 67 -15 87 33 -69 5 81 71 55 5 -55 66 -90 -58 -89 -97 58 5 -83 -80 41 47 33 23 -6 17 32 15 -98 -70 -62 12 -71 -66 79 -99 59 -33 61 90 3 44 82 -49 71 22 61 -34 -44 -13 -3 -42 -19 -65 100 2 57 34 -81 -69 -58 60 22 36 27 -49 66 40 64 -92 -38 -69 85 12 75 36 42 32 -44 16 -88 -31 -12 92 -72 -14 62 -25 57 -19 -52 5 98 55 -25 66 -4 54 -24 -42 -36 -46 -59 -53 81 51 -72 55 28 -21 -31 -23 84 0 49 -61 -55 90 -89 -61 77 -69 -60 22 -82 78 -28 74 15 88 89 23 -30 53 -70 33 3 -5 13 -42 82 -3 -24 22 -61 -44 -59 93 91 78 -15 -54 21 -54 -12 -36 -54 38 -78 -1 53 88 75 72 35 70 -21 -75 50 -63 -68 60 97 85 99 81 -89 4 -50 86 71 -30 -60 60 -22 -43 -100 -23 -70 -6 0 35 76 -37 2 50 -84 -86 42 74 94 -71 -53 23 90 -43 33 99 40 39 27 -31 40 -41 -18 -92 -9 -75 86 -21 68 -79 37 -21 -42
16 -14 84 -70 -31 31 -41 1 56 -83 -75 -46 -74 30 29 23 -19 -62 -57 95 -11 23 -3 96 -47 -59 53 31 57 -76 44 -27 74 82 32 24 55 53 83 70 97 -96 -80 -26 -46 -26 46 -2 11 -50 64 -75 -64 -59 -89 89 -72 -57 57 -80 93 -6 -38 -77 -69 30 96 -85 38 -78 87 -17 94 -46 -51 69 25 -32 -86 -46 83 -3 -88 94 -15 -82 21 76 -74 68 47 -47 -41 9 95 -97 62 -9 -45 -20 74 44 -64 -19 -98 -90 -94 30 -39 56 -50 95 -8 40 -35 27 -94 55 -77 94 77 -68 33 83 73 38 -25 81 -52 81 38 98 -14 73 0 30 -32 -11 36 -72 3 86 -11 -75 -79 41 -45 1 -52 -13 95 90 -60 -15 -62 30 96 31 46 28 32 28 22 -78 -51 -56 40 84 -8 -39 100 -74 -80 -9 51 -95 42 80 -98 -19 -93 -47 -40 24 46 -86 -63 65 14 -48 -37 44 60 51 100 40 59 -29 -82 -91 83 -18 24 -85 -37 -36 -77 18 26 35 58 85 -52 83 -84 -30 -42 -32 -13 -82 -82 -98 -19 79 -47 -51 94 -36 59 83 -44 80 -63 -52 -60 43 -15 -30 -39 -87 -22 78 -39 -2 26 2 -95 74 76 -2 53 47 -15 79 7 -88 -46 -92 -12 -44 8 -98 -20 -4 87 -29 47 -19 75 -23 -1 -21 25 12 0 -5 10 -84 78 -68 15 -87 -21 81 -58 91 -79 -18 -40 20 80 -63 55 44 -47 -36 -27 -70 -88 46 25 22 25 36 -3 51 27 -84 -95 -90 68 94 29 -95 57 3 -16 63 -4 19 -84 -69 -22 44 24 -77 22 -10 -43 61 -65 -99 75 26 -39 10 -51 0 -74 -4 27 14 17 -30 -88 33 -94 -81 91 72 -61 70 -71 27 -49 -71 69 -93 67 -37 -67 56 32 -16 -89 14 -11 -98 61 -91 42 -98 -45 -80 71 -24 4 67 7 -44 -41 96 -70 23 6 89 28 55 -92 -58 -99 -76 -52 -60 -97 -12 97 -35 46 31 -93 -79 84 18 -91 59 78 -7 -85 -91 63 -59 68 75 -77 -56 4 20 -9 -68 -81 59 59 -48 34 35 51 -35 -19 -86 63 -18 0 65 42 -69 43 28 76 -52 -79 -48 -29 81 33 91 81 -13 13 -54 -25 -77 -59 -57 49 77 -98 10 36 -65 -10 35 66 97 6 -39 -36 -30 -55 39 -75 -84 14 13 85 -53 40 57 5 96 55 65 34 -46 8 -11 -99 3 -12 7 80 -63 78 -48 -43 -89 74 16 -46 78
-93 -7 -100 -13 -23 40 62 -8 37 -17 71 59 68 -41 -34 -50 44 16 56 -57 -98 39 78 -88 -84 -3 -24 98 75 24 41 -53 -44 -6 -96 73 -25 -33 71 -80 87 -99 -42 -32 65 34 99 98 -16 10 -44 77 91 28 -34 -95 61 92 41 69 10 67 -8 -93 97 1 58 52 68 21 -46 -74 11 -50 -39 76 68 -98 87 46 -83 -80 -77 -11 -39 -61 74 60 -8 -97 -66 2 -51 -9 3 -31 -97 20 -36 -83 12 73 -36 -91 -87 46 21 12 -98 -99 55 -2 50 -13 -48 -19 55 -90 80 36 99 90 -99 -79 49 75 -86 -97 20 -78 35 68 41 21 -86 38 84 -15 80 24 -43 16 24 -35 -76 31 -76 -17 -25 19 7 98 46 33 73 -10 100 31 -39 -48 -9 -80 82 19 -62 -59 -12 80 93 25 51 97 -86 18 -27 -26 8 15 40 32 -41 -61 47 -19 90 -54 -96 -43 47 -65 81 -73 81 -85 82 -97 65 -2 -85 -91 -72 -95 17 -5 93 20 40 25 73 -73 -48 88 -63 42 64 52 25 -29 -55 -6 40 -93 95 -9 -5 70 68 -3 -16 72 80 -53 -35 68 -76 3 -20 6 -17 74 44 45 78 -91 11 -37 -30 -49 -98 -95 -24 -61 -52 -91 60 -62 -84 53 -70 29 72 -75 39 15 -45 37 99 -52 52 97 40 75 -72 67 -74 -51 61 84 54 11 -59 -99 60 -13 96 40 -78 -9 -1 -54 -19 -27 -52 -39 55 34 81 -65 -28 -100 -68 -6 36 -37 -96 -59 30 12 -93 7 -63 -65 -7 -94 -98 73 -35 -16 -10 42 -27 -22 -16 36 -51 36 -40 -55 -100 -15 -16 -67 5 33 -48 -16 -11 -39 -50 -53 93 10 -4 -30 71 50 23 -12 -62 -28 -69 46 10 -89 -99 -75 -32 -85 -71 -96 -84 52 30 -71 64 -20 -25 -28 39 -59 37 89 -14 100 13 -92 71 95 -95 44 3 -5 -75 -5 -38 8 -29 60 34 -82 23 91 37 25 36 -93 58 -59 2 -53 6 -59 -93 87 -36 46 79 45 49 49 -100 -11 21 61 57 -21 36 -86 -28 25 28 70 53 -33 5 -81 37 -19 91 15 12 -24 27 -34 45 50 77 -55 83 -81 13 0 -24 84 52 -28 -73 10 92 -33 93 38 89 54 26 61 1 35 -7 82 45 -67 30 67 -32 -15 -52 -67 93 -78 49 27 -71 45 -1 -35 -67 40 -88 -64 -52 32 94 22 -74 -70 -8 -30 0 -66 -40 -8 61 91 22 -97 -74 71 29 -43
23 37 80 -19 97 20 10 -89 24 -38 -18 26 -51 -85 -81 75 -87 43 4 -5 82 94 -56 17 1 69 0 58 72 42 -4 -7 -32 -51 35 -21 1 69 84 -38 -89 82 -21 -97 -99 -57 67 -46 -87 -73 -3 30 -92 -14 59 -57 -49 97 95 45 96 -82 43 80 70 -68 84 -81 -93 -23 85 10 42 -58 84 56 -77 19 -70 -47 90 13 25 63 21 94 -12 47 32 24 -2 90 57 -76 27 -69 65 36 88 -17 -19 -22 89 -37 -22 -47 12 10 29 -33 -64 -56 99 68 0 0 -58 83 43 -38 -38 66 -20 77 67 -23 -43 -65 -13 -9 56 -31 -70 63 -38 -11 -45 44 27 46 86 68 -95 -66 86 28 76 -1 -93 18 -19 -11 -41 30 69 -79 78 88 -29 -94 45 -2 46 50 13 -50 46 -31 63 -74 76 -55 -43 -67 -23 -85 -30 -39 -20 34 -8 -68 -13 4 -19 -62 -86 -95 29 -33 19 -86 37 -36 -78 -68 -11 -16 -92 -47 -76 25 95 -4 72 -52 -9 66 89 -75 69 -39 55 31 95 -26 -88 -12 -30 -47 3 -13 5 -14 30 1 -70 -18 39 19 -24 70 95 78 -99 84 5 -28 36 60 -60 -41 -5 26 -23 64 93 57 -66 -87 20 -31 39 -10 65 77 -62 88 -29 91 -68 -75 -32 55 -92 40 -38 79 27 -7 -42 -12 -2 61 75 15 -18 9 95 47 -5 84 77 -28 95 68 86 66 23 35 -54 73 88 -87 -75 40 -85 6 -15 -9 34 0 42 -40 20 -84 15 29 64 72 15 -44 -5 70 99 84 -4 55 -100 -43 -72 71 -85 39 -70 -63 -71 -34 -4 30 -88 -29 -82 80 68 -24 50 48 -25 -17 -1 -9 76 -13 -78 -16 25 -54 -71 -88 -33 -47 25 -26 -86 48 -47 87 -96 -90 63 -55 56 73 56 25 -33 5 80 3 -46 84 78 23 51 -17 40 75 51 -2 82 43 96 94 29 -10 36 21 -33 -43 85 4 44 35 -87 -43 62 11 71 -33 52 -80 -29 -43 -71 78 52 73 23 58 50 75 7 -35 -17 87 -11 -16 -71 -73 38 36 50 55 -38 -71 -3 86 88 90 -12 -89 39 -48 18 0 72 5 -44 -42 -56 63 -69 -20 -76 -75 -2 -48 -54 -73 27 95 52 17 -55 73 58 -20 -67 5 91 -15 -98 44 -39 -27 70 40 -75 37 62 40 -78 -82 -67 67 50 -10 -81 -55 10 87 -81 71 -10 56 100 75 64 32 48 -93 0 -22 -100 -47 -96 -8 65 78
-84 33 54 -50 -21 10 -68 -59 34 -80 31 45 66 98 -36 -90 62 29 88 -76 3 89 67 -81 49 90 18 7 -73 -49 4 -84 50 26 47 16 70 86 -56 11 66 56 -23 -49 -41 -72 74 75 -71 -12 -67 -61 36 -91 74 -89 84 -97 -57 62 -15 39 42 -9 -68 -90 -40 0 -6 62 44 -10 -34 57 69 -23 -39 -43 7 -69 43 -18 -40 91 -21 -80 14 41 85 -81 -52 -62 36 48 3 8 -45 59 -94 44 -5 -14 73 -35 1 -1 53 15 93 87 61 -3 76 -45 -31 -41 -3 12 5 57 19 -79 19 -66 -73 -57 -71 23 -41 13 10 6 -99 -68 34 53 -69 -77 -53 60 -94 -74 -59 85 -41 -100 -18 65 12 -40 11 51 -18 56 -92 59 38 -55 67 -90 -62 -81 -96 41 -66 33 -9 21 -39 58 -75 -49 -65 -21 65 -82 11 7 -48 9 -3 79 -35 35 -97 26 96 15 93 -33 -43 90 -54 48 -74 -11 -17 -3 -24 64 93 -93 44 93 -66 78 -40 14 8 -93 39 -48 -61 -56 -57 42 57 -63 10 87 -26 75 93 52 -51 65 74 66 -35 -4 -11 -20 55 -40 -21 78 -42 -97 8 -40 62 -54 13 14 -45 47 89 89 77 33 74 -21 -56 75 -24 82 -63 -25 -55 -55 -23 42 71 -1 8 93 -85 -98 -21 15 -86 82 0 37 6 -27 -25 -53 40 96 -41 -40 87 -65 -80 13 -12 -13 -67 -67 49 15 -8 27 64 -30 87 20 -69 -55 -5 4 38 97 -82 2 -62 -71 -70 -55 -50 -98 10 -98 10 -2 -86 -85 35 88 -13 54 -2 18 -76 11 44 -53 62 -96 16 75 -56 -70 -62 20 14 -95 56 -37 25 78 -20 -85 -29 0 44 -70 6 33 -36 -74 34 -51 68 -57 100 -52 75 -64 75 95 0 0 72 -56 -12 -86 66 -75 75 34 49 -17 -32 -37 49 98 -100 76 8 -16 -69 -2 72 -49 -13 40 5 34 -32 -14 65 69 -46 -30 42 -68 -87 -78 2 -46 -53 -26 57 51 -50 -72 26 35 -64 95 -28 -81 19 -90 -59 25 -48 26 -27 -49 -23 -61 56 -84 -51 -25 -49 72 55 -82 -61 -76 24 -42 18 26 2 -53 0 10 60 49 69 -37 27 19 -61 -85 55 53 -22 -38 96 58 42 -91 -39 14 -97 39 37 32 -32 67 -27 -83 69 42 -27 -77 63 -22 -71 -16 11 100 -91 -74 -72 -81 10 4 55 -11 95 38 -83 37 -20 -38 -80 53 -61 56 99 -7 64 40
69 -22 -65 -82 -23 -93 64 -14 83 88 -5 -31 16 -75 -54 0 75 94 62 -9 7 100 -41 -60 47 -74 -28 -32 -57 53 0 -9 -99 43 -24 -75 8 7 -27 89 2 89 87 -9 -11 -67 93 -96 -22 42 -99 5 -1 -17 100 95 46 91 -51 -7 -11 28 80 -52 10 -46 -68 63 -55 72 68 6 -39 -81 -98 -75 -6 -59 77 67 1 -75 -76 12 -58 59 -30 -94 -11 -65 -44 -96 44 74 -41 82 57 -61 76 34 -50 -53 6 -72 -76 85 13 72 57 84 54 81 28 65 54 90 -9 94 14 -100 -82 -17 -13 -80 49 42 -61 -63 94 32 -33 51 -54 63 -20 91 70 -14 53 -4 0 -8 80 29 -8 -81 8 26 0 -55 -78 -86 96 12 -69 -3 -59 -42 14 34 14 7 81 -25 4 -1 -85 20 94 -79 -64 10 14 64 6 -69 63 63 0 -69 -31 34 -3 96 89 -46 30 98 43 -29 -33 -91 -17 52 57 70 -79 92 52 -45 79 -60 -9 -83 -14 -67 7 -90 -40 -82 58 -21 -90 50 -69 4 29 94 95 60 -4 -38 47 48 -53 64 56 12 49 -93 33 -1 74 73 -79 -15 -6 -4 97 -61 -40 -100 -85 86 -85 -27 -59 55 74 4 -14 64 1 92 -82 -2 55 90 66 -31 53 -68 99 -29 -64 4 -45 85 -3 44 34 -12 -72 39 -87 40 -76 -61 89 88 -37 91 -46 80 26 -34 -70 -94 15 56 -23 -54 1 47 3 -25 -71 45 -87 -48 -35 -44 13 66 -96 82 -39 48 -33 -19 -48 -93 98 75 78 -47 76 -78 -70 92 69 -33 -29 13 62 65 36 -43 78 52 -46 -66 -8 43 72 48 39 15 35 23 59 85 -6 95 33 88 -73 -54 -2 -28 55 64 -37 -70 5 -27 -39 68 56 96 50 -73 65 25 63 -46 57 -25 -5 13 -59 94 -61 2 -64 -75 -79 -47 -22 -1 -4 74 -79 -14 11 24 94 14 -20 -61 -44 -33 -17 -100 73 15 -11 40 24 -5 -91 80 -48 74 -30 20 -30 -52 25 -44 -56 95 46 20 80 95 74 -52 39 85 -24 -24 25 -44 30 -16 -97 99 64 36 -58 -14 42 -50 65 -47 -95 25 76 70 21 19 24 -74 -87 -66 52 -32 35 -31 52 -78 -24 36 -98 24 -35 69 -1 32 -92 54 17 -13 -8 -66 -79 -42 45 29 100 41 65 -87 44 76 -13 55 2 -92 94 79 -99 -20 53 24 -82 57 -11 -89 0 -37 -40 8 -30 -25 -87 61 -16 -52
20 -30 -66 88 82 -82 -14 98 54 22 39 -71 2 -54 -66 -91 -93 59 26 -81 -18 68 4 -39 42 -42 -27 -57 13 80 -71 56 -76 87 21 1 -68 61 25 -83 77 -44 -44 -20 -54 -26 51 12 -58 88 -23 33 1 44 -86 -10 -8 -51 11 60 52 -63 26 92 -10 49 -87 -1 -54 98 -81 -46 88 63 95 51 -53 -64 -25 48 -51 -93 -22 -87 -90 -37 56 -57 -8 -51 41 -36 88 91 -99 -21 67 22 -28 -1 -91 78 -65 35 27 -28 -63 -66 -2 -96 59 -15 17 -66 81 63 84 -13 76 34 73 49 84 27 69 84 72 35 -6 29 94 74 -79 82 -13 -60 -51 77 -40 89 76 33 81 34 69 -91 58 -25 15 -16 97 14 86 -50 80 81 99 15 -26 1 37 -36 -15 98 35 -100 -98 -36 3 -50 -43 90 96 34 25 -53 -38 99 46 -14 85 -26 -83 -38 -68 48 -23 -34 -36 -5 -15 52 -64 24 70 -27 11 85 -22 -13 -99 -23 85 8 63 91 -34 -85 4 -92 100 -18 -100 -90 6 34 19 54 -45 96 -24 -9 -59 -67 -20 21 35 32 58 -68 95 -83 84 -65 32 70 64 85 -52 9 92 -97 50 94 -99 -4 5 1 82 -4 -17 -20 -10 -64 69 21 -40 24 27 91 -42 89 -84 25 22 61 -46 -72 2 -95 51 -44 -67 83 -53 98 20 47 -23 15 -51 5 43 -81 -20 -79 95 -1 24 -11 65 11 91 -16 22 33 -25 88 -16 -58 -1 48 53 60 93 -46 93 80 84 13 90 -58 -35 1 97 -88 -44 85 -45 -11 -50 49 -65 93 2 89 -13 89 -44 0 35 -22 -56 -55 97 -20 83 -64 -4 36 63 -16 -67 -91 26 89 12 100 60 85 -31 24 -99 -95 -74 -8 -84 -89 -77 -70 76 -9 -64 57 -49 -46 100 -5 71 -92 64 -95 75 -79 -68 -75 -20 -77 -59 -87 28 61 61 13 -30 -6 -50 -11 -7 -6 -29 -78 5 -8 47 -63 97 -31 -53 10 -21 85 1 86 -61 41 -97 29 -68 71 -47 -4 -22 41 52 47 95 90 -91 67 72 -30 -32 -33 71 -16 -78 -63 59 72 -21 -41 -6 16 80 -96 -47 15 -57 97 -5 -5 -78 -24 52 -87 84 -91 -72 -25 4 -86 36 -97 -41 36 15 -32 29 -44 88 -52 -72 -78 87 68 95 38 85 -1 -64 77 35 -88 50 -98 2 -46 26 88 -17 -4 42 -65 -57 26 99 -98 89 -3 -11 39 -99 57 -56 12 12 68 8 -43
81 43 -2 -31 81 81 91 31 -41 -91 21 -57 -60 67 95 53 -80 -45 -73 7 -74 -25 -49 -35 82 -13 22 -17 27 22 99 -96 -62 -64 -40 -38 -42 26 -55 70 -15 -94 -27 92 20 27 61 97 -7 -79 -74 57 -72 65 -77 -83 25 -73 82 3 21 -82 11 -31 92 47 40 45 -86 45 -78 -12 47 -92 -79 -54 62 58 45 -40 -36 -20 40 92 -80 -92 8 33 -38 -48 86 -27 89 34 -7 -40 -22 9 26 64 74 2 86 -67 22 -61 39 -2 -27 72 78 -70 1 -32 83 51 44 46 -27 -59 96 9 -78 -32 -5 -2 42 -94 -91 65 -100 73 94 81 73 56 77 69 69 0 77 41 21 49 6 1 25 50 49 -80 -57 1 57 -46 47 -91 -38 -22 77 -64 -53 16 80 68 -96 -26 59 42 -61 -72 19 21 83 42 14 50 -96 -13 69 -16 -13 98 -86 -19 79 35 83 28 -93 40 -60 -68 34 -24 25 33 8 -93 -22 -89 61 -5 58 -99 -71 74 35 54 -21 -89 86 -98 -44 81 43 -84 -58 23 -69 64 36 60 -20 67 -76 -16 38 87 50 58 13 -49 -89 5 -11 -95 34 -39 -8 -66 75 -61 -72 86 -80 -99 23 -98 -68 52 10 -83 28 1 -92 -81 76 0 21 -41 -76 -65 -88 -72 -76 15 -28 -31 -35 -2 63 -64 -96 54 -33 -68 -9 -9 13 32 73 35 70 -42 45 93 -28 10 90 23 44 -35 50 -52 5 -69 7 -99 -22 -26 57 14 -20 84 94 8 35 38 87 92 -71 12 61 74 -16 52 -18 92 100 -24 -96 98 -66 -98 -17 -53 -65 5 10 66 -86 -90 -27 -98 -69 -65 30 -20 64 43 -53 86 -55 2 -94 -19 -12 81 -82 -67 -45 82 -92 60 72 14 -18 97 -53 -85 -86 55 88 7 68 -91 -20 -53 -49 64 61 35 53 21 46 -89 0 55 94 -96 -69 45 100 -45 -13 8 -88 51 -11 -64 13 -57 73 -20 87 4 -71 89 -12 45 5 93 -71 52 70 100 -47 51 46 -76 -52 -83 39 -95 -59 -37 -63 -28 -40 -85 -5 14 12 76 -49 -22 61 -64 -78 -78 -86 22 31 -37 16 61 96 66 -80 8 94 89 58 27 -42 0 -78 -76 -26 29 80 48 -19 48 -74 -45 65 -42 -51 57 8 38 82 -92 -79 -68 20 80 -47 -53 31 44 -40 97 -80 92 -4 -60 7 11 -46 82 29 22 -58 47 47 -9 30 9 -6 -87 -67 35 91 -6 44 -96 -87 -87
-23 7 -92 12 -3 86 73 72 74 58 -79 94 -3 -47 81 -83 84 41 -15 78 -26 83 28 -4 -71 71 93 53 95 26 51 -9 -48 50 23 69 -69 5 -73 10 -78 8 -96 84 34 -83 -39 -68 24 -69 -34 98 -80 -93 73 -7 -61 41 -27 -57 -75 -80 -61 7 60 -63 100 -96 -62 27 -68 48 -84 23 16 -80 56 38 47 -78 25 -100 46 -52 -71 -59 -50 89 -26 -81 94 -28 -66 -60 46 -66 -58 71 86 -15 -46 -47 -22 -33 -77 -56 -62 -19 -40 -69 100 5 -81 -66 35 -70 99 82 -8 -96 -54 -50 -90 -28 -98 -7 -10 60 -35 87 -74 1 57 24 30 52 -56 39 -26 -82 43 -37 -49 50 -8 43 62 -5 20 99 71 26 -96 88 -97 -29 -33 -84 -77 95 -33 12 -1 24 83 53 64 91 -11 -91 91 89 -22 -47 -74 -82 66 28 87 27 -46 -23 -29 94 96 27 -17 -50 -57 16 17 -94 69 -36 9 -72 25 -36 -81 -78 -7 71 -99 82 -14 57 12 -68 53 -85 99 -45 16 -87 -89 73 60 58 -82 99 -37 -61 -2 32 67 -38 17 38 18 8 42 -4 53 -12 -99 -75 68 -83 -66 -58 -18 64 92 -67 -70 -64 46 18 -15 -14 -5 21 -95 78 -29 5 27 -17 -12 -53 73 43 -22 85 -95 -35 45 29 91 -29 80 13 39 -84 42 -20 -81 -12 -98 -86 -90 100 9 -67 -7 48 -25 83 38 95 -95 -39 84 -60 71 -37 86 -98 56 98 -82 -79 -92 -47 -81 66 29 78 -45 22 -85 3 40 32 60 25 96 -16 -64 67 89 21 96 -38 49 43 -76 -32 -50 -80 -72 -74 36 80 -58 90 -22 -20 32 -59 89 24 -43 -92 52 33 -87 83 97 -99 -75 -54 55 44 -75 15 16 -17 63 70 86 -63 65 -36 -87 89 -95 -85 -100 32 -15 -91 -87 88 -1 -59 -91 25 98 -13 77 38 -50 2 -29 10 -60 -15 -59 5 -21 -92 98 46 37 73 -59 7 6 -83 18 7 -75 35 -21 59 -16 -40 -31 -53 91 25 -3 23 -36 -26 -61 64 90 48 -10 -10 27 -77 -87 -68 45 58 -16 -62 0 31 -60 74 33 -65 38 68 23 -28 -26 -73 15 28 100 -59 28 8 -65 -10 6 64 -55 -4 99 87 -11 -31 -93 -62 65 97 -58 -75 50 -45 -81 76 96 67 59 -40 -68 -29 -65 -85 -36 -68 -90 -62 -26 -7 45 -97 -43 -10 -20 -81 -35 -66 32 -59 -50 -12 -52 50 -35 16 15 -56
-20 89 58 -4 76 30 -22 -28 -85 -47 60 61 -54 34 -43 51 -53 15 -15 61 0 -47 -65 39 -12 85 30 -90 87 -65 -36 -45 6 -88 4 89 53 -29 -56 -76 -74 -82 65 100 83 41 -63 -83 -24 79 60 97 95 25 91 -24 -31 72 1 8 -71 -47 -57 8 40 -91 56 38 12 8 40 46 69 25 -74 -68 21 58 63 -96 -21 -79 64 -10 40 9 49 -47 -44 -90 -90 37 -34 66 53 1 -30 -35 -59 38 -37 27 19 -33 -27 95 70 59 -33 -89 44 -30 -56 23 -36 72 -93 56 -72 -50 -65 93 83 32 98 -1 -34 58 -67 77 9 -56 79 47 -91 -18 21 39 99 26 14 -44 -98 -19 -36 -73 44 -31 64 47 -11 -6 -36 26 61 -99 -84 -53 -52 100 -89 22 19 -100 -66 56 -50 15 -31 60 22 81 93 -20 35 -64 4 -73 -62 -95 31 -20 67 89 97 -56 85 98 86 -89 -97 80 26 -74 -40 55 15 19 -9 63 8 -12 10 10 -51 98 -80 -75 54 -88 -56 -53 -37 15 -47 32 33 47 -28 -54 -46 -33 19 -83 -1 -46 19 -33 85 7 -42 -46 -95 80 50 -14 -65 -28 49 98 -18 -58 49 -64 97 -54 -29 29 -54 15 -31 85 25 -38 -77 50 71 94 -44 -58 18 -57 56 -84 61 -23 -11 -68 47 24 -33 89 -62 35 23 -51 10 -96 88 -43 23 -42 -7 -93 -48 -44 -74 63 83 -2 -4 -77 -50 28 40 90 -33 12 37 -24 -11 -75 96 41 -20 65 64 30 -13 22 -11 22 -34 -50 -71 82 -32 62 87 79 26 65 -72 39 27 -50 86 86 7 69 -2 58 1 -9 97 65 -68 -71 67 -63 -79 11 22 -79 83 2 24 -49 -95 -26 -21 25 -47 48 56 -26 80 -90 98 12 -92 99 99 91 67 -97 -25 -83 -59 -37 20 6 -62 -20 -20 -54 -17 75 54 -1 -37 -91 -27 16 64 23 47 -56 -62 68 44 64 -38 -42 -30 -25 56 90 -55 61 -93 91 62 95 -23 17 84 -33 -12 96 -94 -2 -58 70 83 -83 -40 70 29 41 -11 70 95 76 -1 -78 -51 -90 36 -7 99 -98 -100 65 -46 -61 -81 91 97 48 84 11 -66 -89 -84 58 -87 38 91 -64 53 92 21 -77 -29 -21 -4 1 16 -43 -5 -99 -78 -62 -67 57 -91 64 84 -95 100 -57 -51 13 20 -40 -40 43 39 95 -22 -22 44 -23 -6 -7 -75 -83 72 8 16 6 15 -24 78 -63 -69 -21 -80 13
-24 -70 8 -71 22 31 -39 -7 -54 48 5 2 -3 -32 -77 2 72 35 18 39 94 -26 60 33 -60 24 39 -7 -91 -76 -91 42 -12 -36 -88 -48 91 -6 37 -23 -23 -59 -55 66 -76 66 -87 -39 91 -92 10 -62 -10 39 36 -28 -51 -37 61 62 -4 -51 -70 -45 35 43 -57 -2 97 -66 9 43 -69 75 -82 9 64 -29 42 69 -81 56 -74 48 37 -94 27 -71 -12 -83 20 22 0 20 -9 -48 -32 20 76 -73 -3 10 57 -99 -92 -20 25 72 -10 26 -88 -64 83 -79 -20 -6 -12 -58 72 -13 68 -82 -35 -6 79 -48 17 84 -50 -39 58 -62 -12 -22 -10 -63 -33 -57 10 -87 14 -9 -86 -92 16 2 1 -10 2 -65 46 27 44 -81 -94 -47 -1 -20 20 -72 -13 -10 -57 -22 97 -57 -98 -28 -92 -48 -3 40 93 -49 -59 -28 83 41 -28 -7 -2 30 100 -79 93 97 -29 52 97 -97 75 4 15 33 75 16 -22 -27 77 -69 -22 -54 -9 -34 18 -95 74 78 61 -2 -33 -48 -43 -3 74 -57 59 -99 -60 90 -10 -51 57 -63 -11 -87 40 -96 40 -62 -90 -84 83 5 -27 -69 63 42 -63 -28 46 -73 21 93 84 -99 85 -94 -18 -31 50 46 23 58 93 -42 -19 -67 -77 -9 -65 40 64 14 -83 -67 -26 97 61 -26 -69 68 -45 -38 56 76 68 -19 45 74 75 -61 -42 -63 -79 30 -22 -71 -75 66 -31 64 -60 -45 -46 -8 54 65 77 26 -27 -32 -65 61 44 -76 -10 -24 26 26 99 68 -85 8 -13 33 -6 -14 -69 -74 -26 -12 78 -65 72 49 -4 29 -66 13 67 53 93 50 -83 30 -5 -1 67 -35 -8 -28 -33 -54 12 28 -57 96 17 -60 55 -83 -82 -84 29 -89 79 98 55 -47 19 -10 -35 38 60 -97 70 58 54 59 -1 92 97 42 35 -53 48 -27 -8 -16 21 -38 18 -11 13 56 -21 -82 -9 3 52 -35 90 26 39 -67 48 -81 -12 31 -4 -1 -88 -22 88 7 29 52 87 87 70 -80 -35 76 50 88 -30 -5 -48 -81 27 9 -11 -96 -91 -75 3 -8 -57 98 39 79 50 -27 49 -47 -85 -97 -14 -12 54 89 71 11 -27 -27 44 36 -15 65 -26 -46 61 -72 -52 -10 60 -30 99 88 8 76 -39 33 11 80 -22 39 -66 -4 100 61 97 52 100 17 -10 -50 42 46 -71 -88 33 82 -58 3 -81 52 3 69 -33 -26 -93 -27 -81 -96 -53 82 -29 -49
-24 10 56 43 -26 20 69 36 11 50 -39 13 -36 60 -82 1 47 -93 42 -82 -61 97 86 -8 1 -33 -69 -36 -69 -4 -6 -62 -93 -98 -22 -69 -99 -91 -92 60 48 -67 -96 11 42 67 52 -15 -81 7 -18 67 74 -23 39 34 68 27 -97 68 11 91 55 -50 96 74 -77 21 -78 -53 27 86 -67 -43 -34 69 -49 80 93 55 -51 51 51 -91 23 63 -81 -57 25 -62 -82 22 35 -5 74 85 11 -53 19 26 -75 -36 -17 -1 29 63 -46 -28 66 33 38 -94 30 63 34 36 31 -4 -23 59 37 41 -82 -60 3 77 -75 -39 52 38 -56 -73 56 49 99 -84 82 30 74 0 -98 86 -36 93 -22 23 -22 -31 86 -5 -81 81 83 -83 20 10 -92 64 -34 58 100 49 25 -16 98 -56 -40 -24 37 48 -79 -15 -67 28 76 64 -39 6 -90 -67 37 19 58 -3 -39 -95 -22 -49 38 41 92 86 58 -8 -12 -5 -96 7 -1 12 9 -90 -54 6 -7 29 -15 67 -60 -31 -18 60 65 19 63 -4 -99 50 -63 79 79 88 -55 14 -36 -49 -91 82 -65 46 -76 60 -25 66 87 92 -22 -28 5 43 53 -56 1 -36 37 -31 -32 86 4 70 14 5 -17 -73 -85 -43 96 48 -79 7 -72 -80 -3 62 47 -81 28 31 -21 -71 94 82 -30 93 14 -49 -7 -83 0 80 18 85 19 -41 48 61 -32 -83 -50 -86 3 -54 55 70 -35 -87 8 -8 -69 11 -46 81 0 42 -11 -90 -89 53 -79 -32 -29 -80 22 20 -12 -82 -28 39 -2 -51 -52 52 -44 -20 89 -92 43 95 36 1 -42 -44 -10 84 -39 87 -76 83 54 20 94 -82 -53 56 -100 57 24 87 -37 89 70 -25 32 57 -31 -90 24 -62 -13 89 -81 96 95 36 -14 -17 4 -74 -28 -32 46 -87 -36 -65 -59 -46 41 1 -37 -91 9 15 -56 80 38 -86 43 43 54 -35 -43 10 -16 40 -74 -74 23 9 10 79 88 74 29 99 -92 46 -14 -83 53 24 -83 -39 -20 -63 -28 52 -64 -12 70 62 -39 72 86 4 51 -89 74 -1 31 74 -7 -12 -30 -65 11 -99 -72 -30 26 11 7 -11 41 45 -48 94 -26 81 13 -51 91 39 5 -22 98 -2 82 -6 -42 -13 -10 -71 -61 -16 -58 -73 90 -84 88 -43 94 86 -36 68 53 -100 -48 50 57 93 70 48 16 -28 5 40 -52 -63 14 27 0 -71 -3 8 -73 -60 32 86 96 89
38 23 -24 1 1 -26 -80 -8 -31 7 -3 39 -2 65 49 100 25 -97 -42 97 -93 -93 45 -2 74 -5 91 48 21 16 50 26 50 -51 4 -39 -68 -29 -90 -48 41 -57 9 96 -97 86 -68 -98 94 -76 -61 -24 -2 -76 7 54 -44 40 31 49 -78 2 65 38 -53 42 -50 -40 75 56 85 63 -21 40 79 -27 99 75 -95 -51 26 89 45 15 62 -21 67 -25 7 50 -94 46 -48 87 42 57 -2 -83 69 49 -21 -13 -13 -61 -37 36 31 -59 33 -36 45 27 -99 -85 -60 -43 -38 17 17 39 -42 67 -82 13 -58 45 -48 -87 -56 -89 64 26 -6 -65 -45 -42 8 -37 -13 36 45 -25 55 63 -42 -77 -69 52 -13 5 -89 96 -29 70 -13 90 44 18 -36 11 -94 52 -87 -12 -2 -83 73 -88 -9 -81 33 92 74 -32 11 -70 7 -37 34 -26 -60 -56 39 97 -12 78 -57 -81 -66 95 82 -79 22 -70 93 99 -84 -28 -36 -32 -53 -69 95 59 -10 42 -64 4 18 95 90 -16 -74 -50 17 5 10 9 -43 -2 -34 90 70 57 -78 -31 53 54 -20 73 60 19 14 -97 31 -39 95 28 89 -28 -97 92 96 79 -71 91 6 40 24 -13 -52 44 55 75 -84 40 38 75 -49 -36 -7 -69 -15 38 -71 74 -49 -5 95 -84 -60 33 -77 -87 -35 -54 -15 16 40 8 39 80 11 0 -82 43 85 -80 -60 -75 63 -42 42 85 -99 -1 68 -30 -29 19 45 -52 10 -61 84 91 54 33 -99 66 -67 -22 -46 55 19 35 -16 -8 -86 -88 -12 99 58 -93 -67 -57 -100 87 -85 -89 -20 14 7 -20 45 51 -39 -96 -50 0 38 0 -92 -32 63 -96 10 -15 -97 14 -64 88 -87 55 15 -78 36 76 92 -23 69 -32 -77 74 -31 80 24 -90 84 -74 -9 54 54 -57 54 -3 41 -27 25 -100 58 -80 94 34 30 -48 -86 10 -49 34 76 19 38 -33 68 58 73 92 -66 42 71 39 -30 95 42 88 29 67 -97 52 -8 -31 46 3 11 -79 -32 -2 -16 -91 -80 -88 24 56 -76 -35 14 -16 -73 12 -19 -36 59 73 50 -54 -52 35 -3 -69 78 9 -41 -23 -41 91 39 29 10 -16 56 85 -38 24 72 -9 -9 77 -41 -84 -4 -27 -45 -10 -36 -1 3 -37 93 -66 41 62 -72 74 1 -79 -47 -73 -49 88 19 -28 12 98 -74 -82 2 22 -2 -96 -30 -72 59 -17 2 81 -89 90 -13 24
-70 43 16 34 48 -75 -25 31 29 93 100 33 -2 100 51 -44 -3 -11 -35 -4 90 4 35 -10 -72 -54 51 -31 71 -60 25 -84 -93 -83 74 0 -25 43 53 -19 -13 69 -29 22 38 -79 -4 -92 51 45 68 38 -86 -8 88 30 -32 -50 -81 58 20 -24 -73 -89 42 30 -4 -29 75 -94 48 -96 -94 -71 47 3 -6 56 99 -91 83 -75 -28 3 39 80 -36 94 93 54 81 -45 -58 -38 55 88 21 56 -7 97 40 -10 -18 0 -29 30 14 95 -69 81 -35 -82 82 85 72 60 -5 85 14 72 -80 -73 74 65 -54 -33 -5 -93 -46 44 33 81 -98 -43 12 -55 59 -70 50 46 -2 -40 71 80 -49 53 -100 23 56 83 68 85 78 67 -92 7 -69 -24 23 87 -61 -86 54 60 -63 66 -27 19 -63 2 -40 -60 -20 -60 -65 -94 -10 -78 -87 29 5 63 -90 3 57 -92 99 -82 79 58 1 -39 -70 -68 -84 -89 -10 66 10 -93 67 62 -35 13 -76 -75 -51 -81 67 -2 -99 -91 5 -13 6 78 -43 62 98 -42 -86 -36 70 -53 -7 66 -89 -45 15 -92 86 -21 42 -27 5 -32 -52 78 1 -36 -13 75 65 -69 -5 -11 43 40 -9 78 -62 5 -66 -31 88 82 -44 96 -52 -77 -53 12 -46 -12 -35 -100 -10 9 -53 74 -1 84 -2 10 -35 -26 -76 -21 -75 17 24 -2 78 -31 -57 77 -54 17 68 -73 96 -69 1 -79 89 74 -17 72 -78 73 -71 -23 75 69 90 90 7 -95 19 -69 -22 -71 -71 -11 41 -96 27 23 2 -7 -95 9 -46 -50 -16 -67 -16 34 -16 -22 -98 -83 67 -11 48 6 -29 69 -19 86 -26 58 66 -75 7 -76 -11 5 -79 24 22 -43 91 83 -30 93 90 -21 0 38 31 63 -65 42 21 38 -40 -66 20 -74 -55 16 30 -96 -77 -86 -50 -1 8 -94 -88 -76 -19 31 39 35 -48 45 -77 8 89 -6 82 37 74 74 -41 77 96 -24 -85 -36 -29 8 -50 76 69 -16 -42 96 -93 -77 -7 -44 -90 -4 -13 23 74 -46 -98 -81 -99 76 23 64 -32 -53 -74 -43 1 -35 48 79 -78 6 -83 -95 -50 68 34 -76 76 -68 96 -59 -26 -95 58 -49 30 -16 -81 -88 11 -78 -28 -76 84 21 36 95 -32 12 -48 -47 33 -46 99 53 33 65 -18 64 -4 -70 -56 54 -54 16 -9 -30 86 -79 3 95 6 -49 51 -14 39 -89 52 85 -57 90 -34 17 51 -10
-87 -61 -21 52 -96 -73 -53 43 18 -39 28 19 59 -87 -13 -5 -42 -85 5 24 99 70 -65 -31 -50 -17 45 -55 -75 20 -65 35 -100 -7 54 -5 69 -77 4 -11 18 25 -75 34 -77 -39 18 -24 42 -87 -17 29 -47 70 35 -13 92 98 90 -2 43 -60 -24 16 -25 -96 83 87 40 23 -51 99 89 14 -97 -45 43 -89 2 -91 17 80 66 -89 -39 -76 -8 49 -26 -71 14 -59 -31 76 54 -43 68 1 -67 -79 -97 -83 53 -76 -29 21 -58 -77 -41 -100 78 91 56 -49 35 -81 -57 -76 73 28 -55 73 -2 -82 -37 -67 -92 -9 34 -38 -100 52 39 -94 -25 29 -59 -16 -25 -46 34 37 -19 -13 -34 -87 -50 75 96 26 -21 80 -8 -4 -8 17 8 -11 -85 57 98 -15 -27 -62 70 -31 -19 43 -15 -16 -4 47 21 -77 -92 85 2 -14 27 24 -23 41 -81 91 -35 -42 50 -91 44 55 -57 42 61 -52 87 -30 -26 16 87 -37 -71 -100 -92 2 16 61 -25 41 -58 -31 -40 56 -43 10 -15 44 90 3 -94 -99 68 20 11 57 86 -49 -51 16 12 68 7 -83 -35 -87 44 -91 -92 32 -12 -45 -69 2 59 -8 60 -77 -10 52 -3 33 94 23 65 85 -90 56 35 -32 50 53 -38 -17 98 42 -94 -3 -3 -69 -60 66 -56 56 6 -38 100 -51 -11 -10 94 -1 -88 92 29 -70 -58 35 88 20 -27 -50 -38 -47 54 -78 60 72 -26 -42 -66 -6 -55 -40 -21 13 -83 57 78 35 -1 25 39 16 -28 -62 -21 -35 -2 -80 74 -62 -54 5 -40 30 -16 58 48 -27 87 -14 28 -58 45 -51 -44 97 94 87 95 -97 -5 -48 7 -67 -41 21 3 -74 -70 93 -68 93 -2 26 6 2 46 -55 -84 42 -73 -43 86 -12 -18 95 -79 -56 19 -80 16 -13 38 -100 18 23 37 54 -62 -62 -57 59 95 68 -69 100 -96 60 92 6 -28 54 -3 -61 18 -10 -11 -62 81 5 41 68 85 -56 77 -47 -60 -67 -11 -56 1 31 68 87 12 -75 -28 97 31 -1 67 -35 24 -38 79 7 -88 28 -28 -78 90 -63 -1 31 -26 -49 64 48 31 83 19 77 -44 -80 54 59 25 68 -56 96 -89 45 -15 -81 -13 30 24 -79 -14 18 -89 -68 -32 -21 -85 93 -86 49 87 48 81 -47 -56 -35 96 -39 -29 -54 74 -51 25 30 49 -99 62 -64 33 -86 -1 34 36 -70 18 -33 43 -60 -42 20 70 -19
-74 -63 -93 -83 -34 -1 -94 47 7 22 81 40 4 -70 59 78 -73 32 28 -52 -97 -57 3 -75 -17 -57 -99 73 55 -84 5 3 20 -37 -90 -20 -52 2 -55 12 96 -53 82 -38 -65 -96 44 -11 -58 74 -24 -37 53 98 98 88 -85 -6 -13 24 61 -65 -60 81 56 39 -90 -33 28 -7 -45 -78 -8 -48 70 3 -8 -57 -93 -42 22 39 -63 84 48 59 -66 -35 67 -100 -42 94 -6 50 22 -83 78 -4 60 88 -31 11 81 41 42 89 81 -47 -50 79 87 20 -28 -25 -35 -59 -5 26 80 -27 -62 -76 -39 -25 66 -99 96 -89 -77 -56 3 -69 -39 -82 -97 54 26 93 -13 -12 -56 52 95 -20 72 13 62 -50 1 0 -52 40 -22 -46 -73 -30 35 30 -97 -67 67 -15 -93 13 31 -32 52 3 86 27 1 79 -26 2 -42 85 95 21 -32 -85 -92 75 -14 25 -16 -31 -10 60 -2 63 30 -87 -90 79 62 -42 40 -94 15 -46 -86 -74 75 19 -40 59 -88 81 59 -72 61 13 19 -76 -15 -79 -65 0 -25 -87 -17 -70 -15 76 80 -92 4 38 36 44 98 48 -94 -31 21 26 -87 -12 79 -25 54 -52 -59 57 25 15 -100 18 -20 17 -5 33 31 87 -77 -62 80 -63 20 -38 -71 -31 -43 -68 39 -94 -65 16 -65 12 93 -21 -87 -30 47 -46 -3 -5 50 -60 -24 -53 -72 22 -10 -43 83 -50 26 25 -32 77 94 -38 18 69 75 -62 -93 69 21 32 -21 -21 15 33 5 55 -29 54 58 70 45 55 62 30 5 -94 -35 -31 39 -8 -52 -63 38 -39 -76 -44 97 90 59 -20 -21 -83 -71 -25 -53 10 84 0 19 80 91 42 0 58 24 -27 -54 98 80 -73 -82 30 86 88 -16 94 -1 89 70 -31 76 -2 -10 -45 96 21 -40 -45 63 -34 43 -97 -55 -19 40 -84 -40 -22 53 -44 -35 8 21 54 -45 -61 -53 50 -94 -38 -62 -13 -37 -44 15 66 -95 -67 -23 -6 -68 100 35 -81 26 -3 42 -33 -35 56 -99 73 30 -26 63 -37 -93 83 -49 21 6 -15 1 59 90 -35 53 -88 33 38 58 -92 -76 9 23 -7 75 -70 61 14 82 74 -32 1 -30 32 -2 -19 94 6 -48 40 -100 10 -54 63 53 -76 -87 44 29 -44 -38 -65 37 -49 12 -69 54 -14 2 -36 83 85 53 70 53 51 32 -77 -20 29 -47 -15 8 -16 44 94 41 77 40 61 -39 -7 47 68 -49 -97
34 5 32 -100 -98 53 -16 -65 -8 -44 -13 29 -29 -19 95 -1 53 42 -8 -2 -57 15 35 45 -24 -76 17 -46 72 -21 -84 -42 -5 -54 79 49 -60 7 61 -29 -46 65 67 27 -74 -22 39 -34 45 79 -73 -89 18 54 -54 -18 20 9 -15 7 -15 49 100 58 -77 -63 14 10 80 -74 100 27 90 -19 72 -53 -36 -21 -71 -27 -86 42 -37 45 6 -48 85 -37 24 -83 -4 -20 34 -2 98 -44 84 -34 -55 -62 93 -2 48 46 28 87 88 64 5 -1 -27 -37 50 54 13 16 -90 40 -48 -73 2 98 7 7 96 44 14 32 12 88 96 71 -71 91 -6 -51 -76 -89 -21 53 64 69 -55 97 95 21 50 -33 -69 59 3 -2 -70 30 -9 -48 81 28 20 -1 -21 -28 -79 -15 -50 63 84 -22 93 -53 67 93 30 -62 64 33 -31 -13 -46 -56 -35 75 -68 16 86 -30 -8 13 -59 68 -16 68 62 -89 -38 -2 71 -68 -98 79 -53 10 64 -45 -89 66 40 -82 -68 -43 74 71 1 12 -45 62 -76 -48 -14 -8 56 -23 20 -89 -13 -21 -12 22 -54 -55 83 93 45 51 -74 -65 84 -18 -64 -61 71 81 50 -53 8 -28 99 -46 46 -11 66 7 -33 66 58 -70 -61 -66 91 64 84 -13 -38 66 85 -94 -100 -91 41 -68 22 -73 -47 -28 8 55 -13 -15 56 73 48 3 -10 28 -32 15 7 71 45 -17 19 81 -79 3 25 -25 -61 83 -72 -41 -41 68 -22 -10 72 -29 -75 -1 -43 -38 -49 -41 -51 -58 30 48 -61 -5 -100 74 -90 -65 -82 24 -12 6 -95 63 85 32 -65 -7 -35 72 35 -59 -52 66 -2 65 -92 29 93 42 47 28 -67 15 -93 28 -17 35 34 20 57 -29 -91 -18 75 4 28 -48 -15 -71 98 -74 -67 58 49 -16 94 51 36 100 -71 79 -46 22 -62 -35 66 -27 87 -37 60 46 40 -61 62 -4 -36 86 11 70 35 -20 -96 -91 -15 -13 99 46 -38 33 32 11 47 56 -34 96 -82 8 83 -2 -99 8 -70 -60 5 -82 -17 -9 65 1 36 -66 -75 -40 14 39 92 47 -7 -18 68 -55 98 -68 100 -98 -17 -9 -62 -57 -2 81 68 -40 71 -95 16 91 90 76 -100 75 54 45 -63 40 80 -68 -66 -53 43 45 -76 -20 -26 24 67 -98 -82 93 83 95 99 20 66 -23 45 -36 33 67 -74 -29 -80 -87 100 -98 41 76 -75 58 63 11 25 85 -87 -80
-91 58 -3 57 -24 0 -50 92 -46 -60 -23 -35 -15 -77 -32 -24 -12 49 -84 49 -37 16 2 75 31 -43 17 54 40 41 -25 -24 34 -20 -88 -6 -77 -76 -38 81 -11 -77 72 34 -52 -67 12 -26 83 26 2 -37 18 78 83 61 -84 53 -66 -10 -70 2 8 56 -33 61 -10 82 -4 17 23 -92 15 -53 92 1 70 98 32 -67 19 99 85 50 46 -12 67 50 86 -83 72 46 64 58 -22 15 95 20 -39 63 41 -7 -45 -28 -25 -13 11 -46 -87 -78 8 49 -19 25 -44 51 -100 -7 -92 -66 -68 100 31 -49 -98 98 -92 -28 73 -86 68 35 4 75 -62 -10 -6 90 -86 -20 -52 -92 98 -95 44 69 -9 93 76 -54 -38 -11 -85 -44 -91 -87 98 18 58 0 -91 32 -10 44 43 40 74 -39 15 33 65 -95 -61 -94 83 -57 45 -60 -19 77 66 85 66 -44 -89 12 -11 -57 43 -40 75 84 89 -92 -82 64 -12 -97 56 33 38 17 67 17 72 -96 92 97 19 83 19 -39 97 28 -87 -42 92 -28 -83 74 25 -90 -29 31 95 22 -15 -15 -56 34 41 -26 87 -60 -28 50 47 -75 -63 72 -23 70 85 30 -82 68 52 68 -100 79 98 -29 -10 -39 -23 -64 37 8 56 29 11 -26 -41 67 22 98 70 14 97 52 -57 0 -89 65 -39 -44 89 -58 -25 -66 57 99 -26 -66 60 20 71 -77 -2 -91 20 -80 -59 -38 68 3 49 -39 -32 -71 -41 -24 -19 12 -80 -66 65 67 34 -16 -57 2 78 28 -84 -46 -83 -81 -75 -20 -81 -39 45 -49 -73 -51 -62 -80 42 -79 82 63 -94 -19 -49 -81 -95 25 -54 -83 35 -6 45 43 -17 -68 -90 -73 -99 90 62 37 83 -88 -86 29 -19 27 -72 18 93 -2 57 -22 15 -99 54 -3 47 -100 -20 -2 -23 -31 49 10 -87 -100 -89 -55 63 -34 27 -81 96 24 82 3 -22 88 4 32 -6 23 46 67 -62 79 47 -37 56 98 32 -66 -14 88 47 56 100 1 -61 77 35 30 73 -87 34 86 -41 -10 -31 -10 29 -23 40 20 -41 -70 -13 -93 20 -91 -28 -34 -38 -100 -86 79 -61 -27 71 -2 -11 49 -86 42 -90 55 -2 -2 -52 -86 48 -63 -25 82 -67 31 -98 33 -86 -97 23 38 84 -28 17 -68 69 -76 -32 -61 -73 25 -42 -7 -12 -33 80 -18 6 -61 -78 -37 59 -49 -37 -56 -46 44 86 -95 66 -36 -8 8 8 -18 -71 12
-5 41 -77 -55 25 -50 82 33 4 86 -57 -46 39 52 -61 -13 -81 89 -15 53 64 -21 -60 34 79 -44 39 -22 63 -71 -58 -73 -34 21 61 13 15 76 75 -94 -25 -34 56 -67 1 12 19 55 63 -35 -88 8 58 80 84 -21 87 5 -50 82 40 10 -4 15 -69 -92 53 94 -15 60 39 -98 -8 22 -24 70 -42 82 -62 91 -48 63 72 -72 -15 74 -67 81 27 -21 35 11 2 43 42 -65 30 -77 -56 -43 -2 5 93 -90 77 -45 41 -71 39 -45 -46 -84 -10 -19 2 80 -52 22 68 -52 45 -47 -45 17 26 77 -19 79 -31 -78 -92 44 -22 23 -97 22 25 68 -28 -23 44 83 -31 -49 84 -79 17 -77 99 -2 66 -9 -96 -10 48 -80 -43 92 -23 -47 68 5 -29 -6 95 -54 -74 27 -72 -79 -13 -10 2 56 73 98 -24 -69 -57 15 -3 56 16 3 -67 -95 -32 2 95 53 -98 6 69 -43 -1 -33 20 -74 -32 -79 9 -72 -49 -45 49 85 -78 -22 -24 65 75 21 11 64 26 97 50 -32 -75 72 -94 81 -17 14 9 -53 -83 -31 85 12 14 -61 78 -15 95 -72 24 -42 64 -32 -74 -22 -6 99 -50 87 -55 -75 63 -54 -79 -77 38 52 86 -54 -29 -23 -89 96 56 -99 -32 -32 95 66 21 -16 -67 12 -11 72 -58 -70 -44 14 -7 82 -10 86 5 11 -43 -25 -100 34 -54 -80 31 99 -60 24 47 39 -97 -86 54 -14 -57 -92 30 45 81 -92 -89 68 72 -72 -13 84 -21 -10 -69 -11 -15 -22 -100 17 -55 3 -52 -13 96 -38 -51 -68 34 47 33 -16 6 -49 6 34 73 -81 -36 48 39 32 24 27 -13 85 4 4 79 -72 -11 -12 24 -16 -36 88 -10 44 72 -23 -36 46 84 -39 90 -74 -52 83 -73 -79 -30 78 -46 94 -56 -54 74 65 54 8 45 -19 68 43 29 -88 -57 -73 73 26 -93 61 -62 99 76 19 95 33 -12 27 -37 35 -91 34 -14 -64 -90 94 -100 73 -84 -58 -75 -45 10 82 80 69 -29 -57 -70 -25 36 81 -38 69 -75 89 82 -22 42 5 -81 6 33 9 -57 -92 57 -4 -22 23 -48 -6 -15 -53 86 11 19 25 49 36 -41 32 -10 52 -15 23 -10 -19 -28 70 26 -51 87 -2 -69 -99 -31 8 52 -85 24 71 11 -47 -3 74 33 9 -14 64 68 -86 96 80 31 -70 24 -38 -35 -46 -99 26 -21 74 94 -95 36 24 89 4
36 16 -81 92 -26 94 28 100 -79 -12 85 44 52 56 -63 -9 -86 -53 -15 17 -28 -16 55 -49 -98 16 -45 -55 55 67 68 -91 -70 14 28 57 -30 -90 55 -33 12 -62 9 -38 3 -47 34 -8 -54 -69 -9 -61 -67 -61 -19 -27 10 -66 -17 89 -73 82 20 -11 9 -60 -28 66 -70 -97 -7 -21 79 -42 29 -62 -44 -86 48 -71 -77 -34 19 87 75 -98 -27 7 -63 15 22 89 -60 24 -45 -54 62 45 -48 -50 66 -6 33 -80 15 -93 -23 -6 47 37 84 41 -69 -27 -70 -93 80 43 -2 14 -41 27 79 -27 -4 87 -29 -20 -59 -61 -99 84 81 -91 -72 29 -16 -24 -56 53 -27 -18 -69 5 60 26 49 -84 -16 -67 45 -89 100 -52 -9 92 -68 34 14 -59 -31 20 79 -17 -38 -87 55 40 -18 22 24 -23 15 68 -91 -97 -43 -14 -72 -26 24 24 -81 -30 -78 -56 -89 -9 11 70 33 -2 86 99 -76 52 1 77 -53 58 -6 71 89 84 -74 -29 32 96 9 24 -54 68 -96 -13 -41 96 98 100 -86 -35 -19 -85 4 -68 -2 56 -57 98 -28 -53 12 57 66 89 39 97 -45 77 14 83 -53 31 46 72 55 6 -30 60 2 81 2 10 63 -66 9 66 12 -70 27 93 -64 -40 44 -26 97 26 20 96 0 49 5 81 58 0 84 -14 92 1 -8 -39 65 88 47 -97 18 16 46 -5 -64 -70 38 -25 47 -92 -40 75 37 40 -19 54 -24 15 76 92 57 80 90 99 -52 16 -13 43 -21 -64 80 -45 19 9 -81 -34 -66 100 -24 97 77 59 -3 71 7 -95 -39 -59 -26 23 -57 -23 -13 7 -13 -92 -15 12 -55 -40 47 -19 75 2 63 -97 65 86 -23 58 -89 -18 -49 56 -23 -12 91 1 -34 -1 -52 99 21 44 -68 -88 51 78 -42 -42 81 -77 92 84 -37 -39 -57 5 95 -70 -95 -9 23 71 -50 -9 27 -94 -6 20 -73 72 11 -27 -87 -77 47 -4 -87 -78 45 -100 -20 89 -77 -17 -38 70 -98 -43 -99 41 27 -62 61 -23 26 -93 -71 -84 -34 15 52 -7 -55 4 2 -14 16 14 -32 66 83 99 63 -44 -37 42 -93 -50 -7 21 1 -86 -89 -60 -78 -28 22 40 43 84 25 89 32 -100 61 -69 67 -79 -46 -22 13 -84 -36 -88 37 -71 76 83 -22 -30 12 90 -55 -66 -3 0 -73 -14 -93 -38 48 -3 -53 10 73 -58 -3 10 -41 -65 -71 17 42 39
-78 -53 28 -97 -6 13 -97 46 6 25 3 33 -41 -25 96 70 -17 -6 99 -74 96 44 41 11 52 -12 -49 -13 -89 -22 34 -20 -70 -36 85 -68 -55 55 -5 50 9 -43 -37 22 -19 -99 18 -44 -64 -33 -94 -47 -77 -70 96 -14 23 -20 72 52 95 43 -25 71 -23 71 75 -80 23 0 -46 -61 14 -71 69 57 81 -99 24 28 1 27 -72 80 -95 -90 40 30 -76 54 62 54 -81 -47 56 29 79 -44 -63 -16 -23 81 -16 12 22 18 1 -78 -9 26 94 64 29 -85 -30 94 81 75 -29 -100 -92 -80 43 -72 -28 -60 -35 -91 32 -35 -8 -79 -55 76 -10 -70 8 16 -87 -51 -51 -47 0 82 -12 49 7 20 76 45 65 35 -85 13 -56 -43 -15 53 -55 96 -81 99 98 2 87 13 -93 64 -10 12 -50 48 27 42 -35 -17 20 18 -7 -60 23 -50 -16 -63 17 0 18 26 8 43 -22 5 46 51 -100 -23 -82 100 16 60 17 -46 45 87 13 -56 -39 7 11 -41 -38 -17 23 0 85 -35 25 89 8 70 -64 -4 12 -14 85 82 8 76 18 -30 73 59 40 -61 -2 -100 -100 -29 46 -7 49 28 -66 90 -36 -85 -84 38 89 14 27 -70 -24 -67 90 -37 100 95 -54 -69 -20 -90 72 -10 79 -54 96 50 39 -80 -29 -53 53 -42 -31 51 -75 -79 -73 1 75 77 -71 6 -32 -76 23 75 -42 -21 93 -26 -55 1 -76 -96 33 -90 -53 34 100 46 72 -5 -44 21 -42 79 -58 -38 17 75 -42 -32 -68 -75 25 34 54 72 -10 94 -78 75 73 26 -83 -3 -97 46 -39 50 2 -5 90 -96 34 59 -86 -26 -38 -15 -69 -34 -41 63 46 -47 -14 -24 28 15 -29 4 4 -59 -17 -27 -20 65 86 -33 58 38 -94 -65 99 54 73 -72 2 -38 -63 87 -73 41 65 -100 -31 38 11 25 54 -52 76 -89 -84 -92 -64 -69 18 81 -18 66 -4 -93 42 54 -15 100 48 -75 33 -68 26 -89 -52 -99 18 -49 -88 -45 10 53 -29 48 -29 63 11 99 -3 -56 -96 -21 27 68 -45 81 73 49 83 -50 -31 46 17 11 18 76 -85 13 -82 40 96 100 87 57 67 4 -5 57 -57 82 36 82 -61 61 13 -97 -79 -40 -15 -1 -18 -20 -42 55 -58 93 70 -61 72 20 -88 -77 50 -98 13 -12 -67 -84 -100 9 71 -82 -83 -23 68 9 -38 -8 -21 -92 -69 -11 -17 27 -67 -7 -89 54
74 28 -43 -17 37 6 -18 31 -80 3 65 -55 -52 62 -2 -1 69 11 42 8 -35 -75 -93 45 49 27 -94 60 81 -78 -38 -89 -17 92 1 8 95 -12 25 32 -77 21 -81 -4 73 -34 -77 -47 60 5 -12 68 -33 86 -3 -43 61 73 -43 -89 -48 72 -31 -96 94 3 -24 4 37 -95 -83 67 -58 19 5 43 1 80 100 10 -49 55 77 -19 85 -39 -44 20 75 71 50 -49 -98 -74 -83 91 -27 15 20 27 -10 -54 99 -85 -25 96 18 55 -62 11 36 -62 100 -58 48 -72 -54 65 -61 -64 -23 -76 99 -97 98 61 6 29 -9 -62 36 -15 -36 32 73 -39 81 -37 -5 76 -90 -51 -23 -75 28 -40 -15 -67 10 57 -84 70 -97 -76 -100 -78 89 2 36 48 47 -2 -86 8 -14 -27 44 0 -93 2 33 50 68 -90 51 -38 46 90 -55 99 -31 90 -93 -85 22 78 -14 -49 28 -34 -45 -90 -40 -39 3 17 69 -7 -1 -39 68 -11 -36 -11 -9 75 66 5 95 82 27 16 -43 63 71 -29 75 -19 6 49 -87 -73 48 -40 -32 -12 24 -65 35 23 -53 91 -45 -57 2 77 65 82 42 -99 -75 52 12 -22 -52 67 67 84 62 -7 33 -90 -68 1 -34 -62 45 -90 2 10 57 -91 -89 35 91 30 0 78 36 -13 62 -46 24 -30 -60 -84 -95 -38 37 88 7 -46 -28 89 -57 55 -28 26 90 50 -98 -40 68 -78 36 22 62 -52 -52 78 -48 37 -15 -27 45 -27 -90 32 -15 66 -41 30 -90 87 -7 91 -56 0 3 40 84 -48 -99 52 36 -34 32 50 -18 34 -93 61 72 -44 9 5 -70 -63 66 58 99 -13 -86 92 -90 -96 -52 -95 92 -20 -7 -41 -17 -31 -17 4 -83 14 93 71 -33 85 -73 99 31 -55 20 -20 -47 93 73 -61 54 -40 82 -80 89 -65 38 36 98 -87 94 6 -26 79 -67 -60 48 -30 67 1 84 -35 69 -53 -17 -97 -73 -9 -69 -85 -68 21 86 63 -51 60 86 15 -46 23 -45 66 2 -26 74 -73 94 8 58 -6 67 -52 -91 60 -31 76 69 50 57 52 -88 100 47 -3 59 -41 48 -28 9 -39 -38 74 -3 18 -40 52 84 -74 -35 -90 16 -14 39 1 81 -16 -63 -33 -37 2 -20 3 -3 -60 22 -3 89 -29 17 75 15 2 22 -13 -96 -83 25 -29 -7 -89 29 14 18 -84 -78 -88 -71 -96 33 -2 -12 51 -75 97 -93 -24 -67 62
-9 12 40 49 -81 -53 -43 60 54 -84 91 -45 -52 53 -73 -37 36 -65 -95 75 36 -39 88 57 8 -88 6 99 66 72 -94 87 -95 14 23 -86 39 -94 2 46 18 38 12 -4 -43 93 15 -6 32 -31 43 64 22 -75 -35 14 93 77 -63 97 -25 -24 18 13 -51 -49 91 -72 62 -68 88 66 60 51 55 49 -41 44 -8 89 65 54 39 -81 -20 16 -98 -2 -69 -78 43 -44 29 27 -46 14 51 90 -99 24 55 -57 -19 -30 35 83 -16 74 -28 -12 44 30 -8 11 86 62 66 -73 -31 39 95 40 84 85 44 -52 39 -42 87 -91 74 2 -1 6 26 -12 12 -43 93 -73 -61 56 20 49 -31 16 39 15 7 -80 -83 12 86 -1 -48 -83 -33 -76 2 96 28 -19 -14 -2 7 90 -25 -60 -1 -51 -96 -42 -63 -63 -73 -70 -40 84 -19 -48 -3 35 16 -85 67 11 30 73 23 -44 -55 79 25 -11 -22 -7 38 87 -99 71 -91 -58 50 -83 -78 15 -6 -90 18 31 -97 29 -39 52 63 11 -22 -16 100 75 41 1 13 85 89 -60 8 -54 77 -24 35 52 45 11 78 45 90 31 11 4 61 -73 51 -81 -75 -5 -23 95 53 74 -23 -94 65 -13 -35 52 8 62 39 -45 -79 48 30 4 83 34 -40 -95 7 46 63 -17 -28 -53 85 99 74 6 21 36 83 -64 -39 44 71 50 2 49 14 50 24 79 -46 -40 30 -59 -96 -79 10 46 -57 8 -90 -15 -91 -94 -22 53 80 37 -37 52 20 -50 0 73 20 68 32 -98 -94 10 87 89 75 -57 50 -73 73 70 -30 46 29 -61 79 6 -21 -94 4 26 -27 -32 18 -3 45 94 -73 90 -99 -36 18 -85 -21 77 20 -93 60 87 -66 -27 -6 99 -40 -34 -21 -4 79 35 11 24 41 -69 -63 -29 13 84 94 95 -20 0 71 -90 -23 18 -86 -29 -34 38 -91 53 -7 31 -3 -62 53 -21 -30 -52 69 37 -56 -66 14 9 -13 83 -12 75 62 93 -33 90 100 -91 9 -13 -7 -69 -68 28 -49 31 -47 47 -84 49 80 57 -76 -31 -79 -39 -43 -82 7 -46 -75 74 -38 -62 32 82 43 52 -37 92 16 12 -48 -44 3 8 41 -88 61 -35 82 56 -99 5 -8 -72 52 -94 89 32 -44 54 -12 -45 -71 -56 -91 -23 -13 57 -30 39 -41 -15 -85 -25 20 -29 -53 65 -43 -21 91 63 40 -81 81 -57 62 9 -38 55 16 87
71 24 82 60 -82 -42 -88 7 74 -64 8 21 -38 -21 -44 -16 56 3 -85 -99 41 -48 -75 -82 54 71 -75 98 81 -62 92 -82 -15 71 67 52 -81 30 88 -28 84 -71 -36 36 91 35 -67 -40 18 39 -44 -46 47 0 -99 90 -23 62 -87 -56 77 -71 99 -38 -80 -42 59 -70 -53 -50 -100 -89 64 69 8 19 91 87 -36 40 -70 31 81 -84 -73 -29 -80 -8 95 97 68 39 -88 -20 35 -75 -33 43 42 -20 -50 -31 -21 30 99 -77 4 12 -93 91 97 -92 -12 -11 85 -50 24 -71 54 99 23 -91 -20 78 -34 35 -68 -55 -11 -35 75 -72 -52 37 96 51 74 89 -31 -50 -64 92 -22 -21 -44 75 13 49 51 96 -73 34 1 -1 -35 -30 42 38 -84 62 -62 45 -38 -35 -1 -61 -59 -51 -40 68 -12 97 -55 26 98 -72 -3 -46 -100 76 85 93 57 -56 -50 -57 93 -42 67 49 10 48 39 8 10 32 -36 -67 -7 37 29 7 -35 -75 37 0 100 -74 94 -41 57 21 -3 -25 -29 -8 -22 -68 -68 -5 -31 -12 80 -38 76 -9 -73 95 -22 -100 -34 -36 23 99 12 -49 47 -41 -14 88 9 70 -49 -55 -35 -69 -15 77 52 -60 -58 -58 -73 66 76 -52 0 64 0 -21 -22 94 40 -86 37 -10 16 58 -51 42 23 60 54 51 -70 -23 -17 48 -75 65 85 -79 -73 88 -69 5 96 12 -16 -71 -34 46 36 -23 -91 -68 95 -85 -22 54 28 -28 72 -19 -65 -35 63 -37 97 -68 -52 -87 21 20 -84 -59 14 -16 -64 -63 38 -6 48 -17 6 -17 84 24 46 4 -27 36 -11 26 90 38 -13 -65 2 46 -58 -52 -12 19 -98 55 -39 -22 73 -93 38 2 8 -20 23 -72 -62 -41 4 39 -99 69 46 -17 -66 40 -87 -7 80 -30 27 30 -3 -14 34 79 8 -76 85 -80 99 24 -33 12 -100 -54 -20 19 -34 -5 10 -32 -97 -44 -35 90 39 -100 -10 73 -19 -41 -77 -74 0 -70 20 -37 69 25 7 38 -54 -6 -13 88 94 61 56 -21 11 73 2 -56 79 59 44 79 -52 -40 -69 52 -79 1 83 36 -71 7 -15 -71 -24 -60 71 -72 65 74 50 -64 -53 84 11 22 -13 -13 -49 -65 -17 -51 39 27 46 -30 -85 94 -13 -1 -84 -50 63 3 -6 -100 -6 6 3 23 -15 -6 13 -92 18 -60 48 -16 59 9 47 77 13 -35 55 -7 37 64 -25 37 34 -34 -78 57
-60 45 43 5 -60 -51 -20 -95 12 -92 5 16 -80 20 -12 -86 97 -49 36 -57 -95 91 44 89 -17 52 86 -19 -19 -92 43 14 -6 -37 82 24 12 -23 67 53 39 41 -70 2 26 -85 18 -91 34 -19 -77 -77 -92 -98 -22 24 41 -7 89 48 35 29 8 47 28 -74 17 64 27 -91 -20 74 -2 33 22 90 77 0 -90 1 -56 -62 -80 13 13 86 25 -33 20 -60 12 -82 56 -14 31 76 77 -67 -59 -3 74 52 3 84 76 -82 78 -3 51 -42 7 -69 -30 35 93 100 -93 -78 34 46 -28 -15 72 46 24 -54 -93 93 -34 37 -98 -5 -35 -88 3 -13 -13 -78 86 5 -79 -65 54 29 -77 75 -90 -33 -24 67 -86 -35 83 -19 6 71 -56 -55 -56 -86 -92 100 -89 26 -82 -10 -67 -29 -84 -4 6 0 46 -19 -54 40 18 -86 48 -60 -17 -75 -88 55 -91 -95 -44 -14 64 36 25 -81 -76 68 73 -87 -68 30 64 -29 -84 -83 49 -71 -92 -19 50 -64 69 74 49 -100 55 -61 13 61 -33 66 0 35 5 -15 -86 66 81 65 -92 -32 -12 3 -64 -19 94 -9 -14 81 45 97 23 -99 -15 -5 -26 -10 -62 28 -48 49 -74 -17 -46 13 -15 -44 16 66 -43 -48 -71 49 -20 -79 -32 46 30 83 -85 16 -98 75 -61 -13 96 -39 -31 -100 34 80 -59 81 16 4 -6 74 -71 16 90 3 61 -46 -10 79 -52 27 -73 16 83 -44 -3 -32 -32 -34 -22 64 10 64 92 -69 -53 -52 -2 -9 66 -52 -35 -31 -29 -84 70 33 -15 -39 -78 -73 11 -9 57 10 39 -81 82 33 -60 69 -100 -9 27 12 1 82 92 -63 -50 -49 54 -94 -55 83 -21 65 100 66 34 34 -12 -5 -65 77 -29 41 -7 70 55 84 -73 47 -47 -40 61 -94 43 -2 99 -42 99 -15 1 -57 20 -40 13 86 63 28 -79 -29 -63 -33 -93 78 29 99 30 61 -36 0 1 3 88 7 -77 -6 91 -9 51 40 80 78 27 31 -58 41 31 12 2 39 -79 100 93 0 -93 100 44 18 -29 59 -95 50 0 -58 64 -48 -89 -40 67 10 96 86 63 0 35 24 -99 16 89 -67 -8 45 -19 3 72 -23 -56 89 11 -44 79 92 -66 89 48 49 9 -75 -10 -28 -36 -86 -46 69 -6 -30 -60 -83 92 -82 -79 51 -12 -99 22 -49 -23 96 11 95 -16 -30 72 -51 92 -32 21 -23 -51 59 -44 14 -100 81
-10 42 88 83 87 53 36 80 -79 -63 50 -66 -47 95 -79 89 77 -83 27 -34 5 23 -91 40 -42 -32 -83 -45 -96 -19 88 58 -50 93 -56 -59 -93 -33 4 -77 -1 70 82 87 89 100 -49 55 -72 33 36 -100 23 -39 23 -72 61 -46 -62 47 -78 -20 -20 74 37 -64 -82 -51 -77 74 64 12 -51 -13 70 -56 -15 -67 -76 76 99 88 -4 39 -51 65 -54 83 -7 -69 -43 16 -45 -4 -27 16 -64 -17 14 -41 -29 -76 -28 -75 -94 54 47 81 -70 -10 -90 11 23 89 0 -50 -87 -25 -76 5 -85 40 -9 63 67 100 -15 -100 -67 19 -18 -52 -40 -3 -6 22 62 20 91 -95 -38 65 -27 54 -35 -90 44 -78 81 -21 8 -72 24 -67 27 0 62 14 -61 -35 26 26 84 28 -92 1 -98 -35 28 -3 -48 85 37 94 -57 -85 -32 64 0 40 78 -76 46 9 -73 -32 36 53 -44 11 -97 47 76 74 -60 -78 91 -4 77 -16 -89 1 -66 -24 24 -25 33 55 -6 -30 -44 -74 64 -66 -79 -22 -58 70 -89 -89 70 -29 -5 -95 -37 77 75 80 87 68 32 70 -7 -74 -72 18 3 8 97 -98 -7 -45 -14 74 98 11 -37 98 17 64 97 -22 69 52 -15 -50 44 10 30 -18 -32 9 -59 49 55 93 38 -60 -61 -46 -18 51 -7 -22 100 95 -23 13 21 36 90 -88 43 -8 100 -66 -42 23 -30 -85 -63 40 -85 -59 17 34 11 -53 52 -83 24 -3 15 -73 18 94 1 29 60 8 -13 -13 -66 47 -100 -48 -77 77 -80 79 -51 -42 -85 -34 31 6 -99 -89 1 -9 64 -25 -1 92 17 -66 -77 -37 -3 88 45 23 78 -8 98 -94 9 -81 66 -16 -41 -17 -68 -49 17 4 56 -51 -84 -90 -17 91 -90 -33 -38 -21 62 -16 -19 -27 19 -36 -51 68 -91 -61 59 29 40 -95 67 -33 2 -28 99 -77 50 5 63 -62 94 15 -80 -81 72 -20 87 -83 63 -68 -94 75 32 32 68 -76 89 76 93 38 48 -42 -77 -68 32 17 -4 98 -12 11 78 -99 -25 64 -2 -24 36 -60 -71 -74 -95 65 -75 -96 53 68 -78 7 -21 54 -46 96 -88 98 -79 65 15 -8 98 -71 -62 26 -77 -67 -15 55 -38 -31 95 -52 -86 18 -69 41 -6 -38 69 -76 41 41 25 -84 -69 -32 -43 48 67 -73 36 17 -61 -6 -39 -17 -7 23 61 -61 59 -71 8 -26 -40 98 28 -71 -8 -49 -54 -65
60 86 97 -48 -4 -88 -98 -36 98 4 -85 -86 -44 -92 95 67 81 -36 -66 -86 82 -30 95 73 88 92 -33 67 70 -31 -95 -25 22 -83 -31 -1 -12 -80 22 71 98 -65 -84 -65 55 38 38 24 87 -62 94 93 -32 58 -1 99 -91 -7 -61 -16 91 6 -70 68 -34 67 60 8 47 15 -42 -47 100 77 -67 73 -7 -49 94 -67 22 100 43 19 -82 -87 27 -97 -52 -86 -8 10 19 -44 32 -50 85 -23 -35 -67 76 54 -25 -91 52 88 43 -43 31 49 64 18 4 -62 -39 83 83 68 -97 89 88 -38 96 67 33 73 -51 55 -24 6 -73 -51 -75 81 89 -41 -98 70 74 -11 -98 -15 6 -13 -54 -76 55 87 46 15 90 61 90 67 13 -49 93 -73 68 1 -6 -48 28 88 -89 -39 -1 -92 66 -71 82 -96 64 -28 7 97 -64 -4 -58 -89 -39 -58 4 86 24 -14 -30 -19 -55 83 -84 21 2 34 1 -61 -64 -78 72 43 -2 -32 -36 46 -64 54 95 80 -26 -16 -28 -19 83 25 -62 49 -45 -51 -52 -34 -69 13 -60 -73 -93 36 -17 -11 22 28 -34 -68 35 -82 -25 55 -90 34 90 82 86 74 92 -17 31 -98 -36 88 33 -55 97 -67 57 19 29 -25 10 50 73 -16 86 53 68 88 -4 35 35 23 -11 26 -92 44 -27 71 -78 -42 -90 -89 -51 47 -80 -93 -69 -48 25 -64 -79 -46 54 71 -52 41 -94 87 92 49 12 -98 23 71 -64 78 5 -6 -84 -96 0 70 -98 -15 -38 42 -43 39 69 65 5 91 81 71 -93 29 37 32 -19 76 55 -36 79 45 81 -17 -91 32 7 37 -7 86 -81 10 13 -39 10 -60 -25 -90 48 49 -84 30 39 49 -49 -14 68 -80 48 -72 51 15 92 -97 -12 50 -68 -48 24 38 78 31 46 -74 -91 8 100 -54 -73 -80 7 51 -82 -27 -37 41 76 68 -87 90 33 -16 -14 48 65 34 20 -13 -35 30 73 -65 -35 -34 -61 -11 5 82 60 -59 84 -75 -8 66 37 57 -40 8 -20 -99 -54 -58 46 -97 56 49 44 15 30 -18 0 38 81 23 54 93 38 -83 96 56 -34 98 4 -79 -83 36 -14 -44 22 22 -62 94 12 -89 29 65 -5 56 -56 -84 -66 98 100 -63 40 81 78 97 18 62 7 -27 90 83 23 -67 -74 48 69 37 86 -97 -64 -2 -78 17 -52 -93 -13 44 -88 -35 1 14 -68 -63 23 21 31 98 -92 -72
-61 -28 -26 -95 42 -85 50 -22 -8 6 -91 93 64 -6 18 48 75 -78 0 -81 -37 -2 74 25 -27 55 -80 37 -70 -5 -98 8 -50 62 -37 -68 -54 -62 32 -96 41 9 -52 1 85 86 -1 20 79 -59 -77 27 -44 88 33 -74 -2 -33 95 -49 -90 61 -96 -91 84 54 -56 58 9 -88 -59 69 61 74 -41 -87 -7 -21 0 65 -68 61 69 86 -26 -77 81 -63 -35 69 97 -37 -22 -43 -21 82 -56 -32 -16 -89 -99 -33 93 54 -56 50 90 -26 37 -9 -78 -91 1 -88 27 -29 -59 -32 -55 -63 81 80 -57 -33 90 -56 -14 94 42 -100 31 -98 -85 81 38 97 -13 66 -80 12 87 -93 36 -12 5 55 -29 26 42 15 -96 21 20 10 17 -7 42 56 50 3 -32 -86 -75 -23 37 30 80 90 70 35 -34 98 -71 -20 36 -2 70 75 73 32 -54 7 -96 41 -99 38 -85 20 -25 61 -9 -28 -24 -36 -64 86 10 -62 51 -19 -57 17 -26 81 -80 -91 29 23 -11 -86 -18 12 55 69 -56 -47 -4 -70 84 -54 -60 -15 48 71 59 -1 95 -83 -82 -64 88 -75 72 -30 26 38 -94 5 65 16 -20 64 -15 -7 40 -60 55 84 70 -37 43 25 -27 -8 -90 -25 46 -2 63 -34 0 -32 -70 55 100 -18 -77 15 -97 11 60 96 -46 -27 72 -97 -75 -55 -24 -15 -43 -77 89 -20 57 40 62 1 -27 80 53 -61 -3 -30 -96 -88 47 10 29 -87 -50 93 7 -22 35 -57 -74 -10 58 36 24 -4 -26 38 -23 91 81 10 17 42 -8 -75 -75 34 -10 -82 -13 -53 -75 -4 -53 -48 -86 14 -73 -36 4 7 -65 60 -14 -80 -90 65 89 -68 -26 -55 28 -23 -54 73 69 -77 100 38 72 28 10 87 -20 48 32 79 -71 -97 -70 -47 -9 92 55 55 -15 -35 69 -76 -77 -53 94 41 -17 -53 41 39 76 50 17 -15 -9 50 -86 84 62 69 -88 65 95 -82 -36 -99 46 29 -25 -69 -41 -5 -79 -94 68 -61 -6 -64 -30 -81 -41 37 77 23 -25 -25 69 -4 -95 57 -30 -24 -23 -42 -18 -72 -14 -58 -45 -67 -89 -47 6 6 -70 -14 87 5 -59 88 64 10 -22 -94 -65 57 98 -79 41 97 -74 88 -80 41 99 74 44 43 5 -69 79 -5 -10 -4 57 45 6 34 94 -66 -88 -18 -15 -97 4 -78 -66 21 -86 -39 -36 2 -33 81 -96 -23 34 -69 77 50 -2 -6 -60 -43 13 57
89 70 -59 -22 10 69 -100 -40 -68 -30 -60 -68 -77 85 -99 33 23 -38 -10 81 10 27 72 -45 68 62 -82 70 14 -41 54 -84 -47 56 43 27 -49 -34 -93 77 14 -6 26 17 -84 -78 14 -72 -47 65 -3 91 47 24 7 53 -34 -8 2 -30 -72 78 -81 90 -63 62 -62 -83 65 50 -87 -8 46 -97 -15 -94 -63 66 -67 67 -96 -59 -57 41 -46 -100 -30 -83 -42 67 -98 56 -72 -73 -1 -8 -67 -22 99 -30 -53 24 13 9 -42 -12 -62 -71 -84 27 -25 -69 49 44 35 46 20 16 -69 -37 30 -87 58 -27 32 48 -100 31 -98 1 36 -47 -100 57 -6 -94 -66 36 -51 35 39 91 26 -80 -30 48 -5 85 -39 97 -19 -68 -24 14 84 56 -21 -9 -81 19 54 -30 -30 61 -75 7 78 -4 29 -36 27 -93 -75 -29 -44 -13 50 -55 -43 -19 17 99 88 82 60 -21 40 47 -57 -78 -80 23 -58 -58 3 -14 -80 -34 29 -91 -88 -71 13 -8 76 17 -60 6 -15 1 -34 27 3 86 83 -38 -15 -83 -82 -63 43 -45 20 -31 26 -23 40 -33 60 87 -81 33 -96 61 83 -93 -17 -8 34 -99 -69 39 -80 85 11 -82 73 -82 0 18 -5 -40 -31 77 82 75 48 -32 24 34 -46 -90 34 -80 -2 -49 -7 -28 -66 77 92 43 -19 94 -29 13 44 -86 -75 -20 62 22 17 47 -53 73 28 3 22 -69 69 16 -45 -76 -36 -57 -61 -98 -19 -22 -18 -59 -40 -54 52 86 61 -25 76 22 24 46 -45 -49 52 91 -84 -33 -44 78 23 -67 63 -24 88 -28 12 27 6 21 36 39 100 -57 -60 40 13 -90 77 -40 -43 71 -80 63 3 23 32 92 -56 -99 -20 2 58 -58 46 -51 100 50 98 -35 -7 -12 -88 71 -52 86 -84 34 -12 -53 -72 -100 -6 33 -69 -87 32 -71 71 -57 -3 60 -49 -84 -38 -61 -51 -24 66 58 -99 -48 82 -87 -91 20 -20 96 -91 -46 -19 -71 -54 -12 -35 -92 44 77 13 29 55 72 77 -90 40 -4 -88 15 -71 45 41 41 -65 -53 86 62 -68 -96 94 -27 -26 -35 1 17 67 68 85 -52 73 70 -43 73 -31 9 50 -59 -92 48 95 43 -20 -7 -30 -88 -9 65 2 40 38 -79 -57 88 88 -11 -60 -90 39 65 16 -85 43 -24 -21 68 -99 -90 -52 50 42 -73 -7 -67 -29 100 -93 -29 -90 57 -31 -85 -4 -59 -64 -32 62 69 -46 -91 -21 32
67 -26 87 58 -58 25 -69 91 -9 7 -23 42 -48 -52 74 -51 94 -10 -98 40 43 -90 64 53 -87 -83 20 4 28 -56 -49 10 -74 50 22 -77 -64 -38 14 -93 -35 0 -5 -96 71 -54 44 -14 -18 56 7 89 -60 69 40 25 39 18 -46 -21 -39 98 88 92 14 -91 14 23 95 80 70 80 -82 -39 22 -73 86 53 -35 3 -31 41 61 92 -94 -44 66 91 29 -30 36 76 6 86 -6 85 7 -20 13 -28 -93 -4 3 -69 93 -8 85 -52 -35 57 3 -50 73 6 65 35 -85 4 -28 -19 44 14 -64 -91 24 -50 1 58 17 86 22 15 47 30 6 -39 -95 45 -37 11 -90 -71 -56 91 84 -5 -60 -5 59 -81 20 -75 -37 -88 31 -26 78 -28 -8 -85 -58 -18 0 31 -86 98 -24 -23 -4 27 36 66 -5 52 100 97 -82 2 67 -5 -19 -76 21 -56 82 -90 -90 -5 -10 -71 -35 -80 -73 17 17 58 18 -68 35 -54 44 -47 75 75 50 -53 -61 -71 -83 -19 67 -17 34 -76 79 -87 -53 -84 42 35 -50 60 -69 -98 -64 79 -43 -14 -44 -8 8 45 -21 91 -92 40 -96 42 -7 76 87 -30 -23 -79 -16 -17 88 84 -50 63 -42 -80 -73 63 -88 -75 -37 39 99 48 -37 46 11 65 -77 17 25 -82 84 71 -11 33 13 -26 64 92 85 93 84 57 40 -97 -66 -22 62 -40 -9 51 65 -67 -46 -64 66 -89 72 50 68 51 -29 -21 94 16 -12 21 -51 53 29 4 -42 -69 1 -28 -58 58 85 -21 100 -60 35 79 16 14 18 -14 -56 76 -38 -44 87 36 -29 -99 31 -85 28 -100 -51 -40 2 -64 -67 -21 -9 22 -30 -73 -36 -50 43 -92 22 8 88 53 -87 16 -82 -65 83 -6 10 -80 -2 24 48 -80 10 68 19 21 64 41 -14 -1 -71 -80 18 -35 29 71 45 -47 -36 87 -15 25 -18 -65 -85 10 49 22 -84 11 80 -29 81 60 -55 81 100 6 75 -31 70 80 84 -71 -60 -85 58 46 -95 -9 -4 97 -40 59 17 -25 80 -50 -97 97 66 47 -60 -55 34 71 -71 -65 -45 61 59 -53 16 4 55 93 46 57 -9 79 74 -19 84 73 -31 38 44 -31 -40 -62 27 -98 89 32 43 64 47 60 48 13 -19 87 -85 2 92 83 85 56 96 12 80 -95 24 72 9 92 39 86 -83 62 22 23 7 64 66 -20 86 31 42 72 66 29 69 96 63 -78
80 -65 54 62 0 -81 -6 -20 -78 -71 24 -76 4 -52 94 -97 71 -12 38 -12 93 74 -63 -61 -40 92 -6 -62 95 85 76 -92 -87 43 81 -46 21 -90 77 -87 47 -77 72 -5 -78 -39 37 -45 0 -79 19 95 -100 32 -56 84 -73 -90 17 23 -78 -75 -42 -54 34 5 -34 50 -90 -15 -39 64 51 -53 -30 57 -13 -84 -89 -71 -10 59 17 81 -44 -66 20 33 -99 -87 51 -80 79 -79 11 -80 -95 -60 -9 74 -5 45 -36 -52 -28 88 -30 18 -53 -78 94 -14 -12 -9 -96 100 -39 -63 48 35 94 52 67 -67 -95 -70 10 -44 -20 -34 -98 -53 85 23 -18 -86 -32 -32 -59 84 -22 72 -42 -47 52 -43 -53 -72 -82 3 -88 8 -29 16 69 96 81 -90 9 -96 -3 -52 -84 -29 -39 -29 52 -53 -22 -89 17 50 -25 61 -32 -63 -14 -77 34 9 -89 95 34 79 44 -17 72 19 -68 -99 -65 72 86 -96 32 54 45 98 68 97 -19 48 -88 -23 40 85 28 -8 26 5 -43 31 -27 35 59 94 43 -17 -67 66 -99 80 79 -99 -50 -64 16 97 2 0 86 48 -7 34 5 22 90 19 88 73 73 -98 -10 -66 -55 -72 -79 4 95 -92 -77 24 4 -74 44 60 25 -10 61 5 -9 -2 -69 77 -59 34 -76 -56 45 -96 -30 84 89 -61 36 -69 84 -34 -8 73 -36 -81 93 -21 -68 -59 -24 85 -43 97 40 -43 -11 51 38 -48 -38 56 22 -93 -91 -18 24 40 39 69 95 -25 -77 -7 -27 62 -13 1 98 49 -40 -39 -14 19 -41 23 -84 59 2 -83 -35 39 49 -83 34 80 -65 -40 78 28 82 77 -64 -5 79 78 84 -59 20 -63 -77 76 40 30 -74 -46 77 -39 -49 24 57 1 85 -13 -60 -34 48 -31 -92 29 -58 92 -3 -52 49 70 -90 87 75 -93 85 30 -84 12 49 56 95 22 -40 77 -68 -36 9 -45 97 24 3 -35 63 -82 9 45 63 -47 -69 26 37 -62 24 -99 -90 -89 8 -18 -40 34 -6 23 20 -68 59 -15 -69 -56 55 -5 61 94 -11 -21 43 55 27 -71 63 -63 15 -18 31 42 -31 17 -83 11 -96 -80 -24 -13 69 3 -99 -22 -70 57 49 27 -30 8 36 58 61 79 5 -96 17 33 -35 -70 63 12 -43 -81 -62 -61 4 89 -10 25 -91 -74 -51 -89 -69 -48 -59 70 24 6 9 19 -44 23 -99 50 -74 40 27 52 -100 -62 -29 -45 10 16
56 -58 62 -23 -71 -18 -17 -32 -59 38 41 -3 -83 -38 -98 100 47 43 -85 88 -2 -2 19 32 17 -94 -81 73 -8 -23 -15 94 12 100 73 96 89 -84 61 -94 3 -17 -4 76 61 30 -69 16 -48 51 -69 -96 -62 76 17 -10 77 -15 -10 41 -4 45 -74 -6 -1 -40 29 -19 24 -4 -11 69 99 8 -100 18 3 96 -48 13 67 -46 -100 35 98 -85 80 96 60 -77 92 82 11 -80 28 78 73 66 -54 87 -16 -51 15 -3 74 -50 -9 3 92 23 -86 -69 90 -85 -47 88 8 55 87 90 -39 25 74 -4 48 -96 -97 -55 -2 -68 -58 -100 -14 -86 -85 -43 91 24 -92 51 -76 8 -32 3 37 0 -49 88 49 -67 -13 -59 74 -83 -18 -17 -74 -11 25 -54 -17 -3 8 -31 34 -37 -84 60 90 73 -32 -93 -47 -36 81 22 -94 15 61 6 100 33 -47 48 57 4 -36 28 -11 -41 -27 -56 59 -72 47 -15 -55 49 -16 -86 0 41 -87 65 -26 -17 22 62 -50 -85 72 79 71 21 8 97 100 -92 16 77 -46 70 14 52 45 -28 -47 75 -84 -84 -100 96 -11 70 93 -25 -31 56 -19 -1 -28 -80 23 68 -7 -71 -8 -76 39 93 -89 -83 64 30 61 -32 -6 -86 -87 49 -62 -86 -33 66 -68 99 58 12 -67 90 78 -75 33 93 -8 -62 38 30 -9 28 -25 99 6 62 92 35 -80 37 -100 -64 -96 6 -39 80 9 -17 77 -19 10 16 25 71 -42 24 -68 -29 -4 5 77 -57 -17 85 76 -23 -23 -4 -88 12 75 -6 89 -10 -86 -80 -2 -49 1 -72 55 -73 -96 43 49 58 64 -41 89 -9 -99 -42 72 27 -38 6 -43 95 44 61 -37 -28 -70 65 91 36 41 -2 -37 -43 -17 -69 -7 76 -53 41 62 -89 3 -63 -63 20 -61 -93 99 -1 67 -21 -64 16 54 86 -92 41 -58 -21 6 -94 -73 19 2 -79 80 -24 71 33 5 91 -41 62 -35 -21 -88 -68 27 34 -43 98 51 -52 71 -100 -67 -54 49 11 -9 61 95 -14 57 28 -94 31 -31 -31 96 76 -39 84 -46 19 19 26 43 44 -15 -32 19 -17 30 2 -1 -67 56 96 63 -67 -37 -93 -28 -9 23 -46 91 60 -68 -77 -99 -45 37 -38 -54 33 -95 -65 -13 47 89 82 100 -20 56 -31 -52 -29 92 -100 -56 88 -34 -25 -2 -70 -68 -91 75 46 -43 -73 -27 -14 37 73 97 86 88 -70 5 -57 4 84
-41 57 92 -33 -25 -54 17 -71 -35 8 -95 33 -70 13 -68 60 -52 -67 39 -91 -63 39 8 82 37 50 -19 -96 -52 2 74 36 -70 -73 41 -59 18 -92 -67 90 -21 -72 -97 -30 -59 -46 -44 34 -24 25 7 52 89 -68 -58 -50 -2 24 -47 67 -79 32 -83 -9 62 77 -55 -43 -13 -6 -5 -54 -100 -81 -99 -40 79 -49 -99 -51 -72 -96 83 56 -1 -76 62 91 16 94 89 -98 44 -53 49 -49 26 -44 -73 -31 71 -10 -51 -96 -41 -63 -8 86 80 69 1 67 21 -10 81 -100 -50 18 23 -27 -79 66 98 94 37 -58 86 -60 22 -77 3 -68 14 31 -74 46 39 68 -14 -62 35 47 -60 -41 -47 45 63 -73 -80 25 -29 -9 65 53 -13 -71 3 -87 -31 -92 72 42 30 -80 32 65 41 -23 50 3 41 -76 -83 -14 -28 -49 41 57 -49 -21 -66 100 -68 -36 -78 11 60 91 -67 -68 98 -43 81 -59 41 -71 -72 -79 66 -13 33 87 12 74 -77 28 17 2 72 -43 47 48 -13 31 65 23 65 2 95 94 -85 -67 97 -56 -47 -65 -73 47 -54 -88 33 54 98 -1 22 26 -44 12 58 -89 -32 41 58 15 76 12 17 -12 92 41 -26 -3 77 0 -48 3 -37 -62 95 2 -14 33 -100 -54 -39 -3 93 81 0 94 51 20 45 58 4 12 -54 -89 64 -9 -95 -64 60 -3 -31 5 8 -95 61 33 57 -9 -91 -40 -30 -15 -46 78 -7 20 34 67 -55 -38 -64 0 -43 80 29 -43 99 -50 50 21 -47 38 98 -58 30 47 -10 -75 -43 -26 -78 42 -88 15 -84 -47 -61 12 88 -41 70 -93 34 -100 95 -50 11 45 -76 25 -33 49 3 54 9 -39 44 72 -25 97 3 57 -52 18 13 88 17 84 1 48 9 -94 -99 37 50 4 93 -21 -68 24 -16 -35 -81 -87 -79 -99 -94 81 27 -39 -49 87 -57 70 63 55 67 -67 11 -74 4 56 17 -39 -95 -49 23 -8 93 -72 9 -13 -12 -69 63 28 -89 -32 -51 -57 -78 67 35 -3 -10 -43 6 15 -4 63 -78 34 63 -38 18 46 -31 -54 64 -39 -95 -59 -18 53 62 -43 -66 -72 -24 -15 14 -39 -10 8 25 11 -95 43 8 -46 3 62 -50 -46 -88 46 -43 21 89 -30 20 -67 -47 15 -37 68 -49 87 12 -73 97 53 66 64 45 7 -53 -95 54 87 99 -57 59 -11 -9 63 91 11 88 96 81 73 -28 93 -79 95
28 -46 -63 -58 96 60 42 49 47 94 100 17 -20 -79 15 61 72 55 -9 71 -59 -30 -87 -100 11 41 -9 64 -58 90 29 79 -20 61 -59 31 68 7 2 -6 -51 8 -18 -61 -31 6 13 -23 -3 -37 -79 87 -87 -43 54 13 -99 77 -62 57 -69 -72 34 -5 53 7 -66 -24 32 34 13 -12 -66 99 -70 93 17 -93 35 93 -95 37 -39 -16 45 5 96 -35 -13 81 91 -12 3 -87 -31 68 89 -15 -40 -32 -28 91 73 84 63 43 11 87 -84 39 62 -12 -45 42 -37 -4 -13 -62 -41 67 56 -46 64 26 -67 84 -16 -85 99 12 1 -81 -73 -96 19 83 27 -25 -69 41 -15 25 -56 59 -45 -63 70 96 -69 78 -5 -8 -52 43 -77 -18 85 -93 73 3 -46 -63 50 -44 79 54 -49 67 -13 18 78 -81 0 77 -47 -55 61 14 33 55 90 -4 -82 -70 66 19 74 -50 6 -49 14 47 -97 64 -46 75 24 -6 -27 -54 20 -84 -92 -9 -22 -57 70 -21 -60 -36 72 -45 -36 52 72 61 -66 -74 87 68 -82 -17 -51 75 -26 -31 6 -42 -75 42 -68 42 -70 -24 -19 78 70 24 54 48 -45 79 -96 64 27 -46 -100 -45 -89 -40 41 -2 21 -11 -57 -45 46 94 -46 21 -37 32 44 -48 59 77 82 55 25 -68 -13 36 36 -96 100 -47 8 -58 76 -25 -61 -93 1 -29 20 18 26 -5 51 -21 -2 -61 -77 -88 38 -7 -38 -13 -25 -95 73 -32 12 -53 92 75 80 -77 -27 33 41 87 69 -26 78 65 -14 -61 -8 45 99 -74 -96 -1 59 89 -65 -37 36 -83 37 -89 74 48 73 -9 -66 32 12 -63 76 -75 -79 76 -40 92 -10 58 -24 -88 -9 56 78 60 -15 -48 -47 51 27 -30 89 69 70 -87 -46 68 36 74 26 -100 -47 -62 18 -81 -77 -62 32 56 62 85 82 11 -27 -46 45 -85 -90 34 -62 -81 -89 24 61 71 21 95 97 -76 91 -32 44 -77 38 -81 -79 -14 -100 38 2 85 -30 32 -75 90 96 -88 30 4 -6 -87 21 -16 70 -27 98 11 10 -74 37 -97 -71 4 -96 74 -21 -21 -62 -90 62 31 24 38 -88 -21 -57 65 31 -55 75 3 -22 -85 -68 78 66 -22 -44 56 -86 -70 -5 59 83 -71 53 -22 33 -22 -31 86 -26 -45 34 -94 -18 37 -62 1 -58 -62 -92 67 23 85 -76 -9 17 -89 40 94 -55 85 -56 -2 77 96 8 -54 52 -79
32 -68 -24 -82 47 -35 -36 -7 27 63 16 -9 4 -58 -99 57 -83 82 -54 -81 37 83 -70 -60 -4 -77 -20 29 16 -12 68 58 -9 4 92 30 -23 -23 92 -20 -83 -82 -28 60 -100 48 14 12 -97 25 43 -28 43 -100 -4 70 -84 -2 -39 -24 58 -51 12 49 -7 2 84 42 94 38 -81 -72 8 -27 -66 68 84 -60 74 1 -31 -23 15 19 20 30 -73 50 31 53 -92 -10 -15 -61 78 36 44 3 -12 -49 13 33 -6 5 -9 -92 -40 57 -10 41 -94 -29 -1 66 -28 78 -24 41 -13 -45 -24 -16 72 -59 47 -100 -64 19 -71 -79 62 47 -69 -58 -17 -73 -75 90 -29 85 100 -21 23 30 36 -17 -14 63 -9 -42 -27 19 -98 -99 89 -60 84 -67 38 -89 29 88 19 -45 -56 -22 -82 63 15 74 32 33 -21 1 -1 58 4 -12 -61 -48 -66 -80 15 -63 -14 21 -27 23 49 44 -80 23 -87 77 88 -36 -53 -27 -62 -41 34 87 16 16 100 95 79 -78 31 -72 -83 -42 49 50 -25 -22 59 -80 -80 -7 42 -3 -58 -68 3 18 -95 -74 -61 -44 76 42 26 55 99 95 54 -43 -51 -70 0 18 70 67 54 -67 8 52 -79 73 70 -86 -81 5 -96 -51 -19 -77 -56 -92 32 89 -65 -45 65 59 -30 -79 -67 -67 -52 13 92 -14 73 31 -57 -22 59 -9 30 -26 -30 11 31 11 51 20 -11 -63 -15 31 -57 -25 75 11 -86 54 -64 16 -93 -48 -59 25 -74 -3 59 90 6 -47 -54 65 -22 -100 -66 -97 89 77 -76 59 18 -4 -22 75 -81 78 -8 86 22 -30 12 55 34 -74 28 -69 27 79 0 72 93 40 -29 -61 100 93 56 -96 51 -47 76 -47 -42 63 -9 14 -49 70 88 -89 -66 93 42 -100 -72 78 21 -3 50 25 -30 59 -82 -1 -24 44 -57 -80 99 -35 -99 -23 76 -10 1 36 -79 69 49 -18 -2 -20 17 94 44 -44 78 -40 66 -79 -80 -8 -90 -54 18 79 -58 -5 -34 -68 -37 -75 -17 -47 -41 18 79 18 85 100 19 77 -33 80 66 -52 -36 -92 -49 -2 36 -92 -87 -10 -65 -71 -64 5 86 54 -35 -69 -38 6 23 28 -99 3 86 49 44 -14 12 -82 13 -48 -9 36 21 -64 13 82 49 -51 -38 -6 -4 66 38 -38 -46 -74 58 26 16 -36 12 -96 40 74 44 14 -99 12 40 -15 -28 71 -25 69 60 -14 58 38 76 94 -26 17 94 -2
-14 3 43 -9 78 -89 76 87 58 -23 -98 89 -53 90 -34 97 -11 80 30 -100 -76 88 -79 -61 57 -71 48 81 -68 -62 56 100 -64 21 96 49 55 -66 19 81 37 -86 -3 94 7 26 44 0 -14 87 -22 15 72 65 7 68 62 -14 95 35 -46 -85 -99 17 -69 -47 -40 -75 20 11 -18 -18 -2 94 73 -75 -6 -7 2 29 11 -9 75 -76 37 81 27 58 -91 63 -75 77 -74 -81 -6 -93 97 93 -84 -1 -35 -31 64 94 85 33 -35 96 -41 -1 82 -41 11 -26 -25 -77 -21 53 -56 32 -25 24 30 42 -18 23 34 68 -73 12 -1 86 95 -22 35 -46 -45 86 54 -27 -92 77 -55 41 -72 -20 19 87 -65 -42 -92 56 -4 96 -56 -89 -65 68 -19 24 -76 -71 -80 -8 35 -18 23 89 78 27 55 -83 -38 -32 -30 57 80 98 -29 28 -61 -79 -24 67 89 61 -92 74 -89 67 -29 89 32 5 77 -25 1 8 97 70 -100 -17 47 -28 82 -82 78 57 43 79 -57 -19 -55 -94 -85 -32 -29 24 -5 -45 -81 -76 -33 -38 77 -26 91 -71 -42 -78 -79 -43 -11 -35 -84 -52 -92 84 -78 17 67 70 100 36 41 42 47 87 -27 41 34 12 82 -99 56 -99 61 -65 -81 -2 -97 -59 88 94 81 -14 -48 60 82 84 -54 85 -76 89 48 -46 28 -26 -26 -82 43 -3 54 -23 7 57 -10 -1 82 -30 80 3 -62 70 60 43 -39 -59 72 27 -88 48 -62 95 -60 63 -57 33 -1 70 53 87 -15 39 -69 16 -59 6 -31 3 -70 -77 37 -75 -87 -48 31 -86 -35 55 -63 -7 97 -94 -88 59 8 72 -51 64 -51 -22 -76 -78 -76 -28 99 6 -11 82 3 81 -24 -25 -15 81 -63 54 21 27 19 34 -35 -36 -35 -59 79 52 -96 -48 19 56 -12 80 -80 -18 -68 -79 -92 -42 -28 -12 -99 -38 85 55 -31 -11 13 8 -12 -71 -30 95 99 -36 20 3 94 -7 82 -50 -34 100 20 -57 21 -66 -25 -36 -8 75 -60 57 -10 98 -95 4 10 -12 -43 99 -7 -58 97 57 76 93 61 -11 35 59 -58 -27 77 92 38 31 -23 70 81 11 76 -22 70 -81 17 -83 19 -2 -25 45 -13 34 25 -19 69 1 25 -47 -66 -26 -82 7 -23 -71 -84 80 -87 -99 33 35 100 32 95 -46 33 2 22 -24 62 -16 27 -51 14 -89 -70 97 63 95 -93 62 -42 -88 -26 -27 68 28 -64 28
3 -89 52 1 81 -59 -92 -96 69 82 62 -91 20 8 21 1 29 -71 60 71 -16 -70 64 -30 80 69 80 3 48 -21 90 50 55 2 78 61 3 -43 90 64 -12 -34 26 -56 1 -57 1 38 30 -94 100 61 -33 58 88 -67 16 89 -96 56 93 16 15 2 73 -45 -93 -97 -60 51 30 44 19 85 62 87 67 -73 33 -62 54 36 -38 -94 -41 78 -62 -67 94 -59 14 -31 52 -71 92 7 35 -70 -40 -3 -91 6 48 -28 -24 0 81 -97 -1 -72 -49 -73 33 -75 -77 -100 5 -36 -36 50 -85 -74 15 18 63 -18 92 -49 -84 -77 45 93 -91 83 77 -33 12 16 93 74 -89 42 92 66 -87 2 65 28 -1 -74 10 -48 -97 -22 -20 -81 -84 13 1 -42 22 -39 28 -2 -71 31 -27 70 -86 -70 3 73 30 -19 -67 45 -78 -92 -60 42 -2 99 81 79 -35 84 -55 96 41 91 72 69 69 -67 95 40 14 -95 -68 74 39 -85 -31 84 7 -82 29 29 -49 14 80 -93 91 100 62 -18 90 43 -74 -65 -42 73 -66 51 48 44 18 -25 -78 -60 -50 -72 -57 -22 -53 -9 -22 -14 -22 51 -61 52 67 45 -87 -48 -13 -33 -50 -16 20 25 7 -1 -36 42 44 100 10 1 43 57 29 -46 47 34 58 10 13 -9 -30 -85 38 -53 -84 -28 53 -40 -16 11 -31 39 61 -63 37 -90 19 78 51 -43 17 -10 95 -90 90 82 64 43 -98 -58 73 28 7 59 -39 15 -84 66 12 -2 82 19 96 68 22 -8 -22 -43 -87 85 -76 -12 68 29 -41 26 37 99 92 -18 35 -70 62 67 -91 57 61 78 57 -21 -77 -40 99 -51 -15 46 -74 -39 -53 -16 37 -2 -81 -59 59 72 -33 79 -88 -47 82 -37 -13 100 -78 36 85 -4 -92 32 -2 40 -91 6 10 20 -47 -25 -9 42 91 -32 18 -93 52 -10 -24 -88 83 62 100 -63 -89 -61 -16 37 -23 -79 -86 9 1 59 -85 -75 -90 88 -38 32 2 37 69 -2 -2 -54 93 84 -61 -80 16 100 80 73 -75 -17 9 -87 85 62 -33 -33 21 74 -44 -58 -64 -26 27 6 27 26 -56 56 100 89 -79 -20 -25 54 -54 -98 -90 -92 -35 58 50 81 6 36 -84 93 -82 -5 -53 -92 29 -37 -18 71 78 -38 -81 52 -40 -78 50 -54 -49 42 2 -62 14 34 43 32 78 11 -56 -55 -48 8 56 95 -100 -87 85 89 -76 -64 -72 37
-74 -32 80 -99 -75 -44 79 -18 90 -79 -20 73 31 71 -26 0 -55 -21 91 -29 77 -66 48 21 70 -64 6 -30 75 73 -24 -80 14 47 -80 -50 93 -19 -57 36 84 97 80 -51 50 32 98 28 6 -26 48 -55 -2 -85 -86 -31 28 -63 79 4 79 -40 82 -71 64 -14 73 65 -28 -28 21 -96 -5 -80 94 16 15 -93 -53 -86 1 -70 42 25 -95 12 -50 -79 -3 -72 -56 -24 99 50 -86 59 0 52 96 64 45 87 94 -93 -49 -41 -61 14 -29 55 72 -35 70 -69 23 59 -92 67 38 36 -57 -44 47 -61 -41 -22 -6 46 -1 -30 -22 -42 -32 2 -41 73 -19 24 -53 -69 15 35 69 90 100 60 87 60 66 -67 45 -46 -56 94 83 41 -49 -16 71 39 -83 -7 47 -51 56 52 83 -58 -65 74 22 57 82 16 -70 94 -6 -73 -91 -12 77 81 -42 47 -20 98 -75 -5 64 35 -19 28 -15 51 12 34 -86 -74 -69 -70 76 95 -82 -10 86 -80 54 -78 35 -91 -42 57 -18 49 -14 -74 -48 30 39 -97 -20 -2 51 -61 80 -89 -34 -44 -5 83 74 -5 86 98 -43 68 -75 29 -66 -76 -15 87 -54 29 -13 67 8 -14 6 77 67 -96 -7 -73 -95 -67 -21 40 93 -26 8 -99 -52 -55 -1 -64 71 -100 41 -72 -78 91 -23 -79 13 68 -93 96 91 -37 15 0 41 40 -98 86 -71 -88 -12 -99 -79 34 -99 29 -74 29 -74 -26 -62 -68 77 -52 33 -53 98 -80 -31 -35 -54 87 89 -2 77 -46 2 87 92 87 63 -35 51 3 74 18 36 -5 44 26 95 -81 -1 96 -15 50 -26 -60 -21 -38 -51 -43 -38 -88 8 -83 -67 -80 100 11 -70 61 52 -9 -35 63 -78 -74 -66 -21 72 32 18 -72 -89 71 74 18 -22 -99 92 -26 19 4 67 -61 3 90 6 -65 -78 1 -51 -97 34 -84 8 19 59 -95 80 13 -45 -79 -17 -47 -93 45 -87 83 -79 -41 66 10 76 -86 -59 -13 15 -85 -85 -31 -5 -77 -98 -33 -62 -80 -4 40 -89 62 -56 32 14 82 -41 22 -42 -12 54 -97 -41 -59 77 -25 -41 -95 -88 83 -67 -1 100 79 4 -95 58 -56 3 -3 82 58 100 14 2 81 64 33 68 66 49 -88 -6 17 -47 -81 82 35 24 -41 -37 -41 -92 -58 62 87 -68 60 -76 100 -26 96 -70 -57 -20 -83 78 -16 -50 3 58 -96 -27 16 16 -6 92 28 -90 -42 86 0
38 35 -46 -84 -34 -50 82 57 66 -92 37 -9 26 40 85 -51 -70 97 5 86 91 -2 73 -71 59 21 -32 -56 -9 52 -24 56 49 -78 -23 -71 -28 -90 43 -48 -85 -35 -74 -24 -95 90 34 -9 39 67 -86 -31 21 93 12 7 -74 -53 92 -65 64 -58 41 75 22 -81 61 -8 -95 -28 74 13 -65 50 -76 -37 13 -29 -78 45 72 24 9 -74 87 3 31 -38 88 -29 -45 85 9 -43 93 -45 -67 -53 48 99 -4 64 27 -57 73 6 57 -9 -82 71 78 4 79 100 70 4 -80 -89 81 -2 -62 17 -90 84 -41 -48 -50 22 64 -56 94 64 14 72 87 70 -26 -7 -88 -22 -18 73 7 -94 -89 32 -62 43 -68 98 -96 -68 21 -61 -56 -66 95 73 -80 71 -17 -37 -72 -96 30 -95 40 -29 -58 -9 -33 17 66 66 -81 79 59 44 -32 86 -98 28 86 61 63 -16 77 13 29 10 37 61 27 -63 9 69 -81 -87 -56 -9 -25 14 57 43 -1 58 74 84 -13 -27 -76 96 -77 -80 -52 -11 -50 -11 54 37 -51 5 95 61 15 -73 89 53 57 -93 -13 -50 42 94 -52 -97 -49 -61 -9 30 29 29 40 19 -14 16 -9 -74 27 -97 56 67 39 9 92 -94 53 -4 44 -82 54 -47 -1 65 -84 3 -63 54 16 -20 77 2 15 2 -97 82 5 46 60 29 -74 96 9 45 -89 99 44 -8 91 -58 -39 22 95 -97 66 3 -14 32 65 9 50 90 -21 -92 7 -55 -15 -63 41 -69 -49 86 4 -67 -93 -58 4 39 -9 39 -75 -16 -70 9 -59 85 -69 -16 -39 -97 79 -97 -6 -18 66 -88 98 50 54 -80 -48 -91 50 -27 -100 77 82 -39 23 -58 -75 9 -96 56 20 78 88 -34 84 64 54 -5 10 -47 -38 -57 60 60 47 93 -33 -12 52 -33 -27 -13 55 96 -49 8 34 -83 -31 69 -21 -69 22 -78 -79 -16 -76 -41 70 -92 -65 -75 89 -79 -23 70 95 67 -3 63 -19 -66 -65 -60 -30 -64 -46 10 32 -69 -29 48 74 69 87 -87 -80 98 -99 23 67 -76 -19 -55 -26 -60 -97 96 -27 -91 87 0 -75 0 -21 -59 51 39 -38 44 62 -86 55 -4 73 -57 13 -90 1 53 40 -72 83 34 45 66 18 -32 80 -52 -85 -71 -11 -43 -12 -78 96 40 61 -24 11 -53 -2 29 4 18 -12 30 47 69 71 -52 62 16 88 26 92 56 -80 -84 -9 -61 -9 -13 -56 37
53 -65 -10 -24 -72 71 -30 79 40 -20 -28 37 -11 -69 -10 52 80 68 -82 43 62 92 -32 -38 -59 72 -53 -12 -72 -15 -69 -62 96 -96 -98 -30 -9 23 61 37 12 13 -94 79 7 42 55 -27 80 -11 84 -89 -29 -14 61 -28 -40 -81 -75 -17 -31 24 -28 16 10 44 -47 34 55 58 21 -95 53 -14 -5 76 99 22 65 7 51 72 85 26 29 -65 24 -28 -68 -35 99 -61 -43 45 62 -50 55 86 -71 -31 4 -88 91 30 69 -16 -84 96 -99 7 72 68 -67 -44 -72 0 28 73 97 37 79 36 -71 31 56 35 83 -100 11 -95 -35 35 17 81 59 76 -1 2 -16 -55 65 25 34 -67 73 5 92 75 17 29 -1 -29 -65 94 -67 19 -2 42 -72 52 -22 -47 66 -46 27 19 -54 -52 41 77 -74 -96 -4 -78 46 41 77 -99 40 -78 97 85 -32 -88 -52 -100 -11 -62 27 75 55 52 -50 44 84 -73 -5 59 95 14 -35 -9 -77 83 26 -22 -28 88 63 -97 -64 -65 41 -67 0 -26 72 6 -81 94 49 72 39 -53 -89 88 -8 -55 5 93 59 12 -76 100 -42 6 -80 -46 -48 54 45 -32 -77 -54 -82 15 -94 -15 -66 -30 58 -28 -97 2 -84 -88 -45 -11 -98 -85 36 -75 -66 -43 -55 3 1 -92 -64 8 61 -12 85 -3 -18 75 29 -10 68 22 -81 -61 -39 71 -40 18 -72 29 -45 -30 54 25 -14 74 -66 26 -69 -72 -91 49 -58 8 -38 75 -18 -96 -85 -68 -35 -90 -11 14 -59 30 -87 -66 -53 20 -30 62 -23 84 68 8 -79 82 -85 -100 0 53 -31 43 27 58 58 -51 15 8 83 -92 46 35 3 2 -45 4 -26 57 -99 -38 96 24 -29 14 79 -99 -64 -80 -75 -35 -71 40 -95 84 30 46 23 24 23 26 95 -61 60 52 22 8 7 40 42 18 73 73 41 -37 -3 55 90 33 -23 -93 33 -88 -45 70 -83 59 40 -73 60 29 -30 20 -45 -87 5 56 -51 49 0 -88 -31 52 -51 -23 43 -10 90 8 -68 2 100 58 100 46 -96 -83 -90 33 39 -39 71 -48 9 -9 50 55 -27 73 10 91 45 80 34 -32 58 26 100 24 -94 86 18 25 99 57 -69 79 69 53 -77 -30 30 -85 66 10 -2 31 35 -30 -40 -49 -34 55 -86 -68 -35 -6 -75 -93 -40 -56 -2 -42 -48 -64 36 3 32 -30 69 31 -48 96 -63 56 42 98 54 9 -78 69
67 -32 -25 -91 96 44 -45 95 -64 -71 8 83 58 -40 -87 -55 -8 46 -43 4 -28 5 -78 -60 55 20 70 -7 38 -75 -29 -65 -68 -82 -5 -70 -19 -62 37 53 -80 62 -70 44 -86 -57 -69 39 -63 23 -30 95 93 -14 -86 75 -48 5 85 -43 -88 41 93 -38 33 -92 -13 21 70 -9 -100 9 -91 -65 80 -69 -68 -31 98 82 67 -96 20 -32 -15 -44 64 -52 93 -50 -10 75 -38 -78 -90 56 -3 -75 -49 -9 29 -2 63 -67 -85 90 15 -16 -47 74 -50 42 -32 13 -65 -27 51 47 59 -100 25 50 -2 -92 85 54 -26 51 -21 -37 -38 15 14 -21 10 22 -24 -34 -70 73 -31 88 -13 56 88 -22 -2 4 96 -9 40 -56 52 -87 71 -60 -64 -6 -37 -94 28 -64 -21 41 8 -88 -4 -23 43 -43 -47 -34 -37 34 31 -66 57 -28 84 -37 -11 77 -47 7 -75 -23 70 -43 -19 -20 41 -71 -8 83 42 5 -56 80 28 -53 -68 -94 -72 -54 50 11 21 21 64 57 63 9 35 -64 -41 99 -55 -99 -37 100 15 59 99 86 27 -56 80 66 18 -96 91 8 38 91 51 11 75 -95 -6 -63 -66 -90 38 -5 -35 94 -62 -32 -13 59 -30 79 48 -11 4 -92 32 -26 76 -77 99 -26 -98 85 -7 8 32 -13 -44 -84 -55 92 -91 -32 -2 65 15 -87 -41 -69 -55 -63 60 84 73 80 81 21 26 96 16 48 51 -3 36 46 90 12 -99 -78 100 46 39 66 52 40 59 -30 89 -20 27 -78 21 -67 37 31 43 -80 93 -69 23 -46 10 27 -39 -58 34 29 -10 7 -6 6 -26 76 54 -63 -12 -98 86 -28 93 -77 54 -21 -75 33 -1 -25 -48 -56 7 -35 -21 -52 -45 81 -95 -31 -33 88 -89 -86 80 72 -82 68 81 -41 97 -57 7 -53 46 63 -21 -18 95 -54 -88 -10 -40 -6 3 99 -25 -87 50 -99 59 93 -97 15 3 70 -61 -25 -82 54 50 -79 -51 -72 11 -27 -82 -46 68 72 51 22 55 -51 -82 -65 50 14 92 -44 -56 1 -62 -8 -87 -15 -28 -5 3 -89 87 -17 18 74 -22 27 -49 -36 71 19 -43 -61 -69 -45 55 -9 64 59 -40 -12 31 -22 91 -1 -9 -34 -83 85 82 -65 -14 27 -35 60 -45 -41 11 -23 47 16 -40 27 -2 39 27 -73 -5 -27 -5 58 92 -66 -49 -53 85 39 -79 76 59 -86 -100 64 -51 -12 65 -91 40 -53 95 51 57 32
5 -82 19 -48 56 -67 85 -84 78 -72 80 21 61 0 -84 38 -3 -91 87 18 -58 -55 57 39 55 1 76 -87 62 -24 78 57 -94 55 83 78 67 60 -28 -90 -93 3 -88 -30 -37 -47 -89 -67 -8 40 92 -70 37 57 11 44 -7 24 -14 64 -23 32 88 -74 27 57 7 -90 -14 -11 -54 -61 95 90 44 -24 -40 28 -85 27 69 6 -82 56 75 -97 0 -69 -29 -58 -11 97 54 -38 60 -78 38 -76 63 -29 -47 -81 89 -76 -71 16 94 -17 -12 -75 88 -83 46 59 -61 -14 -67 -60 50 -67 20 -6 93 21 -8 -63 51 -11 -68 23 -22 99 87 -46 6 -80 15 47 83 -71 30 66 -5 -89 -42 37 -34 -45 -33 -66 55 -75 74 -39 48 18 21 69 70 -67 -96 100 55 58 99 41 -98 -4 1 -39 -15 30 -59 1 -41 22 56 99 -24 77 97 -36 12 -78 -35 66 -64 -50 -5 44 3 -6 -11 30 6 -58 92 -44 43 -62 -95 35 -3 49 -14 55 -11 97 -48 -56 -50 -20 -76 -34 18 72 40 -50 56 -83 -49 -24 70 27 -78 13 27 21 42 -9 44 79 -16 68 74 49 -45 22 -29 23 -66 58 -68 60 -21 -13 -60 -56 46 41 86 82 17 13 24 26 -58 -26 23 11 -19 62 -94 -75 71 62 92 -48 39 -75 42 -11 29 -91 -84 87 47 -67 -38 1 82 15 -33 15 -40 92 -4 62 62 41 50 -22 8 66 13 70 76 36 -93 -46 86 -77 81 16 -88 84 -97 18 75 -86 -98 92 -91 58 -92 -54 29 15 28 3 11 85 45 -22 -29 -90 64 12 -18 -11 -32 42 -28 0 -17 53 42 -93 -84 -98 27 14 37 -98 -45 -27 87 47 16 84 -27 55 6 -42 -93 -32 46 -52 9 56 -3 -23 43 -17 29 33 -92 49 -10 6 27 97 -71 15 96 -52 94 32 -53 -46 22 -14 54 34 80 57 -88 -93 27 -57 56 -85 -8 -72 -83 -76 84 17 70 51 100 -94 -25 61 86 8 74 2 -74 42 59 -63 69 -72 88 -20 99 -6 37 84 -57 69 99 52 -63 -90 -89 -20 -34 66 -65 -40 66 -37 90 61 11 75 34 23 76 45 -77 -82 -96 -59 53 78 -57 -63 -59 62 -36 -17 80 -22 7 -74 -29 27 -47 36 -94 -61 70 -34 41 -8 88 -73 -92 62 -9 0 -87 -90 -30 14 -36 -64 -7 76 55 -47 44 81 75 -31 28 -44 -99 -47 -35 6 -13 86 68 37 62 67
-25 16 -86 -9 -19 -23 14 25 13 -29 44 29 -55 -87 -72 0 -69 -73 72 49 -51 -43 65 80 75 -42 78 23 -2 -36 -58 -32 -65 73 -14 -18 67 -47 -50 15 3 21 -80 1 -94 26 -20 -88 48 85 -42 -9 39 96 -13 0 -8 -39 44 87 30 27 -16 66 77 -44 85 -74 95 24 11 91 85 -13 1 -38 -13 -78 -17 -44 54 -46 25 -64 56 -66 -53 -74 -28 92 51 25 49 -33 3 -4 80 -52 -43 7 -87 -15 -7 45 20 100 -25 8 -46 -8 -35 34 -68 -62 46 9 64 10 -19 4 51 -31 45 -21 48 40 -26 -6 -35 -35 100 -47 -67 40 60 96 28 -29 -60 -87 -54 14 34 63 -74 -57 31 -80 52 -62 95 -84 -31 45 35 -72 -31 48 -100 0 99 57 77 82 51 83 73 31 36 84 71 -3 -78 38 93 -24 -81 -69 29 -7 9 -49 89 94 -33 -8 84 -95 -36 98 23 -99 89 -77 22 30 58 -85 -49 90 -42 -22 13 -29 89 64 47 55 46 89 35 35 -13 -28 22 100 10 -50 -29 -49 -24 -37 66 -25 28 -98 -72 -61 25 33 36 -17 87 -49 -90 29 -85 3 77 -49 61 30 -35 59 58 -69 48 45 63 -77 -78 24 -50 22 -19 -91 89 15 -83 -100 11 -23 -10 80 10 -34 41 65 -52 77 83 12 -38 79 -36 -12 -76 31 -50 -20 54 -47 73 63 -3 -9 -1 52 -100 -68 34 62 -30 -7 -3 58 63 -50 50 64 12 18 58 53 95 -69 60 65 -92 -76 12 23 48 -33 -86 32 -70 89 45 12 88 88 -62 -90 43 46 -46 -24 -18 -70 72 52 13 -54 33 92 26 -25 6 23 -34 -12 40 -75 -56 -41 -1 79 58 -45 87 46 40 19 3 55 15 -74 25 -45 -31 3 32 -52 16 -63 94 37 -67 39 3 91 42 -80 -55 -82 88 -76 -53 -36 83 21 -93 -73 -78 81 -72 0 17 -75 28 -76 -28 78 -95 80 86 -42 -37 -74 -35 -97 -67 19 -1 -46 -65 -5 48 -98 41 -5 -61 5 -76 54 42 -47 -17 -59 55 -28 -19 -58 -65 -82 -23 -37 -90 -87 17 37 56 -99 47 97 -36 -32 44 -6 -14 -95 -68 53 -84 -23 -62 29 93 -5 -2 -88 -63 -73 -80 -13 -85 -12 -99 -24 -73 73 95 -15 -44 25 54 -10 35 96 -26 -4 49 12 -16 65 -87 -15 -9 -15 34 -71 5 28 -66 59 74 25 31 -22 17 56 -14 50 -54 23 -80 30 60 -88
-35 89 15 -11 -18 13 95 -32 30 34 -57 47 97 82 4 56 47 25 -84 -15 36 -59 85 -94 17 5 -28 1 98 -66 18 -3 -76 61 -65 48 15 65 -13 21 -82 15 -98 9 27 72 74 -7 -37 -5 18 24 20 34 59 94 -28 -15 51 -96 75 5 83 89 1 73 -99 63 51 -8 48 31 27 -90 -78 20 16 -50 47 -74 62 -86 5 3 -37 -23 76 -51 -28 40 82 -4 -16 62 -89 91 5 17 -79 -37 95 67 -83 -2 -98 32 30 -93 -56 -30 -5 -90 60 -100 47 -35 59 58 61 -13 29 16 58 -38 19 53 97 -93 -1 -78 -89 7 28 61 -44 -9 -92 52 -39 1 -63 59 96 -67 65 -55 -75 18 -74 57 -78 -56 91 -3 45 -53 -43 72 -10 86 93 76 -91 52 13 26 -49 59 18 -50 37 -60 -18 32 86 -37 41 60 -43 -99 99 -89 -3 -19 77 -80 -47 -69 -48 -47 -73 43 66 -96 98 28 -17 86 -61 -94 93 -99 67 -84 82 22 2 -61 22 25 36 -32 -82 16 -66 -51 19 100 74 8 8 -68 -74 -96 -9 11 2 -32 16 -30 -10 -19 12 82 28 -81 71 -58 41 79 88 -96 -51 -80 -40 -71 31 43 -88 -90 33 -22 -46 -52 69 -53 -26 73 -3 -80 15 -95 -53 26 46 -29 36 29 44 73 -18 80 47 100 3 -36 78 -2 -29 -92 37 68 94 84 -45 31 -67 56 -12 -20 56 91 -90 72 81 -68 -66 -83 -19 28 13 37 -14 -25 25 99 55 -64 -45 -40 8 3 -27 -90 -59 -79 -29 -40 -88 50 73 -60 66 -18 -64 33 -62 -4 -58 -97 100 95 -4 83 -38 93 -40 70 -67 -76 -100 23 -43 81 -29 64 60 94 83 -41 66 60 95 78 38 -94 92 19 -29 64 32 16 -14 42 44 -63 97 33 90 -61 -42 69 -83 1 81 -22 -69 -66 94 -6 59 68 47 -88 -45 -13 -57 13 -59 -47 56 5 17 -65 -77 64 -42 -53 72 30 10 -88 -83 83 71 -81 -95 57 18 -12 27 51 55 -73 74 -29 -76 -52 0 -42 -72 -28 58 99 -7 20 -5 -61 24 -70 58 -48 -31 -47 -38 45 95 -18 97 8 -41 94 -48 1 -81 76 4 -79 6 -5 -83 -32 -57 -72 49 -37 29 53 -52 -41 -26 56 21 -90 -65 20 83 93 -48 30 -68 17 6 10 -68 -31 7 -93 76 64 74 -35 -98 20 67 65 -36 -13 44 -54 97 0 -99 51 42 60 77 -39 79 -4
58 -32 -58 65 75 -33 -30 -86 -25 12 87 -9 23 -4 -12 56 -9 -8 89 -61 -57 -77 -79 44 -4 -5 68 -65 11 46 -10 29 -6 -75 -9 65 46 31 -44 85 80 100 34 -42 -51 26 31 -79 -49 54 84 98 -12 1 -68 70 69 -51 59 -89 -36 80 -62 -52 -2 -63 -25 -49 42 -21 -69 9 99 3 17 19 94 0 3 -44 83 76 83 18 -4 -39 -36 -93 -4 25 53 12 -68 -56 33 82 -35 47 -42 -94 62 -52 90 -71 -30 -18 -83 -57 -20 -44 32 35 72 61 -59 88 -23 -72 26 -55 30 33 51 55 3 44 100 -26 95 -15 82 -14 76 25 -93 -50 59 1 89 -49 -12 35 96 26 -15 21 -88 -82 -57 -33 -11 -10 93 54 68 -42 79 -62 -21 20 57 -62 94 -38 -51 -28 62 -34 50 98 -26 95 -15 -43 82 -40 -26 -43 42 12 10 98 37 -36 77 -6 15 94 79 93 -57 -30 64 -55 -67 -44 -4 -18 -4 29 -9 -82 -67 10 -42 36 36 -82 -4 -84 -82 -4 -71 -1 72 21 -60 -29 56 5 -49 59 -47 -26 100 -9 -23 -34 95 58 -12 88 -99 -18 86 44 99 -16 -98 2 50 3 17 -26 93 -23 -67 21 -87 -45 -59 86 -1 38 -85 68 42 -70 8 -14 -34 56 -75 -11 -18 26 -18 -79 89 -36 -85 -45 -48 83 3 14 -89 -7 9 -98 -44 -38 -67 97 55 90 -84 -13 -81 7 88 -18 -19 59 -80 -16 -49 75 92 -42 -45 -79 10 68 31 -45 -75 73 -16 -30 -28 -3 -89 57 81 21 -76 54 -20 -3 13 5 15 -38 54 32 -51 60 25 69 7 -46 39 -33 49 -9 -70 -1 38 -71 -79 7 27 -14 -8 5 40 59 -76 95 4 -87 22 75 -35 53 91 5 -84 -87 -86 -14 -49 -54 50 11 50 -92 97 -1 41 -14 3 -33 29 75 36 -16 70 -92 -62 -83 22 -85 -62 56 77 -56 30 -31 53 25 -82 98 -99 29 25 -49 -59 89 66 49 15 -31 -48 13 -77 -23 92 -15 -3 7 42 22 8 -77 12 -100 74 31 -39 27 -54 81 -33 95 89 72 -6 -97 -45 -50 -28 11 98 22 -12 20 15 -7 -80 -6 43 54 -62 -5 -2 98 -25 -55 47 50 47 96 -22 47 -51 44 45 -47 -35 -97 -34 -15 -43 2 3 85 68 -6 47 50 -45 20 47 -84 55 -89 15 68 63 17 53 -16 98 77 -92 66 0 80 47 -95 96 -12 -30 74 90 -97 -95 55
-37 -20 56 -77 -83 -31 -71 61 59 -73 -58 -48 -95 15 -52 -47 36 -67 -65 -2 -90 32 -72 -14 10 60 -61 73 62 -50 -14 46 -16 -8 82 -16 -86 -18 55 -64 42 -68 -88 -1 9 -52 11 19 100 -59 -82 -21 -84 4 74 77 20 89 78 -70 -9 -87 35 42 -67 59 -5 -34 53 88 -10 46 -17 -93 58 -94 -35 90 -37 -16 53 -26 13 -74 38 63 -87 24 8 -1 94 -42 68 55 -68 -62 -89 29 -63 -69 90 22 -58 54 -70 -98 -47 0 -36 -79 88 -80 2 -38 -38 75 9 -37 60 18 66 48 -74 46 30 -1 57 76 97 -15 -55 -90 -3 -81 99 56 33 53 -99 -20 -26 72 -44 -56 36 97 -16 -54 -76 -61 63 13 -59 -26 79 -30 46 -56 63 -21 8 -28 -63 -47 -2 -38 21 79 11 -57 52 39 24 6 -62 -43 -53 -36 -94 46 -88 26 17 -95 -85 -85 -18 67 75 27 3 72 -90 44 87 59 -16 90 -37 3 -35 97 -94 31 11 -93 90 10 58 -65 -39 71 57 82 -1 -98 22 54 45 -70 -97 -86 23 -98 7 13 -25 -60 29 62 31 18 18 -98 -37 82 67 29 -28 -75 -85 -25 -50 -70 45 35 -63 83 -1 18 85 92 -22 56 90 -86 36 15 -83 -47 -6 -82 -50 -28 63 60 45 -21 21 -67 -76 -49 -22 18 -22 -18 62 -3 89 0 -19 -96 90 37 -11 -39 97 -2 -55 13 -42 21 10 -35 38 -69 -50 -8 15 -14 -9 -72 -73 74 89 90 67 31 -43 -73 99 100 14 69 -79 38 -42 -47 -58 -75 -51 17 -34 -25 46 -91 -25 -50 -71 -5 -59 -42 -90 -41 3 63 48 45 95 33 -7 18 32 -48 12 -73 -57 -3 82 100 2 46 89 49 40 -84 3 46 56 -26 -99 85 51 74 61 -75 -77 -43 -46 -60 50 86 -20 -10 65 9 -23 -56 -92 -97 28 32 -4 27 -63 -11 78 56 12 78 48 69 -73 49 -40 97 30 -58 -61 50 12 -38 -79 -6 -89 -55 42 -73 91 41 -77 -23 -34 -34 -33 -18 -20 53 24 -24 -49 -80 2 49 100 -88 40 21 -33 55 73 68 -12 28 39 -72 25 40 -16 99 -93 -53 -61 -39 58 92 -72 2 98 100 -52 75 -76 -14 -77 -85 -68 31 -43 -85 75 91 -14 -15 -48 -85 -23 -38 89 72 32 -10 3 17 55 -46 -100 -58 -99 90 78 71 4 35 -59 16 -31 -85 62 29 -54 -90 26 -55 7 14 94 -50 -93 -98
-32 -53 -4 -75 -95 -6 48 -93 -32 30 -25 -72 39 -80 59 -77 -30 -35 -29 -64 78 49 72 31 13 80 9 11 32 -76 25 69 50 -62 50 -34 97 64 -73 -95 7 -62 -64 -49 -11 -97 -74 95 9 21 53 75 43 -27 86 60 -88 -17 8 20 82 79 -24 -39 80 68 77 51 100 -21 67 43 -27 95 -31 -93 -20 63 22 -20 -96 -21 -27 7 48 -52 -31 -93 8 71 99 -99 95 -31 -66 -33 10 -22 17 -66 1 54 63 -30 70 5 -59 -67 -14 95 -81 73 63 -16 -69 29 -54 10 -84 -75 16 -100 2 -68 20 0 -16 4 34 74 35 71 -82 30 -6 -68 5 28 -89 42 79 81 25 29 34 65 28 59 99 69 -30 -36 5 -25 -63 -93 -59 75 0 -100 -9 -91 -92 51 27 19 31 93 14 79 87 64 -61 54 -45 -11 -3 -3 83 45 64 -50 -39 72 48 -79 5 -3 97 29 13 -1 20 -5 -41 35 -98 58 -17 72 -100 -73 -46 -80 -60 -86 -89 -50 -17 22 49 -55 25 87 57 93 -78 -60 85 77 -48 56 17 36 73 37 31 -31 75 15 91 -20 27 31 75 42 46 16 23 -14 -8 5 -100 52 -50 3 -56 44 -81 47 87 80 -52 57 18 42 68 80 -46 -89 58 87 -84 78 97 -79 -47 -60 43 -20 -76 -12 9 -90 -88 -96 -21 -84 38 -20 75 85 87 -20 86 96 -9 -70 93 -2 23 59 -52 81 -75 -10 -69 -26 34 -79 1 -4 -21 -32 -15 9 44 -33 15 -4 -92 48 -70 50 -90 -1 86 -82 10 29 6 26 -9 -62 8 27 -9 33 -20 52 -51 -43 41 53 -76 -2 -39 34 -99 -92 80 64 -31 48 74 74 16 -100 -44 60 58 -22 1 8 70 -55 -41 46 -80 63 -95 -78 40 17 -16 61 -54 -20 33 -1 5 89 -38 -37 -75 -52 11 51 -73 2 70 86 34 -17 0 -97 9 -57 76 -50 94 76 -36 49 92 -80 -36 -89 -55 23 4 -71 32 -36 1 -90 -40 -88 69 -46 -43 53 56 -99 36 12 -6 36 -43 60 41 3 75 -62 -76 79 18 93 -84 37 -34 -39 -76 -22 -7 31 52 -98 22 77 71 91 -77 46 -13 15 -24 55 98 -42 -7 8 -88 67 -56 -89 91 31 52 -80 95 24 97 -5 7 90 82 -56 2 8 -74 -80 64 -55 -64 -89 -78 -18 44 -72 -65 -39 53 54 100 81 -40 35 -9 98 -94 76 81 -77 -89 -66 81 60 56 93
-22 41 -68 -26 29 93 -91 -35 -75 -71 -90 -83 39 -94 -15 -29 70 13 -61 -87 -31 51 -87 59 66 -75 52 44 -16 88 -95 -75 -41 -45 39 -64 -59 -68 19 62 -4 -52 -74 -21 -21 -18 -25 7 -66 28 -58 -98 -90 34 -41 13 -23 51 -61 97 63 25 81 -16 19 70 99 61 -68 69 -22 33 -71 25 20 -49 -33 81 -92 -4 5 15 0 53 -43 -54 6 -60 -89 11 2 -98 93 -75 50 -29 62 18 -98 7 92 -45 -97 -98 -76 63 -11 92 16 -92 -7 58 8 -33 -29 -59 -71 46 -35 -34 96 -74 25 24 15 65 -75 -43 -22 94 -78 76 38 -20 74 -73 51 55 -89 -2 23 85 72 -60 -15 -81 88 91 -57 -29 -78 82 -67 57 100 92 57 -23 93 -79 53 31 50 -8 65 -73 33 -37 -3 11 -58 75 -43 7 -1 -46 21 -83 16 70 -29 -99 -59 -59 58 -97 9 -84 46 38 14 97 12 -13 -44 83 69 -61 54 -82 33 -12 20 -3 -99 47 46 47 24 90 50 -98 -44 -60 80 58 47 -66 70 88 6 -15 44 -79 -87 -86 37 -72 35 -51 12 -7 49 -28 -5 79 28 -25 20 39 78 38 65 -75 25 -29 16 -85 14 88 80 63 15 -9 97 92 -59 43 -43 -42 36 -38 66 93 -99 75 41 -52 31 -18 47 4 -41 -73 -100 65 99 87 58 -27 7 91 -55 41 21 27 -39 88 -30 53 25 62 17 13 49 -99 -78 -95 83 68 13 97 -22 -98 -31 -95 81 -13 71 90 -46 -78 87 83 63 94 26 -33 -3 -24 -63 78 28 27 84 6 86 0 97 -6 5 -75 30 88 -33 88 16 3 -27 -25 26 16 91 36 -65 -31 -10 46 75 43 -100 26 -10 100 -37 -6 -52 7 -21 -19 -49 85 1 -4 -33 67 50 62 -99 5 27 -17 -36 -75 -15 80 83 -74 -17 99 45 70 76 30 55 50 -52 -58 15 43 75 99 44 -77 -97 61 53 35 -87 61 -43 -13 -27 60 25 -48 -32 -16 96 34 19 13 94 77 -31 -71 87 100 12 60 -88 -95 -70 9 -83 92 -33 -36 -49 8 -63 -13 70 15 -27 -68 -51 -25 -30 36 39 -30 -24 95 -96 90 93 -33 -64 51 -100 -32 88 -49 49 56 -68 -9 -67 74 -43 100 -6 23 100 18 -40 99 34 -49 46 16 -16 8 -96 -99 30 -84 28 -21 59 -85 -27 17 1 -85 70 -55 77 -56 84 -17 -39 -34 25 -38 -55 36 -31 -30
78 -3 -9 -2 -87 -35 30 -77 -5 15 -18 86 -16 28 30 11 -25 -44 98 87 -90 -38 83 95 38 -25 63 89 23 65 100 -20 -94 31 -98 -96 -84 30 96 18 3 89 1 -32 -82 92 40 52 -38 30 24 66 -87 -68 63 29 4 77 24 -61 -28 44 42 -86 23 -58 95 -22 -86 78 -96 86 -81 19 48 57 32 -55 4 -92 -13 1 -5 -91 89 -33 -24 85 26 5 -83 97 -86 -73 88 -99 56 78 75 -51 -83 90 8 -63 5 95 62 95 32 -24 18 -49 -29 -97 47 -35 73 -17 -89 33 -53 -52 80 97 -31 -82 -67 3 -17 5 -45 -71 -11 -65 -81 80 8 -58 84 46 75 -53 5 78 86 -34 37 -27 -23 94 -69 -63 -96 -85 -17 36 11 2 6 -100 -49 12 6 -8 -49 -88 -98 31 -33 20 74 -49 22 -18 -93 64 -87 1 -25 69 13 97 57 -28 -97 58 92 3 -44 -42 23 95 -4 82 -75 29 -84 37 51 -75 -11 67 52 -96 36 -58 74 78 33 -44 32 85 100 -3 -47 -51 88 -25 -23 15 -71 21 84 -11 -62 -80 56 12 33 -63 -32 94 -68 -20 -96 85 -84 42 4 51 -32 -38 -28 -59 60 8 -34 82 -17 -54 -54 -23 -71 -23 34 22 34 43 -86 16 64 -94 -59 10 -93 22 -85 7 -93 22 64 -94 -94 18 17 -54 -62 -12 48 53 -67 -13 20 -1 93 -63 -93 73 -99 33 -40 -48 91 -33 28 -38 -58 16 -30 97 19 59 17 92 -55 20 61 -52 87 -89 -93 -83 64 93 -7 -1 -50 -59 60 27 59 22 31 -7 23 -82 -43 -70 85 91 -53 17 81 15 78 82 -19 -60 -37 -24 -77 -95 36 -93 47 -3 90 -87 98 -30 -55 -99 -56 -50 -15 70 34 -6 -31 -17 55 -88 3 46 -63 -72 31 9 73 54 8 -48 42 39 70 71 10 83 99 -25 85 -38 59 -95 -90 28 78 65 4 -6 -64 -37 -69 -67 -47 98 38 89 90 -68 55 37 11 3 33 -4 40 81 94 -72 -23 46 46 30 -85 94 85 42 -2 -56 -59 15 9 -83 96 -37 53 73 -100 24 -51 -62 -12 23 -47 -57 70 63 -43 53 -98 6 76 32 -39 3 3 36 71 -54 -42 8 -51 8 -81 24 -99 -96 -36 -33 -72 37 75 -50 90 43 -78 24 82 97 54 -97 19 -18 75 -4 12 -4 -82 54 43 89 -76 -48 -72 -77 -13 -7 -61 39 40 94 23 -60 -86 97 -18 -99 25 14
-96 9 -51 95 72 -100 69 87 -48 -17 -43 -29 97 -24 -73 49 44 -34 -100 74 56 -83 63 -94 30 -45 51 45 59 98 -95 -39 -73 -72 -93 -47 13 76 -41 -10 67 -94 75 -19 -84 56 -12 28 -77 50 62 -72 -47 -86 74 3 43 89 57 54 -48 58 15 -72 71 -76 -19 38 95 21 -82 -6 -70 29 -78 -78 61 -30 -40 9 6 -81 22 -40 26 22 -76 -26 -79 -75 95 -25 49 99 80 64 4 51 -86 21 -20 76 52 92 -65 -43 22 -57 -71 19 84 98 57 27 -11 -64 66 -50 -87 28 -92 72 -19 59 22 31 73 89 48 73 46 -67 29 65 94 21 45 37 -97 -17 -33 -92 24 18 96 -45 -45 48 92 84 -6 51 62 41 -49 -5 -52 38 -28 16 33 -43 -84 -33 -96 95 31 -1 -39 51 -68 42 95 -79 -10 83 -86 59 35 -34 -68 48 29 -54 91 -32 32 -86 68 35 -46 -28 51 -18 -73 59 -22 45 -93 -13 34 -49 -75 -66 95 -60 79 -58 78 -8 -84 96 -87 -66 89 85 81 -80 -81 40 48 -5 -87 -12 22 18 -83 -83 -66 -53 -93 -50 -77 63 -73 -91 -19 32 -45 62 8 0 40 -95 -66 -1 -24 5 -98 -10 12 49 87 -16 -56 75 30 -91 38 67 33 23 -87 95 -39 -78 73 -33 39 -48 -27 4 -70 -9 15 83 -72 91 -2 83 19 51 -75 40 -42 68 -48 15 -18 52 15 -37 -76 65 64 -77 -14 -84 61 -75 -99 -13 63 24 53 40 -26 -97 95 -72 -53 58 16 21 85 -44 -37 75 -60 61 -46 -1 -34 8 34 31 -94 -53 -41 -59 -40 3 79 60 -74 -42 28 53 6 64 78 -89 -74 -9 97 -90 -79 78 -69 90 -75 -62 -6 0 75 -79 28 0 18 7 -52 -80 66 31 76 28 -35 53 20 -34 12 13 82 -32 -59 94 24 -77 95 -75 -56 87 -45 -96 95 72 -59 25 31 55 11 -4 -96 -2 -41 -43 -6 82 57 51 -6 40 -90 -64 13 42 -73 -50 -41 -74 80 -48 32 -99 -46 -38 89 24 -90 72 -31 -99 30 -78 -54 40 -85 -41 37 -20 64 -25 27 -11 -29 64 -32 -53 -9 -59 -9 -22 -98 -32 3 20 -93 -32 100 17 -89 -6 10 51 62 79 9 98 43 -89 -3 -39 -16 -14 92 -20 62 -22 45 -70 21 15 100 38 62 96 68 89 -96 -15 65 -100 46 97 82 79 -93 46 -78 -75 -37 -81 20 -30 -72 93 -31 -30 18 13
34 32 7 -81 67 61 32 63 52 91 -1 69 50 -65 7 -97 71 4 -73 -55 16 98 -72 45 -8 -55 -68 -71 -74 -49 55 -56 -91 36 0 85 -28 -2 -92 6 -71 48 -71 -89 3 62 -6 -54 -43 43 -16 -66 -11 0 50 19 61 -35 35 -21 52 -98 42 46 -56 6 31 48 21 -58 74 -58 67 -12 6 -92 39 57 -73 10 -4 87 -39 27 -76 16 20 11 -98 -46 77 93 55 -96 47 58 -46 44 -15 73 13 -56 -81 15 -80 46 77 -56 16 30 -71 21 37 -82 -84 -17 -14 89 -25 -56 -69 25 -100 25 -95 -87 15 4 -70 -5 73 -21 -20 21 100 0 12 57 79 66 54 -32 50 29 28 -14 -98 59 -75 -64 18 63 42 -85 -51 88 -51 87 -12 33 -6 27 -94 5 68 87 -73 -96 -49 -16 68 -2 83 -6 63 6 60 -56 88 -98 19 -64 90 66 -16 38 51 -89 -80 83 -61 -71 -78 -38 22 -55 73 5 43 -44 34 -71 22 -49 68 15 54 -47 43 51 -14 -89 65 60 -80 -51 -73 62 -44 54 70 86 44 -42 -87 -79 -9 63 24 -26 2 -77 32 49 -70 -40 -85 -88 16 -60 -91 -56 -35 98 16 -61 -98 87 59 89 64 -88 68 -75 69 -67 -27 -56 -25 -69 -79 -55 -7 -91 7 72 50 -60 8 -89 -14 55 10 47 51 -94 -65 -84 -73 -29 75 -68 -71 -61 -29 -94 -56 98 -53 99 -59 28 -17 -87 27 -82 -64 -27 66 48 -72 85 88 66 61 57 -32 -31 83 92 -78 49 33 -57 50 -41 -93 95 -61 -92 24 -36 41 -74 18 67 53 32 98 -6 27 22 79 -87 -70 -70 97 -14 66 38 75 68 -100 -52 10 73 35 -4 -8 99 -53 -69 -33 -24 -37 -31 19 28 -43 77 75 -68 -62 -13 74 30 -42 87 22 74 76 91 -14 -57 -5 -5 32 -70 -19 -50 -49 -15 -89 5 13 89 -45 -63 -83 -68 -68 83 -56 -4 11 -21 -69 75 97 -21 15 -90 -33 -48 67 98 -87 -23 45 -71 84 95 40 -12 61 65 -69 -31 -49 -5 59 -27 47 75 47 77 86 91 -54 19 74 -47 38 73 -57 90 -94 -53 -64 -35 100 10 60 82 -24 6 86 -32 50 -95 -74 5 42 -42 -34 60 63 62 65 70 -51 -98 82 4 24 71 -30 56 -9 -95 5 14 -27 -44 49 -12 -81 -17 -23 -93 -11 89 2 -35 84 -80 45 59 55 -53 16 -34 52 69 2 -78 77 -97 55 29
25 -41 -95 79 -17 -65 85 -72 -74 75 70 -39 78 -5 31 53 -78 88 -13 -57 88 22 73 -97 -90 -22 88 73 -70 88 -77 2 4 75 -13 12 28 99 -25 -26 -25 72 -69 71 8 21 -57 -64 -18 -17 0 -13 96 22 95 -4 54 14 77 73 -33 -10 -50 19 -99 34 -68 -24 65 -16 -58 -81 40 -40 80 -34 61 99 -63 -87 -56 71 59 -66 -50 -3 -46 23 19 -49 -74 38 -8 -96 -10 72 -94 95 -29 -32 36 53 14 -99 -81 -26 26 -33 87 64 -94 51 -100 73 -44 -20 92 46 69 -5 65 -81 -83 33 -50 -29 -36 49 55 -98 49 27 75 78 71 -44 -38 -9 41 31 -2 3 -73 68 67 -59 -61 -92 1 54 31 -17 -30 -60 26 -23 63 -98 87 55 70 79 59 64 -34 31 -21 -37 -26 61 -46 65 -34 -79 23 -91 -56 -2 47 79 49 -47 -23 -52 -60 26 2 39 62 50 -44 -98 61 78 -30 24 27 75 -66 -96 -93 60 45 -76 -15 -55 27 -25 25 -89 -77 59 -10 -3 27 -12 26 28 32 -13 37 -72 94 67 -89 16 96 -94 45 57 18 -57 79 95 68 -100 -82 -84 60 63 49 -33 100 -23 48 -14 27 -35 34 36 -12 -73 -99 -99 90 -97 0 -21 48 -51 -10 -45 21 -82 91 71 41 8 -67 59 74 -87 -60 73 -93 -31 7 -55 47 24 -57 14 62 -85 82 9 -40 44 68 10 -99 -64 -87 69 42 -53 89 65 -86 38 -59 77 3 16 -30 9 -63 -29 13 -2 -1 -22 -94 9 -73 76 19 73 14 14 8 34 -94 -10 15 7 -24 -21 18 2 59 -53 -52 -33 80 -24 -86 10 87 0 24 86 98 -85 -56 -15 -84 -54 31 51 40 71 -97 2 81 -98 -49 82 -32 -2 -50 -18 59 19 -97 26 -33 7 49 76 -99 37 -52 -96 15 -32 19 -4 19 -49 91 -72 36 -56 82 -30 72 26 -30 -51 16 3 33 84 100 76 72 -63 40 -12 82 45 -8 -97 61 19 74 -81 74 87 -47 -79 61 79 54 10 -78 -86 -13 -15 70 -83 -92 62 23 55 -62 86 -20 92 -60 -16 51 9 -53 40 -13 72 89 86 61 -28 79 6 51 -4 84 -75 -59 5 66 94 52 7 51 -2 -19 5 89 38 36 72 2 27 4 15 -26 -60 -34 -48 -53 -94 -71 24 -13 -15 39 99 80 90 37 91 -52 -17 7 -43 76 31 -95 100 72 -62 -34 -18 -77 -82 98 74 -63 2
79 27 3 62 -6 -61 84 27 48 -82 -68 74 -51 -16 65 -13 -20 56 81 -73 -72 -65 37 17 -24 20 -21 15 -62 -36 -18 73 41 -80 42 74 -58 -93 5 -47 -92 -12 0 -52 30 6 -41 77 9 -55 99 -87 11 -1 36 -54 16 72 -95 10 3 -28 -76 73 68 27 -20 32 22 91 75 -34 90 44 -82 -21 -76 13 44 47 -28 8 74 44 26 83 -37 41 -80 14 43 -63 -65 42 -15 -58 2 -90 93 -3 -50 5 13 2 -3 94 -69 -42 -20 9 68 31 -27 -38 37 46 -51 65 -69 -22 -72 -40 -18 42 -22 -92 35 -48 21 -93 81 49 48 -1 -99 -5 16 -16 -30 3 -62 -14 90 -80 -97 25 -58 29 50 -37 46 -2 -95 24 71 -95 -59 -79 46 -76 -76 -56 24 54 87 -56 -89 99 -31 -76 -83 -59 -6 44 37 -64 -31 88 -56 -29 31 61 41 11 -60 68 -79 82 60 28 16 26 -18 -74 88 -11 -67 -48 1 21 -37 -71 44 17 45 22 -70 31 -99 -25 -19 74 -30 29 -81 -13 -9 -26 50 -85 87 5 69 22 -42 52 94 57 71 27 -40 82 -79 25 3 -77 -8 20 58 49 24 55 -6 13 50 52 -45 11 -63 3 91 -44 90 -24 -85 -99 -61 13 -26 -42 42 -98 90 35 -37 -57 -97 14 -28 -67 -54 13 90 91 -34 -32 -10 -50 -72 -61 -23 -33 92 -87 12 2 -96 -91 -15 -78 -46 -77 -53 15 39 11 -57 95 -10 100 -47 -44 86 46 63 -92 -2 51 -80 4 -62 86 46 -4 94 47 -47 3 57 88 24 -32 -29 82 -30 -78 59 -43 -51 -85 23 81 95 -91 -96 15 -92 33 -62 -80 -73 40 46 54 -12 43 -44 10 62 -26 -71 -54 -74 2 100 32 48 40 -80 78 5 17 50 -30 79 87 27 96 70 98 36 -74 -23 63 -75 47 74 -89 -46 61 -94 100 -61 -34 -72 -77 -71 75 21 48 57 29 46 79 12 -91 -67 87 -94 -99 -26 99 40 64 -23 38 74 33 -72 31 -89 -24 89 12 78 -67 24 -22 -8 -52 -70 64 30 -32 -81 0 -75 -72 3 22 44 -84 -59 16 -9 77 89 28 88 93 -15 13 -60 62 -81 35 -66 5 51 -76 -48 62 -44 -96 22 25 -13 1 95 -41 64 66 -100 27 18 80 29 71 -82 92 100 74 -14 -68 5 -57 1 -43 67 -59 -43 95 -37 -45 1 60 -25 86 -78 -35 -90 -59 44 57 -25 -26 -3 -72 -49 -5
-87 -72 -69 -22 60 -52 -70 -95 29 -97 100 54 -66 -62 -97 -49 -54 26 -19 15 52 19 -43 -88 55 14 -55 -77 15 -42 48 59 -82 -80 74 7 -51 -91 -55 89 44 25 14 71 -71 9 41 -85 -16 -43 6 -17 49 -23 15 61 29 -40 -35 65 30 64 -81 -63 -82 -73 -99 -99 -13 91 77 78 52 -56 -53 63 -57 73 75 9 -66 -93 88 23 -48 -91 -30 -21 -39 -21 73 -6 -13 44 54 11 -42 -90 -81 5 30 -95 -75 22 -36 -57 3 -32 -7 -44 -67 93 33 90 95 -52 -59 -51 55 98 61 -47 28 19 93 -26 27 -86 8 21 -13 -22 -41 54 -71 72 11 61 -50 96 58 -59 88 16 70 27 2 26 41 -8 37 -42 -100 -23 -41 -67 -77 -79 23 38 99 -60 67 -64 46 -43 6 29 -75 84 -54 -56 94 -34 -89 14 -24 51 -58 60 -56 -59 89 22 74 98 -28 -17 73 64 -34 -48 26 -57 59 -42 23 -9 -20 60 -68 20 73 -89 47 58 15 22 -61 -6 -43 68 -90 -79 100 28 47 -13 -11 -9 98 51 14 -31 -10 71 87 97 85 60 -82 -61 46 76 64 78 23 -4 -94 49 12 7 -72 -53 26 -87 39 -19 51 74 12 88 -60 85 97 -67 51 -88 -59 70 -57 -81 63 70 95 68 -92 25 100 -36 43 -11 8 -23 -23 2 70 8 93 42 -62 -25 41 -53 22 -73 -28 -11 43 2 -44 55 -39 67 73 87 -99 -7 -32 47 -19 -18 -34 -85 -50 68 66 -30 60 -98 -50 73 -16 51 89 100 -79 -81 -36 26 -28 -17 45 30 89 -45 65 67 24 -60 -67 -24 -41 75 60 -32 84 74 -36 12 -100 71 28 93 56 -2 99 39 -5 -77 -10 -76 -61 -71 34 22 -13 -43 72 -69 -99 38 -9 -41 -2 100 4 80 76 -29 -50 26 -27 75 92 40 55 8 13 74 -1 -85 7 -17 41 -90 45 91 23 -38 -58 -54 20 -24 -24 -44 82 -74 -100 -98 -93 -72 -35 65 85 56 -18 22 3 -65 -85 -58 -26 -66 41 65 -49 -57 -92 -11 30 92 -63 7 39 -37 80 -91 -65 0 -35 77 -68 -23 64 -35 42 -19 -76 -1 51 -17 1 -1 90 7 50 9 92 -21 -10 -65 -56 -13 -36 31 -68 -12 64 86 -8 85 1 0 -93 -5 -54 43 69 82 93 -66 -27 -20 -70 65 45 80 -52 -13 -1 -3 -44 -36 -56 -99 -38 83 -98 22 -75 30 6 -10 -86 -48 -38 -53 67 -96
-18 11 63 35 90 97 -40 51 94 -50 26 33 -70 40 13 -20 92 72 -71 68 -98 15 -49 -85 -2 56 22 -25 93 83 87 76 -78 17 17 -25 -19 -17 50 -93 54 -79 -100 67 -85 78 11 -53 -88 95 -55 -64 42 -78 95 -62 45 -26 23 81 40 3 70 27 59 45 -100 -97 -76 -39 46 -11 6 51 95 2 -21 -26 44 -25 76 -27 -41 80 -62 64 85 75 20 -100 56 93 5 -39 -33 -26 29 41 -69 -34 50 -6 -51 -51 -7 -51 -7 -72 11 49 -56 45 -91 79 -19 -37 54 -90 -36 53 37 -5 5 24 65 -42 8 -91 52 59 -91 -91 -12 -71 -53 -69 0 -31 58 -20 58 97 77 -42 -16 -87 13 3 84 71 -29 -16 -40 27 19 81 -94 -37 -18 96 -56 -87 27 16 68 -36 -36 -76 59 -74 81 9 19 90 69 -24 79 5 44 -68 60 -52 -62 48 52 45 -30 -29 44 18 -76 -11 -29 -25 -49 43 30 -49 97 -82 -34 -26 -12 67 -3 -20 -44 43 -46 -61 26 63 91 82 23 -65 14 -27 -86 -88 15 -60 25 -28 -21 -20 -43 50 -12 33 -57 18 -60 81 93 67 30 -88 90 -41 -76 -75 16 -52 -87 72 -92 -27 -86 92 -99 -87 -89 15 31 -92 23 -57 62 36 -90 -30 31 -29 31 52 -84 -11 77 -91 -21 66 42 -94 48 15 -81 23 75 -49 -80 -31 91 8 -80 21 99 33 -3 -32 80 -3 -40 11 -53 77 98 79 -82 -64 -14 -82 -55 -74 38 17 80 -41 -71 -55 -29 78 15 -28 -97 -6 -95 -83 -59 -27 -100 -20 -80 -8 29 17 -17 -8 25 -55 -16 94 -24 -100 -57 -17 -52 66 53 56 18 13 -9 -66 -88 -29 -53 -32 3 -89 -1 42 -46 -23 -7 -60 -70 -11 -79 2 13 -8 -64 -9 -73 78 -49 68 46 92 57 70 -12 -90 12 65 -52 100 34 13 77 -27 -89 88 9 73 -13 -65 72 2 -85 30 -6 33 -61 51 30 8 24 5 64 36 -45 -19 -50 15 75 -69 -40 51 -3 -96 -71 69 -24 -83 -75 -50 -50 61 70 -58 67 -19 55 -33 100 -8 -56 25 83 16 -14 -79 -80 -91 44 -71 90 -77 44 79 -17 76 59 -18 83 -43 -86 58 -84 39 -25 -85 60 -3 82 86 -99 78 73 -69 -75 -16 -24 -17 4 -4 -48 -81 79 -49 11 22 -54 -98 -28 -6 22 48 -7 63 -84 17 -57 -36 -49 -75 -83 -96 -93 7 -89 -62 -23 83 -98 -55 -26 -38
58 -11 39 -52 -25 -70 -84 80 25 -68 73 -50 30 -72 -87 -84 -73 -26 -99 -65 -20 74 58 -93 17 -100 -21 -50 -53 -31 -52 66 -64 -5 41 91 20 45 -3 74 -44 -51 -90 42 -59 17 10 -77 -9 -85 91 -37 -88 32 -68 -35 53 47 19 21 13 89 -37 -19 15 -74 -78 -73 81 -21 -44 -82 65 26 24 -90 76 4 -17 -82 -56 94 -14 55 -38 7 77 -32 -67 31 -10 -68 -39 67 25 -38 -44 -99 -95 62 -84 63 29 -61 -22 58 -40 94 -84 63 7 -18 89 85 26 -40 -85 -6 -65 43 -90 93 8 -35 34 0 -96 18 8 44 73 -75 -27 -60 -36 83 72 -82 44 77 -64 86 76 92 97 93 90 8 -34 -43 71 -93 -79 88 -30 -54 -8 -79 -53 -95 23 34 25 -24 91 29 -29 80 72 24 96 -38 -37 -33 95 84 12 -61 -44 -80 26 88 0 -93 3 -51 53 94 -97 41 -40 -72 -77 -58 97 48 -94 14 -10 79 -94 34 83 25 24 -41 -77 -75 -91 -60 -11 81 32 -43 -62 -55 41 -45 41 -77 -65 53 -76 33 -55 83 43 -28 52 89 16 26 -12 71 -60 -6 -86 15 40 15 -83 -57 80 -57 80 -17 64 75 53 2 50 52 9 41 44 -72 7 -24 -14 -74 -63 -32 100 -64 -34 -62 -54 -94 8 -80 28 72 21 -75 -65 73 -93 -39 -89 -74 43 100 -52 -70 16 82 54 -82 -58 -35 31 35 35 41 89 47 50 -18 94 58 67 19 14 40 42 45 52 71 -97 -76 -25 1 -22 -43 -72 -49 -64 -57 -57 6 14 -5 67 -76 -74 -57 -86 26 74 -74 77 -42 65 90 62 -58 -35 -66 -38 13 29 54 57 73 -28 58 21 -46 -50 29 87 -39 -95 97 85 -46 -2 -10 -26 18 37 -98 -16 -31 88 -5 76 -95 27 -92 -24 -2 85 -31 55 -28 -2 79 -5 -54 35 15 -73 99 52 -49 -20 6 -91 -49 -45 54 0 -36 54 96 -56 -83 -82 94 95 96 67 -55 7 -49 -59 78 7 -91 -97 -17 -51 93 6 89 -68 -3 26 98 68 -54 95 38 28 -52 44 -68 -10 48 7 36 52 -49 58 -71 31 4 -50 39 -13 63 13 35 46 51 59 -84 -16 69 31 -100 -9 25 -57 -11 75 99 -42 62 -2 93 9 6 -1 6 -9 75 28 80 88 -7 -56 93 -15 -33 55 -60 -74 -53 -96 -84 31 0 -61 67 65 -43 74 56 -91 20 42 13 90 -51 46 -29 -47 -83
-87 -50 99 90 53 3 -94 -75 67 -8 71 -84 -60 20 85 -43 76 -65 23 51 37 33 79 -22 51 97 22 -27 65 92 -81 91 68 -34 96 55 71 -84 -6 28 -77 -81 -83 -79 -76 -53 -19 -47 19 17 2 -37 74 77 -55 -48 36 35 23 3 -43 0 13 71 -96 -95 42 -86 84 20 20 29 20 -12 86 -50 65 -44 40 -60 -39 -69 -57 -5 27 -90 62 59 5 30 -99 -50 -30 -54 -49 -10 1 24 -11 -12 14 29 25 -88 29 -70 -87 -70 21 -66 -47 14 86 -78 30 46 84 -52 -66 -3 64 -59 43 98 77 -54 -17 41 -72 58 -26 19 41 -85 30 -50 -83 95 51 -49 -8 75 -71 4 65 82 26 96 -73 43 -42 -33 77 76 -53 56 70 48 74 -34 7 88 3 -47 -1 -47 53 29 61 88 -36 -52 -23 45 33 -20 -71 47 77 43 32 59 29 -32 -7 -13 59 -75 -86 28 18 32 -38 -59 -93 -20 -90 -51 21 19 62 -47 -50 -55 -3 60 -72 55 21 -15 -13 -20 78 0 37 81 -67 -35 60 33 50 -37 100 -57 98 25 -6 7 25 -89 -23 89 36 -24 28 -61 -89 -85 -31 -1 19 92 16 7 68 -62 31 36 -42 -18 82 15 -78 -69 -87 -98 -62 -78 29 -20 -92 36 -81 -98 29 17 41 -90 -21 63 65 -72 32 -71 -60 -18 -30 -67 23 45 22 6 32 -30 -41 -30 28 -80 -28 -73 5 -69 -53 -19 -44 96 -5 -42 -5 -21 83 56 -68 30 22 -5 -48 55 -49 -19 -72 13 76 29 21 -94 -16 -60 92 64 90 -18 45 99 -98 10 -45 87 50 -13 -98 52 -1 -8 67 -42 -25 -83 54 54 -25 37 5 -33 10 -10 -69 37 -39 -28 -51 -8 -25 -70 94 34 -23 36 52 -50 66 -11 -62 60 98 10 71 6 60 -68 39 34 7 -71 18 35 -89 -11 65 -37 87 -89 37 -22 42 52 -37 15 -1 19 -99 12 -34 62 -53 22 6 -49 41 27 61 66 35 -17 -38 -41 -21 -19 -38 10 -87 -49 -44 28 -78 -34 100 -35 24 -10 62 -98 -88 33 -31 -51 38 88 -34 31 -15 79 88 -71 -54 54 2 53 60 -93 -41 9 65 30 -65 44 -74 75 45 -82 -99 66 -35 -50 -92 41 -12 96 49 -3 59 11 -28 -95 -18 -74 -95 86 81 48 3 -92 100 61 33 82 19 -98 -97 -59 92 77 -49 2 -89 37 -33 50 -71 -48 96 41 35 -16 38 -12 -97 -84 -17 43
58 -54 -12 -24 -77 -38 -40 38 30 64 17 61 45 -94 75 89 -43 10 -43 -57 58 70 8 89 34 -57 84 -46 90 -19 -90 -83 73 -77 -25 -19 36 -67 7 -3 92 -98 -55 -43 -44 -15 68 90 -3 -95 -66 26 64 -69 51 -43 -58 -92 97 41 -55 61 33 60 -96 14 27 16 21 -8 70 63 -65 -95 -45 19 -47 75 -31 77 36 15 -26 -74 67 -50 15 -19 -4 78 -74 61 -43 50 2 1 12 -100 70 -75 51 -95 -54 -12 -37 -33 51 74 -94 -100 -68 46 3 91 -33 -3 -92 90 33 57 -15 11 41 4 -55 -34 17 71 -25 -15 17 -36 -49 29 89 1 11 -97 98 56 85 35 -5 -19 -7 -32 52 22 93 -40 96 7 -73 -99 84 -42 -76 -24 57 -4 -11 -88 26 61 93 42 -89 -26 -92 37 -79 55 23 -56 95 -89 63 17 -31 44 37 -70 -11 87 52 72 4 -13 38 -58 10 -43 7 -14 28 20 64 -85 11 48 7 71 20 -40 -20 -66 -91 95 77 94 64 -32 -72 -7 38 58 -55 -42 -49 5 57 34 -12 -30 96 69 -71 -94 -21 -59 70 -89 -29 -33 -96 5 56 -77 19 56 42 -24 99 -13 69 -46 -28 20 -20 86 -17 39 42 63 -97 97 70 87 57 19 30 -65 95 78 -74 -54 30 -37 41 64 -87 67 98 -80 56 -96 15 -54 69 -60 -36 37 91 83 -58 71 1 84 -73 52 -64 -34 87 94 -84 -78 16 24 -86 -64 37 -25 -49 6 -69 44 49 -57 -1 0 -43 82 55 94 88 69 33 46 96 51 20 -54 24 25 -67 -53 15 -18 -43 -9 -88 -55 -40 26 28 -21 -90 86 -23 11 -18 -45 -62 -79 -2 -25 94 -80 12 11 -63 36 -28 -99 -7 -40 42 64 -27 82 -53 -100 1 76 74 44 6 82 19 -100 100 61 -96 -26 87 -57 3 -80 0 -42 89 75 -89 52 -16 97 42 26 66 32 -15 -22 -57 74 48 85 -21 -19 18 -12 -92 49 47 3 72 -18 35 45 -49 -18 -1 99 -64 63 -37 -10 -81 -61 -90 -5 71 -51 -39 61 9 11 81 -56 -94 -33 -52 -32 97 1 46 -67 -6 97 -85 79 -83 -25 -64 -70 -48 42 -42 -14 -58 -67 -44 -87 -7 -2 31 68 -84 -74 83 96 51 -72 6 83 16 26 15 3 -88 -25 24 -48 0 -26 -48 25 6 -78 -34 77 -16 -40 -90 49 -39 -39 40 -31 -67 -59 57 -53 -11 -38 66 -57 88 28 19 -41
-42 -73 -19 -10 -50 15 74 87 -77 77 -34 -38 -34 -94 11 -59 -12 22 82 75 74 -56 69 -86 68 -87 74 -97 -22 12 98 -68 34 23 -99 41 33 -89 -83 -11 48 26 -94 -53 58 -67 -64 76 -3 1 13 -18 99 -30 9 11 -29 43 -68 32 -13 6 53 31 -100 0 29 -52 19 77 -58 65 -92 9 32 -62 72 -38 -73 58 -34 -99 92 -81 -71 -32 56 16 4 -46 -52 2 89 -43 -4 14 -69 -96 15 -49 88 47 -64 -33 31 -22 -79 -48 -21 29 40 29 100 33 52 87 -56 -89 3 -59 80 73 -64 39 -100 82 -40 25 40 5 -15 49 37 -12 -37 -38 74 -23 -15 76 -34 -19 70 -41 -41 28 -68 74 52 -73 -45 -56 96 10 42 -4 -21 -60 -13 3 -70 -1 59 -62 69 -31 49 54 -67 55 62 -87 -16 53 -61 -68 97 7 -24 -21 30 36 -66 45 -2 -60 60 81 18 -90 85 32 58 -3 94 -91 54 92 12 -41 78 29 -34 49 -60 11 -17 -88 45 -95 -43 -96 62 26 -80 78 -73 29 -6 79 71 51 56 -48 -21 -94 37 71 -94 20 -28 95 -65 -31 76 -83 -4 85 -74 51 91 99 3 79 -85 69 32 -37 -46 3 -43 -71 46 -59 -50 -8 -16 -22 -47 71 -2 -100 3 -92 21 -49 84 -93 43 29 75 -13 70 67 -77 7 -49 64 -74 -17 83 -74 71 4 97 -80 51 -39 -52 -62 24 -40 19 97 40 85 93 -3 -48 35 7 56 -39 72 28 -80 -16 -7 -75 -58 38 -60 -19 -91 46 64 -34 70 -41 98 -62 -4 -43 24 47 -94 -72 -44 -44 90 25 -63 -83 -33 -98 93 43 78 -50 -6 69 -49 -51 28 34 67 10 -32 34 -95 52 89 18 -89 -1 -93 -24 -93 -17 -9 22 91 -82 -71 95 -19 -66 53 -1 42 -27 -31 22 -5 -19 -20 76 -77 -39 91 96 9 -48 36 -41 -71 -59 -50 -54 -82 74 8 -4 15 -72 40 -100 43 44 -50 -19 41 -21 89 -50 7 94 86 51 45 -21 -72 -91 72 32 29 -29 32 63 38 -58 75 -84 -24 58 -9 71 22 64 -1 91 19 54 -20 -36 87 -38 31 74 44 38 0 65 66 8 81 16 4 36 -89 5 93 -53 -83 -98 69 -59 0 96 64 -82 94 39 -66 52 98 -14 67 1 -55 57 -29 70 -89 -94 -50 -40 -20 75 99 97 63 -4 65 100 0 -74 -81 -94 -81 10 -79 87 74 -49 -58 17 -62 -47 -21
34 40 23 -27 -99 -23 6 26 -54 94 -63 -92 96 -40 -47 61 21 -1 -11 83 72 -83 -58 -91 20 -52 54 36 -58 36 -1 25 -71 59 20 -93 97 80 -49 29 87 -32 2 5 -91 -93 -19 -31 88 85 49 38 52 63 78 -99 34 -36 54 50 1 -99 -53 30 56 18 -95 -50 -93 -19 51 25 59 -40 84 85 -11 80 15 -97 -36 52 -81 32 -71 19 7 39 -99 -89 13 -36 95 51 -83 63 -19 -77 -14 -54 -30 -39 17 -15 -27 55 -88 -90 16 42 -61 -12 59 -11 48 51 -69 -69 16 -19 -98 -80 -17 62 50 -27 82 29 9 33 -64 -96 -61 59 63 78 -16 52 35 15 -8 81 90 -27 85 -90 31 84 -98 -22 0 55 -74 89 67 43 31 -78 84 -14 -17 95 -17 74 88 -65 55 75 -50 91 1 -94 -54 15 35 -32 -73 -43 -89 -93 60 56 -73 25 -21 37 64 -27 -35 -60 1 -14 73 78 13 71 -17 -50 -95 -72 74 57 32 6 7 -6 20 -63 -31 95 -75 -53 87 0 -33 -70 -77 -96 -55 -21 -94 -6 84 13 36 -36 56 -48 -42 55 62 76 8 -42 95 -81 1 95 47 -3 18 -98 -64 -79 -89 -49 -89 -61 -37 21 69 82 -15 62 35 98 12 54 91 -28 -11 21 -73 -93 44 87 -73 -55 -87 11 -80 -1 -30 -31 55 -36 56 13 67 92 10 -67 8 7 -29 -37 64 28 87 -52 1 91 -85 -75 -65 -58 -57 -91 -29 -96 -74 -86 84 24 -64 43 -62 76 -97 1 26 9 73 99 -78 13 4 -21 -76 55 -36 -14 -54 -15 -43 -16 -16 8 17 28 -56 -12 88 30 -22 -52 72 -89 1 -58 -62 -79 96 42 92 63 -28 34 -100 47 -14 -75 -15 59 -55 65 -57 64 -81 10 -18 35 -45 49 -38 -15 37 -67 41 -18 -74 -50 96 51 55 -86 -25 -15 -22 -44 25 52 4 -89 72 -89 -81 -38 2 17 -33 38 59 11 -56 29 -92 50 -40 -16 -74 96 -70 32 -9 43 78 -89 -31 69 63 75 -76 -57 -25 -63 -100 -95 6 24 -12 -40 95 -19 90 46 -28 -94 19 -40 100 -17 -80 71 87 34 3 8 -22 -16 95 79 -18 -78 21 83 -32 -99 66 12 72 68 -3 -48 44 -32 80 -40 -31 65 59 27 10 5 67 97 -92 -82 86 44 -91 -35 75 -50 45 -21 15 42 -49 62 -77 -85 11 -97 -76 -1 -52 66 65 -8 -90 23 -23 69 51 -44 94 -84 62 76
-1 71 -71 -90 -41 35 45 -77 28 -14 -49 83 39 55 -69 63 -13 24 53 38 12 37 65 -1 87 43 -69 -32 -43 42 -14 -48 -14 -68 -1 -98 40 -62 75 100 -98 -99 46 54 -67 35 -34 -73 32 99 64 89 -42 46 -65 -20 -28 -81 66 43 -31 49 -64 2 -1 -16 25 -64 18 -73 44 9 -61 -19 17 54 -10 71 50 4 -80 39 -83 -91 -21 -34 -63 99 87 28 -46 83 -28 46 91 -66 51 59 55 50 -54 1 -20 -2 -76 -88 -48 16 100 40 55 22 23 -26 72 -82 13 -46 -52 -78 -30 97 84 30 -79 -62 -15 -18 56 -71 -86 9 35 31 61 -79 61 -53 -89 -20 19 -61 55 62 55 79 -2 10 -78 -46 37 47 -52 23 -83 -71 15 61 -13 -30 60 16 7 40 -31 20 68 100 -14 18 52 -21 60 53 -90 -60 26 83 36 -86 -41 40 97 19 -32 1 -99 12 30 -6 -42 -4 -7 59 -60 61 -54 -11 -96 68 53 70 -58 25 -83 -70 -58 -20 55 -18 -14 -43 -53 -66 -97 68 -30 -95 65 49 -62 -45 -76 45 -61 -58 -40 -7 4 5 77 -98 -8 56 -3 -64 80 -95 9 9 -62 17 66 5 -81 -47 -14 -60 -17 47 -68 94 84 96 4 47 -62 -33 -87 -92 50 60 -81 -44 -17 16 -35 -9 78 39 -94 92 23 19 -68 -73 77 -13 62 69 81 67 83 35 81 9 25 57 32 -6 -85 -10 36 -32 -4 68 78 85 73 52 70 61 -35 89 61 43 74 -17 -68 -28 -98 53 0 83 -58 -12 -100 94 -30 -59 -82 -53 81 77 41 59 15 -3 -3 -43 65 93 -34 -51 23 77 -11 4 22 70 -17 89 -97 -29 -54 -69 52 20 24 -35 -97 -23 -43 43 -11 -11 47 -45 -57 86 14 51 -89 26 64 -99 55 -96 77 35 -32 40 60 -12 67 32 -15 66 -69 71 98 -36 69 -59 -46 -48 0 54 41 -43 -60 -44 -51 -28 -49 22 60 58 -75 -72 46 -28 -84 -20 90 51 81 -95 28 94 -65 -78 94 86 -54 10 94 -87 -29 -99 -54 -64 87 60 16 -33 30 90 -78 -16 96 99 23 64 78 -93 -87 15 -71 -92 15 -65 98 2 69 78 -39 -22 -79 90 6 -36 23 59 -27 -7 100 -34 -7 -79 84 -52 -79 -57 -58 6 -8 91 -39 -98 -14 -21 4 6 57 23 77 -38 -82 59 4 68 -57 -29 96 -49 -64 72 0 -44 7 15 22 54 0 -36 21 -16 44 94
-36 -67 -49 65 21 37 13 65 8 -71 -23 32 8 -30 -88 86 21 45 -93 -88 2 11 4 28 -63 -23 34 44 5 17 -35 40 18 36 95 37 89 80 98 84 -9 -23 62 24 66 -96 -48 -37 34 -26 53 -26 43 -43 49 -57 -72 -70 -41 22 35 57 -97 -18 51 -74 43 100 29 -44 -31 28 73 58 98 89 57 92 -8 64 -35 -23 -82 -20 -80 8 30 81 -87 66 55 61 -59 36 -59 25 43 -41 -12 -23 -97 -1 -7 -56 -5 -42 57 -43 13 -96 -96 8 27 12 -4 27 -10 96 83 -8 -28 -38 -54 95 -46 6 -51 77 7 48 87 77 95 -33 68 97 -43 -31 -16 -88 23 -5 -46 -23 -47 81 -69 81 -13 -89 34 -5 55 52 80 -32 -5 78 -56 53 -22 -41 -6 -15 42 -79 88 76 -36 21 70 -10 69 -36 -70 8 38 38 6 -52 98 -74 -53 44 68 -21 55 -31 -53 -47 -65 -12 12 46 49 69 -39 -34 -7 31 -65 -38 -70 -92 3 -1 61 -66 79 -87 49 48 82 -90 -98 83 47 12 59 95 33 99 47 40 -22 -52 87 -27 2 69 -14 36 1 56 -69 -49 -13 -34 -6 -98 -15 1 -14 11 -12 8 -82 -15 26 -11 71 -15 4 -68 52 -32 -6 79 -27 63 -25 -44 82 19 17 -73 33 36 51 98 1 45 21 59 -34 90 -99 -98 -91 -4 37 -84 -73 59 -63 -42 -18 -69 -47 11 -86 51 -43 28 -11 88 100 -12 -93 39 -22 -96 83 -4 -97 87 -6 -78 90 -87 -65 5 11 20 7 -8 78 11 11 -28 -74 -48 -40 43 -54 -36 -30 -51 52 15 -18 12 -96 -87 -73 -61 79 -50 27 -98 -22 56 -8 8 81 -20 -72 29 15 14 83 17 -75 28 -52 72 17 -85 54 76 -81 41 45 2 17 -96 -2 -71 100 75 43 79 -18 -43 74 82 28 52 -4 59 88 70 32 98 -21 -64 -7 20 96 71 -57 68 2 -8 -48 -43 -93 -8 -48 53 46 -67 67 62 -15 -82 -40 -3 7 86 -73 -41 -45 -59 -61 11 65 -44 72 -97 77 61 -37 82 82 -97 25 59 -76 -57 -80 12 -78 -83 4 -94 -67 4 57 -77 58 12 21 4 100 -68 -9 62 87 -22 73 -67 55 -73 65 -77 20 97 99 -62 -34 -21 61 -3 38 68 19 18 34 -66 -64 98 50 -83 54 51 45 -39 8 56 80 63 -20 -94 9 -64 66 72 9 -38 -88 49 -28 19 -22 -82 -61 -73 -65 100
39 70 -79 38 89 -42 19 -7 13 -73 -87 -19 72 77 16 -98 -86 65 93 -2 92 68 51 14 45 -63 -75 -37 -62 82 38 -43 -95 -5 32 83 28 -36 56 41 7 44 -8 84 -96 -8 -54 87 -47 14 67 -1 11 -49 36 -7 -8 66 -42 78 99 9 -16 -1 38 70 -33 20 -76 -15 96 37 46 49 41 -62 -89 11 1 -20 -20 51 -55 -47 47 70 -52 31 -42 -85 -86 -44 -16 -97 53 79 -64 48 86 -41 87 72 -72 95 -91 -9 -43 -43 66 47 -20 59 66 80 50 28 -94 95 94 41 95 -76 -63 -60 68 95 9 23 88 5 -1 -66 -48 -89 81 -33 17 55 70 52 -38 -46 22 -50 -42 17 12 -74 37 -98 5 34 35 -75 79 -33 -38 -26 25 -63 57 -11 -20 41 49 -90 -20 29 86 74 60 80 17 -42 52 17 14 -70 -60 80 36 46 4 2 -16 29 48 -37 -44 -53 -74 -90 -52 -64 -100 -84 33 35 -22 58 36 13 21 -62 81 9 -69 10 24 32 -55 -79 -92 -62 69 27 50 -11 -60 64 -31 71 -17 -87 21 -80 -61 12 26 76 34 44 70 -40 -67 19 -6 -7 -45 67 76 40 43 48 22 63 -36 -93 6 68 88 -3 -16 62 95 -49 54 -80 -13 18 57 14 63 -7 -42 -80 -58 -10 4 4 -25 -99 -100 60 96 64 24 12 91 22 47 -50 -48 61 75 -65 88 -33 -65 40 33 40 86 -3 -21 82 38 -13 7 -43 33 -68 16 17 51 -9 -89 -81 -57 -65 27 53 -6 -22 9 -73 -11 96 -31 15 21 87 -21 -25 45 -60 14 -6 22 20 -28 -39 21 51 36 97 -55 -39 -29 -64 -66 -31 -74 72 -54 -3 51 -60 -81 24 -55 -73 -26 59 -86 40 21 17 -14 -86 -72 -81 29 -71 93 30 99 -38 -86 -28 -39 72 49 82 6 14 -21 8 -55 32 -35 -9 93 -44 -7 -38 -51 -41 35 38 5 -60 -80 77 -66 100 -35 -68 21 -87 -18 -23 24 -99 -83 99 63 -47 -55 -65 78 -96 -78 71 -46 -35 10 -87 -80 -87 -6 55 14 -46 19 -89 22 71 -98 -53 -52 -53 18 -58 -74 66 33 76 54 88 -42 73 57 -54 92 -91 11 5 63 -88 47 -44 -66 -39 -38 -28 -77 57 71 20 -5 -10 69 -85 37 -91 -88 -72 -73 -90 -34 -33 -46 -35 25 44 -8 0 -42 62 2 81 94 16 50 10 -48 38 -42 35 -27 -76 55 82 71 -60 89 29 35 -68
39 61 65 -90 24 72 88 77 70 -75 -5 65 -6 33 82 4 95 39 73 25 82 58 -96 -12 -62 9 94 1 8 25 -51 -55 -84 88 55 -20 17 -45 11 15 -16 -22 -32 66 62 37 12 -14 86 55 -83 -89 47 -31 78 -99 42 -98 -65 34 44 86 -35 28 -47 -10 46 71 58 96 77 52 -39 13 56 16 -81 -23 -64 58 36 41 -40 -37 95 85 -68 84 -80 -21 24 -52 -38 -86 -14 -59 36 39 77 16 11 56 16 -25 52 52 47 67 73 -36 10 -38 37 -93 1 -85 55 68 10 -77 96 88 -96 46 23 -61 -49 -57 -66 -95 5 -78 30 -44 83 74 23 -84 -35 30 6 54 -71 -12 72 68 50 -31 75 62 59 -76 -74 45 -6 73 -32 -37 34 -25 -1 -85 -45 -23 36 -64 -60 -70 -53 -5 33 -46 81 15 67 83 -13 30 -99 16 -19 91 27 -10 39 58 -78 -87 93 -65 59 -25 -76 -63 -88 53 95 0 -7 -67 -61 49 -12 98 45 20 23 -2 69 -16 -4 -55 81 23 31 30 85 -87 -15 68 33 22 34 78 -8 -89 -59 41 51 71 -63 -98 -83 -31 -24 99 59 49 92 89 -39 50 86 47 8 -19 -36 9 -51 -1 90 -13 63 61 16 -66 -22 42 -98 44 -19 100 17 -3 12 37 -13 91 18 34 47 -60 35 -70 -48 -41 -69 -25 -22 64 -23 1 -49 76 28 79 21 58 -28 49 26 62 -28 -44 -99 8 22 89 51 19 71 58 -67 -37 -85 -20 -20 16 -89 -77 -51 25 42 -16 2 -15 -93 -69 -99 28 55 14 59 -63 79 35 13 -13 8 -4 -17 -62 -7 52 -31 31 -92 -71 90 -26 66 -41 -50 81 26 -58 -57 -34 -45 74 92 2 -53 62 0 38 53 46 -4 55 87 43 -43 8 -27 79 72 -38 -50 11 8 -7 30 12 96 -63 -28 -11 94 23 -96 -66 -25 30 -43 -66 84 76 75 18 -32 -85 86 -68 -12 -20 -86 -67 -33 71 74 15 -51 -26 -89 -16 -54 27 -39 -34 33 -86 35 -97 -13 -78 -54 -25 83 -71 79 78 80 -81 -72 -44 31 66 27 86 -61 -12 27 -33 29 90 11 45 -43 88 82 -54 1 26 36 -43 -65 1 -27 -78 35 -6 83 -44 -67 49 -35 -55 70 -99 -27 -1 17 -47 88 54 59 -51 95 -48 84 -8 -47 87 -9 86 12 -86 75 -88 -82 75 32 -29 5 -53 -77 4 6 58 20 81 -45 85 61 44 22 -42 -30 20
64 97 -55 -33 -53 68 -84 18 -16 -17 -92 -39 -25 70 19 36 13 -11 67 -23 -19 -36 48 33 -42 -40 81 15 -81 58 -67 27 -65 -97 -93 20 -89 53 37 69 -61 84 -14 -86 60 -95 -8 4 -69 62 95 57 -74 13 31 23 -71 -64 43 8 -67 86 -83 -90 -72 42 -90 -27 -39 98 54 91 -47 52 -4 -23 95 -28 -13 -59 -60 -57 -97 75 -72 -98 -87 39 23 81 -77 -52 46 68 44 90 14 -99 -37 82 -24 -5 19 39 -8 -19 2 -93 48 58 42 -82 41 -60 -3 -38 67 57 1 -14 -30 -9 70 -48 33 -44 32 67 17 -69 82 33 -16 58 86 -38 92 50 9 73 -45 -59 76 -98 -16 -45 92 -46 -85 65 -38 -25 -7 -69 29 -91 85 75 24 58 -59 -76 73 -74 57 -26 -92 44 -87 -23 -38 56 -72 -80 98 7 -32 32 -91 -63 93 -14 -61 23 49 52 -25 61 -5 -12 39 -91 -18 53 -73 -18 44 48 -34 25 -85 33 -34 84 -68 -6 22 24 38 -100 29 33 -51 73 41 71 10 54 -2 38 42 -13 51 -18 -12 18 68 1 65 -47 55 5 -28 -84 36 -81 17 74 -11 50 -75 -23 -40 73 -94 27 100 -37 44 80 -95 -1 -64 -73 53 -38 -43 -82 15 -81 -54 -29 47 -75 -18 -14 -77 -33 2 -22 -57 -50 53 -76 72 45 65 -71 -77 49 -50 28 58 34 -40 -42 6 70 99 80 -22 -69 -71 2 -68 -82 -84 -28 25 27 -61 -23 -7 80 82 94 -17 29 22 99 -76 61 78 6 -55 -82 11 -43 -51 -81 81 11 -65 27 -3 36 -10 6 12 85 -15 100 78 -26 -52 94 -24 10 19 -37 -41 68 56 69 -57 -84 60 67 -100 -85 71 46 62 64 89 15 -85 -13 -65 -6 -60 34 85 -99 -89 -52 -2 -29 51 -74 -96 3 81 42 42 -6 -45 64 -35 28 -25 -68 -31 38 42 98 84 74 -58 10 -98 -82 -8 -61 -13 94 20 -39 -61 26 -100 -8 -1 -83 83 72 91 97 58 -39 17 -98 94 -86 70 -84 -88 -11 53 25 55 -75 -28 61 35 37 52 -81 26 -95 44 -11 -2 87 -98 18 -93 90 -76 13 -23 42 -15 -32 -41 2 52 3 76 -34 67 10 -27 66 -1 -4 56 -91 42 -15 7 56 -85 -70 0 -16 42 -6 -15 100 23 90 88 17 70 19 69 65 46 -54 91 93 -58 41 -64 46 -59 6 32 -53 37 -82 20 3 86 89 7 94 -43 48
-42 17 -85 -18 -23 79 -13 -57 -23 -22 -87 67 -68 40 92 -57 -85 -66 80 36 -57 56 99 -89 91 -75 34 82 -11 -38 -43 46 -51 -64 83 13 -1 -79 -22 60 31 -32 2 -17 43 -4 9 -19 -59 40 85 -73 -66 -92 97 -48 -84 27 72 44 -100 -26 50 -69 13 -15 -83 69 75 38 19 -90 1 0 17 99 30 81 20 -48 2 47 -41 7 -55 -36 5 44 87 -73 -23 27 -32 -71 12 -99 -98 -98 0 30 92 -13 -61 -54 -74 47 31 -24 -95 -62 98 33 61 -77 89 -28 -10 -96 -31 14 56 -78 -77 -12 -73 22 89 -81 17 -83 36 100 46 -8 14 -19 -11 95 15 40 -60 -52 -12 -47 46 -61 -17 -21 43 43 -29 -55 -16 -65 -10 67 92 -48 -70 -33 -57 -55 21 45 -11 18 -22 16 -96 -73 -87 79 7 -77 -77 17 -56 -68 -43 -16 -73 -35 -71 -65 7 -9 -85 -93 -12 3 -82 40 -11 55 -11 87 85 73 -61 17 68 -59 62 83 68 -30 10 -75 61 62 -22 -98 -1 -44 -55 -48 -9 80 63 85 19 1 -91 13 83 61 -65 66 75 7 43 59 94 -84 76 67 82 -73 -56 29 -78 42 25 62 11 -71 -52 58 17 72 22 89 26 -100 28 -38 11 42 -21 -47 -35 61 63 -55 -91 -50 -18 88 -29 49 37 30 27 76 90 -97 76 9 54 2 15 23 13 -90 5 79 8 -17 89 -11 32 100 -35 97 56 -16 -16 -31 -98 -32 24 -17 -86 -90 39 -32 42 62 -46 20 -20 78 -88 59 12 -61 84 57 -70 23 -60 -90 63 -62 44 -15 96 -4 88 39 26 80 53 45 43 -57 -18 -15 -50 22 81 97 8 -13 2 -7 82 91 29 -2 -14 24 96 -2 -46 94 -74 -38 32 -92 19 -9 29 9 20 46 -97 -79 -37 56 44 3 -31 -99 -45 22 81 20 -45 -22 16 63 -68 -69 -71 0 -3 76 44 -13 44 -93 57 -25 99 -92 91 71 -45 60 31 -9 45 -83 54 66 -67 66 14 -80 69 -34 -15 -26 100 59 -46 -38 41 -83 31 30 -77 6 -44 70 79 -91 -75 14 -54 -67 -40 -94 -10 -85 -93 -29 -8 1 84 -30 -82 -90 -71 -88 28 -98 -67 -73 -54 76 -87 23 -7 16 -36 -1 29 -81 -62 31 57 2 -25 -15 60 -64 2 20 32 -44 34 73 21 -68 -9 75 7 -96 38 91 71 24 7 95 28 62 -5 64 35 -15 -72 77 39 -4 29 -73 -62 -76
94 20 51 90 25 81 93 55 -80 -58 43 50 36 -30 50 -50 30 2 0 43 35 -98 22 55 -68 -3 13 91 52 62 28 -100 -25 -30 -42 77 -85 -64 12 -55 -10 -28 55 -34 58 75 -8 -38 -66 74 30 58 -64 -52 84 -46 -43 -23 -23 2 -17 89 68 -1 -92 83 51 -98 61 -67 -80 7 -82 45 66 -90 32 -33 51 76 -6 -72 77 -30 -10 3 -3 -63 38 -95 75 -28 -76 93 41 -41 -75 19 -31 -56 -38 22 20 95 -12 -43 51 -91 85 -21 -25 66 50 44 -16 23 -42 -57 78 -44 76 3 86 -72 -40 87 -15 62 100 -98 -90 53 4 -48 42 -30 -28 -3 -46 22 -72 -33 -62 -30 -57 -23 12 65 76 50 97 2 60 -35 -94 -21 -77 -22 -65 93 -14 57 -46 -84 -83 39 87 -5 46 -26 -83 -48 31 20 41 -43 -56 -48 -18 53 46 100 10 -39 -76 54 29 -90 77 -43 81 -9 -97 84 20 -99 56 -28 78 -29 -76 -14 87 -33 33 -36 -90 68 39 -100 31 82 38 17 -52 -58 83 58 -61 38 -57 -68 69 53 -62 -86 -37 70 -61 -85 1 37 -60 -45 -25 -67 -19 58 24 -52 -85 -87 -58 61 88 17 46 6 4 95 -2 -41 -13 -61 -9 68 50 -66 -20 97 -87 48 -21 -42 -95 75 -36 41 -73 -18 0 -82 58 77 52 -66 -94 43 20 -32 -29 -55 -14 80 -89 -77 97 76 70 -9 69 95 -10 -82 -3 -19 -14 31 -79 -79 25 78 19 -92 45 -56 98 -59 -15 -24 -78 -22 97 -28 -20 7 16 7 64 44 -12 -1 34 28 -2 -13 -85 76 83 100 -59 87 2 32 95 8 18 -41 -2 -11 -2 -70 29 56 0 8 -63 -100 -88 -50 95 -31 -71 26 12 10 21 -98 60 -2 -81 -92 -75 96 -16 -69 -61 -35 54 -14 -87 -76 22 -14 -26 70 53 37 29 -34 -40 28 33 92 -23 97 14 97 89 -19 -95 82 -48 44 -72 -82 3 -14 26 56 -73 -81 87 91 49 38 22 -56 -35 29 86 3 -94 86 97 -38 9 93 -24 78 -6 28 -87 8 -78 -19 48 -47 89 68 48 -1 78 -92 -33 -30 -39 -22 65 52 12 -32 -78 17 88 -67 43 83 38 -75 -36 -87 68 -90 -61 65 -76 100 -84 85 10 21 66 2 -94 72 43 0 -67 -85 -49 -40 71 -37 -44 69 -88 88 40 59 97 96 -11 -6 98 -76 -55 93 -61 11 -37 4 91 30 58 -94 -59 2 -26 -44
-15 34 15 -37 -12 -25 -53 19 -96 64 -29 39 38 -83 -79 -69 -75 12 -34 39 -94 11 63 6 91 -30 -10 -78 51 -80 -13 43 -46 -23 31 70 -77 -52 74 59 39 -17 44 -2 49 29 99 100 -27 82 -100 -73 -83 92 34 -97 8 49 69 97 -27 -43 -48 -5 -7 42 92 -23 51 34 -24 -35 -65 27 56 77 33 -53 86 79 -14 -32 -21 45 -41 87 100 -16 -24 49 -1 -95 -50 12 21 71 -46 96 -46 -58 45 24 81 -72 -75 -18 15 -8 64 90 -72 29 -65 26 16 -8 12 44 -23 9 10 77 81 -53 -56 -31 80 13 -9 -83 73 -17 -20 67 57 94 69 -14 -28 27 -84 7 94 -94 31 41 91 -51 -31 22 48 19 82 27 70 34 -67 -61 -37 52 -85 -20 -8 93 75 -18 56 14 -71 89 91 -64 -48 -34 -92 -28 -71 95 -20 -67 -27 62 -27 -53 -59 19 -76 -47 -24 36 -28 -30 31 84 78 -54 3 73 -60 60 -75 -31 -73 14 12 -85 21 57 -55 56 -62 2 57 -81 -93 70 78 -11 61 -36 63 40 98 -53 40 17 -28 -2 74 42 24 64 -69 96 15 66 84 78 -24 -40 21 -58 -42 77 82 -29 81 87 21 52 6 -40 58 53 77 -94 -66 10 3 -1 -93 -49 -24 -12 73 2 43 89 44 -68 83 -63 12 -4 -87 69 -14 7 57 -8 94 -31 62 -67 23 -19 83 -44 26 -4 48 -18 -36 -92 -54 10 27 -62 -72 2 -81 74 -72 43 17 49 56 -50 -16 -93 24 84 24 -59 -89 0 17 -75 -12 32 22 80 -56 -82 -45 44 -87 52 49 -38 -3 -65 -26 0 59 -43 74 14 -2 -92 20 55 -16 81 -3 65 -36 17 48 76 -35 49 99 44 -54 -56 59 -82 -6 -49 -57 33 46 -74 -43 71 -90 66 44 -3 -4 97 61 32 30 0 -25 -85 36 -65 -21 -75 -23 54 64 40 -100 86 -84 -40 54 -95 67 -97 -47 66 -2 -63 79 22 71 -5 35 6 19 52 7 -81 -80 76 -84 -42 -22 -60 -90 86 -87 -10 46 -12 -5 -41 23 76 -98 -91 25 -86 -72 69 -93 -68 23 -7 -90 58 84 10 60 -40 14 68 44 -23 96 46 11 -38 65 86 65 81 52 33 95 35 -24 86 -49 97 6 -77 -16 70 86 50 61 -36 80 -19 -65 25 -67 55 25 78 -29 -78 56 -31 -26 53 -72 35 87 72 39 27 -72 -54 75 11 -24 -53 88 73 37 14 -11 -71
-19 -53 31 -52 -15 -67 65 45 -58 13 -88 -26 -81 18 -67 -19 -53 -56 -92 -70 13 7 -60 62 23 -35 -61 -65 24 -38 5 -77 -95 13 -61 100 19 2 -50 49 82 88 -70 -75 -89 -40 44 1 -41 41 2 -95 43 51 98 94 85 74 56 84 -54 -95 -63 57 24 -81 -25 30 52 27 -35 -4 -85 -38 62 82 90 87 -9 41 100 34 5 -83 43 -9 64 -59 42 -35 -58 69 -33 -61 41 54 87 43 -38 53 -67 -55 -35 26 -52 55 48 -40 -66 23 -51 81 16 100 4 10 -60 -65 -36 100 -2 11 61 -85 95 6 -25 -49 -59 -35 42 42 62 8 16 -22 -66 -16 98 -48 -14 -17 8 5 -51 -48 18 57 -12 -54 -95 98 70 -82 60 -55 54 -22 51 39 -89 -26 -6 73 -48 -96 92 -58 92 -36 50 59 -9 -22 -48 -63 -46 91 -67 90 66 -20 5 66 12 98 -8 50 57 91 -74 -21 -95 98 -24 -60 -4 -82 -86 -79 -7 -77 2 66 86 7 -79 -73 44 -93 -88 -63 83 -64 63 -92 58 -27 -36 34 -41 -37 78 31 98 95 -67 -28 -90 -14 94 -54 81 -35 28 91 48 -86 31 -30 -53 10 12 -85 81 11 -1 77 74 54 10 -43 -87 -47 21 -35 32 -72 -79 30 -98 3 -71 11 -59 49 -83 -81 -80 -18 13 -88 -45 -9 -3 30 27 88 -83 13 72 22 79 85 25 -73 97 -2 99 -77 -63 62 12 54 -64 -63 6 -76 -14 -75 75 15 81 100 93 95 43 31 24 14 -68 -17 -45 -12 -40 -6 97 30 29 -38 35 -68 28 -41 -70 48 98 -45 -13 44 -13 54 -58 -61 60 72 11 79 14 -63 89 6 89 -25 -39 -23 -64 -38 -36 0 -21 99 -90 -81 -100 4 -45 36 -87 -92 10 28 95 -21 34 8 37 57 12 -53 42 -24 83 -5 -93 19 -86 79 57 91 77 6 78 -62 49 -35 -7 28 73 94 99 -25 60 -10 25 1 48 -55 -62 -1 -67 -76 11 98 54 53 -6 6 18 40 31 3 90 32 -52 70 -90 -76 -11 -4 67 73 65 80 19 -16 23 -19 -26 45 88 -17 -61 -82 45 45 -61 74 98 57 -83 97 50 -84 40 84 61 -95 4 -67 -46 73 -5 59 -7 -67 -60 62 -37 -8 48 31 5 -87 -86 -50 -49 -64 35 -99 63 -13 -15 39 -33 -80 -43 -6 59 -55 -3 -65 -27 -1 50 49 21 37 53 54 81 10 45 -96 -55 6 -92 67 -76 62
34 -21 -95 -26 -55 93 34 31 -19 9 -34 -96 -22 -5 27 68 25 -50 -23 -31 44 -92 98 -20 -51 -68 -53 67 -69 -42 25 -69 68 91 -25 -93 60 21 -72 -90 38 100 -50 85 35 -51 -10 71 -62 -29 43 100 -56 66 70 5 -25 95 54 -87 -33 68 -81 89 -7 -55 -27 65 -9 20 65 28 55 69 75 12 -42 -56 32 -56 -86 97 42 22 -36 48 27 -96 -82 53 -65 34 -70 -27 -40 -69 -29 -38 79 -63 -54 -56 89 100 93 -29 51 -89 32 54 44 80 -63 25 -51 45 -8 8 -98 -42 -56 -49 38 -10 1 58 -85 -77 -30 -1 36 38 88 -70 19 48 -48 84 -20 -36 76 -26 18 -38 50 67 -7 -26 -63 -43 -86 57 -93 -6 -59 -88 35 17 -39 -26 34 -68 9 82 25 87 -87 12 -1 -2 1 -61 41 -86 26 35 -58 7 -48 100 -63 -91 38 -29 -76 -88 99 -49 -8 -50 -42 13 -85 -75 -29 -33 -79 97 67 40 48 51 70 57 22 -27 2 86 65 -85 -98 97 66 -40 -86 69 48 -45 -35 -50 -20 9 -82 -56 -63 31 -89 -29 -6 -77 -29 40 -7 72 31 -62 11 -56 -14 -2 -30 63 -95 -89 18 -53 -8 -53 -87 -13 13 -81 -85 0 -76 -2 65 -40 -42 1 22 -25 58 -35 -36 -40 55 7 34 45 -41 -71 -12 -35 76 -98 2 -24 16 -88 41 28 -71 -48 47 35 -13 -29 87 -15 -82 76 94 -88 18 79 -97 53 -60 40 64 -27 -33 62 -32 -9 -20 60 93 64 51 -49 3 -75 95 95 58 -1 -49 -70 -54 5 -30 52 -99 -26 70 -34 -60 39 86 -87 -55 21 -59 47 -73 -84 -72 3 -2 -79 -7 -37 -70 -8 -23 93 68 -60 92 14 59 -87 43 -70 -36 80 -2 9 60 95 98 -79 98 90 -77 77 -81 -78 92 50 51 55 -66 -27 28 84 51 -99 26 -69 36 66 -7 -38 -89 88 -36 -69 58 -68 17 -100 4 28 91 24 77 16 -16 29 8 78 4 8 -28 -65 -1 -61 35 61 -61 -85 -72 84 -20 -23 13 -11 13 -97 -63 34 22 20 59 32 25 31 -54 15 -27 -2 73 -38 -70 19 69 47 19 -30 39 -42 8 -79 13 -35 28 -87 -57 -5 -72 61 -15 16 -25 61 -12 -95 -33 -89 80 83 -86 71 62 2 53 -17 2 41 28 -88 -83 -76 -51 77 -49 81 62 -95 21 47 23 58 66 -56 -34 -18 46 56 -100 -45 -14 100 -3 75 17 -2
-98 82 -90 -74 -64 -67 2 -24 53 -40 -96 -86 -40 52 99 78 62 73 -43 -46 71 -99 11 -24 -95 48 85 -31 -76 30 -8 -63 7 -54 84 37 80 -84 -14 26 -36 -23 16 -38 -28 -17 29 25 7 -29 78 -34 22 9 26 -64 53 44 51 50 2 58 46 17 -32 -44 15 23 -83 21 89 -98 45 -57 -26 47 -60 14 66 -9 -47 -33 64 -2 58 -40 93 12 -2 38 -38 57 -26 -18 -92 -60 -30 -26 8 9 70 -51 -53 -82 78 -74 66 89 52 73 42 90 82 60 45 84 -55 -3 87 14 -69 -20 -97 44 9 29 -87 -25 -82 -26 0 -67 -16 -46 54 58 -67 -78 75 48 57 -62 60 61 31 -11 -49 53 -40 -60 68 -89 -33 9 -26 97 -75 -8 -92 32 88 99 94 48 -55 56 16 18 69 -67 40 -40 96 97 54 42 59 76 -17 87 -76 -80 -100 -87 74 -31 59 -2 -89 36 -36 -20 -59 34 47 50 -70 97 66 -13 76 -1 50 90 44 -78 9 -48 4 -15 -26 -2 -61 -68 -72 35 32 43 24 -35 58 71 20 -83 -39 54 -76 44 -2 -47 44 -84 64 -60 70 -24 -82 -90 3 -73 -24 -70 -12 67 -55 -93 34 -69 78 -44 -14 67 87 89 -21 -42 -11 26 -63 22 -26 -90 -73 -5 31 -68 10 -12 -52 -66 -68 -69 -57 -37 33 80 22 54 -80 -26 70 70 22 87 18 -41 20 -92 -88 -39 -19 -53 92 69 68 96 12 -59 97 28 98 -75 -39 -59 -34 15 65 66 -82 -66 31 57 -76 96 -84 4 46 10 32 -16 -45 17 -50 -76 33 -30 -61 -65 -18 8 -72 31 99 55 -94 -21 -38 -57 -61 -35 -53 -21 -91 37 68 -52 -91 -51 -14 -96 65 -2 95 44 -28 -78 -11 -60 -71 20 -97 0 -20 -28 51 10 -75 95 -100 -64 -53 -96 -23 -41 -44 64 -78 87 -77 -32 -6 67 -33 -78 91 53 9 75 62 61 -6 94 90 97 -34 97 -74 61 11 -87 -96 45 -79 26 92 37 3 -77 -49 59 57 -55 9 98 -75 -51 -64 47 21 46 42 -14 -91 35 -68 -2 44 55 -38 -98 82 -35 93 -74 -30 -19 -70 69 -39 -25 -40 -44 -100 -75 63 -59 59 36 73 -64 -47 -56 -48 47 35 -38 9 -48 -17 -85 -99 -82 -1 -73 3 57 -55 45 -56 8 -83 19 -52 4 -17 51 -9 61 -60 -50 -76 27 -70 -33 20 56 -27 -90 98 -78 -34 33 32 -61 6 -11 13 -45 -66 53
-100 57 -34 -14 -24 20 97 96 49 30 -71 -52 -49 30 -55 -87 35 -91 46 -15 31 -7 88 -9 19 80 42 -46 -98 -8 26 42 12 -86 -5 36 63 10 69 84 19 -75 20 -84 -31 83 -30 -67 0 -29 -17 75 83 71 -82 75 67 96 -29 74 51 87 -62 10 -64 -52 -60 -84 -84 62 -94 6 6 -27 14 -2 39 -97 -47 4 34 25 72 -50 5 20 -26 -38 65 -20 -94 -100 -69 -46 5 -34 43 21 83 -18 -51 96 29 23 67 -8 -47 20 35 -5 -69 5 83 -61 -81 -83 15 65 99 -24 93 -53 -41 100 -40 -95 27 -61 8 -48 0 -8 -26 -84 -53 -79 -19 -96 18 35 26 -38 -14 5 -90 -57 -98 -47 -26 75 7 -49 -45 100 75 49 51 -68 -85 93 25 -82 51 -11 70 -70 -82 90 20 58 -42 -49 -76 -30 -85 -42 -78 58 -18 -67 66 -3 58 57 72 -94 80 -38 40 31 -62 -29 74 47 -77 36 25 -85 -78 -67 -43 32 2 82 -90 72 27 87 -45 81 64 -41 38 23 -88 95 -64 -70 42 -69 -36 -27 -96 -28 25 92 28 50 -51 -100 68 84 -85 -79 -67 94 83 76 -98 79 -91 -7 81 -53 56 79 -93 -55 37 46 -53 59 31 -66 35 -35 -8 64 -70 -89 -37 -3 -25 -6 67 -2 34 -35 -69 -80 -26 40 71 -84 32 -76 85 -22 -87 74 -70 -96 79 -4 -37 -81 -1 52 49 -26 -41 -77 22 -12 76 86 -21 34 52 42 -69 18 60 13 -73 -63 1 81 45 45 45 -11 -27 77 53 69 -25 36 -79 20 29 -89 -70 83 -70 -69 -100 -66 45 -20 -100 -36 -26 79 -39 -97 -91 61 -86 -99 21 -27 26 40 -68 -84 -67 -42 -26 19 47 35 100 -52 23 -62 -90 7 -3 -84 12 65 -92 -18 58 97 66 60 14 76 94 39 49 24 1 42 -89 -8 -84 -33 47 -72 -76 -53 -54 46 -18 -74 49 57 -7 10 -45 -13 -33 -55 81 16 -100 38 66 -15 -78 -97 13 58 -82 32 -37 -64 -21 6 -88 47 -89 55 50 -40 37 80 7 -7 95 27 -61 94 48 -75 -51 -25 -69 -33 -44 23 20 52 -87 26 -53 -35 -54 -88 -37 81 39 15 -78 93 11 97 -16 -29 -96 -40 -47 13 0 -50 84 -33 -46 -11 70 44 -71 37 72 -53 17 7 -41 22 26 72 -6 83 97 -72 -30 0 94 -22 -90 56 -49 66 -89 -41 -29 -73 -72 -94 38 -32 -91 82 -51 39 -8 -49
10 -44 95 -46 9 -42 25 -12 -70 30 65 51 -31 -1 -53 14 59 -65 5 -33 -32 -86 17 64 50 70 78 20 -64 61 -60 -100 77 75 -80 -85 -65 -31 -85 -73 -100 -95 -85 21 -42 -15 -78 -20 -74 -20 3 47 -27 17 74 41 -60 5 25 -2 -71 3 -54 20 -73 -32 -89 68 -99 -38 -11 -88 10 49 18 10 50 -30 94 5 -83 -4 -42 -32 -21 97 9 3 33 73 -5 82 -2 -34 90 31 -47 49 -4 -8 35 -96 90 -64 75 -24 3 -90 90 -85 76 -71 -63 -6 26 68 -44 -80 94 -30 -76 -100 -52 -27 -94 11 -33 -84 11 -29 -88 38 82 59 86 47 -5 53 -20 -84 -39 -70 -4 -38 58 94 -77 -85 42 18 -16 -62 98 -53 -51 69 -12 -14 96 -74 -85 -55 -89 -85 39 96 -3 67 -41 -30 -31 -48 -68 99 -2 98 -87 -78 -67 -98 61 83 61 89 -7 -27 36 -66 -50 -54 41 -97 26 71 -95 -68 -1 -25 67 12 76 14 -40 -68 19 -63 -6 -65 21 -89 18 -44 42 59 85 -8 7 -29 -25 -67 -9 -78 43 -89 66 80 99 36 39 83 35 -38 -56 89 52 25 90 -83 47 -5 -13 -24 22 -47 -99 75 -18 -86 86 -58 -94 -41 -56 -68 67 -18 -37 97 -33 -27 15 11 4 32 15 -23 61 4 -14 -58 -71 -89 -96 43 -70 19 -64 68 34 71 91 52 51 53 76 -35 -58 -57 -18 -57 -90 -75 83 79 22 86 -73 70 -30 67 52 -6 44 72 10 -52 67 -94 -10 23 -20 94 -57 -70 78 -9 -11 45 13 -46 44 -11 48 96 -74 -46 -43 55 65 67 -46 -51 -62 64 -83 19 54 -23 44 -25 -58 45 -53 -6 13 -49 -30 -84 -34 -66 70 82 32 93 75 36 -93 -81 -42 -71 -71 100 -66 1 68 67 -69 54 93 61 71 84 22 -74 -77 19 31 87 6 32 49 54 66 -40 -47 -76 20 93 -42 -15 5 100 -1 -95 19 75 -11 -8 -81 -70 44 19 -30 -34 0 21 42 2 -16 29 -93 6 56 -32 -43 13 -20 39 24 -32 11 -97 94 84 -50 40 77 -62 30 41 -58 60 55 80 26 -88 -95 -99 38 61 29 -2 11 92 49 13 55 -77 30 -69 70 -56 -96 -10 7 -79 -79 95 -55 54 19 19 47 -94 -65 95 -28 47 -92 -12 91 29 76 -43 60 54 68 -15 22 2 97 33 -18 67 -69 51 -88 0 -56 -19 -10 -32 -75 -85 26 -98 -52 -50 83 58
56 -56 7 60 -99 55 4 65 85 28 -98 -64 -8 -85 16 -94 51 52 89 -63 29 -88 -7 -57 -44 13 -12 86 -1 -39 86 -63 -23 -73 -55 -84 -28 -69 43 38 -58 75 78 52 -20 -65 99 63 67 19 -29 11 58 -9 33 26 -11 -46 -54 82 -94 95 83 -37 -39 -96 9 -66 54 -96 99 66 -84 -20 -69 -75 65 85 -78 10 -18 -41 -4 63 48 57 23 -28 2 -35 -83 -34 33 -61 -37 15 -88 -77 90 96 -16 -50 -23 -50 26 14 18 25 38 78 63 -59 53 -41 -18 -65 -67 -28 -27 -85 -29 -100 -5 7 24 -89 -78 -74 6 -73 -43 -53 -9 -98 55 64 87 -88 51 -96 88 -29 -8 -66 62 37 -89 -64 51 -93 90 93 -19 -5 -29 63 -4 0 72 -96 -88 -53 91 -12 24 -63 -9 100 96 -33 -16 -97 -57 -17 39 -88 76 38 100 12 90 1 -69 34 57 82 -53 -59 -60 43 -10 -86 1 -70 -58 -66 85 -33 -1 80 1 91 75 -1 -80 -49 55 97 -64 -51 -44 59 -60 31 91 -75 19 -10 93 73 98 -43 76 56 -67 -7 -19 45 80 72 -9 3 71 -33 15 -77 -91 -8 74 39 30 9 90 -76 61 23 89 -15 -54 -11 -74 -76 70 -78 7 -93 -20 -12 39 77 -86 16 11 -80 -19 88 -39 80 73 74 9 21 94 46 65 87 -45 -50 90 39 26 -5 39 2 -39 43 -100 51 -99 29 62 97 10 66 48 95 43 -86 -78 51 68 -90 88 -24 -74 47 58 10 -29 -10 -3 54 5 -25 44 16 94 -59 29 -76 23 -92 81 83 -94 71 -57 -97 -29 -74 79 82 90 -21 -43 -18 -49 91 -34 85 -3 -47 -33 39 -44 -3 33 42 29 61 -80 -86 7 45 75 -38 28 -1 14 47 86 38 -71 69 -53 51 -66 -30 -70 -23 96 2 -18 -95 58 -93 5 48 -46 46 -9 -53 87 39 47 24 34 57 -21 25 49 -40 39 -52 80 2 74 -48 -31 89 -7 52 -71 -28 -41 28 26 -43 -72 46 -99 88 -89 -56 -65 71 -68 63 -27 -26 -55 27 -75 -70 90 -66 -99 -20 22 -32 100 4 60 -86 85 67 56 -9 80 -23 -17 93 -16 -36 -35 -61 54 55 59 27 -10 -4 -83 -2 -25 -32 6 -62 -85 61 -10 -17 -2 99 -6 32 68 -15 88 82 94 34 -83 -12 -38 -13 98 51 51 -90 13 -40 98 19 26 -23 9 -7 -5 40 -81 -32 -7 10 97 -61 7 21 62 -57
77 -29 -91 -71 -48 -90 32 81 10 -65 79 -81 67 19 -64 15 -50 43 -100 16 -36 -39 -51 65 98 -33 31 -32 96 -68 66 -99 45 17 72 -54 -38 38 -50 52 75 -16 -59 -58 45 30 27 63 97 30 -91 -24 18 77 33 -45 6 -90 -53 29 -6 -82 -65 -37 39 1 13 9 -2 74 -26 48 -98 11 70 72 -68 -75 39 -100 97 71 -46 -78 39 91 71 -97 6 -46 9 -99 -32 -25 -11 9 -77 -86 -99 -1 92 -75 53 59 30 -29 96 -4 -80 32 -78 8 -66 85 12 -17 -5 -99 -19 17 12 -14 -73 38 37 -9 29 -53 55 -65 75 -1 -18 90 54 -86 -33 41 -75 46 -54 -38 87 79 51 -96 55 37 7 36 20 19 17 -5 53 -69 96 60 48 0 -95 3 28 93 55 -82 26 -69 -25 40 16 46 -48 73 100 32 55 -90 43 -77 -21 -95 30 38 -78 -100 13 39 -14 -8 46 5 46 74 97 -67 -5 -6 45 -59 86 89 -63 64 -46 -21 2 -29 4 90 84 -24 11 -83 -68 94 -73 81 -4 80 62 71 -19 21 -72 19 75 -70 -76 30 9 30 19 45 -3 89 -26 44 68 35 -92 20 -81 88 83 54 64 -34 76 -47 89 -28 33 89 -26 12 -85 -65 -83 91 94 65 68 82 28 -16 59 8 48 55 -12 -63 96 -34 9 76 -61 -54 68 -9 37 -50 98 39 -36 -60 -37 -29 65 -92 43 -17 62 -92 81 96 1 36 -65 90 28 -88 -5 -8 72 -50 86 64 35 83 -53 44 -63 -17 -10 75 -16 -97 15 65 39 -94 31 -53 21 -94 -72 95 73 97 -41 50 -39 68 -47 74 -43 99 55 0 -49 55 -19 21 67 62 86 -67 76 23 51 0 61 -80 48 -22 23 -6 -60 -78 85 22 -82 -73 -12 -29 92 -17 -95 64 -38 45 -44 80 59 -90 23 -4 63 -45 -14 -53 -90 90 17 29 -56 -85 -4 -81 11 11 78 53 -92 35 15 62 26 12 35 -8 73 -13 -77 -43 76 -69 86 72 -70 -22 -38 35 74 12 85 -64 -54 61 -73 65 -96 -37 -15 -1 53 11 -31 68 -15 -39 65 1 77 50 -91 100 91 73 66 -3 31 -16 92 83 76 -100 46 -49 36 56 -15 -88 -95 -93 -78 -84 -74 29 28 88 99 4 77 -25 -86 -58 -30 84 60 9 50 -5 -33 37 23 28 -97 -42 -18 61 -15 -9 16 -18 20 14 -13 18 -56 80 -55 67 50 -31 -60 -77 24 24
3 -40 -95 -63 -14 44 -35 -70 -70 10 91 -26 -79 -53 70 -70 -38 9 -78 66 78 -81 -5 6 71 -12 100 -23 70 72 98 -28 15 45 -98 47 -64 -97 98 -8 -95 -72 -17 -85 67 8 23 -6 28 -18 -56 73 -53 -78 -57 74 -25 -33 100 56 -13 89 91 24 -84 19 -25 25 37 18 -36 -98 53 -25 -63 42 47 -22 -71 39 18 31 -12 -32 -66 97 -45 59 -15 72 -75 13 40 23 54 16 -90 84 28 -22 -1 11 12 77 30 75 46 87 -66 3 37 -48 -58 52 -98 -81 -62 -96 86 100 -88 -26 2 19 61 -63 -35 -84 39 13 91 -97 -25 13 -13 35 88 38 -72 -7 -26 38 -87 99 64 72 -92 -33 87 -66 22 91 21 -60 77 -67 -1 42 91 68 2 3 92 32 43 32 8 15 -43 -70 88 8 -23 15 85 -56 46 -55 16 -46 -28 -74 -84 -99 -59 13 49 62 30 -92 59 -65 13 -22 -7 18 -37 -4 -74 41 -95 -45 69 -25 -76 -97 44 -4 -55 14 0 -38 31 47 31 -7 57 74 73 -28 7 66 56 28 81 47 21 -90 -73 -31 -68 -98 58 96 -40 68 79 30 -9 -16 14 -33 -33 -43 22 -18 74 -12 -32 -54 25 -29 5 5 -36 10 -16 72 -59 -7 87 -77 58 64 -48 0 0 -65 28 90 3 75 -73 54 90 41 -71 19 50 20 55 11 -95 27 100 94 76 -3 63 -41 98 -97 -97 -42 -30 -1 -57 -28 23 21 42 -98 -23 -25 51 86 -62 42 5 -5 46 47 2 -88 55 18 41 -71 -37 -61 5 81 -30 -72 53 -93 -78 -57 -92 90 52 -6 37 -33 16 -82 89 -79 57 3 21 -16 31 -28 46 -16 10 -59 -20 92 -98 19 97 -36 44 -59 13 55 68 20 -8 -35 -34 13 56 -11 -84 -69 96 21 -97 -71 34 -55 -8 27 83 -95 45 46 -4 74 -53 27 37 40 25 -20 53 -86 -2 74 25 -28 -73 36 -7 -32 88 93 -96 9 -11 24 -93 -98 16 55 95 -32 -13 51 85 51 -61 -27 55 43 -19 56 -11 9 11 -41 4 -80 -35 -92 35 -22 -13 25 98 -71 -50 61 27 -21 -82 76 7 60 24 -93 71 51 54 -11 70 -43 41 -26 -67 58 -44 55 -63 -78 53 -42 52 -23 26 -66 -69 71 -93 -51 -97 36 -26 69 -38 -74 15 -39 -84 -32 22 33 -19 -89 -7 28 -12 -72 63 85 34 -13 -67 100 -48 49 21 22 -79 53 -73 87
-64 -14 59 41 68 11 72 89 -79 80 53 -56 -70 11 -14 -98 -31 69 52 37 -86 70 -74 -72 51 -77 97 68 76 70 -40 30 16 -99 -97 -69 23 78 12 -19 17 56 -60 -4 -31 -88 83 70 69 43 -39 -10 74 8 -98 -60 -9 74 -13 -47 -2 11 -27 -94 -92 -39 -55 -28 62 1 -55 -75 -60 99 48 63 39 -2 48 73 2 -59 -78 -60 43 7 86 77 -14 -1 -98 99 -83 -94 -29 -35 -52 -62 -74 71 -56 -42 -16 -8 75 75 56 63 -81 37 18 90 -73 16 43 77 23 -97 -9 51 35 26 -99 96 61 90 26 7 24 7 100 -51 -78 47 16 28 54 30 -39 4 -38 93 -6 -59 82 11 74 69 -5 -24 -37 -88 -88 6 -22 67 83 19 -50 84 9 -37 46 -28 -47 35 46 -3 -69 -72 66 36 -38 -34 -31 97 -86 -89 61 0 -9 11 51 96 -2 87 -61 -54 20 -99 27 -87 24 61 -15 38 -64 -60 -4 12 -63 10 -21 -41 2 -65 -87 -84 7 4 -98 47 -56 53 18 98 -37 -18 -85 -28 39 -64 -53 76 21 68 -90 -23 -49 27 16 -44 25 -9 -74 -75 -80 -9 19 99 -86 99 -62 59 -20 15 -54 22 5 62 -43 72 21 90 38 -14 -98 85 -14 97 -56 -5 24 -43 68 -5 18 -66 -58 60 -51 -14 -81 -50 65 -83 -54 -71 71 58 -26 25 -25 -22 60 -93 -20 -3 34 98 72 -79 11 -86 -77 -77 45 -21 3 59 -29 -70 91 -71 31 25 -90 -68 3 76 -35 -5 22 10 75 -57 -66 30 -13 60 -18 -44 -97 65 -35 -39 -66 -89 -77 -62 76 -14 93 49 79 41 43 -92 45 84 -69 -37 -1 -57 24 56 -96 -82 12 -19 26 63 45 -20 -34 4 27 23 52 -95 -73 74 -6 -40 55 -75 -93 -51 12 31 8 25 -44 -60 -95 -14 46 77 10 -99 -9 90 -63 -64 -79 -30 55 29 -63 -89 -34 69 -86 -57 -74 77 92 10 -100 -87 -39 -90 -89 -7 -57 27 -95 -32 -65 37 -94 37 99 -30 -56 81 4 -4 5 -14 -92 35 64 76 16 -46 -63 44 5 3 43 20 77 -28 99 -1 58 25 47 -82 55 -30 68 68 -49 3 82 82 69 48 11 73 -99 83 97 86 -74 22 -10 38 30 -41 -65 -74 43 57 74 -76 66 21 -25 -69 -82 30 39 -42 -74 41 40 -100 -93 -72 -79 -25 87 -76 45 -15 -43 93 9 43 95 -79 38 94 -3 15 -1 -20
-60 61 -37 -4 74 -7 67 36 70 -8 90 8 -83 79 79 -40 -42 10 -91 -51 -84 -9 61 -69 70 -46 -59 -3 36 9 19 -11 -93 12 86 68 -15 -80 -33 5 56 27 -52 -83 93 -90 -91 -9 56 65 76 -95 -84 -97 7 53 12 -87 58 -41 -50 10 84 -75 68 -46 34 10 -73 56 -28 8 1 -50 9 -42 -35 -62 8 -82 -16 -69 -44 -1 -81 50 20 -46 38 -89 52 83 73 -81 10 94 -84 -79 -48 46 -82 96 -82 -65 -10 -43 37 -95 -80 -87 -90 74 92 -24 -82 90 17 46 28 79 -96 -83 -91 35 -32 27 -51 -61 85 -87 -20 44 61 -84 96 81 21 67 -71 -61 93 -13 -3 -40 -76 97 -29 -50 -56 -48 -69 -28 1 -92 93 -82 -64 -74 -5 74 45 -56 89 -63 14 67 -31 -19 -55 -16 12 16 -34 37 -63 100 -46 -18 68 -48 -22 97 62 20 -20 -80 39 42 83 79 -34 47 -90 -42 -49 -7 -53 14 -96 -13 -4 93 -89 -56 -95 85 1 -99 79 -28 -49 -81 -33 12 27 59 79 86 75 -96 -33 -20 10 60 82 -33 67 50 42 -34 36 11 67 62 90 -31 16 57 20 43 -68 -95 -95 -10 100 29 -39 70 55 -19 -3 20 -64 49 -54 -4 -88 -66 -63 -10 63 49 1 -99 -64 -62 -46 59 -65 -67 -38 40 -60 69 53 -23 91 -26 23 -6 -88 -57 91 40 -84 -69 8 98 10 -8 -7 46 -79 1 17 17 4 20 -53 58 -67 72 -3 -69 -29 -2 11 94 -17 97 -75 10 -81 -99 -5 -96 -6 -69 -21 -78 -71 87 51 71 16 14 27 79 60 -50 -12 -84 83 8 96 52 -39 -22 36 -50 76 75 -75 -89 97 10 18 17 -9 56 -57 -16 -8 11 -31 65 81 41 58 63 -60 -100 51 27 -41 -39 -48 -17 64 52 -87 -26 1 33 45 83 -50 86 -51 26 1 53 -13 92 -90 -42 93 80 41 -16 -91 -37 -19 5 -33 -98 -56 -26 27 -29 -54 24 47 86 3 87 -70 -68 87 -47 67 -90 -81 56 -85 -14 65 36 22 -78 -36 -54 25 18 15 92 97 88 -5 -13 48 -9 34 65 79 63 -43 -12 -7 72 57 -76 69 -4 -77 5 -60 -42 80 -41 -72 -72 -9 -95 20 -62 -34 26 44 -89 10 -75 19 84 -26 -12 6 46 -40 15 90 79 -68 -4 -59 24 -57 65 10 -74 -69 65 -96 52 -24 -39 35 -87 -26 -34 29 37 -28 69 -96 -34 -47 17 -27 -58
69 -12 -36 70 90 -55 15 -73 54 -49 -38 66 -70 26 98 26 33 69 14 -20 -60 1 -12 36 12 73 79 44 -56 -58 79 -61 50 -44 -13 45 32 -8 29 -29 90 -31 18 16 -15 -36 -39 -84 60 -65 78 -75 -21 60 5 70 -61 -18 -16 54 27 -37 -6 62 -38 -83 -59 11 62 44 90 49 41 -4 -83 68 64 -90 79 -29 73 8 52 81 20 -95 94 -64 22 50 -92 82 -19 92 68 -23 -80 -73 -54 98 -6 45 12 49 39 90 -81 -54 -8 46 -47 -2 -24 54 29 -49 -68 -57 67 -44 78 -73 47 68 28 -65 62 28 72 -79 3 53 -51 -58 -19 -70 -39 42 42 27 45 41 51 -62 83 -21 55 53 -52 61 36 60 36 86 48 59 5 34 83 46 28 -7 -15 -23 -23 64 9 30 36 94 17 -28 -58 -49 -4 -15 -25 48 38 -61 -68 87 95 -43 70 -21 80 -9 22 85 -27 39 49 4 22 15 -90 -22 9 -4 -20 -65 -52 98 -9 88 92 5 49 49 33 13 32 16 3 26 76 32 68 53 -12 30 46 50 -33 13 98 92 -85 46 81 -80 -26 -54 -98 51 -73 32 0 -100 -20 -16 63 -39 -61 -66 -26 70 -70 27 46 75 93 -64 -35 51 -68 -98 -15 -64 74 -9 29 82 15 -69 -66 -22 44 -66 -6 30 -22 -98 -96 10 -92 62 33 -83 -97 -22 -25 16 92 31 -92 -62 -39 -45 34 95 -81 0 -27 -73 2 -91 -32 -17 -23 67 -34 -61 19 -23 41 5 -84 44 -43 29 -75 -16 -63 25 -81 -32 -90 -74 -71 11 -40 90 92 -59 -84 -21 -4 56 -24 58 68 -89 24 68 11 -98 -26 -20 -22 -87 48 68 -30 22 72 -50 29 83 -82 76 90 40 -81 66 28 -91 -5 85 -9 -42 -8 -22 -41 82 75 70 -19 -89 7 77 -100 -32 -12 -62 -1 39 47 56 71 -10 0 94 -95 45 56 -93 -18 -5 67 -20 -77 28 -50 -71 -90 -3 39 63 95 -95 26 20 -46 92 -32 -47 -70 67 -62 -6 3 5 -12 85 64 71 -31 -90 -1 -4 -17 -14 -39 -25 100 48 -65 6 71 -24 5 -42 -67 20 -69 -67 -58 -7 -44 -42 60 -26 -67 -99 14 34 15 72 -36 31 -26 96 69 68 -65 93 -95 30 -35 11 -31 -41 65 81 -9 38 -81 42 -8 74 -38 -96 -12 -77 -64 11 19 100 46 -11 51 -19 -94 71 57 -51 -39 13 -37 62 13 29 -41 31 72 -40 57 -15
-9 -90 -93 86 81 -82 -62 -50 -27 -33 -70 79 -70 -26 0 89 -26 -31 -73 -1 -49 -59 -57 -21 18 -13 -89 76 8 3 9 17 -81 -29 -72 31 -72 16 32 76 28 -25 82 -83 14 -22 43 59 -16 -30 -25 -36 21 41 -25 2 -27 -54 -3 59 7 85 -33 3 -94 56 29 68 14 -92 91 -32 100 -91 83 -99 -61 43 29 4 -9 -10 -97 -66 -2 -85 -99 57 -66 15 -34 50 -16 100 17 -53 84 -47 57 16 30 62 -49 28 70 -23 -11 98 -57 -48 52 39 7 30 -67 54 3 -55 7 7 73 -92 -90 67 -6 8 5 -26 76 -24 -2 9 9 14 -85 -10 53 29 -86 -59 -12 75 48 38 -89 11 -18 -80 -100 -9 -63 87 -31 -72 10 -8 36 27 17 44 40 -78 97 -29 -39 -38 -40 13 12 85 97 24 44 26 -76 -45 29 61 68 45 92 -83 91 49 -28 73 -33 65 45 -55 -53 73 56 62 -64 50 -71 31 88 -12 -100 -62 51 -33 88 4 -30 -10 95 73 42 -49 21 -65 82 -96 -51 -88 -6 -7 81 40 -26 95 -89 15 42 -1 16 -1 -39 -49 -18 -19 39 95 -28 91 -36 5 -24 52 9 25 85 13 -45 82 -54 -51 -32 60 -30 -93 52 -81 -43 -71 -61 -92 19 -95 46 -43 77 -58 -13 -88 70 54 84 -47 -86 2 96 52 50 -60 -89 8 30 -43 33 -70 -51 36 29 51 -34 35 66 -84 8 52 -12 -65 -100 -91 -78 -30 52 -56 -74 -82 29 -55 -37 1 -95 -16 -62 43 -20 5 74 -51 39 37 -80 -52 4 19 11 -87 -71 -56 -46 -60 -57 13 -98 34 -57 -6 60 29 38 52 -100 25 -14 -96 -28 1 48 42 2 -64 81 -45 81 33 -26 67 -55 9 -3 -61 98 63 -33 -100 97 59 -45 90 -81 64 3 -70 -70 83 36 63 -10 36 -6 7 75 32 34 24 84 -70 79 -34 -26 -89 -73 54 47 -8 69 49 -95 -35 41 -8 28 18 77 -10 -29 -53 2 -51 -75 -60 31 61 -76 80 -67 -37 -65 -2 93 -35 -43 -44 -73 -50 48 -30 70 -1 -39 -93 12 71 61 -43 79 65 -94 -20 -81 -80 29 -42 -44 33 100 -54 5 -95 -83 -47 -55 -87 -73 -59 49 55 -35 15 77 -46 41 26 74 -80 -50 87 -10 56 -80 -27 -48 39 75 -8 95 -25 45 -51 -98 80 36 -97 93 55 12 -16 -12 -3 76 66 59 -74 -57 -25 20 99 79 45 -85 44 -29 -95
53 63 70 93 -27 90 -41 63 -39 16 -25 -74 38 -68 91 -10 98 59 -79 -96 53 25 48 -68 -45 46 66 99 -63 -87 71 19 27 -17 -9 23 85 77 39 2 -17 -35 -12 27 -87 19 -1 93 -52 -94 -30 16 -91 -1 -16 34 -93 -11 -95 54 21 -71 -63 96 84 21 80 -85 92 -20 -78 -18 -69 -78 -42 62 12 94 -27 -52 -33 6 -86 -19 62 -82 7 61 -100 88 70 -76 -5 -54 7 54 46 87 23 -29 2 -12 56 81 -29 -31 100 -31 -44 -35 -40 47 0 -38 7 43 -1 50 15 47 -49 -30 12 -81 60 26 97 -57 59 24 -2 29 34 -70 59 -94 85 -44 -39 91 29 -9 70 -24 -56 -99 -67 -6 -69 -15 -17 92 65 -23 -57 -45 -40 -34 -51 -79 -76 -100 25 -45 21 -96 -88 -2 -53 35 -41 41 84 85 15 88 66 -27 -45 39 -72 -15 83 -74 -42 67 70 -22 18 -1 -26 86 -23 9 50 -38 14 -26 -1 68 44 -35 46 99 65 -56 -36 11 -8 25 -62 -9 -26 14 -23 -46 -69 -41 97 -15 -89 18 34 84 95 30 56 45 71 -73 47 36 83 30 -87 49 5 -90 28 -22 17 75 -78 -84 7 -86 32 -53 -42 30 47 -57 -47 70 -66 -88 -57 72 -42 43 -92 -56 -90 -93 39 44 -57 -25 -73 69 -51 26 -14 -78 62 -48 -24 -4 78 75 -98 93 -35 -61 56 3 94 52 1 -66 23 -35 9 -19 -16 90 -50 49 -58 -89 39 -12 6 82 60 -43 70 84 17 98 44 62 86 -37 5 -73 30 14 97 36 25 -80 -77 16 11 12 -14 64 21 8 -22 3 -93 -9 52 39 4 -9 -28 92 -92 45 8 -43 47 90 -55 -21 -17 -54 85 31 -17 90 22 -89 47 -36 -40 25 -4 -49 -35 -22 -56 80 14 -36 -50 -8 -49 -70 19 -98 66 87 74 -1 -99 -37 -85 16 57 58 -17 -51 -63 -33 69 19 6 -39 27 75 79 -90 -46 84 -58 39 71 61 -14 -6 42 -46 10 67 45 7 60 -62 84 29 -17 -26 -47 -31 9 67 54 33 96 -66 -21 85 56 14 -50 19 -58 -94 39 39 37 -46 -68 77 -91 82 -74 -43 32 -14 -3 52 -100 -55 78 -79 -4 39 94 -90 -65 25 -97 -65 6 30 -14 70 -37 34 85 64 -100 91 -17 -64 62 -58 52 -59 9 100 4 94 47 47 -17 -45 -78 -77 -98 -36 -19 -47 58 -84 89 -84 100 -42 -97 58 -22 78 -87 53
15 -26 -10 7 -15 -55 27 -4 -13 79 -62 87 -96 -36 60 -15 9 43 53 -64 -39 29 -97 76 -28 39 -8 -96 -92 89 -26 -45 -83 -19 10 -54 31 20 -59 42 62 86 -94 -16 -60 77 26 -55 97 51 -44 -18 10 -59 -71 -7 17 11 -22 84 -63 55 -6 45 76 -12 -35 -33 0 -14 -10 -13 -27 -33 -67 -30 -15 56 63 -68 -72 39 28 42 10 -25 -15 -55 -1 78 65 -30 -50 43 84 3 -15 50 -22 84 -16 9 84 11 11 -26 -18 80 12 -47 -89 23 26 -53 97 15 -66 -2 97 23 -70 -15 -26 -51 1 53 -88 -30 7 93 77 37 18 80 -19 -6 35 -86 -32 -73 -51 97 33 74 -23 -65 -24 8 -88 -40 75 -4 -57 -86 -46 -42 72 -84 -100 53 71 -50 98 -42 7 -42 -75 76 -13 -26 55 -27 -78 26 41 57 -38 45 9 -7 -34 -48 -53 52 -90 -64 -38 96 -19 -43 -65 -43 -3 -10 -72 -93 94 -25 -41 -95 62 -69 -39 -30 29 -22 -56 -51 -14 24 5 -39 58 -52 69 -59 55 43 3 -97 12 55 -28 45 74 -8 73 -90 62 -69 31 -21 -70 40 7 -71 63 40 48 -4 -95 -69 -63 43 31 -92 -76 -37 -78 -16 10 64 41 -48 36 -95 20 39 -100 -90 -46 7 47 58 -1 5 -51 10 -17 3 -13 26 52 9 13 55 -96 -98 -4 53 36 89 9 27 94 11 70 14 88 -51 -7 -83 79 78 -3 -72 70 58 91 -62 23 -2 15 55 40 29 100 -83 -56 -76 -73 -78 22 5 -45 66 28 -7 62 -17 -90 -75 25 64 -57 13 54 60 50 -83 42 -71 -73 76 97 -93 -86 -9 87 88 98 -42 -12 33 75 69 -24 -7 -11 -38 -78 61 9 23 68 12 -75 -69 -44 35 -63 63 -17 -50 84 18 -77 -84 -78 -39 -12 59 -98 4 -54 -79 68 84 -6 -81 -99 -5 -20 53 -14 -27 53 -65 -67 92 61 34 -1 72 -49 -22 44 -47 -51 -44 6 -21 -73 49 -39 -28 -13 -13 15 -43 23 -20 -78 8 -93 -3 47 23 11 -73 19 -9 37 -65 -70 49 51 -56 33 98 -15 -86 -2 90 -51 -41 79 29 85 56 30 22 -23 91 -28 1 61 -29 -40 -59 -87 38 -80 23 50 86 -33 62 49 -30 -44 87 21 -18 -21 -100 61 -78 24 76 66 84 -81 -75 72 -81 40 -68 -62 86 -47 -18 -41 90 -12 -20 -37 53 -79 -20 -56 30 14 -93 51 6 4 63 27 79
45 -57 42 -26 -100 -53 -71 -56 96 84 67 27 91 -23 -81 3 93 -92 -34 78 -94 24 57 41 1 42 -38 1 -51 22 -79 -73 -22 47 -72 -24 -52 81 -84 -80 17 -85 -38 -26 31 -32 -36 -75 -2 62 -74 43 91 -92 -36 68 40 -47 -21 -24 60 -56 -67 100 -37 52 -16 39 -17 85 20 -1 15 -32 70 -49 -19 -71 -2 16 -56 60 -3 17 -84 -74 -85 -43 61 -98 -52 -97 86 51 -57 10 52 68 -78 31 -51 6 93 77 82 -90 54 32 29 -49 33 -100 16 90 -36 -16 -56 12 39 43 -70 67 79 69 65 -3 -83 96 -36 -11 -97 -51 -63 -37 -4 91 -55 -64 61 66 -13 -82 -25 -82 58 19 23 -82 -52 77 8 -31 24 83 -56 33 88 -10 -95 -39 -45 24 -15 -21 96 -15 60 45 26 -87 74 28 73 -56 19 -55 33 -64 -58 -1 -88 42 38 86 -32 24 3 -89 -38 -27 -93 73 -4 8 -77 -40 78 20 -11 50 -8 56 -21 -58 80 -29 -9 -14 16 -75 -76 4 61 -80 -57 28 -67 -68 40 37 8 88 -93 41 -33 -40 23 40 -95 51 -3 65 96 -80 -45 34 9 -88 100 70 100 14 96 41 -41 23 8 72 -8 69 -23 25 -55 -21 -8 -35 -66 80 -41 30 -54 -67 6 94 -96 -92 9 92 53 55 67 -64 15 -42 -91 -97 -84 42 -31 -63 -38 -86 40 -72 7 20 -2 66 -47 -36 -38 -4 -45 75 -87 4 29 10 -78 -18 -57 -6 65 -91 27 -100 60 -6 -47 -52 86 -90 89 -50 -59 9 6 -74 32 -19 50 40 -54 53 20 89 -67 63 -81 -94 67 94 20 86 -40 72 13 42 -78 33 75 58 -6 43 -77 -18 -45 52 -45 -32 -11 -83 -15 -17 -8 7 93 94 62 54 -38 42 15 17 6 -5 19 33 95 30 13 67 -7 -64 67 32 -83 89 -61 -35 46 59 -57 -92 -73 -49 9 -29 80 65 19 37 16 -55 -58 -76 92 86 -40 29 -74 46 -11 -59 -28 -19 -41 -23 -9 -62 -74 29 -56 22 15 -95 -84 6 76 -47 -81 97 -68 -88 42 25 -88 -38 4 65 52 -79 -33 53 25 -89 -76 85 35 96 24 -35 94 20 62 55 30 72 8 55 97 99 54 -61 -8 53 -9 -64 -56 80 38 -33 69 -11 -95 93 -24 0 -83 -44 15 -40 16 -85 81 47 5 46 -85 -20 -82 14 -96 -29 -21 53 14 95 89 1 93 -35 -53 -77 21 -14 67 -82 -51 22
-60 34 -66 -24 85 66 -28 -55 -84 73 37 63 -66 -40 -33 77 80 73 88 20 -33 68 -18 12 -67 -69 -83 -76 -26 -19 -13 38 8 27 68 -82 72 84 -80 -1 47 77 -89 80 -9 -32 -40 56 -20 28 -88 -13 -34 26 76 100 -53 24 -96 34 -17 70 -33 -28 22 86 -9 47 32 11 -3 17 77 -86 0 94 68 -13 -88 -19 65 20 36 24 59 16 44 -2 14 -12 -100 26 50 93 -70 85 -79 -77 96 -66 18 -50 47 89 20 -60 80 70 77 72 -24 -59 -74 -50 10 3 49 58 -73 -87 50 -41 86 -11 78 39 -69 -88 35 -16 12 85 12 -21 66 70 -50 -14 -62 -7 90 61 -49 62 -21 14 -55 -75 -25 46 -29 68 14 60 -19 96 -78 -15 -29 43 -27 80 36 -32 -62 48 63 -75 23 57 -23 -95 76 -23 67 -65 -87 75 59 72 -87 -51 37 -47 -83 -70 76 -65 -75 -44 26 84 -32 33 -77 10 88 42 -4 72 -81 92 -31 11 11 59 -12 -8 96 39 11 -49 72 54 -56 -27 39 -97 65 60 94 -41 -16 -26 -78 47 -89 -74 22 -54 79 36 -21 -20 3 29 -63 -32 -54 0 64 -86 -55 44 33 7 90 -63 -49 85 44 7 13 -88 30 12 -71 -59 -41 61 -68 80 54 76 -24 -42 88 -58 96 -92 -77 -11 -8 94 -74 57 -44 -33 -49 -28 94 -85 84 91 -6 63 6 -41 -63 51 8 -18 -24 -1 10 -68 5 17 -36 83 100 -95 -78 -60 -97 -1 26 22 74 -81 92 -70 98 41 -79 66 67 20 -71 2 38 84 98 -43 28 -30 -36 -19 -98 12 -37 -70 -95 -96 88 -30 -25 55 98 2 65 72 -38 -8 -83 94 -3 19 -31 21 -90 26 48 -62 53 93 -86 -69 -18 86 2 25 -8 -48 51 25 14 -48 61 -97 -75 -78 6 -44 -97 -69 59 7 -31 32 60 -67 65 -43 -83 -52 -11 -75 -33 -10 -76 56 90 -21 -7 81 23 -57 -82 -85 81 -85 2 -100 45 17 81 -40 65 36 71 7 84 -20 48 -29 56 65 -11 -64 -54 -43 48 100 -89 -84 -91 -64 -87 -67 32 34 75 -29 7 59 46 -90 -51 -21 -84 8 12 46 -91 95 -83 -83 84 -75 36 -91 -29 -1 53 -82 -92 -16 14 -29 -80 -76 -45 -64 -36 51 39 -43 30 91 -26 -99 -31 -53 92 -27 98 92 -87 -10 -10 -52 -69 49 -16 88 22 5 -54 -97 -83 55 34 -60 -71 -54 -36 63 37 85
68 79 -16 -46 -19 34 -27 23 -50 89 22 -78 -34 44 -88 -43 46 55 -32 31 -4 7 -93 35 46 5 -80 39 7 -40 3 9 -2 51 -76 18 36 -75 -25 75 -69 -16 18 -33 91 76 75 48 -47 64 96 -6 -86 -46 -6 -80 55 92 -47 8 29 -74 -10 -15 77 6 -50 -66 -80 -67 -51 28 -94 -15 11 31 -85 100 -64 73 51 -47 94 81 -5 -20 18 -96 79 8 72 -67 51 44 29 -54 -82 -11 -74 38 1 80 -3 -68 -72 -47 74 79 -48 -69 20 15 -54 10 -71 42 -93 82 -21 -66 33 -41 83 88 -48 -68 32 -33 -8 78 76 -53 15 79 2 -41 -5 86 -91 74 10 69 39 31 74 -49 79 99 2 -66 -99 68 -8 69 -66 83 -11 14 95 27 -11 61 84 70 -21 -100 95 42 -68 -48 -6 -42 -65 8 -35 50 13 68 -52 -60 -20 -36 4 -38 -98 -2 12 -3 73 76 -10 -64 19 24 -6 -60 -99 51 -48 -30 56 88 -89 69 42 67 -39 36 -84 -98 94 -56 30 -19 96 79 97 1 98 62 79 6 85 32 9 82 -13 -75 42 -54 1 -60 5 34 -48 75 87 7 -62 -7 53 13 -21 -60 -68 -33 7 -64 72 -39 78 -38 -21 58 -80 31 -15 -1 30 34 -99 27 3 -8 32 -53 -42 -78 -35 -82 -12 -66 -32 42 10 51 65 94 81 -40 -31 -58 -88 -7 -33 25 -89 85 90 45 19 61 3 -69 94 -15 44 98 -79 77 -92 -88 -46 -43 -28 -76 -10 -23 -3 -63 -46 58 21 -84 -90 55 26 -20 -46 87 -5 66 -87 19 7 -9 -59 91 -25 -83 74 -3 -31 -96 54 -88 -57 -60 -99 -69 9 -46 49 -30 38 94 70 91 -53 43 90 61 28 -67 23 20 -86 -14 74 4 -67 -80 78 70 -16 -49 69 -64 42 73 -7 83 21 -29 57 -12 7 -51 95 -52 -34 27 88 -35 -40 10 91 -91 -88 -7 25 81 -57 24 28 -16 10 -95 -60 -58 32 -66 -87 22 91 -96 -11 64 -6 -20 0 26 -41 -40 -31 -97 41 -46 -80 21 43 40 -35 22 21 -19 -46 32 54 -11 -77 -42 -35 -48 50 47 -97 66 81 80 -63 16 5 3 -27 11 -57 -76 -72 -20 36 -26 -55 83 -32 34 3 59 42 -2 95 22 -21 26 -85 -81 54 -7 86 51 -97 -3 37 -82 20 23 -44 -87 63 -97 96 13 60 31 22 66 62 64 33 -96 90 25 -77 -41 42 7 -63 -52 16 33
-71 0 -56 -56 20 -65 -84 -3 -25 -45 -79 -36 62 -56 81 -29 9 16 -100 96 28 -21 20 65 -1 -100 89 -25 -56 -59 -65 2 75 76 -41 48 40 29 51 60 -66 36 1 -35 -54 -80 -73 90 19 82 -71 95 -56 95 66 8 -20 13 57 -44 -59 48 93 7 -94 57 15 76 2 -85 -66 -49 43 66 -25 92 -67 91 4 73 -38 -10 -29 -87 53 48 -23 72 -52 38 29 -70 35 -97 -52 -90 100 -63 -34 92 44 78 96 -23 -80 -85 -18 17 -22 -69 53 -13 95 93 -24 -80 15 -58 12 86 -36 77 -71 67 45 19 22 -53 54 97 35 34 -84 -22 65 -63 -9 -84 -28 58 96 65 -17 5 80 -2 36 -52 -78 -33 -24 4 63 55 -30 73 -48 -65 -98 68 10 24 5 -93 13 -16 -38 51 -67 1 -5 85 -76 89 94 71 44 39 -1 79 40 -90 26 -36 74 -68 19 -36 24 71 -26 -22 -62 -7 65 14 -12 -26 14 -73 15 -80 72 -90 -91 -10 14 97 66 -6 19 80 72 45 32 -25 13 -4 -43 48 42 -11 89 -80 -5 -89 84 36 6 -95 -5 60 -47 61 96 -20 -4 -32 91 52 32 46 20 -67 70 30 -6 -68 59 -49 76 -93 -17 -79 -70 -38 6 -100 67 -91 -30 -58 -37 -9 -66 -6 41 33 31 -35 17 40 -1 -72 82 80 61 -44 9 -13 74 17 54 89 63 -39 -56 -78 -46 0 91 -2 -69 -57 53 -76 0 -44 -52 2 -89 -23 54 9 -62 99 8 34 -84 -52 55 74 3 35 -49 76 26 -32 -84 41 3 55 -82 49 13 -21 77 9 -77 -75 47 -86 51 -4 55 -35 -26 25 -79 -63 52 -49 19 26 69 -3 -73 66 -84 -98 52 -43 9 -64 16 -80 -88 -24 -47 -9 -34 61 -67 9 -44 -1 -42 4 -2 0 8 91 -94 85 -99 63 72 74 -51 40 -89 -94 38 -7 73 -21 55 -59 -100 69 34 30 -91 29 67 96 87 82 22 -45 86 76 -33 41 76 -70 -97 -97 -25 -43 85 57 89 23 27 -71 -7 23 -71 -54 -78 -54 -64 61 79 -1 28 -71 19 -91 40 -4 43 51 -74 96 -25 -46 -100 -53 -65 -49 -68 58 80 -65 77 47 8 -91 76 20 -86 18 74 -42 15 -53 -7 -12 -65 -96 51 74 9 -46 -66 -2 -19 4 56 76 15 50 -36 -60 95 -22 -53 13 -97 -13 -21 -24 32 18 -90 74 -75 -23 -29 -74 -68 -81 73 84 0 -56 99 34
82 69 66 -41 -9 7 40 60 -10 57 -26 -84 100 41 -54 -66 46 46 23 17 3 -76 -82 85 -91 3 2 -3 -91 -14 -95 -10 23 20 -50 41 43 -21 69 -88 13 -62 38 -100 -32 51 42 57 -34 -52 -35 47 32 -33 -79 63 -64 -32 54 -99 -17 -55 94 6 36 -73 13 42 66 82 89 -60 9 -100 -22 66 89 55 -9 46 72 -9 10 8 62 72 9 36 0 51 62 67 -89 38 -92 91 62 -59 40 83 -83 28 -43 -62 36 -4 -97 47 73 -7 78 -90 -73 -35 -87 8 -19 -53 -75 -88 -53 -27 42 66 -60 -40 6 -2 75 21 -100 43 -99 10 -50 84 40 -78 0 65 -8 21 -45 22 -8 30 -47 -76 89 -81 98 82 -13 -27 29 7 5 -85 28 -23 49 94 -4 -14 69 -70 14 -20 74 49 -40 63 -24 2 -9 29 -1 -55 72 16 -74 29 -85 0 -52 -26 46 -62 4 -8 68 -46 -99 2 31 36 -93 -61 -96 64 -37 15 -9 -15 71 98 80 -9 -78 24 16 -97 -76 43 60 9 17 -85 83 -75 -31 -58 -40 79 0 83 -58 -71 -65 -49 35 45 -67 45 -39 80 16 18 -67 63 79 92 -29 -45 -66 49 48 -40 -77 -42 -73 51 31 1 -25 89 24 -93 -31 4 29 -92 6 -64 -96 57 5 67 87 -59 67 68 85 -36 -96 1 -81 -59 70 7 60 5 -100 35 25 -10 -94 75 14 26 -18 -73 -72 -67 -50 65 -85 35 64 27 -51 84 -70 54 5 88 -51 45 -40 100 31 70 41 -19 -46 -19 -28 -49 100 11 -27 -68 6 13 57 35 50 47 -83 37 -17 -81 -21 -33 85 15 -52 -88 -17 -99 98 82 -21 6 -23 -98 2 -68 -61 -4 16 -68 9 67 -42 -36 -9 -11 54 30 0 98 -78 -81 98 83 -3 -96 -14 18 -56 -28 -40 79 -82 -97 59 -27 29 47 71 -16 52 -35 -8 6 -57 -19 -2 -93 90 -1 7 40 -74 84 -86 28 73 -39 -53 -88 85 -8 70 57 -29 85 28 -19 77 -56 -94 -67 -53 99 67 -21 -30 75 76 -70 46 68 93 -91 70 -46 56 46 67 40 52 31 84 -55 -77 -77 22 -88 26 -20 48 52 50 58 78 61 42 -61 -87 35 57 -84 57 50 96 83 -42 -98 16 100 -30 9 -96 11 33 96 -98 16 -36 -64 -31 42 39 -15 -91 84 -72 9 -41 45 29 29 -54 77 94 -28 91 76 17 -94 -45 -19 50 34 28 -6 -28 52
78 22 -14 76 92 -93 95 26 98 9 61 37 98 -94 -53 -30 -2 69 91 -88 -39 48 47 100 -34 80 -27 -83 77 -3 -27 -88 -11 -17 -97 39 -64 7 11 -92 91 -67 -4 -14 -94 4 53 93 -52 -34 -4 -75 53 -59 -100 -68 32 30 -27 -16 51 -79 98 -21 75 13 34 67 32 55 -2 42 58 -52 31 47 78 -47 -32 52 87 14 -77 -34 41 -79 -95 -21 42 35 60 -49 67 36 92 -31 11 -40 70 -77 3 34 -6 -47 17 96 85 45 4 78 12 -13 47 15 -34 10 12 39 -10 40 42 7 -91 100 16 -42 13 -76 -2 -44 -9 26 -83 100 51 88 80 -38 80 -52 -15 -55 -33 83 78 -95 -78 89 4 85 -90 -91 -75 38 34 98 69 24 -37 -21 1 17 30 29 -100 -85 -3 -49 -16 5 97 -19 -93 44 32 29 38 58 76 26 -56 46 53 -39 -64 42 74 58 94 -64 -56 78 -6 -75 70 13 54 27 -9 12 -82 50 -38 -39 80 24 44 -30 50 -95 -100 -23 5 32 98 31 9 79 89 -39 -10 -51 5 -75 47 -57 1 83 -88 -80 -31 80 -5 -31 -78 -16 56 -36 85 98 -62 -90 -68 -9 9 -97 57 -62 15 -80 24 -33 18 15 56 13 -69 69 26 -83 -91 25 -90 11 0 64 -92 24 -100 -95 87 -14 86 -2 21 81 7 -5 -26 50 26 98 74 93 -74 -51 29 -93 -16 -85 -71 100 -58 -88 -60 -18 -3 12 39 61 27 22 6 -15 -48 81 5 -35 19 76 67 -98 -65 -64 -29 23 52 90 -62 -25 94 -96 54 62 -6 -76 16 -58 96 -30 -68 35 -22 89 49 -24 -10 -64 36 23 4 7 100 -47 92 30 85 37 -46 58 -44 -39 -10 28 83 -67 -26 -59 53 -51 -96 3 92 -61 61 93 15 -57 34 56 3 13 -86 -28 94 82 -15 70 -16 -38 -47 18 -86 -63 -34 -90 -18 -61 46 -67 28 -45 23 -66 83 -89 22 14 -10 -68 39 -15 -40 -89 -15 6 -96 -12 1 3 74 98 -50 2 20 58 93 -85 -54 -32 -66 -25 -90 -30 -41 -83 37 -13 39 82 -61 38 -39 14 -22 55 37 58 54 5 64 -36 100 -94 73 -71 20 94 -76 -73 38 12 85 -64 12 -62 -10 -85 -50 10 44 -10 4 -27 98 -86 -16 3 -24 -19 -50 79 2 -51 75 99 96 -1 74 1 -55 -97 48 -92 -10 -91 74 -89 2 37 -57 54 -20 91 -45 97 -61 67 59 44
88 -84 32 -25 52 -70 19 -87 43 49 -27 14 -85 88 22 71 38 22 -97 -68 -58 94 83 -15 -74 -36 50 -94 -45 -42 48 72 96 96 -4 35 -63 -70 98 24 -13 8 -73 -89 61 10 -31 89 98 -88 6 -100 -61 -82 37 -28 80 6 -70 68 -6 -87 72 -61 -71 0 -68 40 -19 -33 -51 64 34 32 93 71 84 97 94 60 -46 52 -9 5 22 -36 51 30 64 -8 -16 79 50 -12 11 59 79 -86 -18 -91 87 -38 90 41 -13 48 52 55 19 -74 -30 13 38 81 15 93 -43 29 49 29 -1 18 -3 -90 -73 -17 55 -11 19 -39 19 21 -85 -62 18 -70 51 -18 -40 -73 27 90 -8 11 -53 8 -7 -10 -87 21 -97 5 -3 -7 -54 -37 68 -51 65 -74 66 38 -40 -28 25 -43 21 30 63 20 28 72 90 54 84 -81 -35 74 87 -36 86 -37 44 75 10 -11 -78 -26 -10 -79 -8 89 -1 94 37 76 31 3 -42 -97 -92 70 34 -38 15 -100 -46 -3 -75 -74 77 66 -57 -73 -9 -45 -14 100 27 -55 -80 0 -19 -16 -66 -19 75 -48 -21 -39 37 65 -76 51 -17 71 62 20 66 -75 -96 -10 8 -54 80 -20 -31 -1 -29 71 -61 -17 20 -87 79 -83 -56 32 -70 -21 33 88 -72 -9 60 24 19 -72 -6 -78 2 35 -60 -34 -41 -61 74 -72 -16 -58 19 -50 -68 30 -51 -45 62 -74 36 59 -63 -17 42 -55 32 67 36 -44 22 -51 78 -78 71 -29 52 -89 51 -75 44 -56 -50 -6 67 42 -64 -23 91 -46 -15 0 76 18 -40 -63 91 -7 -33 56 11 31 29 -83 43 -14 -4 -99 -3 24 -5 11 -82 -45 -38 -17 -96 -48 -93 -91 40 -50 -64 82 84 6 100 -67 -23 2 -21 85 -15 -11 -31 -78 77 49 92 63 2 75 37 -70 -4 -28 34 43 -73 -21 92 77 20 61 -68 -28 62 73 46 24 82 21 -58 -38 9 -81 -33 -46 78 73 40 26 84 62 -1 -4 0 -54 0 -71 61 -89 5 -100 -47 -100 59 -17 32 49 69 81 86 25 -12 -66 20 63 -9 -79 -19 -20 39 45 32 -65 83 -97 37 33 -95 80 55 61 71 84 65 10 58 -69 -19 -60 69 -15 26 93 37 4 -51 68 -74 -92 -27 -12 -4 -29 -29 37 -19 -4 -38 8 77 -71 -49 -81 -37 -36 32 63 -57 44 87 -46 95 98 -29 -21 23 -6 85 -95 -26 -62 88 79 17 -66 23 21 -20 1
-1 -48 18 7 -67 -84 27 82 36 60 -37 -72 89 84 -30 18 58 47 -43 -78 52 -50 -28 -68 6 -37 4 88 -1 77 -87 60 41 75 18 -67 -23 90 56 77 48 -10 38 6 -56 -96 98 -24 -2 -93 79 -30 -15 29 45 11 46 -39 68 -75 -60 -33 7 -8 57 89 27 -42 35 36 -37 -76 68 -75 -16 22 1 -25 48 50 -39 100 -44 31 26 -92 21 18 -16 7 55 -79 -43 54 -13 -91 72 -39 -77 -16 98 -40 79 -86 -41 -8 -12 -4 -98 -31 -34 75 50 -19 -38 -51 -99 -75 8 15 -76 -13 -59 -35 1 -51 96 -75 83 -64 70 -15 -79 -80 -79 36 -51 -51 17 90 -6 -56 38 68 90 -69 33 27 69 -29 -22 -82 -91 -88 23 29 1 53 22 -79 53 -16 81 49 41 76 -25 -31 58 -23 48 53 -18 -36 79 52 -41 -27 -76 81 84 33 -6 65 -53 -94 -88 -23 -13 76 30 68 -51 -46 31 -60 -1 6 37 -88 89 -15 47 -33 82 -90 12 42 -66 -55 -27 -76 -8 -85 83 36 46 2 46 13 8 -84 -12 48 65 -93 -95 41 -6 84 -41 -21 50 -65 -42 -95 -1 14 -26 24 -18 63 -67 -63 -72 -51 4 -71 -25 -91 -77 -52 -15 11 -27 -34 74 -19 61 -11 -19 14 -93 42 97 86 32 -85 -49 9 89 0 42 36 -60 -39 -54 32 93 20 -10 15 -1 54 -96 40 87 -61 -57 -65 -38 -27 -52 -32 33 -23 -6 -52 4 12 14 -90 -91 -21 -93 -21 -74 52 -29 73 71 -42 37 -93 85 57 -11 93 60 -37 -47 3 11 53 -90 -70 -88 -56 56 20 17 49 -49 42 8 69 -19 -1 -98 -71 60 87 63 -19 -22 3 55 49 15 91 20 -52 97 2 -7 -100 -95 -19 44 -78 -64 -38 100 82 58 72 -20 49 89 -39 69 35 33 30 -3 29 37 -14 88 68 59 81 82 93 -23 60 -24 76 35 -60 -72 6 -63 -4 -43 -18 20 -62 -97 -13 -48 47 -100 24 -72 14 -51 60 7 75 57 -96 89 77 98 -37 -95 64 18 -53 -24 99 15 52 64 -64 -70 72 100 -29 -87 31 -21 2 4 15 -77 -26 5 3 18 -61 51 33 57 -54 -83 -28 -84 -98 69 -60 -56 99 -65 -47 -95 -44 1 68 -94 -83 87 19 -22 2 56 48 95 -60 50 31 62 -76 69 67 -19 -88 -94 88 -59 74 88 -11 -79 2 55 -80 66 -68 17 -97 98 -23 86 -30 82 78 88 76
41 80 0 -68 80 -65 5 -44 -21 -78 -89 -43 -2 19 42 61 -93 83 -100 88 41 63 82 73 -48 10 92 25 47 15 -86 -34 -75 23 51 81 -93 88 62 -71 -33 -65 96 5 42 20 -65 37 -39 -18 15 76 2 -77 -6 81 84 53 92 -58 72 47 5 22 84 70 -90 61 29 88 36 -81 -80 -60 19 -31 -21 34 -71 -74 -93 78 -72 -57 12 15 -22 84 -60 27 56 78 99 18 65 53 -83 -52 -69 -41 72 -96 2 11 -1 4 74 -88 58 -6 -44 42 52 81 28 10 -66 12 -15 81 4 -17 -95 -52 -13 -92 -75 91 94 16 -69 95 -10 -31 -97 -86 -10 -95 63 31 -64 -94 -67 2 61 53 -44 -25 -47 29 28 -22 33 -86 -23 -46 28 -3 -16 64 -47 95 81 99 71 72 -48 -99 60 -62 40 20 -13 6 44 -57 83 -79 97 89 -70 -37 5 -29 -10 -70 57 97 36 -95 -46 6 92 -20 -45 64 -84 -42 7 -25 65 66 87 82 -39 51 97 5 -41 -76 43 -97 -67 30 -12 62 -78 15 -31 -27 22 83 74 88 -41 -13 3 31 -85 -96 -100 50 -53 -76 20 92 -16 -18 18 6 -3 -62 78 80 22 14 24 87 -7 51 84 -43 3 59 -98 -75 7 -27 19 91 91 -92 80 -15 44 -65 90 -18 -41 -37 7 91 -34 2 -85 -68 -15 -40 -35 88 -20 31 -46 54 37 82 -36 77 -28 -92 -72 -81 -8 -66 -55 98 53 78 -45 76 -75 -96 98 -90 -83 -57 -89 51 56 -3 -83 -24 47 -78 89 92 66 41 50 -28 30 -93 77 92 42 80 -60 54 -42 -25 -90 14 77 89 -17 -49 -95 -13 49 97 99 9 1 -21 47 28 8 -90 -62 38 -13 -4 54 8 59 65 -76 62 31 19 -88 -2 -96 -77 -64 64 -1 -16 -83 -19 -22 -100 15 11 70 -3 37 78 13 56 -44 -84 26 -28 -58 21 -65 -61 -11 51 -60 4 64 58 -80 -6 -3 -6 -27 -60 -6 69 49 -9 74 72 -99 47 -80 20 26 28 45 49 -9 -3 91 53 37 90 -9 88 33 -100 -97 -65 72 -37 59 0 -16 78 -13 -23 -51 -87 84 -53 -56 -64 9 67 -24 -13 64 17 2 -7 -21 -96 -77 87 56 -51 -82 30 -22 -35 85 87 -42 47 79 -65 -7 45 -83 79 -89 70 -93 -4 0 19 46 23 25 7 49 77 -13 74 -55 53 -9 -17 -20 31 -45 -88 11 44 50 -71 38 -52 59 -78 83 63
6 51 19 -100 61 32 -93 -60 -36 27 65 58 -52 38 -97 2 73 15 18 63 -56 -83 91 77 -80 36 32 0 98 34 94 74 -80 -63 24 -22 -42 -20 100 59 -31 -64 37 85 32 -7 -86 -13 -11 77 -45 -42 -95 88 -51 -89 -81 -83 9 25 28 -98 -68 90 46 100 -48 -40 -72 11 86 -32 -65 -6 100 -80 -49 -91 -11 76 -45 -5 -90 87 -26 -16 -5 62 -31 -97 -49 -48 -26 21 -89 -73 -60 87 97 28 -49 -62 -86 47 32 54 -90 27 -28 83 65 -69 -36 66 -98 -14 -54 21 70 38 -20 87 -69 23 46 93 83 -46 -2 -16 67 95 96 4 24 -26 48 -1 21 -20 -92 19 -78 -25 90 -77 49 -28 43 -15 72 -75 -61 62 58 47 62 48 -11 -49 -32 -99 -52 66 -92 -68 -29 98 -59 38 57 66 -4 -19 -6 -31 -48 -28 61 -73 -10 25 -88 28 -69 11 84 45 -86 -94 -5 27 84 16 7 76 52 21 59 -16 -69 -39 92 11 16 90 -69 73 -39 95 26 69 -82 0 19 -38 -20 -66 -98 -4 20 -96 36 48 100 29 -36 26 -96 63 48 13 -96 66 32 56 -51 90 25 -45 91 32 81 -63 -98 -47 -41 -71 24 -83 75 -3 -68 -11 62 100 -22 0 73 -63 96 -39 48 -30 -52 43 -54 -19 -17 -6 13 6 -34 -7 -38 -87 -16 -60 -84 -87 -14 -82 -7 14 86 -82 36 -48 99 -96 38 -15 -76 43 90 85 -55 52 97 82 -39 -38 81 -40 -5 -66 -13 6 -80 52 -15 30 -67 3 31 21 98 -98 -79 -59 -52 68 -24 -77 -47 21 -81 -41 -29 46 4 46 95 60 88 -12 25 8 -8 21 86 -55 98 -29 -49 86 -50 47 15 83 6 -78 2 58 -4 -59 -11 -98 36 8 38 -87 42 55 45 4 -85 55 18 75 81 77 -85 99 77 -91 -81 31 6 66 2 -55 69 -4 -86 21 16 0 42 -25 -26 -85 75 -39 -97 -90 83 86 -33 35 -47 -32 33 97 20 -88 29 67 -30 -50 -34 -62 -84 59 77 83 -57 94 -3 -61 -8 -72 -52 -69 -9 -46 -3 2 45 67 52 -91 90 70 -73 22 39 2 -15 -28 9 -46 -85 -84 -85 65 -32 -11 -46 85 5 40 44 40 63 7 -87 77 -87 -79 66 -21 23 75 -93 30 -16 -92 -30 12 83 -22 -44 -25 43 -70 23 -44 45 10 -52 -43 48 97 84 -62 -17 6 89 -99 -64 53 42 -49 52 16 -59 26 77 63
-48 -83 -10 70 -88 -20 -52 2 65 -81 12 39 50 45 60 -13 -8 -94 -31 -33 65 14 70 -14 -82 -48 -15 -65 -73 -48 60 35 73 -1 -100 90 37 -77 -9 91 -6 -90 -45 18 42 -32 80 -37 -1 -63 19 -41 11 98 22 28 -24 -71 55 -66 -65 67 100 -29 -13 -36 -100 48 56 55 32 98 70 41 -22 -51 -98 -15 -18 -87 14 99 10 42 89 -16 -91 5 -71 16 67 98 13 69 57 42 38 -29 78 27 -1 61 -58 -14 27 -58 63 33 68 74 6 -57 -99 13 84 94 -67 -27 7 -32 -43 -45 19 45 99 -20 63 12 24 -72 7 63 -60 -13 -39 3 -91 -38 31 45 12 87 26 2 -17 30 -45 -28 -98 84 -68 84 76 -97 55 -2 86 -54 -93 -13 -55 -32 -38 -35 -77 85 -16 85 98 -22 64 86 -89 8 -17 56 -75 -54 99 -45 -79 -59 26 -38 88 81 22 -38 80 0 -43 -45 68 27 -84 50 42 -72 -10 -2 -98 63 63 -99 -74 -91 -82 73 32 31 -91 6 64 -34 -78 55 44 -80 23 -87 -84 17 66 69 96 42 -96 66 81 -34 26 -78 -99 -18 -88 -43 -51 49 -15 39 61 61 62 59 -48 24 -61 -46 17 -67 18 61 -3 -1 -22 14 4 -92 -16 84 -98 -7 -59 64 3 45 -50 65 90 -55 86 -9 -43 -32 -68 24 -24 37 -18 -37 37 24 58 93 -6 70 11 54 -81 30 66 -78 19 48 76 95 -98 28 -59 -95 65 12 -65 -30 58 58 -85 37 -87 33 93 -34 -30 94 -84 -70 18 56 -91 59 -36 -33 -77 49 90 26 93 56 69 72 7 -87 -6 10 -63 87 -55 -56 25 -1 36 -77 -40 0 100 17 69 -86 76 48 -22 95 96 -76 -25 -62 -75 -31 56 3 -46 -43 57 9 -33 13 -60 18 -99 46 32 -2 44 68 -22 -59 -35 -87 -24 -73 91 27 67 -82 -7 -98 -32 -51 15 11 87 -69 -24 -67 -86 71 -33 -23 -31 38 37 36 42 73 -56 26 55 -14 -72 -97 -40 22 -52 26 -57 -85 -81 23 -78 -11 68 -97 18 79 -65 4 -89 0 -28 -12 -33 -3 -13 -98 -98 -90 95 46 -97 42 -50 69 61 -64 -14 -30 -77 -6 6 27 -100 69 64 27 -49 -15 22 27 -22 -97 95 87 97 -16 -54 -63 49 62 16 40 -49 -64 -67 -6 58 -2 -60 80 -22 40 69 -21 -99 -97 16 73 -66 1 76 9 59 53 -92 23 53 45 -51 24 46 52
-64 -5 -71 6 30 -8 94 -21 -34 32 -47 -42 -63 -9 12 -12 -100 -90 -93 54 75 -55 -50 53 48 -90 -24 -94 -30 46 4 54 58 -37 64 -53 -33 -96 58 -34 -52 -13 -64 -97 -34 -50 -5 -96 -56 99 65 75 82 87 -38 0 -89 -81 -1 42 -57 55 -4 41 -19 86 -97 -60 45 -76 34 -56 -11 42 2 86 -19 -48 74 82 58 -91 -73 -87 -64 -91 16 -57 56 79 26 80 -100 -53 47 75 -3 -82 42 33 83 -19 -64 -9 30 -47 12 -7 -12 -32 18 22 -3 -56 94 1 45 84 -83 100 -48 93 8 73 -20 71 17 -35 69 29 -19 97 80 9 -24 59 30 4 -73 -95 26 84 -13 -89 -18 -26 -74 -93 -26 51 53 -84 -17 -15 -12 -6 13 -22 -27 13 -31 56 -72 -22 -37 63 65 31 82 -85 41 51 70 7 87 -91 13 26 -83 -45 -28 45 36 -94 -69 -80 -54 -32 80 8 -29 -62 75 -33 42 53 13 44 -62 88 -65 47 -3 -39 -16 -23 -72 -26 14 85 0 60 -81 -81 -67 -87 99 35 96 -79 2 -62 -11 -85 61 99 -61 27 -6 -13 -62 -27 28 -13 47 3 39 -84 25 -99 -41 -78 0 -76 32 58 -46 -83 72 -71 18 -7 -98 -11 -13 100 80 27 8 -68 32 43 75 -14 45 -39 -15 16 51 -74 -93 -8 67 -10 30 -31 -77 81 -21 -98 23 -59 100 14 98 68 -68 78 -72 22 87 8 68 16 51 35 82 -79 -90 21 4 12 -29 -46 90 -80 -87 86 -56 64 -40 29 55 -43 41 50 56 69 90 42 52 -80 -27 -25 -60 31 -71 -82 0 29 82 -9 33 62 -68 -33 51 -38 87 -21 -55 59 -77 -23 -41 77 -40 -26 76 -21 -71 72 99 75 39 -100 44 21 94 59 -29 10 -26 -68 23 34 -83 49 -84 -98 96 -60 -74 14 -4 -6 58 83 17 -57 34 -72 -59 82 18 62 20 27 63 -46 -23 95 -46 -69 -97 54 -60 -22 -29 -5 50 89 19 -26 -23 3 39 73 73 -3 -59 -81 -28 -9 49 -66 50 45 -58 83 34 16 97 35 32 -86 -63 -39 11 -80 12 -56 10 31 -88 81 -54 -94 -6 -7 88 -46 -84 -19 40 3 -57 90 44 -88 -57 -50 -75 98 28 -82 52 -7 -66 -24 59 -6 92 -21 87 4 -38 18 41 -20 -92 -71 36 26 70 -52 -95 -10 64 93 87 3 -83 -10 6 97 -69 90 21 70 71 -27 68 -57 58 48 24 -64 -76 -94
-90 -9 -75 61 -77 -8 -3 -76 -85 -42 72 52 69 -15 78 -26 -47 -23 85 -95 -58 -86 -86 96 35 -56 61 -7 -63 -92 50 79 -74 5 -95 73 -10 27 -88 -97 -43 -3 26 -37 77 -57 43 -45 67 66 57 63 15 -55 72 100 -57 7 60 -1 8 -27 -67 -62 -47 93 -40 0 95 -60 6 -8 -90 92 -30 97 -86 65 -4 73 5 4 45 19 -1 -87 -12 -20 -39 -33 -25 13 -31 60 97 -71 -37 -5 44 1 -99 -15 16 -89 94 13 -95 -51 4 17 64 -79 79 -88 -11 79 -91 -9 98 -3 55 -5 -63 -62 -38 11 -56 21 -48 -20 -9 -62 -15 52 -36 79 85 96 -24 -56 35 -47 25 -93 11 -67 -49 55 -3 60 7 17 57 91 -20 -19 -81 -40 19 -69 -1 74 -59 32 34 -37 -62 -35 88 -95 48 -59 47 -9 29 23 33 -11 9 -17 -88 -35 55 13 82 35 77 41 13 31 -41 66 42 -5 57 34 -81 -95 -97 40 -47 12 -11 -97 -59 65 99 -49 41 79 -43 10 -30 -71 72 -71 -85 49 -36 50 -71 81 -49 69 -99 -40 38 100 -77 -8 -91 84 56 64 -86 32 -85 24 -100 -28 -72 12 97 62 55 26 71 -22 98 -74 91 -46 77 -36 -88 31 -31 71 -39 11 -18 -82 75 60 -17 -45 100 -88 96 -28 -18 -39 60 70 11 46 -23 35 -20 22 -42 -1 71 -34 -9 -48 -22 -100 -1 24 36 74 79 30 -16 33 73 96 42 -71 -20 -45 44 -23 -48 93 -62 10 27 -54 99 -22 22 -49 -45 66 -5 -54 6 93 88 73 -89 -54 -77 87 34 61 -3 0 -77 93 46 80 41 -24 15 79 82 -41 64 78 91 -32 -81 -44 70 29 49 -69 -92 89 99 19 -98 2 23 39 -74 -20 44 -59 -82 -50 -71 -66 -78 83 -36 -16 58 -90 -20 -77 24 58 100 5 -82 -95 5 49 96 -31 -36 -80 -91 38 -17 -74 72 68 78 -27 -80 95 -82 -68 19 -24 83 -59 -82 98 -12 30 7 -2 -67 -23 48 43 80 -91 64 48 50 -79 -42 28 -67 -44 -89 56 66 57 54 28 18 43 -42 -73 -19 -25 -58 -23 71 88 62 94 -31 -93 69 100 -38 92 71 22 20 -77 -45 46 13 21 87 -38 -1 77 -78 54 17 -100 -70 32 -1 -95 5 57 81 -10 90 -60 41 55 42 45 -62 48 83 -12 -16 -100 -52 40 49 -2 -96 -2 78 -65 70 -15 -50 53 -58 -14 -1 -56 -36 81
42 58 -69 17 79 62 -56 -57 59 84 -52 10 -18 -93 -30 17 -32 39 -8 5 -58 -31 97 62 -72 -17 49 -22 13 -43 -61 -37 59 26 -2 -14 37 80 80 67 81 -10 -94 16 31 -37 -63 11 42 -67 62 69 77 -28 -10 79 -68 18 70 -18 -52 -93 -43 81 81 -64 -59 -47 -64 50 82 -16 52 -15 72 3 8 -92 -55 44 -66 -44 -22 -20 -70 17 -26 -61 -68 -46 36 16 -93 7 12 25 67 39 0 21 -19 100 -26 -23 -62 -4 15 -60 44 -69 -93 -77 69 -57 -67 77 6 -3 94 76 -75 36 26 6 -2 -3 15 50 80 49 -73 83 -98 -99 64 86 68 -35 49 92 -91 78 -82 61 30 -87 72 -30 -76 33 -60 25 64 -48 -51 9 -24 56 3 -34 -34 -57 -82 -5 43 -13 -34 65 -26 -82 56 -84 -39 62 38 9 -78 -80 -34 8 -61 12 -15 55 -88 8 29 -99 -85 -47 -76 -65 -32 -62 -22 60 62 -97 -2 -100 65 -80 -74 0 0 22 96 41 78 15 -88 -10 17 31 -11 20 62 -80 78 64 -95 23 -64 60 -18 -62 -64 -36 95 84 19 -40 0 -10 -74 36 -77 80 47 -80 58 -35 11 92 -36 -93 9 -29 -29 63 -10 3 -77 -50 35 -94 74 -86 -75 -16 -50 -78 -81 16 91 11 -91 89 -98 -67 29 22 -51 -35 76 -2 -90 24 42 68 73 92 -35 -97 6 37 1 -17 -4 -76 17 38 92 47 -18 -86 72 84 -16 -78 -50 -50 93 66 28 70 86 -59 5 51 -88 88 -19 57 -40 -22 49 -43 25 67 71 -94 -86 72 46 71 -37 -13 -26 -94 37 97 39 91 36 100 -75 -49 -84 0 12 48 70 -17 57 -52 11 -12 69 -64 -15 44 -33 59 -1 -64 9 -42 -31 67 74 62 -24 39 -44 -41 77 -85 42 -37 82 -66 65 -75 46 79 -89 72 25 98 -90 74 -97 -66 -82 -100 -84 56 -9 -5 -57 91 -41 81 -5 87 74 -75 95 3 41 21 -91 34 -26 92 86 -13 47 22 29 94 -49 -36 27 14 -57 67 -16 -66 75 -63 -41 -60 40 31 18 65 -16 69 77 -97 1 97 -62 83 65 20 -97 94 0 -80 49 -58 9 57 16 -55 -30 -6 -73 52 42 -37 25 90 13 27 -62 67 22 3 34 -40 6 82 47 15 -10 -65 73 55 20 64 -45 -9 -9 -98 55 35 37 -52 83 -30 -99 -9 13 -44 -58 24 37 -28 74 -72 12 -38 -93 -49 86 19
68 18 60 -98 24 -74 -64 -16 100 -42 57 4 92 -89 -27 -59 -2 -37 40 37 43 -54 22 -12 -28 -87 -54 16 -41 -61 5 37 -46 94 41 -48 -85 93 68 82 -81 -54 38 97 -79 -81 -31 30 -6 30 -23 -81 -92 66 90 90 -13 -25 29 49 -30 -48 -50 -47 89 -81 38 39 8 -63 1 -49 -59 59 95 -91 96 63 34 -64 8 15 63 -4 45 15 -81 -36 -92 88 28 30 -62 54 -87 65 -24 24 40 -60 19 -18 99 26 -54 -41 97 7 -15 -4 -51 -58 7 -91 71 16 7 -72 -9 9 -49 88 28 -86 -32 34 54 73 -94 -36 -10 24 -79 24 35 75 27 45 -9 -69 -94 47 -10 61 85 1 -66 26 29 -48 40 20 -63 80 2 -56 -44 -55 73 -77 41 98 -10 -90 79 70 56 24 0 91 -1 -34 -38 88 -97 25 -42 -27 56 52 -84 -69 92 -82 -3 -89 -34 -81 -86 -19 -17 98 -99 -56 -8 89 18 -90 -26 -47 -26 -64 -94 -74 -75 -50 -89 -45 -60 26 42 -4 95 -97 90 32 -90 -76 -49 42 -70 49 61 83 -67 -95 -96 -33 55 78 62 -80 1 59 -86 -42 1 -85 23 -49 60 1 2 -57 41 -27 52 -42 -32 -94 -38 40 24 5 -13 -67 16 29 7 47 -12 62 17 -66 40 -74 44 19 -29 -58 -53 98 35 -63 -44 30 -74 19 78 -35 9 71 73 -53 12 -2 -87 75 70 -44 69 -54 80 -49 -18 -94 41 -92 -33 54 -7 8 -61 -37 38 38 -88 63 -46 28 -99 36 97 -77 -25 -2 -48 23 23 -24 -89 28 -14 -10 51 -60 45 -28 -16 6 37 -30 -3 44 -60 90 2 5 31 -50 93 27 -64 -34 4 -29 89 67 94 51 45 -93 -21 100 1 -32 -20 2 -93 -34 -100 66 63 -40 -7 -56 -79 -8 -98 3 6 40 -15 45 -42 -82 -11 -44 -14 68 -30 28 -96 -17 -73 13 77 -33 -72 -57 -40 9 -92 91 -93 -78 -80 -50 86 -53 74 -8 56 81 6 -53 -71 -46 -24 -93 -23 45 59 -72 13 37 -9 -23 83 -3 -33 66 45 -11 -13 -93 -52 14 6 52 -46 95 -90 -70 13 50 -14 14 -59 34 -32 -42 88 -65 14 -13 67 -99 -60 85 56 -52 -80 -69 90 30 -38 15 48 40 -60 97 9 21 -43 -23 91 11 -44 -92 -93 -100 -2 99 -98 -29 -73 93 -71 93 66 -44 84 58 -76 -7 -87 35 -41 -46 24 20 89 14 -43 48 -74 80 97 -3
-48 4 45 70 -46 -7 88 -67 -57 -61 -7 31 3 13 -76 6 -49 32 67 82 97 -49 46 -57 -73 9 -60 97 -39 -79 53 5 -99 -3 -12 -42 1 -54 88 45 -2 34 99 -71 -9 -45 87 60 -73 -71 47 65 -46 -18 0 -30 67 89 93 95 -8 -52 15 11 -74 -33 -9 -22 85 -27 18 -47 88 21 35 41 -24 25 -90 -19 25 12 -41 -42 -37 -63 81 89 -34 5 55 -48 -32 -3 -52 -83 -78 89 -99 61 70 -44 39 -88 75 24 -72 33 4 51 -85 89 94 75 20 26 -26 31 -92 -51 26 1 -81 60 -97 98 -2 76 54 -84 76 -1 -50 86 -82 -97 -24 -66 -64 -52 45 -27 70 42 84 -87 -52 76 37 72 -55 50 20 48 -49 -100 -87 30 -16 86 16 -68 -82 -75 -92 -99 -100 93 15 89 -19 -28 17 32 55 67 -10 -24 -53 47 -50 68 -28 4 86 -28 -64 19 0 -12 49 -35 -71 -48 -73 11 -88 -83 40 13 51 -58 88 68 28 -84 -64 -97 38 -3 -52 11 -69 79 -75 63 -43 63 -51 1 -40 29 51 64 75 3 -20 82 -53 -46 -44 -3 -24 30 -42 -48 40 -18 68 -14 90 -15 -90 -70 -58 12 -19 -22 3 -8 -27 -55 0 26 1 -66 -16 53 2 -95 97 59 -50 68 29 39 81 -76 -52 -34 -17 -72 41 -15 42 -61 94 -99 96 7 -100 5 51 32 -90 -74 50 -2 -5 34 -80 -1 -73 -27 -82 11 -10 -29 97 74 19 75 42 -94 85 -12 70 33 35 40 -80 -56 -86 85 84 -62 1 -58 32 -52 77 -9 -51 -79 -25 -75 29 18 -48 49 87 -45 55 93 59 17 85 73 -94 -6 -69 35 -28 90 -10 28 -56 98 -34 68 -84 28 68 -23 69 -73 6 -59 -39 94 -40 -73 30 32 56 -31 -40 -67 9 -82 76 88 -100 -29 -52 89 -34 -62 -41 -39 -71 100 -77 33 -95 71 50 17 -6 53 -66 72 -16 90 81 -49 -62 -46 23 18 -42 -87 -69 -8 18 43 -43 -54 -30 -17 -34 97 24 0 2 42 46 81 40 5 -88 -12 72 60 -95 63 48 21 0 -59 9 68 -91 -78 90 34 6 -47 -57 -100 58 29 48 8 -82 26 -30 59 -48 12 -22 25 -84 -43 -23 3 -62 -96 -64 -90 11 -1 -14 -58 22 75 32 -3 24 -12 51 25 41 -54 96 15 65 75 -79 64 -49 -31 -61 -60 5 -2 82 -93 35 -100 -81 2 -74 -37 -39 88 -62 60 -9 -31
12 -35 -45 87 59 58 -37 -37 -56 -83 62 -94 55 -10 10 -26 -41 -8 -95 -56 65 33 -10 -51 -36 -25 67 -89 79 85 -19 90 94 -81 24 -74 -4 25 84 -5 54 -89 64 27 23 -38 26 28 -48 87 -58 23 -80 -24 94 22 -28 33 3 -98 3 -79 -20 -4 -46 -38 -43 -14 -62 18 -14 -7 -53 -15 28 -77 -23 14 16 40 -8 -94 -98 -90 26 21 -98 -94 60 -96 -84 -3 67 -46 -93 -33 6 -96 2 24 -53 -31 28 74 84 -22 92 -20 -30 -38 -61 3 43 22 -68 48 -36 48 -71 58 76 -17 19 40 27 -69 5 20 5 -82 3 87 -72 14 68 7 -7 88 66 -17 -5 -48 -88 -47 -30 -64 38 85 15 42 34 -16 81 72 82 49 25 -71 80 -4 -51 -60 -65 -63 -67 99 -14 60 89 -36 -62 12 -74 64 36 -5 64 -46 59 24 78 -68 -14 -80 61 -46 60 70 79 24 31 -56 21 -74 83 30 62 -35 -60 28 13 27 -89 79 54 -46 55 -99 72 -76 -7 21 -55 25 -23 -84 21 12 -6 84 72 28 85 -5 83 -4 -61 -75 -86 -30 -84 16 -1 -30 91 23 -33 41 69 -56 44 -6 -9 -30 -93 1 71 -100 20 60 -67 95 8 22 45 -23 40 -1 -3 19 40 -4 47 100 -68 -61 -10 -48 21 -21 9 79 -33 12 -25 -6 -63 51 -70 -86 -54 -55 41 28 48 -35 -58 49 -45 -41 -84 27 39 -91 38 63 -51 38 79 99 -33 42 -46 43 -81 33 38 -76 67 -25 -84 54 -26 -67 -30 -68 6 -76 66 47 -39 -48 98 -88 80 -61 0 95 26 -46 8 -53 -81 39 -90 -98 35 -43 98 -19 -21 7 72 -4 -90 56 -57 -66 -36 -63 37 23 -61 -63 88 33 -46 -60 79 -17 71 63 -67 76 -71 62 58 -9 59 73 -19 62 78 -4 14 55 -60 32 -20 10 42 -71 -71 37 15 -28 -39 64 -97 89 12 90 43 87 -61 9 -71 49 -49 -97 47 94 -75 60 57 -13 -59 -80 46 -58 41 100 95 55 72 -71 -71 65 52 67 -22 58 -20 -94 -44 70 -39 20 56 48 -11 17 -11 29 -50 9 90 8 -9 -72 50 -89 20 12 -25 -80 51 16 38 -75 -97 -36 93 -76 56 100 46 -42 -66 -66 -55 30 -80 21 -27 -34 9 -65 94 2 74 -90 -100 -62 66 31 -50 88 -9 48 97 86 -89 30 -88 57 35 -90 -36 -53 11 -47 89 -44 -27 72 -43 98 6 94
17 42 -58 -66 -68 26 -33 -47 -23 -3 6 -68 -92 -90 8 68 80 11 -1 -96 -86 87 13 99 3 10 -67 -19 -59 73 20 85 84 -34 2 60 -82 49 20 -3 -5 81 55 38 72 -45 -21 22 47 69 -8 -60 -91 78 -15 2 -8 -21 9 -99 -60 26 88 -69 -16 19 -62 60 52 -46 43 56 64 86 15 41 -47 67 -28 -39 -51 29 9 89 -94 -53 -59 -66 58 61 20 -41 -55 50 90 -74 31 64 61 62 35 -42 49 -9 -70 -41 -67 -20 -62 -67 25 -55 77 -59 54 81 -69 -66 -22 34 97 -4 79 100 -79 33 -53 -44 76 62 -57 7 -98 73 65 27 -95 -60 -100 94 -57 -90 -75 80 -9 23 4 4 -52 54 20 14 -1 72 34 37 13 -78 15 -56 49 89 -43 -10 14 -72 -25 53 79 95 2 29 30 -63 -99 63 97 -55 50 -67 -16 -75 -53 -50 94 -58 -55 72 -59 49 13 -50 18 2 -50 -57 -75 28 100 -65 -31 14 67 -6 91 -68 31 34 42 -83 40 87 50 -23 -85 68 41 43 -3 26 -67 12 -88 71 91 -88 2 41 20 48 41 57 -21 -68 -88 -48 79 -9 -77 60 38 17 -7 -44 98 36 -96 -40 99 29 91 -58 -59 56 -85 78 -44 63 42 27 -38 56 82 -28 67 38 43 -18 -82 89 45 -80 91 47 51 5 22 -51 -52 -53 -86 14 -24 -12 91 -74 4 22 -40 -88 -51 96 91 -49 61 -8 17 27 -4 40 -54 32 -20 -11 -82 92 89 -44 -35 44 70 -55 -78 -69 46 50 -49 -48 43 -75 60 49 -25 28 95 66 4 5 78 69 59 -49 -86 78 67 -14 -79 -1 -45 29 -59 -62 -20 60 -1 -17 95 -8 36 -37 45 64 -34 11 30 2 -22 66 23 -27 -93 49 49 -91 -62 100 -4 -99 -7 -73 -38 -73 -31 -78 14 -5 58 -47 17 15 12 -92 64 20 90 -74 52 -94 41 95 46 -70 48 97 93 -95 35 63 0 -18 -89 17 -57 -21 -80 -37 -65 43 -87 -91 37 -10 16 -81 40 -20 92 41 63 100 18 64 -51 -31 92 -39 87 100 22 -65 50 97 -52 -42 2 -27 -52 84 -44 -93 -98 19 -37 -41 12 84 46 71 -55 61 60 43 -8 -73 -25 -2 33 66 52 -19 43 -73 49 -17 65 93 75 -48 81 -62 -96 0 65 1 2 -21 -71 -53 68 84 22 45 -98 -15 92 -93 7 17 -91 -68 2 8 4 43 -71 54 53 -80 33 22
-30 22 -68 -2 -48 -71 -50 -3 48 50 -15 26 -60 60 69 -38 -50 -17 88 25 16 33 60 7 -11 67 51 -96 -32 9 47 -35 -50 78 11 -57 100 -85 25 -72 56 92 -30 81 -77 -16 29 -47 77 -69 -41 -65 1 29 61 -8 9 -41 24 56 27 18 38 -68 -82 -85 -75 26 48 57 65 -63 -20 81 -23 -15 61 -59 14 -61 28 -93 64 -57 13 -56 -21 -65 -92 -86 -33 40 42 -69 76 -57 49 20 -97 -17 -46 84 -53 -61 48 32 -75 -69 73 -72 -48 -88 -64 51 89 -81 -63 42 24 52 98 22 21 -62 100 97 -12 -47 14 -74 16 81 -88 35 -53 51 33 -66 94 -80 74 -80 -36 -9 23 -23 -54 10 44 26 21 65 -1 69 17 -16 88 -13 -87 17 75 -94 43 -40 -80 -99 73 -23 -90 6 69 73 2 -17 33 -40 80 46 84 96 -82 -56 21 -4 50 65 -5 44 27 -70 -96 -45 36 -59 -4 76 78 -96 10 76 -12 -88 -16 -14 12 91 -40 33 46 -45 -5 84 -81 45 -21 52 61 65 -10 -45 -17 -33 -60 65 64 80 -84 75 62 58 56 10 27 -39 72 52 86 -31 -3 -100 -49 -12 61 43 37 64 -94 84 75 -66 -11 -64 -27 -75 -5 -3 84 -28 51 -4 66 86 62 -75 26 22 14 -37 -91 69 -55 29 68 53 -1 31 -50 -2 -59 32 76 3 -31 -6 3 -29 29 66 47 -57 -40 14 0 91 -9 -29 80 -54 51 25 80 83 13 -84 -93 -2 69 -20 27 -31 -74 -5 -14 -63 -53 91 52 -80 30 32 -47 76 -44 84 92 7 74 85 -52 -61 -23 -63 -90 8 -89 8 13 63 -14 -15 13 -7 62 -14 51 -51 -63 -99 9 -89 83 55 -6 40 -29 -84 96 -2 95 -49 53 -42 28 21 -85 53 -34 14 96 83 67 66 17 -17 21 -7 -70 49 0 -39 52 5 -84 52 -55 52 -80 -66 -14 46 47 -61 75 -16 56 -60 65 24 -70 44 19 -84 -25 -23 96 -36 -22 75 20 24 17 1 -8 -47 -42 -95 -64 35 33 -14 -28 -3 80 99 14 -71 6 -46 15 -92 28 40 -96 -35 11 18 1 95 52 4 -87 48 -32 99 19 69 -47 88 -61 -99 43 18 27 -25 75 -92 15 11 -88 76 0 -47 -8 24 17 -45 22 -42 -9 51 14 17 -97 1 33 2 -1 8 -45 22 -40 -43 -93 11 -81 19 -8 -57 24 -42 93 -45 99 75 35 55 -17 66 -28 -2
56 63 -23 51 82 -54 63 -63 71 -99 -55 -59 -33 4 26 -34 -79 -37 32 54 -84 0 -8 52 -52 38 -26 -78 -87 -38 -83 -63 -19 19 -20 -56 -35 -5 -33 -42 -43 68 -23 28 -14 15 94 -15 17 55 -33 86 -33 -7 -36 -9 16 12 38 -4 16 -50 -89 83 27 -32 -5 -22 0 48 -14 -73 82 -76 35 88 -64 95 97 -74 58 -17 -15 94 -70 -37 45 -38 55 -10 -5 10 28 77 8 34 -93 71 -52 -64 -16 41 -88 10 -72 -46 46 -92 94 25 -93 100 -27 -91 -89 -94 -53 -83 -73 -9 1 -21 -99 58 44 -75 88 -98 -61 65 -81 58 32 63 -80 1 -72 37 93 -3 -9 -87 -80 -77 -80 61 -77 88 -77 -43 -25 -46 -64 -92 -59 -69 -12 69 86 -44 -91 61 -98 90 91 -30 -54 -89 59 -34 17 -22 9 28 -75 91 44 44 3 -59 -56 98 33 57 -67 -8 35 -73 -26 -38 74 -40 88 -47 4 -22 35 91 -40 88 -22 -10 -53 -54 4 -100 -47 -94 -28 91 -69 85 -58 -48 66 41 -79 65 -5 70 -65 -77 -76 -36 -54 25 13 -2 10 94 -20 -9 70 35 -21 -96 -68 48 -23 12 -34 -91 76 -46 -26 31 -12 -2 53 -9 28 -71 -14 69 9 -31 -82 -13 -65 21 -75 -16 -26 68 45 59 64 -14 -73 -1 -55 -37 -62 97 -45 -22 95 82 42 27 -64 -73 -86 63 5 -87 63 -31 19 -27 -90 66 72 -2 -54 -100 -90 27 94 -53 89 62 -100 -94 -94 52 -69 23 -57 93 -31 94 93 100 -54 13 20 -51 -90 75 -87 -10 -93 49 -22 65 -86 4 -8 -95 -11 93 57 12 78 -92 -17 20 -69 -22 16 89 -41 -90 -52 87 -40 -5 69 -17 85 -47 48 0 27 -68 -67 -71 -17 31 -77 18 43 96 -36 37 33 97 79 -79 -56 86 91 -37 91 74 75 74 81 32 -86 -86 -22 8 -73 12 -35 -77 -26 43 27 25 14 3 -22 49 42 19 -29 -75 -44 -27 38 87 -56 96 -16 85 -73 -64 46 -20 58 59 -90 -100 50 -10 81 -17 42 94 19 10 53 9 46 -95 95 -87 -23 5 62 4 -44 76 -22 -94 -87 34 -78 -61 28 -26 -99 43 -38 93 -31 29 15 2 -89 -85 -1 22 -55 79 -8 -53 59 61 -77 -59 31 -38 -97 -9 59 18 -59 64 -66 58 45 -81 -54 -90 96 -68 38 78 36 -30 73 66 -44 52 -31 64 -29 -100 -35 -93 -25 -85 17 -16 32 -13
-14 -12 13 38 -84 -46 95 31 -51 84 -44 -16 -48 31 -59 -86 80 21 -51 23 28 87 -15 43 53 44 42 -97 79 -70 37 46 70 8 -2 39 77 55 -31 -15 3 14 1 65 53 48 -17 -21 -48 -67 69 98 77 38 55 -84 -43 -61 -50 -80 17 27 7 -22 -92 4 -64 34 -2 62 100 97 -77 -83 63 28 -75 81 -42 41 6 40 -25 -26 -64 -24 52 98 56 84 -51 64 -80 91 92 21 -84 64 -30 -56 13 50 18 -57 74 33 10 -72 -46 1 57 -13 -25 54 -78 -3 -85 -58 -76 5 79 -74 4 28 26 -95 -53 -68 -66 81 3 -78 -10 13 51 -72 2 -40 72 -3 5 67 -59 0 84 19 81 -57 24 83 -95 -32 69 -37 17 -83 48 28 -4 69 -81 -58 -54 15 -78 -88 87 -68 37 -22 -29 82 4 38 -70 -85 -95 -42 25 14 82 -74 75 98 -90 51 71 31 -7 8 44 -23 -24 92 -51 -8 -54 -13 50 100 -19 -98 48 -59 -62 89 -77 45 -1 -2 68 -35 72 -22 77 64 -29 -96 29 3 -8 -1 43 -20 94 65 18 52 4 92 -82 64 -77 -35 -88 -32 -4 -53 -27 72 61 29 -95 -11 4 -13 66 58 58 -57 87 57 88 27 -96 -6 76 14 8 79 -10 -24 -94 -50 -94 -36 -61 -24 -51 -43 61 -87 16 -46 10 45 63 -89 24 -98 -56 -22 67 -93 33 44 -40 94 3 70 18 -72 23 -12 98 6 -13 13 -76 -45 7 53 5 52 71 -39 -11 -81 73 -100 17 59 15 14 -91 87 71 -83 -12 -93 -69 -73 -38 56 -95 92 -24 -76 37 78 -43 25 57 -87 6 -71 62 59 -30 16 -85 -39 24 79 94 -16 -63 48 82 -9 88 54 38 -93 61 -22 54 84 -12 -92 68 -37 -75 38 -37 80 -2 88 -32 -87 -10 7 -79 -7 -70 1 -59 82 -70 -76 -17 -82 69 95 12 12 -45 27 -19 -19 -98 20 61 57 22 -76 -25 -49 -10 -32 -51 -65 38 43 -66 61 20 12 -38 77 22 -58 76 -58 0 34 77 54 44 52 -15 -31 73 7 -93 -63 66 64 37 74 -5 84 -86 -30 53 32 68 20 -43 25 50 51 79 -68 -87 42 -49 28 37 74 -54 -94 31 -41 -16 30 -42 1 26 -30 5 -21 0 -45 -17 9 -16 -74 -82 100 20 -7 -98 -10 19 53 98 18 55 -80 -37 30 -67 -49 97 95 -49 35 6 -37 40 11 -36 -19 65 -63 6 -22 -99 12
5 -49 -82 100 -92 34 -9 49 44 -24 -33 -1 43 47 -86 -16 -5 6 -100 0 42 88 -40 51 57 -95 19 -87 -28 79 88 -47 -96 -61 83 94 -73 -77 31 -88 -27 -50 68 -46 8 -61 -89 -10 -34 93 -22 38 -30 -94 44 78 -96 -17 40 97 24 -72 -29 99 15 87 -93 83 -45 -34 -19 84 59 -32 -69 21 16 60 -42 -84 -59 81 -22 80 50 43 91 -59 -7 -94 -5 96 -2 70 -51 -44 -73 -38 21 -87 2 53 10 46 94 56 -3 -83 -58 -37 11 79 -37 34 52 -30 -34 73 3 54 -76 18 16 -61 -42 -26 74 -21 -87 65 62 -86 -69 -92 77 -73 -25 43 67 10 -76 42 -2 -1 33 21 -45 -39 -75 -64 -45 -49 52 -88 40 -94 86 -46 -27 -62 -74 85 -100 -100 -97 11 -96 27 -41 -2 -7 -26 89 98 87 -24 72 -88 37 17 -9 35 -2 -94 52 41 -18 -49 27 57 -88 40 74 14 93 31 48 -66 -70 -5 66 64 -5 85 19 -53 10 15 46 67 -82 -26 -35 96 46 58 61 -51 1 -37 32 68 -65 70 -74 64 -60 74 8 0 68 57 -71 73 -32 35 42 -82 -49 18 34 81 -85 87 2 30 88 -53 8 8 -1 -32 42 50 82 67 -5 -81 15 -8 -16 60 57 -6 -86 42 -33 -15 80 79 -83 -18 63 32 -88 -68 -74 75 -97 27 61 98 -31 60 -77 -71 42 -93 68 34 -66 47 -97 61 53 94 84 -79 -25 16 47 34 -59 -96 74 6 25 -56 62 -77 -4 -74 -11 75 85 -51 -19 -98 15 60 31 54 1 -53 35 -45 16 -63 -1 47 52 17 87 76 99 74 -81 46 -8 44 68 13 -93 -54 73 12 78 -87 -52 -98 -3 46 98 92 -6 44 -95 98 -56 40 -96 -26 68 26 22 46 21 -5 -45 60 20 -24 -94 15 39 -82 64 52 -8 -78 40 1 51 -93 58 51 8 -9 -58 20 -86 28 -41 84 66 -73 -39 -27 -9 79 84 24 28 29 16 -30 -63 -75 -23 -64 73 91 -93 -79 -78 86 1 75 24 -75 -46 -7 17 -31 40 72 73 -61 90 -2 49 24 76 34 81 34 -21 -84 38 0 -56 -30 27 -30 -26 81 92 -7 -72 -16 50 -37 65 -99 66 -83 -91 53 28 -98 -31 48 85 -76 10 -36 -76 63 -15 -71 5 53 4 68 -32 -90 -57 89 -47 -1 85 47 73 49 100 9 -86 -63 -31 93 -48 32 -29 -56 -43 86 59 -78 12 -83
37 -18 -93 -28 -36 -38 79 16 -9 -9 89 9 26 83 51 -54 53 -31 82 7 -15 73 -41 55 81 78 -12 50 33 86 -71 92 96 -99 -83 73 89 26 -53 -95 29 58 -74 38 74 11 -37 -8 55 -25 45 100 -94 -35 -21 11 91 17 24 -73 -43 17 -81 43 -39 57 68 -18 -9 10 -5 -10 -95 23 -47 -28 -66 22 -63 -9 -78 -54 -63 45 -93 33 53 97 17 -14 -43 -30 -74 63 49 18 -24 -83 -37 -76 96 18 19 75 -100 -71 86 62 -23 55 -31 -99 3 -61 75 64 32 -90 57 -36 -49 -56 -26 -77 12 21 -95 -69 -84 49 -19 -45 84 34 -53 54 -43 1 -12 78 65 -26 -36 69 -76 27 35 69 -61 -70 -84 46 -18 48 -27 -90 -62 -22 -20 -20 83 17 -43 96 -13 75 26 -19 98 -13 -17 -32 -93 -3 83 -19 -53 97 49 -89 -75 -20 -99 -29 -24 17 -74 14 69 35 -18 -44 -44 44 -87 -60 -44 2 -25 76 -29 -29 -45 -27 -10 77 71 38 -64 61 70 -16 -77 -81 79 85 -84 92 75 -7 -11 -9 24 -66 -1 4 -43 -38 -7 -49 -55 26 -41 -7 -31 -59 -82 -75 -34 -34 -80 71 30 6 86 -27 37 -52 -4 -57 67 -89 61 38 -99 -43 -9 7 3 -46 19 99 84 -5 -7 -42 -87 60 8 5 7 2 -1 -80 -77 97 65 -52 81 85 -23 95 -45 25 9 -12 14 -87 -29 -59 -37 20 -88 -63 92 93 44 1 67 70 29 -9 -56 70 16 -10 90 -31 38 85 43 67 91 48 -97 84 26 -4 -91 14 -42 63 -12 -79 -32 80 4 -81 -82 -48 81 -60 35 -22 14 42 -32 40 7 90 18 57 95 -34 -45 91 30 -6 -70 -13 -71 84 90 55 -4 93 -10 15 30 43 52 44 44 -37 -46 98 -96 10 25 75 76 26 2 8 53 -36 -10 -9 44 45 33 -85 -77 29 79 18 93 28 -37 68 66 -70 65 15 -5 2 47 -49 -46 -20 -98 -74 -91 -4 10 40 -12 -71 13 -67 -27 -28 -28 56 -62 -88 8 -73 -22 -77 10 -72 -29 44 7 27 -52 -82 76 42 30 -62 91 -24 96 70 45 0 -87 -93 -57 -80 28 -83 100 -71 39 23 -45 -44 -77 -50 -90 -62 21 -28 73 54 34 12 88 80 -53 -30 20 -21 0 41 -18 56 -3 96 -25 -95 9 -29 -27 -9 59 -50 -14 46 100 -39 -24 -21 48 97 -5 26 -19 52 -42 77 -11 -55 -2 -99 1 76
4 9 54 -96 36 -90 -71 82 39 24 -41 79 58 2 69 -42 -52 -73 11 -60 1 57 -70 -94 63 78 -7 97 44 -81 -80 32 0 14 -95 -32 -7 -6 -51 22 -85 70 -83 -52 19 -50 33 97 70 -99 -63 -6 24 76 42 -76 -37 -41 36 17 -22 -79 -10 6 -51 5 -32 23 53 5 67 57 11 35 5 0 -7 -66 -45 71 -52 -91 13 9 74 75 50 -22 64 0 -35 17 50 -84 -28 61 -94 68 -99 -29 -16 5 -98 -17 -6 63 -91 20 -24 100 -70 -35 20 92 77 46 53 -29 89 -98 -49 -68 18 55 -91 -88 11 99 -99 96 -83 38 20 -75 -72 -84 65 -92 -60 17 76 -49 -56 -39 -57 -71 30 69 -69 -23 -77 23 -74 50 8 65 -46 -47 18 18 7 -30 4 -26 -33 -15 51 5 38 -84 -25 -19 -75 -68 21 25 21 74 47 -11 -23 45 31 36 96 39 19 -85 37 -46 -100 -60 53 14 38 -15 -10 61 -17 -94 -56 -25 -39 10 -34 -16 -17 33 -20 13 -10 72 92 -31 -93 -74 -99 51 -56 -82 -58 -66 55 -93 58 -25 38 84 -29 -28 61 -56 -53 85 57 -52 -38 -44 63 -89 -66 1 -96 -82 -40 2 -83 -17 -33 65 -21 -3 -79 66 52 97 19 -66 47 80 -71 -65 32 74 -20 -82 10 -17 -57 -55 -88 91 3 21 42 -56 -55 -55 96 -82 -69 -71 13 -68 48 -38 27 -87 73 85 59 -1 26 -76 0 -84 -96 8 59 -24 -23 4 100 -51 -46 -36 12 43 44 -94 55 -9 -60 57 -19 -92 -30 31 -99 74 -74 66 -47 46 3 -53 -16 30 -29 -14 -71 67 -32 -9 -15 73 36 -66 72 19 26 -32 -92 -53 47 -57 -6 -62 63 75 61 -2 52 -55 70 14 -32 -20 -26 19 97 43 -56 -25 1 -1 63 -73 -4 -38 36 -1 1 35 -35 79 43 40 98 -8 46 68 -16 -64 -96 -11 20 -60 68 -55 -68 -33 60 50 -94 15 47 -44 -8 -86 -45 98 -66 -3 -18 52 84 78 14 24 -79 -3 -82 -25 -45 -50 -24 -63 -12 -96 74 -60 -34 -59 55 -28 -24 -82 75 -15 54 -13 36 68 -20 -84 71 28 72 70 -92 31 97 4 78 -50 97 -81 -65 -85 -66 -84 -42 -85 -97 95 77 26 -4 -79 70 -3 22 -19 16 -93 -26 -28 46 -57 -6 30 -38 7 29 -91 -58 8 37 -61 70 7 -21 -61 45 -58 5 -47 -27 74 -54 -7 -31 83 22 -20 41 -8 -19 88
-95 33 -86 94 -74 58 42 -42 12 77 -26 -47 90 77 50 -48 -22 -71 -51 3 -57 58 74 -81 36 36 -91 0 -11 60 32 88 25 -8 7 85 31 -65 -64 -40 92 -81 -99 -48 -57 21 48 62 -8 -86 -45 -98 84 -56 37 5 -98 -81 -54 -57 -6 -58 20 20 -12 82 -2 51 18 6 44 -20 -80 77 15 -45 56 -82 -15 27 73 -21 -51 -95 -77 59 -19 -78 0 27 1 17 54 -62 33 -12 64 -74 68 -97 31 45 17 77 95 40 -48 -79 63 65 -78 72 74 52 -15 87 64 -41 -18 90 -63 25 -67 87 39 -14 -85 18 -3 88 -42 -18 -31 -67 -9 -17 35 -76 49 62 -17 -58 -53 31 62 -59 77 -96 -33 80 -74 -42 40 -88 -82 -20 26 16 85 16 39 84 -76 82 -69 -49 -73 55 71 -37 40 33 78 54 26 -73 -64 -52 50 25 -82 -53 -37 -24 -24 -54 -60 -6 44 -88 -79 34 77 1 79 -16 86 86 -11 -82 11 97 41 -56 1 53 55 9 -83 -63 -28 82 38 8 -76 13 -40 -43 90 -54 -52 -32 -73 -29 65 73 -32 -19 -16 72 -82 -76 39 -59 -65 33 -58 95 -52 25 -5 38 35 -47 -71 -31 -72 31 29 -28 97 25 -97 98 68 -50 65 -89 -86 65 50 64 42 32 -58 -40 -28 -50 -50 -4 -99 66 -29 -78 30 39 -88 98 92 -31 11 -33 -86 23 -92 -29 40 45 -52 80 92 -75 57 -89 -26 0 21 -48 49 -39 33 36 71 82 81 -66 -20 -30 1 -29 -51 20 -60 -15 29 -47 53 73 -92 34 -54 55 73 -95 -59 -6 38 -14 32 20 3 13 -57 14 -57 -42 62 -10 2 -52 42 68 48 -32 -84 13 -65 -15 -80 70 12 29 79 6 -57 -98 -75 0 52 84 64 -5 71 -5 -95 74 -96 -59 91 81 80 35 1 89 97 66 0 56 52 -60 28 61 -73 7 86 -82 -84 33 -43 36 100 69 65 -80 99 -25 62 14 -63 -3 10 -30 30 -90 23 -81 -32 -74 87 75 56 48 -39 -13 27 -36 -68 -80 -30 -46 -40 48 -23 -24 66 71 -79 99 -84 47 -4 53 80 66 -84 -17 -18 -4 47 -17 -23 -16 51 -8 -89 -78 81 -95 54 -18 -16 -10 48 -49 -63 -4 93 -18 -2 84 -18 -80 78 9 93 9 -53 74 60 -48 -81 93 86 -38 65 20 94 94 33 -59 16 53 40 -99 -56 97 -92 -39 -83 -94 63 75 -97 -83 -27 54 24 -85 -73 41
-22 57 -98 -35 60 33 13 -17 7 92 -17 95 17 -23 -93 -31 -78 90 -71 10 84 54 -53 -64 9 -71 -33 84 2 -45 65 40 50 6 -65 96 -10 55 -48 29 -38 -97 91 -14 19 -26 97 100 75 9 -15 -69 48 33 62 98 84 27 30 -98 -76 94 35 36 4 -91 81 -61 11 80 30 89 97 88 -61 20 23 -24 -71 28 -94 -44 76 71 57 -57 -54 31 58 -66 32 -58 -88 76 -7 12 56 76 -35 -70 -58 50 43 -12 40 33 8 -51 -20 -16 -18 -23 -89 -100 6 -88 25 -21 -16 -46 18 -43 31 67 62 6 -22 75 -84 -87 -11 -84 71 86 10 42 99 51 -53 23 -70 73 -60 -94 -15 57 -89 57 61 43 -27 -97 -31 73 37 -48 -41 -93 -33 27 41 -78 -56 64 87 91 5 -38 99 -42 41 48 -23 -13 -15 56 28 24 -100 -74 -29 67 -27 -20 -93 -51 -69 -94 91 49 11 -61 87 -91 26 -66 14 -10 38 -93 -10 -13 74 5 15 76 83 80 62 -44 11 -26 -10 -26 23 27 -98 78 26 -49 -29 48 -86 -86 -14 16 60 -33 -40 -60 75 -86 -17 2 -24 -73 -53 33 -28 14 -87 -61 -19 92 -80 -76 47 -24 -34 30 -72 75 19 44 -52 51 -29 -58 -46 74 -58 27 -89 99 -55 -11 -11 21 -100 -51 -53 -11 -51 -60 81 -50 28 81 43 -32 -95 -34 8 54 -95 -74 0 73 14 50 93 -19 -40 19 25 -9 56 41 -5 82 72 85 -24 -22 11 83 33 0 -12 75 70 74 -46 -58 26 67 19 -13 -51 100 -50 -45 16 55 67 -59 89 -50 -35 34 -79 54 -77 76 -43 -66 -20 98 -95 10 68 2 -59 4 62 24 77 -65 -69 -79 -19 -94 1 49 91 1 -8 -89 90 81 5 -7 95 73 -54 18 3 44 70 79 85 85 61 34 -91 17 71 57 93 49 72 -15 74 -2 17 -85 30 -54 18 -24 -63 10 -77 -54 82 52 -87 83 -63 -71 -7 67 53 -51 -59 -36 -8 -9 -55 18 14 70 33 100 -41 -37 -26 -16 -84 13 44 -71 -65 -20 -48 78 70 -51 -85 -47 24 95 0 -23 -83 90 -55 -23 -50 50 84 -13 74 41 46 -10 -72 -27 -1 -12 99 -94 49 52 2 -100 55 20 65 -60 30 -55 -35 -11 22 -10 -21 5 56 34 -45 -18 -55 56 54 -19 -20 53 -89 71 33 -73 -36 70 88 64 93 -18 -72 -31 -19 -38 -30 -66 -66 9 98 -14 -48 73
-93 -63 -48 40 84 -49 -68 17 -38 80 97 -51 23 -72 54 69 -29 14 48 72 82 -43 92 26 42 -13 -97 75 -42 37 81 -86 -7 -26 43 24 36 3 -4 -63 87 35 -68 71 7 -27 85 -97 89 -26 32 36 -34 -19 -100 -34 -52 -8 31 24 -50 -24 48 -11 -25 -28 71 19 -92 -32 80 69 -25 70 93 42 -56 -58 24 -2 -31 -13 -96 67 -84 -99 -60 -79 -71 -15 12 -33 1 -97 50 85 -81 14 -72 4 -57 97 26 73 88 37 33 -8 -24 -18 75 -40 -80 74 57 -86 67 85 57 33 -35 -69 57 -16 80 -4 87 30 78 34 64 19 6 -90 -35 -78 -53 -48 92 98 -48 78 -19 36 -48 0 -81 60 -51 0 78 1 -95 -87 -31 -12 69 -49 48 9 8 46 -51 -16 21 64 70 16 -32 -57 9 15 -70 -48 -77 -92 -98 -72 -91 -31 79 -62 -7 36 87 -45 59 -5 72 -12 95 68 96 11 -47 5 -63 70 -5 55 25 74 52 -31 -84 -99 -10 66 -41 46 92 -32 46 -15 19 -14 -99 87 13 -26 32 2 -43 -7 11 18 4 -26 96 76 61 8 80 -16 13 27 38 -49 -89 30 -82 5 18 23 87 45 64 59 -62 34 -67 -87 -8 83 -88 -88 34 98 7 -12 75 -96 5 23 99 75 -9 -28 31 -61 17 -64 -9 56 15 5 -97 -13 98 -96 1 -71 -91 16 28 53 -53 85 48 -78 -46 -78 -99 -12 -8 53 -56 -25 71 -73 52 -9 -71 14 -89 -49 -98 -62 10 -37 19 -45 -9 -15 30 12 -76 -13 80 30 30 23 -65 51 -48 91 -89 85 65 -40 23 40 -80 -54 60 99 13 67 -92 -17 -20 -8 -31 -77 58 89 -26 76 -24 -38 -65 82 33 88 -2 51 -13 -20 -60 6 -92 74 -42 -5 -45 12 -19 -86 -74 -80 46 85 -16 28 -19 27 97 87 -16 12 79 -28 38 -68 18 -34 -30 -60 -58 -3 54 61 40 -32 -93 33 -15 55 -29 86 99 -100 31 0 31 -94 58 -44 -55 75 71 -65 54 -67 45 58 75 59 16 -82 34 33 45 58 -43 -29 79 49 55 9 1 90 -61 -14 68 -84 15 -26 72 95 69 76 46 53 -18 -84 15 7 79 32 -35 -75 10 -31 35 57 -86 33 55 66 50 55 -41 -70 -77 8 82 -80 43 -15 27 35 -11 -78 38 10 52 4 -10 -23 26 -56 9 52 16 -13 14 -71 -12 -73 88 65 67 -91 -66 64 -65 -29 -96 -14
-59 -100 -88 39 -6 6 -90 31 3 95 -66 -15 -64 85 88 53 -90 -44 -35 89 -11 -93 15 -93 47 -14 -94 -56 77 -39 86 -49 -89 -17 38 -52 56 -32 -58 49 -78 -97 70 58 -21 87 -2 -91 -56 -77 -95 -9 21 49 58 -5 48 11 -37 -87 -63 7 36 -16 54 11 -86 11 -77 86 64 -9 97 81 -75 7 68 -77 32 62 38 -13 97 97 -42 -100 -40 94 -19 -81 -71 -22 59 32 -8 -89 -89 -58 -67 4 41 91 -41 -66 95 33 -60 -56 96 21 10 -92 4 5 9 -35 91 9 -46 21 -80 86 92 40 92 -30 18 -46 -12 71 -89 71 62 5 51 20 -48 -4 21 -5 0 38 17 29 46 23 87 56 -52 59 100 -73 -30 5 82 -18 14 78 25 6 97 77 71 -60 57 17 45 -32 -11 5 96 -56 -59 65 63 -81 -5 -30 -19 -45 32 31 42 64 -48 -78 11 -41 -33 72 -97 -41 5 -72 -34 29 -52 84 71 77 -11 -8 -83 -38 71 -26 79 1 -51 79 -13 -26 49 -45 34 54 12 35 40 -33 -96 92 52 87 100 14 -80 69 75 -16 -78 -59 -63 -79 -31 -23 -25 -43 -37 -24 84 -48 11 -98 3 -20 -45 57 20 -85 82 25 69 -53 51 -37 45 -12 100 -41 -43 -10 -56 -9 -75 -14 -82 -28 68 -50 8 40 86 69 -48 -41 -50 66 -88 -80 0 -1 26 -34 -23 -13 -56 -44 -30 24 -48 18 -22 -89 48 -45 -70 60 -57 -70 -3 42 -12 13 -30 52 90 -27 -45 -88 -84 3 -26 24 -45 -32 -55 69 77 -23 68 4 -69 8 -11 -93 45 -12 75 -70 -47 -74 -1 41 -87 43 63 -6 -84 57 -24 75 -86 44 16 20 70 80 -49 64 70 13 -7 50 -72 34 26 76 -77 -75 -18 24 26 31 77 49 -27 17 42 -86 -60 -21 94 -30 -34 84 -63 72 -38 -60 -99 -17 -19 95 -57 -82 12 -82 28 -13 -56 36 49 -61 -17 -63 -34 67 17 -3 -82 -96 -57 69 -41 26 -15 60 -80 74 -72 83 -84 -48 35 56 -79 -30 48 4 -3 -56 -61 57 -28 70 29 85 97 48 -100 -58 95 5 38 -49 58 -58 -93 -42 -82 -82 -27 -54 86 99 78 -22 -29 78 -81 -100 -29 44 92 -84 7 -13 84 35 96 73 -52 -56 -37 -32 52 64 -50 11 -88 78 -95 -86 -57 -40 90 0 82 76 -81 16 3 23 59 -29 -14 -63 -73 60 45 6 -49 96 -100 93 6 82 58 -61
65 86 -94 39 85 66 -40 -85 57 67 57 32 -84 -46 78 45 -18 -33 5 32 -66 -12 74 -82 -19 -80 50 -48 -17 -5 87 -40 36 99 93 -49 -61 -26 -60 -11 -65 -4 -33 -72 -2 -16 1 -84 71 -65 -25 -78 -29 -28 79 -100 -99 -21 -87 63 -38 -81 -51 85 82 66 12 -19 -96 80 80 13 92 69 91 -59 95 54 34 -87 -40 -39 98 -94 53 -96 43 -20 -35 18 4 -80 -82 95 -83 70 -17 49 -21 -23 -42 -92 -28 75 -74 -35 -65 -36 -43 -7 42 -2 32 97 -73 -27 14 -57 -65 39 3 60 -43 -43 -100 55 37 -47 -80 15 93 -56 -79 26 -32 82 -65 -4 14 -1 -80 43 92 83 -14 -21 -18 -85 83 80 86 68 69 40 79 -69 80 91 -54 -67 -27 -30 -51 -46 -60 -72 -90 12 -77 -16 9 2 77 -14 -69 -12 -25 -38 -8 -66 -72 41 -9 -80 73 -45 -75 43 -28 36 10 64 -63 -24 -46 -83 32 -25 24 -31 15 63 75 -20 -32 82 83 39 91 24 -100 49 28 -22 -61 54 67 62 -75 76 83 -75 30 -91 -58 -65 -44 24 -33 -94 -95 -85 -70 78 -40 26 69 7 32 -21 -100 -11 -29 -3 9 -10 -69 -70 -61 72 -38 57 87 9 -55 94 79 -61 1 -17 -42 30 -59 35 80 69 91 -56 -4 -81 9 3 80 36 -34 76 -49 -65 11 58 -10 86 86 96 87 66 83 -37 73 84 -65 57 -59 -73 -6 -91 -96 15 -86 -2 8 86 -17 8 -54 48 72 37 44 -30 -47 -12 84 57 82 97 -40 43 58 6 -51 -59 -28 74 0 88 -61 -65 -56 21 57 -33 -34 -77 76 -24 -76 -26 -25 31 -42 82 52 98 67 -54 9 -4 -69 -42 -77 -48 -81 25 -37 45 76 70 50 29 0 -12 47 -63 -32 -16 96 -23 -57 36 99 -72 3 -5 48 19 -78 17 8 13 -37 -51 -60 86 33 -56 23 82 43 44 55 79 40 87 -14 -11 40 87 98 71 -66 98 -2 5 67 -59 -26 -42 -18 -34 -26 -50 88 84 -85 -92 30 -95 39 -56 -35 49 -41 92 -35 66 -52 -34 -18 -25 -20 -28 69 70 67 96 63 8 -89 -43 1 35 -45 69 34 52 31 4 -7 43 -23 67 82 2 28 71 -19 63 -24 18 19 87 -45 85 -53 13 22 -71 -93 -55 17 53 -92 22 -37 -33 62 100 32 46 -85 51 -7 -43 -35 -3 -93 -22 38 -71 28 -57 -74 -24 -31 -25 -30 47 2 -10
-1 63 -99 63 -17 -37 73 -31 -43 8 71 11 59 15 -65 -71 55 43 -39 -87 -46 34 2 -38 37 -44 59 25 93 33 93 83 15 -67 62 14 51 -16 -82 74 -40 7 -26 -75 85 50 -2 49 -21 89 36 -92 38 -76 99 -25 -8 -71 -22 -65 62 -29 -94 -10 3 71 6 6 -61 -42 43 99 2 39 72 78 -97 -22 -88 -92 -55 -40 84 55 -1 60 65 40 23 99 -59 -9 -45 17 41 72 -62 64 28 -89 48 20 6 92 -36 60 -54 100 -57 -35 92 -16 -27 -78 13 75 -8 38 73 -27 55 28 -61 52 52 -36 -15 72 -63 78 -50 25 69 60 -62 -49 -84 -7 -54 49 -56 8 -20 -91 -11 -2 -65 46 90 -55 -98 18 46 -68 9 27 -18 -7 96 -13 77 -47 -97 53 14 74 -88 -93 66 -41 57 35 37 -74 84 -2 -44 -59 -28 30 76 -67 87 -29 -28 -44 2 -38 14 -41 71 -46 44 -30 34 64 -44 68 72 -12 32 -19 -63 -93 -10 -22 65 95 -92 -51 44 47 -62 -84 -8 -50 83 75 -53 46 -33 -3 -45 65 -3 -98 -15 88 57 -90 55 -49 -68 -45 19 33 -9 64 24 36 50 4 67 -84 -67 71 -31 96 65 89 -93 -38 94 7 80 81 -28 -51 -96 29 -59 -63 6 5 -36 87 28 70 80 -58 19 -90 -51 1 -99 -61 38 49 -82 85 78 13 43 -37 -98 45 -68 17 61 67 -10 -96 -67 80 1 -16 78 35 -16 -70 23 -74 2 93 -72 4 -83 34 96 10 -90 -4 64 68 0 -28 86 38 70 28 28 91 70 59 -94 -28 -91 60 -50 22 -72 -88 -50 38 -13 -21 94 -94 34 72 26 11 -73 -7 -93 -1 60 -62 32 28 -40 54 -41 -76 83 98 -99 -22 -17 -53 -44 -7 40 -96 -10 53 83 3 -48 -77 17 34 -40 -74 91 -5 -38 -70 -83 55 96 32 36 42 72 51 7 1 -68 33 95 42 -57 86 -66 74 72 -36 -46 49 97 -32 78 -41 16 -18 23 79 99 -8 -81 17 -6 -6 -51 -32 81 68 14 -71 -35 -92 -79 -42 -7 18 94 46 42 54 45 37 -16 47 40 48 52 61 -52 -76 -83 -36 -35 -39 57 -80 -48 12 -44 62 2 48 -35 81 -97 -87 10 -27 -14 -22 -10 -47 -43 60 35 39 -79 96 86 60 95 -3 -71 21 40 87 -6 -84 -97 -58 -1 49 4 -16 -86 -90 -67 9 29 80 -96 -12 2 -57 70 -34 -84 28 -26 35
-28 -45 -82 98 -9 10 -74 -15 54 -35 92 -36 24 32 -98 89 -43 14 22 3 71 9 35 -25 5 -77 -38 35 52 -77 89 -98 -58 -60 -78 -70 89 -85 60 -28 -65 -85 49 -62 43 -13 -25 -99 -85 -1 -84 62 -89 84 47 61 -69 -100 89 -73 -38 99 -45 16 2 8 64 56 -25 -64 -37 -48 -86 97 16 -91 60 -60 -48 -36 97 41 -61 66 -5 -91 -29 15 78 -93 59 61 -41 36 11 -40 48 -62 -98 -8 -4 -56 -24 48 12 1 47 -38 99 21 -27 -37 92 53 9 -88 -81 -30 29 23 -87 -50 -2 -61 -58 74 -8 -49 24 61 84 -38 -32 9 67 92 92 2 23 6 80 -67 -1 82 98 -5 36 -48 64 -34 78 72 -35 30 -15 -43 96 -77 23 44 2 38 64 -24 -2 86 74 -8 59 45 -23 -19 -35 -44 16 21 -60 -37 0 94 -50 11 -74 -66 24 -9 2 -58 -32 -66 -44 17 85 11 84 -45 80 -20 -55 51 -41 12 -20 65 38 64 14 11 -69 65 -85 74 -90 -59 33 88 -23 -25 -44 93 -1 31 -30 -8 92 59 43 46 -16 -65 12 39 -72 46 -73 60 51 -25 87 59 12 93 -39 1 -96 76 16 -29 -81 -66 84 43 -77 -48 38 -51 -73 59 -54 -9 -75 25 73 63 -7 21 -93 50 27 20 -28 -41 -12 -43 -77 35 40 -73 -36 25 73 30 64 64 43 -43 -80 77 -23 59 -28 -72 5 3 -100 -18 -64 71 40 5 57 18 -89 30 -59 30 -41 31 -34 69 -76 -96 90 -97 81 80 -53 -59 76 93 72 -54 95 80 55 37 53 -70 32 78 -11 28 -28 3 97 -89 -77 16 -27 43 14 -16 -60 13 75 32 -91 83 27 53 -38 26 61 -73 -34 83 96 -73 -29 60 85 -8 -79 -39 11 24 -93 28 -56 9 77 28 49 97 61 -44 47 19 70 -89 29 33 25 -79 -75 69 43 7 44 -56 4 60 48 50 -51 -36 -25 73 49 85 -9 -14 28 -78 18 72 -78 49 -46 -77 99 -2 22 7 85 -79 -78 7 45 -64 17 85 82 -76 -83 15 98 9 -77 -76 100 68 22 64 -8 -84 32 -60 25 22 -26 71 89 -47 -2 13 59 -43 72 99 -51 8 -27 2 36 38 -87 -39 -43 -79 70 67 37 26 42 70 -94 34 12 -13 30 83 96 -96 -65 -100 60 -78 22 -98 58 -70 82 -87 -70 -68 -92 15 -84 -27 -80 -19 -11 -35 -58 -35 39 -36 91 -12
93 24 -92 22 83 10 -98 -45 -46 11 -32 44 -32 84 84 66 -75 37 -87 29 0 40 60 56 -12 50 68 -22 -74 31 -66 -77 32 85 19 49 -11 -59 45 -66 39 -83 73 20 -66 -50 -25 -23 28 90 65 -24 91 -98 -87 60 57 98 -28 12 55 -6 -25 99 -33 33 38 -52 94 -14 32 65 -36 42 71 -18 -85 41 -10 80 -41 -5 71 -8 56 2 -9 3 -71 -92 -95 57 58 -22 -54 55 79 -83 97 65 -19 49 -44 7 37 86 97 72 -90 64 -60 -76 -46 -46 51 64 -23 -92 29 -73 76 -70 -61 -70 36 -66 22 56 -24 60 -24 -53 24 45 67 2 -72 44 16 -88 64 -42 -2 -88 26 22 -41 98 90 -53 41 -68 -50 -85 31 -85 -88 -25 34 82 67 93 27 -50 -7 -68 -5 40 33 -81 -81 -27 54 48 -50 72 88 -2 98 -28 -73 -1 100 38 88 -59 -57 83 22 34 -8 20 5 -7 -25 -73 54 67 48 9 76 -4 -48 62 22 -23 30 -68 -40 -48 -76 -43 38 -29 57 34 98 -54 73 -6 -25 -46 -69 -13 49 58 91 -69 73 -85 -86 44 -88 28 3 35 43 55 84 86 -40 38 3 41 58 31 43 3 -93 -33 55 -48 -17 98 44 66 37 -34 -90 2 -1 -15 12 52 -5 -94 88 -63 16 95 -87 63 63 -27 -48 -74 -12 -70 68 83 53 -1 95 89 7 56 13 -50 -19 -38 -35 -72 -88 -22 4 -26 1 -86 -31 -48 11 -45 37 -29 -17 3 94 -96 9 98 -24 -2 -33 71 -38 -28 5 -38 -15 -34 83 61 60 -75 -86 36 -37 42 -51 20 -41 -24 -28 -73 -92 -59 53 93 -81 73 4 -70 -98 -43 71 94 -84 -43 29 -46 83 -3 2 87 2 5 10 100 -33 -8 99 26 -5 -3 -44 33 -65 36 -41 5 58 74 93 48 71 13 70 -35 53 -36 99 -27 -86 -12 -75 89 58 -35 86 -23 -90 93 -92 -74 45 66 -59 80 -67 -50 -73 30 13 59 -2 58 86 -37 25 -54 54 -26 -1 -48 46 59 -28 59 -54 -20 0 -17 -45 -81 -1 -20 0 -12 30 -80 -60 -70 -40 -78 18 -5 21 -50 68 58 82 16 98 -78 -11 -86 -3 79 97 37 33 -42 -6 5 91 16 -76 59 -25 -64 -71 -39 -35 65 -47 -51 -79 87 15 -65 17 60 -22 -11 -33 -39 -29 63 73 27 33 55 -30 51 -87 -57 -12 -66 34 73 -10 -94 -28 69 -31 52 -62 82 -49 24
-98 37 41 100 38 -64 -20 60 -54 10 79 -81 -19 75 0 65 97 53 -20 86 46 -31 -32 42 -87 58 94 -56 83 -62 -44 48 -76 -68 -5 4 87 16 -66 -13 4 -91 -1 31 84 0 -30 -69 -65 -90 -72 41 -2 -15 84 76 -35 -57 65 60 92 -99 -72 -50 -15 -7 -82 13 -77 51 -84 -4 -97 -25 92 -62 96 88 48 4 41 14 -87 7 -79 35 -73 88 -78 -100 65 -74 -36 62 25 -3 -57 62 76 -12 -80 -57 -43 29 83 13 -41 28 -66 -18 -38 -61 53 -55 39 -6 -51 70 97 -10 -33 -98 -38 -8 97 41 90 -66 -69 8 64 92 -17 -63 3 -77 73 -47 -33 94 12 -75 -26 -17 56 -36 -23 23 20 41 -25 58 -94 -27 -99 84 -54 -95 43 27 32 -2 -69 -38 95 88 -61 -60 100 -84 27 -84 -64 23 -51 -36 99 54 -75 33 -27 -90 98 96 61 -94 34 -92 16 39 -5 34 37 30 9 28 99 96 -18 4 85 -40 51 -1 6 -82 69 -4 -22 40 24 -63 59 -59 -66 41 -56 54 -26 -74 -96 82 -41 89 -5 72 -64 -72 -92 7 -6 70 81 81 33 94 -15 71 -26 -47 -46 18 50 77 85 -82 -7 58 -92 1 51 30 -77 -56 -93 -45 -56 19 -50 45 -7 99 -78 21 -47 -12 -74 -21 37 5 -95 66 30 -44 47 33 -74 -79 -1 53 63 27 -17 76 67 -26 97 -86 8 40 57 88 14 -33 -36 4 -35 -42 -25 -37 -93 -17 95 46 -48 23 -65 77 -100 25 69 -10 0 34 53 -89 74 27 6 -37 -44 78 54 48 -49 88 39 -5 -23 -81 -47 50 46 7 88 -93 9 9 -20 -46 -5 -43 27 0 -24 -44 -53 -11 44 -27 94 -46 -24 3 -76 54 -65 28 -26 14 -99 61 10 54 -54 -32 31 21 -21 61 11 -57 48 32 -59 -97 -35 30 -33 -16 -83 -15 -16 54 -99 -74 -41 31 -11 10 -32 18 -79 100 53 -80 73 55 -38 31 27 -78 -53 41 81 78 15 -95 -34 65 -32 -26 24 -22 30 38 -68 7 -12 -36 66 46 -62 -21 93 -73 -51 -95 64 -43 65 -26 25 -27 100 0 -75 41 -90 -79 91 -86 -80 5 64 -97 63 -88 90 -12 -16 -41 54 33 -95 97 -51 -22 79 62 88 98 -50 40 -40 94 35 63 -24 4 -90 -72 67 -14 -95 56 82 49 -94 45 45 79 -20 99 45 -53 -55 85 -63 -18 -63 -55 -29 -16 -34 34 32 -66 92 -94
98 76 -19 -21 80 -49 -7 -72 -38 26 45 64 56 41 -29 -55 55 31 49 -77 76 27 -92 -7 43 98 -37 48 -15 -12 58 78 53 -21 1 -92 -55 20 -91 -60 -71 10 -37 -3 83 -12 -53 44 87 -84 99 39 -46 -17 57 86 -85 -69 -34 -66 3 -30 96 -90 86 25 -47 -15 56 69 63 -10 46 -55 -86 -38 41 47 96 57 -100 35 -90 -33 -40 77 -19 65 -63 -61 -15 -74 100 63 -24 -1 -59 28 90 -13 60 98 -44 -54 10 92 -8 29 -2 -35 -21 11 38 87 -77 -57 66 -46 -49 -35 71 -35 -55 -80 30 15 -71 -48 100 -17 15 91 4 31 -46 42 25 12 -46 -37 -43 -61 46 -55 78 50 -36 -53 63 85 82 2 -10 42 -46 49 17 -45 -63 78 58 -33 -25 -58 37 45 -88 -49 -26 66 60 66 -70 88 3 -67 -35 -61 -81 -49 -70 41 -45 98 44 29 -55 69 -37 28 -86 51 62 -25 63 -7 -54 -7 89 -73 -61 -74 42 -48 26 5 -82 -40 -22 -8 -34 61 -37 -10 -38 -12 -77 -92 -66 -63 -43 -38 -56 69 30 -38 -48 -22 69 -90 96 -48 5 38 79 -17 50 -34 47 23 -3 71 15 -5 -27 49 58 100 79 -45 50 36 -26 100 -17 -82 -60 40 32 -3 -4 -63 -96 -24 -4 37 -4 -40 15 -98 -22 20 28 -86 17 61 52 -71 -67 85 95 -25 59 -87 -56 -78 58 13 4 87 -70 -44 2 -64 85 81 -14 -72 85 37 -26 -51 30 -26 85 50 51 -37 30 77 -83 -64 -98 30 -49 96 22 -83 22 -69 24 100 56 -69 -47 -61 -41 -27 27 -92 32 -78 27 -20 55 46 85 87 -45 -35 -51 -5 68 -86 60 -39 10 76 23 24 35 -83 -15 -35 -41 -23 -55 -70 -93 -39 72 67 -12 -26 -94 30 84 26 -77 -58 74 70 -97 -27 -91 -92 -83 19 -78 38 -2 -64 17 61 -39 -47 10 -3 -45 79 2 34 -89 -55 -25 -36 61 -14 47 -47 76 -27 63 23 24 78 1 25 64 -47 -77 -66 -92 -88 -72 -75 100 11 39 -29 86 59 97 -21 91 -8 -70 -56 20 35 -56 -100 -33 -21 -17 -16 -69 67 -78 84 16 28 -5 -21 -10 -27 -95 10 76 40 -28 -1 -3 31 -39 32 -38 40 60 90 93 -89 75 76 44 -86 -33 10 -11 -10 97 2 -50 -94 -85 -6 65 -41 -95 -60 -61 -93 28 -60 -60 -33 94 77 2 92 63 7 -10 5 -20 21 61 0 58 74
51 -97 -21 -13 -71 77 -52 55 60 49 26 78 -60 93 83 33 -27 -29 -89 -27 -32 -97 -23 100 -12 62 -5 -65 -85 -97 -3 -40 -53 -55 -98 52 -18 90 -20 -73 27 31 -54 8 34 31 -65 -89 -39 -95 -61 -84 -31 31 0 -41 -86 -87 35 -76 49 -50 1 -23 -96 -91 -15 -55 86 93 11 -73 -92 91 -21 74 -21 -25 -6 -52 68 36 17 -13 -90 99 -81 -82 100 -57 65 -88 87 81 55 41 50 13 43 75 -90 99 -62 -8 8 -37 65 -32 -29 21 44 7 92 92 31 35 97 51 55 2 -81 73 -64 99 -8 -47 -72 80 19 -76 94 45 94 45 97 45 86 -71 -75 38 12 -38 -62 18 70 82 -79 -93 -79 -5 71 -62 18 -58 -80 -4 74 71 -79 74 93 -30 -61 40 67 -65 25 -63 10 96 59 -64 -45 -50 -86 32 42 -90 -74 11 -3 12 -3 9 -49 -83 89 -87 91 84 50 84 95 95 -64 77 24 92 3 66 16 -85 -88 -99 -19 94 50 67 -69 -33 64 -100 39 -41 90 21 -55 -21 -64 37 87 19 75 55 45 75 -31 -47 52 51 70 -56 -3 -50 -99 -23 -23 26 -74 80 0 -41 -44 -62 53 -52 72 59 -72 23 36 -93 -83 2 2 -41 -83 -92 77 -39 25 -17 68 -66 -17 -62 -50 55 45 -65 -56 -69 -42 17 -60 0 -40 8 -97 92 -82 53 -99 -51 47 -5 -88 86 -29 -32 19 -27 -66 -28 -29 -44 88 -68 76 89 95 93 -12 40 -33 -16 50 -92 70 47 67 -72 80 90 35 -14 26 46 -68 -53 -15 65 -20 48 -13 -96 -5 -62 77 20 63 -64 -44 -48 57 17 -5 -36 40 -32 -94 3 -93 48 57 -53 11 -11 -35 -71 80 -42 18 70 52 45 -21 35 70 -13 -98 83 -22 18 5 17 -6 -22 -39 -41 -47 -84 -8 23 -11 40 -38 -56 -14 67 -64 -52 3 27 -97 46 92 12 -67 -77 73 -88 92 55 -96 -44 52 1 -77 80 10 -31 -99 12 84 -87 -13 61 4 27 77 -32 -66 -6 -57 -13 28 16 -35 -90 34 29 -98 9 -38 22 14 -78 -45 19 -23 -18 -80 63 89 -82 -81 -3 -4 -38 95 -45 -94 -35 79 -39 -45 23 -86 95 -54 13 -40 -62 -99 49 39 -59 -43 69 98 -71 100 42 -68 -82 19 -7 -13 6 -84 5 16 -1 29 -36 -71 -8 36 -56 20 -18 31 48 67 89 -30 100 -37 28 -53 97 -51 -84 -73 31 -79 -15 -60 41
-28 -95 -86 -58 74 89 -41 -33 69 54 80 -29 -71 -63 -70 61 -2 53 -15 -75 -16 98 -28 46 -63 -21 -80 84 92 -25 99 -68 45 54 -84 -79 -67 -13 -5 -55 -32 6 85 -40 -5 -54 79 -87 21 41 -10 -39 28 -58 -16 -31 31 -90 -80 -7 53 48 -42 -75 -61 -74 -91 -96 -89 1 -40 -37 16 80 77 89 0 -1 38 -30 89 28 -93 -44 -97 -32 -87 -79 -1 -88 -68 18 77 -55 -38 35 -81 46 -19 -98 29 45 -8 52 39 86 34 -70 -3 -32 -85 -48 89 5 -42 -86 -82 49 78 62 36 -9 76 -35 -90 -58 42 -74 84 94 83 85 34 -32 -57 -76 53 -14 -20 -10 40 -19 -44 -12 24 -71 100 52 -76 26 42 41 44 66 -2 93 -11 92 73 -21 -99 93 -14 -40 93 5 -38 -24 88 45 79 19 -3 -12 81 -19 56 -56 -66 -39 60 28 -79 -62 12 77 -20 -72 85 -71 -57 -73 -36 32 49 85 -32 -17 -12 -3 28 74 -55 73 -100 34 -54 -25 71 -64 -40 -8 40 -36 -31 -65 97 -66 -26 70 -10 78 28 -38 20 10 97 -78 -68 27 -1 -81 97 -3 -100 82 -51 -51 -31 -42 -90 -99 98 -88 -76 39 45 26 12 45 96 -5 -56 92 48 -48 76 22 68 39 12 -46 59 -68 95 -78 71 90 -19 -57 -86 -8 51 37 7 -49 -69 37 -12 -95 46 -84 56 2 3 -100 -72 -36 14 91 -19 28 53 40 -31 -49 41 -7 69 73 33 90 -28 3 -79 25 -82 12 -24 -97 -74 63 25 53 -38 -41 -41 -44 92 30 50 -5 -100 -6 -64 -27 -44 -66 -75 6 -76 -31 49 33 62 -86 -38 -3 -2 -36 -30 -20 41 -43 -42 -63 9 5 5 71 24 32 45 50 -82 -78 77 33 -40 -95 -59 -9 51 89 95 89 73 75 -59 -72 17 46 -88 -7 -36 77 -85 -4 -25 89 76 -45 -55 -59 33 85 47 25 82 -20 27 -18 -97 50 23 -20 41 -69 -11 -67 55 29 90 -60 -69 25 -82 51 89 71 59 -98 -82 16 -55 -95 -13 69 -2 -43 82 99 22 -59 -90 58 -61 -65 87 38 47 -97 -5 -63 -67 -22 -81 47 -39 42 -96 -99 -32 -68 -22 88 94 92 -90 39 81 81 -79 16 -9 -37 -29 -32 -13 -73 -69 -35 -2 69 97 -73 -95 -72 -69 -98 34 -47 -65 -1 59 -49 -87 90 -3 -35 11 5 -74 -93 19 88 -57 -25 -7 62 -20 -97 -42 -43 -22 -90 -29 73 -45 28
-1 42 -12 -61 87 -74 63 -73 1 26 -20 -17 1 88 -8 -60 -21 -58 -62 -99 1 -33 -4 -10 95 -53 31 46 -7 -15 -32 -11 -92 52 -18 92 0 32 59 -82 96 -50 -24 8 -3 62 -99 -23 43 57 8 -87 63 -26 -48 -64 -81 26 -88 36 -12 76 -20 -5 63 -39 -47 46 70 3 -50 -59 18 23 -82 44 2 -45 0 57 -11 -16 -99 13 -6 97 -42 -90 70 -56 20 35 -42 36 59 9 -82 55 56 -25 30 -86 -54 -36 -62 -10 -66 79 38 -84 -78 100 36 -24 -12 -46 91 37 93 11 -3 -59 23 -28 0 -65 5 -58 -65 -8 -36 -6 -61 69 64 -15 -58 -89 -72 -19 -21 5 71 -42 -91 -48 -83 17 57 66 -21 -65 62 61 53 -53 -20 65 14 55 95 88 -32 -28 82 0 50 -79 88 55 -66 44 -49 18 97 -32 -90 25 98 69 -94 -83 44 -6 3 -78 91 80 46 -12 -1 -92 70 -74 54 -63 66 97 11 2 13 51 1 -30 -3 -37 5 92 -46 -91 -98 100 -15 -83 -56 54 77 43 36 75 -32 -9 -88 -3 -99 -70 46 -42 99 -18 -3 47 75 -53 1 16 48 -2 -80 -31 67 2 93 -52 -48 -96 -55 99 60 3 98 -93 57 71 -18 -46 16 100 -77 -56 66 60 66 37 -18 -67 23 -53 -14 63 3 -8 -74 11 -69 -17 -2 41 2 55 -36 -61 92 46 -23 49 98 -38 -79 -79 34 -42 57 -11 92 -83 25 -21 91 -33 -36 -46 47 92 12 5 -54 37 -38 17 -43 -68 50 -74 -84 62 -86 52 -84 50 57 49 -79 86 88 -85 38 -74 6 83 71 76 100 -4 -6 5 -45 48 47 -79 100 -23 70 91 -99 -50 9 -73 -5 80 75 74 30 38 1 98 -83 -39 30 50 70 -18 0 -47 -83 15 79 -43 -81 -8 -61 22 -26 32 87 33 87 -34 87 -73 -46 5 35 16 -23 18 -19 79 -28 25 -68 -23 45 32 -10 26 -27 10 -72 -24 -55 -89 30 84 70 1 26 -3 -54 19 -9 75 -92 -55 -90 48 -13 40 82 -43 -98 83 77 -28 -91 -39 -11 -33 -9 -73 -22 -63 10 33 9 -2 -71 -41 -28 1 -73 37 -68 -32 -33 -62 13 83 -73 60 -47 -9 -89 -85 -74 -3 45 27 23 11 93 68 29 -95 -59 -99 92 -45 -28 -78 63 99 -91 -91 9 33 94 -28 44 -6 16 95 75 -29 -48 -99 82 -19 -79 0 90 47 4 87 11 -45 13 7 56 -13
30 31 78 -80 37 -32 32 72 -92 -19 92 -73 57 -34 17 -61 -24 30 43 41 -87 54 -18 43 -53 64 26 13 36 87 9 3 -88 39 65 70 -82 -62 -52 -62 47 64 -24 -33 -17 14 -6 -58 -21 40 -12 -69 -76 30 -77 -63 26 18 49 68 88 -91 -100 86 51 -4 -19 -65 29 98 30 -65 90 -17 48 -44 -92 -53 -87 90 54 -47 73 15 -77 -55 81 35 40 20 52 81 86 23 -70 -33 -63 80 43 -18 69 -96 -94 16 -61 56 22 -80 81 97 1 -85 -67 -25 42 71 -15 -25 -98 -78 -55 43 -18 38 -13 -4 -7 14 98 90 -94 -30 39 16 54 40 -47 15 -35 -53 68 75 76 42 81 -83 6 -63 67 1 26 19 -1 -7 -42 -90 38 -84 88 -74 88 98 87 66 82 37 85 -51 59 -88 -71 -99 -39 63 59 41 -91 21 14 56 -5 71 -57 96 -100 -82 96 -52 85 -100 44 72 7 46 -49 83 63 -21 -14 71 -97 -32 30 -62 32 71 -96 95 -3 -25 89 -93 52 -14 -70 -16 15 99 95 -34 56 -4 -25 -79 94 90 7 -51 80 83 56 -60 -87 23 -73 38 -75 -55 88 1 -56 -56 -8 43 92 -56 -92 45 -78 2 -78 51 53 38 37 -30 46 -44 48 -60 -24 -12 -82 43 -54 17 85 -14 -4 -28 77 -87 75 75 30 -46 -92 -84 15 -96 -85 -40 91 71 41 73 -86 -72 15 -7 -62 82 -63 68 -21 10 23 14 -29 82 -41 -37 -68 75 2 30 31 62 -76 53 89 48 -65 73 7 -51 -78 5 9 -13 -12 65 -100 -51 73 46 55 -50 69 99 7 -13 94 -60 -67 34 68 -66 45 51 92 -25 -16 19 -57 -94 98 62 76 45 -70 46 100 -87 -73 13 69 -46 35 -49 -9 -22 37 84 -63 43 -75 -3 100 -26 -2 -34 -95 62 -96 34 -90 3 43 90 6 -77 13 -25 1 27 32 -97 27 21 -3 58 60 96 -15 14 81 36 10 91 43 -71 -58 -30 1 -18 -39 81 -93 -56 -96 -64 -65 88 61 0 41 0 8 88 -20 55 -91 -21 -87 -26 -51 -17 -16 -7 -30 14 40 -31 85 -70 15 -41 40 -30 10 63 -89 -66 -29 -83 -63 71 -75 -62 -88 -31 -84 -73 21 8 38 -42 9 -47 -8 30 -2 -87 42 17 14 37 19 -21 23 -85 -90 -74 -59 16 -81 -38 -58 83 83 -12 10 -61 56 62 -24 83 -47 35 -90 44 -25 -1 12 78 -53 -70 89 22
40 63 39 -77 -4 -62 51 -97 98 80 73 85 90 26 90 -74 99 39 -36 29 35 36 -6 -3 -43 -91 16 40 -22 -60 22 -32 75 -86 75 -38 96 -61 -8 -78 -100 75 -24 70 -57 83 -4 -90 42 -36 43 89 -62 73 -25 -68 23 79 -56 -18 13 18 41 -94 -22 -15 38 -99 -74 -26 78 -2 87 -23 -57 -43 -70 46 74 23 -37 51 -69 -2 -27 98 -50 -43 -23 -38 80 78 22 60 88 -65 40 0 10 -37 78 36 -4 -12 1 100 -23 88 97 40 5 -61 11 -81 -50 61 -48 -67 -10 6 -94 17 73 21 88 -81 -37 65 53 52 67 24 37 51 -22 -96 77 91 -99 -2 59 -72 -36 48 44 31 -80 -84 -2 -24 56 -93 -54 -79 -41 66 32 -23 -57 17 62 78 -68 62 -55 -54 -28 65 15 -64 -4 16 17 74 100 89 23 -94 -26 46 72 -93 -30 -7 45 43 -19 85 0 85 79 -46 25 83 51 53 -83 8 15 9 -67 43 76 21 -3 -32 -53 67 30 -7 99 -28 -73 66 20 -95 -14 -38 49 22 -13 16 -73 73 -15 2 13 -85 -18 -68 45 -77 -21 -11 -5 53 -59 50 4 34 -95 1 10 -94 57 -80 -5 12 -78 29 -13 71 -24 -73 29 -49 -74 18 65 -26 48 -49 10 -40 61 88 -36 -1 -13 44 -27 -35 -6 -28 -93 -7 -81 -83 -36 83 -1 -44 -64 0 -67 -24 80 42 3 4 -19 -93 13 -47 -81 -82 47 -42 -21 -25 -8 -29 68 -27 33 -41 87 -34 100 90 43 -36 25 28 2 -21 -43 18 -4 -44 -9 -58 -100 18 -64 -40 3 77 -16 -26 19 -92 63 78 44 50 -58 34 -22 4 35 64 10 60 68 82 -77 -90 -40 25 -45 6 -4 77 36 -13 32 90 -17 15 1 2 25 -22 -65 -84 -98 17 -98 52 38 -63 -68 -69 2 43 19 91 74 -80 15 -16 77 -62 -73 60 74 -77 44 6 -58 34 68 -57 31 40 98 87 -54 14 -1 84 95 59 43 63 9 94 9 -68 -13 100 -36 -77 46 90 88 -64 29 -76 -43 82 -81 -72 -81 60 -64 -97 -100 -14 -72 -48 -44 -35 -45 -3 -83 -10 -14 -88 -90 -93 17 -20 -37 -71 -1 71 -70 -24 93 -57 67 -75 -17 -1 27 -1 -23 -99 -84 29 70 89 25 20 -100 -61 -64 94 44 -55 28 27 -65 -25 73 -96 87 93 -62 -1 12 2 19 70 -49 58 -55 -57 -29 27 -30 -66 87 -94 46 25 -48 -33
94 0 32 68 94 -14 61 -16 -88 -72 -19 64 -66 41 -92 25 -78 99 10 26 -59 83 71 42 6 -19 -26 -98 10 2 68 -72 -28 -8 34 -63 94 -97 -57 -14 -26 59 90 -43 -74 -77 -60 9 8 -34 78 2 -41 -61 22 -85 93 -59 21 75 -64 30 21 55 69 52 -10 -62 -34 40 38 -93 66 -69 60 -70 30 16 -20 72 16 -26 -22 24 80 85 -29 -17 -68 -82 67 53 84 44 53 38 -90 44 95 -89 18 73 82 -91 14 52 98 51 -21 -54 -65 -27 -73 53 62 -45 58 25 32 15 7 -43 72 56 -35 -44 41 40 -63 -84 45 79 -63 -35 40 75 38 97 -2 -8 62 86 48 78 -52 -83 33 -29 67 88 46 -41 15 52 -32 -10 -68 -36 46 26 5 -26 -49 -20 -71 76 37 49 48 -33 97 0 96 65 -72 44 27 -100 -96 -46 -14 66 20 9 90 -60 -28 -11 -30 61 38 79 52 -26 34 -46 82 -44 22 -11 51 -84 -1 72 -85 91 61 -69 -51 1 -11 57 30 -6 74 -83 -16 -26 -24 -89 17 -58 98 23 -29 94 -29 30 -15 -20 28 -96 -65 -49 54 29 97 -75 97 -10 -3 -81 93 -49 -95 -61 -90 -14 -94 44 -85 95 -52 -32 -93 34 -50 4 -31 -88 -6 19 -46 78 -90 0 -39 12 -94 6 -86 -43 7 59 5 -38 -94 57 -82 -97 -93 -60 -40 63 -30 15 35 -65 85 3 -35 -7 87 32 -92 81 -21 -77 -84 -19 67 19 34 7 -69 -67 47 -1 92 -92 72 12 79 50 -80 -36 -46 15 12 84 -72 8 -25 60 64 -19 13 80 0 -4 51 -48 40 -35 -53 -47 -86 68 -39 49 -82 -66 47 83 74 -24 4 34 -57 40 -67 -39 -65 61 23 -26 -80 57 22 41 -20 90 62 -88 25 -73 -14 -30 52 82 -45 -87 96 -90 26 -88 -5 22 -58 -83 -23 32 -59 6 -14 -79 92 50 75 33 1 83 9 26 -35 45 -5 -73 -3 -99 40 -15 1 -14 -61 60 5 62 -75 -23 64 33 7 -84 -98 97 -8 13 75 -77 88 -56 98 -76 47 43 -44 47 -27 -81 -80 -82 86 -37 99 75 -60 90 -49 -25 -87 -99 -23 35 95 97 -87 -4 -73 -26 88 -61 2 10 2 -47 -51 85 60 13 5 27 94 68 18 -39 91 94 -74 -38 -37 -30 -55 -95 -1 -80 25 3 51 21 9 -57 -47 3 83 75 -43 37 -79 11 -48 34 -89 -76 -52 94 57 74 76 -54
-38 37 -38 -91 -18 -73 38 -42 -63 -3 -67 -50 92 -7 83 -11 81 -49 -37 72 -50 -55 -3 -90 -72 -2 20 -87 -41 51 79 57 62 52 49 -77 -69 -63 91 -43 20 -95 8 32 8 -12 -15 -79 -79 14 -51 28 -11 -79 52 22 -12 82 -55 54 -45 -94 24 86 22 -85 34 -26 89 -34 -29 -13 -89 -66 -24 0 55 -94 -77 -17 43 26 28 -20 -49 97 -72 -19 17 -40 -43 -36 86 -57 -18 10 17 -8 -7 43 25 -63 -30 53 91 -80 -21 -25 -52 -30 83 46 27 84 81 0 -67 -87 29 -34 100 -35 25 21 68 -84 68 -84 73 77 -5 63 -19 78 -76 45 50 76 -47 -36 -93 35 66 23 19 42 65 75 -63 24 85 4 -72 -1 89 5 88 91 48 -74 98 -40 28 30 67 58 -58 -24 -92 68 65 59 12 72 9 -40 -93 -91 -17 97 -87 -52 -70 81 -23 -8 62 -32 -32 23 22 -49 -45 7 -53 -32 -61 -37 82 98 62 -33 -77 -88 -68 39 42 44 59 -90 -91 -8 -40 -5 -31 -81 -16 -58 -76 -46 -81 -74 5 84 27 -77 10 86 0 62 41 -46 43 -76 73 62 93 62 -82 28 61 -19 73 -65 80 13 29 -12 -7 69 -1 36 -84 -100 45 -13 -98 26 18 -31 71 -36 -21 80 -25 83 45 -90 -77 58 -7 -60 -74 -12 -22 -38 29 -21 71 -42 -4 -88 10 -7 -53 -24 16 21 90 10 6 77 -41 94 35 -95 -42 22 92 -84 -13 45 66 60 19 48 -81 -64 72 97 -77 54 86 86 -84 -9 -64 -32 -92 4 -22 16 -59 -98 -10 39 -4 -55 76 -58 -22 -60 -24 -6 36 -63 -43 28 95 -9 21 -23 -86 64 -63 69 -14 7 28 -92 -74 -67 -67 27 56 -86 41 -49 38 -39 47 6 -36 -24 88 34 -29 95 69 5 -41 90 5 65 4 -28 -30 41 -53 -86 97 22 56 -7 -64 7 85 16 -20 -52 61 92 -15 -43 16 73 50 -20 -74 -73 -9 -32 40 96 -64 -19 26 -60 11 -38 -18 69 83 -77 -13 -63 -82 -75 50 -7 -19 -55 69 -91 -18 -27 23 -42 -9 63 -21 31 87 -60 -98 -1 -19 97 82 75 53 41 23 87 56 30 -90 14 -10 47 79 -52 81 61 84 -50 -53 -67 86 -84 39 -71 32 -14 9 95 -66 -71 -56 100 23 58 -58 21 23 27 -85 -26 71 -45 -79 -94 78 36 -92 -48 58 56 -56 -5 -51 -87 57 44 84 -4 19 -32 -8 57
33 84 100 -80 29 -95 -89 87 42 8 84 40 61 -91 -25 -64 -83 95 49 16 99 22 -93 -5 -17 82 -48 79 80 -35 -99 2 35 61 82 -34 55 -69 41 -27 -24 -85 63 -60 -13 -60 -67 -71 6 79 -83 -69 25 -33 -54 86 -94 -22 -8 -80 90 -38 -86 -74 20 -60 -46 52 -6 50 -45 -13 -66 47 30 -16 46 -29 67 -30 66 36 -36 -86 -97 26 -73 -34 -7 60 -68 28 -40 -6 57 78 -57 -58 54 -33 84 98 19 -59 63 6 -56 91 64 91 86 3 80 -89 18 -82 54 -9 0 -75 -29 11 -53 -19 96 73 -51 -32 -33 -61 -6 -20 -38 82 71 64 -32 -19 -32 -25 88 -43 67 96 64 -38 -2 42 -48 -19 -33 79 -17 1 69 66 -3 60 -56 -28 97 15 -31 71 -27 16 -41 -3 -13 54 44 -49 -35 80 73 -93 56 -34 -83 -1 -19 -45 81 -44 44 -37 -65 -39 -15 -18 33 18 -9 7 32 96 34 -70 -31 -85 43 -42 81 33 22 56 -19 2 66 -55 59 -2 -56 95 20 80 -43 37 39 18 21 92 49 98 82 -80 33 35 -51 -77 22 4 59 -63 -94 69 -53 -4 86 -20 16 52 29 83 37 15 -100 -77 -52 -49 -45 -85 68 -2 -74 -23 8 71 -63 -85 -98 61 88 14 21 -62 -18 41 14 78 29 -97 37 -79 11 90 -62 64 -73 58 -72 -78 61 -8 -50 48 -94 -18 92 28 66 -93 46 -99 55 3 -36 8 51 -98 33 -41 -17 18 51 16 -68 8 -90 -54 56 60 -36 -78 -4 63 -3 44 47 -68 -85 50 -19 -28 80 -53 29 100 49 83 -6 -26 -25 -47 -57 64 -17 88 69 -46 24 78 97 93 2 -87 -63 58 85 -93 74 85 86 52 5 -90 -48 18 6 -24 -100 -90 61 15 -1 72 58 47 -55 -87 -32 -10 60 64 54 -74 -86 -21 -56 24 -72 -6 -64 -14 55 -7 81 44 34 99 -42 34 66 -13 -33 89 -14 49 7 59 -20 -44 66 39 -31 83 -71 74 -84 -72 -15 -76 93 -33 87 33 7 12 27 -90 -67 83 76 -42 -77 12 -82 -96 -91 -74 52 -69 -93 23 -47 -12 -26 39 0 -33 56 -74 95 92 35 47 84 84 74 33 72 33 -14 -63 2 -86 -12 -79 -21 -23 -58 -89 1 -95 66 84 -75 99 61 49 -85 -29 13 -70 -69 72 -97 -49 34 92 25 -37 79 -70 -9 92 38 -73 93 44 27 -91 -78 -25 59 -8 4 -33 92 -100
-53 -13 97 22 39 84 46 35 18 -95 99 -72 -19 35 76 81 -49 -48 -1 32 -8 17 72 -45 -2 -53 -54 59 59 -40 -59 99 58 -70 -51 -24 23 100 -94 -12 -69 3 42 -100 31 -99 3 -1 32 97 29 -86 88 -55 -65 -1 -75 96 -79 -51 39 -6 -85 -83 26 11 -99 -61 64 -79 -75 -8 35 81 -44 -63 -28 -43 -26 60 74 -8 86 72 81 95 -23 98 -67 90 -32 1 -79 -47 -17 29 -43 -57 63 82 -13 -75 48 87 53 -68 -92 18 -88 83 -52 -31 64 -47 -11 -67 10 -68 76 -12 72 -86 49 -15 -9 -78 -94 -70 52 -66 92 21 60 56 76 28 -62 50 -45 -98 9 -64 -4 -43 28 -17 66 67 -10 -70 -58 -58 -95 -65 30 46 57 -5 -96 35 -54 43 60 1 -48 -41 -69 59 59 1 13 58 10 -14 85 -47 64 -11 -17 -25 25 -32 38 -42 -29 -46 -81 62 -48 18 53 96 39 -93 35 68 -35 10 -91 51 72 -80 -93 -97 67 -52 -51 59 -100 -71 44 66 33 25 -80 -82 88 63 97 -30 41 -94 71 39 -74 -60 -78 99 35 19 -11 60 -23 -97 46 44 14 -77 -55 -97 -28 32 10 84 67 -82 49 54 57 -62 76 18 2 -38 -50 50 -66 98 -24 -62 -89 79 -57 -5 2 -60 92 -22 -55 13 11 -62 -66 46 -46 -78 -26 -34 -78 57 -5 -18 -51 -26 73 73 32 -33 82 15 -44 -100 -66 -56 -17 31 -70 -11 -54 -24 -68 -70 -63 44 -14 -64 -96 -28 19 48 -43 73 -84 -55 25 -23 -80 71 -64 4 -21 8 -80 -38 -76 40 23 7 77 81 19 18 98 37 -22 0 -69 1 -26 -68 -2 78 37 -16 99 -96 -47 43 -18 88 54 13 39 -78 96 79 -66 65 -32 48 53 70 -36 -33 34 25 77 -75 48 -42 -98 -47 98 17 20 51 -69 71 25 37 58 -81 -93 30 -57 35 18 87 0 -48 61 86 -69 -46 2 9 52 -98 -48 -32 13 24 -6 -47 53 -64 -72 -74 90 47 -45 68 -11 100 -6 -18 49 -25 40 -3 -70 22 65 -31 -31 -65 33 -96 -22 24 87 44 -78 97 -35 95 17 -77 -64 88 -63 -36 77 70 -93 56 -13 14 34 8 -24 11 81 -71 47 -15 -72 5 52 100 -4 41 -71 59 86 -25 11 -77 18 -16 -40 79 55 -23 30 29 -99 5 36 -56 22 8 22 63 41 24 33 62 -89 -99 23 -94 8 19 66 20 -82 96 83 72
19 55 -60 -11 -13 59 -57 -29 28 79 30 22 -66 -23 36 -26 43 -95 55 57 -23 -100 -61 -71 95 -26 91 70 -8 62 -24 1 -42 -95 60 63 -59 80 90 10 87 10 23 -27 100 -72 30 11 3 67 35 -52 86 -25 -94 -87 -55 20 -18 -2 77 3 -92 -30 -82 2 41 26 77 -3 -62 100 -60 42 75 26 -46 -18 44 25 31 58 81 57 31 -100 -33 8 2 -9 -49 11 96 -89 -64 -57 86 -88 45 82 -9 -76 65 16 35 74 74 -8 48 -86 62 -96 8 -84 -56 -89 -58 -19 -94 -56 98 -28 19 -18 -20 -3 -13 -79 -64 -69 60 -58 64 8 52 -6 10 89 -3 44 -8 -49 95 71 38 -48 -72 6 -93 -46 16 -96 -9 -42 -14 19 95 -55 92 -29 -33 -15 20 -22 -37 79 -16 85 39 -44 83 72 96 -28 -51 -28 5 70 -96 -90 -73 30 -30 -42 -84 -35 40 -17 81 -49 64 48 -33 0 50 90 -97 9 9 -83 32 -90 13 -13 -10 31 -44 -62 -23 58 55 23 -85 -25 -87 -94 -76 -97 36 -12 -36 36 61 -25 19 -69 -22 -69 33 20 48 38 -2 46 2 -91 -93 -75 -28 -74 22 -94 -71 -24 -42 7 -6 -97 -50 56 79 96 -79 -60 92 -49 -80 25 20 -64 -30 -92 93 60 -99 63 -45 58 54 15 32 39 61 -17 -52 82 45 47 -31 24 4 44 61 32 -25 -8 18 -67 -26 86 -75 -31 -43 -87 74 -21 71 77 32 -19 -76 -22 -14 73 -78 -36 -92 -2 -92 -23 -17 -47 33 26 24 89 -50 24 11 -55 -12 64 83 -42 38 -97 91 -8 38 -10 38 -20 -85 78 3 -44 47 -23 -88 -91 -68 -91 63 -6 -97 17 65 -25 77 25 62 -41 -40 -56 -91 91 -66 -63 3 -43 -81 12 60 -74 43 -1 25 39 72 70 -86 51 -26 73 59 45 -69 81 28 -93 -30 27 57 50 -4 -44 47 -20 31 -69 96 18 59 11 -43 -83 -94 46 11 -69 47 96 50 33 -53 -35 -80 42 2 16 12 -93 -79 39 -26 33 92 40 -80 90 -36 54 -31 -51 -74 54 2 -6 -46 32 -50 -59 70 -46 -48 5 0 79 -22 -27 -24 -7 -46 -24 51 62 20 38 -68 -44 61 -81 -60 -99 88 -51 60 74 24 -8 -90 -49 35 100 25 36 -55 -14 79 45 100 -17 16 42 -49 37 58 -57 -50 67 12 -60 -69 -96 33 17 -68 30 -31 -99 -32 -22 -23 -66 -9 4 -93 78 13 -49
86 -64 20 -91 -79 55 -69 -1 0 -3 47 49 83 95 13 39 -87 23 47 -3 -42 -4 83 -61 -51 -15 13 -87 -57 -42 40 60 -59 6 -73 -23 -42 -52 -96 53 -70 -46 -30 74 72 66 -51 -1 -3 43 71 7 -69 -64 -31 -69 9 -2 -56 19 19 -26 -64 -50 75 50 -86 -32 56 -48 2 -35 72 -7 -4 93 -65 -96 2 83 -85 98 52 -21 -8 -50 51 -45 -59 -88 -57 100 -41 -73 15 47 -34 -93 -54 84 -39 14 35 1 93 9 -91 -29 -31 -33 76 -38 23 -52 -13 57 30 60 -87 52 -55 40 92 84 25 41 -33 -19 50 -81 28 16 70 -52 19 9 91 42 68 -90 14 16 15 60 86 -46 -45 -45 -88 74 69 -67 83 7 11 85 31 55 -27 7 51 42 6 -4 -18 -97 21 -73 49 9 52 -22 -70 -73 69 77 -98 -44 95 -15 -30 24 26 -76 -78 84 15 -66 72 -20 -68 -6 22 5 82 96 -35 37 73 -90 70 75 1 -84 -42 -31 38 26 -81 18 -97 -7 14 68 17 -40 -1 37 7 79 -42 -81 -50 3 -70 -41 2 -46 23 -27 -81 11 -94 34 89 -45 44 11 15 -60 -95 34 27 -39 -42 -14 42 -73 31 -96 -27 59 -5 -68 -84 -11 -86 -50 -94 35 34 -59 26 97 21 50 48 -24 -96 -41 66 87 -32 -60 90 -4 22 -89 88 -78 -40 -18 -27 -14 21 -29 21 23 81 -87 -10 77 61 -90 -88 -9 37 64 -84 91 76 29 43 -30 58 -92 69 31 -86 18 -66 36 29 -24 -27 27 -81 -42 75 25 -74 -91 -37 -8 -49 -78 -36 -71 -31 -73 -12 80 55 42 65 -31 2 -16 55 29 -11 -34 -88 -59 -31 9 -25 -17 -9 80 -98 -84 -46 68 100 17 -45 56 64 100 -87 61 34 6 -14 74 100 8 13 62 -29 -22 28 88 -42 77 28 -73 -48 9 -82 -69 -82 44 14 -60 -13 2 22 -62 28 30 -34 84 29 37 33 -47 64 -79 -56 -38 -11 61 -26 34 -12 -89 22 61 -57 -57 -54 -15 77 16 -47 -2 -19 -92 82 -28 -78 39 -25 -78 94 -30 33 45 -51 60 28 -17 72 86 -53 -94 -85 54 -64 -99 -46 94 69 64 3 -44 -41 -29 61 25 54 -48 -75 6 -32 22 -29 84 63 19 74 -82 98 66 -75 13 85 -49 95 72 52 12 18 21 66 -50 31 60 -93 58 -42 -67 47 34 59 -71 77 -78 -46 80 63 -51 -25 -27 -39 15 21 27
50 30 57 85 -22 82 -94 -83 15 56 82 20 -25 37 41 67 33 -14 81 65 43 58 -10 47 82 28 -96 -68 -12 82 -69 12 -63 48 90 72 56 -19 50 81 -8 6 84 69 -5 42 35 6 -28 -84 20 -65 -72 48 43 57 76 -28 -87 10 55 -5 78 -98 97 -79 32 44 79 -17 -99 -90 44 -46 -2 50 -70 82 97 -87 -39 -17 70 -89 10 -43 -39 62 -36 -27 -74 4 0 15 3 87 -48 32 -88 76 97 -52 -55 -3 -93 81 -55 11 21 -94 95 -14 64 -88 -78 -29 97 30 -14 -90 20 70 38 -93 -88 -96 -38 -96 13 48 -20 -34 78 28 77 10 -99 54 86 96 42 -20 75 46 -7 -26 8 74 -44 -91 6 -88 -67 -27 76 -86 -35 -51 -32 -4 -90 -29 -66 97 -72 -11 -31 57 -32 -51 51 -5 -49 15 -18 91 58 -44 18 -59 92 80 63 5 -59 -38 -22 87 -85 1 -37 17 26 -27 77 21 -69 -43 56 -51 -4 67 77 -6 54 -20 -20 78 7 -61 -44 22 44 -33 -30 63 58 -20 80 0 83 -52 -10 5 25 9 -1 -9 66 85 24 72 -33 17 84 39 19 55 -47 -85 10 72 -67 92 3 -43 45 86 -60 -50 27 -43 21 -47 72 -5 -11 -91 20 -86 25 -77 98 -44 -15 66 57 -66 77 27 -80 68 -86 -6 -91 67 80 56 -2 90 98 98 91 -76 -100 22 81 20 47 36 -27 33 -28 -81 44 49 87 83 -65 91 -29 95 -69 -95 -37 66 -39 43 90 -77 -2 8 18 83 -71 66 -35 -21 26 -95 51 30 -28 2 -34 3 8 -66 -64 5 85 -33 -33 -88 -19 30 54 -41 84 66 -3 53 -98 46 62 69 13 34 -71 -30 39 84 -42 -23 -34 -23 -66 11 2 -2 82 74 -78 56 -76 -1 98 -6 47 87 -100 -20 -57 82 -54 -73 83 30 -82 64 -94 -75 -6 46 -26 70 -2 -65 -52 -27 22 21 -33 37 74 77 81 -77 42 57 93 -74 34 50 50 87 -70 -69 12 8 -39 -21 86 99 -44 -38 -14 -46 -65 -81 8 -3 85 -52 -26 53 -19 76 -98 57 38 95 45 40 -41 -52 92 85 -90 -15 -44 -30 -50 -86 26 76 -46 -13 -67 97 -94 -65 -95 60 -36 -13 65 85 -7 -6 -91 70 15 14 -97 -93 -31 19 10 3 -3 -59 38 0 -10 -61 -38 -78 -10 -38 84 -45 75 -88 53 -15 68 -83 -35 35 59 73 46 84 71 -48 -23 62 -7 -36
-13 47 -58 -69 78 70 31 -60 6 6 28 -66 23 81 -49 -90 -62 66 -20 52 49 47 39 96 -3 38 67 -87 -46 60 -53 82 -43 77 -9 -13 100 41 -66 19 -22 88 50 -47 14 -96 49 77 -93 36 -31 25 66 32 -47 -63 -10 36 28 -30 84 18 72 61 -37 40 17 22 60 48 9 43 92 -70 32 50 87 -65 -93 90 75 -23 90 52 -57 54 69 98 -56 12 -25 -24 42 -95 87 70 63 -45 79 -56 36 -96 -9 6 -16 97 83 -48 -41 85 98 51 44 -47 -29 51 -78 30 19 60 -26 25 22 -82 -64 -45 -4 -9 40 -88 -47 46 72 25 -36 -33 -58 12 49 57 68 -89 -70 10 58 76 83 67 10 -57 4 35 78 5 2 -20 100 63 26 -89 96 -7 36 51 13 70 -99 31 45 -93 -97 -100 -82 -94 7 -44 0 15 29 -89 -38 -70 -92 -49 60 -82 -88 59 74 -45 11 25 -30 -47 -54 -44 -72 -50 -20 87 -89 78 -66 -91 -92 85 -44 50 -57 -9 81 18 56 16 55 17 55 1 78 -4 11 88 34 -22 -47 93 61 28 5 8 94 -49 88 17 25 -18 95 85 -38 10 49 -79 -70 76 81 -99 94 -46 74 -61 33 -80 35 9 92 75 45 16 -5 74 89 18 92 -29 57 15 -20 81 -77 29 -86 -57 48 74 -46 40 59 6 -25 3 20 -90 -45 -33 -92 68 90 55 -15 -2 18 -71 -95 14 -94 0 -95 -70 6 29 -37 3 -91 -13 69 -27 -64 -95 -89 -71 -16 37 66 48 -34 -20 -46 -5 -99 21 -31 79 -34 -53 -61 -11 11 -39 -33 11 -81 -62 -94 -15 96 35 73 -72 50 -43 -31 -73 -11 -92 -23 38 -38 42 54 -62 48 -16 -24 -91 -70 62 50 26 72 19 -53 6 42 -16 59 -29 49 -26 16 25 12 10 -99 -41 -12 -86 -22 -40 -65 -93 80 27 -70 35 -71 41 -37 65 36 -20 -12 40 -25 80 -38 -90 -66 -11 79 -10 -68 -72 -78 -34 43 -64 61 67 -54 -8 94 4 -74 -50 -46 -15 12 68 13 76 59 13 -2 21 82 -84 0 -54 16 -1 -22 -87 21 69 3 -55 73 87 -40 -22 -16 -12 -28 -71 77 97 -91 24 -65 26 71 -82 83 43 11 -89 14 -3 18 77 -19 4 94 88 22 -39 -56 -59 -34 4 -31 36 99 56 -67 1 -16 -49 39 -71 -35 -35 -72 0 57 -45 -3 -60 86 100 -74 -59 -100 -39 -67 -84 -75 75 66 7
-4 -53 -61 87 -5 -78 43 -49 85 50 60 65 91 28 -39 77 -95 -35 70 -86 -6 73 97 66 -44 -12 79 -50 18 72 -56 -96 6 100 53 24 -67 -52 -2 -35 -9 -94 85 -28 61 -57 95 -50 -35 6 -9 -35 -28 -3 -11 18 -41 -35 -94 -87 34 93 -22 96 -81 100 -60 -74 4 -70 74 -100 11 -13 78 26 2 -35 -93 -13 -68 48 -12 -41 23 -53 64 -15 -62 20 62 -100 -88 66 37 85 16 50 -19 35 -32 -69 98 22 52 -90 -42 -72 -36 30 -47 -19 70 -93 -79 -42 -65 85 44 8 -19 69 51 32 -15 -2 10 42 -86 19 88 67 50 54 -51 48 68 -51 28 -4 -32 77 24 15 62 55 34 2 0 96 28 -76 5 43 30 -94 3 -66 -99 -28 -12 -58 -92 -7 -2 59 -59 -78 77 -67 87 -52 -48 -4 -24 -56 -77 -41 60 54 -35 61 20 -26 -19 -47 71 -71 -1 4 76 -91 -70 -40 -20 -48 -43 -52 -94 -30 8 71 33 -64 55 -62 6 -82 13 87 -79 52 -8 81 15 -32 32 -23 32 79 3 60 -45 29 -29 90 -63 -89 39 20 75 -52 11 -59 -44 -62 -41 29 -25 65 75 -22 -35 -37 63 -39 -1 -80 -52 -43 -53 -51 -50 -4 -1 88 -74 82 -83 -75 64 80 -66 -88 66 40 69 -34 -45 -81 10 -11 94 -54 -13 64 -44 -64 25 78 98 -97 -75 6 81 18 68 -91 63 73 47 58 -79 13 4 -42 26 97 32 -63 -70 -39 98 21 -18 -71 26 -37 17 63 -4 -36 -63 -81 34 -5 -18 -57 -20 -96 56 -16 95 32 -62 92 44 -86 -29 -8 -4 88 85 50 -28 80 38 -47 -32 37 -39 -21 -17 31 37 88 56 90 9 -10 -76 -29 28 -80 -69 90 -60 60 -51 91 -45 46 -98 79 34 53 63 -50 -63 22 -76 46 55 79 36 74 -8 97 -91 42 83 75 100 -57 31 -70 66 -82 -15 88 66 88 8 0 31 73 -43 -8 -71 -38 28 69 -51 62 -22 -56 23 -47 -1 -35 15 -70 18 -94 96 96 18 -95 16 8 93 -22 23 23 -97 -82 97 55 -20 -98 7 -32 -56 -58 41 21 88 -89 -10 52 -22 26 -24 -99 97 -13 -5 -96 -100 0 -76 3 98 17 -71 -86 -1 81 -66 -30 86 -16 -63 69 41 -61 -100 20 -61 80 -61 -57 -30 -44 27 -56 85 86 29 -36 76 -56 -69 -84 -98 48 76 5 -57 25 57 22 16 -63 -51 -45 83 -83 37 91
27 -47 71 68 -32 -92 47 -58 23 22 10 -33 10 36 96 -59 -20 30 68 48 -35 24 -87 -24 47 55 26 41 45 -21 56 -18 -69 -76 -22 75 -49 31 -60 50 75 -100 99 74 7 0 52 -39 81 83 2 96 1 84 -99 -68 -51 -32 -70 23 -29 57 84 98 32 -36 -81 -40 61 -65 -89 -5 80 -67 -3 -57 -18 -72 63 99 -41 68 -39 -50 64 -68 -63 -10 90 -44 60 -97 -84 18 -76 -85 16 -73 -62 60 -11 -72 -23 -69 -57 -52 21 -83 -53 36 39 16 21 -53 76 -50 -62 -95 68 -95 5 -73 -52 3 -74 -74 28 12 58 -59 -18 65 48 89 16 -2 55 -91 -98 19 25 -6 -39 -80 -63 25 -60 89 94 16 -87 -57 -6 -44 95 90 -94 27 55 -65 -12 -3 36 -7 -74 11 100 50 30 -81 0 -66 50 -61 38 8 -38 -70 -53 -82 -54 16 68 -65 -8 -72 57 -99 -59 4 -47 96 95 -44 15 15 -34 -6 30 -48 -26 23 -34 -6 36 -9 -18 -44 -58 22 -34 81 -5 -15 62 36 -65 68 14 -88 -29 -45 -78 -6 36 -18 -6 -3 -34 -51 45 94 -68 -49 -13 24 -75 73 -94 -1 93 -81 66 91 33 -63 12 -2 5 59 76 -54 -88 -100 22 15 67 -54 -46 50 69 -53 78 81 -96 -82 -49 -74 -9 -59 2 -31 -30 67 84 -88 -48 72 52 65 -100 97 10 -78 -94 39 -100 16 25 25 -71 44 46 -32 -21 76 17 -70 61 -39 64 -10 -51 60 75 57 100 77 -12 75 100 -26 4 43 15 33 33 28 -80 34 -33 -48 -7 -37 -51 -61 -56 -2 -33 59 88 -15 56 -66 -69 63 -33 87 75 85 -32 -77 32 31 -100 -38 -60 -54 33 41 63 -26 7 68 28 9 0 -27 51 -18 19 96 -4 -18 -87 93 38 53 -14 -47 -71 74 -93 -67 -89 0 -22 37 39 88 52 40 79 11 -71 -3 -56 70 2 36 67 65 -81 97 -60 -44 77 5 -23 -40 80 87 -99 -5 98 34 39 60 -59 18 74 5 92 69 82 1 55 7 31 -63 55 71 -85 89 79 33 67 -96 72 -54 45 -19 2 -15 70 -81 -87 95 -99 60 -1 -92 -50 36 88 -63 8 28 -67 -33 -53 74 89 12 -30 -61 68 -68 -32 66 83 44 87 -91 -75 59 23 35 88 6 -82 -2 92 83 90 21 22 39 5 -86 -10 -88 2 37 -85 -45 -95 -71 27 59 -9 63 -44 69 -76 5 -1 87 85 -13
-99 -93 40 -16 7 -9 -39 -78 32 60 58 22 41 -24 53 -40 80 -95 87 56 10 49 4 99 -41 -58 65 -78 33 -13 0 9 -73 -75 -49 -46 -55 -37 -55 -67 79 -63 -69 76 56 -41 -39 97 -55 56 -9 0 97 90 14 12 77 -2 49 51 -19 -81 -63 98 -38 38 61 -66 27 -16 12 -5 32 -14 27 1 -26 2 -88 -91 0 -94 -50 81 50 88 -77 58 -22 -95 -88 -26 82 -21 -6 -97 -96 33 -23 -49 -52 -69 -79 -46 92 88 61 64 49 -18 -31 77 1 -91 -59 -19 48 -59 73 -62 53 2 -7 35 20 85 -75 -98 26 -51 -21 -86 -88 -17 71 -56 31 74 27 -71 -95 -79 14 -83 8 42 -24 5 -93 -45 -90 -54 -67 -4 34 57 -68 -33 -99 -11 -16 59 13 11 95 -99 34 -79 -9 -91 79 -34 27 19 -31 58 61 -48 -12 90 -36 -61 -46 -21 99 45 -38 26 -83 -20 -28 56 2 -21 33 -72 -31 59 80 25 78 80 -91 -30 -82 -100 -62 -41 -9 -20 93 99 63 -84 -50 -54 -53 -98 -43 -50 23 -10 -56 44 36 -63 -81 -28 -57 86 -18 33 10 -28 -73 -52 17 26 -19 89 -71 -32 10 -51 11 -70 -72 -93 -73 47 86 23 -8 96 46 -9 25 -42 -21 -93 -67 -83 6 37 -64 -92 -39 -100 53 -68 56 81 67 8 -16 -70 -94 39 -49 -41 71 -16 83 54 60 36 -54 70 -23 -90 69 34 -39 69 -10 -21 -34 -28 -91 84 42 12 47 -75 35 -74 97 49 62 47 -79 -52 20 -69 83 91 -1 -95 -50 -88 -48 91 -7 38 -97 -17 21 11 78 85 84 92 -70 95 21 22 25 -57 57 9 -96 -92 -67 -49 43 -12 -63 -72 -89 -42 -36 22 -81 -2 -87 -88 9 -65 -7 71 -79 53 -30 47 -79 -17 -26 -77 4 98 77 67 -41 -10 27 66 -95 11 58 41 -10 -68 61 -98 82 43 -92 -10 -62 57 -54 75 76 -48 37 -70 21 -64 -19 -2 -8 -24 96 -13 -18 36 45 -79 93 48 11 66 33 -60 57 -99 -71 21 -69 46 -68 43 65 -59 -20 2 19 65 65 70 -1 47 53 97 -86 75 77 93 30 -65 73 89 54 -60 18 2 -9 -92 32 89 -83 -19 -1 -63 -60 72 37 30 -86 83 -21 -16 11 31 -83 -87 41 -99 -96 -83 -43 -86 22 -64 -73 91 -16 -35 -63 -73 -63 -35 100 -99 43 -81 31 -71 1 0 55 -36 24 85 -86 -60 50 28 -52 97
82 -66 -29 23 -38 77 9 -12 -27 -63 -47 11 71 -29 -53 -71 92 87 -41 -4 -40 71 -97 -74 -39 63 -3 8 -81 50 21 0 0 15 -84 18 -3 47 27 -38 -87 -80 30 -77 10 98 -72 -82 67 34 -39 10 83 52 7 47 -46 -92 83 98 -24 -74 87 48 31 2 65 10 89 -4 33 1 28 -94 -70 -33 -29 -100 -78 -71 85 -3 -66 -68 56 2 33 14 1 84 31 58 -73 -91 2 -19 21 53 9 -18 43 -29 82 -19 -55 27 -85 80 30 -15 -64 -15 57 29 -3 -89 -89 10 -88 -54 -27 8 82 -12 17 -18 -99 -69 7 -25 6 -78 -54 -60 36 -20 66 29 -95 30 -10 -84 -2 76 -11 -71 -18 -98 1 -40 81 -31 98 20 24 -14 -69 -56 -55 89 65 64 -54 90 48 21 70 -50 9 -71 50 -17 46 -84 90 -87 -2 21 -77 82 99 18 48 -75 38 90 -63 38 -96 43 21 -7 17 -65 33 44 98 66 -7 -75 48 44 92 -86 -76 46 36 -4 -13 46 -98 -69 -30 -65 -53 -33 21 99 -63 54 71 11 -46 16 29 -22 -7 -15 -60 11 74 57 -77 -78 -2 -45 -10 -39 -68 -70 51 30 -36 -64 -48 98 -43 23 -65 -34 -75 37 50 95 11 -64 10 -57 44 -100 57 64 11 2 -24 -62 -28 88 -20 60 20 -25 20 -22 -24 39 -61 -11 23 47 -73 -70 -18 -81 92 50 93 30 -87 23 90 50 56 -66 84 -43 28 63 -74 -73 21 71 22 -19 58 27 -97 -14 39 -46 100 42 -99 -40 95 82 -43 -41 81 -90 41 68 62 53 54 39 16 81 79 -38 -14 -81 55 26 99 81 92 53 45 -85 -39 58 -17 55 -89 -35 40 98 -90 -19 -95 -46 -62 41 28 14 -27 25 -27 -68 -93 -13 3 -45 6 -8 -57 -47 58 78 -49 36 -58 94 35 68 -21 17 73 12 -45 86 84 5 7 77 34 -50 1 77 46 67 -46 56 87 67 -93 -1 -26 12 -30 -24 -80 13 11 31 70 53 7 8 25 71 -26 95 -48 85 -62 -36 10 -56 -1 35 24 24 -91 64 -50 83 -36 64 -38 64 -17 -72 53 -29 78 -41 -30 -7 93 93 -98 89 -94 -98 6 65 34 -33 40 2 -38 58 93 69 29 -47 -19 -62 97 78 -92 -60 8 68 71 -44 -72 31 -63 -74 -23 -86 -99 -95 -66 -6 -93 91 84 10 -78 66 -9 -7 41 88 -72 -8 -35 -30 -47 -60 -20 85 -5 99 31 51
93 94 -77 41 -54 -41 78 0 6 97 90 52 99 66 28 -78 13 23 89 9 -19 80 -11 -67 -18 -77 -31 76 50 7 5 -66 -9 58 -63 -25 75 -98 58 60 -89 6 69 58 -56 -82 -89 62 7 -72 69 -93 100 -61 -24 -67 58 -62 -35 12 -22 6 33 -37 52 74 77 0 32 -71 90 -82 -7 70 -90 95 73 -49 49 37 18 39 -39 10 -23 45 61 94 -58 56 -72 -56 25 52 100 -84 -9 -33 30 -36 -58 -95 0 3 39 -32 50 -85 -29 83 -88 -15 -12 30 31 -55 16 -50 51 78 -93 -11 39 81 6 28 82 -60 28 -59 -18 -21 6 -88 -40 -47 -10 48 25 -91 -68 -42 -77 -2 -23 -71 38 -26 -18 57 -10 -35 -15 -27 84 -99 -50 -89 -62 -88 -46 99 -85 -95 32 -47 -43 -89 59 -73 -7 -28 28 25 -41 -61 -73 24 38 -47 21 86 75 -77 88 88 -47 90 -48 -56 -68 -50 18 -92 29 -49 -85 -33 -30 77 -23 9 49 49 -86 84 31 -60 42 30 -74 17 89 -26 27 -89 45 84 34 63 -44 43 10 98 65 -47 48 -22 -27 -38 95 2 18 -71 -69 -87 6 14 -7 -23 -65 20 -92 -24 6 -21 32 82 -26 29 90 13 41 56 -58 89 -1 -19 86 14 -14 30 17 16 7 -8 -4 -35 -5 -91 -94 -68 -65 -74 -13 -25 -32 -1 -98 -3 24 48 60 -64 16 97 -75 44 -6 85 -4 -48 -66 8 -6 -70 -71 8 -48 -15 29 -50 -89 -59 -73 -61 -81 -9 -44 29 -83 41 8 -11 17 -27 -27 86 -99 12 80 32 -26 86 -65 25 16 -12 -30 -22 -27 58 19 -7 77 50 69 87 84 51 25 26 46 -90 95 -45 -82 50 -6 -8 46 -43 98 28 82 71 -84 -70 -98 35 14 70 -65 45 -22 72 -26 -66 -31 37 -88 -89 21 -35 92 -63 -26 -7 -95 -55 -60 -55 -58 -47 -95 96 7 -68 -41 99 29 31 -18 42 -30 -20 3 -34 -39 -69 -33 -70 -81 10 -30 28 -8 68 50 -57 -18 7 -95 -12 88 -97 0 100 -33 42 5 -15 75 34 93 27 -71 85 -41 54 -20 -17 -49 -59 13 54 -25 -49 50 -21 -68 100 60 100 23 86 -65 -96 97 -13 -10 32 -61 -47 -62 56 -1 72 -41 0 99 3 80 -60 -3 28 -24 -50 -43 65 54 -54 -16 -88 85 36 89 85 -52 71 71 -30 73 -91 -98 8 34 -46 -4 -70 -4 75 51 -17 73 -51 84 -9 -89 32
39 96 56 -25 -35 -96 85 12 59 -98 27 -96 38 19 -3 -72 76 -81 -23 -21 -73 -5 42 -31 -23 -1 -19 -11 50 -41 11 -92 -51 -22 -18 -70 -33 51 -14 24 17 94 -2 55 5 -97 -60 -31 -43 91 70 3 46 -49 49 36 -43 93 -21 -57 -35 -45 99 -67 41 -16 -45 53 93 98 -98 28 -39 -36 61 23 -76 81 85 55 61 24 -75 94 72 88 41 -47 27 0 -33 -38 -50 -61 -89 -36 -30 -97 93 96 14 27 2 -94 61 91 78 64 18 25 58 -54 36 6 -78 -22 80 -33 -61 30 -43 -11 59 -74 -48 -39 -31 -39 -89 -4 24 -18 -32 46 -30 -35 -67 77 -99 32 -15 33 -52 -39 -52 -61 -99 96 -97 -90 32 -1 86 39 84 77 -75 27 -53 -74 11 34 13 29 -85 13 -60 -88 -93 97 -54 -57 -6 -8 17 -94 -14 84 57 23 -3 -55 25 -9 -5 90 -89 7 22 96 7 21 -75 -91 55 67 -19 39 -90 19 -45 -4 24 23 -37 38 -44 -53 -32 -69 -96 44 -62 99 95 6 -47 -38 -34 44 -86 68 93 38 14 31 37 -19 98 -81 28 91 29 81 -47 67 -88 34 20 71 71 51 30 3 -87 85 -75 89 23 6 -85 38 95 -17 91 -71 -2 -77 10 44 -91 79 5 51 -85 -26 9 53 -36 86 -77 -77 -98 78 -92 39 -47 100 -93 14 -61 -23 42 17 -19 68 6 -55 55 -57 94 -62 -20 27 0 -95 94 -92 -63 39 16 1 -30 -80 -81 -89 59 3 -76 -90 -11 -62 57 -24 53 -54 -40 -43 6 -58 -42 -34 -44 87 26 2 79 57 -54 -58 -64 41 21 58 65 -4 43 -33 6 -32 -40 -30 74 -60 -72 -49 85 53 -19 91 77 -27 -28 69 -22 -90 -93 -83 -12 -93 34 -3 5 -50 38 68 -49 -27 -5 -73 -96 -67 58 -33 -91 -52 21 68 -66 65 -85 69 -65 -88 -70 20 20 37 92 -68 -64 -65 -44 -99 -40 -42 79 -92 67 -11 11 34 -5 64 -45 -12 -54 92 77 -94 -8 76 -27 -25 13 74 -47 -72 28 -54 0 -84 -66 -45 53 65 -76 -44 -15 30 98 40 -25 -76 87 -56 -34 -30 -53 -49 4 98 51 38 81 -66 35 97 93 -61 45 -46 67 -60 26 -60 0 60 7 23 39 -17 -89 28 -97 -6 -39 47 -90 68 -51 -78 24 -45 58 -10 -98 -31 -82 48 -42 85 50 26 21 -22 -31 -45 5 10 -28 -11 -70 36 88 39 12 -28 -87 57
-82 -14 -86 -16 -82 -81 -69 73 -50 -1 23 -64 74 -61 72 -1 -98 92 69 77 75 69 -17 -94 94 15 4 -10 5 -14 82 -20 99 -67 -39 -50 -91 -81 -99 -81 78 0 72 -48 -44 90 36 -47 61 31 70 66 -8 100 61 -52 -99 -37 -56 -84 25 31 -37 -29 -37 28 -4 64 -100 76 -12 -13 91 70 27 -84 53 55 57 -61 -87 -89 38 -8 -39 -15 -78 52 -99 14 37 38 28 -49 85 -17 86 83 -96 -68 -73 7 -44 90 3 -74 -89 28 -48 -20 -22 4 53 73 -59 72 -20 59 -13 66 12 -70 62 -39 -65 -55 -71 40 93 0 71 -41 74 62 65 -10 -4 73 74 76 -53 2 53 3 -27 84 68 19 42 -25 -97 11 -55 78 36 -49 -81 7 -48 2 68 -76 -2 -95 69 71 0 46 4 -43 17 -96 99 -72 35 19 19 -55 -15 15 -24 78 -71 72 90 70 44 99 -15 -13 -49 -85 -93 82 -43 -90 -41 -34 49 -31 38 -52 5 97 -83 -43 11 93 38 -95 -9 -2 -81 12 96 -54 -59 48 45 0 46 30 -64 10 59 18 -49 83 39 85 67 -8 17 -31 81 -39 -32 -51 -96 -1 -6 38 21 -2 -57 -58 37 73 -82 -27 -58 58 -92 87 -14 -30 -54 5 80 -99 25 -57 5 -26 -4 75 38 81 83 -5 32 45 39 -49 42 -58 12 0 35 -84 88 -11 -100 11 -46 -26 -87 -73 -45 42 -36 18 -3 -28 46 -13 -99 -14 -17 -39 100 98 -98 -83 34 -66 -75 56 -52 -32 -58 78 37 39 -2 1 96 32 -66 -56 -30 -72 -33 -79 -54 -78 -69 -5 59 -1 89 -98 -30 -32 -24 -100 60 -40 -37 -53 -40 16 -45 22 -53 -47 -22 -51 69 35 -40 8 -70 -90 24 -98 87 -40 19 -7 74 50 -98 -87 12 -9 -99 -35 -92 46 -26 49 1 8 30 -28 -18 91 -78 -13 -23 46 73 84 -32 79 -51 98 13 -10 -18 15 -39 -5 -74 12 37 -43 87 75 -78 -37 34 -61 -36 -70 -27 46 -54 66 68 92 65 -57 53 25 86 -19 -17 87 -88 -64 -1 -47 85 28 -30 59 -42 -100 -36 44 6 16 -96 -97 -39 81 -46 29 84 58 -40 42 -86 24 -36 -90 -99 86 -6 -74 76 -33 56 -27 78 30 -39 39 36 -15 15 28 -61 19 65 -5 24 -60 -23 -17 53 57 91 36 3 91 15 -30 40 -61 -71 50 23 -77 -11 31 99 19 52 22 77 -21 1 -13 -70 76 55 88
-48 65 36 88 -44 60 91 75 57 80 4 46 -8 86 73 94 70 52 -63 49 -84 75 5 -11 -71 -69 -74 2 -32 -50 -75 91 51 -95 75 -78 44 45 -45 12 -21 74 -12 -25 35 -34 34 -19 -89 -2 61 61 -30 -37 32 73 -38 33 -78 73 81 39 55 5 -56 -48 90 71 -48 91 -97 24 1 -29 38 -60 -63 44 30 25 4 -2 -89 -40 -20 62 -31 94 -28 -17 28 76 -29 -88 -70 100 89 -20 11 -17 41 76 -24 -24 -92 79 32 40 -48 -16 62 100 -49 37 67 -47 -31 57 -95 8 -34 0 -24 71 78 -78 35 -3 -2 -23 -25 -30 -61 -26 44 -86 -39 -74 -48 77 -79 -61 90 33 35 11 9 12 54 99 19 -34 55 -23 14 -4 -66 0 -32 -99 57 -36 42 87 64 -4 11 29 -39 -96 -29 -54 35 -48 -50 57 78 -44 96 -88 -65 77 -22 -64 70 -25 30 -6 -9 -38 -52 23 -80 2 -26 -29 38 -50 -4 29 43 -75 12 -56 -51 59 12 57 -20 -63 92 -16 85 32 35 89 53 72 18 -48 -87 -36 -32 -66 -45 -47 -29 46 53 23 1 69 -13 -4 74 65 -20 -85 42 28 -54 24 81 -71 -75 -28 87 83 -6 93 -90 9 6 -19 -27 94 58 64 43 -7 47 66 -90 92 5 -30 1 -3 -13 49 -76 57 41 25 80 -98 13 76 14 -79 -67 11 -74 -54 -7 -20 -92 63 17 -81 55 81 -34 -35 56 -28 46 -48 79 70 -6 -9 -24 -1 -53 -96 -17 -89 65 91 -72 14 -66 -92 7 -54 -33 -54 -47 -20 -66 -88 52 -12 7 -20 -52 50 75 96 99 94 21 -9 -13 35 73 87 70 97 39 46 70 11 41 -73 -43 -90 47 -71 60 -69 35 20 89 41 3 -87 7 26 -12 -97 41 -77 36 -99 83 -15 -31 8 -71 -87 94 26 -45 79 -23 83 -76 -67 31 -99 20 69 37 13 4 31 58 -50 87 -93 -51 -24 95 11 57 -85 -59 -74 14 -11 6 12 10 37 -20 43 -85 -13 -82 80 26 62 -64 89 -6 94 -32 -66 59 -28 -14 3 12 93 -82 65 7 69 -26 -6 -35 90 93 -13 -90 88 89 -77 4 93 4 21 -2 -53 -91 33 -46 -67 -31 51 -3 78 32 81 2 -80 88 -56 55 -9 -11 37 -98 81 27 -89 -42 -38 90 -8 11 13 -9 -11 -46 -92 -83 -13 -28 -100 11 -76 -66 65 97 -10 -12 -99 -38 92 -19 49 -46 -62 -84 67 -51 92
-46 25 86 90 -15 44 -84 45 20 99 38 -25 -81 57 -82 35 -30 4 -23 -97 82 6 -90 -21 -97 -3 35 -27 -14 37 96 24 77 -76 -85 13 60 -1 43 89 -2 -28 -82 6 -95 47 10 17 -2 -58 57 18 -29 -14 4 80 17 68 -60 -78 -38 -46 77 -79 -18 61 44 -50 64 14 -60 -42 -82 8 32 -27 -99 -56 -32 10 99 74 -82 -61 -7 -66 -46 -10 -79 -39 -86 -23 31 30 85 -48 54 75 -50 -32 3 45 -97 59 91 -55 36 62 67 -47 69 -75 -9 44 2 -91 34 73 66 -82 33 13 -33 40 14 2 -15 -66 -69 72 75 -20 65 98 -21 -17 84 14 -53 -54 92 5 65 1 99 -96 69 15 -93 29 28 -52 -15 -33 -24 21 30 -88 74 -44 -90 -36 25 21 78 31 23 -8 100 -52 98 -48 41 -66 -16 -69 35 -34 85 -70 -25 -37 10 -67 15 47 -79 -4 -14 -49 -28 1 68 72 39 -54 70 77 6 -24 43 77 -32 93 24 -84 86 -70 46 -8 -77 -84 -86 -23 -98 4 6 56 8 13 57 -89 61 -89 -19 -26 43 28 61 96 89 -76 -31 45 -19 45 0 -67 -98 63 48 30 -79 -89 63 73 -19 -74 51 34 -20 -97 89 24 -99 -88 45 2 -33 41 -14 -85 8 -76 21 -20 17 -32 -28 54 -30 -24 14 34 -61 92 -11 41 100 62 -12 -17 61 8 4 69 43 37 -96 -13 -87 -45 -87 39 -17 36 -22 62 -48 25 -30 22 0 32 -34 -62 4 -72 32 65 -17 -27 79 95 -75 64 -47 36 -88 64 51 -63 1 -29 -79 -61 32 -30 26 46 -31 13 -18 -20 -9 -63 -11 -59 -100 22 14 -48 -44 35 -57 6 -16 -18 -69 -54 -86 100 -54 23 -32 50 4 -89 -24 7 -87 73 13 19 41 -35 -48 5 62 -41 51 28 -46 -94 -69 -69 99 -3 -48 94 23 45 -12 -78 59 28 84 -98 24 37 -2 71 -5 -90 -84 -73 -95 100 79 56 -39 -62 74 23 -40 12 -31 -6 -38 61 -48 6 -96 44 -45 16 -26 -63 81 -86 29 28 22 15 -77 -100 96 -21 -100 -88 87 41 61 -54 0 -76 19 29 19 14 -38 60 -100 -62 79 -37 -9 -33 73 -40 -73 47 49 -30 -84 11 -92 -92 -47 64 11 5 85 -38 66 -8 54 46 -59 -63 -13 10 20 43 -13 67 -8 -36 11 60 -65 92 37 57 -35 14 -13 79 83 93 -6 35 67 29 94 50 -36 12 67 -95
-82 10 75 -81 -72 68 4 10 -56 54 55 -57 75 -100 85 22 33 49 -67 0 -3 -70 67 -41 -70 -59 -95 -16 54 35 -4 22 73 -18 -93 32 36 -27 86 42 -88 46 1 -54 33 67 -29 78 -32 -34 68 96 6 67 -49 28 -23 -29 29 -90 26 -94 -20 58 -71 89 41 -41 -38 69 10 33 1 24 71 97 -60 2 26 -86 -91 34 -97 -70 -46 84 -20 -95 76 -12 73 -16 -100 54 72 66 -52 62 60 48 -12 -63 -1 -7 19 71 -55 -70 21 69 -81 -20 65 93 96 87 14 -84 80 -67 -61 -68 -92 -74 -37 -19 -33 -91 -39 13 82 41 15 -99 -46 -83 28 13 82 34 30 -15 -62 -67 14 -79 -54 55 -97 87 63 1 64 100 -94 60 35 14 -28 15 3 44 69 4 50 -52 -37 14 56 38 -42 49 -29 77 -53 91 39 -77 72 59 82 70 65 -70 -85 -56 84 -12 99 -74 87 -95 -16 75 -24 55 -95 -95 70 29 9 15 -92 -48 -32 -21 27 -24 18 56 -100 -40 67 62 -69 63 -39 -89 66 45 -81 28 -48 10 42 -75 52 64 8 70 69 31 -35 -49 -59 57 -11 -86 29 63 -56 79 -95 5 -99 -97 -100 -62 25 -8 -86 -63 -57 -27 47 -51 25 90 -79 76 -94 -61 84 -60 66 41 7 87 61 61 50 -36 60 -13 43 83 -67 -38 -33 7 91 -4 29 58 30 11 4 14 -27 56 -19 -40 -12 2 16 -70 55 -76 4 -74 72 -95 -35 -47 54 18 62 68 -40 52 70 -71 34 92 49 81 -24 73 -69 55 16 -80 52 -42 -65 -14 -17 24 25 -8 -7 -4 -30 41 -83 14 75 -45 65 -92 40 1 -67 -12 57 99 -18 81 84 67 -29 59 87 -98 -35 1 32 -45 0 -82 -59 82 -36 -81 54 33 -56 -30 -13 65 87 98 -32 -58 -53 -66 -99 79 -12 50 18 -10 -59 22 -47 14 -50 -46 16 -60 44 13 92 -55 68 7 -4 41 -27 62 24 98 72 -88 -41 46 -69 97 -31 65 45 14 37 69 95 74 82 -88 -50 36 -20 -57 40 45 -80 -10 61 -23 79 70 13 48 -64 -90 -95 -40 -65 51 41 -95 94 -81 36 -26 -99 -29 -4 90 -63 -6 -79 95 100 -82 -5 -60 64 26 -3 41 -52 -32 -98 -2 73 -72 18 -47 -72 -99 17 94 -30 50 75 -23 -58 6 26 -85 30 47 45 -47 33 -22 74 66 53 52 -44 16 99 51 -46 -53 49 68 -34 46
-48 80 15 -97 -91 76 -48 -95 -4 93 -40 46 -61 -34 32 -5 -67 -46 50 65 93 47 -89 88 -41 75 -32 -76 13 85 -66 36 -52 48 31 57 11 -82 86 51 -100 51 -13 -91 -46 -83 50 -80 -49 89 -96 80 -29 -44 45 81 -41 40 42 -35 63 -69 8 -94 -69 10 -2 10 -58 -100 5 12 16 -100 51 52 -11 -82 -59 66 -39 -48 86 -80 52 27 96 -18 -63 86 82 -73 96 -44 -26 13 15 -90 100 11 22 -20 -54 91 95 -76 43 -87 -72 -15 49 47 -5 65 -13 -21 8 -21 -79 97 39 -27 -100 23 -57 4 79 -42 17 -27 26 3 -45 -8 -74 -27 45 -7 4 -72 23 -7 -74 34 -10 -36 17 5 94 -20 21 61 -53 -50 -58 -64 -46 81 4 98 -96 12 -20 -47 33 -11 12 50 16 20 -24 81 64 8 93 -39 -62 -62 52 -74 -20 39 60 -56 -11 100 -2 -24 38 98 23 -37 -45 -88 -16 -10 92 40 -50 50 -60 -30 -60 44 -24 89 50 -16 -26 31 -46 -39 -96 33 -89 -84 70 28 -53 -48 77 -13 -74 9 91 -20 -43 78 -22 -63 46 10 -34 89 -76 -80 100 -71 89 90 -92 34 -12 16 24 85 -62 -67 -15 57 -9 -37 -14 -14 50 -69 -94 15 59 65 52 49 -71 14 38 -16 -73 -87 9 -26 -43 -39 -88 -51 93 -26 82 -100 -4 42 16 -24 46 36 -1 -77 45 -22 -74 11 96 -11 -33 -7 3 -74 90 -41 -50 99 -80 -95 -33 -72 98 -88 78 34 67 35 59 -62 -89 67 42 6 -94 88 -78 9 -87 -3 31 22 -69 44 -18 15 85 -28 84 -2 -36 36 -36 -41 19 -29 -41 36 -88 -89 -84 -46 13 30 -85 -3 -37 -77 -92 74 60 -100 68 -13 -50 12 32 68 63 78 -91 19 46 97 -59 62 66 1 42 -62 -69 10 23 -57 -18 82 51 -88 94 -6 37 -51 27 -45 -22 63 -30 67 -43 -24 -46 35 -31 -48 -47 -61 63 -44 82 59 -86 95 80 34 -100 -30 -72 5 -55 -13 36 29 1 100 40 36 -27 64 -7 11 -89 -34 70 32 34 -43 -20 68 35 -32 -5 67 -8 -65 -15 -22 -92 12 83 -61 58 32 -91 -54 -8 -48 69 34 -87 -5 -70 1 -22 82 -96 68 -2 -22 -82 -69 -36 81 -83 10 -79 13 -56 64 -90 3 90 8 98 65 -41 -14 -62 56 -72 36 99 49 -31 -34 82 12 -41 53 16 -51 1 -75 33 -78 10 56 86 63
56 0 78 57 25 44 -73 50 92 -81 -12 50 87 80 -93 -11 -40 12 -99 35 5 53 -57 -74 50 -12 21 64 -11 -49 99 84 40 80 89 51 56 96 50 98 -72 99 -26 97 -42 81 -49 96 -84 -44 -31 -38 -73 71 -99 69 18 -65 73 8 67 26 -5 -15 -99 -45 -80 -92 -27 54 -62 -7 31 86 -78 55 -66 -83 80 62 -12 -53 79 9 48 19 -43 88 -74 3 8 63 45 54 16 77 43 80 -58 -40 64 20 -83 63 52 70 67 -27 56 -55 25 6 96 68 56 11 27 -45 -71 39 76 -1 -79 -59 68 7 -79 5 53 -100 -84 -88 23 11 -90 34 -59 -39 -86 81 92 -89 -87 28 22 23 -10 57 -83 -83 -100 -40 -81 -65 -74 83 53 -25 6 -83 -38 -61 -45 -30 54 -24 90 97 59 -84 9 33 -1 -61 52 29 25 -13 42 -33 -30 -8 -87 -43 30 -13 78 -65 100 87 78 -86 97 61 62 -91 -68 -83 -47 35 32 -70 41 -53 51 67 30 18 91 19 -51 -75 -2 -66 15 -89 -93 -60 -59 -90 31 24 31 69 98 -17 5 -66 58 -80 86 13 -74 29 94 -82 -5 -56 66 -49 33 23 -3 -39 -48 -23 73 -81 -68 -18 65 88 -3 -18 -15 80 -61 -88 11 -67 -49 51 -14 -71 83 -69 -55 -36 54 -78 -13 49 52 75 20 76 -85 -53 52 7 34 16 41 -96 -16 -79 90 28 -65 -2 -74 -62 -50 51 -27 -68 -1 22 93 -8 -77 -11 59 30 49 100 100 88 61 95 -18 -85 58 42 -30 41 -38 -30 -95 -21 31 74 77 -5 -46 -10 90 -41 -54 -35 87 -52 14 -53 -91 -29 70 -79 68 44 -25 -3 96 -15 13 69 -91 -39 -31 -64 87 -16 -30 99 -82 99 12 84 86 27 46 53 -51 13 -36 55 80 40 37 -47 -94 -26 11 92 -4 25 9 -23 -40 57 59 -5 -22 38 -28 16 39 -6 -9 -82 -48 -82 96 -5 87 96 24 -95 44 -3 72 44 -60 33 -53 31 41 18 90 74 -48 25 -37 -49 46 67 -33 49 -19 -13 11 -36 62 -27 79 -75 -83 20 37 93 -95 75 32 13 -7 82 -88 -35 72 44 1 97 66 -22 -7 -23 -58 40 58 -53 -79 -41 53 40 69 95 34 70 -26 -37 -83 30 5 2 -83 19 92 -28 -41 3 41 -100 41 -17 -12 -22 -93 -77 -89 -71 -15 -84 -36 -13 17 19 54 -88 -84 -92 44 21 77 14 -9 76 -88 -45 -89 61
-86 16 63 -72 67 79 -61 -48 -64 -74 42 1 -18 -4 -46 -90 -59 -11 -41 -30 -77 -35 -81 -1 48 -93 62 99 100 45 66 -51 88 -67 76 -50 68 16 70 36 -26 -53 -87 -29 84 -44 -89 4 -49 -6 -43 4 -96 -43 -82 -67 2 64 93 17 72 -38 78 58 39 79 33 -87 -83 72 -90 -91 -98 -95 -58 -75 92 83 -82 44 38 31 2 26 3 63 -70 81 -56 -74 68 12 -83 61 64 68 57 67 54 -79 -3 -90 -67 5 -78 -83 -76 -78 -10 -52 79 31 -53 -22 66 11 -20 5 -54 67 -75 -6 -37 21 61 -59 89 -33 -12 79 23 85 84 60 4 -32 14 -49 -65 67 -56 -18 -64 -31 -99 49 44 -10 2 93 -16 -33 -52 -40 84 93 44 -64 -67 -92 14 86 -77 -14 -15 -14 35 88 99 -5 -100 -62 20 -19 54 -16 67 76 -47 -2 85 -43 45 -92 18 67 -32 -54 26 -49 -13 -33 -12 -56 52 81 -33 -47 45 -88 -48 -72 90 82 -1 85 97 -45 55 -19 -59 -54 -50 -88 40 -64 -20 -90 74 -10 -37 -51 -72 73 -33 7 -55 74 79 78 27 67 -71 56 -78 58 -14 81 -61 -63 14 12 -50 -17 -29 -7 57 -80 -10 94 95 -46 46 54 60 -79 82 11 31 -52 73 56 14 -24 69 21 17 -100 18 -17 67 18 -84 -87 20 -16 -62 -16 16 -31 60 99 19 -2 -55 35 -27 43 16 7 -58 14 2 87 47 -65 -25 85 84 -19 -3 52 38 37 37 58 -99 -100 31 -72 -87 6 -26 83 -9 -78 -12 -55 -20 -52 -41 -18 -18 -75 51 -90 -29 99 -65 -13 -41 28 4 24 -80 -15 -50 11 -6 94 -87 -47 24 -22 21 -28 62 5 98 43 95 37 -11 57 41 -11 -43 -26 14 -30 86 -10 -90 74 -68 58 -76 60 84 90 -49 -95 -47 -75 80 14 95 -21 -1 -53 -6 -18 -29 -22 19 23 93 61 -3 49 -83 31 47 62 11 51 30 57 72 -7 -99 37 78 15 15 -71 -85 -75 54 -62 17 -3 7 90 84 64 -66 14 61 -54 -91 -23 100 -19 -91 71 99 54 -43 59 -1 -98 5 -75 -54 -48 23 3 15 -2 -20 -83 -12 -54 -77 79 -12 89 7 -93 -1 65 47 21 35 -35 9 -16 -64 21 -27 -3 24 3 -22 81 67 23 -54 8 -52 -29 100 -65 -5 -97 33 -12 -37 82 63 -48 -49 87 -24 -20 -21 37 -6 67 67 28 -98 -47 -17 -13 4 -73 79 -62
71 -28 -20 -12 -65 -77 -73 79 15 -85 -14 -82 69 98 -53 80 -95 -49 92 -6 50 -41 -17 -51 -87 100 -96 -48 -48 -80 -26 49 51 66 -27 -42 -67 -76 32 -96 -7 32 -25 57 -58 -53 -24 84 -36 38 -42 6 19 18 -55 84 -56 -72 8 22 21 -24 -47 68 49 -78 34 63 -40 -82 20 -76 91 -31 -8 4 -77 -92 -33 13 -93 96 89 51 -1 -80 -24 29 48 -38 -64 -64 -47 47 -48 -80 -25 46 34 15 -21 67 58 70 -69 -68 40 -46 -93 -35 -16 54 -25 69 -81 58 -14 53 -75 -84 -36 -69 -39 -55 29 92 -45 -52 -65 -35 90 96 -97 80 -46 80 -9 -68 -92 16 76 29 -95 -62 12 51 -73 -55 -89 -18 69 36 -36 -35 90 56 18 33 -19 -92 63 -44 79 -97 16 57 -27 50 -74 45 68 30 5 5 56 71 100 37 32 -53 -64 -22 -60 -23 18 -11 7 85 -34 50 -16 76 -80 -38 -74 55 -53 75 30 36 23 34 -28 81 -15 -86 62 -39 76 29 97 78 10 70 68 -20 59 76 -75 60 71 -48 4 76 96 20 30 -46 -77 8 8 96 -75 -65 59 -54 -22 12 17 41 -39 60 86 35 55 94 54 75 98 -93 -44 52 93 82 97 85 11 -32 26 50 -71 -16 -48 -85 -53 86 -46 50 52 97 77 72 -100 54 -95 26 -22 -73 13 -14 -75 45 -81 -9 9 81 -28 -51 10 -92 -79 90 72 -87 -54 -29 -29 -9 91 -5 72 3 -20 96 -79 31 -13 -16 48 -56 -1 18 90 27 -55 -50 56 -95 -46 -75 19 22 71 -66 -26 -62 -92 -18 3 -69 15 -20 -32 69 -82 45 98 -39 -91 -31 -88 -12 -7 -98 -81 -83 20 82 -68 44 -34 -81 99 -91 78 -98 -41 96 -34 20 -89 22 94 19 -30 2 -27 90 41 10 -86 -91 97 -75 56 -95 14 10 6 -76 -86 20 57 47 -39 -16 -37 97 71 29 -43 51 -10 -43 96 34 7 -30 -13 31 68 -87 14 54 39 -46 54 -60 -56 0 -75 28 -24 83 -26 43 -66 -100 -50 27 47 -96 -13 -96 -67 89 41 16 5 -97 -55 -87 -9 -68 92 -39 -44 -84 -56 -77 -4 -34 -10 64 75 82 -36 97 -65 60 -14 12 96 89 77 -4 66 -15 17 10 44 -57 -90 0 82 68 81 62 69 -81 -83 96 10 39 96 -47 -41 -37 56 -66 78 50 26 82 -91 -89 8 -22 -35 -38 24 -61 -31 75 56 -67 -1 -74 35 82
28 -100 26 21 -94 62 97 31 25 -46 -75 -57 44 -62 -66 87 48 -80 -78 47 69 2 -12 -7 99 88 -24 -21 38 -79 -64 -2 -88 69 27 -59 99 67 23 57 96 -18 100 -52 -71 25 -29 -10 -100 -91 -10 92 8 67 92 -55 90 -70 -62 -86 -84 -85 75 -100 -44 48 79 -33 43 58 -17 -81 -81 60 70 18 53 -22 79 -50 4 60 74 -42 9 -51 -80 -87 18 -56 -53 -54 24 -31 -76 -95 -29 -79 -24 67 36 -36 -51 -96 84 -18 -51 36 -54 27 -91 34 -76 -73 13 -41 80 -21 -5 87 -46 -26 25 79 84 93 -77 25 -6 -64 -78 2 -47 -28 46 89 47 67 -41 -52 36 -93 8 -10 31 7 -27 63 -1 -17 -17 -46 -20 -50 -73 0 -45 38 -25 25 56 -44 57 41 99 59 63 90 -44 92 64 49 73 -41 51 -43 -27 37 96 -26 -50 -71 -88 97 88 -26 -73 8 -9 97 53 47 20 -97 -45 58 -74 -55 -89 -39 64 -14 -67 -39 11 -57 79 -47 -36 -21 88 81 -16 35 77 60 -77 -30 39 77 -86 40 55 -58 -50 -50 62 -97 90 87 11 -90 58 -93 10 2 55 99 -92 -19 55 -10 -76 -6 74 -23 15 -10 -67 -85 54 79 -52 79 73 -15 -72 -55 97 -11 -52 -23 22 7 92 -50 71 -8 66 38 -30 -65 66 -17 48 40 96 -18 26 -91 -6 30 -42 -41 -97 -8 -2 -24 62 27 90 62 -62 14 43 72 63 -5 -7 -35 33 42 -97 -59 87 58 98 -87 3 80 18 -30 -32 20 -74 40 -31 -59 16 4 67 -58 -34 49 -15 56 34 18 12 -26 -55 -46 -81 13 -18 -2 93 54 -16 96 -32 -67 14 -9 -38 -31 -91 -5 -59 56 -72 97 -69 56 50 90 -15 37 -91 43 36 -99 -92 46 98 -46 56 -40 60 -20 62 -72 36 -47 95 -36 -59 89 4 69 57 -38 50 63 -97 77 33 -16 96 -56 33 22 -40 22 -8 -89 58 35 25 -16 49 -47 -36 -57 58 88 21 97 -88 44 74 -57 61 -2 -32 35 89 -76 43 96 -12 86 41 76 19 34 -36 90 -53 34 74 -17 -86 -2 0 -58 -41 97 -73 -26 -83 24 65 -74 -47 -9 -10 -3 -41 80 90 2 54 -1 -77 -85 48 -60 -75 50 75 75 -75 61 -47 26 11 -92 64 -24 -22 -13 14 -14 42 74 27 -42 -69 20 -46 -19 -34 -56 -6 -9 -11 -56 -89 -6 -96 -97 -11 93 92 -80 -29 75 -49 -23
-13 -46 -89 -52 -52 85 20 39 12 -81 -20 7 -66 -11 -51 -90 -98 -21 43 96 72 43 -41 0 -7 -34 -70 -25 -3 -59 89 62 -9 -93 -76 -60 -3 -83 -66 60 16 93 -32 79 12 57 -56 -82 -6 -30 -30 -20 -76 9 1 -57 -30 -95 27 -97 -26 -70 81 -14 20 5 -70 62 -75 -100 -38 -56 -37 -5 -62 96 -57 36 -10 7 -10 -25 -41 96 -19 -18 -9 -80 -90 -49 -50 -53 25 35 81 -25 -18 -33 35 -43 -87 -71 -65 26 -79 -50 -47 -36 44 28 85 -48 -54 2 -48 13 89 93 77 84 21 -63 -20 -34 -76 94 -11 -59 -98 37 73 -93 72 -98 -59 98 -19 39 -46 -21 69 -83 67 46 -94 13 100 -20 76 57 -40 -48 40 -48 -65 28 37 -86 0 61 81 30 44 29 -52 -54 29 78 -88 -54 83 80 78 -90 15 85 67 -72 -24 -32 36 86 75 -42 -37 -28 -59 50 88 22 -32 -6 -96 -17 -83 11 -40 -78 19 15 -10 -71 13 -1 -12 13 -55 89 -13 -38 -60 3 -39 39 81 73 -83 62 -45 -99 -45 -73 70 -72 90 -53 -30 6 29 -5 53 -16 -45 -68 50 -58 60 33 -43 -57 79 -47 -14 -66 -82 -9 27 27 70 90 -62 -98 46 1 58 -19 -51 -52 -2 33 -26 -48 80 -19 70 -42 -75 84 -82 86 -65 -14 -32 24 68 63 -83 -77 57 -61 -34 -2 -88 -60 -56 -1 -18 72 38 -85 12 39 55 42 1 66 -18 77 56 -69 -85 -58 -13 -53 -13 -18 74 1 44 11 92 0 64 -27 -20 79 -88 67 -93 -8 -85 -36 -51 14 -16 -73 42 23 41 -61 92 86 73 67 -44 45 -3 -28 -74 27 -62 -21 56 -62 -41 25 -31 39 96 29 -27 -46 48 56 -85 85 -42 -15 -45 36 -34 83 -10 57 90 55 0 92 4 63 62 -28 39 22 -58 -46 -78 -83 52 -42 -67 -60 -76 47 50 45 -8 93 -26 90 7 65 -79 35 -94 -40 -46 -41 35 67 -54 20 -39 -9 -45 -28 31 95 -89 97 13 -52 89 39 47 16 63 -81 25 17 -88 24 -38 9 5 -48 -7 -6 -51 76 9 -28 -77 -10 -18 32 36 18 -100 -16 28 -35 18 10 74 -27 -82 -79 0 45 29 91 53 -65 -87 81 -40 -48 -54 72 -77 -74 -47 82 83 -90 8 44 -60 20 86 -61 -40 53 57 -71 -27 17 -20 92 11 -22 -46 30 -6 65 -61 20 81 24 44 60 11 -46 -87 -17 66 -39 14 -50
-24 -49 -28 -7 2 -90 84 -93 96 -33 71 53 -50 -67 83 -67 97 99 -25 3 68 83 -31 -93 66 -17 17 83 -93 -62 97 75 46 -5 -30 96 -79 -92 -49 62 -44 -78 -57 -51 29 -87 9 -61 0 -70 -73 20 98 78 17 14 -58 -96 27 33 62 -61 -64 -66 69 28 -14 -39 -10 93 -97 -47 27 -38 94 4 76 -77 56 91 28 -50 17 -73 18 6 12 -87 90 14 99 -7 55 51 15 -87 -25 -43 -82 -34 86 33 84 5 49 -30 66 15 -46 50 -76 -81 -91 39 -93 40 55 7 -65 -90 0 -91 -5 22 78 50 -10 42 37 21 -81 -8 95 56 60 89 75 -6 44 -31 -11 -5 -96 49 71 -10 -95 -86 -88 46 -27 92 16 20 43 -52 57 25 -82 -17 100 -68 23 -3 -37 -53 -94 56 -31 -51 96 34 -8 81 73 33 59 27 -96 23 -23 -27 -55 -48 -50 66 15 -94 14 58 80 6 76 -63 95 47 15 93 -85 22 -39 -61 81 9 97 54 64 51 35 3 58 58 -65 -30 -37 -18 20 -72 -21 -57 4 2 69 -51 92 68 86 -25 80 99 -47 89 -33 -47 -19 -1 -86 -57 -1 3 -55 72 -3 38 23 44 88 -41 -38 37 -84 26 -3 -40 -31 66 55 19 87 -59 56 75 10 -71 65 60 -43 62 -17 31 91 -8 76 -67 -3 -42 94 98 1 2 68 -37 56 24 14 7 76 56 -10 78 -72 -53 -47 14 -46 -21 94 -70 66 -10 53 4 53 40 54 -91 79 -78 97 43 -62 -5 90 -48 -86 -21 55 55 -6 22 3 -53 48 -56 34 52 -69 97 -96 -1 99 -94 -84 -98 63 -10 -57 84 66 3 -86 -52 98 -27 -55 54 -46 -59 -25 -12 -71 0 -63 -49 -46 1 -22 43 -44 25 81 -25 -16 24 -68 -56 72 -81 -63 -40 -37 -2 26 63 54 94 -59 46 -21 -49 100 18 -6 17 -21 12 -86 -31 -71 -56 -71 -73 -69 31 27 -8 -93 39 -85 81 -63 91 15 23 -56 95 32 -6 31 -78 -46 -55 -4 69 62 -43 15 -93 -34 73 7 -46 23 86 -62 81 -63 94 -53 -12 97 -50 -80 91 50 -100 -40 -91 -33 53 75 93 -23 -55 -15 -69 71 22 -17 100 48 11 -52 30 92 -21 21 -6 -60 -23 4 81 26 84 -85 -62 91 46 -66 55 -58 0 47 -42 91 -50 50 13 47 94 100 56 6 -23 97 89 9 -19 -11 -19 87 9 8 -59 -43 -13 -83 -52 59 -26
31 67 13 18 18 65 -29 -7 -79 -20 -23 24 98 8 -64 9 -77 -13 -70 -36 25 51 3 77 95 93 -70 93 -72 47 -15 55 18 -84 -29 -63 5 -21 40 16 -79 49 4 -85 50 64 85 74 -48 20 -74 -100 4 18 85 89 -87 96 -85 -45 55 45 82 31 -53 39 -88 77 11 27 -4 79 96 -29 4 -4 -85 37 -62 55 56 27 32 40 -79 13 16 -53 89 -10 -29 -5 34 -49 68 -26 -24 -9 61 79 -92 -30 18 -42 -15 -3 -39 72 -3 -53 24 23 -52 68 61 -84 -97 -29 36 -36 -85 -92 3 56 6 -79 30 95 57 -90 48 56 74 -98 59 -94 -23 92 87 39 -9 9 -22 -81 -82 -43 92 -3 -44 -41 -58 -80 99 77 -86 71 -22 49 -50 -44 -79 37 -79 35 79 -67 96 3 -17 87 -92 19 -51 96 54 29 -69 -73 -33 -46 -19 -97 -10 -100 -75 -95 -22 98 33 53 -55 48 54 -7 -58 10 -64 -74 -23 -88 1 -14 -87 29 -66 65 66 86 19 63 17 -14 25 -8 15 -84 -37 -57 94 -50 3 -72 32 38 53 31 16 85 67 -77 -44 71 -35 -92 12 76 -92 -29 8 -14 10 44 -46 51 92 88 79 28 85 24 -14 -55 81 92 -8 -80 79 -42 28 75 -62 24 51 -25 -40 -22 65 43 -97 70 -60 16 26 32 -24 2 72 -65 -35 17 -75 -76 62 -66 -96 65 12 -89 -51 -34 -88 -27 57 -55 45 96 6 -100 99 -23 50 -84 -25 -87 78 96 -87 64 71 73 -29 70 -79 -44 56 12 35 -14 -21 79 -23 23 31 -52 73 -2 -81 -60 16 86 -3 -98 27 17 16 -17 51 100 52 99 85 88 28 -24 12 -44 -96 49 -86 -38 -100 -87 -72 -24 76 7 -89 60 93 -46 19 53 -38 36 18 78 90 -33 -72 84 -67 97 85 -8 -76 80 53 57 92 -89 53 1 47 92 -68 -70 -79 91 -67 24 97 -35 -56 -21 82 48 -29 -58 27 -80 31 54 -48 -72 -27 46 -59 69 49 63 30 68 -65 90 20 47 -69 -40 -36 -62 26 -85 81 -63 28 -78 -29 39 33 -92 89 66 71 -100 24 98 6 94 54 94 -1 -2 -36 98 -67 60 -7 72 -42 -46 -74 -5 98 -13 26 6 91 96 -20 89 -20 92 17 71 31 -88 -80 -43 -97 -56 -46 58 -74 -98 -55 -39 -36 -76 -43 -84 -48 21 -66 66 -36 -22 27 78 68 27 51 -4 33 1 -60 -76 56 -54 -25 71
63 89 44 -48 33 -96 19 -99 -48 23 -63 39 69 -61 -1 -58 -72 66 -81 -6 99 22 -90 -11 80 -20 14 63 84 95 97 -76 76 36 -39 39 100 -36 -23 37 86 -44 -91 24 -88 -31 -7 45 41 -9 -76 -11 1 -78 85 49 42 -82 -14 21 -26 71 15 6 39 -16 66 13 47 -5 -69 -43 38 -49 -7 -61 13 74 76 -24 -64 -37 17 -2 -16 -54 82 -42 -81 91 -74 -10 -45 -91 69 -68 -48 49 -71 38 -39 -16 -9 59 90 -31 -88 32 -38 88 22 -90 -24 -42 27 -81 -89 40 -52 70 74 -81 -77 20 12 56 -70 -36 14 -42 -29 -94 54 61 -6 -47 16 -42 -12 -86 -30 -5 -45 40 -76 -14 -100 97 -55 92 -15 63 -84 -62 59 -53 54 -69 -99 24 -18 -50 57 83 -51 51 -16 67 -29 50 75 -35 77 -3 30 -84 -37 -20 22 -9 75 29 29 8 -67 97 -36 -96 43 96 56 -27 47 -92 -62 -91 -39 -72 -61 79 52 88 -1 79 -55 71 44 -86 -41 94 -56 35 -86 49 -69 46 57 33 49 2 33 -35 -78 54 71 8 -65 -88 97 -56 -34 16 52 96 73 3 84 17 -90 -57 89 -40 83 79 63 99 10 93 -3 83 1 32 41 57 -19 19 -47 -2 34 -20 -54 1 60 -73 13 95 -93 -52 -18 -21 34 -89 -95 -36 -29 77 36 57 14 72 -27 62 10 46 -6 12 -56 -49 -21 -5 25 32 -49 -46 64 -85 -87 -53 7 -8 86 -88 -3 97 6 -1 -64 19 94 35 -23 5 74 77 -86 -100 78 -64 34 11 59 8 -61 20 -51 -32 75 3 -30 -65 93 35 83 71 57 -22 -82 91 64 43 -91 11 73 -74 71 -57 100 -81 -85 18 -49 -23 -75 -85 38 86 32 -92 -48 -88 -53 91 -54 -14 98 -36 23 -76 -95 72 80 -17 -92 -44 -92 51 -47 76 0 59 92 35 -3 -16 -30 -92 80 93 77 11 28 -85 -7 -41 59 -2 77 9 43 -89 -79 -88 -24 -53 -67 1 -85 81 64 86 -47 49 -43 86 -60 42 11 88 8 -39 27 -31 -99 31 84 -98 53 -39 49 78 -58 38 -84 -40 -5 30 47 77 89 17 -83 -20 12 52 -47 -43 -91 70 -34 4 -92 83 -92 -98 64 93 54 16 -95 58 -59 0 45 -67 83 -53 84 -24 -11 66 58 46 -41 -87 -13 -76 79 -2 88 28 1 -39 -65 -87 -9 -13 7 -50 -9 65 82 -8 24 90 -60 48 62 46 100 -80
-67 -56 -75 76 48 74 -33 -17 38 28 86 -83 -31 16 -93 -49 0 84 66 12 -33 12 60 -4 9 73 -70 -44 -42 -18 -56 55 -78 -17 29 92 -40 -62 -82 -96 -68 58 66 -20 -7 30 73 -87 40 -63 9 77 80 -10 46 11 -75 35 -14 -85 25 -91 82 27 -25 -39 -74 54 -5 -7 -60 100 -47 -68 -91 88 -35 -68 85 81 -61 56 -73 -59 24 -64 -58 52 -59 -39 20 79 -95 77 77 -38 96 28 96 76 63 -83 78 22 -45 18 67 -79 23 44 21 51 -6 -85 -31 80 88 87 53 -76 -7 4 -2 30 72 6 -78 43 46 -37 19 -51 52 46 -48 62 85 -84 -18 -2 -66 -66 -20 -42 -49 87 -76 -100 -99 28 -4 -33 -13 -69 44 -74 -23 -69 -59 -61 27 91 -67 34 84 79 72 72 94 -77 87 -63 22 51 32 -58 -81 91 8 -41 -50 91 -33 22 45 15 -68 18 72 -41 31 54 69 -78 82 -4 22 -82 27 11 -13 44 83 -90 66 -12 -77 -1 -18 -31 -98 70 -94 51 -61 -43 93 85 -77 86 -17 66 -26 80 -70 67 13 45 -93 -4 71 -75 -51 -14 -54 -5 -67 17 41 -36 -79 -8 12 16 -34 -6 38 32 -53 -80 13 -24 -13 -46 67 65 54 48 72 17 -1 35 96 91 93 -43 61 -36 63 69 9 -51 53 24 61 -69 100 50 55 -85 -11 54 -52 24 39 20 66 -46 81 -37 -71 17 -64 90 62 0 -76 -11 95 -2 49 -11 -45 -71 -52 50 45 30 -84 -40 70 -19 -3 -44 -16 32 36 -74 64 60 -17 -33 49 11 -47 -47 11 9 -58 38 73 -89 -23 -92 -77 -81 -19 94 70 88 8 -48 -22 71 -2 2 1 19 65 -18 -100 -68 -35 -10 -52 -25 59 64 90 -50 3 90 28 -38 81 91 -45 96 37 -33 52 60 -37 -88 41 98 6 25 -72 -52 71 20 -64 -7 52 -4 57 82 -73 94 67 -49 32 -7 -36 0 -41 42 -31 -40 -19 -32 -3 -74 -63 -94 -21 42 -70 -28 -92 25 -45 -16 84 -65 -48 84 -36 -93 97 67 47 -72 9 -23 93 -15 86 32 63 -25 0 -89 97 -50 -41 -18 -62 48 33 -35 -64 -44 83 64 -5 -60 8 -66 -10 67 49 33 -38 99 -87 30 17 65 61 -62 27 -67 21 91 -37 -67 -43 -97 90 -62 74 99 44 -98 -77 83 -27 93 41 12 -91 37 51 9 -82 96 -23 -80 93 73 -54 12 -45 66 -41 -60 -44 -75
78 51 86 11 37 21 -31 -47 72 47 94 -64 10 -41 -17 29 70 -100 -52 19 -5 -75 15 37 -94 39 37 40 -62 26 60 3 -52 -50 48 43 -12 83 -45 57 43 -90 18 -8 -8 38 40 -11 -63 25 14 -59 -84 -61 -36 -25 -24 -15 -35 84 6 47 -59 54 -25 -39 29 -24 98 -76 38 -8 6 -2 -20 68 -93 78 -77 77 -4 -66 24 -2 14 -42 42 79 48 -77 26 -87 -64 -79 23 78 -25 -6 56 -72 -33 85 27 82 -23 58 94 27 56 -50 -85 -42 80 -39 26 -25 -1 -59 -34 -7 -54 23 95 -2 35 1 12 48 71 -20 28 1 -85 99 55 -56 -69 -72 -96 100 -90 38 -91 11 -95 -95 -46 -49 -27 28 -19 -31 -33 78 4 6 -21 70 -88 -3 -68 -69 -9 15 93 -56 80 21 61 -30 -61 -95 -76 48 80 4 -76 -18 -77 -19 -88 -30 13 73 3 -24 28 33 -6 63 -81 30 51 -94 -60 -66 11 26 13 70 -15 7 -86 1 -64 91 46 54 36 11 -43 -57 54 37 94 -62 18 -39 -38 31 -8 -49 2 78 -68 4 28 19 -96 -46 43 3 6 -94 -23 51 93 -99 -86 -48 83 86 -11 -75 -90 -38 -13 -64 47 48 66 -76 -64 -11 67 6 97 -55 -84 12 -29 94 95 -57 14 -37 32 77 -20 57 -80 -33 33 -22 79 61 -30 57 83 39 -93 -91 2 91 64 -44 22 -94 -77 62 -8 45 -46 -69 59 18 86 -62 -98 -89 1 -28 54 21 31 -8 -1 -52 -92 -2 30 14 65 9 25 -60 -80 -1 -91 95 -18 -48 -44 -4 -85 -96 38 -2 -88 -33 14 -89 68 -81 38 -9 0 22 -63 52 75 61 -99 15 75 20 -45 -34 11 -36 -11 72 -30 -93 51 49 -3 78 54 -21 22 53 -2 64 1 -70 -41 -71 86 19 -96 -50 70 -58 -61 19 69 -91 18 56 2 -4 -89 66 76 40 10 51 -44 -32 -14 -24 -59 -4 76 -5 18 -96 -67 -81 -22 -18 -70 67 -100 10 -74 -72 -68 11 -26 64 22 39 23 64 92 -43 -86 -83 51 -9 -55 52 -92 50 92 -55 83 -20 -69 72 13 -82 23 43 67 99 97 -18 13 -28 4 -4 25 -71 56 17 -97 9 71 53 44 44 -3 -86 26 39 62 74 -9 27 16 60 -37 14 15 89 76 53 38 -36 23 -18 -3 -3 27 -61 -60 86 35 67 56 -36 41 -51 44 7 -82 83 -15 30 99 56 29 43 -31 69 -51 -34
69 31 70 67 -27 9 90 -90 -6 -91 -39 -48 -50 -3 -70 -53 -14 89 -20 100 -70 -31 54 58 -59 -12 99 8 41 96 -31 -14 10 99 67 78 -25 -98 1 -83 74 82 24 48 -55 40 2 -87 -55 -61 -33 84 9 64 -76 26 -34 85 -87 -64 91 -54 11 -100 -71 78 11 -64 97 56 88 24 99 -56 -93 -73 58 -80 -75 -81 -6 -37 -70 25 -97 45 -56 72 -93 -29 -13 -37 72 33 68 -64 -63 24 -31 -34 58 60 -70 -86 -86 -5 -76 -43 -87 -56 69 83 -1 74 30 -55 -55 94 15 13 -72 20 -69 -8 21 -78 -24 28 4 -8 86 -14 -95 90 -54 89 73 68 -13 69 -31 92 -96 45 55 92 -28 -2 -86 -90 47 1 83 25 0 -2 100 -50 30 -45 -67 -7 -48 -4 2 17 -83 32 -13 -24 18 62 -92 -64 69 -32 11 -38 73 40 -93 -18 64 50 78 -4 39 49 63 0 95 85 -3 -3 -41 66 84 -16 -32 23 42 82 72 -9 0 -77 -96 -85 -80 83 -43 -30 17 65 39 58 -45 -6 -87 65 87 -13 18 72 67 59 45 91 84 -47 38 -100 -80 -7 -96 -89 15 56 -62 -6 1 12 71 47 -100 -55 74 -35 -26 -13 65 18 -86 92 -66 -2 -32 56 -95 1 -99 -28 31 30 5 27 -5 12 -86 19 78 -65 5 16 43 36 88 27 -49 -19 -53 50 53 -29 55 56 -47 -5 94 59 -22 48 77 30 -24 93 -43 51 -12 59 -31 4 -14 -98 35 -26 -23 -25 71 -63 -13 13 7 -67 19 -70 -85 63 86 77 -97 98 90 -98 -29 79 -31 56 -97 -46 70 51 79 -91 86 6 -8 66 -13 -32 -28 73 75 69 -79 -68 90 46 23 85 -22 -60 -59 -17 -71 -45 -33 34 -62 72 23 -7 24 43 79 -74 -74 10 -25 62 -78 25 -56 36 2 -84 23 -41 -72 62 0 99 -73 -85 7 61 -2 100 9 -57 -19 -21 -26 -70 7 -24 19 -88 47 -52 29 -51 -93 29 -97 -91 70 -80 62 5 -84 78 62 42 80 -94 69 49 -2 -70 -77 -44 77 -64 -43 -14 -43 -21 6 11 50 35 50 -28 15 34 -66 -15 43 -26 -24 -59 46 91 -52 -94 8 86 26 -48 21 32 11 99 69 90 -67 12 -6 46 91 -13 -84 97 22 28 -28 -58 57 -45 -17 38 -44 42 -90 90 -73 95 -41 -8 -77 -40 -81 -76 75 -91 -88 -6 26 97 -30 94 -83 57 99 4 -83 -12 63 15
-24 66 32 98 -13 -8 -1 -20 81 -18 -6 57 -57 -26 31 -95 59 62 -24 23 33 -95 86 -37 -89 11 85 61 89 100 -46 33 -18 56 -23 -23 62 55 32 42 -1 79 -29 -43 18 23 29 98 47 43 41 86 -54 93 -48 2 70 -95 -99 96 6 63 -90 -47 89 -74 43 -83 -28 89 -84 -23 99 79 -93 -48 -87 42 -20 28 -18 49 90 -9 -71 99 -29 -97 -100 -80 23 -62 -60 -32 3 -34 -41 27 -37 9 -61 -1 91 74 -15 -72 55 73 56 54 -94 86 -45 57 -78 64 -30 -44 -56 -20 -8 82 67 4 -22 -1 -88 97 -5 -15 -97 52 19 14 -2 -58 -5 40 -86 -24 -83 4 4 -75 58 -16 54 91 77 42 30 45 99 70 -48 88 52 6 -71 -17 64 -4 -32 -10 79 -4 -73 -23 -42 73 77 -27 57 53 -100 77 66 -94 -81 -45 -67 99 -23 82 45 22 -78 42 -43 58 99 -62 86 48 53 48 87 36 -45 97 56 -79 -66 -8 -9 6 2 11 53 9 13 23 80 -53 -58 -87 -27 37 26 51 -44 13 -10 50 -49 10 -26 -41 18 -10 10 -55 96 71 3 -92 43 23 -4 -93 -83 -68 69 -40 -66 96 74 91 -11 59 -67 40 89 96 -62 5 81 85 52 -25 100 -64 -50 49 52 -51 11 -63 2 42 -9 99 -61 -25 -6 84 -23 81 -69 87 -35 24 -5 -11 68 53 -21 -21 -45 45 -32 -56 -75 85 -1 9 59 -55 5 -21 -66 88 48 14 -14 86 -49 -47 -28 -28 -15 -19 -4 80 -61 32 -44 9 59 -62 7 -44 36 -9 61 -21 -73 -1 -15 63 -50 89 97 97 96 5 51 -43 -82 96 -14 58 38 -100 96 -70 -19 65 13 -63 -40 13 91 95 -45 -76 18 88 -44 -30 87 -88 -77 99 -94 89 81 -72 12 -64 35 81 -2 86 23 -70 21 -41 55 -18 1 34 64 -45 -20 -67 90 -63 99 -22 26 0 34 6 15 -52 -26 -46 -9 39 -57 2 13 -28 -61 66 0 -63 -100 -63 -46 65 23 74 82 -22 55 72 -91 -47 -66 -73 98 -67 48 -81 29 -65 -29 -73 -18 100 77 -45 7 -56 18 -87 49 59 -23 -88 -57 -87 -85 51 74 6 -84 -35 58 -9 -21 -64 -100 21 44 11 8 78 -1 79 34 -69 30 66 46 68 -47 78 -82 -37 29 -89 30 29 12 -38 46 -93 17 13 34 -71 -56 81 -8 -23 -39 -28 1 85 -33 -47 90 -17 26 59 24 -98
-44 21 80 54 51 19 -3 67 1 37 40 -68 6 14 25 -10 41 59 78 99 -93 12 55 13 52 -33 -34 55 86 -84 -78 -10 70 -77 -31 -62 86 -95 44 76 50 -45 41 99 12 -5 66 9 -100 -61 -92 -47 92 -89 -42 -24 -40 -24 -67 -72 -70 -12 -92 12 87 -49 -11 73 76 -96 -68 13 -2 8 37 16 -90 -66 -69 94 24 61 27 -95 -72 -3 -68 82 -97 -9 -72 -93 85 10 -66 3 -55 -12 -65 44 -4 65 -42 54 -73 -25 -18 -6 53 -49 -13 -88 -65 -86 -62 60 -74 -17 -91 28 40 -27 93 13 -72 48 21 -88 9 -6 60 -83 84 31 100 97 -34 82 75 93 -49 -42 91 -37 -82 55 -35 72 -100 -2 28 -71 -21 75 84 -84 -6 -81 -58 -100 12 20 93 64 80 -69 8 -64 -24 -8 -58 -39 44 -3 58 99 -47 -36 -98 -85 -88 -98 -57 27 -1 -77 21 -39 74 25 2 13 -87 13 35 -31 47 30 -18 -6 -36 -42 64 25 -50 29 77 99 27 41 28 -17 20 -1 -39 18 -88 100 -56 -19 5 -15 73 -59 64 -99 -77 86 24 -99 -31 77 -43 38 -49 94 61 -78 -83 -68 -40 -73 -80 80 -35 65 61 -44 44 -23 35 -67 -2 7 36 -27 98 -97 -40 41 30 16 -10 23 18 -46 54 -42 95 38 -8 36 77 31 -67 -24 98 8 56 -71 0 -37 79 -38 88 -24 -69 -38 -69 -89 -74 -18 60 -52 49 65 -96 -9 9 55 -77 -80 -97 93 78 50 -3 -98 -12 83 16 44 -45 -6 -25 55 14 -9 5 69 -42 -42 67 -54 -77 3 43 39 -18 -33 -29 -20 -89 -66 -39 97 -14 14 28 -48 63 -84 5 9 85 -4 -17 56 -73 -52 -62 -12 -66 22 14 29 -83 77 -80 -62 67 -84 8 81 -37 -76 -3 69 31 82 -100 -1 29 -91 -36 -8 92 34 -11 -21 100 -10 -98 19 17 -35 -38 -100 -99 -77 29 -54 -62 62 -60 83 43 -38 -13 16 -97 -82 -74 79 75 9 9 47 -18 -1 13 47 -61 8 70 -50 18 5 -29 -38 78 -79 -81 56 -86 41 35 27 -99 -62 -92 69 -100 -43 -65 55 -21 4 42 -64 -46 92 -85 14 -56 -54 40 -70 -20 -46 58 78 54 -40 -40 -49 -66 2 -96 54 -100 -94 80 -21 83 62 40 -95 -97 -2 -20 -90 -26 -89 52 -33 -79 19 66 79 -43 -14 82 89 56 -75 78 17 -50 98 -24 -61 -24 -58 -56 48 55 -93 42 22
71 -4 2 52 7 35 -68 88 69 -28 -64 2 38 58 3 -14 -8 -42 6 -44 -74 -95 -70 -66 28 -57 19 77 -52 6 77 54 99 -70 -4 29 -41 87 32 54 -42 38 21 95 23 93 -90 -15 -59 -68 -97 64 -52 -34 -52 28 -80 -13 7 1 78 -55 56 -31 83 22 51 59 -5 56 -31 19 91 74 -71 -8 58 13 20 43 -74 -79 -59 35 73 -13 30 -36 62 62 84 -57 -94 74 29 38 67 -39 -23 61 -74 26 2 21 -36 50 -71 78 -17 47 -3 81 -67 73 -49 31 -38 -11 -17 -48 45 -37 -65 -31 -81 -78 47 -48 -63 -79 -52 61 61 73 11 -50 -75 59 22 -25 -49 -50 -48 -62 -44 77 -11 98 -96 15 -35 -41 68 -40 -86 92 85 20 -48 15 -55 16 -65 -70 -22 -80 -24 62 -89 74 38 -72 17 -50 -73 17 -31 -14 28 -61 -66 -90 -34 23 15 -46 8 97 37 37 99 -91 -95 38 5 -21 -46 7 3 57 7 -42 93 0 -63 30 1 -84 0 -97 6 -58 -32 -28 -76 31 97 91 -9 -12 35 40 -71 -4 -22 35 -64 -74 91 -85 -92 -48 46 -1 73 82 -36 1 11 83 -90 73 48 25 -72 91 90 7 -33 -13 -36 -60 -41 30 69 -63 80 87 -9 -99 -92 20 54 -67 48 -90 -48 -31 10 -53 -38 0 -12 18 81 81 35 7 13 8 -20 -94 -11 -81 100 40 -6 74 -60 -34 -18 -85 -62 -5 -42 8 -37 -46 66 -84 -58 -69 -48 -25 2 53 66 -97 16 80 -19 80 27 51 87 -58 -55 52 25 24 -87 42 65 60 39 -2 39 -78 -25 66 7 48 44 81 28 -66 -61 -37 -32 -60 -54 64 48 62 98 95 -61 29 -85 87 -15 -65 -38 -92 -73 -7 61 -13 10 -31 -49 91 79 -98 -88 84 95 81 -85 9 9 43 79 -62 -95 -32 -1 9 74 -44 -19 98 -76 30 77 33 -25 -6 -21 53 -51 45 16 -43 -9 -86 18 71 -5 18 71 -93 -4 70 -79 28 28 19 26 -75 58 8 -39 43 -9 -59 94 4 -92 -95 78 -38 36 -91 -25 71 -60 19 -48 -50 -45 20 34 5 -50 31 49 44 -56 -43 -67 74 -21 -38 1 9 25 59 -32 80 45 -77 -81 77 -15 78 -20 54 -60 42 14 49 71 6 37 -30 99 -64 -83 -95 80 -5 26 -54 52 24 2 14 -92 98 73 -71 25 83 -95 -46 -33 -99 -51 -3 82 2 60 -99 -74 55 -36 -46 -38 -38
51 -50 75 -43 -1 89 -52 -43 -66 78 91 -41 68 -78 22 69 69 -82 23 -58 75 -87 86 -92 68 -40 -77 73 97 -83 -32 -57 -86 84 -46 57 -1 50 -2 -30 -98 -38 77 -17 34 -32 5 -26 12 -47 -3 58 13 -37 100 94 -65 -69 -76 -30 65 -40 14 13 72 -7 46 -29 -25 -65 -16 64 63 7 73 -97 72 29 38 18 58 -52 39 -39 -81 -4 36 36 -28 3 -41 -37 -86 27 56 31 8 38 90 -89 -65 -13 -75 -64 37 -92 0 55 -51 13 -96 -70 97 76 63 44 -46 71 -99 -77 56 -18 62 100 -55 -70 55 -85 -42 -5 -58 -50 57 7 89 -46 -93 82 -22 49 15 71 -14 -23 90 72 -96 1 -100 -26 70 2 -37 4 -81 88 -3 -2 67 -16 -34 46 -14 82 39 42 -72 54 -25 62 1 -11 56 32 -33 49 -80 27 -29 69 30 92 65 -53 -71 50 50 -27 -56 -36 60 -98 -17 -15 32 48 35 -14 -83 -71 -73 75 57 -17 74 -93 -19 -86 46 53 -65 -56 -23 42 -69 -31 -31 -4 49 -1 78 -89 51 -52 -27 47 40 -42 -65 -95 89 86 -11 -21 -64 70 69 47 30 39 76 23 -21 46 12 98 -9 -77 -39 -84 77 -5 68 -67 -61 25 78 67 76 -24 -8 51 -51 17 -76 40 -92 49 -68 39 94 68 -54 -85 -27 91 -21 -5 73 55 -14 90 -24 65 -43 85 44 -96 -6 59 90 1 -20 -92 54 3 14 18 12 35 69 19 -38 -16 85 57 74 -91 -37 44 49 18 -85 40 83 86 57 77 65 55 -4 48 -36 52 -84 22 -1 -40 43 74 -46 95 52 84 -52 -95 -64 3 -36 -49 -52 -13 63 45 -5 -89 59 32 48 -57 -22 18 96 -49 -17 -31 97 -70 -86 -4 9 -43 93 -59 0 89 -31 -93 13 58 60 32 59 71 63 86 -91 -48 -14 61 73 -39 -36 20 26 -13 -40 -49 29 -93 38 -29 89 10 60 0 -100 68 37 28 -34 19 -82 81 22 -83 -1 -74 -36 -3 89 -99 33 -54 57 -11 67 7 73 -17 46 -24 -17 -64 -79 -51 0 55 81 -17 -3 21 -14 -100 91 55 62 25 31 -43 79 99 6 89 -74 55 11 92 -70 90 56 -35 15 -50 -64 14 -69 95 -91 50 23 81 12 35 -64 -59 -21 66 93 -9 46 -7 18 -11 -21 45 71 15 -70 37 -44 -91 79 28 -58 -40 65 0 -77 11 33 36 25 -34 -71 -10 67 -20 20 33
-24 12 -24 54 -78 54 62 -73 92 -15 -70 -21 -76 67 52 -84 -4 89 94 40 93 76 -54 92 43 -22 9 -69 -23 48 7 41 28 -13 -79 97 -18 -54 29 -57 29 65 -99 -24 89 -16 -20 28 8 -91 -17 -27 -25 -1 20 -24 7 -31 -84 88 -57 39 -51 -96 -61 12 87 33 -82 94 -52 84 -99 52 -95 95 51 61 43 55 -69 13 -60 87 -65 -44 7 90 37 -2 -73 19 53 -37 -86 54 -29 -46 65 26 -9 -70 -59 -72 66 52 -80 58 23 -3 -62 -71 -65 11 -73 -96 100 -51 -81 -34 -39 -13 67 85 -7 -80 50 57 18 -100 51 79 79 78 -45 85 81 51 97 78 44 -9 -63 -42 -47 -61 -69 -30 83 78 58 12 -69 -12 -98 6 -50 92 75 -91 -26 99 93 8 52 55 9 -94 -94 6 -28 -27 41 -63 100 24 81 94 14 17 10 69 56 77 -46 29 -19 6 -80 -41 82 76 61 -30 -1 -85 45 -48 65 73 -48 60 42 94 47 24 8 -61 12 27 68 86 88 -82 66 -25 -39 -23 76 0 -36 45 90 6 35 -58 -43 31 66 -3 36 27 -41 -34 -41 36 -94 19 12 -95 68 17 -27 15 -63 7 65 -22 76 -47 41 16 7 -14 -65 -9 71 37 0 -67 -41 94 -64 1 -59 -6 8 65 -16 2 -61 -25 28 14 62 56 -75 -90 47 100 -58 81 88 96 95 92 37 29 0 96 86 -19 65 -12 -66 59 29 -91 57 -91 -28 84 45 -80 93 -53 7 -79 1 -60 -98 40 -28 28 91 25 -76 -3 -33 -94 91 -52 -55 50 -46 56 30 98 -36 36 86 81 60 79 -51 -9 16 -34 -12 -78 13 80 70 -51 -46 21 -58 15 -16 -13 59 20 64 -33 -28 -77 -60 -28 -92 -42 72 47 -64 -82 0 -81 -87 -17 -49 35 60 -30 24 42 -76 -70 -54 58 26 -64 -86 4 -49 -20 -86 21 67 46 1 27 29 -13 6 83 -54 11 37 -54 90 -99 -51 -77 3 87 61 -7 -48 56 -67 32 72 -13 -84 73 -62 -77 21 90 -22 100 76 -28 -48 -39 7 -41 29 -90 -71 93 -12 25 -57 17 -30 -36 83 78 -73 -77 31 -42 -70 31 57 -95 -25 -98 -33 93 -18 34 -26 0 24 -64 -42 53 -39 -51 -76 42 -42 -76 -17 100 -100 -29 33 -5 -99 44 -62 -76 -55 87 57 69 46 21 49 58 1 74 84 -2 46 96 89 -49 39 26 28 27 -87 -61 -69 52 13 5
50 48 -56 -5 45 -53 -73 12 20 81 -38 -86 -46 -23 -40 -92 -33 100 34 17 17 88 -28 -13 5 -90 -80 0 74 27 -99 -50 -25 -17 -54 78 81 -61 36 -55 16 84 -51 -91 -51 44 -28 68 -100 -85 27 59 63 8 96 -10 -14 52 -9 50 -14 -77 12 35 66 -6 -60 -27 -69 71 -24 94 4 -55 21 46 86 83 21 -9 63 96 41 31 92 -15 -15 -17 98 60 14 -10 -78 24 -58 -71 -49 -61 -40 13 -54 68 53 -57 10 -58 35 -80 41 3 86 -36 -15 -42 64 -87 59 7 -91 -31 51 31 -38 18 -8 43 58 81 33 19 -99 52 16 -48 -8 -52 -31 81 4 -27 4 -7 64 -18 -11 8 87 28 72 -84 -84 100 -34 -87 3 10 -35 -28 -61 -13 93 20 -80 -39 48 92 -25 -21 79 6 -87 -40 -65 95 58 -53 50 -31 54 81 -96 -79 43 -94 17 -66 -93 -5 8 74 -66 -2 2 -73 63 77 -3 -92 88 -67 99 -37 -97 -14 -67 -43 54 -40 -83 59 28 81 54 -9 5 74 -72 -46 -83 -47 45 -84 -8 77 -66 -29 49 -21 17 -60 33 -97 -13 -83 -60 -79 -23 86 -33 -38 -13 -62 36 24 -27 49 59 3 -31 -82 64 75 -16 68 -35 40 88 -73 -14 -59 60 -5 12 -47 55 26 61 78 -96 24 -13 39 64 36 -55 -92 74 -23 31 -92 -18 77 47 -52 -40 -36 -32 -15 89 67 -6 -31 76 80 31 -55 -40 -29 46 -88 75 -4 16 46 -77 53 90 -31 -48 54 51 -35 41 -26 -89 -80 -54 -21 40 75 -7 -71 -40 -91 84 -64 36 -20 -56 88 -82 -57 -65 -79 76 -85 21 -55 -91 6 -54 15 94 23 62 58 -55 28 61 76 76 -36 96 95 93 2 -27 26 -50 -48 -54 -62 69 38 -87 -88 -67 -92 82 36 -36 -38 19 -63 29 80 -97 -48 0 84 34 -63 29 -58 -63 89 36 -11 35 15 -51 -4 31 -84 59 29 -44 -42 -66 100 -52 -82 -55 -19 11 -38 -8 -54 -58 79 -84 -8 -20 58 91 -51 -88 50 -22 -18 54 -49 -51 -32 29 -64 -91 -37 17 26 56 -7 39 -96 67 63 1 -36 2 -72 93 27 -94 -49 -64 -96 4 39 32 83 6 28 55 -65 28 -11 -93 -83 19 -61 69 1 37 -50 -59 -66 66 19 -3 65 -56 45 74 3 -60 -14 -44 11 22 80 -57 -55 -90 -86 84 56 -35 94 40 3 -19 -53 54 36 -97 18 -54 -64 -43 -97
-39 -42 78 -15 -64 -94 -88 -92 93 1 61 -99 46 -94 51 92 96 -69 -34 27 96 -50 28 -93 -2 70 69 27 -19 -87 5 -82 55 -100 4 95 43 55 43 85 33 -97 -63 -79 22 -62 -7 58 -81 34 74 -73 46 2 61 88 -91 -48 86 -77 43 -48 -90 -76 10 -29 87 -3 -53 -8 15 -64 5 11 65 -73 48 38 25 29 72 52 -55 14 55 62 8 -45 95 -49 -43 -44 14 13 -4 82 52 -45 -87 -77 70 -54 -11 44 39 -17 93 -99 1 85 32 47 -23 17 -81 -30 44 99 -38 63 18 28 -9 -41 -67 -97 -89 98 -21 52 51 -51 96 39 -85 11 -52 -16 32 -54 51 -98 81 -20 65 -78 93 -54 6 -1 -36 -25 -12 12 63 81 17 67 -24 -46 -6 -19 56 -8 88 50 -28 90 -74 -85 2 -60 71 16 26 -75 78 -38 -94 -54 -67 92 -35 47 -29 36 43 -18 63 33 -72 35 71 42 -94 22 -71 2 15 -98 97 38 1 -19 59 -44 23 -54 7 79 -86 -11 0 99 -35 -88 65 -93 -7 66 -96 -78 71 -11 64 -85 56 96 1 -11 75 30 -9 67 -68 -39 60 21 -27 -17 -44 -77 75 -23 -2 43 -71 3 77 24 26 28 -48 -80 -9 -15 -27 -10 46 80 90 6 59 -97 -74 46 -48 62 -81 0 -32 -95 31 -50 -36 37 -45 68 -55 88 11 -15 89 74 24 -73 -78 -79 30 97 -27 -15 32 -84 53 -38 61 -87 -55 49 90 80 17 -8 -46 35 -99 -84 -96 -49 54 -11 43 47 -90 85 76 -83 -64 32 16 -43 46 -17 13 36 10 -94 98 13 -40 68 -31 12 -76 -73 74 42 14 -21 2 -82 -5 99 -18 66 -16 -4 -72 14 85 37 -100 -8 23 -9 -76 -50 87 -94 42 44 72 -87 29 23 15 -98 -47 -27 -94 -3 -47 7 -15 -2 -98 50 88 10 20 -68 -56 100 -53 -13 99 -6 22 -59 10 -7 88 22 -82 -63 -1 -86 74 96 -92 -67 -19 -24 -51 30 92 -84 67 79 15 -18 -17 21 83 40 39 98 -95 -35 35 24 -68 -68 -48 84 23 -17 -23 -91 39 0 -10 79 4 90 -60 99 67 -32 -65 1 -7 -8 85 -43 -89 -11 26 76 1 0 -70 -91 -31 -68 91 -59 52 -36 -19 -30 99 -61 -73 49 39 5 -11 -91 25 -85 37 52 -91 97 90 -57 -70 -14 -84 -66 -6 -17 21 -100 -31 23 -14 -69 86 -53 -87 -96 -45 17 -11 -28 83 -71
66 -13 -49 80 -65 80 -52 -90 48 -74 -88 -25 -63 -62 -35 35 24 92 78 -45 83 98 98 -36 4 91 17 -21 -97 64 38 -27 -14 93 64 97 92 -90 72 52 -36 -91 63 67 31 -62 29 -26 -76 -40 -28 82 -73 58 -55 -79 32 -49 11 87 -21 -1 -23 34 -27 -11 38 -23 -42 -79 -51 -84 52 -71 -19 -67 24 -82 50 -40 -38 -82 82 25 94 -70 -93 -47 55 -3 81 58 39 18 -99 -31 20 -74 -50 -17 96 -93 95 69 -70 49 78 43 48 -77 -75 79 -100 -32 -24 -59 32 43 37 -90 -50 59 -54 61 -53 -29 -97 -31 23 -22 61 -71 88 8 7 73 -57 46 -66 -87 -25 -76 -56 -62 -71 -95 89 47 -53 -40 94 -64 -38 48 -40 -25 95 83 26 -43 90 -7 -95 -68 48 -2 -89 -56 94 11 73 -64 -75 59 13 -33 99 -97 -93 -61 -66 -2 94 66 53 -88 -21 42 -14 12 -12 0 57 18 1 92 57 84 -21 -63 39 49 -29 -27 -42 -42 42 -20 25 36 80 -6 -96 53 -73 -14 88 36 25 -35 90 6 -77 33 18 -83 11 82 39 71 -58 -74 92 -53 42 -99 2 -19 20 -32 -35 -7 -19 -40 -21 21 1 72 19 95 -35 15 96 6 49 -23 -54 -2 51 81 -58 -35 29 -93 77 94 94 62 33 -81 -2 -14 -3 -46 38 -100 -27 48 -86 -17 -64 -90 -5 -35 -91 87 -40 -70 66 -50 95 99 97 96 -54 21 -58 -41 -8 33 68 -49 5 -51 21 69 35 14 -32 4 -24 66 65 93 -50 14 25 -72 46 -31 74 76 84 33 18 -59 52 3 -68 61 74 -38 24 22 -96 83 9 63 -96 -23 -25 57 -92 -96 62 35 64 48 -88 57 18 27 -19 -67 -19 -2 36 94 -19 -11 -37 66 61 3 94 -97 -99 -60 -15 98 -9 10 59 -11 -33 -59 -41 -20 27 82 -36 4 -51 -85 93 -41 -57 -10 -78 71 -89 12 -99 -10 66 72 38 -8 32 69 59 -15 -100 65 -1 92 -77 -19 -12 63 -16 -98 88 -62 90 -96 32 -85 -40 15 -82 35 98 -37 -34 80 -5 8 71 -84 14 -56 -32 -31 -41 94 22 7 78 -57 -21 23 -28 33 44 -13 35 -41 -9 -59 -69 11 -37 91 14 47 4 -79 64 29 56 -60 11 34 70 -96 61 -22 54 83 -92 -26 100 -21 55 79 100 -25 -11 -84 9 -55 76 -23 79 -92 58 -81 50 96 81 87 -92 2 41 -63 -53 40 86 -89
-56 -20 -10 43 -20 -91 -46 -51 97 1 -61 69 62 -24 -39 -83 -30 99 11 -9 -50 -61 3 -69 68 -73 2 -75 69 25 37 17 51 93 -94 56 74 35 69 83 -56 12 -12 43 -91 -43 61 -67 48 -75 -11 62 73 -31 97 58 -35 75 74 6 23 -26 79 -95 -6 65 -32 16 9 66 40 -91 64 91 -7 21 -26 -58 -86 10 15 94 -28 -86 94 -2 -14 -3 -74 -37 3 49 98 31 2 91 83 63 71 -44 57 -9 -80 -57 -21 -66 -5 -50 20 -10 71 73 39 -72 -93 57 -54 -8 -88 46 -38 -48 -7 -83 62 -31 -5 14 58 -33 -19 40 -19 59 27 -43 -85 -39 -41 -73 33 67 -84 86 -17 -79 -31 14 -59 -97 -40 29 -51 76 -59 53 -55 -2 -32 -87 -31 43 1 -56 36 -28 -83 -88 -98 78 -2 -53 -51 30 -86 -90 20 60 2 -87 -88 -34 -95 74 65 -39 -28 97 75 40 48 6 -36 18 46 29 -32 -66 -100 17 -29 -17 88 -69 25 51 14 75 -34 93 -81 22 15 74 -71 72 9 21 59 16 70 -24 2 -63 -98 76 -29 95 -45 -3 57 26 -29 -51 -43 -38 67 -59 78 34 -85 -17 60 -69 29 39 -87 70 -3 -75 30 65 61 78 -92 -44 -30 23 89 -68 86 54 -89 34 -38 41 94 26 12 55 -6 -65 20 -21 -86 61 -7 -11 90 25 -50 -26 -2 -65 -37 34 -20 -56 -16 100 56 -27 45 28 -17 34 68 94 -1 17 30 -19 100 90 -71 -93 47 15 -5 6 15 -27 16 -26 -37 58 -49 64 -34 18 -3 60 -9 -42 73 37 86 16 -98 -21 78 37 -91 8 19 23 -69 47 66 31 78 29 2 49 -42 94 -42 -68 -13 -21 10 82 -22 3 1 -92 95 -65 -49 95 -92 53 -68 4 -73 72 -55 -72 -71 -75 6 -87 -95 82 -18 -98 32 46 59 -56 66 -80 31 -88 -85 -68 18 20 6 -56 58 8 23 -13 67 15 40 86 69 67 5 -64 -55 85 -89 -30 -51 94 -10 -48 59 81 33 -93 14 93 41 12 -74 -37 -26 80 37 -37 -94 85 65 66 -14 -58 -87 11 -6 29 10 28 90 64 -29 -25 40 -97 -45 -12 -66 36 -19 72 16 5 -25 -43 43 0 -71 -13 61 32 51 39 83 88 95 -36 94 60 -93 -31 90 68 -79 72 63 19 -27 32 74 -72 -9 -54 -35 18 95 56 -44 50 59 -41 47 12 -57 -17 73 -90 41 4 12 -87 -98 -44
-100 -89 80 -10 34 63 -33 80 73 -64 -93 -47 52 97 -34 -70 -78 -98 -84 95 77 -45 12 -82 -78 61 -51 96 -58 17 55 95 -42 44 -96 94 87 95 54 19 90 -98 22 75 64 -86 19 8 45 63 -50 -75 75 46 39 -61 69 24 -4 -39 1 -38 12 -91 81 -11 67 -11 -58 98 -3 15 -40 76 28 6 67 91 39 71 6 -35 -100 3 82 -92 89 -38 57 -19 -22 -44 80 55 19 -86 74 87 1 -35 -83 -44 -30 88 -8 98 -13 -61 -80 -40 -72 -59 -79 -61 -9 69 -66 53 54 -40 28 19 84 -24 53 -78 99 96 -16 36 -92 -74 0 -51 -24 56 -2 49 40 -84 13 70 -18 98 58 -79 -73 -58 -31 71 -66 50 1 72 69 -52 76 -50 62 63 -95 -78 -100 68 92 93 -74 -38 5 -61 -88 68 91 -73 -8 -42 5 5 -87 48 -14 -2 67 60 -46 -83 -71 -64 100 -25 -6 36 -89 47 59 75 9 95 -81 -68 55 35 -87 93 -70 43 -12 72 20 7 -9 27 -25 77 -68 83 65 -31 -58 -53 -18 -63 61 -95 -13 -62 73 73 -11 7 79 65 -48 -46 -9 76 61 10 -20 -31 30 4 16 -51 95 -92 -72 -43 32 99 17 68 39 85 84 79 33 -73 31 6 -72 28 16 -80 18 17 -8 -48 -91 -52 -20 -46 31 24 69 7 11 -3 11 82 -67 -70 41 69 49 96 7 -62 9 71 14 -74 -85 87 -18 -21 -4 -12 22 -25 -99 21 83 16 15 -17 -27 11 -80 55 -37 81 -68 43 92 -48 20 -38 91 67 38 35 -61 26 -54 -98 80 53 86 -29 -40 94 -2 -61 15 77 96 -58 -64 -66 -94 -31 -27 5 4 77 86 52 -39 -20 34 -88 -18 99 -78 75 -17 35 -84 -47 92 -96 -39 1 -35 -98 -48 -30 50 -100 -36 16 -79 11 32 9 -70 -27 -42 -19 71 -31 25 -80 32 41 38 32 -92 64 -11 -24 48 -93 9 63 -17 -88 40 62 -3 -18 82 57 -28 61 60 -48 55 -23 -96 -48 -54 61 -64 79 -36 -77 27 -84 28 -100 95 59 24 -8 55 9 20 93 1 -56 61 29 18 -38 68 -54 16 -98 -81 90 54 91 99 -32 63 9 -73 24 70 -17 -78 19 70 56 34 29 3 69 69 83 18 64 63 -53 -71 -66 75 -58 91 48 91 49 78 52 -25 60 59 -58 92 -45 -43 -93 -13 97 48 73 80 17 -61 -74 17 -39 26 -61 -47 97 -47 -10
-92 82 81 -15 -13 26 90 40 -82 -21 -16 54 -98 88 -35 40 13 62 94 -22 -70 -85 66 13 -67 -15 -9 52 77 -11 -47 98 5 4 -71 53 -73 -41 -33 26 83 20 42 -59 40 -86 -8 36 50 -34 87 -46 -53 -77 13 100 14 9 -43 -89 3 97 22 -56 71 -68 31 77 -98 15 95 27 29 82 43 -78 25 -79 65 75 -74 -34 -51 45 25 -10 -76 -15 75 -85 -2 71 9 73 -73 2 45 19 -71 64 60 -70 -100 -65 89 56 89 -78 56 53 90 -90 -75 15 42 -90 -56 59 15 -75 -26 -100 -16 -26 91 63 -30 -81 62 82 -10 61 99 -66 46 37 -15 49 14 -38 34 -1 -30 -7 -47 99 39 -97 -3 -57 -22 -100 -43 15 -2 28 -94 94 -70 71 -82 -51 -48 -84 -95 -85 78 100 31 -66 -29 41 -11 12 29 -17 -4 22 69 31 68 79 -18 82 7 56 -57 5 -53 47 37 -30 11 -47 94 -48 -49 41 -19 41 35 -51 2 -30 -5 61 -100 -69 -2 74 -3 -57 25 32 54 23 -98 -33 86 -33 -33 8 29 -84 75 95 92 50 -13 -81 -47 -100 53 41 -62 -33 19 -51 -72 75 6 -31 3 71 -58 9 70 -81 -12 -40 79 -29 21 35 19 -31 -13 -39 -46 32 -47 40 76 12 65 -38 -37 28 78 31 30 92 -88 8 78 -12 10 2 -24 39 43 -33 -92 -11 -56 -10 36 89 -67 -35 -62 7 81 -11 -31 -15 38 83 62 51 -21 -5 -18 -37 50 45 64 85 97 -53 -4 84 8 3 78 -23 47 96 -91 -39 -92 -73 -86 -37 58 -48 -8 32 42 89 -68 -7 12 -34 -78 33 -30 38 56 -98 85 23 95 -72 -95 -47 -16 24 -60 -12 77 -73 96 -46 -52 97 67 77 -3 29 26 -39 7 -42 37 -36 56 -49 23 45 -91 64 21 -62 0 -84 -16 31 -3 -54 90 -68 86 -36 -74 -33 62 57 -42 -65 -76 98 26 9 51 6 -27 21 -69 52 -14 74 -60 46 58 -42 4 45 11 -72 -78 -42 -94 -45 77 10 -25 100 -12 28 87 83 85 -73 47 -44 0 -48 -71 -100 30 -26 -98 94 -4 -55 18 -72 -91 -35 -45 -52 77 -16 -45 -10 4 -47 74 51 22 -86 100 85 99 33 -28 -71 -57 86 3 -68 -34 8 -18 -58 87 -88 73 78 -78 -24 -100 73 -56 4 -10 -77 42 31 -32 82 -35 -92 94 71 71 -62 64 54 -70 42 -56 -94 -81 -70 -4 54 45 99
86 -92 -78 6 82 -20 76 -96 29 -37 -88 -67 -63 10 -29 73 -22 75 -98 -50 98 -53 -37 57 78 83 -71 46 -21 -52 44 -13 -71 -30 49 -62 8 -58 -17 97 -44 57 57 62 -39 81 2 -64 -16 -70 93 95 -10 92 84 40 66 -27 93 51 -66 -74 35 -42 -32 -70 -88 45 93 -6 -19 -44 25 43 96 25 -14 48 96 93 6 -40 -5 32 -18 5 -68 -43 79 73 -38 -8 18 31 48 -35 -7 -43 -54 2 72 -1 66 -2 -64 -93 -81 -82 -10 -19 4 83 -82 46 16 12 -76 36 -87 41 20 94 -39 -14 -23 63 3 -61 43 8 62 99 -98 -1 -85 -11 -92 -28 12 94 70 85 -89 -70 42 -39 -29 -93 97 -45 -24 -98 -93 59 -84 81 -73 -62 48 3 50 22 33 24 -59 -30 -98 -43 -93 49 -20 65 5 34 46 46 78 -4 -44 43 -92 86 -88 9 -32 7 44 -55 42 -27 34 51 -94 47 -6 41 68 89 25 -42 -53 3 -92 -46 80 81 6 -14 32 94 -16 -55 -69 -63 100 39 -96 78 -18 -46 -36 15 45 84 -12 -10 -17 -25 62 -37 20 -60 -27 -90 -39 -31 8 34 -27 -75 -2 -8 35 29 -9 46 64 -63 68 57 -55 32 67 42 -65 5 74 -37 82 46 -72 68 90 -30 -35 -17 -100 51 -86 21 -9 63 2 10 -65 -6 -89 -51 -50 -66 14 28 -86 -68 -27 64 -13 57 -12 -61 98 -28 -31 78 -92 -30 18 36 9 6 25 44 39 59 -4 -86 48 -97 -68 -42 88 14 76 -6 65 19 -95 68 30 88 -33 -38 17 -90 17 -55 -12 -4 33 -62 77 14 -85 65 -67 -35 -89 19 -46 -21 -7 -78 -57 75 62 -1 -59 93 71 -80 94 -70 -55 -63 63 -70 -74 -3 88 -59 56 -35 78 12 56 -2 1 51 -96 -10 -80 -11 -47 72 -76 60 32 -25 -77 37 89 -98 -4 13 68 -18 -8 -27 59 100 23 52 57 80 36 -94 4 -40 0 -75 -2 -26 -5 64 26 20 22 -3 16 56 -25 4 69 -58 87 60 89 18 50 -18 -67 26 -74 69 -67 53 75 -85 68 -40 -82 1 34 79 77 14 -58 -62 -58 -32 -87 18 -12 53 96 64 -58 12 31 -5 54 68 100 -72 61 -92 -59 91 4 35 -20 -7 31 61 -31 -71 -81 89 35 -65 65 -73 11 -23 -100 55 -5 70 -55 42 53 41 66 -32 14 -17 -35 69 71 -63 -37 -88 -43 39 -65 89 64 21 -30 -73
33 -72 -74 -85 -75 20 -78 18 -79 -55 -8 -42 -4 -28 82 15 -13 -70 -48 76 9 -32 64 23 41 -87 44 -7 46 -78 -48 94 -20 -79 82 -16 -45 -100 10 -50 76 42 42 -61 60 43 0 51 43 76 16 -42 99 22 -100 73 45 84 66 -93 -79 -4 46 34 60 -62 51 81 58 53 69 -89 -53 -49 -86 -1 -83 93 -40 -12 99 -97 52 -91 -28 -62 25 -57 -32 -38 95 -59 66 -93 87 -8 46 48 55 -4 -90 -29 66 23 -58 76 -54 -1 -23 72 -33 79 -8 11 77 61 -74 23 58 18 -14 -50 -61 -43 -2 51 27 -33 88 27 -30 -18 99 29 -35 11 39 25 70 57 85 -29 -38 17 -66 81 -70 -100 25 44 48 -76 -48 -54 -52 -77 -45 7 -58 97 -51 27 -27 -72 80 43 -99 55 -74 42 32 3 -32 30 -21 -97 86 -17 91 -96 31 -86 -98 -53 80 10 25 -49 -31 -36 17 -6 -11 3 -95 57 -31 -91 98 40 9 -99 3 47 12 71 5 14 78 93 89 -15 -14 42 2 -6 53 -13 51 72 -24 86 93 100 92 70 -55 -89 -2 40 -33 93 -69 -37 -18 -38 -37 63 -61 13 -39 -88 39 -74 50 96 88 93 12 -7 -92 34 -99 48 -11 55 -97 -77 94 -21 44 -85 53 76 -91 45 89 77 91 -81 -81 33 -17 -49 -2 -73 10 -61 17 20 -45 -73 -66 -15 23 -37 -38 3 43 -1 97 53 2 -52 -7 50 -72 -29 -42 -48 -58 9 -4 22 83 67 -1 -71 24 87 -65 55 -75 -35 -22 11 78 75 82 70 -66 -55 -99 -16 78 -44 26 -32 -40 34 -9 -88 49 9 69 -26 -12 27 26 87 -56 16 -10 -69 51 92 -53 10 66 73 -46 -43 57 37 52 4 -95 -2 -1 24 81 -25 24 23 36 -45 -7 92 -43 56 -37 -83 66 97 -45 -92 28 -78 30 -12 -95 -24 -19 -99 -13 -23 -85 -35 50 90 18 54 65 68 59 -31 85 77 -42 -73 -93 30 -55 44 -49 9 29 -54 -15 -24 70 -38 93 -93 -66 56 -29 1 -66 -59 -35 52 56 31 -74 -41 -30 100 35 -62 -13 -9 13 -88 70 53 54 -25 -100 5 -24 67 -47 -42 41 82 -21 -74 18 -99 -31 -64 -81 1 16 -4 12 -39 24 -100 -14 48 65 -91 -92 26 -42 80 50 -40 49 75 43 -70 74 47 -31 -67 -37 -78 47 3 -36 -54 -65 -51 -68 45 60 5 26 76 -55 23 17 -18 -77 82 55 42
46 11 -77 11 -39 -93 71 97 -77 -67 -31 -51 55 -88 47 -29 88 -17 -34 -29 -32 -35 51 45 -69 -68 31 -18 63 83 -15 78 -36 -82 61 -76 -22 -56 -29 79 61 99 80 11 86 66 23 73 26 -82 -19 -51 55 27 -78 -40 -43 68 87 -75 32 59 -19 5 76 56 -17 -96 -70 -60 66 98 46 -36 19 -80 -11 -33 -86 -33 -30 53 38 -78 -86 -93 88 -44 -38 84 31 -59 91 79 87 87 -45 66 78 96 -67 74 -36 -10 -99 -6 -50 20 60 -15 53 -8 -38 27 47 35 -81 21 37 -92 -39 -1 10 55 -83 -5 91 -57 78 31 70 51 -20 88 -61 70 84 -80 86 -92 -38 32 75 -19 3 44 -70 67 86 41 99 -42 -90 43 32 -20 13 0 84 15 68 -79 -97 -84 38 87 -100 97 -45 -8 68 -6 -100 26 -58 -66 96 32 92 19 -83 -39 -5 -84 -19 -46 -28 32 33 29 47 -20 62 -61 76 82 67 -30 -97 39 -36 -63 83 -26 -15 -36 91 -38 43 -28 -75 -84 -90 -27 -2 58 -55 -50 98 87 84 10 -8 -93 4 -25 51 68 37 -60 -77 -30 -87 20 3 30 -42 55 -35 -99 -76 72 27 66 67 38 63 -92 67 49 82 -54 -78 48 50 6 -36 -99 -15 21 -40 18 -58 50 -9 75 -36 83 29 54 96 -60 88 -86 32 -17 36 -43 41 87 -88 -98 -59 -62 56 -55 -51 -11 -39 -6 -55 17 86 99 -75 -89 -31 72 33 61 -62 17 -4 -12 14 -94 -41 -36 -55 -66 78 89 45 75 -26 35 -33 -80 -4 20 -55 96 -4 -88 -89 -34 22 -47 77 -2 28 71 68 94 -76 -91 -21 12 -9 23 2 62 -61 -94 -4 61 78 -60 -96 -60 92 -28 61 32 47 71 90 -94 9 48 53 15 -95 -77 -24 46 -95 -71 -90 14 72 23 71 -70 -1 -69 -45 -13 92 -79 33 23 47 -6 -70 -89 -46 -21 -69 -2 57 17 58 -58 35 37 46 -45 -48 35 77 11 40 98 36 11 -95 80 -36 -50 -83 -93 5 94 -27 72 -23 -13 -72 75 40 14 36 97 2 -81 -95 68 -6 58 -13 62 47 47 10 -70 -47 -83 -46 -36 -86 -68 50 -60 -95 81 16 55 -51 100 93 71 -49 56 65 30 93 89 66 70 -47 -10 31 -33 14 83 -93 -23 -82 -55 -39 -61 -100 53 92 65 10 -89 56 -98 99 -72 14 52 8 44 82 17 -43 -90 -65 0 -26 72 -28 74 -11 -71 -18 -58
97 93 -91 -75 53 -84 64 -18 -51 56 38 -83 62 25 52 -68 25 -53 98 -91 67 -8 -35 37 39 -37 7 68 78 -68 80 -85 -8 98 3 94 34 -17 -1 -19 35 29 -44 -22 10 55 -64 39 88 23 -55 89 -14 80 35 -6 36 38 15 -96 67 49 -95 -41 12 67 1 -7 -88 98 50 -5 -99 -90 42 -95 -43 75 63 -15 29 97 -79 90 46 -11 76 -28 -33 -22 -66 -36 -95 99 92 43 42 55 95 62 76 99 -84 98 -35 -77 -49 -2 97 -21 -37 -65 27 -35 -95 -55 -73 -1 -13 -13 76 -83 70 92 11 0 -58 14 15 36 -66 89 83 -27 -29 -21 -58 -1 35 75 -100 -81 -85 75 98 72 -85 -5 76 52 -13 53 -18 50 -23 77 82 -3 -64 -72 -61 11 -20 -77 67 -40 69 -25 28 64 -37 -37 -97 93 -51 19 7 59 21 -80 16 39 60 -53 -56 -19 4 90 30 -80 -13 -19 1 4 73 -75 81 -62 27 14 -6 -84 -21 -48 26 99 -92 33 -61 71 -53 85 51 -79 93 -2 60 45 -14 -65 8 79 47 71 -64 -84 -10 -27 63 40 -70 -47 27 -18 71 47 -94 -74 94 70 32 -99 -47 84 -83 -64 -66 75 -38 52 -97 -29 31 80 71 95 -75 77 -58 -74 14 41 -25 11 71 95 -44 -43 2 -19 -47 -25 24 -49 -74 -16 -80 -75 29 -28 -28 -49 49 -42 29 -72 -98 15 96 -54 89 94 23 -100 -48 -29 99 -36 36 72 90 -7 68 -35 10 54 25 49 -26 -46 -37 1 -87 -76 97 -81 18 -70 59 -32 -87 -25 -77 -99 62 81 -12 94 60 -100 -11 93 84 -77 -10 -59 83 50 -29 -42 13 -31 58 27 68 52 5 56 -67 74 -47 42 5 45 -90 61 25 -10 92 -13 -31 27 -20 39 96 -65 -100 -45 19 100 34 -21 65 71 54 -91 3 -24 -99 -76 -24 -41 69 -59 -51 -11 93 -18 -40 83 31 81 35 -48 -43 74 -34 -99 42 49 -7 -63 -23 -91 49 94 -15 -87 70 -84 80 -27 -30 78 -85 -19 2 -44 75 6 -19 -55 -49 -74 -38 -56 91 -19 88 -98 -40 81 64 -52 26 -32 90 91 60 61 -59 12 82 -6 50 69 33 -68 83 -65 -67 -17 46 40 16 96 -42 54 -32 4 1 -75 65 79 100 91 -42 9 -85 92 -57 -57 -57 33 17 19 49 20 49 -64 63 -4 89 86 42 -74 -64 -78 92 -72 43 -79 -46 75 13 -66 50 -8 51 37
-58 -75 92 -32 78 32 76 8 0 72 2 11 7 -39 56 62 92 76 -97 9 22 -90 43 -33 -25 83 -72 -52 -25 -13 -54 24 44 -78 -69 95 -50 -86 100 -53 -52 68 10 -35 -16 -25 -81 8 91 12 0 0 -50 87 46 78 -68 32 71 -28 -47 96 -21 -26 41 52 34 91 81 -93 12 -47 -60 36 39 -8 -5 -20 -28 51 -4 -35 -60 -56 -53 -39 50 86 59 92 23 93 96 -85 1 -60 -51 10 46 -16 55 -12 -99 10 -83 -97 -91 33 92 -32 -30 -26 68 -97 8 -1 -88 -79 -53 83 99 -80 55 -62 27 3 32 59 -2 -31 -64 -4 46 -79 -53 -33 54 73 57 -25 -20 3 46 -58 57 -69 -2 62 74 -95 -54 -27 62 -34 -23 92 -73 68 39 -17 72 -72 7 71 -24 -76 45 41 -55 96 -46 78 72 -60 -76 -39 -16 -15 -24 30 52 -27 -31 -40 57 92 32 -55 -76 99 -63 27 -4 50 24 -76 -63 64 76 5 5 -60 -10 16 79 -92 -70 1 15 16 -62 44 0 58 47 -66 -67 -97 41 -45 -37 65 -8 21 72 65 96 -56 -24 44 -69 -16 74 67 -75 7 -49 -10 -8 65 -75 -29 0 -62 68 -57 -86 89 23 55 -54 -65 -27 -70 14 60 53 -55 -59 -43 -74 -60 31 57 -28 31 78 -17 -44 45 12 -92 50 -10 44 70 58 -62 11 -74 61 -13 -93 -37 -33 -100 -80 8 -6 22 64 92 13 80 -28 -80 -100 -13 90 -29 -52 -11 -15 39 -59 -55 51 -93 -71 57 24 -48 62 4 42 -98 -15 96 -54 -59 6 -42 9 51 -16 -60 -80 0 5 -50 95 61 96 -55 16 -30 19 -35 97 -6 78 58 67 -84 -9 13 36 -80 60 -9 43 23 78 4 9 -23 0 33 67 -17 38 -32 -15 26 80 -28 -6 10 -50 52 -34 97 -88 -60 67 -58 47 -2 -10 -37 -4 39 93 28 -48 -26 84 67 -67 -28 -40 -27 -36 -33 95 90 -51 -12 -10 -7 -48 -66 54 -17 -2 72 -21 -14 61 4 90 -64 89 -66 -6 10 -18 -36 -22 30 -58 37 -10 -69 -14 -51 -5 -77 61 77 22 40 31 87 -75 -33 -23 68 -36 -54 -11 41 84 -79 -13 -92 -73 5 33 -8 20 29 21 31 -26 -63 -70 -82 -32 82 -36 77 78 -34 -4 -84 -88 98 -74 -52 23 -12 -1 6 -10 -17 87 -26 -20 -63 -80 -2 -48 -72 2 -72 37 -71 88 -84 85 -82 -26 -94 59 -52 -77 87 -8 -23
-75 75 -80 -96 -63 70 -24 -70 65 87 -10 -60 16 41 -21 -94 -32 44 52 -55 7 -94 -94 45 36 74 -4 4 7 75 -70 -86 -71 -89 9 26 93 -82 -83 94 -43 -66 -96 21 69 -19 43 84 88 80 -68 21 100 -3 100 -97 8 -50 -50 -47 82 -51 -82 42 62 66 57 -53 21 71 71 78 53 99 -28 71 -23 -84 -34 -64 -41 -100 -7 -97 49 42 -82 84 -38 61 -65 96 -10 66 32 -45 -11 -37 19 -31 87 17 58 94 74 15 -96 16 85 1 -31 50 90 90 -76 -47 -51 -57 -84 92 85 18 -12 12 1 -19 -100 -64 -94 -11 -42 -58 -9 -65 -83 65 -53 22 18 16 2 -90 61 -90 -22 -82 61 7 55 -88 16 -13 -37 -21 71 -66 -42 -92 4 83 28 0 -41 -70 -6 48 -49 3 -73 -39 19 59 54 56 -39 17 -57 64 -87 41 -21 18 -72 -12 55 19 -7 79 -70 -27 -75 -71 37 -87 17 -44 -3 66 83 70 -28 -85 -2 75 38 84 -65 -9 48 -1 -50 14 92 42 -36 -34 18 57 25 86 28 -41 27 89 4 30 37 -84 -77 -95 31 84 52 96 -44 -27 39 92 -92 93 -81 -94 -17 -84 -54 6 -97 4 -44 -22 93 3 83 85 -3 -99 45 54 -5 -44 -18 -19 -81 -68 84 46 -93 73 58 -16 -97 -87 -52 -91 6 59 43 -56 -21 74 70 45 -75 -61 20 -90 9 -98 36 -51 48 97 63 -15 -61 -87 83 92 -82 -52 -29 -27 53 39 -92 2 87 -94 -26 -39 -96 88 37 -62 55 63 -14 -3 -72 -41 -95 -72 97 -55 -24 72 -45 52 -22 -1 -5 49 -61 25 -7 -12 74 9 -69 99 -12 33 34 17 22 -51 81 -84 -15 31 64 99 84 -13 9 45 28 -55 62 -54 55 2 -17 -77 -77 13 44 5 39 30 -43 -95 -32 62 93 54 -76 87 -1 27 31 17 -88 -66 -47 3 40 58 -62 -20 -10 -46 9 -52 51 51 -90 97 13 -12 -61 45 -69 -93 -71 -50 -27 -62 15 85 18 -1 -46 -81 17 9 18 -93 100 32 60 11 -77 59 -53 -14 78 -95 -46 74 -62 18 42 -27 -30 38 -81 48 43 -28 86 -6 46 -91 -83 1 -91 27 23 65 -81 -35 -81 -49 -90 50 -56 -83 0 -73 -60 62 27 53 85 25 19 35 -68 50 61 -34 -30 -68 70 -7 -18 -65 13 -70 27 55 -70 47 -72 -40 -66 -77 -39 -29 -70 39 62 -72 56 57 -92 94 -17 -80
54 75 -73 48 94 63 -6 -73 21 -50 -74 -100 -81 -49 -30 -64 -63 -44 51 15 -16 -17 -91 -68 -54 99 -3 -45 -1 34 -74 -18 -58 45 -44 -40 95 -94 54 47 11 -67 73 67 -52 -96 -93 12 -49 -19 -40 -43 -63 -47 -23 -16 5 7 -1 -86 19 -36 -35 -24 8 -55 39 99 5 85 -83 64 86 -35 -99 68 69 1 -92 51 -7 30 -66 75 70 98 60 -25 70 -51 -76 89 37 46 44 52 -48 42 -49 47 -16 70 -6 2 -83 -40 6 43 79 13 -19 -79 9 -76 33 6 65 -23 -76 11 21 26 16 -73 -6 66 79 51 6 75 30 92 67 71 -48 -60 85 -53 70 12 7 59 45 97 98 -30 -11 -21 25 -27 -68 98 39 -99 49 -51 25 6 -60 26 -89 -2 91 -57 -93 84 -90 -12 -78 33 62 1 -96 10 -22 4 77 37 -36 -27 10 38 27 9 -74 28 34 -50 -10 100 -37 4 -96 -14 26 40 -75 -31 -4 96 -37 -31 -53 67 0 -77 -91 -60 -78 60 68 10 -60 -40 -11 -97 -28 -58 -10 -84 -91 -71 20 18 -75 64 29 -30 15 -94 -61 24 69 -58 0 93 -58 58 4 51 54 -33 -97 -14 -33 -70 54 57 -87 -79 -59 -99 64 63 -68 58 50 65 2 -25 83 2 -77 -27 -7 -58 -25 -37 -44 -69 53 21 -11 32 -31 -40 -83 63 -89 21 25 -50 -56 54 36 4 -47 -91 -60 -48 -66 -55 96 66 6 96 -2 29 -16 -18 84 97 16 40 -75 -75 -46 -66 71 31 97 -70 -26 28 64 75 17 -95 -40 28 19 -54 -33 9 -76 66 -73 -52 -67 -33 89 73 53 82 18 -61 -82 31 11 -21 -32 43 27 -34 95 -75 21 29 -29 -18 26 -40 -13 -20 -58 44 -4 88 -86 74 -14 22 -5 -52 71 -53 49 -5 93 -99 -23 -83 -8 1 83 -93 -97 9 -41 -67 73 -93 -75 0 -14 45 -63 84 24 62 97 13 49 -97 -97 -43 23 -71 29 -90 -59 -12 -82 -55 -8 98 7 46 -45 72 -37 -95 73 -88 -14 -82 68 89 18 15 -18 26 14 11 -61 79 87 -19 21 81 95 -16 -19 -71 19 -51 49 -76 66 10 -17 94 -38 2 4 80 -47 -62 -3 -93 -100 -52 81 -90 -7 -88 -25 29 83 -75 66 -76 79 47 -41 -55 -12 -98 -100 94 -18 -26 -46 75 64 24 80 29 27 -38 -38 -53 3 -61 -85 52 93 57 55 -79 -34 -47 59 -20 -54 -90 16 -75 -82 -17
2 68 77 45 66 64 15 9 -70 -64 -10 -49 95 96 45 -38 90 -13 90 -2 -10 30 16 -29 -48 64 41 77 23 -46 -41 7 -5 -45 41 -89 97 -54 27 -52 58 96 62 -86 71 29 4 61 -48 17 -14 87 -76 -10 80 23 91 61 -5 -61 95 96 -1 30 98 -88 6 -25 57 -70 -86 33 37 26 5 -8 89 -28 28 59 -41 -71 -53 57 -74 76 4 33 66 -83 30 83 -19 -98 81 67 8 -4 -67 -86 -69 -58 -39 32 -60 60 -57 85 97 48 -44 -16 -97 -86 77 -71 -41 94 -89 92 -16 -8 87 94 -99 55 72 -93 13 -44 -7 70 -67 -37 81 -72 -11 -27 -49 43 -37 3 -1 -36 18 55 -15 11 55 -96 13 -39 70 -39 -43 57 -38 -56 41 44 83 96 72 11 -7 -71 61 -17 81 60 -57 80 49 63 42 98 -76 -75 -17 -37 -88 98 99 -80 -12 -31 42 -19 73 -10 24 68 -99 -52 -37 -86 -9 31 -39 -80 -40 -51 82 52 17 -75 66 25 -20 -21 -23 59 63 95 -5 55 -56 63 -74 -35 -80 -56 -61 66 12 22 49 11 63 -39 13 -36 49 2 -20 1 39 -65 48 51 -21 41 65 -74 -41 -74 27 -27 -46 -20 -65 -22 -61 28 -32 -31 -1 45 -97 57 95 74 16 -33 29 90 -14 80 62 13 22 -71 27 -82 79 19 95 86 -44 -22 62 -100 -22 -15 -71 -99 41 -18 50 3 100 -52 -64 -73 91 46 -15 -99 58 -63 -57 67 65 85 86 -19 -80 -79 41 78 46 -58 64 -9 -76 21 -34 40 57 -100 92 -70 -43 6 -73 -94 -95 -17 82 -44 57 -7 -33 64 53 64 -71 77 -94 33 -81 27 -17 -77 83 -66 86 14 11 24 80 -5 -30 69 32 -65 89 78 -24 -63 99 90 87 85 64 73 -80 48 -56 -51 72 -67 84 -91 -51 30 -99 -34 -34 92 45 26 76 71 -37 -81 90 -27 22 47 -22 -16 -60 -50 68 40 65 79 1 49 -3 58 79 -83 2 30 -91 -13 73 -79 62 -7 -80 -92 -93 88 74 98 90 -18 71 -20 -78 19 25 41 14 -21 32 -81 73 57 30 61 -74 20 61 76 41 -95 -62 -92 4 -70 33 49 -77 -43 -30 7 -5 -14 79 48 87 -99 34 -100 -2 29 19 32 8 69 -12 71 65 -82 16 -81 -39 95 -92 23 76 -18 -8 1 -82 -24 38 19 39 -68 25 73 -61 -66 80 -46 -99 20 -91 -76 -31 -9 17 12 17 -46
-59 -92 -51 -60 -44 0 -49 65 74 -41 -78 29 -37 -82 79 -3 -93 -99 -60 -42 -100 -6 19 88 2 2 97 -86 -85 -39 -21 -85 -64 -57 -57 82 50 -29 11 18 -27 -96 -28 -43 -98 -28 10 -74 52 -75 -35 -86 64 -31 58 -52 -27 -18 -16 58 -84 -43 -67 -86 -18 39 45 -74 8 -52 -84 -9 -15 -29 -17 -60 76 -75 90 22 59 21 11 -66 28 -59 100 -51 57 -94 82 -68 61 -11 95 58 -62 83 -72 -70 -70 2 -18 -33 -36 40 -2 72 -15 -60 27 75 9 93 -92 -82 -75 -15 17 85 15 59 -87 21 -64 -78 33 100 -1 58 -14 43 -39 -14 35 69 -8 96 58 -57 -34 39 12 36 78 -54 -45 3 46 -97 97 -53 5 -11 -83 34 88 -22 19 -79 -94 -81 63 98 -6 -60 -71 -5 50 -62 94 -95 36 -31 86 45 -30 40 -79 -84 51 5 97 -26 56 61 13 -14 71 22 89 -95 -4 62 22 -30 -14 -68 -28 -64 46 -20 64 66 11 100 91 -5 11 95 -78 -30 75 99 -1 -22 -56 -37 16 89 100 -48 -71 -48 -60 70 -100 95 0 92 -100 -72 73 78 -43 -50 96 42 -63 -50 -2 -64 34 68 76 8 2 5 -55 40 -68 -6 -68 76 -1 -66 -93 48 79 -90 28 4 -83 63 -95 -5 -78 89 -62 89 21 -31 24 -46 -33 40 30 98 15 41 -3 -26 49 3 -79 27 74 -74 38 -78 -77 -10 -69 30 -10 61 -32 83 42 95 52 11 -69 -42 54 28 -85 77 63 28 1 -72 67 -71 86 88 13 15 12 -2 -41 -3 99 96 -66 4 32 -70 -40 60 -17 -37 -6 77 -66 26 19 51 91 -49 41 14 -61 -97 -12 -58 76 99 -98 75 -82 -45 24 -39 -92 -35 -58 -40 -37 39 31 58 -94 -33 -91 28 46 -48 81 37 24 16 -91 38 -7 -96 -75 -16 -5 -16 72 -28 60 -14 -45 29 16 -28 64 99 -22 -1 -76 -73 -10 -95 30 -73 -53 -90 44 -40 -72 -20 41 7 -71 94 -91 18 17 -5 53 -93 -58 -28 26 53 -64 -18 55 -37 -76 -42 41 14 0 -27 -4 -97 -75 -46 -71 -28 79 40 -94 -21 36 -85 -82 -9 6 86 17 -43 -53 -32 10 -26 17 -93 -22 69 93 38 -1 50 52 -61 -72 67 -85 3 -19 76 -68 54 -97 -5 -2 74 -16 -25 -50 -74 87 3 94 49 -56 -77 81 -79 -65 7 -63 -52 22 11 92 98 16 53 -71 100 89 28 68 -66
-37 67 -62 76 86 27 -24 25 12 -89 -69 -92 -22 -63 -91 0 -63 28 63 9 -24 -32 1 36 54 67 -57 70 38 89 44 -20 15 85 -84 39 85 12 -50 68 -94 74 -30 -73 -11 -80 91 -15 62 54 93 52 48 90 36 26 80 82 -86 -90 40 16 -35 -64 -93 23 -50 -33 -100 -3 75 92 -46 -64 -59 91 10 -75 -42 -31 94 -38 -4 -20 57 -43 31 62 -65 -44 -19 -36 -92 -25 -65 12 -68 -34 30 -2 100 83 89 -8 -75 -87 96 88 -5 -99 74 73 -16 -63 15 -85 83 88 40 -79 -51 18 -16 86 49 -58 -29 40 2 37 -84 -69 45 -13 18 19 -3 39 29 -62 29 -42 100 58 -98 -35 66 -47 99 -13 27 45 0 -62 29 62 -93 18 48 71 -3 -45 90 -16 8 -96 47 -61 14 -46 82 44 -42 -96 13 99 -46 67 -95 -31 62 -58 85 50 21 54 -89 -8 -45 5 -54 -33 60 -53 -14 -26 22 51 20 38 -75 37 -54 -42 10 24 45 74 84 -88 33 -73 43 12 -99 71 9 97 42 -88 35 -44 -7 -14 -84 -75 44 99 -41 -16 -41 85 88 -6 -92 -88 -19 -16 -88 -63 69 69 -57 -91 26 16 -43 94 -9 -85 -18 -33 -14 -2 -8 74 -50 -22 1 -56 -94 33 96 -51 43 84 48 56 -56 6 -96 25 75 67 67 26 71 -51 39 39 -69 38 -20 57 49 -34 -7 -70 -67 -91 -32 -69 20 55 88 -17 -62 -100 48 -38 -75 95 86 75 55 59 74 50 3 -19 57 49 -43 -84 -95 25 13 43 63 13 -68 12 -41 1 -30 24 -35 -54 39 21 -39 -57 -18 -66 -53 -36 -45 -72 -7 80 -64 50 53 4 -37 -20 67 -78 21 -90 -57 86 -24 -70 -20 -82 78 -12 59 -47 93 -73 95 65 -94 37 -38 18 -85 44 9 -91 29 32 -91 -5 91 -28 -33 61 39 9 -50 21 -76 -21 -38 94 -56 50 78 26 55 -35 -87 93 -99 -31 4 -72 3 19 29 -40 -84 58 -27 40 97 -27 60 -94 -6 -96 47 -44 -21 21 30 -11 -46 -51 -20 -1 -22 90 -9 -48 27 -85 -97 -49 15 -87 52 34 -55 -90 -88 15 -62 -25 7 -98 -36 -18 95 59 0 93 -96 -34 -31 -9 -12 37 13 -22 -22 -54 -88 -77 -35 -99 70 31 10 -23 29 -50 35 63 81 70 3 5 72 -30 -100 -86 79 55 -63 -2 -9 68 28 26 63 52 -100 34 43 46 75 9 -27 -50 -4 -18
-76 -41 -74 74 95 62 93 -6 -59 -80 3 71 76 8 12 -58 67 -4 25 -93 58 71 15 35 -41 -5 -98 -77 80 -60 48 -58 -55 -42 53 54 35 -17 64 -66 -86 64 -19 14 54 -93 7 94 -62 -59 63 75 56 -59 -23 -57 -88 48 18 80 -24 -38 -43 77 -55 -56 98 4 -11 61 -6 97 88 12 -19 -5 20 -34 -41 -83 -79 58 -27 -37 59 86 -6 -36 58 -37 79 -15 -87 0 -85 23 -1 10 30 -60 -90 -45 -23 32 -47 85 -23 -43 -67 -45 56 14 25 -11 -26 84 36 70 -41 96 38 82 -51 23 -69 -48 27 55 30 17 -6 -75 -45 -59 72 33 60 18 19 -10 92 -7 -15 -64 -99 -4 100 39 -75 -22 -32 -84 21 32 -46 -52 -26 14 58 36 50 -48 -9 28 -29 77 97 63 -61 35 86 -24 -24 82 100 76 38 81 -58 33 56 25 30 -58 72 -30 -7 48 -17 -26 47 -52 -99 -1 91 31 29 92 -85 13 21 1 97 44 94 -81 -28 84 66 -65 -28 -11 82 27 -46 30 -70 -27 28 -44 72 62 78 -69 12 -23 -36 20 0 -43 21 -86 -92 31 48 46 28 -15 -76 -40 43 45 -46 2 -100 -1 81 -84 86 -47 -50 21 -98 47 85 -45 13 -24 29 -57 56 32 -72 64 86 -2 -35 51 -8 -42 51 -63 52 -77 -6 -92 78 25 45 -43 15 3 26 47 -41 81 77 -41 13 65 3 62 52 43 -29 11 -9 7 -23 69 -20 -65 92 44 67 70 100 63 0 19 71 38 100 -49 38 -62 -30 -24 3 -1 3 75 -36 -24 -35 95 -27 44 -11 80 -31 17 -56 62 -76 0 -96 -74 -48 -75 -33 -55 67 7 36 -75 -90 -23 66 60 10 12 99 -97 -68 -66 18 -80 -48 41 -63 -48 33 -99 43 -42 67 33 -73 -42 -33 -79 53 -98 -36 18 -31 -78 -25 -72 15 -10 87 41 -32 13 -42 79 -78 89 63 21 -71 -27 7 83 38 15 10 98 8 -82 61 -89 23 -50 -39 -13 -83 -37 89 7 82 -88 81 -51 -29 -68 40 14 -98 -47 27 32 -36 52 -56 14 13 39 -22 -66 65 98 75 29 21 84 35 -66 56 -50 -60 17 -3 6 76 -71 -76 -17 -100 -95 55 -88 -79 -81 -91 60 -89 97 -86 8 56 -47 24 66 -61 67 57 83 77 -29 24 -26 -16 3 48 -83 40 47 43 40 42 -41 -38 74 -84 56 -50 76 8 -46 -29 83 67 -99 1 73 -62 -16
100 -57 -17 -44 38 -14 -44 21 24 -12 -46 8 -20 -22 86 3 85 -26 64 68 12 62 -96 58 -89 -95 99 -78 26 7 49 62 34 -37 28 98 43 95 61 -88 -97 -60 -12 -5 12 39 15 12 65 53 -18 71 -73 89 25 -49 -53 -38 89 88 97 10 -52 74 -98 11 -21 50 0 -89 63 25 5 57 72 -78 -49 4 28 -23 -36 -57 74 -32 -84 10 76 2 59 -33 -22 81 37 -75 44 -16 58 18 -91 2 -26 -88 -50 -43 22 95 82 56 55 -82 -22 74 73 70 -31 -14 38 -96 28 -74 0 67 -43 47 76 49 -100 57 -76 93 -73 -76 -25 86 51 35 88 -100 19 -1 -33 43 69 -58 60 93 76 24 -86 -69 50 -31 4 57 4 -35 -30 51 88 70 -47 -23 -82 -73 -78 57 -63 -46 -64 85 6 -25 97 64 -30 41 41 20 96 -5 -47 42 -95 -25 40 70 82 41 72 27 -88 1 -42 9 79 -12 -72 -88 -10 -90 46 6 57 88 -99 -85 -25 -89 5 -57 27 13 -78 69 -32 29 -25 0 -91 -64 -51 -19 25 -11 -19 3 -48 88 94 -97 -14 -58 24 70 -17 22 54 92 51 -70 49 55 -19 19 -10 -21 -9 85 -82 -67 -71 -100 41 97 27 88 -75 83 -64 38 -45 -23 59 74 -73 26 29 -27 25 81 -51 9 50 -10 -51 53 -24 54 41 13 14 3 -80 -25 42 -2 78 -76 -87 -28 -28 41 -53 -82 -84 2 75 -49 -51 -5 -42 -78 -48 -52 1 -43 81 -34 42 49 -73 95 99 43 -9 -81 -41 10 -90 65 -35 -1 95 59 15 45 1 -34 -17 -9 8 -9 -6 -49 -51 -64 -89 -96 48 40 82 81 17 -86 32 -6 8 -48 -4 69 1 -87 -65 -7 -2 -49 99 -15 63 -5 97 -88 81 12 -44 12 -22 77 -55 74 68 50 -4 92 61 -87 -86 -55 -59 -25 21 14 77 13 -79 -75 -22 95 37 53 44 36 -28 -97 97 -82 56 -75 -20 -94 -26 27 48 30 -58 -24 -63 89 26 -4 -63 -58 -80 65 -58 -97 37 34 12 64 -58 31 -7 -69 -14 -65 -39 -47 -35 23 16 28 24 91 -61 27 93 73 61 -20 -66 76 -30 52 82 57 41 31 -17 -51 71 -14 -44 -36 93 -70 -59 8 -72 -55 -57 33 -35 47 -72 -57 91 36 -77 -54 25 -81 -97 -81 27 90 88 2 -79 30 -60 -96 18 -71 -39 -76 39 57 90 -3 -88 -77 24 31 43 -59 -58 -14 -35 -89
60 93 -5 54 98 -90 25 -68 -80 90 -55 94 14 -92 68 -14 -29 3 -36 57 86 53 28 61 63 -58 -8 -40 16 94 -85 24 66 82 -23 -40 51 16 14 57 -49 -59 -37 -5 23 -40 6 99 79 -54 -46 94 -63 3 -41 -19 46 -43 -71 -21 3 -17 6 -30 30 32 15 -69 -5 -4 -6 90 20 80 28 74 89 24 29 -99 -100 -59 68 -84 27 31 8 35 52 44 11 -80 -89 -91 60 -37 -19 -29 -77 28 74 12 -20 -50 48 -2 89 -14 53 -28 -44 86 79 -10 61 14 -29 90 5 12 58 92 62 -68 90 55 69 59 47 -4 13 -89 53 90 82 78 25 -12 -52 -62 -25 75 18 -34 10 60 -62 -6 25 -41 91 51 21 -53 64 90 -14 83 -20 10 43 -32 66 20 84 4 -73 0 -52 56 55 94 7 94 1 80 77 15 5 34 -45 47 -43 -83 56 -33 -56 74 -56 -56 46 98 68 -38 27 -32 21 -88 40 -26 97 23 -32 -43 -8 36 -78 -47 -74 77 -2 -72 19 -94 11 -63 -32 16 36 72 -53 54 -15 4 -32 21 40 0 61 72 -50 92 -10 47 -63 54 -10 -47 30 -80 69 -22 -26 7 13 -33 -57 -35 61 34 -41 -61 83 -19 98 37 -42 45 33 1 -3 -15 -89 -26 -36 -100 40 -31 99 -58 39 -61 -3 48 4 45 -34 91 5 -72 52 11 27 89 93 28 -19 10 58 88 -57 58 -43 100 -29 82 -64 -99 -4 66 -39 -78 -50 -13 -77 -63 90 -23 23 96 -98 -93 -64 -1 -89 69 2 -27 -78 83 7 -30 43 68 75 39 30 -36 25 94 -9 -17 55 -48 100 -39 -76 -22 -91 -70 64 93 -97 -94 4 -26 25 -15 -28 -25 -80 35 -66 -59 -11 -51 45 -1 -23 -99 59 -27 92 -17 31 -85 -9 61 68 -68 15 57 48 36 -50 84 -9 -3 -17 31 16 -3 -82 18 -7 45 17 49 -62 72 65 85 -67 -34 -23 -64 -34 4 54 -53 -99 41 -94 -66 -75 -9 7 -22 56 -42 -69 -17 82 -64 13 -7 -83 93 12 -6 -71 -82 95 37 32 41 -63 -22 -24 -76 0 -24 36 -50 -26 45 -23 26 19 -65 -96 -94 13 76 -84 -52 3 -19 -47 61 79 -79 -8 13 -93 52 -7 47 -4 14 100 -43 91 47 3 -77 -25 -48 66 -67 58 75 -64 31 28 87 93 -66 -84 -53 -30 -34 -12 -12 -84 -17 37 -13 48 -43 -71 94 -64 42 45 24 -58 58 44 -13
21 -94 -60 -40 52 92 54 -57 80 -76 95 -9 -70 70 -54 71 95 -60 -32 -31 -96 16 90 -36 -49 63 43 25 -12 -3 39 -66 -12 -88 -67 0 -23 43 -39 68 -20 -61 -43 80 9 84 -18 -43 51 72 -52 -96 -6 58 72 83 -2 -86 -96 -65 -61 -83 63 -43 -66 5 -39 32 -69 8 76 2 40 12 -37 -85 60 57 -42 76 -10 -45 39 31 25 -79 45 -15 -40 -78 34 -17 -27 48 -11 -33 93 -52 83 -12 -37 61 81 95 -75 -36 26 -26 -17 -47 -81 -94 -100 -62 4 98 -75 89 38 -22 14 26 -11 43 -44 12 -15 -58 -39 32 2 27 -68 98 28 89 21 -40 -50 -3 77 17 -11 49 -94 49 77 43 -47 95 -12 9 51 92 -52 -32 -41 -54 -60 75 -12 -18 -8 -21 47 -99 18 -60 -99 -66 -22 11 -51 -12 61 83 13 -80 3 78 -77 18 -48 88 -71 2 14 -88 88 72 82 -69 -53 -93 97 -100 80 -54 23 96 49 -62 48 40 98 -52 -18 -58 -75 69 -35 19 -84 -2 -94 18 95 -9 -20 -47 -12 -38 -55 -99 -2 -90 15 -96 53 14 -19 47 -29 -65 -11 -85 49 64 92 -47 33 87 40 -66 2 83 100 63 -3 70 -34 -96 33 -93 -93 -79 -13 -81 -29 -41 71 15 42 39 -47 -93 -60 11 -14 -5 -72 -49 72 -32 -93 -79 3 -45 -36 -3 21 -94 -8 84 -84 78 72 -84 -67 -24 94 -22 98 50 -95 39 76 10 -34 23 -67 -43 -82 64 -69 4 -41 -16 -1 33 -69 -99 40 42 -94 -26 -47 -99 -36 51 -40 9 4 44 -75 -63 75 20 36 3 -78 70 -98 -81 -58 -29 78 58 87 -20 84 -44 56 -66 65 -8 -99 -92 47 -3 -78 60 -59 -45 -14 -70 29 -2 88 -13 80 67 76 -52 -51 35 79 78 18 -19 97 -100 13 -84 -95 57 27 55 -57 -42 63 81 27 36 98 -81 27 29 62 -41 -31 74 -94 28 -50 68 8 -77 -63 11 -92 90 52 35 71 -45 61 -86 -96 43 -65 -99 85 -65 -84 90 -61 31 -53 -55 90 -8 -76 -10 -100 95 -66 -49 46 6 -20 -1 32 79 46 -69 -39 -66 -28 -95 -32 -60 -61 76 -52 76 22 1 30 -25 -51 -14 -36 80 -58 -28 -20 -62 -92 11 -31 -80 72 -84 -80 73 -69 -95 29 -33 -66 62 94 -60 44 -6 25 97 -44 -81 -97 73 -51 68 -82 -77 45 91 97 -97 -64 0 -88 48 85 42 69 -100 39 -6
-79 56 48 -43 -55 -62 -98 48 -34 -45 -71 100 -17 -39 26 63 -13 100 8 -56 -77 70 27 7 71 11 -69 -20 -95 29 50 18 -15 -32 58 34 100 1 -45 -91 42 -30 -90 -17 -35 23 58 51 -15 17 -63 37 -61 -17 77 -57 0 -39 45 60 31 86 87 62 -58 -16 -5 -50 4 37 -53 2 -26 38 83 -92 22 -8 -18 96 -38 -87 -51 -95 -93 90 -77 94 -5 95 18 3 -24 42 8 91 -54 34 -7 72 -88 -69 72 47 35 32 4 84 -23 6 90 94 -60 -29 91 81 -58 -80 38 -83 -89 -91 -65 13 20 -21 -45 -11 -85 -43 -8 -56 100 95 41 23 -38 -24 -82 84 86 -19 81 72 28 -65 -13 -40 90 -61 95 86 -86 7 21 44 -24 71 -92 -94 -92 8 33 8 57 -5 -35 95 36 42 92 -49 4 73 -68 0 27 -2 96 -8 -68 -75 -35 39 -12 6 3 32 50 82 52 -41 -84 33 -22 100 -5 -90 63 58 44 -62 -29 50 69 -62 41 88 -38 -16 -66 -93 -23 -62 35 87 -19 -43 36 -15 91 -39 -20 -76 32 52 -6 -76 -99 -30 -63 -92 62 100 -40 37 -63 81 66 27 -30 21 67 0 35 76 72 -21 41 47 70 -30 26 -79 -42 -54 41 -77 77 -58 37 -17 1 -30 95 23 -40 40 -87 92 2 -32 -24 -66 -14 -66 84 -39 -35 -58 -23 -69 -47 -4 22 -21 -83 -90 78 1 -8 70 -72 -1 -97 -39 -92 43 -26 87 -66 22 -29 6 58 78 36 16 -33 24 32 30 -50 55 63 52 -82 -9 94 45 -74 -12 59 54 35 47 -64 -29 79 -43 29 81 -76 -31 5 -7 14 4 -49 38 -55 25 -61 46 10 -10 16 -17 -69 -3 -57 10 -85 -100 72 27 27 25 77 -52 13 45 71 29 95 -62 45 70 -81 90 50 84 -75 -69 -56 -66 43 -10 -65 -59 29 -4 83 -83 7 71 71 36 89 -30 -70 31 -7 80 15 53 58 -16 -44 36 -71 65 76 -1 8 85 97 52 -59 -63 96 -36 -53 19 43 98 -92 55 6 -62 -89 -11 -26 51 -97 -49 -3 79 26 76 82 53 66 -12 -72 94 -62 50 -97 13 -84 6 74 62 59 51 91 12 -62 26 -19 51 -15 -21 -84 -86 46 -11 58 -79 -77 -32 -57 -88 -100 96 1 -61 4 -2 48 88 94 -62 37 47 -48 92 -45 -74 -63 71 74 -91 -25 -13 11 43 -19 13 -20 -26 -1 -45 100 -17 70 87 -75 -2
67 27 39 89 84 66 68 -48 24 12 94 -2 -14 -29 47 18 42 -77 -97 -30 35 -83 -62 13 -86 84 -76 -23 -47 85 -45 26 68 32 98 -54 -15 17 -54 6 -98 -19 -73 -39 9 11 62 -61 -87 -99 20 12 65 44 -54 -64 16 -40 -75 -99 52 42 -39 -49 5 -83 87 -52 63 -40 56 -92 -70 -33 28 83 -33 76 92 -34 -85 -25 13 -27 79 -7 10 41 53 -58 89 -96 3 37 76 75 -5 31 -32 -26 16 72 -36 -8 -82 56 10 61 -2 29 0 11 -42 -91 48 64 81 -4 90 59 -33 -63 -11 -31 63 -9 -48 -67 85 17 -26 -18 93 -76 -10 -52 87 36 -71 -84 -43 -37 -29 48 64 -67 37 -30 86 -75 -11 54 66 35 -46 9 91 -32 38 -66 -39 -35 -82 -98 3 22 -83 -13 1 -52 -19 -65 64 -29 -46 -74 14 -23 -1 62 -95 35 46 -27 94 -1 5 18 9 -70 -99 68 97 -89 -31 65 2 -78 31 8 94 92 27 98 29 -47 -15 87 -53 80 21 77 59 89 44 -96 58 -49 30 11 -52 -47 44 30 37 55 12 -80 7 -27 9 -52 81 -73 -53 87 81 -55 61 55 57 69 -78 -95 30 34 93 -98 -99 91 98 -78 95 38 -77 88 78 -11 93 63 45 3 42 -12 66 22 -73 -80 28 -30 62 -77 81 46 43 80 19 45 -77 1 31 27 71 -42 96 9 -16 59 -82 92 -13 71 -71 -1 -51 63 85 44 33 -50 33 79 -77 90 -5 10 47 54 15 -10 -62 -73 21 45 81 -7 62 71 -66 -6 -36 9 -6 -54 83 66 79 38 -54 -45 56 96 51 21 -12 -28 -10 -96 14 -62 -17 -52 -26 14 -53 25 -61 83 40 95 -92 -21 69 -50 -2 -66 -76 -50 -3 7 54 1 -80 -99 -100 -33 5 -5 66 -60 -82 -78 -37 94 75 59 -96 -36 12 -37 19 93 91 -22 17 12 -58 36 79 60 -36 -48 -16 26 46 6 1 18 -53 -66 -80 -15 23 -97 -99 -9 -20 54 -65 -28 -94 -99 -100 12 -8 64 -66 95 61 -51 64 98 -77 -21 -15 36 11 56 -45 80 -68 96 -10 -46 -39 -82 -42 95 -4 -57 -50 -9 -40 67 30 -2 -24 -78 -100 85 -16 28 19 48 52 -25 -68 -96 -35 -65 -82 23 -8 85 21 40 -35 82 -15 -45 -21 35 -17 -98 -5 -5 -72 -22 -61 69 -85 50 -17 -9 -20 89 -92 50 -60 -40 -15 -6 84 -39 71 0 -98 -97 -39 -94
-28 -59 43 62 8 -25 100 -80 20 79 -67 85 94 -78 -78 81 -35 8 -72 -93 -30 -75 42 62 -74 36 30 -96 60 -89 -21 49 -91 -16 -39 48 -40 -27 18 -2 -86 7 6 94 6 71 -39 24 79 69 -98 -63 -7 -69 66 -49 -12 -55 6 83 86 -24 53 -28 -89 -56 92 -37 -27 -69 -19 -100 -7 -42 -89 -33 81 24 -92 10 81 -30 -20 -89 81 69 -30 96 -91 33 71 15 68 6 0 -5 93 46 21 45 -27 25 45 -49 -28 -4 -97 94 -6 67 35 -17 -35 -1 -79 -78 43 2 -95 -58 1 100 -2 -99 -93 59 86 -50 -57 56 -32 88 -57 -35 -42 -29 13 -60 64 77 -8 -76 62 56 23 -13 53 -15 -79 -54 30 -80 -63 69 40 9 -2 25 -22 21 -55 -71 -36 31 -81 12 -49 16 54 23 -93 -17 0 100 90 36 -97 28 -29 -18 -29 89 71 -42 -60 9 -33 58 32 76 26 6 -42 -56 1 -83 38 66 -23 -98 25 35 19 65 7 -4 -57 -75 -13 51 14 50 -19 -10 13 -49 68 19 73 -74 -2 -83 -10 -72 8 -10 -20 18 -26 -5 -62 39 -55 -4 62 -37 19 20 -31 -14 48 64 -95 34 37 68 54 -65 -43 100 41 23 55 -1 56 100 -59 61 -22 20 -69 -81 77 -18 54 12 77 29 11 -23 19 1 -25 -27 85 20 68 21 50 34 12 -26 -43 -84 41 -87 -88 -33 -50 9 -43 -64 85 -78 -63 81 -70 -14 49 1 -29 14 -95 67 66 -53 -75 74 -1 11 98 31 -18 97 -12 -19 -1 99 45 83 -22 50 -76 -87 17 -16 -23 -83 -93 37 70 -28 30 -62 82 76 -72 -85 20 -71 -29 -75 52 -48 39 19 -82 33 -56 59 78 -73 41 28 15 49 28 74 2 37 16 -87 66 28 14 40 -50 49 -90 -86 -1 -13 -83 -32 32 42 13 -69 64 -3 -90 81 -82 -66 76 -43 64 -99 17 -47 46 -100 -20 47 52 46 -73 47 -62 68 -5 -86 -63 97 27 72 -61 -13 -36 36 47 -89 8 -31 17 11 -21 -34 41 41 74 -87 -15 23 80 -80 50 -20 36 -39 35 34 -65 -39 -94 -91 -48 -54 -99 -16 39 -95 25 31 -47 68 -81 98 -7 -44 -69 18 30 10 10 1 -87 -66 -69 38 20 -22 -1 75 91 -37 -68 -23 19 74 -22 33 18 24 6 11 -19 41 -78 88 -39 -23 39 -47 -53 -56 72 26 84 12 57 5 44 -35 92 51 -27 -26 66 22
-44 -30 58 -21 18 50 -14 17 -71 -93 -56 -5 19 99 79 -46 25 30 48 -32 -48 -5 -89 87 58 -27 -13 -48 -31 48 60 -5 -85 0 47 29 -73 -27 -29 75 6 -45 39 -19 -2 -91 -79 77 -6 67 -53 -39 -65 -13 -61 86 -79 35 -66 43 78 12 -75 98 61 -67 -58 35 92 -56 0 2 -24 -13 86 -30 -26 63 45 43 35 30 38 -39 96 -57 77 33 86 -20 25 -89 -79 54 -24 82 28 50 32 -23 -55 -92 85 98 -28 -88 -82 23 -97 27 -57 19 -85 99 17 -5 -31 -46 -66 -50 83 48 -43 -34 27 55 -70 56 31 50 -66 -33 -4 -14 46 38 -62 -27 0 67 -27 -42 28 -77 -86 63 -69 85 29 -7 53 98 -15 49 69 -38 -59 -96 56 23 -9 25 85 52 -69 53 -47 -69 -89 98 1 20 1 -27 35 -13 33 90 58 -31 0 -84 -19 -61 78 98 59 22 25 -13 -41 -67 -42 -59 -86 44 59 -4 98 17 27 59 28 -85 31 -86 18 -27 -70 -27 -57 -70 71 -62 80 27 -81 -66 -27 -78 -84 17 -72 25 17 -25 -42 67 -50 41 72 -5 -66 84 2 -61 -80 45 58 -58 31 -45 61 -9 92 -8 -12 -58 79 22 64 -68 96 -95 -93 -2 -74 -5 29 -97 71 -100 -22 81 4 -73 -76 13 -7 -92 -38 58 79 -92 -50 -85 -76 -3 88 42 -91 85 -53 -69 62 89 23 -20 57 -1 37 -26 -82 -54 -70 34 -59 -26 79 -30 -49 -39 -4 71 100 -27 13 57 30 12 -100 -95 34 66 98 48 -66 -89 29 -20 95 68 -58 -46 45 -23 -7 9 -25 44 -46 -79 86 -8 38 81 1 -41 69 -95 2 76 -16 -88 41 71 12 -65 -30 78 -93 12 -17 -55 21 -23 -45 67 -27 -100 97 38 75 -70 46 53 -80 45 22 1 32 -41 45 75 -8 -42 80 33 -14 -78 13 95 38 28 -33 -10 -51 -47 -85 68 -53 88 -4 -92 16 52 -76 35 -63 40 1 -1 -88 -81 -85 -15 -21 -14 75 -22 -63 47 27 -40 31 -79 88 -15 68 -73 3 -80 -92 22 97 -5 -54 -66 -73 23 22 36 50 32 53 -82 89 -66 -4 47 -17 -37 -65 -88 -99 70 77 -33 24 -52 -17 79 -91 -52 27 -31 40 9 -84 -38 96 95 -58 -24 -87 -36 57 -95 -50 -33 11 -29 -21 -69 -45 96 42 -97 -59 64 -20 -15 -27 -26 39 17 67 -94 -64 -5 -9 -83 100 -62 -100 7 -35 18 68 25
-90 84 70 99 77 8 10 -24 86 82 42 -98 -87 90 42 1 21 30 -82 -59 -70 -57 -91 -6 64 -79 -16 24 91 -3 -2 -25 -81 82 -67 -9 39 -27 33 -27 51 -65 -78 -97 97 84 -31 97 -5 61 44 42 -58 -58 53 -33 -97 73 -21 45 -70 -24 48 94 -35 -36 -75 73 -42 -45 -29 -7 -96 59 -74 -32 -85 -14 40 -53 78 16 -92 100 56 -76 -52 73 -45 -6 -65 100 2 -62 70 -94 -3 75 93 97 -100 -27 70 97 -30 77 16 -96 15 -58 -57 -25 46 92 -94 33 39 -36 -14 62 15 34 -74 4 -41 -12 -3 -45 -93 53 0 -50 -11 -29 80 15 45 73 -58 -66 4 69 -50 -65 59 91 -5 46 58 -38 -80 49 28 20 40 79 59 55 57 -28 -75 -78 49 -53 -76 -67 -45 49 -4 13 -97 -61 28 63 17 63 7 -55 -22 -6 -17 27 -93 -58 71 72 47 -72 -45 -84 -36 -68 87 -54 -74 -3 -19 28 86 80 58 -20 66 53 -53 -47 -36 -15 -31 -59 25 -80 -100 24 -55 -66 -61 79 -10 28 -17 67 24 14 -32 -49 23 -7 -93 67 78 -95 -82 45 -57 38 -93 29 25 4 -58 -92 77 30 56 45 75 -17 -56 42 4 -16 -34 17 3 -45 -28 -96 60 58 99 -42 86 60 57 -13 25 60 9 -69 38 43 -8 -63 67 -52 91 -87 97 69 57 -11 -21 -62 -23 71 -42 -26 24 29 -94 -79 -11 87 -40 -87 -54 19 -89 82 -7 92 -19 89 -65 -75 89 -74 -9 28 -69 -23 -75 -94 5 -38 76 48 22 -91 -90 -5 7 -7 64 -16 -48 3 -57 57 67 -73 57 -32 -52 -57 97 -98 -56 48 82 35 -3 -59 50 -79 -49 44 16 -11 -18 70 96 46 93 -87 4 -65 -54 -90 79 -45 -74 -73 36 -1 45 70 30 21 42 8 12 -20 4 -67 78 -88 -19 2 -85 -54 -58 -69 11 99 26 76 4 58 39 -81 40 -94 -88 -7 19 80 83 77 27 48 -10 22 38 23 -84 -11 -76 -32 49 36 -85 -26 77 25 94 -93 -10 -11 -25 -76 -95 -71 66 -39 -14 96 -42 1 6 73 -84 19 38 58 32 89 -14 -72 -77 32 3 8 61 -50 -21 22 -91 13 49 -86 -34 97 -68 64 52 -19 53 11 89 -77 82 -3 -3 65 40 86 -75 21 63 -25 89 53 -74 -52 58 -53 -52 -33 53 53 52 -36 98 74 -56 59 -42 1 59 -6 63 42 84 -86 -62 97 48 81
72 84 -6 28 -2 55 -70 -96 -83 -65 27 9 -6 33 35 -85 -86 -40 92 -76 50 -84 -88 6 -72 -31 -82 -63 -2 -31 30 -99 -29 -47 -68 10 -87 -72 -86 -73 46 100 28 43 -1 82 -69 63 -68 -76 17 15 -70 -98 78 -3 21 6 -67 10 -56 -31 18 89 28 15 -24 51 -16 -80 48 25 50 -52 8 -15 -41 19 -79 -26 32 -85 36 -79 -95 -38 92 67 50 -4 -13 -51 12 6 -29 65 -56 -21 77 -23 91 21 53 92 -21 -67 27 18 -1 -59 -9 51 -49 -51 67 -84 -58 25 0 -100 39 15 -73 68 -95 -66 76 -48 18 40 93 30 -83 -22 58 -33 -96 94 22 -47 60 3 -57 77 -84 98 -10 -68 -78 8 -49 40 -83 84 -4 -32 37 26 -97 51 -38 -79 3 -68 27 69 59 28 10 -86 90 -12 26 -82 78 -20 -99 13 95 75 -83 42 -37 -90 -95 95 47 95 9 -68 0 77 -51 -9 -99 58 -21 100 49 -71 18 -86 -76 53 38 -16 -77 49 -1 -50 -8 -98 -50 -3 -25 -85 -12 -99 -78 51 8 23 62 79 -31 -64 -54 -16 -95 -26 -56 44 -23 62 -95 -29 -42 -78 -12 10 -98 -4 22 19 -28 30 -9 66 89 -32 47 93 45 -36 -45 -100 -78 -31 -47 -64 39 -62 16 -62 100 -29 27 -86 51 -24 82 39 -17 -30 -16 48 55 11 -57 -28 55 28 95 -61 13 74 20 -8 19 10 47 33 -14 21 88 -7 -16 19 -59 3 5 -94 64 50 33 10 61 31 -78 -3 -56 87 57 -9 -61 95 -21 16 -17 37 -68 -99 -21 51 81 51 37 51 -9 96 86 46 39 -5 -21 -60 90 -60 -19 79 -56 -59 -56 -33 -4 99 1 73 -89 36 43 66 96 -61 20 4 10 -100 61 -16 -71 95 1 -26 -97 -8 -66 7 35 84 -75 7 29 3 -42 -66 87 -99 71 -55 1 47 34 -1 15 36 92 72 -42 -28 -57 2 -80 -57 39 -64 -64 -57 99 2 86 -44 -42 -45 5 -79 -60 -97 97 -42 -55 80 -72 67 87 -59 99 48 -40 44 -89 37 21 -58 30 -23 -77 -53 -1 -13 -32 -69 43 -82 80 -48 -50 51 -92 -87 -57 -31 37 33 37 -88 -26 72 93 -92 -12 -2 56 -43 -95 91 -75 52 56 -11 -41 57 -19 20 -80 47 68 -52 22 25 44 63 -67 48 -22 69 -13 59 3 32 -92 72 98 91 -1 -10 -16 -41 80 -2 24 -29 53 77 81 55 28 0 -29 -19
-68 5 13 1 56 -3 67 76 97 -60 76 84 -59 64 13 -39 -65 -83 -80 -44 7 2 -16 -84 -42 96 -37 92 -67 99 66 28 66 64 57 -65 8 -80 -53 90 12 89 35 60 -36 -78 30 -29 26 -61 8 57 39 0 -21 -59 -46 -36 -60 75 -54 40 -23 83 65 -8 -19 -55 -93 5 83 66 -47 98 70 78 -61 -69 -59 57 -59 19 48 94 -72 -14 -77 -9 -52 41 -77 44 76 -2 27 94 -59 -84 -38 27 86 80 63 -43 36 -47 89 83 66 -6 96 -12 17 -88 72 40 67 -30 15 14 -54 15 76 26 -59 -96 45 -51 -26 93 44 -63 -78 -90 -25 -7 -96 36 -28 -76 95 -30 -27 64 -9 61 29 59 -40 -92 28 98 -21 38 -50 -12 52 51 79 -1 -47 87 49 -61 7 -47 -25 80 80 77 23 -37 -21 -1 46 -14 -11 71 -33 -34 -25 -47 -90 12 66 -28 55 -81 73 42 13 -60 9 3 -83 67 -41 -69 60 -47 -42 92 95 -91 -20 -23 -43 17 81 -19 -19 -80 15 -98 29 -58 -3 86 18 -54 -58 1 29 54 -68 64 -50 -42 18 -94 65 77 -81 -25 77 66 15 58 63 85 29 -60 75 -75 10 24 -82 53 -5 21 6 30 -35 70 21 -20 -30 -50 -31 -81 -55 2 -99 -50 85 16 19 6 28 -37 94 -77 -9 72 -90 -7 -55 10 35 5 -30 50 7 -85 -96 0 0 4 -59 -82 27 -11 -41 -63 -1 31 9 -70 29 -11 79 -18 6 -67 25 -99 -76 -83 80 5 60 62 75 79 -9 89 15 -20 -100 9 -86 24 -98 -98 -78 43 -17 -37 -100 -9 -57 -44 -52 81 -96 -26 9 2 -48 -65 31 28 -31 77 15 -71 -28 -70 50 45 19 89 -54 -35 -94 28 15 -76 24 -9 -60 14 -100 -40 31 14 46 40 -35 63 -23 0 52 28 91 -85 56 22 -95 -74 68 61 12 98 -31 93 78 -18 36 -98 -68 19 56 -24 99 60 73 -81 -53 77 -40 -12 -63 -31 64 -77 14 30 69 74 -58 -95 40 -51 3 14 -62 -94 -96 18 12 20 85 30 75 -100 -93 69 -43 -49 -27 3 -64 3 91 -72 -84 93 88 59 -13 -76 38 33 62 -69 -46 95 -23 39 -11 -100 -75 -12 93 6 -50 -48 65 -31 -31 -40 3 -94 -57 -39 95 -20 -41 73 86 -33 38 5 24 -2 -20 -30 58 -62 45 65 -42 1 41 -30 67 65 28 -63 92 -84 -19 -17 -3 34 -20 -55 -53 -52
28 70 3 -1 -6 24 53 -76 35 83 -67 29 -18 -35 93 16 -39 5 -56 -51 31 -94 -99 -13 66 32 15 -26 -2 21 -53 7 -18 -53 -90 91 51 -68 -5 -24 37 49 6 -20 48 -6 -94 -90 4 20 -64 72 -20 -58 -17 71 -3 -82 26 -79 56 -97 32 -14 -39 61 -73 18 78 -26 55 -7 -57 22 -96 60 -87 94 83 38 -53 29 -58 61 42 -53 -24 -86 45 -88 -35 -57 46 57 -43 53 18 -99 -77 36 22 -42 91 5 -33 33 -13 6 41 20 97 -75 62 79 -76 10 21 43 11 26 95 -39 -82 25 -20 39 42 18 37 52 51 11 15 54 -25 1 77 4 -43 -59 -29 -81 -75 18 -74 15 -72 52 -41 -94 17 29 75 -14 -67 -26 -21 81 50 2 77 -21 -21 87 -55 83 -84 59 63 -6 2 -48 87 -20 9 63 19 28 53 26 92 74 43 -3 -70 33 -42 62 100 -90 65 -15 -36 32 54 23 -71 72 -81 48 41 74 -1 -55 -92 -63 62 18 -45 -91 -99 -64 90 14 42 -100 -56 51 -65 -37 51 -18 26 -78 -78 -81 7 -16 -99 0 -80 -76 41 -9 -14 92 -62 9 -98 83 -32 -21 95 6 21 -51 -2 -6 59 42 -76 -22 -36 51 19 -23 -29 -26 -69 74 -16 33 54 -98 -30 38 -14 29 -3 44 74 -60 -25 67 -69 86 -76 -84 15 -9 -29 -23 90 10 -15 -46 -62 86 76 -69 -36 -90 -69 -77 41 -70 -39 69 54 34 70 -40 21 -61 -1 -7 -6 -90 -23 72 60 -42 -86 -14 50 71 -77 -86 10 43 -34 -53 26 -59 -78 -76 -81 42 27 50 48 77 21 -50 23 -57 93 -90 -29 -67 -88 87 -73 -58 15 -84 67 50 -25 25 96 27 60 -88 69 -30 -85 -80 -87 23 -78 -72 -12 -69 82 -76 -45 -61 -82 2 1 -64 -9 -19 51 -20 52 -68 -32 -49 -94 -83 50 99 17 44 -38 -43 -88 -67 99 -4 93 48 55 51 -71 61 49 68 -85 -85 25 50 46 -5 -24 -4 -7 42 -93 -70 37 -18 18 -73 -47 -86 14 23 62 -80 35 -5 26 24 -69 53 89 -49 1 -44 -73 -10 64 79 -37 42 -16 11 87 39 -60 -15 -66 36 -44 5 61 31 -56 46 -10 -10 32 -45 83 10 35 -88 93 9 -75 -41 -18 -69 -70 47 -57 17 -28 93 90 -34 -83 72 85 -20 -74 -73 -24 -35 -29 31 -49 -65 29 -72 71 56 45 -71 -78 -31 52 16 -32 -48 -7 -28
-60 -54 74 28 -68 -94 -100 79 52 39 12 30 51 -75 52 30 5 -60 93 -65 56 -67 -55 -96 -50 -71 6 96 27 77 -55 28 -88 -32 -17 36 59 -3 61 -82 99 19 57 -90 60 -24 40 -66 76 -31 85 -31 37 -78 -86 35 -26 -64 -10 -42 42 9 61 -1 -55 55 98 -18 -100 83 -61 -76 -96 91 57 54 -41 -20 65 52 -80 -77 24 -94 -60 57 41 88 -41 47 83 33 -89 53 83 86 -85 34 78 -84 -54 -93 -72 -29 86 -3 99 60 -20 -15 -92 -9 -57 -53 -29 1 -12 -17 -91 43 -26 -98 -36 57 -51 -59 59 47 1 -7 44 91 -32 -48 83 43 2 -23 -36 -50 34 44 -11 55 6 10 42 51 66 12 -68 -32 -12 -24 -87 62 80 68 81 -48 -78 -87 81 -14 -52 92 10 -14 -5 -86 -30 -69 71 0 36 -76 85 66 28 -51 -33 81 41 38 -22 74 73 27 -7 -29 65 46 21 89 35 -87 51 32 -39 92 -45 -94 -18 66 -36 -83 -45 -23 65 88 36 95 51 68 -36 93 -73 21 98 -20 57 53 -95 -36 -33 -36 -98 -45 -47 57 73 43 83 63 -92 60 80 -38 -15 -56 73 2 67 -54 -75 41 -11 -36 -2 -55 73 -97 -30 28 85 97 -76 93 -47 94 -25 -5 45 76 -86 36 -72 -29 -60 -35 -41 -73 -36 66 -20 18 -79 -89 33 14 64 -62 68 -7 89 -8 -43 -84 -56 21 47 -40 -99 -99 -5 -26 63 -25 57 -100 -21 -37 63 -2 -67 77 5 37 99 -4 9 90 -18 -87 44 38 -36 97 -2 48 30 33 64 53 94 80 -50 -22 -53 -52 -35 -16 -70 -66 -77 2 -27 -9 -87 41 43 94 51 71 -59 14 76 17 -54 -87 38 -2 11 -62 -57 81 55 -81 -54 85 -20 -10 -80 -93 84 -62 46 36 68 98 70 3 36 22 -88 -26 79 -25 35 27 -95 -39 -26 0 -63 -3 -53 -100 92 -12 -4 -49 18 80 33 -28 84 65 -73 -53 8 -43 -65 50 -85 8 57 46 57 -75 43 -69 60 33 -6 80 -93 59 -87 1 -34 0 -26 50 -87 93 -51 50 -65 32 77 0 -69 -12 39 33 -29 -48 -43 60 -16 -42 -43 5 -18 -92 -24 48 79 78 -81 -17 -79 -7 0 -81 -70 -7 -68 -14 48 -92 5 17 -20 37 62 -77 92 36 31 2 61 39 -88 46 39 5 -12 17 -51 -27 -54 -48 34 -29 22 -89 -79 -79 -100 32 -2 -36 -82 96 -17 70 56 32
9 -59 -89 86 -67 -61 69 -78 -59 -9 69 -32 -57 -57 -96 57 99 16 -79 -8 -70 84 73 -46 -66 -30 49 -80 -40 -65 14 58 38 87 -58 -65 -70 36 -73 -69 -56 -17 -43 -27 -18 -8 -58 -72 70 49 79 -54 30 87 53 47 -29 -22 -73 86 -18 -45 92 60 -17 -2 -10 5 38 32 85 -30 4 -93 -86 92 -3 -75 0 29 21 66 -51 -75 94 49 -29 53 -50 -74 68 -97 74 56 4 90 -57 -4 88 -5 23 -25 -86 -90 82 62 78 49 -30 98 18 -43 23 -95 -28 -66 45 79 -42 -3 87 73 -58 -45 -54 -19 -71 -44 79 93 48 -40 -55 -32 16 11 -64 25 70 98 62 -30 18 -69 87 -32 86 98 -72 96 85 -26 -61 53 64 34 66 69 -36 71 8 31 92 67 7 67 -55 -1 -32 6 -76 31 61 -94 47 -44 -8 -4 -54 -45 -13 -98 -79 93 33 43 -42 -18 -2 -55 -83 -35 73 78 67 -20 -63 -45 -84 79 20 -56 33 -8 97 7 71 17 -33 -42 82 4 -76 -87 96 -45 50 29 -9 -99 -85 -17 -48 27 24 93 60 -67 -46 -15 -19 34 -77 -79 13 32 15 69 54 21 -54 -75 68 94 77 0 13 25 52 58 -96 -44 45 62 14 -58 0 2 89 23 41 88 84 56 -5 -66 73 54 -87 69 -100 10 52 -88 94 -10 75 55 99 88 57 -1 4 66 90 47 -75 72 -3 60 -100 -38 -72 40 27 10 48 -86 34 44 -91 -93 58 -43 -69 54 15 -83 57 51 -41 -98 2 -79 -59 89 35 -66 54 -60 94 41 -64 -56 -74 10 -57 -24 19 31 0 -37 -95 -64 41 91 30 67 -32 -93 -46 86 98 41 2 -65 -45 -97 -75 70 60 -54 92 -43 -72 -15 18 -52 -44 -100 -83 -98 32 60 87 66 60 -67 -75 -20 -31 96 55 58 13 -70 -3 -20 -55 16 74 99 -24 29 80 15 45 13 -21 98 84 74 93 -27 -73 -45 -79 -74 -16 42 23 -1 25 81 34 -54 -30 79 14 27 56 -1 -91 -45 -25 -36 -77 45 -7 70 92 -83 -55 -95 4 52 46 -24 -55 66 -7 -55 -80 -99 1 57 -53 -88 59 -84 3 9 68 85 44 -64 -62 -91 -68 -55 -21 47 -80 -62 9 2 58 -27 -62 32 -72 -70 -81 -22 86 32 75 -43 -3 76 -48 -97 3 -3 -100 -73 3 32 2 -89 43 73 -57 -100 32 51 -51 75 -12 55 -65 -53 13 -59 -16 34 -3 61 -12 84
-22 -5 71 -20 -68 10 -38 -27 83 -44 -62 68 -43 -96 75 49 -98 -7 63 2 95 4 98 73 -50 53 72 -12 61 49 -78 14 -45 -94 -89 -51 46 29 -85 6 -81 95 -29 2 -6 -17 99 -80 31 -40 -37 12 43 85 57 53 52 -23 -43 -86 -94 59 -68 44 79 -10 -20 2 -12 60 73 -24 45 -59 93 -58 20 -85 -73 20 94 1 -17 -9 23 -96 -8 -28 16 -57 -85 85 16 -85 -91 46 -28 27 -3 -7 -64 -34 -81 -25 -42 -62 -79 -11 4 -34 -97 28 -29 -2 -71 40 78 -83 67 92 21 67 96 -13 33 -54 -18 -98 -88 -38 -2 67 -83 -95 94 27 -88 -76 99 -44 -84 -58 8 -39 50 -26 -97 8 40 -44 82 -40 26 -33 -54 -38 -79 -17 77 -20 -57 78 -36 -83 -16 -68 -66 -30 -23 52 -79 -49 -10 44 -7 -64 -25 70 -19 77 -41 68 97 -93 -8 77 -28 -22 78 59 51 -17 72 11 -61 -23 -32 -87 -75 -62 -47 -96 43 -13 -29 -54 57 100 -19 -70 -53 29 -84 23 46 65 51 78 45 -40 28 -93 73 -16 65 -100 -9 30 3 33 5 19 45 17 10 -6 8 -19 33 -24 -36 24 7 16 67 71 25 -40 -96 11 66 -9 -27 67 -66 27 82 78 -28 29 -1 46 -11 -16 71 79 -66 12 -19 -35 -81 47 97 3 54 30 -4 80 73 1 -71 -94 61 76 40 -51 36 50 92 -66 -98 -77 61 -30 -20 57 56 -82 -64 -47 -55 -11 -21 22 -36 18 -58 -43 -100 -3 -57 -94 14 -11 -51 7 79 -59 -91 -30 7 -13 1 -65 -90 67 -27 40 -12 84 -69 82 -47 -68 -5 3 -90 57 -13 18 -47 -85 19 -97 43 76 23 2 62 -54 -98 -77 -67 57 93 16 -91 -56 72 -85 -47 -36 -70 -82 -84 -85 6 -91 -69 -100 -37 -64 -11 -14 4 76 -22 -81 -39 55 -61 0 53 -79 -53 7 -13 -46 -65 83 20 -51 68 -62 43 27 -11 84 -29 40 84 93 -41 -60 57 -17 67 -90 59 -95 -28 24 -50 -73 0 -52 92 -56 35 88 -68 80 65 26 1 41 26 42 -70 78 -60 -26 58 -63 54 -64 76 8 14 -89 14 -41 2 -36 64 -37 83 -17 48 -36 -46 -47 23 17 0 77 39 -33 -27 -60 -70 -99 94 69 -15 -81 -5 41 -61 29 -54 77 -83 -95 -23 -73 -95 -100 49 25 29 66 88 -66 -93 -7 65 -95 86 -49 -63 74 49 -68 -89 -89 -95 39 1 54
73 -73 60 -6 95 66 -25 -72 -60 -12 30 8 -51 -95 61 76 89 24 9 52 74 56 -1 -53 -28 60 -52 -4 13 -62 75 -32 0 7 -20 -86 55 -34 34 49 -10 79 -27 37 54 -46 -56 78 -81 -68 79 88 -19 45 32 -64 71 53 -33 53 71 -81 49 -13 -79 15 -65 19 8 34 71 -82 -93 3 39 -100 -89 -55 76 22 27 -52 8 56 67 -62 -2 20 27 77 9 16 91 -91 -44 -60 17 71 -22 39 -32 -7 -82 62 65 71 -38 39 37 50 45 28 38 91 -15 -89 71 -51 -80 -37 64 84 -29 -49 -91 -13 -97 24 -88 -41 13 42 -39 93 -7 -13 -10 83 -22 -89 38 76 -92 57 -19 63 -8 32 -93 66 -57 -79 -80 -67 -61 10 19 6 78 23 -99 -53 -64 -48 -10 20 -17 -95 92 -66 33 95 -1 -14 -76 -24 -94 -4 4 68 68 -40 63 -77 76 35 -99 -61 -2 -88 54 -41 99 -90 59 75 -82 -45 68 60 56 17 -68 58 14 -87 67 -61 -27 -77 -36 -63 85 -30 -17 -64 14 70 81 84 -24 -25 85 -29 18 -18 -48 79 22 0 -59 7 95 79 -90 -13 51 -65 65 29 71 -32 14 -7 63 73 -67 54 45 -88 -76 -7 -29 -93 15 -89 -48 1 19 -10 -12 63 10 48 80 43 21 23 -20 -52 -94 33 68 -45 41 80 -36 19 90 21 73 45 -67 80 2 -99 80 -44 5 -46 21 -21 -50 -5 0 -8 -7 -8 -28 -44 -40 29 -15 76 -2 97 -8 16 -68 66 88 -10 -48 -47 -95 67 12 0 35 -11 -41 17 -70 -91 -70 -97 -93 23 3 -24 44 -39 33 39 20 81 91 -67 -15 -48 -94 66 -95 53 84 12 -74 99 -48 -46 19 90 27 23 -72 -34 -70 -5 37 -8 94 8 -21 -86 -94 20 -83 -68 61 70 99 -56 -5 -5 -80 -52 -83 -59 -47 -8 -80 -92 53 24 -62 90 -94 -97 95 94 5 -24 5 35 33 74 -48 43 -80 -96 47 -54 21 30 87 -47 -75 22 -75 -51 -57 86 -57 92 33 -50 91 -17 -3 -10 43 -49 52 52 -55 -73 63 22 12 -92 -33 12 55 79 -87 98 9 9 70 80 13 70 -11 4 33 45 -15 59 -76 33 57 2 -49 89 69 -39 53 92 -61 -53 -19 75 43 6 18 55 65 56 -63 -77 -46 66 10 31 43 -50 -64 -64 23 10 90 -65 61 15 -26 73 77 8 12 -54 -51 64 -55 -84 62 -35 -42 -11 -27 56
66 90 95 -96 -23 -78 15 41 -13 -45 45 55 -25 34 -65 -91 -44 93 -1 -47 97 66 -17 -31 -79 48 52 -10 49 44 7 -88 50 -6 55 -61 64 71 -99 -52 -23 49 29 73 22 -23 26 76 -73 -34 -45 -89 85 -35 94 -66 -6 -96 -45 -44 60 96 25 -91 2 -77 -45 99 84 -81 54 53 -62 -28 -40 92 20 -63 89 68 76 -81 97 -79 -71 55 91 -42 -58 -66 99 -41 -44 32 56 -74 -11 16 -24 -34 -35 -59 35 25 81 -47 85 -91 23 97 -3 -47 76 65 29 56 -9 28 67 48 21 57 9 -5 -97 -61 19 -59 65 -87 -93 82 12 -95 -64 50 35 18 39 -62 78 -12 70 38 85 -57 99 23 73 60 19 21 -9 -81 66 95 14 -5 1 -54 -42 70 -2 -41 8 50 -5 -97 8 -77 100 -21 86 33 -63 -3 72 -46 -72 -35 -25 -13 78 39 77 96 -21 22 -18 -97 43 -74 -20 98 22 97 -37 61 74 -42 3 -13 -26 -38 -95 59 36 5 89 -85 62 7 -41 -60 -91 83 -24 92 10 74 -53 96 9 34 90 16 -100 -34 -12 25 60 -4 20 14 68 -61 -44 69 -86 -35 -42 68 -1 79 -61 -12 -61 56 70 -28 45 -59 13 -57 -68 37 44 -22 -22 -48 69 19 87 -71 24 85 15 75 61 -86 14 -95 -77 -12 3 24 -78 -53 3 58 -15 41 41 49 -43 1 -42 -58 -89 -91 73 63 43 -90 -45 86 -69 -86 -5 83 -93 -66 74 19 68 -22 -47 13 14 -45 33 -78 78 24 47 73 4 3 47 -64 8 59 -60 -72 -93 -65 91 -61 39 -77 -93 -60 40 59 87 17 58 -90 -70 2 -46 -69 -69 -14 61 -66 89 63 -99 28 -5 35 -65 78 -12 38 43 88 80 0 -81 80 -15 79 -23 36 -46 -73 -89 71 -6 56 70 19 60 -37 10 38 -54 -8 -76 -33 9 -70 86 -8 -28 40 37 -85 -32 73 60 100 -3 33 43 38 36 39 -32 -60 9 -69 -88 -42 53 -5 -91 54 -61 74 61 -39 41 57 -4 -26 -9 65 71 -41 -33 -43 70 -85 73 -1 -65 -65 53 -82 -9 72 -6 51 -46 79 66 68 -4 16 72 -36 52 -87 -53 28 -48 76 -92 24 -41 5 -93 71 66 89 -87 77 -53 -63 -61 91 71 -5 -74 75 -13 -33 -43 74 54 41 89 -69 63 -95 -52 9 -59 94 -6 -30 -58 -30 52 98 51 9 80 30 1 -99 86 54 -69 60 36 26
19 -29 85 -97 -56 -93 -52 -20 -93 60 -18 96 -55 -7 87 54 -31 26 -35 -22 39 -26 9 -83 98 -65 94 37 -52 -5 69 37 18 77 74 89 -63 -61 -81 91 52 50 -92 -29 73 -66 75 40 -95 24 53 -16 12 22 76 93 92 89 47 -58 -48 -32 71 34 75 -8 38 38 72 -6 15 45 83 1 79 -52 -92 37 95 81 2 49 72 64 -85 -94 -3 -53 29 -21 77 -9 77 -55 -20 5 -69 -83 -67 -51 -25 10 -9 -74 -75 84 -32 93 44 76 -92 69 -54 -18 7 -12 12 90 71 76 -51 -22 -33 -100 -36 -70 9 92 47 -70 84 52 41 -65 9 -62 -48 -44 88 -80 6 29 -2 88 52 -65 47 75 94 41 46 2 -86 -73 8 -40 -91 -28 -71 92 -21 -24 -78 11 -75 16 68 5 -77 -56 40 40 -43 -23 42 -52 -94 81 -13 13 -23 -92 8 -68 44 23 -53 5 -66 15 -55 -83 1 98 -53 -41 25 50 60 -43 -21 65 97 -28 -46 60 -38 50 99 77 -89 -15 11 -46 -52 -80 94 -29 92 -14 -44 -69 31 -33 -8 -45 60 -42 24 -23 51 20 33 -21 73 5 45 5 59 -89 -20 80 28 -77 -59 29 -72 82 -1 -82 -13 -75 64 59 66 -93 -64 72 -4 -24 79 -24 33 56 99 -33 -62 -24 -66 44 53 44 -65 -28 82 -40 -45 94 -48 17 84 55 -78 -13 -57 -36 -46 -24 93 99 16 -84 -79 -14 -96 45 -34 16 -45 -89 -9 68 -85 91 8 29 -69 -69 41 49 1 -28 -21 32 -89 74 32 96 28 -16 -86 -49 -25 -66 -16 -23 -39 -95 97 77 -31 84 -51 -46 73 -13 -75 -19 53 -86 35 -94 68 -47 -86 -73 12 -15 -70 60 -57 -37 49 62 7 -37 -6 32 67 -33 -64 -55 -40 71 -39 34 -18 -39 -15 -31 -75 53 97 31 30 -55 93 81 51 36 -2 67 -75 -52 -8 -1 -75 -79 95 95 61 79 -7 -68 -4 -7 30 -13 -43 76 43 -36 -29 -13 3 15 -30 28 14 -17 87 55 72 -39 -31 -15 64 62 63 -75 87 4 -71 -4 11 42 34 74 92 -12 54 -57 -79 -32 -65 -70 -22 -66 -92 -54 19 -99 -50 67 -45 -67 59 -72 87 -64 90 32 -81 -45 -74 -17 21 -33 41 27 84 -90 27 -36 -26 -58 -21 83 -100 -98 -53 65 77 -7 46 -71 74 -7 40 53 2 3 36 18 76 -13 -57 -25 -87 45 -88 -57 -84 12 -10 26 30 82 26 -66
-4 18 91 18 38 -68 18 80 94 49 -31 -45 53 31 21 -82 13 -84 -77 -71 8 55 -10 33 46 64 79 -9 25 -66 -88 -48 96 -73 -7 15 -89 9 61 18 22 -42 -11 -2 -49 -35 98 -4 -80 4 -72 28 -84 94 -75 -23 -17 88 34 64 93 93 38 -74 8 -80 -23 -60 4 41 -67 -91 67 14 -25 -75 -79 53 71 89 10 41 -79 65 -7 -23 -99 -35 -33 -81 69 -41 -16 28 -45 -44 26 41 -84 89 -75 63 -13 -27 -4 -50 -99 96 74 -17 -41 -50 8 1 77 46 -50 -42 13 -8 -86 -23 -10 -72 -58 62 -36 -70 63 34 -77 -64 -65 -7 -17 -76 -19 71 -75 -28 89 -65 6 42 34 -44 14 63 -64 -86 9 -28 -65 93 -60 -59 -93 -47 61 96 40 89 -49 -67 75 -23 5 -20 17 33 -25 -76 26 -60 -79 35 94 69 87 28 37 94 -48 -27 -83 -19 47 -93 -50 -94 -66 -3 55 74 -38 -58 0 -27 61 -23 26 47 39 24 -75 14 -52 99 53 -66 92 52 -96 98 -77 34 2 17 22 70 52 17 86 -58 53 16 23 16 68 23 -78 -9 76 -56 -19 38 0 33 94 87 -41 -45 -8 88 -34 -7 -87 3 -1 39 14 83 -42 52 93 -38 82 56 67 17 -38 83 17 -12 -96 -7 -34 -1 -35 -56 55 31 -1 29 87 -88 37 -81 48 24 -93 4 37 -83 -94 62 -10 25 53 -11 12 45 -59 -39 61 18 -72 -37 10 -30 79 -82 51 37 37 -23 -92 -81 -1 -31 -38 29 -15 20 -19 63 -47 69 70 -87 -54 95 -56 61 -94 -17 -28 68 -45 68 56 83 34 -5 20 -55 34 88 -92 51 -56 17 44 -94 94 -60 -61 -34 -91 95 28 78 -63 -56 9 48 -31 -25 54 82 29 21 23 -42 -56 72 15 78 11 -39 20 -33 -13 78 -97 -70 -34 98 70 -27 2 -34 -75 -9 17 5 92 17 50 5 90 59 -14 -46 97 -71 -3 -73 -6 85 -53 -40 25 -53 94 -58 93 41 -22 -29 -29 13 -71 52 72 46 -67 -85 33 23 -76 19 -53 -29 -3 -47 -65 -54 41 -83 -89 -15 58 -68 52 -92 -87 -81 -75 -18 -32 21 -73 -85 -38 59 21 -99 10 -42 -72 -2 92 -87 35 -79 -16 -84 -46 8 -8 -53 68 6 -28 -60 -23 5 73 -99 94 -79 99 52 82 43 50 -71 7 85 22 -34 -93 97 -28 73 28 84 14 -61 5 -39 -9 -41 -10 -31 -56 98 59 30
80 -26 19 -9 -71 -5 -17 -66 -41 -73 51 -84 83 73 -38 5 -36 -80 18 -72 -84 77 84 68 71 21 -90 60 -3 72 -24 -38 -36 23 -25 94 -42 82 -71 -40 -53 -37 36 -73 70 -54 -46 83 -23 -96 -53 1 -77 -74 43 10 50 -74 39 -73 26 89 94 -74 91 45 -81 51 47 -59 -87 73 -67 90 -31 -83 -20 80 -1 44 71 -91 70 -10 59 -86 74 30 -84 46 22 -27 11 2 50 23 -4 -94 1 -69 -9 -2 -22 -26 63 18 -35 9 -26 98 12 -38 -37 -32 75 -13 -44 -55 -57 44 6 37 74 94 -83 26 55 -25 45 -90 98 73 -25 13 -7 -54 -79 10 -22 -12 27 -5 -10 33 10 10 50 -16 69 57 45 -81 65 91 38 47 -74 94 42 89 -12 88 40 93 33 -77 -57 -63 -27 -56 -54 -55 11 -27 -79 -98 -13 98 51 -29 12 19 47 77 56 -1 -34 -21 50 -58 63 -68 -43 -17 90 100 -97 3 -75 0 -52 42 96 71 66 95 15 45 0 -55 -11 -17 -27 93 54 -78 5 -24 -57 -82 -18 15 86 -75 62 35 -89 89 -56 39 58 -26 92 45 83 33 -34 -73 19 -17 69 -84 -16 71 -44 80 57 -97 -4 -31 1 -20 2 -49 -74 34 -29 49 6 -96 -41 -15 95 -96 -64 95 -59 48 -53 79 -33 41 -43 -43 -25 94 67 -79 -72 29 -7 -30 23 26 66 27 22 -81 41 -57 -88 24 84 -97 -47 91 9 66 -98 63 37 -5 29 -81 86 50 -69 -76 -88 -8 -12 34 47 -78 -83 -26 -67 1 -43 55 -65 24 -63 -12 91 -33 7 35 -1 74 46 1 -76 45 51 29 -4 2 -8 -30 -9 91 -25 -64 60 56 68 -95 51 -21 61 -68 61 -49 69 41 2 -23 -71 43 73 -49 63 32 -55 -100 -14 -68 -49 -14 17 8 -18 100 52 6 30 -3 53 -75 27 36 -82 -84 54 30 -12 68 97 -19 64 -4 -72 56 -22 100 88 -53 44 -9 -8 -3 96 -59 49 35 47 -17 -40 97 59 -82 40 31 43 3 -41 76 69 -93 -83 -93 49 -50 -54 -19 16 -72 -88 90 100 86 57 -23 41 -37 10 -53 -55 97 -28 -73 -42 -15 76 58 40 -57 35 -84 -90 -43 -97 -78 51 -65 -75 45 -100 88 -93 -63 -52 -1 -9 18 -9 -19 -31 -73 2 93 21 71 1 51 -73 -6 79 -37 -4 -27 -73 83 -56 44 -21 10 -2 -75 -8 -25 -31 -55 43 95 -14 -80 2 23
-99 -27 42 -100 50 67 91 -27 -94 -66 17 -69 -11 -38 51 -74 -29 61 84 -60 -74 49 84 -56 -85 10 53 -91 61 39 -96 -97 92 8 -4 -25 -40 -34 45 48 -51 69 -22 -80 22 68 -41 39 79 -88 -97 -43 -7 -45 16 94 -38 26 -54 11 47 -24 -100 -18 69 -95 -82 -31 -32 46 87 35 5 -69 37 -83 29 73 -99 17 -64 49 -58 -94 -11 -60 83 14 -72 58 -78 5 47 7 -16 -61 -66 -3 14 30 86 58 -49 100 -80 -83 -100 22 10 -24 1 43 24 71 -69 -34 26 -89 42 -74 57 39 -28 10 -37 16 5 -13 87 -15 22 6 -70 -2 -63 -83 29 98 -40 17 87 62 -71 -58 -42 -4 38 67 13 -12 -21 14 -23 -17 -5 28 91 74 97 -77 -24 -36 27 28 85 -71 48 -27 99 -83 -99 -61 -33 42 61 36 32 100 43 15 38 -31 59 -47 -11 2 -70 23 78 23 -80 -34 -19 -34 74 99 87 87 22 -58 -18 -24 -89 27 92 77 84 -86 38 64 -87 29 66 -1 81 -84 77 -38 73 -51 64 23 -60 -75 65 -26 -59 4 87 -73 86 32 -23 -64 -17 73 80 -32 -47 90 87 80 -43 39 -55 -80 -85 75 76 75 -65 37 -15 -99 83 -91 -32 -79 92 24 -35 12 56 73 -89 17 41 2 -34 -3 -97 -12 36 -82 47 15 92 -54 -75 38 -3 93 85 27 86 63 -75 -10 90 29 -58 -67 94 12 -82 -87 81 -37 -36 -97 -44 31 69 26 -72 -30 -24 100 8 72 -22 77 -3 -17 -86 -30 -81 18 17 97 -17 54 48 59 22 -85 86 46 -21 -32 95 49 -63 -4 -100 7 28 13 -19 -45 12 -41 37 -8 32 -40 -91 -87 63 40 73 100 -35 38 -89 51 87 52 29 -86 23 -49 -88 45 -24 -37 -31 -30 91 28 69 79 -97 4 -75 81 70 73 -33 57 63 -51 -42 -30 -60 10 -5 24 70 -83 -4 41 -95 21 5 8 -92 76 66 -75 19 98 11 69 -96 -51 65 -56 -21 41 -65 55 -91 80 23 -52 46 74 75 -71 -1 -61 -37 69 -12 54 5 -93 93 50 37 17 -92 8 29 -5 62 77 -89 53 -63 -24 8 -77 -41 41 30 25 -6 19 19 57 -18 12 66 -19 36 -81 52 71 32 92 25 60 12 -47 82 -58 -43 95 -40 -5 -77 -69 -85 3 -40 74 -5 50 60 -25 10 4 -96 38 -34 48 -81 27 8 72 19 8 -28 94 -11 33 -3 -57
4 -35 -81 -67 -100 -42 41 93 -93 19 -100 67 10 78 -59 62 70 -27 20 51 -35 -100 -70 -13 50 -19 8 73 3 -60 91 47 96 -99 -36 82 -55 41 77 -10 -11 47 34 10 19 30 41 -67 -42 18 99 94 -39 16 60 -70 71 -11 -10 -43 62 -75 -81 69 -88 8 45 56 -56 87 -46 65 -84 -48 96 -18 28 -82 56 -20 31 -92 -27 20 61 51 -57 50 -39 29 84 28 6 29 67 -92 -92 -70 49 -33 78 -48 -25 -59 40 -80 66 44 -63 -58 36 10 -57 21 92 7 70 -37 -49 94 -76 15 32 -84 -19 -99 -79 -15 40 39 -99 -58 61 -65 65 83 -98 90 58 11 94 -45 -80 -47 -86 -24 15 -20 13 59 88 32 -80 0 70 -78 -58 -4 54 68 -46 96 22 53 -8 4 -57 -75 -44 26 29 -67 14 90 -57 50 -3 -76 -63 -26 -96 -20 -11 11 -70 55 -95 97 1 8 25 -45 -52 56 -58 20 -37 21 51 -26 92 25 68 86 -87 21 16 -89 91 67 -28 -86 -27 39 82 11 40 -1 66 63 -89 -36 -100 -3 38 28 46 -44 67 32 47 -62 29 52 75 20 52 28 69 -86 -20 9 1 -94 80 -73 -87 -4 18 26 -25 -22 -64 -41 -60 -47 -83 29 6 -66 3 -77 4 -14 25 91 -33 33 -46 -19 -100 -7 -31 -51 39 -39 12 -59 -54 14 -47 29 41 -77 -60 -59 -32 -81 20 -69 15 -8 94 70 31 47 -33 -3 -23 -3 -23 46 -100 79 -27 99 -8 -80 85 27 -97 53 91 96 0 -86 -24 88 21 -43 -30 -20 -40 -30 -39 88 -52 -40 0 -70 72 6 62 -15 -78 27 50 33 -48 48 81 71 -59 -23 -32 -74 76 60 -30 5 84 39 35 -75 1 -77 -1 -16 99 14 29 24 -50 28 -17 90 -57 49 56 -48 67 -70 -64 30 13 51 -76 -27 72 80 -15 -58 -3 14 29 74 -55 31 77 -67 54 -38 13 -94 -72 -11 -51 -70 -22 -68 -33 -68 -84 -41 -18 65 -21 -46 21 -68 29 -25 85 24 43 51 64 -16 -2 48 11 -22 -83 -1 -29 95 16 -94 -20 78 41 -39 -72 -52 39 7 -6 -12 30 68 -20 -4 70 -96 58 26 -55 18 33 5 -40 71 44 72 35 -78 24 -1 -63 64 94 -54 61 5 74 75 -51 -77 38 31 -94 -86 78 52 -70 -46 -31 49 48 91 50 -63 88 92 -21 92 -72 -55 77 53 57 -57 38 -44 74 15 -100 89 52 52
-92 -3 -12 -84 -64 -9 88 93 -98 49 86 90 73 -74 73 73 -69 -18 2 -78 -54 96 85 -4 62 -11 13 -74 -51 39 -21 -44 25 -53 -1 -10 16 24 80 30 60 38 26 -83 -39 84 67 12 70 -33 81 97 -72 59 -79 78 97 -84 24 75 50 -52 -46 25 87 69 77 54 20 -44 16 17 -4 89 -29 -49 -44 -48 -76 25 87 19 -23 69 -4 10 26 1 10 35 -14 -78 13 67 -96 -9 -78 -53 14 -4 -67 -3 -51 56 5 10 93 8 83 -82 -13 8 -53 -50 -97 -2 92 80 -1 -81 94 -90 2 -36 -2 52 -19 81 -68 56 81 -66 45 30 -74 -43 -57 72 -97 -5 -91 26 26 -67 83 68 -15 67 -20 4 37 -9 -76 63 -93 7 -60 18 100 65 -8 -42 36 -60 59 71 -35 20 -78 30 -30 60 25 -49 14 -36 73 -93 46 -99 -92 39 38 -8 -94 55 42 -96 47 -86 -71 40 64 5 -54 -41 31 79 22 -35 64 40 -39 75 10 51 45 -67 40 -55 -74 -16 -26 -64 -34 -33 -78 16 77 12 -26 1 53 -24 84 85 90 -49 -69 -25 95 -66 51 41 35 -63 84 98 96 -62 60 -53 20 28 15 -31 -37 75 88 -69 -6 -20 -69 -9 14 -22 77 -11 -93 71 -89 -22 1 -21 9 82 -37 -42 -97 6 -92 -85 -56 22 51 -93 97 -18 -53 64 49 -89 -12 39 -83 92 72 7 79 93 -23 93 75 43 9 -91 -55 -86 -4 -40 13 24 7 -83 -91 -44 -95 -2 -96 -22 39 66 -86 -22 -77 95 -98 71 -79 78 -24 -36 53 -45 -81 4 77 26 95 83 59 -40 57 -51 12 -14 62 -22 80 -56 -37 16 24 -92 87 72 64 95 -100 80 -2 -17 55 -20 -58 67 -91 35 22 -90 -75 7 -76 41 83 31 18 -43 -60 27 31 50 58 19 64 -36 -44 -24 -10 -65 72 28 66 94 55 -22 -7 32 83 51 -15 -73 -71 72 51 -53 56 -96 -85 69 50 57 -83 9 -45 -10 -53 90 -20 -24 -83 97 96 9 25 -16 -55 -13 74 -47 24 -60 82 -10 29 -14 -38 27 -12 -23 -42 40 81 48 -78 -26 26 57 -95 -43 67 19 79 -18 4 56 -37 78 -50 -93 12 -78 73 -88 94 93 5 47 26 -69 -38 -82 -56 -39 89 -41 -66 54 40 -95 -49 96 -38 60 -78 47 17 37 88 54 19 27 -48 60 18 19 100 83 65 -3 -78 94 -17 -15 -38 -51 -28 11 82 -11
65 48 56 -31 42 45 8 32 -84 -28 -69 36 8 12 17 -4 -44 10 -40 -40 87 -32 -45 -55 46 -93 -23 60 0 -70 -23 -62 -79 82 51 -36 80 -63 26 13 81 82 -3 -15 -21 68 -19 -53 -52 -72 -4 73 -100 -99 -21 45 63 84 -98 4 99 -43 -61 -87 -61 -36 74 -69 -51 -54 11 -50 -73 -69 38 -87 13 90 -16 41 75 13 73 -87 58 -74 -86 52 18 -56 57 29 88 73 -17 65 29 41 -48 -26 91 47 82 72 32 4 64 -11 6 14 23 32 -92 -4 20 -76 -32 -63 -3 6 -31 8 -55 -45 69 30 92 91 78 72 -78 -48 38 51 -39 37 80 -40 -22 -63 -69 79 -19 -43 -48 -2 2 35 6 -77 74 3 63 63 25 -73 -10 -89 -50 -49 62 -56 -13 -38 -40 -24 72 -58 50 -61 -65 77 -55 78 86 77 -3 2 76 -19 52 99 0 52 82 48 -26 -59 56 -71 9 72 96 -55 31 83 -32 96 73 91 89 -25 64 -49 73 -45 -100 -12 -52 -87 -69 19 47 46 -48 47 -53 -69 20 17 59 -43 74 97 -22 62 -46 -47 68 -80 20 -90 92 -84 46 -64 -51 -68 81 96 -53 -50 78 -22 6 35 -58 0 1 -5 82 -19 -62 -69 4 78 -78 21 61 -7 66 -48 -44 66 -62 -28 63 60 -79 -89 85 86 -5 51 37 -7 67 93 -49 40 14 82 80 -38 6 99 95 89 -41 83 3 0 -85 -80 -96 -25 -73 35 96 79 84 93 70 -64 74 4 -37 -56 98 -25 56 -11 -75 75 -22 -60 70 72 37 35 86 26 99 56 98 8 -58 97 -81 16 -23 -49 -19 -1 17 -53 -55 13 69 48 -6 91 -98 98 12 69 71 -16 85 -63 -43 59 73 -4 -12 98 35 76 -95 -57 30 -5 -12 34 -12 82 44 -61 71 -76 31 -39 -46 -90 42 23 -60 48 19 0 -20 -1 -59 17 -37 -99 13 -75 -26 83 8 -1 72 23 -53 70 12 53 75 77 -29 -81 59 25 26 83 -28 -92 7 -62 -60 -100 27 41 -53 -7 -6 27 38 -24 -20 -19 6 -23 -33 -87 -75 47 -84 6 -2 76 56 83 59 69 -61 22 -48 80 54 -88 37 92 -10 -65 -47 8 -36 3 14 55 26 97 -89 58 78 -50 40 -88 -39 -80 19 -80 31 93 88 -47 -31 64 -9 -67 -92 98 -67 27 90 -79 98 -26 -11 -71 -43 -45 -62 99 18 -48 -59 20 -15 30 13 84 16 -4 95 97 64 90
-96 -45 5 -42 -78 -66 84 33 64 -11 75 38 26 35 -19 -29 -40 95 37 -74 12 -73 -64 66 -50 -14 22 -41 -96 -52 4 -34 -26 -63 76 -99 -36 52 -69 6 -75 -62 48 3 -93 -85 -65 -97 62 -26 75 27 55 59 -72 -23 -88 -9 4 -2 63 52 27 -62 59 -42 -27 86 -72 43 -74 90 -2 95 57 -73 -71 86 -32 -37 10 73 25 34 9 -38 -35 -36 77 -48 -23 53 -40 31 70 -17 -16 -4 11 -55 44 1 12 -28 -22 93 10 -79 -5 -95 -54 44 100 -98 49 89 29 -83 -46 -27 38 16 33 -89 -95 43 -25 -20 61 99 -54 85 87 -83 42 71 -5 49 54 52 8 -32 -7 -96 -26 56 81 -38 -72 -91 -51 -32 57 46 46 -25 57 -57 88 63 92 24 94 54 12 91 9 49 77 -23 -39 91 26 8 31 68 -10 37 -7 -65 38 89 -84 45 12 1 -21 -59 -57 53 28 49 29 7 -56 -22 -8 99 -17 42 -76 13 9 85 -38 88 59 -6 -48 29 62 11 -46 74 -81 -75 16 99 -69 -6 -33 -63 -42 -69 19 -53 39 43 -93 39 -70 -92 -4 -16 85 -7 -80 -47 -2 71 -32 38 -97 10 -21 -55 -27 -4 -61 84 -49 -38 59 -58 66 -43 -21 -72 7 -22 -85 -62 32 69 -94 27 -34 -41 58 94 -70 -38 95 38 -89 16 29 3 -47 52 1 -3 65 -25 54 -3 32 82 19 94 -63 -24 96 52 -61 -66 70 -69 4 -56 56 -17 76 64 -34 -63 -77 6 -79 0 -39 16 -17 4 51 -36 -70 74 -93 23 -10 43 19 74 20 23 18 -53 63 -49 14 -67 66 91 7 -82 65 73 79 -44 97 96 62 -2 -88 60 -59 -63 85 57 -5 -29 38 -14 -58 -71 -14 -55 -43 16 31 31 20 61 -92 -37 -17 -53 -61 -97 97 17 -95 32 71 -42 48 51 63 61 -92 -50 -47 10 -61 -1 -7 83 91 75 -3 -80 28 97 -58 94 -96 86 85 -1 -30 19 49 12 95 100 -3 -18 53 59 -75 80 0 -82 17 37 -11 -60 -40 80 24 43 -100 -55 -30 -5 65 -84 -31 8 21 97 -77 65 -97 33 -78 92 -46 62 14 -42 57 92 25 -24 -99 -2 -26 -53 -50 88 -38 92 -12 -39 9 71 -95 34 -32 72 -72 12 68 -12 0 21 26 98 2 -70 -8 -41 -23 -15 -14 -86 -98 -58 -27 -53 -87 89 -86 -14 -79 57 51 69 -12 -51 -89 -56 -49 15 -67 74 34 -40
-55 -68 -36 99 -47 -28 69 -32 -48 89 -1 60 76 99 11 83 -6 24 -31 -30 -18 40 93 -15 -78 -5 -83 78 -9 19 91 94 -64 30 -37 100 37 -78 -29 8 27 -35 11 62 -13 -55 14 55 -14 53 53 27 -80 18 35 97 32 -24 8 78 -15 -45 6 -92 -27 -68 -29 80 -35 -87 57 -66 8 1 -91 27 -16 40 37 89 69 -67 -35 94 37 20 12 -44 27 99 22 -94 29 -26 58 -90 -6 -4 -3 -30 9 31 -20 51 29 -85 -46 -99 43 -76 78 32 -40 81 -81 -10 -15 54 6 5 80 -51 43 -80 -76 -26 70 -75 97 -17 6 57 64 94 -72 45 -82 -54 91 -76 68 2 11 63 -14 100 92 20 -83 -2 -60 53 11 74 19 -10 -47 2 0 -43 -92 4 -51 61 -25 -68 -28 2 59 -32 35 -29 41 -20 19 80 -9 -73 -37 -25 30 46 4 -96 86 54 -94 84 -93 -68 57 26 47 67 -52 40 13 -54 58 99 77 -18 32 -10 -48 -63 20 28 -34 -63 -80 5 -41 -33 56 56 18 34 94 -99 16 30 100 27 -49 -29 -20 90 86 -71 -72 57 19 55 -75 -2 -42 -34 -54 -7 -7 64 57 94 -92 20 -42 81 -7 39 75 -71 93 -8 16 -37 -38 93 11 33 -16 18 58 45 -83 -31 59 -98 92 5 95 -83 83 63 -6 44 12 26 46 -73 80 45 -12 57 58 68 27 41 -75 66 -46 21 68 -73 -96 -54 -19 -66 60 89 -99 70 -13 -4 -92 -2 -65 94 2 96 -9 -54 -65 -51 81 6 85 81 -40 58 36 48 94 -97 -59 -62 23 64 75 -73 84 31 19 -52 90 -19 -70 25 55 26 34 51 -44 72 31 -33 -23 65 36 -65 73 11 77 83 65 21 -42 90 10 -87 -53 -29 91 -28 59 -45 -48 91 43 -70 39 6 -32 47 -90 15 -31 53 -81 100 35 -64 89 99 -14 -43 -52 62 -14 -64 -39 46 -70 24 -16 68 -48 32 89 -94 -21 20 55 32 -41 11 45 12 38 42 27 63 35 -25 -59 11 -59 50 -87 -100 -6 -74 6 -2 -24 -32 -66 71 97 70 92 -86 59 24 77 -73 33 -96 7 -33 15 84 91 73 -87 23 -59 -55 -22 -48 -51 25 -83 58 7 16 100 63 62 76 -51 21 73 17 -7 -94 78 -80 -5 -4 73 -97 40 -77 -11 51 88 -43 -29 56 -34 -39 38 -51 -92 -21 84 -68 -24 -20 14 -47 -37 76 -26 63 25 15 -5 -36
-23 95 70 -13 39 66 33 -91 -53 -65 -89 18 -5 -97 -98 -16 -1 -66 -16 -18 100 13 -19 50 -33 -60 -6 -19 71 -15 -10 -62 -95 -6 68 -91 59 -22 -73 29 -23 57 -95 23 17 -85 -84 73 -100 29 -88 -14 -87 7 2 -94 93 73 62 14 -12 74 -97 -58 71 75 -18 -71 -3 -1 56 22 42 8 85 -55 61 -69 41 53 53 -83 -28 -99 -92 94 71 18 -100 -32 77 92 34 -16 -28 98 -32 -48 -89 -32 18 -17 -17 10 77 -29 13 30 -34 -58 92 22 -69 91 -56 -25 -99 21 -16 76 -40 -25 -18 39 29 72 -45 57 80 75 -46 70 -17 -35 85 15 13 73 8 18 -6 -83 92 95 88 -42 -61 -19 -79 10 59 81 31 -82 49 36 76 88 65 98 69 -56 6 75 -42 29 44 4 10 -68 42 79 44 -42 72 -15 85 -51 -69 64 96 -60 -6 -45 90 38 98 1 -80 -4 71 63 -17 66 -83 -26 56 -60 -28 -25 -49 92 -84 8 -84 50 -40 56 -40 -80 82 -57 -33 -32 -26 -14 68 28 -84 85 -6 72 -93 -77 -71 4 -80 -91 93 -28 -90 -6 -80 39 -66 46 -86 49 60 39 -18 26 -21 56 75 71 -70 -85 -22 48 23 -66 -2 86 -96 -54 18 69 -34 -6 55 26 -94 65 77 0 18 -100 -58 -67 78 -10 53 -22 -53 -29 -6 64 33 -78 -20 -57 -18 100 -98 -37 44 14 51 46 -100 27 19 81 -35 -7 -86 59 -50 87 82 44 74 -61 35 -12 5 -35 -80 54 -72 91 71 52 99 -54 12 61 -15 -38 11 -91 -22 45 15 -40 86 15 9 39 7 -74 95 7 -85 29 -69 -95 -49 -64 76 -6 7 -20 -99 2 -81 75 -42 76 -54 8 -53 75 72 53 61 -32 39 16 51 73 -93 -50 96 -8 13 -46 54 -92 -26 -35 20 -33 -73 94 -46 7 53 -19 43 38 29 43 -6 -24 -37 41 72 -98 -59 52 -7 -39 -43 96 -56 81 82 48 -9 91 49 2 -5 21 -27 -95 -10 -20 38 -10 -53 -30 35 72 -1 -50 46 44 -66 -53 -48 5 92 -66 86 39 -82 66 37 -5 -44 -93 53 25 -37 77 -98 88 -47 -48 67 -53 -65 -73 -10 -47 45 63 -44 -91 -49 -31 -29 48 -31 44 61 90 -90 41 72 -28 -17 36 92 1 65 -72 -39 -97 6 70 1 80 36 -80 69 -77 30 86 -14 -27 -100 32 23 -44 32 -89 5 -13 -94 -10 -85 79 -42 -91 -98 -40
8 -41 85 -50 -93 95 35 -77 -99 14 -43 85 0 83 -76 1 -100 -63 55 12 -58 -40 -85 -98 69 -65 -86 -1 -23 -66 0 18 -25 -17 4 29 -84 52 -59 -66 -88 76 38 25 -24 3 -75 -72 78 0 -78 6 -42 -55 93 58 -1 68 28 99 43 -22 92 -78 -45 11 -78 -36 18 -11 66 75 -52 21 18 -69 32 -28 5 -8 79 51 65 61 4 68 69 -36 23 70 -55 -91 77 -58 72 58 66 42 8 -50 -6 31 -14 91 -12 -30 9 38 83 -6 73 -93 88 62 -18 -37 36 -87 39 -55 82 24 -31 -33 -3 -60 -56 -41 32 -8 23 64 -28 15 40 -57 66 -80 55 -15 18 -24 -80 77 13 -99 12 97 50 -24 54 -91 -77 58 98 62 -15 11 23 -35 -99 38 70 -38 -2 18 60 88 20 -70 -15 -86 -18 63 -47 81 56 -38 -55 50 72 5 -74 -26 -23 12 -33 -9 -22 46 -69 42 32 63 -16 -66 95 79 55 35 -22 39 -32 18 -25 17 -17 -77 5 -76 10 26 17 -81 34 45 17 7 76 7 -78 -84 25 -68 60 49 52 -21 -71 84 -15 -94 -69 -80 -27 87 -54 -95 35 99 -97 89 -68 86 55 23 -90 59 -85 85 -64 57 -56 19 -83 -77 -56 13 -30 -27 61 -35 19 79 27 -33 47 48 69 67 -80 70 75 -61 -56 -18 -50 -36 -82 -80 -49 -69 -92 -38 -3 26 98 -4 51 35 33 23 99 -68 -67 27 -26 3 55 39 38 -77 -7 -5 56 18 25 -71 -20 55 -75 -24 99 -92 -55 95 -45 -89 50 72 30 3 67 13 -26 6 68 -86 -67 11 58 57 -67 -31 10 26 63 -11 8 -88 16 3 -20 51 32 -70 81 86 -4 47 93 45 31 -78 63 88 23 -95 7 53 -29 79 -68 77 42 82 -98 -97 59 17 -43 78 78 -23 70 11 61 -38 9 -20 75 44 -27 52 -25 59 69 -12 48 -31 -62 -23 82 -19 63 -93 21 -44 64 27 -21 -54 53 37 40 -32 97 41 71 -21 -54 51 -66 92 6 28 62 32 -89 11 -98 -75 -9 55 -59 -97 5 90 48 -55 1 -5 4 -65 -70 -77 -97 -20 96 -86 -77 -78 -69 -82 -24 -47 48 -53 79 -69 -75 47 92 -41 -1 12 -55 -57 -43 64 43 53 35 -58 99 84 -20 24 76 60 -67 -85 -25 63 45 68 -84 18 -67 71 76 17 -49 -69 -58 -43 19 58 87 -100 85 98 -39 -35 72 -68 73 -38 88 50
44 54 -48 -65 41 45 -69 -6 38 96 -22 -59 -3 7 62 -52 32 22 -35 54 46 35 -66 42 -94 74 -89 -63 -46 -61 22 99 78 -44 -32 16 87 -29 -72 78 -2 52 2 -23 62 10 69 77 -26 7 -15 -46 -74 -10 -88 86 -63 30 86 -54 -72 -40 83 49 -4 -94 31 -22 65 -81 19 -57 -82 -4 -53 -99 90 19 57 50 39 34 -92 -15 80 42 -55 81 -23 48 98 12 66 30 -6 9 -26 -42 6 -4 -6 -13 39 -72 -34 -10 -56 -11 -35 70 -56 11 -4 -65 90 -42 -31 56 63 75 -28 -7 75 -54 40 97 -8 53 -13 64 94 78 89 84 73 -15 -76 -55 61 -98 98 -34 -86 34 20 76 -34 25 -48 -30 -47 -77 35 80 78 68 -14 74 5 -98 95 -37 0 -42 56 -20 18 -74 44 -10 -29 29 -50 -100 84 -35 -92 -5 -30 -43 47 -84 35 49 -35 -70 -63 41 -8 -67 -64 -12 71 98 25 95 6 -24 69 73 51 -52 41 -69 53 78 53 22 38 -47 65 28 -17 60 43 74 25 -15 78 -98 43 21 -10 -74 37 -16 36 97 60 -16 4 8 51 74 -95 -78 26 89 42 45 55 24 78 -13 -40 -21 -43 20 -9 -22 -52 -35 -97 -38 -7 -81 -46 -17 53 49 71 66 57 84 -30 -16 0 85 81 -51 67 -12 61 -62 15 27 81 16 -16 43 -34 60 0 -29 -75 -3 -92 89 61 -88 -14 79 -49 -72 94 92 19 -55 -91 100 -27 -74 -87 20 -91 -57 -76 93 40 57 13 -60 61 -67 87 40 -16 -51 83 -12 91 -25 -18 -72 57 -42 69 -65 66 -9 52 17 -62 -42 76 -1 33 32 -75 -64 25 -74 41 -47 1 51 61 90 98 59 -19 -100 61 -71 -37 76 -2 27 54 51 -80 -55 -37 -9 -17 -35 -76 95 -12 -83 16 -35 26 72 -16 -43 -6 74 85 64 -96 92 47 -44 -24 -40 -23 -85 -49 17 36 13 -5 35 -71 -53 -65 82 -50 21 31 28 9 -93 -99 -13 -1 82 -56 17 75 24 -35 21 -4 0 7 -80 81 61 22 -86 -8 -81 -48 -48 -45 79 58 -14 -13 71 86 -63 -95 -20 3 -37 24 -53 -74 -20 69 14 18 68 58 -28 97 -96 -94 92 -39 43 -65 31 -42 48 -76 19 31 -14 0 -75 21 -54 86 -94 6 -85 67 59 -99 -48 -79 2 -70 68 -48 -23 22 40 39 -9 -28 -75 -45 -93 -5 38 -8 68 36 2 -10 53 36 -34 24 53
-77 75 -16 37 50 -53 97 71 -90 9 -25 -77 -1 44 39 -7 65 68 29 76 58 -46 -40 -13 -35 -10 43 35 25 -96 -13 -15 -17 -15 98 32 39 -91 -46 90 76 -94 -55 -86 77 78 -16 -22 -67 2 -7 71 95 10 -82 49 54 66 -24 16 -20 -40 -68 65 -53 54 -79 73 20 66 2 -51 25 -97 56 -64 13 16 32 46 86 8 -14 80 -32 6 48 57 -94 54 42 -37 60 22 -20 -79 88 -38 -17 31 19 39 -39 -82 -9 93 67 -24 27 89 75 -55 -100 3 39 -33 37 88 83 55 43 -15 -12 -34 37 -76 -97 83 -81 100 -32 54 65 98 -90 81 82 26 -81 4 52 99 45 -84 15 100 -99 -98 94 86 -27 -63 45 83 -61 -48 -24 25 29 49 -28 -3 -29 54 -24 -54 56 90 66 38 65 -41 -94 86 -37 43 -27 -21 -3 -60 -33 -35 14 52 -16 -63 -28 93 -100 20 48 -27 80 -100 -5 -56 -83 97 58 -67 -77 -57 -48 -67 100 34 57 50 -22 87 39 0 -13 96 12 -39 -5 -68 52 -67 51 -80 12 70 12 -63 -38 73 -66 61 -42 47 11 42 18 -84 -35 66 75 84 -74 63 -52 45 -39 50 96 -24 93 -90 -82 -96 20 -18 82 7 -50 78 -13 -37 -9 -71 -30 -3 55 14 71 -17 24 -16 -100 80 -36 17 -62 91 -37 92 93 -79 24 68 67 -7 -7 -7 -95 77 -25 -31 40 42 29 -93 22 94 -3 -99 -54 -11 -33 -27 11 -87 -13 42 92 -15 63 11 -34 5 68 72 -74 -69 -72 -17 -29 40 57 -26 -75 -96 -48 -81 -55 -58 -48 -26 -53 -24 -90 72 28 -11 -1 29 58 22 -95 39 89 -70 -88 40 93 -80 19 52 -69 5 -38 -76 -67 66 -3 -5 6 -86 -69 -86 -16 47 -57 -17 45 -87 -7 75 1 94 -17 -42 -81 -71 0 32 -33 3 67 -95 -28 27 95 -88 -35 89 73 0 95 -98 42 57 14 12 38 -12 75 -28 -77 -32 -89 -38 -8 -43 64 -41 36 -99 57 -12 -88 -34 2 39 83 69 1 -16 -20 52 23 -77 87 -36 -74 -46 72 27 -81 0 -27 -14 -90 3 -31 91 -45 -14 69 -95 44 -29 -97 -8 13 28 9 -46 25 22 -39 19 -71 21 98 80 30 -88 -14 -15 59 73 -29 14 -48 -60 53 -91 -41 -14 -3 97 -80 -97 66 -56 100 41 -59 -17 1 -59 -65 49 -70 -60 -85 60 -48 -97 -81 -92 100 3 -96 20 -37 6
-21 88 40 -63 -74 -43 -30 25 -90 10 -20 53 -14 -52 26 36 -8 71 16 54 -18 26 -71 83 -90 -92 -62 -39 -80 -71 -76 92 -39 -66 32 -94 42 -16 29 -71 67 42 -60 -96 6 75 -4 -25 45 -34 88 -48 -11 76 -23 -7 -86 -75 100 -68 42 47 -34 42 -44 65 -75 2 73 -87 -87 70 -47 -55 84 -80 50 -17 -41 -12 -36 21 -97 -16 -40 1 13 -60 -75 50 51 -98 -6 -35 -95 15 8 -72 -45 -49 -27 88 -13 4 15 91 66 -97 44 -73 -78 -83 60 89 31 -61 -17 24 -51 -86 -88 -80 -20 78 -29 16 100 92 -1 80 87 77 -40 -44 78 -97 -8 -55 12 51 70 76 46 91 -29 92 -30 -40 -95 -9 71 94 -81 -59 -17 73 -93 89 13 80 -57 -42 36 -6 27 -66 -16 14 52 -3 -32 -65 -64 -32 6 -38 64 16 79 55 -60 46 6 -20 -8 90 2 -94 19 -76 -93 99 65 87 -79 80 -8 60 20 -24 56 38 -61 -26 14 -7 -28 -74 -32 61 -68 -88 -56 49 -71 -24 23 96 -65 -43 -86 -96 -77 -71 -34 90 -44 24 -52 -81 78 -94 31 -84 1 93 81 -22 77 -62 -58 -27 31 26 31 -22 65 -79 -41 -97 -94 -68 51 -26 29 92 -73 17 4 -57 -67 58 -59 3 93 24 56 6 -30 62 20 -4 -81 92 68 -43 42 -66 49 -8 93 0 -99 28 48 -83 26 -18 -41 35 -99 14 43 62 55 50 -74 22 -55 89 81 56 -95 -18 -99 33 38 -47 35 -26 87 -53 23 43 80 98 98 -61 -64 -84 21 58 81 -44 80 30 -31 -17 99 -14 86 98 87 -56 -68 -52 64 45 -6 -39 73 -72 59 -89 53 -47 69 -62 53 -50 -19 -54 -97 -12 45 49 -92 -65 25 86 41 45 33 -81 -70 -11 -4 -42 87 -52 -25 -91 -69 -95 -72 56 32 21 22 46 92 -96 -78 94 -88 -36 -61 15 -45 -46 29 -11 -86 52 -41 11 37 -20 3 36 -46 22 -94 -43 -35 -3 -54 84 97 -11 3 93 90 -18 -84 -1 11 -30 -46 -82 -47 34 5 41 -14 -2 -75 38 -52 -87 48 -87 -53 -28 -40 88 61 30 -28 97 -98 57 47 -11 52 -32 -79 -48 -39 2 87 -44 -74 92 -64 -50 63 -93 40 45 12 37 81 -21 82 90 -80 30 74 -81 69 -17 31 16 67 -24 -73 -99 86 3 74 -100 9 28 35 -20 95 -55 -6 -58 -79 -8 -68 -46 -16 76 -6 -35 -11 -19
70 -1 -90 -38 34 -88 -46 83 -21 -93 62 12 -21 94 -61 55 12 85 34 -78 -96 40 17 28 37 61 -84 -41 23 79 -12 31 -98 -73 -56 -50 74 -22 56 -50 -40 42 96 -87 -59 -74 43 -42 64 100 80 -4 -30 -44 -20 72 -35 85 -71 -79 -93 -48 -72 -55 2 -37 26 -1 -97 -68 94 81 -6 88 29 -4 49 -26 -4 -57 -72 -97 -52 -87 50 27 -98 92 -23 63 -37 43 45 61 9 -53 -85 -68 -9 -41 83 -66 -31 79 85 -72 -39 13 25 36 27 -95 -27 -94 7 -59 -11 -24 68 -91 8 -77 -42 -34 20 -11 33 85 77 55 34 -38 79 -59 -7 79 -79 50 16 61 63 16 -4 2 -61 -97 25 -50 17 -82 0 -20 78 -89 -45 -21 12 -47 3 -92 -30 73 -79 44 84 85 -35 73 -53 55 68 71 75 -16 12 66 9 -84 -26 69 57 21 0 64 -41 100 21 -63 38 69 58 20 -98 20 87 78 -58 84 34 -36 -86 -74 14 -99 -40 -64 18 63 68 60 -70 70 -37 -83 -96 -60 -28 -37 -7 95 -40 3 76 -84 81 44 -88 26 30 23 -34 -46 -11 -47 -49 -97 56 11 -89 79 -68 25 -78 -75 -3 -74 9 -69 -49 18 14 -15 -42 11 -37 -23 89 75 -79 -39 5 -25 6 25 -73 -6 33 -20 96 36 21 68 -8 -100 56 -47 -68 21 -72 -93 -1 33 -41 -71 -14 -38 -94 98 1 15 36 -58 77 44 74 -3 -24 84 -59 64 39 -21 51 -41 88 9 22 29 86 -46 54 -95 84 -8 -61 98 69 75 -1 -38 25 25 26 -5 31 -37 10 14 60 42 -21 12 36 -5 -60 -15 -18 41 -52 -3 -71 -53 58 -25 -23 -78 -26 -16 30 91 -48 -57 70 -87 -8 65 71 -71 58 -63 81 -38 -13 78 -33 -81 31 -93 52 87 33 3 84 -92 4 -28 4 -98 -19 -35 -32 59 -77 -21 -9 53 -54 -99 85 -36 -49 63 100 60 -83 -34 58 -58 -14 84 -74 87 81 25 56 -89 -39 97 -81 45 66 -58 -63 -15 37 -91 -77 45 11 59 -59 -78 -14 67 -1 93 -53 -63 16 63 -65 -53 -29 -87 65 -32 -6 -10 89 -72 6 -27 21 95 45 -92 99 62 -58 -26 -11 -29 26 34 -78 -52 -6 -62 -14 -67 94 -81 -90 -91 -15 -8 48 -17 -84 -51 -71 36 -2 91 41 -60 -13 49 75 -82 -37 62 7 -100 -75 -13 88 -89 94 -19 71 -23 -28 19 -89 -16 -36 -36 17 -34
-35 21 -1 -49 90 -85 -50 -11 -100 -40 -27 5 -83 -78 -20 -55 80 4 -74 -60 -38 -9 94 -45 -80 29 100 -45 10 -29 -9 -8 -60 66 -49 100 -88 -100 -90 80 -81 45 -57 -11 -37 27 57 -84 -16 96 -51 78 -61 -41 37 -14 12 32 90 -77 -13 63 -37 -16 -54 -58 18 -29 -91 92 -40 58 -16 -60 -100 21 -30 82 -42 74 83 24 38 -41 56 -23 -49 81 100 40 12 -41 57 3 65 99 41 82 11 49 -15 43 -90 59 -36 69 12 -21 -79 24 -40 -29 -30 -78 -1 97 -88 47 -100 -58 2 -21 81 68 -92 27 -13 53 63 58 48 -48 54 -91 -55 -75 16 100 77 40 -12 -34 -89 -45 48 90 81 5 0 45 -96 95 92 -54 -84 -53 -26 22 34 -34 16 99 -37 56 -26 96 -89 -35 65 -63 -90 -59 45 42 85 9 -28 42 76 96 -60 -88 -23 93 31 -71 -26 48 -45 40 -14 -45 -42 -44 77 -11 6 -24 6 19 -1 -70 -7 65 -74 -81 98 63 95 58 -93 -92 -36 -17 24 47 -22 -98 50 -3 95 -25 25 50 34 84 -17 -62 -94 -84 86 25 -81 63 -13 -57 -7 19 -67 84 -15 44 -86 -26 82 43 54 13 -34 53 -91 -20 -76 65 -20 64 23 -25 -45 65 51 68 -25 33 -34 -97 20 -10 52 -72 -32 88 62 85 32 -38 1 11 -41 11 76 92 24 -24 25 36 -8 -76 -43 -100 -38 -8 97 -57 -43 -15 -87 64 -17 -8 65 -79 50 -48 -74 33 -76 -65 25 -16 -69 -19 -22 34 -59 43 -81 -90 3 64 -81 82 -92 50 6 38 55 -26 12 -93 -9 17 51 86 53 -38 -36 -87 -72 -4 3 97 22 63 71 -81 -57 -2 -74 -55 49 70 -20 -98 73 -38 -23 -66 36 -12 -41 -87 -57 -62 -41 -25 59 69 -57 -90 0 100 -80 -52 67 6 -29 14 -55 30 -48 60 95 -91 21 -80 97 -57 2 25 3 -35 -4 80 -75 -88 -16 -36 -87 -76 -32 15 97 -22 -97 -51 26 -12 34 34 39 -90 -59 82 -80 47 35 -61 -33 45 -32 -63 -22 -31 -89 -15 -71 -34 39 70 2 66 -28 -29 8 72 33 49 -42 -35 -75 -22 -56 -37 -65 54 35 20 54 -78 -39 26 -2 -9 -32 35 -76 78 -69 86 -44 90 -57 -37 -39 27 -48 -64 -69 -92 -87 -67 -15 37 57 92 -46 11 -24 28 -84 -23 32 25 30 96 -60 99 -17 -86 29 -38 49 21 -8 -28 50 99 -18 21
-90 -1 -6 -22 100 61 52 -14 -98 -32 85 -91 52 46 -35 35 -99 51 57 42 71 41 99 -38 -61 -77 -99 37 -12 100 -87 -64 85 -35 14 -17 -24 72 -98 87 -55 24 8 -53 48 -68 -2 43 74 47 52 -96 3 -14 84 51 51 89 -32 30 -14 66 11 100 48 -36 -28 47 73 -19 79 57 -39 -47 100 14 -49 93 100 74 0 95 -14 -26 -78 -29 -59 44 -54 53 -63 67 -14 -10 91 -55 37 64 -56 -53 70 -51 -74 12 53 -77 52 -14 8 -34 -57 99 -16 -9 13 29 -61 23 61 -18 -69 13 7 35 82 31 -54 48 14 48 -13 -85 22 -59 -62 -57 -66 12 42 21 15 -51 -58 -53 88 25 -16 67 19 49 82 24 11 36 -60 -61 -58 -42 -62 83 55 -28 64 78 29 15 9 -47 -31 50 25 -31 -50 31 92 -80 -31 26 -2 76 -79 -91 -74 -27 -75 -47 29 1 88 -87 -15 28 -76 -2 -87 30 -34 -6 -54 -98 -41 9 -34 -58 46 50 -39 -23 10 65 100 -3 -100 1 49 -6 78 -75 63 43 -48 6 36 7 82 43 -53 93 -26 -97 -58 -86 27 -81 71 76 41 -49 38 -36 64 15 -37 -2 -46 -38 32 -59 81 -71 42 -48 12 -15 -2 53 39 -8 26 76 -35 93 -35 58 94 -42 12 -79 -48 -15 60 -79 81 -92 -57 41 -53 12 51 43 -58 10 56 -62 -52 -24 -36 -54 75 -3 93 40 75 19 -72 -65 58 -3 -92 19 98 25 83 82 -60 -42 39 32 55 -87 -30 42 10 -56 -42 20 11 -52 20 68 95 -52 -75 6 -28 70 48 71 37 48 22 30 1 -92 -37 -89 -97 -25 -29 -30 3 16 -59 -34 -95 -72 -27 39 -14 96 70 16 -30 -62 -35 56 52 5 -38 -22 38 -44 41 88 71 74 -69 36 -77 -1 -26 -84 -57 80 92 -36 -94 -100 -5 -76 51 93 45 65 -24 -23 -100 -41 -9 42 74 -3 -27 -65 -62 -39 47 48 -45 97 97 75 29 -26 75 -29 56 18 20 -100 -73 81 -39 44 -64 20 -66 -85 -30 -68 -24 2 -90 -52 19 -99 32 -15 86 75 -92 27 99 69 -88 -15 -58 -91 3 81 17 99 84 -69 73 -78 -6 -37 -18 -68 -41 -39 -35 69 74 53 -52 27 94 -66 -69 85 36 -36 86 -99 69 63 32 -88 74 17 64 32 -68 73 82 41 -78 -90 19 -76 -67 69 -15 72 -64 45 -75 39 92 96 -45 -10 -53 -70 16 -98 -90 0
-23 -74 16 91 -40 -56 -9 -73 89 93 94 -42 12 3 0 86 39 74 -9 -63 -50 -34 20 28 5 -31 -19 -63 75 68 -84 26 -31 71 -70 -78 36 89 -86 81 -34 8 -64 92 -42 48 57 12 -9 -57 28 24 27 -29 76 22 -53 56 62 -54 -6 -26 -72 -58 41 -80 35 45 58 -23 -30 -64 10 -62 -58 -39 -36 -15 -100 69 84 -29 42 47 -48 36 -34 92 72 54 -62 68 -54 -74 -34 -11 29 55 -35 -66 -6 -68 -36 -75 63 -53 -81 93 13 93 11 -83 -28 58 28 75 71 17 9 69 -73 80 -21 30 -21 -88 30 -52 -36 -48 -2 -2 26 20 -57 98 45 51 -7 17 62 -55 71 11 -61 -71 73 -52 -39 -27 62 63 -64 11 14 37 87 93 -51 0 -53 63 37 -88 -8 90 91 -17 57 24 67 30 -85 -37 -59 -54 -71 -6 -91 10 21 -71 86 -29 5 -98 -33 -40 -83 46 44 35 -68 67 71 -74 95 -88 57 80 -1 96 10 -8 83 -93 -99 -77 29 47 -43 -32 -84 -74 -81 -62 -22 73 78 69 71 -27 -1 48 -78 -38 -98 3 -51 52 -24 91 100 10 14 5 48 -43 71 -92 -74 -72 27 96 -11 -45 -85 9 81 84 73 79 -55 -45 73 2 -19 45 -18 -86 87 19 -56 29 -45 -72 20 -66 100 63 -23 -73 -20 98 40 19 20 -60 69 -39 -70 71 2 93 -67 -35 -4 -4 -96 100 -31 -98 -29 -86 -55 47 55 68 3 -24 -25 49 -72 46 12 -37 -16 -15 50 90 32 30 59 54 -51 61 73 -53 54 -39 22 78 51 53 10 -42 -1 -21 -9 26 40 80 90 65 94 60 -53 25 -17 -25 -72 -45 55 -62 -63 -84 36 21 70 29 -40 30 7 -63 17 31 74 20 -3 -82 90 -89 -22 33 66 -39 77 53 -58 18 72 97 -58 -20 60 29 2 99 68 42 47 52 -34 -36 67 33 64 48 81 -85 80 -42 -36 60 -42 50 -15 56 -97 -14 -49 52 -19 48 40 1 -70 2 -50 -78 61 -8 32 -56 -71 70 78 -58 8 99 99 -19 78 92 -63 56 64 73 57 44 60 18 -57 62 79 64 82 -100 31 11 -48 -99 -19 -98 -7 -89 -26 65 99 -80 23 -65 -9 -36 -18 -10 90 -5 36 78 -62 -45 91 -67 -24 -43 -79 11 -80 96 12 -6 -4 -81 57 -93 94 86 72 18 50 -52 -2 -93 -40 -75 -61 88 -38 9 50 45 76 61 98 12 -91 55 10 64
-96 -4 35 -43 21 -51 -60 16 74 3 22 86 -55 66 38 66 -44 -43 -75 85 44 1 46 25 24 -61 -31 -14 -100 -51 61 83 -89 63 38 -90 71 -69 -47 91 -59 67 36 26 55 72 -39 -96 30 -55 83 12 1 -21 -54 57 -58 -25 -41 -50 23 -18 -57 -79 1 -97 -13 -56 -52 15 -78 88 -42 10 52 -59 -29 9 -37 -81 8 82 10 99 1 36 -19 -35 86 27 100 -9 87 60 80 7 24 51 92 1 -4 -10 -60 87 8 -38 -47 -76 73 -64 -4 -3 -73 -24 -37 -7 -86 -69 -35 84 17 29 48 11 69 -35 -85 32 83 -84 -32 54 95 33 12 84 -31 -80 -1 5 -77 21 8 -85 -81 -72 46 6 -1 -30 -20 -70 39 -50 87 -70 -34 85 -57 67 69 -64 49 13 69 -24 48 34 31 -71 84 -25 30 28 62 17 44 46 11 89 32 -32 -96 -5 -76 -14 17 -79 -86 -59 68 77 -93 -95 -2 -100 -88 77 -96 -30 55 -4 33 -86 38 55 5 -99 21 -99 9 75 7 -20 -67 0 -47 -6 92 70 -77 38 -41 -48 4 -9 -90 -92 -12 85 51 17 -37 85 5 -90 -33 -32 4 42 97 1 60 83 33 -74 -98 16 -70 14 32 78 60 16 -74 -82 33 -64 35 -5 78 -56 0 41 6 56 -36 2 32 -38 -27 -72 -57 82 56 72 7 55 6 -16 8 52 88 -66 -34 77 -35 -37 -92 -90 -11 -45 -34 -32 63 -82 -76 60 -23 34 -97 -6 53 62 -72 -64 34 -90 71 1 -74 41 -41 -26 -6 17 -9 -54 -81 -70 67 -99 -54 31 10 -6 -54 -44 -79 -55 84 89 49 -91 58 29 60 -82 33 -11 -60 71 -45 -48 -28 -41 -84 -96 -46 73 78 -83 34 39 23 -36 -81 -19 83 71 79 -12 -46 -2 -16 44 49 30 40 94 -85 -77 7 25 83 -65 -60 57 95 94 40 11 -94 99 26 5 -45 -61 49 3 84 78 -46 -35 -80 12 67 42 22 1 -73 3 -20 43 6 -73 -71 -75 97 -96 94 14 10 76 77 15 -57 -27 -53 9 57 7 -71 50 -62 74 88 -62 -100 49 -98 -43 80 -22 -30 -47 -100 -11 -74 78 89 84 -18 -8 -97 -85 -31 -18 85 65 -91 50 36 32 -78 57 42 -52 15 46 17 46 -30 -13 100 57 100 26 82 -97 27 89 35 -38 -82 -41 -30 -32 -46 49 -24 -44 84 12 16 70 89 57 -14 85 -46 -9 -2 89 -95 47 -76 61 42 19
20 12 18 -48 -8 -65 89 -11 -9 31 86 -66 51 -16 -89 -79 14 -1 78 -35 -53 -70 42 -30 -50 13 15 -6 63 50 -77 17 -18 89 26 72 2 96 -31 -32 45 -13 -28 66 -23 51 -85 -13 -31 -29 -63 -58 -62 -6 37 15 -95 -4 24 -90 -19 16 -57 -1 91 37 6 77 -80 -41 -53 65 83 -71 -36 30 -9 74 -25 -21 -38 4 85 -28 -64 21 -100 9 3 25 -42 70 -75 -15 20 46 0 31 -85 21 -3 -97 -40 20 -67 11 22 86 33 68 -42 -61 19 -53 -19 -100 -18 -13 -18 -21 -89 39 78 -17 14 -75 19 -38 -88 -66 -39 43 -43 -55 53 13 83 7 -68 -83 93 60 46 -72 84 -2 14 -85 -49 -76 76 14 -74 -83 82 -6 -63 -57 8 -92 -58 -18 -34 -36 -61 3 -19 -92 -24 -8 -59 -70 1 -92 -33 -92 -81 15 -86 -44 77 -58 -92 -32 -7 81 84 -86 36 40 45 71 -17 44 26 -89 -96 61 59 -58 65 -25 -40 0 -53 -14 -9 62 70 -12 -37 70 50 55 25 -52 -70 -65 -79 94 -5 -76 12 40 43 -9 -39 -44 -50 -44 -53 -31 24 24 53 22 42 -36 -18 44 35 20 -58 95 3 -82 -6 -18 -56 -68 22 15 -75 96 91 -9 1 53 24 -51 -44 -38 -60 69 -2 -45 -14 59 57 71 -28 -72 14 76 3 63 42 4 -95 -92 44 -50 90 57 88 72 32 -73 2 -78 53 27 -22 -50 -89 34 57 93 23 -48 -27 -29 73 -67 -93 32 25 61 -20 -69 -35 41 98 -55 -49 -39 91 63 -92 -17 -44 0 7 -76 16 -22 -27 55 61 -12 40 -4 22 -63 -58 19 -5 -99 -87 -18 -31 87 72 -30 -83 64 -29 69 -78 -87 -34 80 16 72 60 -4 11 1 -51 41 32 -88 -25 -78 82 34 -98 -87 -51 30 -56 -24 -22 -33 -93 -91 31 -91 28 -66 41 -2 -45 64 -14 90 35 96 -52 95 11 -85 43 -10 94 -68 26 -89 39 33 16 -83 -60 -68 -27 -95 -97 -97 93 62 -34 42 -39 8 -7 -97 96 84 -1 85 -50 -44 24 -8 -29 -58 -39 23 -23 -49 72 -88 -23 -78 39 -7 85 -51 92 0 96 -59 6 35 13 -94 -14 89 -60 -42 33 -56 -91 -82 25 -12 -93 -56 37 7 22 -94 100 -21 81 81 16 22 -45 5 31 93 98 39 21 44 -98 -56 49 -8 93 -91 62 -18 -78 50 -20 -98 -97 -5 19 12 -51 37 -48 47 41 96 -81 -100
50 -56 27 -82 -11 -18 -9 -1 -96 7 0 32 98 -39 69 -23 -37 -81 -16 30 21 28 67 -49 -15 26 -63 15 -54 -20 -30 29 -100 -84 -44 -22 64 6 -13 46 -71 1 91 23 58 83 -8 -76 20 -98 33 -69 -80 -73 -16 -8 -21 4 79 -95 -80 -68 62 4 -75 95 46 -97 -89 33 -95 69 -28 -8 -19 -60 -88 63 -32 6 69 6 -26 -65 28 100 -34 0 71 72 44 -39 -18 -42 -71 56 -28 -5 -56 -85 64 -19 63 61 100 38 -32 42 14 -85 33 23 55 65 98 -62 -93 33 20 11 -79 73 75 17 89 -53 60 -26 -43 67 -57 54 53 29 -84 -15 -75 -16 -87 45 95 -25 -71 100 15 71 50 -92 18 48 74 -11 -23 32 -59 -8 -5 30 -26 -77 -9 -89 13 -80 -100 -21 -64 -38 -59 -16 -4 -50 43 -78 -85 -40 -92 -42 -8 -74 -26 -56 -43 83 -34 -69 58 -29 -9 -81 80 -85 25 90 -47 -28 5 18 87 10 68 79 -76 5 -34 -11 90 92 21 -92 65 -42 93 12 45 49 36 99 -29 42 24 22 -52 91 -37 -62 32 57 -44 57 0 78 -57 33 -72 -70 62 -43 49 -16 55 -53 58 38 -33 -30 97 16 -5 76 48 -88 33 -18 0 -73 69 -54 -59 23 61 90 -35 -7 68 54 28 -58 1 -64 51 -72 4 57 40 -49 78 -12 -84 -4 -67 1 -89 -93 30 -51 67 23 -28 -2 7 -96 -40 -96 89 -97 57 -88 -80 -52 58 -91 94 -54 -20 20 68 36 15 69 -70 -61 19 -8 1 70 -85 -82 -88 57 -82 56 97 48 49 -73 -82 4 55 -10 48 15 82 22 -60 -51 -77 -2 42 -94 48 -97 -50 42 -84 -89 99 -88 -67 -37 -28 -57 -33 -76 -33 70 25 12 -28 -41 -53 43 31 75 31 75 -63 -73 85 99 42 40 -22 -16 -88 11 -76 56 76 74 96 1 -71 -10 33 31 37 -84 -74 65 3 -51 20 -94 88 -92 33 88 -96 -85 -90 56 27 -7 -88 -91 -68 92 -70 -44 -40 -49 -26 -99 2 -79 61 40 -30 73 -56 -83 17 -48 99 81 19 -32 -44 84 -23 -22 -89 -93 40 40 -100 33 62 25 -58 86 -86 -13 -4 -89 -53 -3 27 77 85 55 31 86 -37 76 -34 -54 -69 -73 44 -88 70 -43 -63 24 97 64 -34 41 -95 -99 -14 47 17 79 -83 15 -55 -51 -38 -5 -51 90 -13 -97 35 72 -76 42 12 -20 -57 11 5 78 97 -40 -45 -60
75 27 -48 -41 89 18 -57 -32 -56 43 -72 60 -99 71 51 -4 -1 -70 82 30 -65 -87 -47 -23 -26 -38 -33 -90 43 -1 83 -21 42 -52 38 -76 -80 -54 -57 95 54 70 58 -56 72 61 -88 84 54 36 24 -64 -59 -100 25 67 -66 58 -61 -53 -67 56 93 -55 -68 32 -34 -39 24 0 11 8 -59 10 -25 -23 -93 -77 28 -5 75 45 79 99 94 63 13 86 58 -7 29 -94 -68 -86 -74 41 98 -26 96 -37 5 97 -30 22 -25 97 -43 72 -32 6 -27 15 25 94 92 59 77 7 48 -37 -62 46 -16 -18 -70 73 -31 -12 -100 82 -41 90 14 41 35 -88 -67 55 93 75 -83 -78 -97 37 23 7 93 -18 -15 -58 16 -68 0 -39 -36 -97 -87 63 8 -72 -23 -20 56 -80 47 2 68 99 -85 -71 -71 37 78 -35 12 -73 47 85 40 -71 50 -73 -93 -61 62 -34 91 -59 -39 -19 45 49 38 13 -95 -9 -67 -2 90 -51 -37 45 6 -82 -53 -74 -84 -85 2 -64 28 100 17 13 87 35 -65 66 -31 -88 -1 41 -6 18 -99 18 -100 56 25 92 85 -1 7 -25 12 40 -73 99 -11 97 -20 54 23 24 -31 -10 77 -7 56 -56 69 26 56 38 15 -88 -14 -17 52 59 7 31 18 -34 75 15 87 66 34 -12 -32 -63 94 69 22 -51 -10 -50 -2 -68 32 60 -34 -38 48 54 -30 59 -81 98 -1 99 -53 73 -52 -85 -72 19 45 -96 26 -2 24 -96 86 -42 62 -21 -65 31 28 81 -63 32 -9 -95 -7 83 81 -50 -35 64 -74 100 -52 -76 -33 -5 -88 41 -40 -87 49 11 -33 -82 -43 74 45 55 -95 74 -58 -59 -59 -16 -72 24 55 31 -35 -53 37 96 -53 50 -81 -70 5 9 83 43 -95 -32 37 65 45 -35 47 -14 -73 53 47 -48 -58 -91 73 59 -61 -63 -22 -75 98 84 38 -100 -84 -94 47 -22 11 -10 -76 59 -68 65 70 81 29 37 -21 -33 46 -58 -17 58 98 39 -92 40 -90 3 27 -7 90 -89 -88 9 -52 54 55 -21 -31 14 -78 10 70 57 35 -42 91 16 -69 13 -94 -31 -65 52 46 -61 4 78 51 49 -32 -68 -59 -99 -97 -10 84 77 8 45 -25 -85 -100 80 83 34 -38 -50 -24 -98 -23 -17 79 38 -34 -95 33 -93 37 -73 54 73 -67 22 99 -13 -44 47 6 -85 -67 96 97 2 89 -23 29 45 -46 -13 -7 -77 -100 -67 -52 36
76 -13 -73 90 89 73 -65 -31 -14 88 23 -96 -80 -43 -28 -22 78 72 48 -25 2 97 -24 -12 -78 -42 0 -28 41 -2 56 79 -37 -44 -28 -3 -87 22 60 30 -49 77 32 -80 -98 -60 -9 -7 -67 -74 -95 -34 45 30 28 -26 -33 54 22 -84 -55 9 91 -97 -75 -13 -94 -7 10 85 43 34 -35 -58 74 49 -38 -37 -21 -35 -26 28 -100 15 -72 -50 -63 -16 -86 44 -100 -59 6 -96 -48 -90 83 -42 -94 64 25 15 31 53 -56 -65 57 -18 -64 93 17 -49 46 -27 -61 12 -32 -2 -35 68 83 72 -19 62 79 -10 68 0 18 40 -59 68 12 14 -60 -100 26 -40 -94 44 -46 35 -75 -2 84 -62 62 90 -19 69 13 -9 -74 5 7 -32 26 -62 -34 -52 -1 40 44 -12 -29 -78 -55 97 -16 -75 60 92 1 -27 85 48 64 12 80 -46 -57 -87 -86 -47 21 14 85 61 77 54 -41 61 -43 -10 76 -66 72 41 8 84 33 -22 -67 33 -69 51 49 -22 -30 -82 73 -98 -62 1 3 47 -35 -83 -94 20 2 -88 -6 -7 32 62 36 -87 -43 51 40 60 -29 90 -9 -20 -1 -44 95 18 72 73 75 -48 -40 0 -29 63 6 -100 73 55 28 64 37 41 73 90 58 -56 81 4 5 -79 -37 69 -5 75 100 15 -76 80 76 -5 -55 22 -4 -10 -68 -93 -56 -83 -58 -95 3 41 -2 99 -1 40 -77 30 74 65 -75 54 -15 -57 -28 2 -63 -62 -76 -74 52 41 -53 35 90 64 -34 -38 1 -38 95 -42 -33 -47 26 -70 -93 -30 62 10 -14 24 -25 -69 74 -3 18 -55 -81 -77 -52 80 16 -44 -81 -90 -11 -80 39 -61 -18 -28 74 3 -55 97 63 93 -28 -30 -97 -2 88 -96 73 -88 -6 27 -68 -79 -35 -34 -89 78 12 -26 32 -66 21 46 31 -9 79 25 -69 -52 -18 63 3 -74 20 -52 -9 -44 -9 86 42 88 8 -95 0 39 75 -83 -99 -50 2 -57 81 28 -80 -55 59 -35 74 97 50 -94 34 40 -4 42 -34 -89 -64 0 -17 -78 74 -10 -68 48 -90 73 23 -90 -12 -13 34 19 81 56 79 -94 -52 -63 25 90 -59 35 57 -54 32 -31 -12 82 18 -60 52 36 -46 -40 51 -92 85 69 -58 -92 -39 48 -82 -90 33 15 82 -40 51 -32 13 -15 -30 86 -91 53 49 -28 -50 -37 34 -42 -100 96 -57 -56 63 -85 78 -14 -40 56 -62 56 36 16 64 92
-53 41 -75 56 -22 29 -33 63 66 -63 -17 -44 41 -12 -56 -48 17 -9 100 99 -59 94 -64 -36 88 62 -64 27 79 -31 -58 48 16 32 -26 97 9 -18 2 29 19 -74 -27 -43 -45 22 -99 93 -31 -18 -77 -2 -54 59 -96 65 65 -56 -96 70 -41 -33 69 -10 -29 -89 44 -99 -51 40 -95 51 89 -35 -66 -62 96 45 -58 80 100 58 -18 26 41 93 -72 -87 30 -21 15 -81 25 100 -29 5 67 41 -61 -81 25 5 90 -71 80 17 31 -76 -87 -53 31 93 -24 98 6 -63 -76 63 52 4 12 -59 59 -53 95 -36 60 -37 11 -1 -79 90 38 -55 31 20 -3 41 -89 2 81 49 -79 -32 72 -18 -78 -84 -92 -48 5 26 -82 48 67 58 -66 67 3 -52 -83 -80 -50 -91 33 -90 34 92 -97 18 -16 -7 -89 -73 -26 -44 -16 -13 66 -47 -78 -60 -15 -36 -100 43 -9 -70 98 37 -97 -29 -60 -52 9 60 -12 -64 -95 -25 -56 -16 71 59 6 -20 -31 -46 24 78 22 -37 -22 17 49 16 -71 -64 -89 -68 48 -9 -59 88 -100 -63 76 -23 40 -65 -16 -81 46 16 16 -30 -22 3 -38 73 -94 -86 -25 -41 -60 60 70 -82 -56 32 6 91 -19 -89 -15 78 21 16 32 -43 56 13 49 -66 -30 66 -77 63 -37 47 8 -100 62 91 -45 -55 -85 -95 -77 70 -24 -4 -12 -55 -76 15 -93 39 10 89 14 12 31 83 24 -51 -18 -88 -65 -46 63 -65 87 -11 41 -2 -27 -98 34 54 54 35 -83 -34 -24 -32 76 52 -88 28 -57 -80 45 -99 32 -64 28 15 60 -33 -15 -3 24 -70 -45 18 -17 58 -98 -20 55 -5 -2 78 12 -60 -34 60 -82 7 -2 70 -53 -8 -88 77 16 -29 -90 24 12 96 -47 17 -90 96 -98 86 -94 87 -99 2 -62 45 22 -10 -56 34 -77 1 -5 0 -31 -1 -44 -61 69 -60 0 69 5 23 -1 -47 -4 61 63 92 -33 88 72 37 -30 -79 1 72 -66 94 -29 4 15 -37 68 79 34 -25 20 25 -50 72 24 -83 -53 -75 58 -68 36 -100 -94 3 -67 -34 -75 77 -83 27 61 1 64 34 56 -68 -23 0 -6 22 2 -65 -41 93 -34 -94 53 47 4 83 61 37 -71 75 47 18 48 64 9 32 99 -7 -84 99 -25 -70 53 19 -73 66 63 -48 8 77 10 -60 90 91 -85 72 80 -29 -19 -80 67 -64 30 75 -50 -45 76 32 -39 -16
-81 -98 83 4 5 65 54 -80 -79 -73 38 -25 -20 2 -69 15 37 -31 37 13 -14 91 -14 -16 28 51 -19 76 39 62 47 52 -72 -81 64 -87 -65 40 -10 81 9 53 77 99 -30 29 61 -84 6 -29 -98 70 -92 -26 -39 -47 32 0 -81 40 -11 -84 85 80 -71 0 21 83 48 24 95 -52 -87 -62 -1 -85 25 82 -71 -47 28 -18 -74 -89 -24 84 49 -48 -33 72 -47 71 9 -74 34 46 76 -97 86 -45 -21 -70 63 33 81 98 -41 -78 -90 -55 -99 -92 21 22 -34 -52 35 55 -27 57 55 -55 49 -41 19 -92 43 -12 -100 -65 -86 68 84 -30 -49 82 -12 -14 9 39 -55 -74 62 -44 -65 -40 27 85 67 25 82 -61 79 -40 6 -69 63 7 28 23 -38 -78 -79 -5 -10 -56 26 -4 51 -6 71 -41 -2 -56 -66 -83 21 67 57 90 68 25 88 -36 34 -84 0 -23 7 -4 -49 34 -71 -78 -42 -17 -43 -55 -74 -61 -37 -75 -78 8 -1 90 -79 -94 -51 -83 -86 48 89 90 -43 59 -48 -11 20 -52 -98 -38 -86 92 -24 98 -47 56 -3 29 45 68 19 81 -43 25 5 -61 25 4 -39 63 15 23 -89 -14 66 -64 61 78 -29 -91 29 59 -67 -79 -51 71 -76 -16 54 -25 79 -83 83 -19 -59 14 -21 54 8 59 58 -71 -10 -36 90 -67 34 80 63 37 3 4 -64 77 75 29 37 17 73 -36 77 -30 -1 5 -23 -37 -1 42 63 -65 63 -19 22 55 -51 47 -88 7 1 67 30 41 40 81 23 -72 48 6 -82 44 24 -73 -52 -83 -68 -75 39 39 -57 12 -24 86 36 10 -34 -40 17 100 -35 -99 25 82 -57 81 21 83 92 19 -59 36 14 -58 21 -44 56 1 -70 62 53 70 -9 -10 66 -50 -95 23 9 54 88 96 97 66 -83 16 -100 -27 -71 -30 -29 -88 76 10 58 -54 -62 65 -39 49 76 98 -46 -50 92 2 -98 47 94 64 -62 -88 -70 -80 -44 38 53 -91 91 -74 -59 -14 -78 60 77 -13 -9 -83 54 94 -59 29 42 -19 -97 -85 -89 -99 -73 -76 -1 -6 14 79 -8 49 31 49 -98 -8 13 -88 -94 -44 9 -52 -72 -24 69 16 18 48 -85 16 -56 55 -96 50 6 78 -43 -90 -83 -74 68 -31 -3 -28 49 -3 31 -66 -60 -52 -88 -77 5 13 -69 12 -40 -4 -48 24 91 53 83 -55 75 71 -9 21 88 -76 49 -68 58 -40 -88 88
-94 80 74 -89 6 53 -98 -16 19 83 19 -94 94 -17 90 75 -13 32 -28 82 -28 56 -22 -97 -24 -11 -21 96 16 -12 20 -36 -41 97 91 -74 -27 -92 90 -32 59 -51 21 -90 -76 2 12 -68 -41 88 -9 -86 -39 -54 -45 71 -81 10 59 -68 -70 -11 -29 75 -60 -46 76 -28 20 -63 82 -17 48 66 -93 88 78 6 80 52 83 41 37 50 -67 -3 22 -12 96 62 95 84 -28 97 42 -88 -91 -29 6 -14 89 88 -7 99 -95 -81 -23 -15 12 -7 -45 -82 97 -13 89 20 83 -38 82 39 -52 -30 -4 -1 -90 27 18 73 -46 -73 23 99 34 -25 -20 52 92 -37 97 17 -68 82 -17 22 -24 -95 -29 83 -62 3 52 -14 28 -68 35 13 12 -33 29 90 -41 31 33 -53 67 69 4 -22 -42 61 19 -67 -55 -8 90 67 -46 91 -15 -20 -19 59 47 34 69 -26 -63 -75 15 30 56 9 29 17 92 68 72 -43 -56 97 -26 -58 -89 82 61 -76 -69 -35 43 -47 -67 -37 -70 -91 -2 52 55 -85 2 -26 23 -100 94 70 28 74 -47 -13 51 77 -16 -100 -30 3 0 63 81 45 -12 5 51 -59 13 21 94 -35 53 -84 -24 62 -23 51 -25 -72 42 -16 72 61 -56 1 -23 97 -69 77 -37 -72 -21 -50 1 56 41 97 -89 31 -39 -5 -92 -95 47 -93 -83 -85 -63 -4 -89 30 47 47 -16 35 5 34 0 -18 17 28 -1 50 21 48 71 -14 49 84 52 -100 87 -54 67 -93 1 -76 -96 95 53 -71 -81 -84 -99 89 41 -19 -16 -47 27 -26 -29 -23 11 -74 -32 79 81 99 -39 44 35 -3 -72 76 -40 61 28 -77 31 -84 -16 -30 -50 84 -62 26 99 -15 -37 -38 -51 -61 66 -8 -50 -11 -9 52 -3 33 0 25 40 -16 -37 -91 47 50 -14 -53 78 37 100 91 41 83 -41 56 -96 -13 59 13 -97 75 -97 -6 -40 31 50 -42 70 91 -98 -98 6 8 92 -67 -29 -98 76 39 33 -4 2 -40 28 49 27 -9 80 65 71 49 -18 -11 65 -89 45 55 -5 -90 100 -61 34 -88 41 23 -49 82 -16 -90 86 28 32 29 61 98 10 -13 -67 79 80 6 41 77 36 13 99 -77 -6 -100 -81 -46 96 -5 22 87 45 85 33 9 42 -85 -26 99 -36 -91 25 82 93 -7 31 -24 18 3 -62 -56 16 -95 -88 -2 51 -33 -28 1 63 -86 -27 -23 18 23 -99 57
13 -48 97 89 55 64 86 -92 7 -45 -80 26 56 50 -73 -92 33 -47 -50 -73 -12 -60 -11 -39 -27 -57 36 88 -84 -5 -5 10 6 -75 70 5 3 9 84 68 -65 -17 -3 -69 -1 22 70 -40 85 79 -20 18 -80 -48 27 53 -38 -74 -50 47 7 87 -93 41 -76 -3 -98 79 -93 9 82 80 -22 63 18 -84 -83 -19 -18 -67 92 77 77 -96 89 -50 18 -46 73 -79 -97 52 -85 -81 55 -48 -36 -36 83 81 -7 -9 -15 -10 -89 -95 65 50 57 -32 5 -11 -78 85 54 13 34 -6 -29 -67 14 61 64 12 2 -26 46 18 -34 52 36 -22 88 36 -96 18 -75 45 -75 -13 -17 47 93 20 -49 78 1 -96 24 -98 25 30 50 88 20 57 -37 8 83 -13 39 -63 90 61 53 -78 82 -65 83 65 89 -95 57 98 42 -36 36 20 96 42 72 -73 -12 -74 43 56 75 40 -62 -12 81 -58 92 -92 -78 -81 -38 78 -91 -96 -21 -16 17 32 -15 -84 -83 15 62 72 56 -97 11 26 -14 -95 37 -68 -49 -11 -21 -41 -13 32 -84 -83 -69 52 -41 65 66 -85 99 -62 -77 55 39 -35 -99 63 -36 -12 -55 86 -7 -31 2 -16 67 92 48 52 -86 82 -4 -94 -96 -38 20 -78 -98 9 77 -55 -79 -16 -62 -65 -55 -60 -42 73 91 84 -82 66 -18 -52 -25 -92 60 -80 56 -98 -45 -6 5 14 83 43 9 8 -34 16 59 -79 65 -36 77 78 -97 -38 -34 6 -84 13 7 -26 57 -80 -4 54 63 88 54 -16 -42 -72 -35 -61 31 84 90 -77 -37 -23 -27 -10 21 -7 95 -8 -31 -3 9 -7 69 6 -52 -75 88 88 -79 98 63 -84 -65 -22 -37 82 77 5 70 -8 -54 38 98 -28 25 -21 52 -46 -80 -2 27 32 -75 18 -6 69 93 45 -77 12 -38 99 -11 38 -13 -53 -75 12 -75 50 63 -25 -69 -47 -32 -5 36 40 -73 38 -41 39 11 90 23 41 -99 49 -66 74 -28 1 -42 93 28 -87 -42 -4 -91 6 -90 35 -36 -18 83 44 30 90 -46 -25 14 -1 69 -34 -38 -1 -76 -73 3 -54 -29 -29 -93 33 -20 -95 57 -91 39 -4 -48 46 39 -53 93 -100 -43 12 24 13 46 -88 -81 -20 -4 -45 -93 -100 -8 -86 -12 9 93 -67 33 41 68 51 -1 -44 -82 -95 -40 50 9 -16 -82 -34 45 62 -100 -13 46 -56 -36 -13 -91 -85 13 -14 -35 86 -31 15 -11 -44
60 -27 27 80 -21 9 21 -52 -57 22 -65 -45 -57 30 0 -85 67 -8 100 35 -30 59 22 -61 28 -48 -5 89 63 80 100 43 78 86 82 -18 88 1 -16 -20 -69 -61 67 -9 -23 91 39 -36 8 52 28 -65 82 55 28 -46 34 83 12 44 -83 19 -63 41 -32 -7 -93 -72 93 -61 48 35 -8 62 -70 -18 -35 -45 74 -47 -52 36 81 -27 40 -21 60 8 25 1 -81 70 11 7 -15 61 53 38 85 -60 53 -3 -80 -16 -41 75 25 2 -82 -43 53 -31 58 34 -53 69 -76 -78 -32 24 -5 -43 -55 87 57 -30 32 39 85 68 -96 -21 39 100 -33 -3 89 -45 -76 90 29 -1 -5 70 -80 -86 -56 53 47 -22 70 20 1 16 86 75 -29 79 -88 6 -84 -39 -97 34 -51 -70 -47 -52 73 78 -100 -17 87 -50 -99 -37 -74 1 90 -73 -95 3 18 93 10 -12 60 -79 -70 -50 -41 50 41 -30 68 34 -79 -3 -92 51 42 -24 -59 8 -27 93 -34 68 -58 -95 14 -90 84 83 64 48 -12 27 -38 -55 41 75 -69 57 -35 48 23 14 24 -79 68 26 41 -27 -17 7 23 14 -72 86 59 3 2 -9 13 -57 89 94 91 28 -20 87 67 75 39 14 85 13 -89 11 -9 2 -26 -78 -69 -33 -92 81 10 -14 68 28 -93 -68 -5 -99 5 -53 -64 -83 73 -98 -55 0 -91 -18 -55 -3 -44 48 39 24 -19 -82 1 -78 16 30 -63 -12 -42 52 -86 -84 -34 95 -97 29 -39 24 12 -60 62 -62 94 -93 70 20 -54 78 -86 -25 -84 97 -11 40 -43 76 29 -92 53 11 64 -19 31 -48 51 -35 73 -99 22 64 -2 -73 -63 74 94 -49 -67 -18 63 42 50 -21 20 -31 -2 -29 -38 92 58 -97 -59 -23 76 8 -25 42 -95 -25 90 56 -37 -89 75 -7 -87 56 7 -63 -57 19 -89 -81 83 99 -43 -93 74 -92 8 34 -27 -89 45 21 86 -3 79 -76 -14 67 -25 70 -21 81 73 35 65 -69 -39 -8 -19 -75 -85 31 60 -35 -18 -67 39 19 70 -95 87 26 -6 45 -51 81 27 -41 95 43 46 68 0 88 41 89 -16 -58 -23 -88 77 -2 -1 -52 53 85 -45 87 56 41 -28 2 71 89 82 31 -83 94 -90 3 56 42 -80 -86 22 -77 -97 -95 80 68 26 -82 -43 93 43 40 -39 -30 -78 32 92 -55 57 -78 -63 -5 44 69 -87 49 -74 -39 -26 -95 94 6
21 23 6 15 -9 -17 86 -83 30 -46 -52 -58 48 16 -68 -88 -47 91 53 5 -27 -18 55 88 -99 89 90 -22 -94 47 -27 -48 79 13 -60 -35 -45 -17 -91 73 7 3 -14 -90 27 100 -43 -36 22 99 -12 30 -11 -4 17 91 -83 70 99 83 27 83 -1 -17 -24 88 23 -99 22 -67 -81 -68 97 0 18 -18 -65 -24 -24 76 -77 -34 73 -54 48 12 -5 47 32 0 -46 17 -90 -82 -33 95 -89 16 8 -97 3 -72 -55 -67 -1 70 -35 60 -20 -49 -49 93 -97 52 -21 45 -30 3 -31 -9 4 -100 -74 -31 -18 -63 -60 44 -81 -70 63 56 70 52 99 62 -70 -79 -32 30 -3 27 45 -64 -36 -22 57 -42 -88 -6 -1 -59 -2 93 57 66 38 59 -65 36 -60 -7 -32 55 -66 89 21 -3 -9 -98 32 -59 -86 70 32 81 41 19 -50 -94 -6 13 64 -94 32 85 63 -55 -33 -69 94 -65 67 26 25 -87 -14 -17 64 61 -27 -46 -77 17 60 46 93 96 -19 -7 83 100 69 7 87 59 -89 9 -80 44 19 -15 73 -74 25 -56 -69 35 -33 -57 25 86 -86 73 -16 -57 43 68 3 -90 -48 -92 72 -56 -22 -47 25 -14 38 -27 -79 46 -35 -18 -23 59 -30 -89 29 47 -42 65 -3 -21 -78 87 5 -50 36 -84 -91 67 -18 94 -78 11 53 96 -16 -69 10 70 26 -94 -81 -12 -12 -87 -70 -75 54 73 -29 -12 -56 -93 9 85 -54 -36 13 -17 36 51 -96 48 -7 -70 -37 -97 81 51 98 64 -95 -68 52 32 -13 -25 41 42 67 -98 68 32 16 -19 -19 -81 -10 -83 76 67 22 23 -35 -51 96 86 -48 -87 26 -76 67 60 39 96 -43 -9 37 -53 -57 94 -95 -21 14 -100 -47 44 49 17 7 4 -20 22 54 37 -62 -16 -31 17 -21 50 49 -76 47 53 -99 -10 79 -53 -97 -59 -6 74 2 -1 4 16 -26 37 -24 99 -55 -33 76 -45 -17 -18 35 -85 -91 7 -26 8 -82 -88 56 47 2 -63 18 -6 78 40 50 32 70 -10 97 88 -79 77 17 57 10 -49 43 39 -85 25 65 83 -87 -74 55 -29 35 -22 -84 100 -73 -41 0 -6 78 28 -62 0 -42 85 -94 -71 90 -37 -2 43 32 -35 25 -98 27 61 27 16 -16 9 6 30 37 -20 14 -90 6 -90 1 -16 57 -100 -96 55 0 0 89 -30 89 82 60 -7 -91 -50 -95 95 7 -69 -56 62 48 44
-28 -58 -30 -47 41 -58 -60 -42 -29 -34 32 14 8 -35 42 100 -86 56 21 -1 52 -45 58 -27 -84 9 -50 -35 48 35 -56 29 92 -85 -84 -26 93 99 -19 58 79 9 -70 -62 79 -73 83 -18 100 -84 63 -60 74 64 57 -28 6 -79 15 -32 -64 -21 54 65 -55 -16 75 32 -68 -92 -43 95 -97 -22 -90 -1 42 -82 -59 14 46 90 36 57 -56 -100 35 -77 -65 -11 -82 -81 22 1 53 60 -21 -30 60 -1 41 63 54 24 13 -5 -56 61 -25 91 83 -22 9 -68 -17 99 71 83 85 11 50 1 -70 21 94 -20 97 -93 -78 -90 -12 -17 66 98 -38 -99 44 39 -99 40 -49 -61 26 43 -89 -80 -64 27 -84 -38 -13 64 71 23 65 90 91 -36 94 -84 90 66 99 4 -94 71 51 -40 25 -75 -34 -46 -96 -8 -41 -47 -15 -67 69 -9 -14 -30 15 -94 -49 73 -25 -56 9 -94 -78 -93 84 -51 51 95 -71 -74 -87 32 29 98 -82 16 -18 4 29 1 -47 87 -96 42 99 -70 82 -5 -10 74 -83 -69 89 34 90 -24 35 -65 -72 88 92 -78 -90 -31 96 -27 99 38 41 100 72 74 48 92 51 70 85 83 -98 99 39 -76 87 -2 -66 18 -20 -52 -5 84 -97 -78 35 -69 74 -48 3 -77 3 98 13 85 -18 -23 98 -58 -45 -41 95 12 65 -39 11 -86 92 -99 -5 18 45 -8 -6 -73 62 -24 21 54 62 5 49 -4 -68 -97 0 -21 100 76 -51 -3 -4 17 -73 -61 99 89 44 81 -38 -86 -28 -43 -49 35 51 91 97 -43 -36 69 24 97 67 -59 -96 11 -25 23 -94 17 -5 -10 9 25 96 44 35 -81 73 -6 -62 -69 -73 -47 -83 99 76 -49 -22 -66 -64 70 -97 13 -81 53 29 100 -80 8 -75 -8 66 -94 -1 -59 7 6 -93 -17 97 8 45 -3 90 61 -49 79 2 -18 18 -71 -32 -70 -69 36 -58 -21 -50 -86 -30 -23 66 -90 -61 -16 -80 -98 -63 -56 6 -48 12 -35 -99 -77 -42 -58 48 43 -89 -38 40 -55 -11 79 84 60 90 86 -16 1 -31 85 -21 -33 57 -32 -60 -2 -15 -19 -55 35 -12 58 -92 -69 65 4 22 19 21 25 -11 72 96 55 74 93 27 -33 -3 10 89 6 80 -77 20 73 -62 35 -48 -47 -2 -100 -93 -98 -50 -90 19 -60 -60 0 -4 23 39 36 50 85 -95 1 71 42 -13 24 -30 92 -74 97 -14 -48 -5 12
-35 -53 0 68 -57 20 -44 -75 1 89 -67 -93 -67 75 1 63 5 15 71 13 -15 -34 85 -60 54 -27 36 64 94 -98 72 44 -9 46 -37 13 -76 -84 41 -28 19 26 30 -100 90 -65 12 -33 -19 -28 61 56 12 0 15 23 -85 61 -28 -89 65 -66 -19 -99 -27 31 73 34 -91 -52 95 -88 35 76 -94 -92 0 16 3 -81 -28 65 -33 87 19 -5 -51 -33 -16 -60 94 85 24 -9 -44 -42 95 -76 100 67 -92 63 65 -66 59 -57 -4 -25 -96 -12 -25 45 -76 88 52 17 42 68 -22 -58 -80 -51 66 -40 54 -35 -44 -95 -72 74 96 -5 -95 58 0 72 38 -66 32 -1 93 8 -84 -14 -66 -92 63 67 40 -81 -22 -43 53 19 -48 61 -74 18 27 21 62 -9 32 26 54 45 -93 -77 61 -90 34 34 67 -22 71 4 -98 -16 79 -89 -40 79 8 79 -31 3 37 -69 -11 62 -13 -91 0 48 -75 96 90 -77 22 19 78 -57 9 -53 37 41 25 37 -48 6 -40 96 -71 42 -52 13 -37 -55 -37 53 84 89 91 -72 -9 -100 90 15 90 18 96 -25 5 95 -51 -1 86 -80 68 29 -88 59 99 -41 -100 78 77 93 68 -58 48 20 72 -23 -49 94 -67 55 49 -91 96 69 -47 31 -33 92 -50 -71 -27 -46 66 -1 -72 59 3 17 -67 -96 -71 1 42 -39 -10 -15 94 16 18 -19 -31 22 73 45 -57 37 -64 -93 -81 -61 27 -52 -20 90 -2 -3 83 89 -43 83 50 59 -69 92 91 -67 9 75 72 -17 73 -22 -61 46 -68 -79 -26 45 -15 -6 -9 73 -2 -29 -48 -20 67 41 -70 13 40 -26 33 30 -4 12 -51 -48 -84 84 -2 6 -50 -4 3 -29 48 66 22 -21 -16 15 57 13 -29 -29 -70 -69 -50 62 66 -65 -88 4 38 3 69 53 -42 73 -7 51 1 38 -98 -41 -19 89 14 24 20 -28 39 76 -59 -21 81 -88 -34 96 15 -35 68 32 -62 9 56 90 3 62 52 -93 -61 90 -86 -4 91 61 -52 7 -73 -85 -34 51 -82 -96 40 -87 -3 -49 94 12 -75 89 -49 -85 15 -94 19 -5 -38 63 -23 -79 -1 42 55 29 -70 -27 -100 -18 32 -23 92 43 -48 -69 87 71 -22 12 -64 -56 -16 -49 -48 34 -33 -94 71 77 59 50 -5 54 -15 -9 49 -35 -5 24 -10 -25 -86 52 8 40 85 -5 29 43 11 7 32 -10 -28 -14 17 -25 -40 16
-62 -26 65 -52 32 -25 -100 -46 -86 19 29 -73 -94 91 -41 -83 31 64 69 33 64 0 90 -16 -8 -46 -90 6 -67 85 8 51 -29 69 -6 -48 -93 78 88 42 58 -51 -12 -16 -90 -86 29 -95 -28 70 -37 -93 32 55 11 53 -78 -14 14 7 38 -17 -67 88 -23 60 -40 -74 72 -1 60 -97 -24 -79 -59 -88 30 67 -37 79 -58 -14 72 -48 4 -67 -40 -25 88 56 -15 82 5 33 38 46 -67 39 31 35 -21 -22 83 -5 -45 21 -64 44 30 -81 39 -80 -33 75 -98 -27 -17 35 -17 37 51 -52 -36 78 76 44 -21 72 -68 65 -39 -95 -50 84 -69 56 69 42 -63 -16 1 -74 57 -89 -31 91 67 -85 55 -39 -54 70 12 -18 83 -81 -42 -7 48 52 -75 -94 -33 -41 -70 -26 -23 84 58 68 -66 50 43 -96 -12 34 -84 76 -6 89 22 27 -36 86 85 -43 72 -61 96 -56 85 9 68 -45 -64 -25 85 81 1 65 -13 -29 -26 71 -90 5 7 -78 -95 -34 82 -2 86 52 45 15 18 -30 -84 -33 -13 -78 -68 -34 -97 -46 50 98 54 -97 -83 -43 -62 24 97 -83 4 -58 91 30 52 -90 -92 -29 50 90 40 95 -41 -45 -77 68 -58 93 62 7 -19 -3 -78 67 30 -13 -54 -87 58 -34 76 -90 -62 54 -14 -36 18 -74 -80 27 -10 -91 -13 89 -67 75 88 88 -1 -17 62 -59 -64 86 30 34 -31 -80 -38 2 -36 -63 26 67 100 45 23 37 -79 -72 -60 -68 33 -71 95 -90 -87 -69 -16 -36 15 37 -79 -87 -15 77 90 6 5 -19 22 44 95 -10 -22 -56 -90 -50 78 -91 89 -6 86 27 80 56 1 72 -49 88 -21 -38 -58 93 -40 93 -4 -5 45 77 -33 20 -79 -29 55 -80 68 -97 -77 -19 65 20 -50 -71 -56 -57 -2 -20 -50 -50 -75 98 69 26 63 92 -57 -13 -75 -43 96 72 68 -13 -37 -52 -49 98 30 39 -18 -20 53 32 -32 -31 26 66 16 -76 -51 43 19 95 19 11 61 93 16 -65 84 9 52 -13 -43 -25 -60 28 -68 -11 98 -19 3 -98 -75 86 -81 75 34 19 -71 -67 94 -39 -31 -10 -31 -60 -50 49 -96 4 -18 7 -2 -87 28 18 -23 41 94 -5 -94 87 -55 2 86 -79 -90 -86 87 93 19 -58 19 -45 93 -48 -48 63 -68 44 20 27 43 60 63 86 0 15 80 36 97 -78 86 57 70 22 -20 -26 55 50 -22 -100
4 -4 11 -56 -47 2 -15 27 6 -68 24 -38 -55 74 -6 78 18 -21 -57 -37 98 -33 3 47 -99 48 15 -35 -17 18 51 100 64 -2 -36 48 71 -30 -88 73 -81 2 96 11 -69 -47 26 -55 -79 17 8 74 -9 23 -90 67 -91 82 97 51 68 77 39 -56 -14 -95 13 35 -1 -12 -50 -8 -49 -42 66 97 -61 -5 -33 -37 4 -97 -33 -46 -85 73 -33 29 -16 -72 61 -50 -47 -75 57 -33 93 -71 -94 -30 27 9 57 -77 56 15 -57 35 13 44 95 -20 -61 85 21 50 89 97 -36 13 46 -9 3 13 -28 -24 -86 -27 8 -80 27 -51 31 12 -21 77 33 -66 -46 43 -66 -20 -2 62 19 4 -77 3 -97 94 -61 -63 -29 57 88 -51 -79 48 2 41 23 31 -28 -15 -67 51 65 6 -56 -49 -75 78 -76 43 -3 -41 -90 -19 72 43 74 59 81 -48 -72 64 7 -12 -48 -23 20 -60 -75 5 52 77 -78 -6 -42 -54 -48 5 -88 68 -43 5 -36 98 21 -54 -18 -48 0 -13 94 80 -73 -44 -64 65 -10 24 -82 100 -33 43 31 -37 45 3 7 100 19 55 79 72 100 -50 -87 -38 68 -85 24 -71 -40 77 -97 22 85 85 -49 55 -23 -88 -45 -81 -18 -75 -7 18 40 78 -37 -15 67 -78 92 61 -8 63 -7 74 81 -33 36 75 70 18 37 22 59 80 32 -76 48 -52 15 1 18 -1 -22 51 40 -48 -87 -20 94 -47 -4 -26 -65 10 35 -17 62 -3 -23 -57 -86 40 73 -85 -75 48 94 71 -59 -33 -31 -34 -88 -90 -41 -26 -90 -27 -87 -33 -10 -35 -55 -3 -3 32 80 -99 -72 -8 -27 -75 21 -57 100 29 -38 -56 -55 69 -27 34 -65 -87 -4 57 -11 -84 -44 49 21 -39 -79 -50 -22 -11 -5 73 -89 71 16 13 -93 -4 78 -97 20 -94 90 -51 51 62 -16 54 77 -87 14 95 -58 -45 -100 73 -63 -20 -25 -7 74 -92 -43 -4 31 22 -2 26 94 0 28 -8 59 91 -12 94 -56 -72 -37 59 -17 -61 66 -98 -75 49 6 19 -59 75 82 88 -82 -38 16 -14 99 -86 -92 4 40 -3 71 15 12 -99 8 90 82 54 -17 5 -91 67 87 96 -100 93 6 91 -57 -8 95 -99 52 11 -38 76 -5 74 61 70 -68 71 -70 75 62 -80 -32 -67 -73 -75 -6 -2 23 10 28 91 90 5 -25 -43 -79 -5 -18 36 49 -94 -1 92 67 -33 7 -68 -52 -84
-54 17 83 15 49 -24 13 59 -31 33 52 -9 6 59 -33 -58 72 94 41 -16 49 59 61 -50 54 91 13 3 -16 -15 -79 37 63 -99 37 12 30 18 89 -35 25 55 -49 57 -48 -40 -16 99 82 10 84 -31 -14 -11 -14 52 44 -32 -6 -30 21 -52 -84 21 26 74 -85 66 -19 92 -77 7 48 -27 9 78 74 -64 50 -81 -59 -38 -73 81 98 -37 -52 65 32 56 -82 -13 -43 45 61 82 50 -21 76 71 75 48 -54 -100 -56 -73 52 -12 -69 -25 -32 61 -72 66 11 53 -94 -49 63 64 -76 36 21 -48 -21 -42 15 49 67 -85 -68 50 -85 13 27 -21 75 86 -56 99 -59 42 -68 78 70 54 -84 -45 -87 -26 78 51 15 -26 -10 -47 2 25 94 -89 48 95 -82 -68 25 -32 56 -36 19 71 -62 6 41 45 49 -39 23 75 -5 -27 58 -40 -59 -96 78 -7 69 36 95 -68 -7 45 -18 6 49 73 -23 84 0 31 86 -14 15 -18 -86 93 68 17 -54 -50 51 -70 -4 13 20 73 57 -82 32 -20 81 30 -40 42 -99 -55 84 -10 72 61 48 -81 -75 34 90 -45 -72 46 -26 -11 -22 3 9 -21 39 15 -18 27 -11 62 42 29 -14 -61 27 -43 64 -41 87 10 0 91 -35 76 75 30 10 28 78 79 88 -83 91 -1 60 -90 41 -49 -93 -29 16 -48 -93 -66 87 -91 82 77 -29 -46 52 -59 52 85 37 -4 15 -7 67 76 -100 68 95 69 -33 79 69 15 -68 -36 52 37 7 10 -3 -38 -68 84 46 71 66 -8 -1 -2 -38 -38 -94 90 60 21 -10 69 -64 -47 -35 -47 47 -8 56 -87 54 94 33 -99 -51 -85 99 26 -5 74 62 -43 -79 27 86 69 59 25 -43 9 -3 32 -43 11 -50 -47 -8 28 -73 80 31 98 -49 33 -75 4 -33 -69 -55 73 -67 56 -88 -45 84 24 57 -32 -39 -31 44 -68 -22 -20 28 13 -3 -61 55 -2 -82 -1 -65 -92 80 26 64 63 88 45 -88 58 -81 68 -35 70 76 61 19 32 37 81 -32 36 62 -80 46 -13 62 30 -86 13 5 78 -75 -2 52 -26 94 -62 -4 -93 12 -54 50 93 72 -60 53 15 100 -61 -41 -39 -29 32 44 -74 50 10 36 79 -91 -32 91 48 77 47 -78 -37 -55 84 -64 69 -19 -91 -76 -39 70 18 15 -34 97 -31 -59 -41 -78 50 67 -88 -37 52 -100 3 67 -49 9 -3 70 -14
33 57 -34 98 -15 -57 68 -27 16 88 97 49 37 -53 54 -46 21 4 -35 -31 33 -44 29 -27 49 -11 -77 77 -54 -23 81 17 46 -64 -84 0 68 24 77 -41 -59 -83 -3 -56 -4 59 48 -63 84 -77 -74 -5 22 -33 57 5 71 44 -27 -19 98 67 72 -39 100 -89 96 -87 49 48 40 38 22 12 36 -81 62 38 -52 67 57 85 -85 -45 -14 -76 -66 -99 -7 -99 23 86 22 -26 -29 -17 -77 55 -87 -36 48 -64 92 -5 96 19 -43 -21 -76 19 -91 19 -61 -97 -58 50 -26 -21 27 78 -60 19 59 86 97 -94 -96 -100 -6 -5 -4 -19 60 34 31 5 71 91 80 73 48 -37 60 51 -4 86 59 76 -36 -2 -30 -24 9 -79 45 98 -17 66 64 -68 35 15 -78 -22 43 46 40 14 79 66 4 -3 -31 24 -49 -70 -15 -16 3 -65 -84 -77 -1 75 -34 24 88 89 -77 -44 27 54 81 32 13 -82 88 51 13 -27 100 40 -52 -56 67 -98 57 9 30 84 76 79 0 32 -61 -19 82 -22 72 81 -85 -67 39 92 58 30 65 66 -30 -82 71 30 -35 -19 -96 -67 52 61 -6 -2 82 31 8 -20 55 77 -68 -79 78 12 -80 46 33 -73 -14 -53 71 17 94 95 2 17 -26 71 89 -81 19 9 -97 4 72 -31 17 52 -77 60 82 -49 -43 17 -66 -2 -50 -57 34 46 24 -31 -65 18 30 -9 -51 -19 14 88 -73 10 -78 -97 -2 33 -1 -40 47 18 37 -7 -8 39 81 -36 -31 -9 76 -19 -3 63 -28 35 -13 26 73 -25 -4 12 -42 84 64 99 -71 -16 81 51 3 68 -59 16 22 -36 24 51 23 -37 -96 3 40 -76 17 72 -64 -15 -50 -19 3 -93 47 65 -46 -61 92 -76 17 54 -92 85 -27 57 42 88 93 -10 34 15 -85 71 53 -69 -50 -45 -97 -75 46 -29 46 32 80 39 53 46 29 -7 62 90 31 16 -20 4 100 -75 -82 -38 62 3 -63 85 4 -20 1 64 19 25 41 97 -41 -10 27 -95 72 -12 34 5 75 62 47 -78 32 2 -76 65 56 11 -82 -75 -28 54 81 45 -89 12 -38 -49 -87 62 12 49 -28 -92 -60 -63 57 -37 16 -83 -44 53 -24 5 90 -44 99 -100 -96 0 -71 16 43 -91 45 -12 91 -93 -92 27 0 -53 96 -7 73 61 -27 -73 97 -10 -15 37 -77 57 -34 -17 -72 43 -13 86 -13 -8 -74 47 76 -35
-97 -60 90 -38 74 -90 92 -10 -83 100 -71 -100 -69 -40 14 47 -15 55 -85 -56 -25 -28 -11 -67 3 36 23 16 -59 -96 38 24 -56 -52 -76 -42 -65 46 -81 98 -8 75 88 86 -71 42 36 -62 67 58 -45 94 -94 -54 -16 -84 -69 43 46 -57 -89 -5 33 66 -13 35 -18 35 -8 -66 -82 -9 42 -3 64 -70 -54 36 -56 63 45 75 -70 69 5 -29 -37 -70 82 97 -5 72 -99 40 73 37 75 -93 -53 50 72 55 41 27 -16 -38 -46 72 -84 48 90 57 -83 -67 -11 18 -72 65 21 66 49 32 -35 -52 -44 40 75 84 -64 -76 1 -23 -42 89 -93 72 -45 67 26 38 -3 16 -43 -3 -78 -17 79 34 -1 21 -68 -48 14 -88 3 100 44 -35 -48 60 -42 -78 -39 70 52 -98 -9 77 40 -66 -9 86 -26 97 -3 33 37 -2 -62 1 39 95 86 -90 36 -46 -31 -20 -88 73 78 -22 0 -60 80 44 -17 30 -37 -98 -47 -66 40 -88 -8 -13 -87 -85 -35 52 68 -2 35 36 94 2 17 28 32 96 32 -31 81 -67 46 -2 -38 -67 16 23 41 -92 -54 -15 32 -17 -63 -83 65 -1 92 98 10 100 -62 -41 -80 -28 -27 3 -8 73 86 -26 -83 69 -49 39 36 92 -95 95 37 -74 18 28 75 -9 -5 63 -49 -62 76 18 -78 -20 -90 -100 -27 -93 29 -39 32 59 -23 81 -33 -40 -72 -30 -64 47 13 61 5 -81 -63 67 13 91 -22 -37 17 83 93 -91 23 48 -74 -87 -8 -51 -85 6 -39 -90 -61 -48 97 59 -89 78 -68 -49 16 94 82 17 63 -50 62 -81 59 48 -47 -67 -6 -9 -60 -99 21 -23 -54 -47 85 -96 -37 -70 -97 -67 -12 -57 -72 73 50 -8 -31 -42 -11 17 -62 85 -9 -86 81 -23 -1 -9 12 82 66 31 -8 99 54 -86 -50 -50 -38 39 80 -71 -69 -53 -15 39 -34 33 66 -7 40 72 -42 -30 -75 76 -97 -86 0 38 -43 -1 -9 -76 -3 -54 85 -40 73 19 96 -57 11 -39 40 -20 -51 -7 -27 40 -59 -41 89 93 57 -71 -83 -26 -38 70 -36 -57 58 30 -14 -58 -35 78 83 83 -18 35 33 -21 68 -89 43 -52 -98 -88 -17 -75 -30 46 -100 10 -59 -21 -9 -24 -18 -3 48 9 42 -36 63 53 71 76 -84 44 -61 95 -24 79 -7 -74 -87 -87 -10 11 -9 68 -27 -87 90 -8 -93 -14 -70 -48 69 57 -89 16 -14 63 32 26
52 64 56 66 -25 -89 -81 97 -98 59 70 96 -79 -58 94 16 -56 -56 -99 28 -89 -25 -37 -10 -34 11 -41 38 92 79 26 36 98 -48 -47 94 -57 47 94 -58 77 57 80 67 -100 99 33 16 -9 -25 -5 96 100 -97 49 81 31 15 -85 48 45 -29 88 -36 54 -52 73 25 19 -71 -49 88 -6 60 35 81 -17 62 75 -75 19 75 -50 -61 18 44 56 29 98 -3 -15 39 -16 -62 -76 85 69 -100 -82 -23 -57 -84 78 -44 9 15 51 -22 -11 92 -54 48 -64 -99 40 50 41 -30 67 -12 -46 10 32 -12 2 -60 -9 29 -74 -38 43 16 11 2 92 -43 -76 -5 -27 -23 -72 22 -1 53 46 -32 49 -51 59 5 -57 -57 17 22 71 9 49 -32 -14 -53 29 -8 -52 -64 -99 -98 -29 39 61 10 -17 54 52 82 43 -42 66 -70 -55 91 -28 -87 19 86 -18 -34 84 -17 -21 16 -54 -64 -38 11 71 -88 91 74 -98 45 34 93 -71 -80 -44 -75 39 -89 -88 -95 81 -59 70 44 -25 -74 100 4 -98 73 55 -68 0 -56 65 7 -89 58 55 67 -22 -95 13 -31 -35 -60 -77 -96 -69 10 78 0 10 32 -27 74 86 -6 -86 -27 -6 27 78 100 -36 88 -82 -19 61 -83 -41 -48 -44 12 37 98 -72 -68 55 2 -86 -10 -89 -95 -22 -22 -24 6 -7 -66 24 -26 68 -86 35 -81 -87 -77 91 -51 -5 -25 -63 -30 25 -47 50 72 -30 -2 3 -39 78 -10 -96 93 -89 -26 64 -22 -2 -19 66 51 -76 13 58 7 -22 60 -7 -92 59 75 -95 34 -29 5 -53 -70 59 2 81 85 52 50 52 -67 -91 -83 49 -93 -58 9 -4 99 93 32 -87 47 65 57 -30 -62 57 -42 -70 59 74 99 59 58 83 -52 -61 -67 -78 63 47 -82 11 86 -89 4 19 -95 31 59 75 -98 -14 69 -7 -22 -52 81 17 -58 44 49 0 -21 -74 59 93 -26 52 -28 -56 -64 42 28 -95 -4 78 48 -18 -96 -93 73 91 -16 34 -43 51 -60 16 81 -18 -55 53 -51 40 96 73 -69 68 17 -95 93 99 61 6 100 -94 76 68 -59 -19 -44 61 -87 -48 -39 -21 -67 1 -54 30 -32 -26 67 62 94 80 48 -1 -29 86 79 66 41 -86 -90 -92 -32 -16 18 -56 29 -3 75 -15 21 -17 20 25 -10 76 86 50 -55 90 64 -95 -87 -58 -7 -71 52 -19 -54 4 -52 67 32 -56 -34 49 48
-96 -21 -4 27 -22 45 43 74 99 38 -61 -14 -65 23 -52 36 57 55 -25 9 10 71 -47 -62 0 78 8 77 21 -49 -90 -38 26 -79 97 4 79 90 88 0 82 20 90 19 -32 20 43 46 80 32 -19 60 51 -34 87 4 -11 -14 24 -41 9 -32 100 -79 61 54 63 -77 25 -38 82 -61 -26 34 46 -87 83 98 4 3 71 34 -55 39 36 49 45 32 -85 -59 -95 82 56 -4 -9 -51 -11 -48 28 44 -7 86 -60 60 -48 64 83 59 29 13 -63 61 -29 56 -45 -8 6 -27 6 32 25 -34 60 -53 -68 -34 -70 -27 76 13 -22 -61 23 -10 -93 6 60 39 94 -90 -63 17 21 -24 -75 44 -31 79 52 31 16 -24 22 52 49 20 30 -36 -62 39 -68 -54 31 98 41 -65 -80 -2 -82 91 78 30 59 14 46 75 15 -64 92 -79 95 20 -38 79 92 -13 100 -47 -39 -42 17 42 -95 -13 -67 -16 10 -39 -22 71 -83 -74 -5 20 49 -77 59 32 92 48 71 50 -9 -35 95 -48 14 53 57 -3 39 -77 2 -35 -86 2 5 -61 27 45 -3 -30 -29 -62 13 83 -20 -98 25 -14 -59 91 -31 -63 -15 -56 -6 -26 -24 41 -97 48 40 11 -43 53 42 46 19 16 -59 53 -55 16 -33 -58 72 -23 62 19 -58 10 -53 -76 -78 45 16 -13 6 -61 86 25 -73 -47 11 -84 -21 -72 84 -83 65 -18 73 -83 -84 30 63 -74 96 -30 6 -55 -46 86 75 90 -78 -22 67 90 -10 52 68 61 75 -1 6 54 29 -62 -81 -2 -1 -56 57 -62 -18 30 75 79 -23 -65 -23 -86 -74 -51 88 1 43 71 0 -9 4 -86 -6 -16 -12 43 61 82 -93 77 -70 32 89 -63 86 90 -94 46 -42 -92 16 65 -15 -5 82 82 91 14 -59 -57 -22 -30 6 -97 92 66 84 96 -97 62 -29 75 16 -84 -35 -100 -89 -42 92 30 -32 -42 52 -12 30 -68 30 71 68 14 5 -97 -32 0 59 76 -46 -66 71 50 26 -43 -51 71 37 26 -53 88 -33 -94 -40 -22 16 70 -36 -19 -44 46 -23 -26 50 92 -65 -28 70 85 -90 -67 -34 6 18 71 63 -93 11 28 -70 -19 -62 -67 -40 12 -98 5 -86 -77 -94 -43 99 -72 88 -98 50 67 -31 75 71 72 -99 45 31 -35 -77 -12 -67 42 -96 9 -83 -8 -6 27 -5 -6 9 28 50 80 15 54 27 75 -78 -49 16 -51 84 4
-71 -31 34 7 -17 -98 -35 61 -63 -89 -63 99 10 -28 -95 59 -37 73 -55 17 6 81 96 11 -52 99 -82 29 -83 63 70 -56 46 -62 -57 -93 -14 -98 -27 83 -52 52 3 99 -92 74 42 5 -72 62 -52 -65 -40 -78 57 -36 -48 -33 -47 -67 -35 1 -89 -57 -43 11 30 67 -83 -34 -2 59 -44 33 40 47 -60 50 -86 99 19 -54 -11 -25 -72 75 -35 3 -59 64 -48 -12 51 68 -45 -56 99 63 -53 37 59 46 17 81 30 -28 -18 -47 -4 -87 -71 95 39 54 -49 80 -69 -2 88 -89 -41 22 -43 27 -38 -9 51 25 -50 -59 -57 -72 32 46 31 89 -37 -68 -36 -99 -93 86 97 41 -17 -94 -76 -55 -7 48 -78 6 20 55 19 -78 8 78 91 91 -86 75 15 45 -27 -40 -51 23 26 -16 40 -61 56 -83 39 67 -50 -54 -22 17 -54 -88 -94 92 10 74 -11 35 89 57 46 -73 69 15 64 -78 33 10 -10 -20 91 -18 30 47 79 -30 -90 -84 -87 9 -79 -68 88 -80 -6 -24 11 -71 -37 6 -26 -67 -83 82 12 -96 27 -10 32 50 -53 66 -59 -58 52 65 48 -52 -17 15 23 66 85 -22 82 -47 93 -24 -6 11 4 80 -61 -53 -75 55 -37 -44 60 71 -58 -96 13 42 15 50 80 -72 48 69 -9 52 40 7 -32 12 -94 60 -25 5 43 27 3 79 -53 -6 -7 -56 -21 46 87 28 13 -86 23 -39 8 -67 -51 22 -82 -86 -58 72 -56 -69 -4 18 -71 -23 52 49 4 -56 71 -91 -33 34 41 70 -89 -47 -67 -46 -58 -33 25 90 31 9 -4 98 -41 11 69 90 -62 -93 -12 -63 49 66 14 -81 86 -97 38 -46 87 -94 24 95 66 13 24 0 81 -68 29 -19 -50 51 78 36 75 82 -30 77 -89 94 49 89 21 48 66 -44 72 -57 83 -61 -28 95 18 -24 -41 -27 50 77 -90 -84 -68 8 7 5 27 -37 1 50 -76 -63 3 1 -33 49 -56 -40 70 57 -71 -99 29 -95 3 -1 67 -92 -40 -34 -48 0 -8 -13 -83 69 63 -64 85 -86 -99 9 54 95 -60 54 9 -90 8 93 100 -81 -89 13 -43 -91 -49 -38 -82 -9 53 -1 -86 34 -50 50 -20 65 -72 83 -64 3 -28 -3 -49 98 -88 71 53 69 11 39 39 18 -31 27 91 39 -7 34 -20 -64 -28 -57 -85 -36 -27 87 44 57 -84 61 63 63 19 73 14 -16 -12 -3 5 30
61 9 54 30 6 21 33 4 -34 -87 14 -7 78 7 7 7 -33 -16 -77 -38 -89 -39 96 7 66 47 -90 -82 45 13 -92 23 -91 85 93 4 -57 28 -93 -100 63 11 82 -85 5 23 -81 -60 -75 -62 -67 -100 -90 -89 -36 -95 83 5 40 17 91 -69 12 51 -92 -41 -25 61 47 11 -74 61 1 -13 96 -37 42 -30 -33 -29 -75 -56 87 28 27 -16 -8 -46 -28 -46 51 32 69 26 10 26 -75 -22 -3 -44 25 80 -42 -77 99 76 17 -93 50 -61 72 -83 -20 43 83 -39 63 -11 -26 -88 -69 -11 -31 29 -33 -90 89 87 -69 -62 13 31 33 54 -47 -59 -94 16 87 72 -18 13 55 65 16 7 43 -57 -47 -15 70 -66 -69 -53 45 -38 9 -71 18 -5 -26 -67 64 28 99 -48 -70 -61 -73 70 57 -92 61 -91 -14 -100 21 -45 -20 -17 -14 -6 -5 -63 -34 59 -68 -34 24 -43 44 -74 49 -47 -27 -22 91 12 -61 -66 4 -59 17 69 -62 83 -29 24 22 56 -76 76 65 -63 -13 -16 -19 -55 -98 11 -64 -38 63 85 -52 -58 13 16 23 -39 -42 28 -16 14 -13 -39 -36 33 -13 -12 -14 -44 -72 27 67 -27 39 -33 -68 -56 -6 -18 40 -34 42 -100 37 42 -27 49 -55 86 14 19 -79 97 -12 -54 15 -16 37 -39 -51 5 -92 100 -79 50 7 37 88 -64 59 -45 48 6 -48 35 -50 -85 6 83 -71 38 34 62 -86 -93 74 73 40 -30 -24 76 41 0 22 -57 -16 -90 -100 -7 60 -77 -100 61 -33 27 -97 2 57 -10 -55 64 83 -46 -36 86 75 7 -61 -39 72 8 37 84 -76 -13 5 -6 24 -47 100 65 -54 -43 -83 -10 -49 55 11 22 23 -52 -50 81 58 -70 -3 -41 22 -46 -40 -100 -33 3 -71 -49 -4 -88 83 10 -62 -10 -100 -31 60 58 77 -9 -94 -1 -28 42 -38 72 81 -36 -53 -61 -84 68 -42 -43 -100 -79 27 -45 39 -86 16 -84 -76 -46 32 23 -29 50 76 -88 51 93 -4 86 -37 1 -81 18 -85 24 46 33 -16 -72 62 -81 -98 -78 -49 -6 -19 -25 -31 -6 30 18 34 -96 60 0 -82 20 -44 -96 -26 5 32 -27 -82 76 -80 -20 19 -24 97 -13 -47 -78 -91 -33 -5 -27 38 60 66 69 -28 36 81 92 -94 -1 86 33 49 -79 21 -32 96 -71 -43 49 -98 -46 -5 -69 -78 -17 24 -17 60 69 73 80 -17 -9 55 51 54 -89
-47 68 -98 31 46 65 -25 -91 -59 -6 -75 -58 29 26 7 78 -14 -67 -48 21 -32 -87 60 96 92 4 4 -6 -25 49 83 -7 31 -84 99 -88 29 35 37 -99 47 4 -47 -47 -39 -34 36 -2 94 4 -26 51 83 39 -6 -87 -22 94 48 90 96 -16 -39 3 -65 7 -90 -92 -85 -37 -2 64 46 -74 98 2 -87 -17 66 -88 -50 12 64 -90 -52 -53 22 50 -70 22 -61 -24 -27 -75 -63 5 -70 29 18 -34 46 21 82 -43 -29 5 -69 -77 -6 90 -32 92 41 8 31 -72 -66 14 25 -88 53 -35 -4 47 0 93 -24 -54 -17 75 -12 24 -100 95 72 -51 37 -38 64 3 86 81 7 94 -83 -92 22 -78 10 -24 -26 63 -29 46 -30 -54 1 55 -88 23 -16 -31 86 51 25 -30 27 22 -49 -68 -38 -94 71 -68 -18 52 -56 9 20 -2 -25 -86 13 12 35 32 51 -11 94 63 2 -57 35 68 -47 42 17 -5 -77 72 34 22 -8 64 -86 64 -79 47 78 7 56 28 10 68 100 -16 73 92 62 -47 -100 26 88 -57 10 32 -94 -21 9 33 13 14 36 4 90 -57 21 91 -67 43 -75 -47 -1 32 7 84 -58 -94 94 -3 -58 2 8 -60 16 94 -3 -89 99 -71 23 67 -59 34 77 74 -59 -21 14 97 89 39 91 67 30 -69 50 92 45 -28 62 -18 1 -92 -17 -83 23 56 -20 42 -50 -13 8 -96 -42 -82 -57 26 -60 -91 80 -1 66 31 24 -35 -2 19 27 -8 39 29 90 0 -22 -47 -45 36 -9 76 -81 -47 -47 -75 -66 -45 9 47 84 -49 -70 93 100 87 -6 -73 14 -98 63 27 -36 -21 77 8 -34 -47 -27 9 -60 14 -27 -13 42 61 59 61 20 3 -93 14 -50 61 -29 100 -70 -42 -13 90 -76 36 -53 -43 75 26 36 -65 55 20 -2 -15 -15 -95 -44 -64 28 -51 -87 87 -9 -18 -70 -69 -39 91 -63 -35 87 -21 81 -18 6 81 -8 -7 -45 -68 -4 -72 82 57 -62 31 -71 -9 7 38 -4 19 91 34 -21 -12 75 -27 71 34 -72 90 41 -76 31 -80 -4 -75 -3 77 -61 -36 72 63 -5 -19 -33 86 50 -56 3 75 14 -45 2 99 50 10 100 63 -43 -58 -1 99 59 -35 82 29 95 93 -13 -19 59 -50 -79 90 24 -17 97 -54 55 2 -79 -65 -25 92 -28 -86 63 -50 44 -40 -58 -44 -58 77 99 -35 -35 -10 -66 43 80 78
43 -82 34 9 -72 12 97 -95 -26 -81 45 -54 39 -35 -27 -45 23 -49 72 54 -17 82 61 70 71 69 -1 53 -33 65 -98 -32 35 49 -57 -84 -20 28 -48 -6 -12 -74 75 -63 -20 -39 -72 -92 37 57 -64 65 95 -4 39 25 -19 -39 60 -33 95 -1 -13 -7 95 -53 -27 -48 -50 34 -64 40 7 32 78 -59 79 -91 47 91 -80 71 -64 33 -1 47 -66 71 -87 58 -12 -68 -14 -55 -11 -90 17 61 -51 69 51 -63 -94 -80 -80 42 84 3 79 -25 5 -85 -86 -84 -78 -2 22 3 80 29 97 65 75 -88 18 10 -1 -2 24 94 -91 62 -14 -27 -75 -77 29 78 67 -81 98 63 -65 -86 34 -98 90 74 -22 -40 90 -50 11 44 -14 61 -72 60 94 2 -74 -11 -29 -93 -49 99 61 74 13 -35 51 21 -25 46 -47 87 -19 96 90 -44 -57 47 15 19 -20 -55 77 1 -32 90 -1 82 54 64 85 -11 62 83 3 19 -26 -21 -87 64 55 57 -21 58 -59 61 15 -28 -22 -78 81 -73 -57 71 -38 -75 -100 31 36 100 -43 -88 -41 -94 -9 16 34 74 85 -28 62 -34 -25 -65 -84 52 47 46 7 -86 90 -2 -76 -67 -7 95 12 68 -59 -97 -47 -91 -44 -18 85 -77 -88 39 91 -94 5 -4 16 -50 72 13 -96 -74 -62 84 69 65 -16 65 -89 -79 -80 -73 -5 30 -94 90 -48 -75 -97 -9 -24 -22 -39 -55 -22 -57 64 55 36 -100 -72 -89 47 -60 71 -92 49 71 69 -45 -79 67 4 -84 48 47 45 45 -97 53 -53 -2 -100 -58 26 91 35 10 -67 -33 26 -56 39 -52 98 82 -88 16 -80 14 9 93 18 14 97 -16 7 39 27 99 94 -18 1 76 -27 93 -35 7 -93 -85 70 -42 74 48 -86 93 82 100 36 -73 -42 -99 -1 60 -43 61 51 -34 -34 31 -70 17 -62 75 -56 30 -31 -16 -99 4 5 16 41 74 30 -10 90 -1 -32 48 -29 7 18 -27 87 38 91 77 15 -27 64 -85 -3 30 -59 -9 -60 -56 31 31 -88 56 -60 3 -71 7 -90 -84 94 70 -27 -90 83 -75 85 69 75 18 -17 47 17 -55 66 23 60 17 -23 -44 -41 -9 -10 -84 19 -20 39 99 35 -58 -9 -18 -47 43 -95 93 -65 32 -43 65 76 30 9 -66 46 -60 -21 76 -71 -3 -86 -44 -65 -37 22 -81 65 -45 -59 29 7 -92 -98 -33 58 -68 -81 49 -74 -48 -9 11
43 -79 58 28 -87 70 -85 4 78 -11 -45 32 -49 11 27 -9 94 1 -93 -74 35 -99 91 -61 -4 71 -76 84 -23 36 90 2 -33 2 53 62 -25 -96 -53 42 94 52 -70 10 -5 11 -82 -6 -1 -55 32 -13 -77 13 82 9 -67 -76 100 -3 -11 62 -98 64 22 -13 10 -1 28 -39 -93 -36 91 77 -36 -71 -12 67 81 78 -65 57 3 -38 32 -57 -52 -58 89 98 -63 98 99 47 -5 -30 -92 41 -79 -10 40 -2 -53 -68 -67 -71 -51 5 -40 100 49 93 70 -30 -46 -18 51 87 -47 44 -54 10 19 -56 -59 99 -26 80 -94 -66 -70 -62 13 -57 -59 53 -44 30 -39 68 -29 48 0 -34 -35 -31 6 13 50 9 97 8 55 63 65 32 32 88 -51 -23 -24 -97 -97 6 47 84 -85 -5 -100 -94 53 -36 -10 60 -87 -31 87 -55 29 -24 48 -85 -81 63 -89 62 32 38 -91 -61 85 15 30 -44 34 91 74 43 15 1 23 -46 57 -17 64 -2 -43 48 -76 78 -69 65 -41 -98 100 11 77 -73 80 49 -60 4 13 -84 -49 -23 8 -51 -60 -72 -5 77 3 10 100 43 -16 -30 -69 -21 -23 76 -56 -40 -80 70 -67 100 -36 -98 -75 66 -13 7 94 -7 -85 -92 62 40 76 94 -31 -96 -32 52 -6 24 -34 -99 71 -67 13 8 83 -73 -42 89 13 91 -49 84 41 -23 94 -71 17 -69 -78 46 -79 23 -12 75 31 94 97 56 42 1 -79 43 -40 16 -21 16 -80 7 66 -50 60 40 38 -70 1 -14 -68 99 -66 -97 16 57 6 -35 82 85 -18 -13 -37 35 55 -1 88 91 -99 -100 -78 93 5 18 56 46 33 -91 -48 -41 -50 32 -82 -73 23 -29 90 -40 76 36 29 -59 -14 39 -17 78 -61 -32 65 87 0 7 59 93 30 -51 53 -26 48 6 -88 97 12 13 69 -21 -81 -70 77 36 50 -66 -15 -18 -87 -69 76 77 15 -55 26 -66 65 34 52 63 -31 -90 38 -72 -35 54 64 82 -21 22 33 3 -89 -17 -95 -67 37 -95 -10 -68 -14 30 -94 76 -57 -55 -12 85 -62 -89 29 94 17 -74 -32 43 -5 19 -26 55 -84 -17 61 74 33 -27 21 69 96 -20 -59 -59 25 -50 5 18 4 7 -44 22 59 16 -43 60 -31 87 35 -31 -72 31 -100 -17 16 -54 36 -10 -74 -36 -37 63 17 -5 84 -40 23 77 84 -6 56 92 59 -77 64 26 98 6 73 45
-13 51 56 -47 55 -14 37 -75 71 46 65 -22 -35 53 43 28 -95 -27 -35 96 -42 -2 38 -33 97 9 -40 84 52 -28 35 98 -98 -58 21 54 4 -23 38 -65 -76 69 -4 100 30 -41 61 60 79 46 50 -92 96 -39 -8 -81 65 10 75 20 -73 -56 -70 -28 -59 16 -80 39 38 -75 49 89 -31 93 50 34 52 41 -71 -32 -56 -83 60 -11 -53 8 -12 79 78 -92 -71 16 40 -42 -28 23 -95 56 -46 -74 -64 -90 -60 -86 -36 -90 35 -81 -25 -14 84 5 -76 -34 -41 -51 40 -100 42 39 78 -3 98 -1 -17 -3 -48 79 -47 98 90 -92 -49 65 -78 -46 -28 24 -38 42 -85 -64 -59 -86 14 -39 67 -6 67 48 14 -37 -84 68 -24 69 -81 -22 92 54 -35 -9 -18 -89 -46 77 89 44 90 30 -22 14 72 -91 71 14 13 -38 -87 -50 -48 -82 74 -80 57 -84 67 -4 -7 -97 32 53 48 62 -94 -54 -91 54 36 -70 86 58 98 38 -43 7 -30 -99 -63 -75 -49 26 -86 64 33 73 -75 -91 -24 59 79 89 -97 -89 14 -71 8 74 -71 6 -96 82 99 91 -73 -23 79 17 49 -9 -56 79 43 42 -56 81 -78 -32 39 73 -50 -40 -53 -74 -65 66 -89 56 78 13 -73 4 -38 77 69 -31 22 -84 57 -61 -54 -45 28 -37 -31 34 -48 -60 89 -54 16 -56 4 12 2 1 7 92 -1 26 61 -71 -1 28 75 -21 -36 46 33 55 -90 -28 76 15 -12 97 94 -81 -16 -54 -24 68 -33 44 14 -13 -92 95 -67 72 40 76 76 -93 6 -93 -20 -60 -94 -32 6 97 -61 10 -4 -83 -85 5 -70 65 -93 5 -57 82 47 -23 44 -75 67 97 -3 45 52 -38 10 15 -95 -34 -34 44 71 44 31 46 61 56 85 -71 0 -85 97 50 -37 -35 85 -84 -78 44 -81 16 94 56 -18 38 -39 -77 -25 -98 76 0 30 -89 -72 -70 9 17 -95 -64 -76 38 -25 8 69 -25 58 29 21 42 -53 43 -47 94 -45 9 -57 -49 -67 -97 -6 80 70 81 -93 -33 -94 75 -3 -29 50 -33 97 30 -35 -16 -59 71 -47 3 26 40 100 11 -86 -87 29 63 -81 21 33 36 -10 -36 4 -34 -7 76 16 31 14 -39 37 96 36 17 77 87 60 89 -8 -41 -41 11 91 -29 39 77 96 63 -33 -87 16 -39 -81 91 -82 -98 -61 60 2 63 -85 -25 -7 -5 -57 14 -89 26 57 -41
15 -58 30 15 91 16 2 -39 -7 -69 30 27 82 47 91 -63 42 60 -20 27 -75 -96 -71 -67 -82 21 -8 -58 63 89 -97 31 20 -78 -6 -5 73 -38 -83 63 86 8 -59 -59 91 34 -31 23 34 -2 -5 41 -19 69 -47 2 -81 -35 -80 -31 52 -25 46 -73 37 21 97 72 -19 39 7 8 52 -92 -57 41 24 31 -15 11 -75 25 78 31 9 44 80 63 28 75 47 -60 -46 64 82 71 56 76 -44 -44 -93 -85 5 -1 48 49 31 7 -89 -77 -16 68 17 -32 -50 26 -32 66 -40 -5 60 -39 25 85 48 -55 -52 36 -74 5 91 7 -23 -68 92 37 19 51 -37 -58 15 -47 62 85 99 -31 75 26 47 3 -1 -79 69 -46 -64 36 39 -15 -28 -72 47 65 82 -67 -55 90 -21 -63 -88 62 10 -97 -92 4 -72 -45 -98 29 -22 80 61 2 42 -3 -41 -32 -40 3 -28 -17 -35 57 52 -68 -86 -49 -59 -70 85 60 -100 -1 -77 -49 44 74 23 40 -52 -90 62 59 -49 54 -16 58 -24 -9 26 -91 -65 -85 -47 88 -87 22 -50 99 24 100 11 88 -47 28 -10 62 -89 91 44 -26 -36 -59 33 -56 55 -88 10 48 -88 -73 -15 76 -18 19 59 -3 47 -69 -26 64 -50 -55 9 -34 8 63 15 -54 -48 48 75 40 65 30 76 -39 67 -10 -1 -47 31 -33 -64 5 57 24 -88 48 85 23 -62 8 -43 22 -46 -23 -39 58 37 -79 14 83 44 62 94 32 -80 75 -84 8 50 22 35 45 41 -78 -64 -68 -58 45 -28 74 2 79 -94 -39 60 -57 -10 31 100 -85 14 84 -37 53 95 67 -4 66 63 -96 -86 -48 66 -86 -16 -52 -72 -35 -92 86 -51 18 -58 -28 22 -65 -62 -29 4 23 -46 -90 -60 -1 63 -13 58 5 -13 -67 78 100 10 -37 -48 11 35 15 40 54 -19 -14 -78 86 -36 40 -23 49 -54 -1 -55 62 -89 42 -97 -24 94 -22 -14 -25 -3 52 -30 86 -86 9 -45 71 -64 -83 29 54 -53 -10 -60 28 -61 -15 -7 -76 -74 44 26 -23 39 -82 73 54 16 -9 -80 -32 82 -36 -94 -78 52 91 -52 39 20 -70 9 43 -99 -70 7 -93 76 -16 -23 92 -55 62 23 -56 -57 52 -59 16 30 16 80 84 27 -69 -34 97 -33 11 79 -25 35 43 81 8 -47 -89 70 10 50 83 -3 10 71 -50 -45 -71 -47 -86 80 -75 -99 67 -84 27 42 -71
-37 -25 -99 -98 58 47 -86 -51 31 -98 57 45 -99 72 -73 57 -64 -72 -19 74 -1 -17 93 -21 -5 -87 90 34 15 21 -38 5 -75 -51 78 -90 39 88 51 -38 -44 -21 -14 65 93 15 41 -19 52 3 -52 -51 -64 32 96 84 -74 -45 74 74 -71 24 -11 90 -74 -19 83 -87 82 -39 -21 41 99 -83 36 97 -37 19 -41 -29 -81 -23 98 -82 -42 99 -67 -62 71 57 9 30 58 63 36 -4 -56 -7 -39 -6 -17 -60 -77 23 64 -25 72 52 5 -90 -42 96 55 -98 32 7 -16 -58 1 21 -84 56 81 -30 80 97 -14 -17 -42 50 -38 -95 -12 -45 93 55 -48 63 41 -57 60 -17 -14 41 11 52 33 -5 82 30 -15 82 26 -77 -8 55 58 59 99 44 -65 41 90 -72 -69 88 -47 -1 7 -50 80 -26 -68 -59 -92 -92 -14 54 75 63 -28 -91 83 -13 51 61 93 -80 12 38 56 -23 99 -31 -33 96 26 38 -97 -86 22 -70 84 -16 51 32 -78 -67 17 56 72 70 76 -36 -71 -51 -20 11 38 83 32 -100 82 -71 -54 42 32 -82 -94 -66 -88 -65 14 82 -98 15 48 -28 -81 41 -99 87 -27 -30 -44 2 -73 19 -57 33 -22 -17 53 -40 35 -44 -95 -23 4 12 39 -64 -30 6 -16 -82 57 31 -36 -5 70 78 14 46 -9 -18 37 -48 -51 72 -77 -4 17 1 63 -25 -15 19 -45 -87 -13 -43 -88 94 41 76 -40 -46 0 86 -89 -8 71 12 -53 4 -53 77 77 49 39 100 20 -67 37 18 23 -46 16 29 70 -10 73 46 66 11 56 7 53 -39 -9 72 99 48 -99 -45 93 12 -15 19 -78 70 -89 12 18 53 70 -22 41 9 95 15 -9 -90 -51 67 72 -99 -86 -20 99 -42 -99 -66 53 -98 -6 45 17 90 50 57 90 -19 -93 -49 29 -86 -75 -80 26 -91 -10 -68 98 -89 80 80 71 63 72 76 -75 -90 56 51 -64 9 70 37 -80 78 -75 -97 -77 -42 -31 42 -3 13 -49 -99 -50 40 60 -1 -30 83 -40 2 21 -60 53 47 52 72 31 -29 9 -83 90 72 -28 -67 -21 -51 -78 -86 7 53 88 76 -56 80 67 100 17 -25 -38 -14 -97 -10 66 -3 69 -66 -3 -7 -91 72 -50 -45 -43 -34 -50 -79 -49 -49 32 71 78 26 75 62 57 -32 -30 -79 -32 75 -94 36 -66 -88 -63 45 -65 -15 -34 -18 55 31 34 58 71 -4 6 100 -91 -26
-84 -86 87 97 -29 69 -24 -46 62 82 74 -1 39 34 71 -60 -80 -61 96 -81 13 84 -84 41 60 -94 79 -20 -51 -37 45 98 54 22 24 58 -27 -78 -93 -85 -73 94 -41 -30 33 70 99 85 -39 47 -73 2 -56 11 23 -30 54 -49 -91 -41 69 59 -53 -22 -66 -62 57 -10 11 -24 26 13 -22 59 -35 30 85 -32 71 86 -97 -95 5 -6 -91 -52 -56 -61 -39 -35 -30 -62 10 59 -4 28 -100 -44 -68 54 60 45 30 -29 79 -90 98 39 -42 -93 1 34 -91 -57 -52 -20 0 12 86 -90 91 45 90 59 22 -67 -71 18 -27 -4 13 -78 70 47 -37 -76 -13 24 -22 5 -67 -96 -98 -55 35 47 19 -67 -29 -33 -50 35 37 -42 32 -32 55 -45 -75 -100 -95 -16 -12 -53 -99 -2 -1 95 20 91 -65 87 -81 -12 -63 -8 -28 53 59 -15 -20 -29 78 75 10 43 -92 -21 -4 -66 8 -1 13 -68 62 69 4 42 10 13 -20 26 -35 63 -27 -100 27 99 48 57 39 72 69 76 84 95 -35 57 36 -21 29 65 -25 88 1 -56 -81 -11 94 86 -83 84 -60 -95 -13 41 -38 -40 14 80 78 93 99 40 72 62 -34 -100 -85 -100 24 85 49 -3 -55 29 -55 90 -51 20 49 6 -25 2 -49 -40 -99 -27 -39 -18 -89 27 68 -5 94 52 33 96 -49 12 64 57 -89 -89 -51 -56 -64 88 -50 -12 -21 -26 13 88 -66 47 -63 75 31 -41 0 74 -95 -38 -57 -49 -75 20 -16 49 -21 -29 -60 96 20 -62 -70 52 -13 -34 83 -36 59 -77 38 -35 74 83 4 -69 95 -66 60 -43 100 -68 88 -87 77 -29 -6 -97 -25 37 3 50 -47 47 90 30 34 23 66 47 97 -16 18 59 -28 -45 -6 -46 -19 -68 70 -86 -12 -10 72 93 -11 99 78 -66 -4 9 68 67 -10 85 12 -80 7 -86 -70 57 -79 34 72 -8 -34 -54 48 -39 -41 -2 -11 -95 58 61 45 43 11 72 14 80 -36 -78 -98 86 21 -66 -72 -68 36 -84 8 39 -84 90 68 -48 -56 8 29 -80 -57 25 42 99 97 74 5 24 -22 63 75 49 87 11 -47 18 7 57 -52 -100 52 -92 16 81 76 -63 -40 70 89 70 -42 -8 -16 -25 -86 30 -98 -6 74 -35 79 -35 11 -94 6 -30 86 13 -63 -24 11 -6 -48 13 -65 24 -21 -93 91 6 40 -46 13 90 84 -32 -7 -51 62 38 -16 -93 47 -21
44 13 45 61 -22 1 42 35 -18 -79 -66 70 -10 20 66 -4 68 65 -55 97 -84 21 -6 -86 -25 -58 20 -88 -77 3 -54 18 -50 83 -38 -48 100 46 -28 -47 77 -47 -7 -50 -95 -52 96 -63 69 -9 -80 12 -8 0 -42 -8 -80 66 49 -66 3 84 -3 43 -76 -21 71 24 19 60 -23 -86 -72 10 -81 -49 4 -58 33 -62 -52 89 -15 -36 30 86 -90 -3 -45 12 49 -91 -85 -10 -9 -47 99 28 -48 -42 -39 98 -22 -4 68 -76 95 15 82 62 54 -15 -54 -31 98 -97 74 -43 95 -28 -11 -4 31 -94 -62 32 -30 -75 -36 54 35 25 37 8 -7 66 -65 64 -13 -89 9 -24 20 -12 -81 -32 13 81 -18 94 -84 69 -11 -47 50 -96 -99 90 -72 49 -92 45 -53 -37 67 -22 21 33 -56 -15 49 -99 -78 79 68 -63 7 -77 -96 39 -98 -32 -52 48 1 -41 -41 5 51 1 60 -81 49 -2 -36 78 100 -11 65 -11 -100 24 80 42 -76 -49 98 -5 -66 20 -23 -66 -4 -40 59 -28 0 16 58 -24 95 -15 -41 -46 15 -52 48 -90 17 -5 70 -51 43 87 1 -34 57 -56 -51 -29 86 100 36 70 -75 89 -5 -82 -88 83 -13 70 25 -74 -83 -55 61 -23 59 61 29 -64 81 84 -2 -39 18 -50 78 53 -73 85 77 73 40 -99 -46 46 -35 -22 -25 -54 13 -59 -91 61 -99 97 -43 55 -15 -26 31 -95 88 -45 -85 -41 -73 13 -61 -64 -21 6 49 21 34 36 -80 1 -13 -39 19 -27 -8 -38 85 62 -89 42 -33 21 -78 69 -20 100 21 96 3 -46 49 -88 80 47 -41 46 -63 78 -12 -84 47 -67 38 -68 36 -25 98 -8 91 -98 -64 -18 -39 -81 17 13 78 -94 -45 -7 24 -24 92 7 -6 -50 63 84 -31 32 38 39 -43 21 -52 45 79 -42 -41 96 11 -18 46 70 -80 -19 84 40 83 19 -92 -14 -20 47 -49 69 88 64 17 -89 -69 -43 -4 25 -100 97 62 -22 -51 -24 -3 -47 -2 -46 -78 -6 -4 51 -94 -25 -48 -20 -20 68 -34 -68 -41 -52 35 3 -99 49 -12 82 -29 73 -7 -42 -62 -80 34 -79 -56 97 -24 -42 -34 7 -82 -40 -67 17 90 93 -14 42 96 -87 -73 52 64 42 -97 -52 -85 7 96 51 49 5 2 -28 -72 34 87 -51 -25 -57 53 71 96 -89 -93 -82 17 -41 -46 -61 -86 38 49 32 -27 -27 -12 89 -21 29 9 -65
28 -35 -96 97 -88 -59 64 24 -99 -6 26 -81 55 12 -12 0 67 -71 21 -21 14 30 46 -6 35 -44 40 97 -58 -34 60 -91 -11 -92 -20 -36 33 71 -52 -48 -29 -85 97 -69 2 85 18 -28 19 8 38 29 39 -78 98 -31 66 60 64 11 48 84 4 89 83 -22 -69 -61 -54 -12 89 -33 -31 -88 13 17 -97 85 -7 -34 70 -86 -67 17 -38 -38 -33 23 -57 99 -72 52 47 57 10 36 87 77 -71 55 -33 78 -70 32 -21 49 33 -73 14 -92 -8 53 -66 -96 -72 -4 98 -38 99 65 -68 16 -27 33 73 -58 -6 -41 -18 14 14 85 -81 -2 -40 0 -69 9 -39 -64 31 85 53 -42 32 -34 -81 -36 61 -65 75 51 81 34 -37 -26 23 -95 42 -15 -94 -7 -61 81 -60 -93 -85 49 -9 59 -45 -44 16 19 61 -91 -84 100 10 10 87 44 -65 -36 21 -12 -61 -77 70 -78 -48 -61 47 -10 3 36 93 -46 -14 91 -11 -6 38 -7 -39 -24 83 -87 5 82 -35 12 24 -17 -99 -3 -75 48 99 10 75 -59 -10 -42 -32 -59 -88 92 -98 62 -85 59 -93 94 -37 10 12 -34 -86 -22 61 -28 -91 94 32 19 77 -93 -15 -15 -68 -95 60 -78 77 29 -76 91 39 -94 58 94 82 36 -1 -21 -29 62 -84 -95 91 44 -9 -55 34 55 66 -76 -35 71 -88 -22 -55 -2 69 -5 45 50 -6 -80 -84 -35 -2 69 -94 -81 79 -48 69 -97 89 63 85 -37 67 -71 69 73 29 18 25 38 47 97 -35 -94 -16 -39 -28 -31 -79 -24 53 -88 -7 72 10 -2 -70 40 -73 24 -34 -20 66 28 -43 -75 34 92 38 -33 -85 -83 -55 -38 79 14 -56 -45 -92 77 81 -87 81 -100 -73 42 73 92 -36 -81 16 -16 -18 -69 37 9 -90 -95 -74 -66 98 -39 -83 -57 29 -58 36 -80 89 -94 66 59 -26 48 94 -30 -7 76 -64 74 -88 4 50 -89 -60 60 -44 -26 47 -94 20 24 -5 100 -66 -52 -29 91 -62 -64 89 -24 68 33 -95 91 -17 61 -72 54 26 95 66 60 99 18 60 61 18 -21 -35 78 -74 81 -75 -56 -36 95 6 99 65 13 -39 83 -65 -81 20 -47 19 -61 -88 -69 -13 -76 -33 46 98 -61 -82 82 48 74 -66 60 -38 57 -28 92 -47 45 -11 40 -56 16 83 -61 61 5 -56 -3 9 -56 22 -18 -16 -50 -33 -62 -55 59 58 53 84 1 -34 3 -20 -85
-93 -85 72 -42 -1 37 -38 71 55 48 57 -93 -6 89 41 40 31 75 56 -77 85 35 64 -54 -33 90 17 -42 3 -44 -62 11 -26 -70 13 55 59 66 26 -75 -21 16 -42 -94 16 -33 95 13 -66 72 13 47 36 -13 18 93 -35 -32 -64 -45 -7 39 -91 -49 -24 -14 65 94 -49 9 77 -63 77 -6 93 -100 20 -96 -62 50 77 35 33 78 -10 6 -88 -54 27 42 36 91 46 52 83 73 17 -7 21 -69 -38 -60 -5 -83 28 -40 69 -54 21 -93 27 94 -93 71 -23 -1 -20 -3 3 92 -43 -20 94 -45 85 -25 57 96 64 92 -28 83 -87 -29 -59 1 82 9 54 -35 50 -1 -57 -84 -14 62 -58 38 -4 42 40 21 -67 -16 -2 8 41 62 30 -12 -45 -79 4 38 28 -21 79 35 46 -81 -84 -74 54 -18 -53 -88 51 38 18 -21 -63 -43 21 99 -47 -42 -2 -17 -28 6 -43 79 -66 37 39 -44 -16 75 -41 -52 -73 -30 80 58 81 26 -34 -59 52 33 74 -28 -69 -2 -38 -66 89 88 -26 38 86 79 -72 -59 -52 -91 -66 -86 53 -84 -60 14 27 57 14 -76 56 -38 17 -13 -14 78 -79 -52 -19 -83 63 81 97 -40 97 47 -91 -96 -66 -52 0 -16 -67 -73 -99 -88 15 62 71 50 71 -59 -49 85 27 -33 -3 3 58 -13 -25 -7 -13 -66 60 86 -66 7 -90 -96 65 19 4 -69 -33 8 74 -73 -69 8 74 -85 -39 -74 -93 -23 -90 79 -80 53 29 -36 -61 7 -40 -4 54 -69 -65 22 -99 -85 68 -20 83 -95 -100 -10 -10 64 39 -32 -15 72 -88 -2 33 -98 -21 27 -18 -74 60 -43 -67 -57 -34 41 -40 64 8 83 -49 -26 -35 -34 -55 -28 -44 -6 -94 -9 73 24 -53 -88 -88 44 98 44 55 99 53 -89 -62 38 -81 91 92 -73 -65 78 30 61 37 -10 11 -54 -55 8 -6 -7 56 -48 97 -39 12 -91 13 -86 27 15 -4 3 -81 28 70 -50 85 30 -44 -45 -79 12 71 84 51 58 65 -76 71 -85 33 -32 -11 70 85 -14 57 31 -72 -78 24 -79 -90 20 -44 -67 66 -75 -85 -81 -93 97 80 -12 -52 -76 -51 -49 12 -59 15 51 7 60 16 19 21 -41 -1 -94 -99 -74 41 -56 18 18 6 6 17 -33 -26 -17 77 -62 65 -54 -99 -62 -65 85 -66 68 18 71 96 -72 -22 -61 23 -94 -99 -78 61 8 38 91 55 -78 -93 -53 -34 -14
7 -88 64 -43 -17 40 -52 15 98 -18 54 -33 26 73 -96 -56 7 34 49 -68 47 55 43 -42 -77 -87 -36 -62 7 -6 -52 95 15 71 80 -35 61 14 -3 75 22 -43 22 80 -100 71 -40 70 -52 75 -41 95 89 -12 -12 37 -56 -72 -75 15 -37 -39 15 -26 47 48 44 74 30 96 -9 74 -95 85 -69 83 77 -79 -70 7 77 88 -48 -72 -83 -22 77 -93 -12 -34 -36 -10 -51 -60 -97 -31 -15 86 -18 91 90 -37 27 87 75 86 -61 67 86 82 -45 39 22 30 -55 50 -38 5 10 3 -37 65 -97 52 39 -87 3 -51 -60 92 -18 17 -67 84 77 86 -34 24 48 -53 -72 -86 48 57 58 13 87 -36 45 -25 -19 -81 57 35 -94 -60 91 23 -42 -22 -50 67 5 -29 28 32 74 -19 44 -33 53 78 72 -96 -50 -72 74 18 -63 -60 -31 -33 -29 -22 10 -18 21 -16 5 49 -63 -24 70 3 -55 54 53 89 -16 -56 -82 13 -32 -49 -45 43 84 46 89 7 83 3 38 -18 -82 -24 -52 -21 -91 -59 80 58 -13 14 -49 -85 23 82 82 -100 3 100 -71 -65 -74 -19 26 -68 -25 93 15 -76 21 93 41 -65 79 7 69 45 -57 -41 -100 -72 -90 18 -27 96 -10 -28 0 -93 -56 -10 51 -66 -71 99 -70 55 -41 42 58 -55 -5 -98 40 -40 -68 32 -31 -79 99 -9 -87 79 -60 -5 -61 -80 52 72 -79 64 -83 97 89 -9 45 68 13 53 32 -73 49 35 -61 -66 -28 28 -50 70 7 -43 -61 -39 -1 13 23 25 81 -10 11 -34 64 -90 -81 87 10 72 -20 78 94 28 -62 -29 38 -11 -63 -44 35 -25 12 6 27 60 -5 61 -72 27 -55 50 51 -98 57 -75 -92 22 -88 85 97 -36 4 7 36 58 -57 97 -51 95 34 -61 31 -67 18 -64 66 66 -40 -70 -70 18 22 78 38 25 16 14 80 -51 75 34 -45 2 94 -83 -7 -35 -3 -73 -42 -4 -34 57 -66 86 80 -41 88 76 22 -59 61 42 17 92 9 81 -93 34 -11 -55 -54 33 21 -21 60 -6 -47 21 -56 17 -4 82 -94 45 -35 54 -94 -69 73 -6 4 4 -67 85 -75 0 28 73 59 62 82 25 -100 66 -23 54 29 7 -48 17 32 46 26 -6 -43 -27 -11 1 -37 -66 90 -8 -32 -10 -3 -34 1 -24 87 16 -25 -41 81 99 2 -99 -32 12 92 14 -78 91 -29 53 68 -56 -66 -92
-4 84 7 -16 -28 0 -43 -53 67 57 15 -2 85 -71 52 -99 99 -71 37 28 30 54 -89 -36 -39 -56 -74 54 45 -11 -69 -82 14 89 83 25 84 36 94 -75 -32 -37 60 -63 10 47 8 6 -57 -6 89 55 -65 88 -72 -59 -26 -96 31 95 -58 -42 15 -94 -96 -13 74 70 -90 78 -27 -20 -28 78 6 -16 53 -88 -92 4 -37 -63 -64 -64 95 -10 2 -24 10 -74 -23 -58 -35 -31 47 -28 18 -67 96 42 -95 -30 55 -78 -31 60 -85 52 13 -65 43 -16 -92 -56 91 32 78 33 -87 -25 -65 23 26 42 -26 -58 -24 46 40 32 26 -19 60 -7 -39 -13 77 -90 -7 24 -19 -45 -3 -61 64 74 -83 -13 -44 72 -5 48 39 44 15 71 16 57 63 17 72 -78 -39 -23 63 -32 -31 -41 3 -24 9 97 76 25 -38 -88 24 57 43 -52 62 16 99 77 96 -47 21 -74 1 -38 -83 -3 34 -67 -87 34 68 -60 -5 -65 9 93 80 -69 35 9 -13 -20 10 -70 -61 60 64 -82 -93 -16 85 69 49 56 -8 -71 84 97 -88 94 -95 -98 -8 -14 -90 -85 -3 -64 34 -29 96 86 15 -62 88 51 -69 -11 69 -41 -64 82 -2 -2 4 -85 40 73 7 77 -66 18 -70 -34 86 18 24 -15 66 69 -23 70 -17 25 -17 -82 -96 61 -67 -52 41 -70 -96 -34 -58 95 -24 84 66 78 -13 81 45 71 55 -99 -99 -34 -65 -17 42 26 69 -8 -42 84 53 68 -58 20 3 -14 43 16 54 60 51 -28 38 -26 -11 41 56 71 -17 4 -15 -18 -84 54 -26 -95 92 -74 32 -7 -80 29 72 -100 35 89 19 -86 29 -34 50 69 -42 -59 6 51 -67 98 29 11 -95 -2 -59 24 -15 -55 67 -4 37 7 -83 -78 -44 -28 21 62 17 53 -35 -9 100 81 -3 60 29 34 -18 -88 40 14 19 -42 -84 -76 -67 87 -47 70 63 -54 -69 -39 -73 99 -89 -27 -64 -59 -84 57 78 -75 -99 65 75 68 -78 72 68 -31 70 -4 72 -10 -14 80 -70 68 -30 -50 -34 47 -1 -89 -33 -96 12 -31 -72 7 -45 -40 -97 85 -1 -17 -75 77 22 -60 15 10 -65 18 67 98 0 23 -71 79 64 4 67 6 -87 85 33 78 5 -97 61 -83 93 -86 -13 -96 89 68 -29 70 51 91 4 -94 -51 89 -34 6 -72 -45 -73 -1 16 -58 -52 51 19 -46 -42 73 -83 29 1 89 24 -58 -17 -51
-82 29 22 -33 90 -91 10 91 25 -72 69 37 93 61 84 -20 71 91 -80 97 -22 -15 9 28 -21 80 77 42 -4 -9 87 -4 -4 -76 -37 -18 -79 59 -3 57 20 -52 69 41 63 -95 56 5 22 93 22 -43 -31 33 41 79 -53 40 -8 60 72 9 3 21 -85 1 -64 -21 75 -92 -77 78 9 20 -61 -36 -89 -6 -10 -43 -31 -96 38 -63 -34 -38 -2 -94 78 -3 -24 -65 -23 -81 79 -17 -88 31 67 92 -22 -99 59 73 97 -25 39 -13 -12 85 -52 -74 71 -83 88 78 -81 19 -76 -22 -92 -28 -6 -88 -95 15 2 -93 68 8 8 -51 5 48 74 33 55 -87 70 -59 67 35 95 -90 68 63 28 76 -64 -17 -91 94 -56 -65 -23 -1 92 64 12 -16 60 95 -19 15 62 43 -39 -68 -95 79 -60 39 72 24 78 70 48 -89 9 -42 -17 12 57 -95 80 -95 -26 38 -65 -69 -42 74 49 57 96 83 -2 -100 87 56 -80 57 -66 73 75 88 21 -66 8 48 -96 48 -44 74 16 62 63 95 -89 -43 42 -71 66 92 -91 -80 -43 -66 36 -99 9 96 -44 -70 69 24 -72 72 8 81 46 37 -65 -33 -13 -2 -92 1 86 -45 -46 -67 90 9 12 73 75 -80 -78 4 -5 -53 -97 -86 85 -13 -10 -69 -94 94 16 4 -79 -59 -44 -37 -62 -100 -29 64 3 55 51 79 -33 -41 77 -5 -77 -29 10 -28 33 13 11 73 -72 -43 -42 -48 16 44 -76 -2 22 41 -60 -61 16 -89 29 38 -97 84 60 27 -46 16 46 -56 -75 -17 11 4 -8 57 -33 59 -58 45 -86 6 51 -68 12 70 76 64 -68 54 25 -34 22 79 -74 40 -12 38 -87 -26 13 50 -100 92 -85 -79 -36 -97 -68 93 -76 66 -22 6 -69 -44 -21 -15 93 -14 -71 3 -44 15 -36 -38 -11 33 -60 -94 -66 -79 88 57 7 -44 -71 97 34 22 -68 -28 -96 -34 51 -53 -46 -47 -86 25 -87 51 80 -87 -21 10 -56 25 -32 36 -29 73 -24 -99 59 5 53 -7 -31 6 -57 86 -51 36 51 76 66 -4 -40 95 52 -3 -31 -41 46 54 -29 -21 90 -62 33 61 -32 -82 -1 -90 32 77 97 -55 37 67 93 -64 88 -92 73 70 -9 57 -54 94 33 91 -86 44 -50 73 28 -11 11 39 -29 -2 -32 2 100 -24 -21 -24 -44 51 85 -3 48 -6 17 70 71 18 -54 -44 -32 46 10 8 -4 82 31 16
-87 95 -94 -100 38 93 75 14 -9 -6 56 82 -27 79 76 98 -92 -56 25 57 75 98 96 -20 -38 72 -24 -54 -41 -67 5 13 -20 7 -57 -48 15 95 96 4 -5 -83 85 45 88 52 98 -14 -72 -77 23 -72 24 -62 70 -69 88 24 53 -76 -27 -82 15 57 51 -49 92 -15 -58 4 90 19 62 99 -39 -82 -65 -84 75 -39 54 79 -60 94 -86 -21 -64 34 8 4 7 -94 -29 27 35 -65 -93 60 44 -48 -93 -87 -74 52 -36 3 56 -11 -81 14 66 -49 60 -77 65 -94 14 63 -78 84 6 -66 -68 41 -100 -94 83 -88 40 -88 42 29 83 -22 -69 55 -19 -50 -4 22 20 70 24 19 -84 -51 -74 -100 41 16 -72 16 -77 -63 -54 -24 100 -32 93 23 91 34 -16 55 -97 92 58 -31 31 -68 -42 -44 -36 97 -76 -62 -99 89 -1 -1 0 61 17 62 93 -17 -31 61 7 27 48 -49 -38 59 -49 85 49 -29 -81 98 99 -4 -57 -88 -19 -18 -54 84 39 52 -41 -59 11 -91 -91 13 73 91 31 13 -2 34 93 1 -1 26 -62 1 29 -7 -33 92 -10 62 -60 72 -47 -65 -97 54 44 -91 24 29 -84 84 -15 -91 90 79 14 -84 39 -37 -10 83 65 60 -98 -30 91 79 3 -52 30 91 -41 -14 -20 99 0 6 14 -91 66 5 -59 73 -33 -19 34 24 96 -1 95 35 64 -12 75 44 61 62 -92 -52 12 -6 18 5 -15 82 -80 -2 -48 -44 -40 1 -60 55 -46 -63 -87 -93 -80 44 -71 -27 -78 -69 -23 -56 -19 53 0 55 -27 33 69 -58 -77 -55 -81 -3 -63 22 17 -36 44 -53 46 59 -29 71 81 -55 85 37 -16 -84 -43 -59 -33 73 -50 -80 -78 40 64 -2 87 -76 46 80 -95 -70 26 -92 27 -97 -74 83 35 -36 -42 9 -29 49 2 -51 20 91 -65 -89 52 -49 45 90 78 -4 71 -76 69 -55 50 -78 71 16 -70 -1 -49 -61 25 72 32 -96 5 -97 -17 -62 89 -47 54 48 10 -98 -53 11 -1 78 59 53 73 -58 -27 -77 3 -13 -94 -85 42 96 -14 -76 -89 -99 13 -84 23 38 46 -35 27 -96 93 -30 69 63 55 97 -89 -59 -40 48 9 74 28 53 -7 -50 -91 -58 -51 -24 19 80 -40 -32 63 -99 100 -34 63 -23 -24 -6 66 -68 -57 -66 -96 -45 -97 -76 87 66 11 -41 -97 -6 -83 -9 84 68 -7 92 -55 99 -34 -50 0 95
8 42 32 -60 92 -68 47 82 20 36 -30 -90 5 8 -55 45 25 -65 -82 -18 -18 18 -7 95 28 95 75 100 -93 76 11 91 18 95 79 -11 -72 8 55 -53 -83 64 27 -67 99 -23 -57 18 -88 -95 78 -4 95 -7 -61 77 -1 -74 -66 -58 72 -77 -8 69 63 65 95 81 21 -53 -91 -95 -10 -6 64 -5 -13 -10 -7 70 -91 97 39 77 -27 -64 -60 -30 -81 51 86 78 75 -81 54 31 -68 -60 -54 -95 36 -11 -73 27 -36 65 79 -11 14 10 -32 -12 43 -56 78 -22 -33 64 -16 42 50 -22 30 -56 -34 -93 -90 57 92 71 -59 39 -13 24 100 -15 -2 92 86 72 -90 -29 -26 10 -7 30 -29 32 74 26 55 88 15 96 -29 -12 -11 51 63 -62 -93 6 -13 -57 53 92 -27 -31 -34 71 26 -2 -21 -64 85 -10 -100 -3 -37 66 8 36 46 -22 39 -27 96 -93 77 77 -60 -54 -65 50 -36 -37 -65 1 -99 41 21 -64 -59 27 -92 -74 70 -46 76 -22 -90 46 -75 -36 77 -15 69 -5 -34 -45 1 40 -87 -19 28 21 -67 73 -51 98 -3 -99 -31 26 -65 25 88 72 -84 -11 -77 19 43 64 3 37 -42 -38 -46 -22 76 -95 16 2 -25 91 -9 -7 -5 -95 42 21 73 50 92 25 -49 70 32 6 88 16 22 -61 -80 62 -46 -12 52 44 -89 -35 -83 -34 -39 13 87 88 -21 84 -18 26 -46 64 70 -92 70 -11 -64 -64 29 79 -76 34 -58 73 10 10 -34 -64 -35 5 76 -19 21 42 -61 84 54 22 16 -84 27 17 70 63 58 93 -12 97 82 44 41 -91 74 -100 65 12 57 20 6 43 5 5 -51 85 55 -52 -54 90 21 76 -66 -89 -18 -78 -21 -87 37 -45 85 -40 -55 -95 71 15 -4 41 22 47 65 24 -66 28 -22 -53 1 79 62 -75 -17 -8 -55 -67 75 -90 -23 12 -16 25 -3 -38 25 -71 -64 -8 17 57 -32 -19 73 63 -85 -41 26 83 26 31 -64 -40 -97 -42 -46 31 -47 17 6 -13 -50 89 -59 -71 12 -78 11 32 44 39 -48 -96 48 -50 -90 73 -47 49 -94 65 -44 -36 -75 89 -89 7 38 53 -54 28 -6 51 72 -71 -54 25 -9 -38 61 43 -42 83 -39 4 -88 36 -15 8 58 67 88 89 5 51 -82 -94 -29 37 -35 -17 -52 -69 66 19 71 62 56 -74 90 -36 8 -59 -52 -8 71 79 93 50 -32 -73 50 13
47 -29 49 40 90 48 17 89 -75 -85 -45 26 -8 60 -56 -82 -83 85 -5 -85 86 -72 99 -59 48 -86 -35 13 39 69 22 -100 42 -37 92 -59 58 98 38 -100 2 -26 11 -48 36 29 37 9 -41 75 -51 -55 45 -98 10 27 87 71 76 91 -92 -87 81 65 -82 -82 65 -26 -55 -78 80 95 -23 -4 96 87 -99 48 1 -27 -18 85 -56 47 -71 11 -41 -66 63 -51 -32 -3 -72 88 -93 65 98 91 -21 7 -21 96 -50 -80 29 -37 -37 -24 -13 -63 45 -62 75 -49 -55 -29 67 39 3 -29 -19 -82 -4 50 -29 -16 25 43 5 -19 -49 -45 93 95 -14 -95 34 -7 -35 -76 79 90 -78 -35 -70 18 -38 81 -92 -97 84 -64 16 -95 -75 -75 49 -78 68 8 -3 -54 -1 -77 24 70 24 34 -85 59 -39 99 -99 83 70 -58 -6 79 -64 90 19 35 -85 -36 85 -13 51 12 92 -99 -78 39 83 78 -61 -51 -44 85 -28 79 76 4 19 -18 -22 14 -20 -92 28 18 -9 78 83 64 -7 85 -54 87 0 100 -37 -55 88 81 9 -7 -38 96 -94 8 -100 -20 95 68 -21 -100 85 6 28 42 -36 -72 -61 -4 -35 85 -88 83 33 -17 25 -43 -26 -63 -52 0 96 35 93 59 -18 -11 35 10 17 44 83 -71 -11 84 87 100 -21 -49 -26 -85 38 -26 45 -91 -26 -55 -16 -61 -72 14 53 17 -31 42 61 79 -77 -74 16 100 53 -1 -54 85 -89 38 -90 50 -22 -93 -6 -39 -88 89 -41 6 19 -48 51 68 94 27 56 -22 71 44 20 93 -63 20 -70 -99 -31 -33 -50 -62 19 19 43 -40 -56 1 -71 -9 16 -66 -33 82 95 51 48 46 84 -63 -34 76 -63 72 -48 29 -39 66 38 -26 10 -18 16 41 15 72 30 57 25 52 -5 34 33 87 -68 -91 95 60 16 16 81 -51 -54 64 8 -31 -87 -23 88 -10 -61 -14 -95 -79 -40 -2 -97 43 -32 94 -2 -26 -44 28 58 -56 17 -32 -38 -26 -80 2 -70 -10 88 -24 -40 72 61 56 1 9 22 -66 44 31 -39 70 -79 30 -99 -51 -49 -40 72 -74 -36 23 82 63 51 -15 -100 -90 -27 73 -92 86 -25 -83 3 33 29 11 -77 29 43 -54 48 98 56 -13 37 74 78 -25 94 24 -52 -83 -80 53 87 0 13 10 -57 17 37 94 99 -64 -59 72 -82 32 -18 91 -8 16 68 48 63 51 -39 32 2 50 21 -61
-16 45 -74 7 97 44 -63 15 97 -29 26 82 78 -75 78 -47 -17 54 -65 44 64 32 58 -97 49 82 76 66 -34 -26 -56 2 70 67 85 -24 -69 -59 -15 -80 -92 55 -39 38 -33 -54 85 28 -90 30 62 -13 -64 88 -80 -77 -4 -9 24 25 24 -49 79 -84 14 49 -100 -8 16 65 23 83 43 92 -40 30 59 -70 -5 -67 -71 35 -62 20 65 -81 22 -99 84 -88 99 97 -55 -65 50 57 44 100 -40 -93 29 68 34 -84 -81 -17 81 -22 6 -17 -77 41 6 -16 48 -47 -94 -85 -34 -80 -60 -6 60 40 90 53 -86 53 59 68 -61 70 40 24 80 73 20 72 -32 -28 -47 -57 -71 6 -28 -39 -80 -83 -6 -53 49 -83 -45 28 63 -25 -57 -31 33 -12 -4 5 -21 51 -98 0 -83 74 19 92 -39 25 -29 -42 92 71 26 58 -68 -95 27 11 -42 19 90 29 -29 13 -58 16 -76 11 52 87 65 -77 -11 68 -74 11 -35 97 -45 -8 -1 -49 -85 -11 -18 12 -69 -69 -42 82 18 20 39 -34 39 57 61 57 -6 4 -97 24 78 -33 -93 -5 46 66 10 -70 -71 -63 47 -46 -6 -92 -52 -97 73 99 53 80 -52 -49 -43 -59 99 -14 10 24 34 -93 -64 78 62 66 94 69 62 8 22 -23 -13 -35 -56 55 -88 -19 12 8 -88 -13 23 -45 64 -86 37 42 58 19 -54 85 -73 -6 -26 41 100 -45 -9 46 94 89 -13 71 -62 -3 -17 -25 -87 -77 0 -52 15 35 97 25 -24 -15 56 31 79 -15 -7 -67 41 -54 -1 26 -93 30 47 -4 5 -32 -96 -92 58 -21 66 -79 -10 -96 83 6 -50 -20 -3 -67 45 61 -49 -99 91 -58 -55 -18 -28 -51 -70 -78 -14 53 42 -88 43 -30 74 22 51 -47 35 -10 -75 -76 87 48 46 -22 -63 19 -89 -44 -74 -1 -8 69 -72 -30 -25 37 50 -64 -76 50 90 -65 -32 73 15 -39 -65 25 69 -25 71 75 -79 45 -56 -100 46 48 33 -53 42 -53 28 -41 -90 57 -77 96 9 -84 -54 66 -69 -37 61 32 -88 88 95 80 -50 97 83 -10 85 -79 -89 -70 83 68 -51 83 80 -91 71 93 11 -6 73 20 69 -72 -28 12 -54 95 15 40 -52 78 32 -55 70 77 54 4 8 -28 83 -47 -26 -99 -71 -8 80 51 79 83 -62 -2 -74 -67 96 -81 80 -76 -18 36 97 26 -43 -23 29 15 -84 -12 -87 62 -59 -72 98 -93
17 -98 -39 32 -8 -32 37 11 -18 20 -59 -32 3 -92 88 91 -55 84 95 -99 -96 11 87 -7 -8 -16 47 20 91 10 -60 38 6 -38 0 98 -48 59 56 62 -4 12 85 77 70 -51 23 -73 83 7 -8 -98 96 -14 34 -76 -20 -87 -23 -39 -13 27 -10 84 13 -90 -61 -63 22 54 84 59 0 84 -37 75 23 73 17 -62 75 -80 -9 -28 -74 78 -83 -5 -3 -51 -48 24 -71 30 17 89 -62 65 -44 77 -68 -76 -39 40 83 87 -20 -38 -14 61 -79 -96 -85 -21 -95 49 80 -7 -28 8 15 18 46 -37 78 -61 -36 -82 -29 -56 -49 -78 19 -96 31 24 70 26 60 4 -2 -14 16 21 22 -5 -35 -73 -77 78 28 57 -13 65 8 90 10 -25 70 47 -3 -70 -9 -81 59 -58 33 -19 5 -33 -63 50 -35 -7 -98 -3 -14 58 48 14 61 52 94 -37 70 -62 65 -43 -57 -36 99 69 20 -97 -86 -10 72 4 -30 28 30 9 37 -9 54 -39 -1 -63 -25 56 -63 -82 -89 -59 -76 16 39 12 -76 48 75 -10 95 79 -78 -69 19 52 -60 -27 65 27 12 52 -82 -63 -39 -43 11 -70 25 61 -36 -32 56 29 56 46 88 99 46 -84 -59 -79 63 33 -52 80 80 -6 92 -22 -52 83 -35 91 -72 -76 9 77 -75 4 -77 -59 6 48 6 -4 94 41 79 -25 -96 24 -6 60 -52 60 6 -14 -74 30 7 1 -95 -54 69 -85 99 90 0 33 4 -96 72 -28 -29 -53 36 55 -88 22 -60 23 -83 78 -63 -12 46 -33 14 -56 -46 30 -5 83 -61 56 -52 14 45 -100 -32 63 22 95 -82 -64 -3 -78 -32 -1 -87 55 73 -32 66 35 -70 65 18 62 -17 -35 87 94 99 -94 49 -100 5 73 15 32 -75 -24 -87 -40 -73 77 30 -48 50 -21 -68 -99 60 94 -90 -44 -3 -91 19 -50 -32 16 -46 -51 84 -87 -3 64 87 83 13 -25 21 -77 34 -36 36 -60 84 17 -89 -73 69 -9 -12 5 18 -90 64 26 5 64 -11 -34 -65 -96 -28 -99 -20 31 81 -9 49 77 -10 30 76 26 -27 -8 -90 58 -43 40 -74 -58 88 -29 19 16 49 -1 16 6 -27 39 -52 -52 36 -60 48 30 93 89 -85 -22 -82 -86 85 84 -31 -46 57 -82 -10 -56 15 94 -79 3 -91 71 13 97 -92 91 -92 -24 5 90 54 -62 -22 -72 -9 16 55 -25 11 33 -64 39 -32 52 55 -73
-97 -24 -13 77 90 0 -12 -74 50 98 36 10 -29 -90 -13 72 -44 7 55 32 91 -43 18 -62 -99 23 -46 -60 58 -29 4 41 -28 38 -44 -20 56 -34 32 -50 -45 -23 35 -46 -89 89 100 13 -40 97 -74 -14 -58 -49 92 -8 72 -68 -71 9 3 -71 93 -95 36 26 15 83 -92 -37 -20 98 -54 -59 -74 -10 37 60 -28 -51 -81 -15 54 29 96 -84 -77 56 -47 -30 50 72 -98 43 -80 -85 -8 -23 22 57 -38 -13 21 13 98 79 -24 -37 -45 74 70 16 -79 25 12 -44 -49 -48 93 17 -89 -88 -5 100 85 -2 -18 35 -67 -22 65 -62 5 -83 -97 -46 49 17 81 9 -41 62 43 15 36 -68 -40 29 48 -5 25 -37 -50 10 -58 2 74 -26 -8 -41 59 36 57 -33 62 40 -100 28 -47 -49 84 2 -51 74 -60 43 10 -77 -15 -48 79 -16 29 -89 -22 88 -15 -85 70 37 40 -9 1 -67 12 -16 -68 -2 16 -61 -66 97 1 -3 -28 70 -27 39 55 29 87 41 -42 -53 3 93 13 13 -38 -46 28 -95 23 23 71 73 -21 47 13 -19 -17 35 -9 -16 15 -95 -79 -93 -73 -11 6 -16 5 -91 65 93 43 11 9 56 26 14 -79 -80 -49 31 34 -83 89 29 17 -20 70 -70 10 -38 2 -96 -60 -28 13 15 78 -33 86 -100 -2 -89 -93 -70 96 93 -41 -61 15 64 6 -40 77 53 -96 66 -78 20 -48 -35 5 71 -76 86 83 25 -83 21 -85 -77 -55 -31 -92 38 -41 -73 84 18 4 12 -27 -68 65 26 84 86 -43 74 49 -15 -66 54 8 -77 -39 -21 -84 -25 -84 64 21 -96 -93 83 -77 32 87 41 -31 -8 -75 -46 68 38 -28 8 -80 28 -86 30 -98 -42 87 -20 -21 -44 24 51 95 35 -52 -1 59 72 98 -92 -25 88 12 -78 -68 -7 63 20 83 -97 53 88 -30 46 -48 -85 -90 -6 17 75 45 94 63 -6 94 4 -66 -97 -95 -46 -51 21 73 -29 79 29 79 20 -7 -46 62 -2 -48 73 24 66 -33 -25 -34 49 -81 -29 84 -84 2 76 59 -50 -33 9 37 99 23 -76 29 -36 97 9 -73 -13 -37 -81 36 63 40 57 -55 78 -80 -22 -5 72 -58 43 -2 85 87 15 -11 -14 74 -22 6 -19 60 -73 -51 -74 30 -8 88 -7 -4 -16 -77 35 11 58 -88 -65 -4 -73 26 -8 89 2 -56 33 -15 -10 -71 -89 -96 1 -22 92 50 -47
-80 75 82 68 66 0 1 -30 20 98 -10 -86 19 57 42 51 -50 -86 -88 92 -35 -70 94 -33 6 14 -5 -72 16 -44 45 39 33 80 -87 9 1 -88 -31 82 83 -94 -62 86 16 -28 -100 -94 -76 15 -41 93 -38 7 -6 -22 -58 -61 -56 -37 -93 78 40 -79 -54 -86 42 71 81 -93 1 27 -93 75 17 -32 -39 -24 -77 25 -54 -51 -15 -36 -92 -31 -43 -24 38 70 -87 29 14 -58 -33 -83 4 80 25 -53 -48 49 82 54 -67 76 -26 22 -95 7 -54 46 -14 -34 5 97 82 -81 97 13 70 87 -10 -65 0 80 31 -85 51 -24 -95 37 6 94 55 -94 4 50 -9 35 -27 15 -7 87 94 51 83 3 19 -92 19 -63 71 -19 42 -85 -83 12 41 19 -24 53 -62 82 11 -55 -70 -16 58 78 30 19 -29 -40 89 58 -62 14 77 -71 50 22 78 -46 61 65 6 -38 -37 72 -80 33 99 62 -26 90 -48 -63 74 58 -17 -55 -74 43 -20 71 27 63 -31 -1 31 -94 60 -56 -19 -16 -74 91 -24 45 65 35 -5 63 -45 55 88 -36 69 84 -11 -96 -73 63 -13 -100 79 -69 -55 33 -43 69 -18 50 82 -79 -81 -82 -26 28 -51 -73 56 -76 30 -75 -40 91 61 -60 51 -29 18 45 -91 88 81 61 -96 10 83 -64 -68 -86 40 -4 -72 -44 1 36 96 -98 33 -30 -34 -33 -44 -43 -62 77 -54 -40 96 -90 -38 79 27 2 -5 12 10 -65 -32 -49 -17 -94 71 42 23 81 12 -60 -87 -15 -57 -68 21 -51 14 -99 -34 5 -35 20 22 -78 57 88 21 16 -94 41 8 -16 5 -59 -26 95 21 74 67 57 -99 57 -23 -60 -81 0 99 99 76 59 53 96 46 -95 27 81 94 34 17 51 46 -41 3 -18 28 28 -59 80 -70 -78 -62 81 -91 16 69 24 45 28 54 -13 -87 15 6 -53 78 45 -21 -96 -97 22 82 -4 -37 -42 -92 42 -3 58 -58 -4 -95 -98 65 -6 -98 -80 60 -100 54 41 -92 -81 39 -24 -3 9 81 76 18 -74 35 -44 -21 -56 6 -44 -45 38 -57 -55 33 95 49 9 -3 -17 88 -85 30 46 54 26 9 94 63 -84 -10 10 80 64 -1 -37 24 65 -5 39 -74 97 -53 -33 -28 37 -5 33 90 32 81 85 -94 18 -9 39 84 -32 -64 -41 -44 7 39 98 25 44 -6 -40 -12 24 73 -49 -21 -68 90 -91 14 -74 60 -54 -47 -68
-42 57 -41 -15 -25 -23 20 -83 -95 -32 -26 73 -85 -59 -56 72 78 33 8 -19 -32 -5 -48 74 57 77 -58 84 -59 9 -100 -100 6 16 -8 -4 -78 10 -43 7 41 40 97 28 64 -13 -27 71 -66 1 78 48 31 51 24 -27 -26 -25 -86 -40 6 -70 49 87 -16 -26 15 69 -31 -55 73 98 -36 54 75 99 78 8 -90 -77 -73 -94 48 27 58 -94 -36 -15 -68 -73 -93 -31 -67 -46 -82 95 90 -66 -3 17 -20 -23 29 -15 -70 97 -75 -18 -44 -70 38 78 -28 18 -3 53 5 -90 12 45 -37 20 14 52 -46 -5 66 -81 97 -4 -23 -99 -98 47 -28 53 15 21 -18 -29 -51 -100 5 -23 95 49 55 22 -100 38 26 -59 91 32 53 -12 77 64 91 41 -74 -2 20 -95 5 96 -60 -90 11 -79 72 54 -5 40 -33 35 73 -12 -68 -90 -3 89 -12 -34 23 96 -74 74 94 22 53 58 -24 34 72 -87 35 -36 -80 -67 -16 -36 41 -60 79 48 78 84 -6 -72 -29 -61 -10 48 -20 -59 11 91 -57 -17 85 29 -25 -13 21 -24 -80 63 -72 83 10 -98 69 86 -10 11 36 -40 59 75 -65 -9 -14 50 -37 -11 15 99 58 10 83 72 82 -75 -54 76 -39 -72 -46 98 -49 -47 40 -72 -78 -30 -77 -18 -30 0 0 -32 4 -90 -34 -81 -23 45 47 -95 -87 -59 44 30 56 98 -82 -40 4 -24 34 -14 18 3 41 -96 75 -86 -41 -12 -92 -32 -57 -52 -22 -61 45 36 88 -6 98 46 92 -83 -14 35 30 58 -25 0 36 -74 -60 72 54 42 65 38 0 5 -18 -98 -28 -74 -80 63 -14 -50 33 83 62 -76 -71 -1 -28 -89 65 -57 -76 -86 -56 95 14 -57 93 -28 -30 94 45 -28 39 85 -63 -42 98 -62 -67 29 100 2 93 57 60 76 -54 62 0 25 59 -74 -50 -67 31 -15 98 -29 67 -5 -16 -84 -24 -3 -76 77 -96 27 -62 -56 41 60 100 -63 35 35 -38 0 55 57 75 -40 55 -60 52 8 97 21 -88 92 -78 -2 -56 40 -75 100 50 31 3 18 13 57 32 -53 47 32 77 14 -61 -60 -11 -78 87 13 73 -37 -94 10 48 10 -87 30 -69 93 2 -20 30 -58 -17 38 30 95 -43 -100 -18 -43 96 -32 79 -11 -68 -21 81 -3 61 88 -91 67 91 29 27 -25 -51 99 8 36 55 -17 33 -84 90 -51 -7 -12 37 -47 -64 -13 67 15 -83 4
40 -7 74 36 -23 36 -29 74 -100 22 77 -33 -48 -49 48 -64 -91 53 -22 -61 -71 -40 -96 -51 -61 -53 -27 -35 -6 -76 -67 21 -38 -64 30 44 59 90 -96 33 52 -94 -27 -52 -62 -28 60 87 39 -16 73 -98 50 20 -93 23 -84 51 -59 79 -63 -7 67 30 4 -73 83 73 32 -23 -1 -90 23 -94 56 58 75 -99 23 91 -18 -75 77 -4 76 60 -65 -16 -80 -84 -62 -32 71 32 49 45 -72 64 -23 -33 34 79 58 -88 9 10 11 66 20 53 -97 -8 70 94 -28 24 66 88 -23 -15 87 47 58 93 5 70 -29 -6 -32 -42 -67 43 78 -22 -25 69 -88 -40 -86 -32 -6 37 18 29 37 85 -45 -92 21 64 -61 25 68 73 19 89 -66 -84 -39 92 -94 73 -31 -42 81 68 89 39 -21 79 -90 32 -39 26 80 -35 -90 -81 -9 -29 96 -65 34 59 100 31 26 -79 81 83 59 -11 -63 -30 -91 -80 72 46 -50 -11 87 -14 -83 67 -30 -100 13 -17 -7 -21 3 41 -6 -40 -1 91 -53 90 79 24 -8 26 -59 60 87 -97 -32 -59 -13 -56 -70 -15 -37 -12 53 56 95 71 -59 53 85 43 -72 -21 58 -48 29 82 -65 -51 -4 8 99 5 10 -72 -79 -22 23 84 -58 -16 36 87 -67 -100 80 17 -57 85 31 -29 -47 27 81 -97 -39 -45 -36 -10 -86 -27 -70 -60 -72 9 17 44 47 -20 -81 -67 86 -25 83 -2 95 -12 7 -73 -12 75 97 -38 14 37 -94 -83 18 37 -2 64 43 -36 50 -79 20 72 -75 51 -4 -43 22 31 26 -52 -91 -13 17 -4 63 44 -8 12 -51 -32 64 79 68 91 33 -23 14 -29 72 90 -17 66 37 92 96 8 52 40 87 -63 25 36 -87 27 -60 -69 87 -10 -46 -53 -93 38 86 -98 -11 0 12 91 -68 -81 -6 26 -71 53 20 44 90 81 29 66 15 -47 -91 -88 72 -11 -62 82 -93 71 77 -19 44 -25 -18 -68 -31 50 80 14 -24 86 -73 -97 40 -94 -5 57 73 -27 -72 -93 34 -68 81 -63 -31 -9 -91 -34 99 -39 30 -13 59 66 -91 -44 -22 -77 -55 -38 61 43 61 -18 -16 -96 28 22 -76 49 61 -44 -94 46 -35 63 -11 96 -35 -43 -17 52 -68 -37 -57 -78 60 39 -47 -27 -100 26 -87 57 20 -55 -19 -27 7 -42 99 99 36 44 100 99 21 13 -98 27 47 -11 -29 48 -8 31 -45 -48 -25 -20 -15 100
-2 25 86 0 78 15 51 15 -15 -95 -25 -70 -39 -28 -16 -28 -31 -81 70 -16 94 -34 -53 66 -37 -12 -8 19 -3 3 -34 73 -29 -55 14 -27 72 -39 -30 -44 -58 -28 98 36 -78 -11 75 45 -42 -73 72 92 -1 -72 24 40 -53 94 22 -81 77 11 79 70 -96 -60 59 3 72 -10 -78 -70 42 -86 -89 -100 8 23 95 -49 -53 42 79 -4 31 -78 -43 86 -85 1 34 -97 34 -34 -64 -19 33 -35 14 99 14 -91 100 -31 75 -23 -76 8 34 -80 -2 -73 21 73 -98 31 54 68 43 6 67 -63 -1 -75 -42 -68 84 -88 -6 3 39 -70 -12 18 -90 65 -39 -100 10 -71 57 -84 4 -95 -11 -52 81 6 -15 -32 35 -3 46 -86 -98 -38 98 68 36 55 2 -93 -24 -44 26 62 76 -24 7 -57 -32 -20 53 -18 -81 45 -99 77 -60 -27 -98 23 -43 58 -74 80 69 -92 21 -44 88 56 -36 73 84 49 -53 -22 67 49 -70 -88 -46 -1 -44 81 -91 -4 26 -3 -92 -6 -70 -11 92 97 -70 -59 -8 72 32 -93 -50 0 67 93 -40 40 24 34 94 -38 21 -52 -5 -43 21 -65 80 11 61 11 -14 -82 -93 41 49 44 96 32 49 -23 67 59 -27 40 -99 78 -74 33 -17 -63 11 -80 -73 -66 -22 -71 71 -51 -29 34 -63 -4 -20 -27 47 84 21 47 46 94 -88 -42 96 41 -54 -69 65 -34 46 61 72 19 -67 -98 72 -38 36 41 -26 54 81 -10 87 70 -92 -33 -35 -38 100 -38 -85 -15 -51 0 -77 -69 -7 37 -21 -69 -48 73 9 -75 8 70 66 2 55 -26 80 -50 51 -54 -86 -5 62 95 67 86 -70 -87 -86 -59 18 100 -76 -93 -48 -62 -76 91 20 95 36 4 -18 -64 -17 9 -97 74 -70 -46 89 -48 -74 -87 -56 59 -89 -59 -66 -50 -71 -78 56 93 -39 72 -76 -62 29 8 -89 -92 -98 76 59 21 17 -23 -50 92 100 1 -34 33 73 47 81 -76 56 0 -54 32 -29 -48 -39 -58 -80 -87 28 3 -79 49 69 33 47 1 16 -14 35 37 56 -65 -2 93 -48 77 -50 -90 -46 89 -19 82 -10 -91 76 23 13 -46 -32 2 52 50 -78 56 65 -22 -81 90 -55 -55 41 -65 75 -5 -21 24 69 38 100 37 -49 -87 -97 47 -50 43 36 71 -98 -14 51 -38 -89 11 -4 -6 -25 74 92 8 75 42 -85 -91 66 -27 21 -61 -82 6 -34 77 -78 33
85 14 23 -13 87 -24 4 -1 -4 11 -60 46 91 22 -4 70 30 -98 25 -40 -62 8 47 21 -4 56 -63 32 90 63 87 -65 -41 -24 -56 79 -70 -95 -80 9 -49 -99 0 38 52 70 53 71 12 73 -14 59 73 -83 7 85 28 -15 -69 0 23 100 -39 75 -58 -70 55 49 -47 -62 71 -60 -76 13 68 66 -71 57 4 93 44 3 64 35 98 -95 50 -39 -80 28 -61 3 -5 13 2 -57 94 -31 69 -87 40 21 38 79 -3 -53 60 68 -64 8 -24 78 -14 -49 56 19 -59 -59 93 86 94 14 -65 99 42 -88 27 42 3 67 28 -4 78 -79 98 97 64 -71 60 87 -62 40 -89 65 -25 93 -55 48 -58 40 21 -81 95 -66 99 25 85 74 -28 -95 90 50 -76 -6 -96 51 23 -6 -60 -39 -78 -99 -83 90 -99 30 71 65 63 67 -45 77 10 12 -1 69 18 -63 35 -99 -88 -1 45 30 -8 -28 82 94 -11 43 65 37 -87 -63 34 99 -93 -18 -4 71 -67 1 -31 98 -42 -47 -97 -78 -34 -2 -39 -100 -78 71 67 -49 74 -60 -65 68 43 -96 73 -21 65 -72 94 -94 80 -99 12 17 59 16 19 -43 -47 55 -89 -98 -87 -8 -57 83 -97 -66 -93 -62 86 26 -100 39 100 -73 -72 51 22 -85 -57 -17 84 63 100 60 24 56 -47 -35 20 47 -22 -3 57 -54 -71 -66 -8 -51 91 -57 21 20 86 27 -5 87 -6 -18 75 60 80 -48 -90 -98 -68 -91 79 72 -95 95 -56 -7 -95 7 -39 -66 61 32 -25 63 -73 4 94 -15 81 100 43 20 -13 92 2 40 59 66 75 -58 98 8 48 -45 23 -75 -22 -8 -59 -21 -99 94 -14 -61 -35 -23 -100 96 -2 -68 12 -31 72 -72 -6 -51 -47 76 -80 8 -32 -41 -77 57 79 18 32 73 -92 41 0 34 -54 -44 -100 7 -63 -93 -90 -66 65 -92 29 5 39 20 -41 21 83 43 94 25 -78 48 -18 -95 -91 44 -47 97 -75 -54 -79 57 84 82 28 -88 88 -13 -89 50 41 -29 58 -7 -72 -6 54 -36 76 69 94 97 -2 -80 -74 -64 77 47 66 27 -28 -88 88 7 -42 63 79 -38 70 -38 -59 75 89 92 -82 81 -37 -67 -82 -95 -8 63 -59 -85 -68 96 -90 72 -32 33 98 -55 -17 89 -95 21 79 -31 21 -71 -96 -91 67 100 -79 96 -26 -25 -66 42 -26 -29 70 0 -93 -68 33 99 46 -46 5 25
-30 100 50 71 -59 55 56 -4 71 -89 -28 -17 -4 -27 -71 4 -82 -91 -46 91 0 -76 -89 39 32 40 -95 84 -60 19 -40 34 52 69 40 61 -49 4 -94 30 -48 -18 -12 -51 52 83 -43 -63 -68 55 67 60 -77 81 90 70 74 52 80 -12 64 85 -25 23 98 33 -18 -74 -35 -36 14 -6 38 85 17 63 -76 100 -15 21 50 47 9 20 -3 57 82 -86 -42 -68 -69 60 -60 77 9 -7 -45 58 -96 -36 -69 -9 35 -95 -20 -11 -25 -37 91 19 -75 -38 93 -10 -34 -48 -33 -95 44 62 -68 40 40 16 79 77 -66 13 -39 92 -87 -31 93 -73 -71 -21 -31 -4 22 -46 -53 -72 -46 -98 89 -86 26 -37 75 6 -32 -37 -51 -65 -22 48 13 64 -93 41 -85 -2 75 42 68 -58 -15 98 96 -100 50 2 -33 -85 97 -5 74 -44 -28 -55 -86 -56 -71 -68 73 -65 -14 46 39 -81 95 -83 -92 34 -5 49 -18 24 -32 -85 39 5 31 63 -14 36 30 -27 -53 20 -13 -63 8 -35 23 44 96 23 7 82 -42 -43 -77 35 -93 23 -74 39 -22 -64 -46 -55 -87 -70 -66 38 49 22 75 -13 81 47 73 -21 -97 -49 -58 96 -41 -82 -73 -8 78 -33 -8 69 30 -53 -15 -18 70 -81 35 35 12 -31 1 62 -20 -90 -12 49 65 12 -39 12 27 -44 -11 -47 -81 -23 44 76 96 -34 26 26 -33 82 -85 24 -9 -64 -24 23 63 -85 10 -44 42 -15 -13 4 -30 55 -58 50 28 -4 0 -63 56 -82 75 75 -94 -97 55 54 -21 36 58 48 11 -17 25 33 34 72 -65 -39 -23 67 12 6 -38 17 -1 11 -34 71 91 -47 -57 13 47 93 -20 78 5 -27 4 62 -61 42 -47 -87 -49 -45 -60 51 -61 -92 -37 -54 58 -22 13 33 9 -61 -82 -19 -36 -34 27 -35 -50 11 8 4 22 14 32 27 -84 64 90 40 54 -86 -45 37 44 14 -83 16 14 82 -57 80 20 35 -31 34 -22 -5 -39 -27 -17 -73 39 46 -65 -6 -45 -24 8 -44 -25 -61 -87 53 50 94 38 68 77 10 -42 -100 80 13 34 -21 -27 -34 -70 -96 19 29 88 68 -69 37 -74 -46 1 -75 76 9 5 78 67 33 50 14 18 81 12 -71 -47 18 3 97 80 87 -40 -79 87 -17 56 -54 59 -44 10 54 -50 -81 95 -24 64 -30 -64 -99 -89 68 -8 -22 64 15 -78 -70 -41 -46 53 -6 6 60
-86 42 -68 93 -32 -67 96 14 4 5 -86 3 -91 -87 -54 34 -63 -28 99 50 85 46 -24 41 -76 78 -73 -35 -54 24 -84 -92 71 -100 -77 96 -70 78 53 93 -34 -65 77 -22 -2 -53 8 62 48 -30 45 -98 -95 0 82 -72 -69 62 -27 74 -8 -48 84 4 -88 -64 85 -83 -46 71 26 46 -96 83 36 -66 77 54 58 -45 -59 94 22 -36 82 52 -98 5 29 -58 -1 -57 51 61 -86 18 6 -65 -66 36 16 54 -72 -98 62 -58 40 -6 -19 -95 51 -4 -46 -47 -51 -36 11 96 -80 -94 96 95 6 -46 -5 57 56 66 -70 -82 73 83 44 58 19 -4 -97 7 -59 -95 -53 -7 1 -64 44 4 41 -72 -84 0 -31 17 -65 84 -89 33 72 14 -22 -30 23 91 -29 14 -1 95 -98 -65 -35 -43 10 87 -64 79 67 -35 74 1 53 -39 77 -16 -10 -16 -11 69 85 -51 -90 -53 49 18 -25 88 -48 49 -22 -59 -3 -72 3 84 35 62 -5 5 -82 -6 55 -97 12 -52 -53 54 2 -60 86 57 -55 87 100 97 -54 9 -26 -73 25 14 56 -73 -90 -82 4 11 -11 22 -99 -1 69 -19 59 -55 -90 -45 -40 -82 -3 23 -7 93 61 -56 -3 -55 15 100 -45 39 17 -98 91 -42 -44 75 82 10 -71 17 10 15 39 -93 -24 -16 -71 25 -88 32 100 -16 37 68 9 61 -44 -68 -3 -66 92 75 -70 29 12 -3 -83 -61 93 27 40 70 -3 54 9 -43 -96 84 -88 98 -2 4 23 59 53 53 -95 -91 -40 84 -3 -34 -25 54 -21 94 -67 -96 22 4 31 81 -32 -26 73 -85 42 49 31 -72 -26 39 -54 -39 61 70 -50 100 45 -59 33 34 90 57 60 32 52 -91 92 56 -89 -93 2 69 -3 25 -97 -78 -65 -41 -37 -78 17 26 -10 -3 -26 46 -64 18 -70 -67 -38 -37 69 53 -12 18 -8 62 -39 1 35 69 -100 -27 76 48 73 30 -71 78 -20 -64 -57 -51 -22 -32 -78 18 96 -31 -57 -20 -14 23 -2 10 97 -8 75 -54 -82 86 9 50 -69 98 -49 41 -1 -34 41 -56 -58 36 92 54 -21 -75 16 -79 87 -85 -11 24 -76 -86 40 -18 95 -3 32 -14 65 -55 -29 -70 -44 -68 10 24 -42 -24 20 -91 -38 -52 -56 85 96 -43 -93 95 -43 -64 -80 93 -64 16 50 30 -65 -10 -52 29 76 -31 -15 -50 58 46 -24 -67 -48 65 100 -99 84 -50 78 33
95 46 40 68 3 42 -85 -96 -99 -5 -66 -70 69 -52 55 -73 -64 -84 -42 39 -89 -25 36 23 41 96 15 6 53 49 38 45 71 45 45 13 -78 -19 93 -31 -13 26 -91 -42 63 38 19 -95 58 90 77 -66 79 -57 -21 67 -64 99 -58 42 87 -89 -20 -75 33 -76 -65 -39 -29 -67 -9 -37 25 87 66 -94 53 37 -59 39 33 -93 61 -70 -73 65 -83 21 57 65 -55 -65 41 -72 -30 -78 10 29 7 11 -7 23 80 -71 -84 3 56 -93 -57 -98 -57 -13 5 0 -97 -59 13 -67 57 89 -60 -95 62 89 -33 -26 -54 57 100 -99 75 36 71 -81 94 -33 -1 6 -48 76 7 80 52 27 -82 -5 43 -24 28 -52 48 -91 79 -10 74 95 97 78 -40 -31 99 15 -33 48 -67 -68 14 -26 -65 -82 50 56 -74 -53 -16 -12 26 59 81 36 83 -36 -28 96 -16 22 -12 -30 68 -2 -82 -95 6 35 -30 -12 -15 48 74 -46 98 -9 -77 39 28 47 95 64 32 27 22 -94 -25 51 -71 -41 -82 -89 33 54 58 73 -93 99 -54 -49 97 -64 61 -9 -21 -39 83 78 40 9 41 37 80 24 51 8 -79 -57 31 -60 -9 -28 -83 57 62 -81 -55 99 96 -7 -31 -19 29 -35 94 72 67 -7 -41 -7 80 27 14 -51 27 -97 -36 -27 49 78 -27 -52 41 -83 45 -61 -68 9 5 -35 -25 4 72 -12 -63 92 -26 84 -31 36 -20 29 -95 83 63 23 66 81 -73 64 21 85 8 87 -71 -46 12 79 -45 -22 -18 14 -16 76 56 -43 -29 35 53 71 -16 50 91 2 -75 -2 24 81 68 -29 42 -3 60 15 25 -34 -37 76 -35 -73 58 -57 -43 -63 -95 92 -30 3 -4 26 -51 12 16 -50 83 88 35 57 23 -26 20 -62 -51 -89 68 52 -51 -7 7 55 -29 14 26 83 20 69 -98 -37 66 -30 -49 43 100 -18 -73 -89 55 55 23 30 58 75 71 -45 -89 3 71 -39 58 52 -62 59 86 13 -43 93 -19 56 -87 14 30 -41 -88 -56 -40 -80 -37 46 80 31 78 72 100 25 32 34 -1 -69 -90 -78 -38 80 92 -9 -41 85 60 93 9 -17 26 99 -2 5 -26 48 -80 78 -30 -86 25 8 -55 -89 32 -35 26 10 -89 -28 87 38 21 59 -65 21 -66 -88 -18 -41 -1 36 -94 24 -21 -47 -46 26 97 78 -6 -17 -65 87 -58 78 -88 78 -17 -72 -46 -75 -25 4
33 -57 -83 37 -55 -31 96 -33 -44 -44 -66 3 33 9 47 -17 62 -95 15 -1 72 11 -62 95 -2 23 39 -28 -15 -7 -53 69 29 40 95 -64 83 -44 -47 -54 -87 -63 5 31 -43 25 -67 33 -55 -88 83 -68 94 -92 64 -61 -54 30 -25 37 90 -80 -92 31 -44 -32 -29 -75 94 -15 69 33 -9 -100 32 -4 -29 -77 72 -83 -21 33 -34 27 -24 -90 72 72 -23 87 -21 -55 -51 13 74 61 48 68 -65 25 -77 76 -97 40 86 70 -42 -95 -57 69 -91 38 -15 -100 -37 -42 -18 95 51 21 62 92 31 -42 -37 -66 58 36 26 100 68 5 -61 -10 93 -59 -17 -91 -97 -51 75 27 -7 62 -56 35 22 28 -19 -80 95 85 56 -42 -87 -39 -90 68 -79 -99 97 -76 0 -43 98 -62 -27 31 4 -1 87 -86 -14 -60 -26 -75 78 96 26 66 100 43 -20 87 -6 38 -59 43 98 -33 -21 -70 -43 70 85 -39 47 -20 0 -72 -64 -63 82 -68 -56 -9 -34 41 -47 16 -46 95 -61 -30 3 48 -83 29 48 14 1 -3 -73 -80 -95 10 -83 -21 -4 -21 -77 86 59 -11 10 -100 47 -19 -21 49 5 -34 73 58 7 29 -51 35 67 -50 96 25 -27 -36 83 79 36 -66 -51 -81 40 -12 0 45 77 -54 30 60 60 -26 -52 -43 20 -4 39 -57 8 -6 -2 87 -52 2 -91 -28 -8 8 12 -82 -41 42 94 -43 14 -54 17 -6 60 31 -63 96 62 77 41 -93 12 57 -34 18 -26 17 15 -92 23 47 33 -86 31 83 -40 3 29 54 -72 25 -17 69 -69 93 82 12 -85 83 94 14 -11 44 42 -8 55 21 -33 -32 19 94 77 -60 30 63 5 -55 -57 29 -13 11 49 -43 46 -98 -71 80 -61 -25 80 94 7 -12 -4 -80 65 24 30 92 93 -51 -92 -26 72 64 -37 -55 -3 0 -31 -42 -61 20 53 -6 80 11 90 53 -5 -39 -7 32 -53 -58 -71 14 95 60 -2 -38 12 16 23 -45 -34 -75 91 -3 14 50 61 10 68 7 38 83 -86 -83 -55 30 96 7 -93 -23 50 100 -84 -2 64 -98 -17 -1 90 64 -3 90 0 -57 78 96 4 49 -42 -74 -44 -97 -78 -65 -31 95 -47 -3 -36 -4 -83 0 39 45 -97 -19 -93 41 -19 73 -11 -29 24 99 -80 49 35 -94 -9 0 -34 -10 83 -41 8 -87 51 -3 67 90 82 61 -3 -66 75 90 31 -84 65 -66 79 -81
-56 -16 -83 -62 64 -78 -19 -29 32 57 73 -94 -12 47 43 -57 -82 98 -17 72 -65 -61 13 -59 79 48 -50 -49 -76 25 -100 22 -90 21 -65 75 -82 68 -35 41 82 25 -81 -52 -59 14 35 83 -58 -57 -11 -66 -77 -29 2 48 -81 43 -10 54 59 59 -5 -24 3 -45 52 2 28 72 -40 -15 3 34 -74 39 -24 87 96 -12 77 1 24 45 -10 16 -26 -2 -66 97 26 64 -48 -23 80 94 -10 73 11 -7 93 51 10 -41 72 64 63 -8 53 -17 3 -22 -43 68 38 -44 -86 66 -75 60 11 -91 97 52 71 83 16 80 86 -26 -82 -32 61 -97 -46 -77 -67 43 33 50 -12 42 25 -88 87 76 56 26 -46 8 75 79 7 -86 42 49 92 -79 39 13 53 46 15 -8 33 4 -7 3 77 -62 29 7 7 -4 19 -48 -57 -93 53 93 -71 85 59 -70 10 -43 -28 -57 11 -37 71 -86 41 -70 -5 -88 -1 -96 63 48 10 -8 -2 26 -89 41 58 75 -6 -37 32 34 -35 -17 -45 66 -36 60 -63 -8 -85 79 -64 20 14 -51 7 -92 -2 -79 -98 35 -68 -15 49 -42 -91 -18 -72 -67 -10 -75 -34 -73 -61 62 -24 -29 -74 84 93 80 -78 71 -32 -96 92 37 17 -75 74 70 78 35 -81 -78 71 88 38 64 67 92 -46 -48 -75 89 72 -91 -12 -92 73 -43 -14 -2 -96 -6 -4 34 -22 -10 46 -17 77 -63 -94 -91 -34 8 94 -25 -26 -35 25 -92 49 -97 -83 -92 -93 -8 93 95 43 51 -45 -86 3 17 -11 35 -77 39 -21 -72 55 13 -36 60 -79 -44 -18 19 -73 23 -88 -5 73 -85 -18 -9 9 -74 -90 60 -87 75 78 45 23 -28 -95 78 53 -94 -98 -70 -84 -97 4 -2 -41 -21 -70 43 -61 -47 -17 -82 55 -43 96 43 -80 -14 -92 -4 84 29 -5 57 56 21 -21 -81 62 39 -64 -41 40 94 67 -46 56 87 -27 -27 69 29 17 70 90 89 52 -37 -21 12 -53 14 -81 29 -41 -26 90 -90 27 -73 -25 15 -51 -61 53 55 -68 57 37 -89 33 8 69 25 -51 78 -22 -55 7 18 -79 -36 -10 21 -15 21 29 -52 -66 -73 18 -39 72 -27 -29 -19 18 -56 -66 79 59 86 -37 96 -53 -55 50 -38 94 0 84 -36 -14 99 2 -32 -4 -58 2 -97 -40 -31 -53 -29 29 55 27 -45 -40 -27 -50 -48 65 -20 34 46 44 10 44 69 94 13 -41 7
87 -1 76 -84 0 17 16 -36 -68 91 -73 49 84 88 57 61 -84 63 23 25 81 -22 74 -23 -25 -94 87 -70 -42 -17 2 69 47 91 70 39 54 22 -30 -31 100 -23 59 -26 -98 39 -45 -57 78 3 43 46 -46 -22 65 -42 -4 25 99 -61 99 44 34 29 34 81 -19 -77 -19 26 -31 21 3 23 89 -86 44 56 25 66 96 53 -64 -69 -28 -47 75 64 58 4 -33 -42 -76 60 87 -40 55 52 -51 31 -76 -65 93 -88 -2 -22 59 -13 99 20 56 -76 -60 -71 60 76 9 -45 98 -55 -33 -58 47 -100 -94 -97 14 -57 0 69 -85 42 8 -27 63 95 -26 -59 81 78 43 -20 3 8 19 -20 -67 19 -46 -87 74 -100 -98 27 -65 -51 -51 -70 -81 -14 71 10 17 16 56 -4 25 -36 27 60 -34 58 -4 79 -14 -66 51 91 -58 -80 -89 35 63 71 58 -61 78 31 52 -72 0 87 97 46 -75 -32 5 79 63 -69 60 52 -12 -59 -32 22 41 -44 -77 94 25 16 76 -15 96 -63 75 -86 -76 1 -78 42 -78 87 72 35 15 19 56 72 34 -56 -19 -41 -68 -30 37 -85 -51 85 -39 84 31 58 54 61 -58 19 -44 -82 91 66 58 -27 -42 -62 -84 -98 -73 6 -56 20 76 23 24 8 80 60 71 -38 -2 -25 96 78 -83 -92 96 92 54 -93 75 36 44 61 -34 -76 15 -28 15 -62 -77 -41 81 51 57 92 64 27 -13 78 90 21 20 -98 -28 12 22 -3 -27 -60 -33 47 -90 8 -15 -42 -76 82 85 7 -64 70 92 -68 0 90 14 58 -46 -81 -52 2 19 -80 -45 -81 -61 -32 15 73 -27 30 -96 23 47 -49 53 -57 -25 42 -26 -80 -65 -18 -70 51 -93 -90 -72 86 -12 37 -61 -95 -60 48 -73 46 43 -34 80 29 -63 -82 -47 64 -73 77 39 54 18 65 98 -32 91 75 -72 53 88 81 -33 11 -13 61 49 28 -98 -91 25 10 62 49 -38 54 -32 -12 -77 99 -49 -8 -41 66 3 44 56 -70 -43 44 -77 79 -45 -11 11 -77 88 -58 -18 97 40 78 -75 -56 5 8 -58 -92 -61 1 -57 80 -31 49 -26 -15 -78 22 -54 96 9 -33 -57 18 -88 -3 -62 69 -20 65 -22 1 6 53 -26 -43 -6 -71 99 54 -78 1 -2 -54 -15 48 -84 63 -29 -67 7 -92 79 41 5 -65 -42 -29 -22 53 30 73 98 24 65 10 73 62 52 -15 -16 44
-19 17 -45 82 -31 65 94 29 -82 -74 85 82 35 67 -96 -75 -12 -1 -77 22 4 -21 -14 98 76 45 11 88 93 -65 66 -47 -88 -71 23 23 24 12 -12 -81 -41 -97 74 57 48 44 -2 -29 -38 69 61 12 69 44 61 98 -29 11 -23 -100 39 15 59 -60 -55 100 -69 67 -74 63 -81 -82 7 10 28 13 -43 59 32 -58 -95 -39 70 -12 53 60 30 62 -99 -3 -43 15 95 92 -8 93 64 76 77 64 57 -34 43 69 61 -91 21 65 19 -58 17 66 -84 79 92 -65 74 -80 -52 -98 -13 9 65 52 -100 2 55 58 -82 65 3 -55 -66 20 10 55 -13 85 -53 -83 20 19 59 20 89 67 31 2 -1 -21 62 80 39 79 18 -21 66 31 -47 4 51 -12 -84 2 44 48 -17 -2 45 -48 30 -68 77 47 -78 -47 99 -84 1 -82 -5 -12 23 -82 -25 -60 -3 -74 -57 11 23 88 40 -89 -33 69 27 84 -87 24 5 25 62 42 -17 34 60 96 37 40 76 -29 -54 -52 -95 -41 19 62 80 -25 40 84 51 76 6 -45 -37 70 68 -41 -40 -23 50 -76 50 77 15 -32 63 31 90 66 41 17 -77 84 -25 27 71 52 60 -87 13 43 19 -77 81 -11 -47 -21 32 -64 -50 36 -29 -14 -84 7 -39 97 89 -37 76 63 37 -52 76 -29 90 -42 43 -47 54 -25 -90 -47 25 -44 -33 72 -10 -99 -73 -96 1 -74 -79 4 52 44 24 -28 -8 64 80 -37 21 -70 -25 57 -91 17 -62 72 -18 34 -57 84 64 -52 13 -18 73 89 -6 -68 -95 -43 -63 30 -94 -92 7 52 -55 -91 -15 -99 33 49 -44 -25 10 -66 -80 -79 -70 50 94 83 31 91 -87 -67 77 -97 52 -8 62 33 -39 -73 4 100 -45 80 55 16 4 1 -68 87 13 -17 71 -31 -1 -22 -19 -50 -60 -59 -91 25 -25 -44 67 -62 -64 -80 51 96 79 -96 -51 -63 25 89 -13 -64 -95 32 72 22 -1 -41 -35 -91 -23 96 -40 -93 42 81 98 -14 -27 -11 -22 30 -1 14 14 94 -71 43 -91 -9 52 -15 -16 -81 31 11 62 -31 72 -82 -2 -1 -72 85 18 27 -50 84 37 91 -48 -45 -14 33 -86 38 8 36 -46 96 -87 80 90 39 78 -51 47 90 -72 89 39 -88 -61 67 -27 32 50 56 -45 -30 -60 -63 -84 1 -73 11 10 68 -41 -61 72 60 -77 -62 20 38 27 -53 -69 -77 91 74
76 -69 -37 33 72 -83 80 45 75 -80 -70 77 75 -22 5 -14 -72 -84 61 -73 33 78 71 -74 -43 -5 -73 57 -23 35 -7 66 0 -4 -35 -41 38 -97 54 -37 -14 91 6 29 2 17 64 -46 0 30 49 -12 -46 -88 97 54 -64 71 59 -91 87 -36 -94 7 65 -63 -13 -64 -54 9 -53 -14 -47 39 -29 -82 -16 52 -6 -65 51 -1 -23 -36 -78 -97 -66 59 21 -28 82 74 41 88 -22 35 96 -91 -81 -48 72 96 27 -51 -51 99 70 0 -91 88 -13 25 -15 -82 -27 -18 81 -75 65 60 70 -47 -84 -21 -48 31 51 -96 36 61 48 -52 95 84 -75 -60 36 65 -48 -62 -28 57 23 -50 -100 98 -45 -99 -12 -25 2 -41 -95 10 -82 -3 -15 42 -96 22 -62 -49 11 -63 8 -78 -95 -70 -36 -24 -7 87 5 23 18 45 10 45 -12 19 96 57 33 50 -69 -43 92 81 -97 -83 98 -62 97 86 -55 75 52 -33 5 -84 -60 76 76 -32 33 65 72 -38 64 65 -96 -87 37 50 28 12 -82 -8 -75 -48 -25 82 67 42 -96 -33 -55 -85 90 -70 79 -56 -13 17 87 -5 60 72 11 -91 -56 44 57 11 -62 19 71 97 -49 -37 -70 99 -42 3 90 -89 -24 -68 3 -42 -41 -83 80 9 48 84 76 -83 64 -44 -18 91 -81 -91 -13 -100 17 -81 100 90 -3 -79 -39 -51 43 -36 -32 -78 -57 11 -9 38 63 -58 -64 -96 91 -48 60 90 85 -15 -53 66 24 79 -11 24 -21 61 -84 81 94 21 15 59 -40 -9 -35 1 85 -68 62 -37 -6 30 -5 79 83 -14 0 61 76 66 -55 -99 15 -100 -96 53 -100 -46 67 37 28 -37 -80 33 50 -28 -8 -59 -85 64 -33 22 46 29 71 -1 -14 34 16 24 -72 89 -33 -12 -37 -30 -2 -25 -64 -91 -47 -39 95 59 -16 -1 5 31 54 12 -15 -55 -100 89 88 55 -98 98 -52 27 -78 -100 0 47 59 41 -61 -41 68 -35 -80 84 -9 27 -90 -60 5 43 -74 15 -91 68 -80 -70 98 44 21 26 -65 1 0 75 -68 73 -77 -59 24 -6 -71 -54 61 100 70 -36 -85 4 69 39 68 -94 80 19 -56 85 -96 -11 84 -68 79 26 -19 -94 -21 16 -42 9 -64 -28 55 33 -33 -61 21 -97 -26 28 -41 -89 39 93 -43 -85 -6 -89 -97 -74 2 67 -16 -26 -8 10 -49 30 13 -69 -64 -41 -88 41 -100 -31 -93 70 31 21
-98 -13 -32 68 6 76 -75 74 13 -37 -54 33 -72 -37 -72 -75 -49 -82 3 -52 -72 -16 48 -63 -14 -98 -1 18 3 17 90 61 9 -35 58 14 83 20 2 -79 75 -19 95 -31 45 99 -41 94 35 -86 -10 -64 -24 -71 -77 -18 76 -36 97 18 -43 21 97 61 66 72 4 -24 27 39 -6 -7 43 66 24 -2 -52 -32 -34 70 -93 84 13 1 79 -61 78 94 72 70 53 6 77 99 -59 71 30 84 -53 61 -32 28 68 84 23 -46 13 19 -88 -69 -32 26 28 -86 -33 -29 -64 -8 -24 67 -53 -51 65 12 -63 -40 -4 -1 -41 -42 97 29 -25 -26 -89 -81 70 81 79 11 8 -12 2 -32 -87 -16 -55 80 -43 67 -67 11 92 -34 51 -19 95 95 -35 47 27 -26 53 28 41 29 -28 -61 46 40 -72 -56 41 68 33 5 77 41 -21 -79 -21 -73 31 -97 -25 4 -59 -85 -77 -30 85 -51 -23 -87 -70 17 49 72 2 62 -45 -56 21 -73 -29 -10 91 -9 73 -97 99 -97 -89 -16 82 -1 85 -31 8 70 -1 -99 -43 64 -47 12 -78 -42 -51 18 -63 -31 99 60 -4 -17 67 -71 45 87 -20 -80 23 29 -18 -32 80 -96 -86 -92 -21 54 -83 58 21 -15 85 -88 -17 -93 -44 -15 40 16 -56 4 -80 31 99 -70 -34 -41 -52 -88 26 -46 31 -41 22 81 0 -29 58 28 25 11 -5 -23 12 -83 -59 17 -47 -9 1 38 53 6 39 31 -84 -92 -66 28 -21 -85 -80 -59 -85 -96 -39 -96 -38 67 -11 39 -73 -72 -8 -67 -20 -55 -41 -32 -32 66 61 93 8 -98 4 100 27 -85 69 79 81 52 -92 -13 63 32 -24 -37 7 -78 -26 -55 -81 85 -62 75 77 -67 22 -58 -30 53 60 -36 62 -80 88 -64 80 43 58 86 93 -43 -33 42 -56 -77 39 -47 -33 94 -14 -85 46 10 5 -8 -40 -38 -59 71 -1 -66 -10 90 24 97 -59 -4 -91 -89 -98 -77 25 -13 29 -14 44 -64 -55 62 92 -82 -58 -78 65 -97 -84 -24 15 36 -94 -98 -29 31 -9 -78 -53 6 -38 46 -34 -59 46 -48 -97 30 -5 39 -16 94 4 -95 -90 -32 -100 11 16 24 82 -96 -61 6 18 94 -86 -92 88 74 67 3 6 -23 -31 -13 1 99 -24 -36 26 93 -34 55 31 -66 -29 98 -11 62 -65 -33 79 -14 7 13 -91 -26 -54 6 56 -71 -91 100 -99 36 90 -73 1 81 4 19 -63 14
76 20 -13 -55 15 -11 25 16 11 4 21 71 0 -15 71 -80 -96 94 72 45 100 -9 43 -73 -57 -62 -8 -39 31 99 79 -13 57 -70 0 -60 -7 -45 -59 6 -43 -39 -99 -42 84 23 68 34 2 15 -34 52 93 -21 5 32 -11 -30 -19 -60 -84 35 -30 -79 -55 49 33 -23 -70 -16 67 100 -60 -84 -35 64 62 38 -14 -55 3 45 48 -44 -21 59 57 -94 -73 10 -83 -77 7 -1 -18 -78 72 83 16 -31 -5 -64 -18 2 -100 28 28 -96 1 -45 -66 53 -82 -11 9 -14 8 95 58 -44 -77 -53 -43 -51 11 -29 94 -95 -41 13 26 -34 -10 56 5 -48 53 54 60 23 82 -52 -24 -37 68 -66 46 -23 55 35 -48 -40 -64 -18 -68 -43 39 62 -86 10 36 -75 80 -9 68 -19 47 -72 -74 -57 15 38 20 -31 30 8 -12 -37 44 22 0 -49 -77 96 32 -89 18 62 6 -31 -14 -93 100 -63 -24 -30 70 -44 58 -57 -80 -86 -25 -41 85 84 -97 52 -88 -9 99 88 39 19 -60 -51 67 -3 87 -38 68 21 -18 -100 -40 53 41 -3 -24 -34 73 38 4 82 -23 56 -26 20 -100 20 25 -57 85 -6 81 -65 44 95 -88 -74 -57 -66 -49 -86 -40 -15 83 35 -25 71 89 94 76 24 74 87 -44 8 83 17 -42 92 -74 -30 -10 62 46 -11 -58 77 30 10 61 56 -80 96 -93 -6 -83 36 -61 -85 24 -87 89 -48 -47 -45 -20 85 46 100 -68 -71 28 -11 -7 -78 14 -59 64 -23 -47 -29 30 -6 47 45 -4 19 11 -27 -50 77 -45 -67 -42 -55 -70 46 16 -86 -5 79 -41 81 100 -83 74 -38 60 57 -10 9 15 18 100 -67 -11 -78 7 66 -71 80 58 -39 -12 52 51 -50 -57 -41 63 52 -96 -74 -7 58 -27 76 -51 23 82 -29 -85 41 -8 11 9 69 -65 92 96 84 95 -82 -13 66 82 16 56 87 -4 60 -47 -39 16 -27 11 88 87 53 -13 81 -88 15 -36 53 68 -85 -99 -12 63 94 -58 -34 -92 0 17 -58 30 6 -49 93 32 3 65 34 91 -17 -69 -87 79 -76 -40 -24 -91 76 -28 -93 38 -46 -11 33 -64 -21 -11 -80 28 -36 48 33 24 40 -49 -6 28 -63 60 37 -74 -36 21 -2 60 58 -20 87 80 76 -78 61 89 32 -90 85 -78 74 77 51 -21 38 1 -32 -7 -100 73 100 32 20 -17 -52 -44 -8 -14 -75 17 -86 -13 17
-92 79 -33 -43 -90 78 -62 -78 -21 -49 59 -22 -65 83 83 53 57 61 80 -90 85 -96 -38 4 35 -46 -51 -86 -41 3 47 -43 -30 79 67 38 -2 -48 56 -71 -11 -4 -49 -34 69 35 91 74 -60 -45 -55 18 48 -10 -98 -77 -94 -39 12 -98 70 -91 37 55 -77 -66 41 84 -11 81 -85 93 75 87 -15 37 80 88 -49 67 -21 -39 57 -84 85 -43 -9 9 -27 92 -14 -100 71 -70 -38 -33 -66 26 28 -76 -31 -31 -31 -17 11 56 80 78 60 -7 -76 49 -51 -64 -48 0 -4 -99 -67 45 74 75 64 -78 -38 90 27 -17 88 98 -65 -67 -42 50 -8 -86 14 -16 -77 -57 -35 -11 7 80 3 97 -58 -8 -42 59 -89 0 -86 64 -46 -37 -64 90 92 -51 -7 89 -27 -89 46 87 55 100 91 5 -26 -48 -38 -81 -9 0 -73 30 -86 -12 92 51 61 22 15 56 -46 -95 27 -58 -91 -22 -24 -2 -21 -61 54 -32 91 -95 -33 -63 -7 55 20 -26 -25 98 45 10 29 -40 46 -59 69 100 49 -94 -71 70 -64 -87 5 -64 -6 -56 -67 -99 -64 -95 -56 60 35 -44 22 -14 -44 16 -82 -83 83 -16 11 -22 51 -98 -8 62 35 -57 -26 44 -13 -6 -38 18 -96 45 -40 -54 46 -5 18 -46 -32 71 86 10 -98 -37 -100 -87 35 98 14 -84 37 -61 76 -52 -9 89 56 97 39 -62 81 40 99 -33 82 -41 73 27 69 -90 1 -64 55 51 4 -6 64 -7 -63 31 -52 -11 92 50 2 -45 -38 -13 -30 -79 -40 91 -88 39 56 75 -80 -37 3 29 6 59 43 29 99 -85 -68 -47 -78 -77 -43 -55 36 27 67 25 67 83 -33 -81 -95 -14 42 84 68 -11 -10 -92 35 -35 25 -17 -28 -48 95 -83 -19 88 -82 -33 -18 -94 6 61 -45 -68 -40 -61 91 79 69 -98 37 70 28 -78 21 6 -19 79 41 -9 73 -32 -43 67 70 51 -38 17 -53 -3 -60 -91 75 84 -20 -43 67 51 -25 6 31 46 46 26 40 -98 16 29 19 1 81 31 66 -43 -19 -71 -27 54 21 92 -91 -25 38 59 26 21 17 83 -72 -55 65 40 98 -15 -19 33 84 45 -3 -31 70 -48 -51 -98 87 -32 -21 55 55 41 -51 -76 -54 51 -49 -36 83 53 -18 44 -69 -26 -94 100 11 81 41 29 29 92 -42 34 1 -27 90 46 -34 32 80 55 -99 -71 -91 -3 10 17 17 -49 -94 49 75 -3
-69 50 -4 37 -31 -79 41 82 63 5 -58 -89 33 -6 30 3 57 -87 97 32 -95 11 89 -25 45 90 -91 48 70 48 50 -59 5 -44 -85 -68 -36 41 -60 85 3 31 -57 71 -52 -55 89 -80 -83 31 -39 -85 41 25 81 -9 -69 -11 36 -29 95 -85 37 -59 -16 -71 0 90 0 -30 88 52 -100 -2 -24 36 -91 -53 51 62 55 95 97 25 43 0 -98 22 -25 -42 27 -5 -86 28 -79 24 44 -80 -35 71 39 -69 -61 -44 -23 5 68 -97 61 -66 16 -55 17 -19 -27 -1 -52 64 32 -66 -22 70 -63 27 -31 -73 -59 -63 -72 -100 52 78 7 1 12 13 -73 -48 7 -35 46 -57 -44 55 -34 -100 -43 41 -99 -71 57 -81 -27 57 -17 -53 4 -70 -73 -15 -3 -11 36 54 91 48 96 71 -58 -41 -91 -51 -34 0 55 -22 55 -17 -40 28 1 -96 88 -51 -79 -4 63 -6 84 -38 -24 82 16 -55 -53 -40 -95 -30 55 -83 -88 11 39 -77 50 -16 -91 32 -30 60 -32 49 -84 19 -59 -83 -84 56 19 74 72 99 72 -64 26 100 38 41 -64 -41 85 -11 -94 15 56 96 57 23 -52 20 -67 94 -27 75 -62 -71 63 -54 39 6 14 -97 -98 -40 81 46 -89 -30 -30 2 -64 11 58 70 6 -40 10 10 -78 6 -50 -61 65 77 74 46 93 -4 -92 56 51 -17 -51 37 64 99 88 12 -3 -48 18 41 43 94 -96 -92 6 -70 -92 98 -60 5 -19 -85 29 62 -85 47 -34 -24 -50 1 81 43 96 -59 -15 -41 -28 72 73 -61 -34 -17 31 39 -71 -24 -57 30 -67 98 40 -71 -31 68 -26 -66 95 73 -79 -93 96 -37 90 -16 -71 10 19 -4 64 9 69 14 0 89 83 -20 -98 74 35 -12 30 -68 33 -57 47 41 -31 49 77 -44 53 92 -4 23 81 -90 77 -97 22 45 -17 -85 3 38 -33 -94 98 27 86 -42 -2 25 26 32 3 -75 21 57 46 73 93 -14 -15 71 19 39 -7 -47 -83 -98 28 6 13 -95 4 25 65 81 -29 -84 -92 71 -76 76 80 -78 -44 -1 93 -64 49 -86 49 -43 34 -9 -65 78 29 23 77 58 -28 -18 69 34 -11 -3 22 51 -95 92 36 87 46 -46 50 -3 14 71 48 -85 -71 -88 -71 -25 31 -53 37 38 -78 5 -46 11 -84 57 7 57 -27 45 -76 -37 -30 -29 -85 -32 -4 8 -53 20 95 62 -62 -38 82 -88 -54 -78
11 39 34 25 73 37 25 -91 -82 8 19 36 82 -100 80 -90 -90 40 48 55 -33 94 -63 81 70 -81 -60 35 83 32 15 65 3 11 -58 -28 43 -11 -42 78 -38 16 -17 -28 57 -37 -36 74 85 36 -60 45 -79 -26 -30 50 79 -85 10 -19 -69 -33 -78 -6 -67 26 12 62 -54 -60 -3 -34 99 6 -54 61 -94 -95 42 -39 49 0 39 -92 89 -78 -64 -40 -8 25 83 -80 77 -100 -36 22 -38 -75 98 63 99 -55 26 9 -55 45 -71 -66 -65 -82 11 46 84 80 -71 15 62 3 -13 34 91 16 -49 -32 19 -49 -89 87 6 41 60 -99 70 -17 -73 -13 71 84 46 13 40 39 -58 83 -81 -95 -35 73 -14 -17 -65 89 91 33 35 -64 -56 83 85 52 -22 -15 52 -67 -82 -53 -7 54 -18 17 -65 -20 82 32 47 -87 -77 -41 -19 91 0 -70 -19 -12 -79 49 -71 -60 -5 -54 100 -76 28 -87 47 -28 -55 90 30 -70 -1 -34 -76 31 -90 7 60 -66 20 41 65 51 -26 97 -42 -8 -85 -98 95 -83 -50 66 37 52 84 -85 -34 65 -5 66 -55 -27 -68 70 -34 -19 -47 23 -2 -14 66 16 -100 44 -43 -47 38 29 -78 -30 68 92 52 0 -86 -80 -31 99 56 -44 38 53 79 -42 -27 -86 -54 -89 -26 12 -62 -58 8 15 38 32 -50 -19 32 -2 36 -72 -98 -67 -66 -56 -87 27 -7 45 46 -89 93 96 60 16 5 83 91 -80 -16 38 -87 -19 29 10 -2 26 -99 -31 -27 -53 -35 45 -36 -73 -20 88 -16 -86 97 -61 86 35 -27 -50 8 -24 -95 87 -96 -66 84 40 -36 19 8 -60 -51 -37 31 48 -7 -94 -69 99 18 -91 9 -32 10 7 3 -89 4 0 17 59 60 96 -92 -17 56 -70 2 -75 -59 89 55 68 -22 -26 97 -88 -22 -91 74 63 4 40 -14 -46 1 -54 85 49 28 -57 -74 33 -10 -50 68 -99 18 -69 -44 36 -92 31 38 37 -21 -10 -6 70 68 -70 38 88 58 -43 -75 -62 90 -31 -75 67 -96 100 96 31 -6 75 -7 84 80 70 -45 -59 -45 100 -49 -96 -65 -22 -16 -96 46 84 67 96 22 -65 -18 98 -49 45 19 31 -52 -69 42 -16 84 -9 34 72 57 -33 37 -63 -88 15 36 -75 59 -52 -85 55 34 -4 84 62 50 -94 -4 32 -63 65 79 -2 -84 21 -77 -60 62 85 3 35 81 24 -18 80 -32 -82 -67 -59 15 -72
13 55 -87 -15 -84 88 95 78 18 -87 57 47 -59 99 -29 -99 -73 -77 91 -92 -61 27 -41 10 53 -41 -23 66 55 -38 -89 2 -18 -38 10 55 64 57 41 -19 69 68 -82 79 88 -85 22 -19 97 -73 85 12 60 -21 22 -82 -58 52 -7 51 -55 86 2 -52 -34 58 41 67 39 -62 -19 -32 -45 -86 19 12 3 82 42 4 -83 82 -94 56 -66 62 -34 -67 -84 -81 25 -66 10 -66 71 -60 -55 62 16 95 -5 -52 -6 4 74 -18 -73 25 -14 5 46 -82 -19 87 -65 -96 -13 38 -34 -85 -16 87 10 -95 31 -68 -95 -2 -62 -30 97 78 30 86 75 98 70 -24 -63 -53 35 -59 -73 53 -63 -40 -22 -3 -51 20 -52 -35 -15 -90 22 -36 62 -76 6 80 -5 -33 -89 22 -83 91 -40 6 -39 -95 -46 -16 -90 13 -69 97 37 -7 -58 33 -6 -1 42 -58 -16 -33 -79 -84 18 37 82 27 -9 61 -23 -85 -2 92 38 78 -73 -32 -16 7 -51 -100 -45 -95 -20 -47 85 -91 -53 45 -30 -22 68 -32 -45 73 -41 -49 61 -10 7 -67 87 70 62 -42 -48 -36 -12 -14 65 -99 26 -19 78 -4 35 68 -30 -83 2 75 -59 -81 -86 -72 77 68 -35 88 -67 -26 -61 44 50 63 61 -10 -93 -13 -48 40 -84 -86 -62 -53 -21 2 -92 23 73 61 -96 -26 30 10 77 -77 21 -62 -64 15 -26 -24 -58 28 15 69 -49 91 5 97 -6 36 67 -80 -24 100 8 -78 -65 74 -46 -8 -10 -100 18 18 -86 58 -47 -52 -79 -45 -96 84 62 -43 50 -6 11 -86 73 -43 19 -47 -34 3 95 87 70 12 -69 72 72 30 -33 32 -68 8 -54 -99 21 -84 38 59 -69 55 -74 -92 63 -48 -90 77 68 37 69 -9 89 85 -8 -18 -76 24 -45 -24 -81 50 81 -20 -50 24 -12 -39 -8 -24 -54 -1 -30 -11 75 25 51 -47 46 -36 -34 25 3 15 -62 50 -38 90 -14 23 3 -63 -73 -47 -68 -40 62 76 -92 65 -42 -12 -60 93 -87 -88 20 17 -43 67 81 26 -54 28 11 -18 22 -73 -42 94 2 24 85 12 86 39 100 -18 -63 -32 -6 -6 -9 27 29 -4 84 36 -53 53 1 -56 -7 60 9 45 1 -45 -57 -45 -85 3 -74 20 -57 37 -23 63 51 -69 73 2 -37 75 1 87 -47 25 47 41 93 10 -91 -72 -40 59 -95 -10 -77 72 26 13 -27 97 43 49 -71 -90 10 5
-14 18 72 34 67 -1 95 44 5 -92 -77 -87 14 65 -98 100 48 -55 85 86 16 -74 54 1 -63 21 55 -24 13 79 51 -3 -46 -65 20 76 -96 23 -61 84 -42 -3 -9 -96 -79 66 -33 62 -66 -31 -81 -29 66 67 -93 12 68 -9 100 -24 -34 55 85 -61 -24 -1 92 -55 60 -17 -91 4 96 69 -16 -93 55 -33 -71 13 -30 59 -4 -63 -47 82 60 -58 -54 64 3 17 38 -55 -38 83 -26 -71 -71 -56 91 -59 -34 9 -70 -66 50 -90 98 -33 60 -16 30 -8 49 7 64 -75 58 7 4 -28 -43 -4 87 -91 29 86 2 -32 -31 99 -4 -64 45 -79 84 -81 71 -60 -42 19 -99 -59 94 44 47 -82 -69 -87 -55 80 -2 -82 -30 16 -38 76 -42 -1 48 8 86 4 -58 -40 -45 -53 -9 67 6 -37 49 96 49 12 -2 -48 -37 -24 43 -73 -54 16 -40 -19 -38 98 -62 87 -13 -91 42 59 27 15 56 -33 -71 74 22 -12 -92 -51 59 87 -77 -69 -86 21 45 87 29 39 82 0 47 -28 20 78 86 34 -1 -5 89 -47 -13 9 -1 41 48 -22 8 -61 58 6 24 97 63 66 -10 31 -25 -75 -8 19 11 -55 45 67 -5 22 65 75 71 55 -5 -27 -65 -64 -92 53 12 71 -46 8 51 -17 46 34 -100 41 -86 -27 1 34 -70 26 -6 16 -90 17 -63 -1 86 4 16 -16 49 -31 -88 -72 -88 -63 18 -83 7 95 33 -82 96 68 -66 -54 51 20 -70 85 39 50 -16 20 -59 67 27 -33 59 -1 38 -80 18 3 72 -4 -51 -47 9 -42 -17 -96 -56 -31 -66 83 -15 -14 95 21 21 31 -55 9 -2 -2 -10 11 -83 -68 32 -44 64 -7 40 36 -92 -43 45 93 50 -95 88 -83 45 37 25 -96 -46 70 48 85 -86 -43 -38 -62 -96 -85 82 38 95 24 -72 -73 54 -56 34 -52 -15 -87 -22 -72 31 50 -25 28 55 -50 84 30 83 -35 63 -35 45 43 -53 49 -27 -22 21 -95 -86 -23 61 68 41 -10 26 -43 -79 91 -8 -51 -17 2 26 17 76 -11 38 -68 -43 70 100 93 -73 -64 -58 -5 -35 -24 -12 57 16 -63 -1 88 -65 -85 -49 48 60 18 -19 -91 -84 93 -54 17 65 -77 27 -99 -85 -28 26 20 52 -50 -78 78 72 -87 -57 -85 -94 -60 14 -49 -98 -47 65 4 -64 0 92 -63 -21 -92 25 -66 -69 -80 69 -22 -64 81 42 3 -93 -6
4 -71 83 75 81 20 -80 -44 -87 31 35 -32 67 -47 23 -43 28 25 80 42 66 -12 -95 18 99 -8 -53 -9 24 77 -76 -8 -45 -36 91 62 -90 -81 26 -27 84 70 75 -70 81 -40 58 -73 64 10 -18 -6 74 89 80 -75 -70 58 -53 -24 -7 92 34 27 -32 -22 -54 -20 26 18 -57 30 -77 28 -65 55 -67 65 16 81 42 -91 -15 -86 -62 71 57 -55 36 81 53 -58 64 18 48 28 38 -92 -88 -8 -38 -35 65 -77 -36 52 45 34 96 -98 37 -15 -6 -2 -22 -36 -56 26 38 53 -92 11 48 -34 -16 4 42 -96 11 -44 51 -41 -29 -13 -22 -24 -61 29 -48 -37 -56 -4 94 25 27 58 93 -36 -35 -69 52 75 98 -7 -80 58 51 59 34 74 29 -30 27 -7 -94 25 -32 61 -53 -51 0 -78 91 -57 -3 -61 -26 -80 19 -70 -60 43 -64 38 96 -77 -21 -39 55 96 -9 -92 46 -94 34 42 28 -75 20 -42 -45 -28 98 -30 11 49 45 20 -89 -48 -73 9 -51 49 45 5 -2 61 -15 12 -60 93 -76 97 55 66 -58 -27 46 7 86 -66 -66 63 25 -53 -59 -8 -23 -30 -33 38 82 47 -24 77 48 -78 79 41 -18 -56 -17 28 34 -61 2 -35 100 -60 12 -29 -67 22 26 -76 30 33 52 -22 -6 39 -67 -62 -31 14 48 16 11 -70 -50 20 37 52 -90 31 94 -62 82 36 89 -45 -55 -47 83 -2 44 0 2 -81 -48 44 59 45 -45 27 96 -34 19 -75 62 97 94 -90 -19 -93 -54 -26 -48 -84 80 16 90 26 8 -55 98 -46 41 -89 86 25 8 91 44 95 -38 34 50 65 10 24 37 -43 43 1 87 0 -59 -6 99 71 97 -69 50 -90 100 -74 4 11 13 94 -76 -71 -81 -48 49 82 -23 74 -13 63 -84 -21 20 -28 66 -39 63 -28 -58 -52 -26 -21 88 -26 61 71 72 -39 -51 56 -87 38 -41 -7 4 16 -48 9 -16 74 -42 -24 -36 -79 82 -49 -64 71 -26 5 -49 -72 56 82 -41 -46 -49 -3 94 -80 -12 95 -64 99 -31 -92 -80 9 -96 17 34 31 -32 -24 -27 51 -42 34 -43 -83 72 39 -42 62 -33 9 40 37 25 -47 28 -38 -37 77 89 90 -25 -52 -50 80 88 -54 90 -5 -25 72 76 -7 14 -71 23 96 -36 -49 -20 16 -24 -43 78 10 59 -71 22 27 -76 -89 -53 29 48 -96 71 24 -60 60 70 61 -33 52
44 81 -67 -18 -6 68 33 -14 20 72 -77 59 94 16 1 47 0 60 -62 84 78 -12 -6 64 -51 7 52 61 -74 66 -43 86 -57 16 -30 -56 38 21 -36 -19 -29 -98 59 6 -33 -12 -61 -43 -31 -80 46 68 16 16 85 -8 -88 -47 73 6 -84 -75 54 -19 11 9 8 -74 27 -35 70 -72 3 86 -92 77 84 -95 -89 -87 54 -32 -52 31 16 -33 -71 -75 2 36 -44 -72 -49 50 -94 20 49 -53 34 44 96 -87 -33 -99 5 30 -71 72 -19 -43 -47 -73 -14 52 -79 7 -77 41 -35 -38 58 43 -34 26 -18 90 69 -94 53 38 58 -22 -16 66 86 -26 -78 58 29 -85 65 -17 37 31 -34 76 73 -52 58 -83 -65 7 64 -55 2 58 -59 -93 -75 -63 -43 -55 100 69 -99 -10 -58 45 -55 -60 -46 -50 -25 45 -69 -64 81 -50 -38 -100 -78 -7 -98 -26 18 -21 63 97 42 -73 73 -96 84 -40 -12 56 31 -72 -63 64 51 -72 -12 51 62 18 41 53 -33 -4 35 49 81 69 93 -8 -29 77 3 20 44 -29 -78 -37 20 -48 21 38 -30 -60 -74 -43 37 -2 -41 -53 90 -82 -31 91 75 -62 -16 29 44 -73 -41 31 -16 94 67 73 -92 58 32 -26 99 -86 -25 -97 -23 90 -89 8 -82 100 6 -36 76 79 -99 -54 -71 23 -3 -20 -2 16 70 -19 -91 22 31 -2 -43 67 51 -31 93 -43 -94 100 74 -87 -80 55 33 83 50 11 -44 87 43 -12 -1 -36 -91 -14 53 96 79 -5 84 -34 63 98 0 92 -39 -92 -44 79 64 38 -39 68 -72 -51 12 -42 12 59 95 -5 64 -81 98 -57 10 6 -94 43 62 -13 79 65 15 -1 -41 -75 35 42 -41 20 74 -51 21 23 -1 -17 77 -90 -17 -28 -46 41 -77 89 -90 -24 25 81 -5 18 -5 83 99 -88 -51 38 87 7 9 -51 11 -69 -35 9 54 -17 -100 20 53 -99 -15 86 23 7 27 0 35 85 52 -33 12 -16 -97 -73 45 -28 56 -79 45 14 -58 -46 7 -16 -51 45 -31 -12 -96 -8 9 -73 -48 -44 63 21 95 9 66 -55 17 25 76 42 -15 -55 9 -45 35 -93 99 -98 95 11 79 16 -2 -43 69 -11 -65 -31 56 -87 19 -99 -1 74 -8 38 91 -70 37 -6 -49 89 -80 -52 55 -99 98 78 5 68 16 -11 -67 -71 0 -61 15 99 -90 -74 69 -92 -43 81 -18 -7 -39 79 -9 76 -87 -10
44 -41 -7 48 -13 85 59 -14 -14 -22 74 16 -64 97 -30 -89 -92 69 -13 31 96 0 -55 19 59 39 32 62 98 47 66 35 27 -16 -61 -17 55 21 -91 48 12 18 -17 74 9 42 -25 -28 -1 -52 -45 -79 -2 -91 -72 -16 75 -39 -60 45 -91 -66 49 -42 53 -67 95 83 -43 -29 -90 57 -48 43 -76 -76 -71 -73 -55 -23 -91 -82 -36 48 3 -45 -6 78 -82 -29 83 10 -24 -74 -87 -64 54 59 -85 -51 38 24 -55 58 100 -80 74 -89 -4 -28 -84 68 50 4 -66 94 81 39 -56 -72 58 48 -87 -28 88 -20 69 47 -98 -70 -6 13 54 -49 45 -54 -66 -14 -2 64 -54 28 48 83 78 -100 -27 -96 25 81 -87 20 -13 -85 -18 -75 99 10 46 -51 -71 -81 42 5 -45 -64 -100 78 -66 -13 9 30 -53 -93 -25 77 4 13 -48 60 24 -2 100 29 51 -63 74 38 -70 -52 -76 0 66 73 15 -71 -21 -10 55 11 95 68 -93 5 -32 -3 -16 -16 -66 9 54 58 -28 -78 83 59 -66 -31 78 31 -68 -50 -7 3 43 70 -54 -19 76 -88 -61 54 -7 82 -20 -39 14 93 0 6 -28 79 42 95 59 0 57 -46 68 98 -84 82 87 16 100 57 -56 -95 35 -36 -36 96 -84 83 -92 0 -59 91 76 37 93 27 -45 -82 20 -89 -47 -93 -70 43 29 -72 62 72 28 -35 -23 -99 91 -23 93 -21 -64 -22 78 -14 -100 3 -9 -42 -61 -92 -3 50 -83 97 38 21 -29 89 5 -9 -30 65 -75 85 6 -96 5 76 -23 -82 25 38 1 88 -71 -34 -63 -31 -33 10 -100 77 87 33 -39 50 75 20 25 33 -15 91 9 72 -88 -8 38 -98 29 33 -47 58 -92 20 73 -19 -78 -85 -68 96 57 76 92 -88 -21 -25 94 3 -22 53 56 -44 -29 -2 -75 -60 90 -12 -90 -22 -77 -91 -86 -58 15 -1 -18 -29 78 8 15 16 -71 -51 -51 46 17 -12 -100 -25 99 5 -37 27 -71 39 36 93 53 -80 90 55 -1 55 11 -100 -26 27 24 38 -57 -44 13 -13 -73 -56 88 -73 -32 0 27 -15 -63 95 52 -68 31 -83 -8 -41 33 99 -71 -79 50 -32 -58 66 -8 -86 -9 3 -56 88 34 -45 47 -96 87 98 22 -73 34 -71 32 93 87 -66 -29 38 -69 56 -1 -36 79 77 98 -45 -62 57 79 -82 52 -86 -37 52 -53 22 49 -55 74 75 24 -35 87 -93 3 6
-4 51 -84 86 -89 74 30 -33 -22 9 -43 22 -68 -62 -54 5 -31 56 69 2 -90 -81 41 -73 -43 19 -10 47 70 -12 100 -62 1 23 90 -82 51 -2 -52 -60 77 -99 18 27 43 71 64 -61 -68 -50 34 35 30 37 50 29 36 65 -78 -2 -62 67 37 19 42 -30 -2 76 -64 -34 -64 69 93 -41 -44 -28 -75 54 -83 -65 41 -67 93 -8 87 -70 32 62 7 -24 2 71 55 -14 -95 4 -86 4 -94 7 69 87 6 52 47 24 -99 49 -6 -54 67 -83 14 58 22 76 26 -45 -96 27 -82 -37 -8 -21 -11 -47 94 -33 -5 -81 28 -13 -80 72 24 -30 32 47 -46 -61 100 70 41 74 79 48 55 -10 43 99 -72 -80 35 69 -15 46 -74 -5 -40 71 91 -29 -7 94 47 25 91 -49 -4 2 97 -26 82 -56 66 -91 -95 -18 31 29 -96 70 -99 -25 -65 95 -97 38 -69 -83 34 -44 84 52 47 -69 58 -35 61 2 60 39 -78 -90 55 -16 65 91 -1 39 36 -65 -22 -71 32 11 -5 -64 10 5 55 -95 85 -61 97 2 63 78 1 -83 7 -71 51 -58 45 -34 42 96 -88 -27 77 -47 -44 -70 83 -53 67 26 74 58 -70 78 -6 -78 90 -54 -25 44 -4 -56 -42 74 56 50 90 -4 -94 79 -61 -11 94 -20 55 35 -54 -46 9 18 79 91 23 -51 -88 -88 -70 -12 89 39 -61 30 88 -16 -26 -95 -68 -61 70 -67 76 -23 26 1 -87 -78 -87 98 -61 -20 -58 -71 -47 -62 88 -41 36 -71 66 -77 77 -77 -90 -1 -21 -80 -89 -41 99 -58 16 23 34 68 -56 78 79 21 -54 70 31 -83 13 1 -37 -58 91 32 -7 -19 70 36 -92 6 62 -8 13 -84 55 23 -43 -49 -1 46 77 7 25 -15 56 -96 -30 -66 9 -57 -38 -87 -74 -16 -94 34 -35 -56 -25 -64 -78 -70 -67 -8 25 23 74 35 80 99 6 -62 64 -5 59 -59 -24 -51 47 28 68 23 -82 83 43 42 19 -70 -72 78 -58 -15 -32 86 -97 -100 -20 88 86 62 53 -14 52 -64 -1 42 -44 38 -69 -74 -3 71 96 -79 79 -57 -55 35 53 -74 -21 -13 -71 20 -9 -12 65 -66 -21 51 -58 -70 88 -55 79 -46 27 85 12 91 79 90 92 -95 56 96 47 -91 -19 -87 18 48 -56 44 -74 -87 -44 95 29 60 -41 -27 7 -98 -97 -51 57 -72 -95 -25 -54 55 96 74 -15 25 -27 1
-63 82 82 72 63 26 -95 15 -66 62 -68 96 -15 -10 24 -93 -71 71 -64 95 -82 -64 43 35 -33 94 20 33 69 53 -71 -11 24 -71 -29 -27 32 37 -21 31 -58 -49 95 82 -40 20 -9 -52 13 100 75 -72 37 -89 -47 -13 -13 -90 18 -85 46 -25 -92 -3 -58 -54 63 -24 22 -11 -65 18 -44 -1 100 23 59 1 11 -21 -13 94 -74 31 -78 20 -8 -76 -44 -29 -80 83 29 -21 77 -55 27 -11 -92 33 -99 51 -46 -57 -84 -87 -33 70 -48 28 -62 -54 -100 61 -100 48 14 -9 -99 -71 -26 -53 -82 38 2 3 -5 -43 37 74 77 71 -24 -82 -66 24 40 43 -69 -28 -20 73 51 -68 -37 -78 10 -21 1 39 39 -2 22 93 -64 -96 -56 -3 31 -95 -71 37 -25 17 42 84 7 -76 -71 87 36 24 -46 -29 -89 -34 -99 69 18 -59 -63 38 -33 -41 83 85 -84 -67 -7 -62 -41 27 -5 -100 30 -6 3 -18 27 -26 74 -86 -65 -82 -20 -89 48 64 85 -26 -94 40 9 -89 4 2 48 -96 23 -69 98 13 -50 74 -56 83 -34 44 80 39 -41 33 80 -2 29 -55 57 91 -44 100 4 65 -14 -45 -73 -18 -66 24 75 51 34 -6 -42 -9 -79 73 50 -96 -44 14 -18 52 -16 47 -97 63 -67 -78 -55 -74 100 -79 -92 1 -10 -33 -49 68 36 91 -5 -8 37 -67 -41 78 -92 85 -39 92 -1 -49 20 -64 -94 98 32 -87 -13 -72 15 0 61 30 -65 -9 26 40 -7 -82 47 -39 -67 87 17 21 50 -79 17 93 -37 41 -41 68 83 27 94 76 -63 80 -61 -56 63 85 49 -4 -25 95 -63 83 -46 67 64 -78 -92 62 -71 56 60 -62 98 -3 -71 -42 -73 -11 31 90 62 -13 -84 3 -24 -10 -94 -49 -23 -67 -67 80 -8 -92 -49 87 41 -19 30 -87 3 -83 36 62 82 -9 -58 -43 -8 18 49 -96 81 -67 -47 -61 43 -25 -60 24 -52 -93 60 34 71 4 -37 -60 -26 -86 44 -39 -92 42 -38 61 -74 84 54 68 -94 22 16 24 47 37 -45 85 -52 81 64 -25 71 22 89 52 -41 -12 68 8 -82 -87 1 -38 -46 19 -56 85 26 -45 38 -49 -64 75 -47 57 75 57 28 -84 21 -95 -92 73 -73 -81 -69 34 -53 89 69 50 98 16 -83 -25 66 -72 7 -42 83 66 -1 -50 30 54 6 -35 43 -44 63 97 17 72 -40 -38 -87 -37 36 14 24 4
95 -38 26 -4 9 -83 76 22 77 28 14 32 77 -42 97 -1 -63 -14 98 -50 84 62 -9 -21 100 28 -89 7 24 97 34 -61 55 -98 -90 -68 -17 -61 39 12 31 -30 97 67 98 60 -98 4 70 -86 -87 2 95 -92 -69 95 -51 41 94 81 62 -85 77 36 9 7 89 80 8 -66 87 -36 -56 75 -78 -51 -4 12 -23 84 -28 73 -26 -66 -24 56 68 64 -9 22 30 92 -67 -25 11 -87 -18 -13 -29 79 -7 91 -30 69 27 88 67 -38 53 69 -30 -58 -67 -59 100 -90 51 6 89 -47 68 43 -2 -72 -69 15 -10 33 -85 37 84 -90 -55 57 27 -95 28 -85 24 -36 83 -34 -74 89 1 -93 -71 -80 4 -6 7 13 -7 -97 92 -68 -3 74 44 -90 -44 28 97 -69 -22 -21 -68 -83 -95 24 -89 38 -72 -19 -88 -41 -76 -99 26 -31 -20 -14 -99 19 11 -5 95 89 93 64 56 65 -70 43 34 92 0 45 21 -41 69 35 69 93 -39 30 83 -3 -29 49 -82 -32 3 67 94 74 -33 78 -49 -56 -73 4 38 -85 -40 27 14 80 75 27 65 -32 92 -7 89 53 64 -35 11 -94 -19 -89 -89 -45 34 -25 100 80 47 82 9 79 90 -61 -22 96 91 85 -11 66 86 -81 -15 46 15 -46 -12 -19 25 -31 -18 44 86 -34 -55 -14 -17 -88 -48 -44 -27 33 90 27 -64 -97 -59 100 50 13 -12 -5 -100 76 -92 20 -64 50 -24 -27 -53 59 78 25 -41 -3 -95 -68 56 28 -15 56 -49 -85 -20 -16 41 7 -25 -69 -36 -69 -89 85 -21 -48 -42 60 -19 -52 -17 -65 73 -76 -20 90 -99 0 71 94 -64 -12 94 2 4 94 16 76 -28 -23 -88 -75 -93 -72 16 61 -56 -59 -99 -40 83 47 14 -15 16 -62 -35 -73 -93 -14 -40 -83 31 36 -78 -90 8 15 19 23 -81 64 -100 39 25 83 -32 32 5 -89 70 -42 -16 -96 -27 -32 22 83 -59 22 -76 -72 95 -74 30 0 -86 -73 -38 -40 16 67 35 94 46 42 -75 -22 32 63 100 -42 -56 10 87 40 -44 -96 -75 -70 40 29 67 -52 -15 -75 -94 21 43 0 29 49 -60 29 -87 -22 30 59 -81 71 -66 -25 60 -67 -38 59 -42 23 74 56 -24 -4 15 -88 -79 89 -52 0 -73 76 44 -65 -60 28 -31 64 -7 -13 -59 -97 1 39 -29 -83 99 27 79 22 87 -78 73 24 86 71 57 44 -22 -87 22 -69
46 44 -89 70 -80 3 99 37 -54 8 -40 -83 35 -61 -13 29 -53 90 -6 -4 2 -14 -47 14 -93 65 27 17 27 -93 25 60 92 -19 56 -85 -61 99 -70 27 -74 -94 -35 -12 -14 41 -41 58 30 33 26 -18 84 -98 -78 7 -17 -22 26 -61 -19 71 43 33 -35 -16 16 -95 -63 -34 43 50 32 -77 0 75 -92 60 84 -30 49 -93 -98 -58 -19 37 -34 -95 74 -23 14 47 26 36 -19 48 -30 -60 23 30 -91 -49 -20 -39 42 -85 63 -81 -74 -46 -81 73 -55 -62 -45 13 -75 -6 23 -11 -21 38 98 -60 -39 -3 -77 27 46 37 80 82 -23 92 25 85 92 78 10 -55 -49 -13 37 -12 -52 -47 -82 -44 27 59 -49 14 -3 -90 -66 0 6 -53 55 50 -65 -81 -92 -60 -82 57 33 -17 -49 -1 60 50 36 87 -70 -59 -74 -92 -6 -43 52 14 -25 37 -78 99 16 -58 62 -8 -79 83 -99 -36 86 87 -38 91 -69 54 -37 -54 7 90 -38 98 45 -98 -70 43 -2 86 -87 -59 -67 -29 51 -48 73 91 21 -69 -87 3 20 46 -42 64 26 1 -77 70 -1 -48 39 -56 28 85 64 -87 -31 24 25 -18 14 83 -12 -18 99 63 -7 -65 -85 40 94 24 32 -20 -87 -81 -39 -83 82 -44 -73 85 13 -67 0 0 -37 -78 98 -28 -37 92 -29 -56 16 54 -7 -34 -38 -94 -12 -92 40 -52 34 24 -16 6 -10 14 -1 70 82 -50 -92 -17 33 10 79 -1 5 63 88 28 71 50 -16 -90 28 19 99 45 66 -4 28 34 -35 42 38 84 -56 13 85 29 -73 -36 49 12 93 17 97 90 -3 32 -59 84 28 0 -56 -92 18 -8 70 19 -18 93 -7 17 -20 94 57 -99 -69 56 94 -97 58 -21 -78 -62 -94 39 61 60 27 84 -37 -97 -72 -75 62 -19 26 -71 17 64 43 -14 -7 52 -43 -34 45 -60 -43 -26 19 26 81 -77 36 -71 -66 99 -52 48 88 -23 -1 74 -26 44 29 40 44 -28 -86 -98 -76 61 72 58 -71 82 42 12 69 92 -11 76 -47 -72 42 66 74 61 20 49 -9 -85 16 24 -36 64 -66 -89 63 75 -19 27 64 26 -97 -79 -49 73 -38 -71 47 23 60 -57 -84 -55 30 42 -81 -39 1 92 -36 33 -71 -36 -64 74 -32 -96 57 2 61 37 -18 97 62 -70 5 29 -51 -100 20 80 -38 58 51 -18 -54 -35 67 28 33 -97 27 -34 -24 -87
-83 62 -87 -10 -25 14 -93 96 -24 -62 -81 20 78 9 -31 -5 -31 91 -46 5 87 -61 18 -91 -23 -34 10 -23 -75 -90 -62 -90 4 44 -50 -73 -7 -33 -3 -44 39 -88 -89 12 -59 0 52 12 -65 -47 60 30 36 43 -92 -35 99 56 21 26 -54 -76 -8 -100 80 11 11 -23 -97 -80 -33 -39 43 -85 -89 -86 6 81 34 -93 56 -4 -59 -11 -31 42 47 -81 73 -58 -76 -12 22 95 -25 5 -64 37 -30 25 -26 -27 -44 -80 5 -86 99 69 67 -16 -7 -58 13 25 -4 13 30 34 -73 84 23 -86 -37 60 -8 15 40 -54 -21 24 38 54 13 34 27 -84 -5 -77 -67 -88 61 24 63 97 -42 49 37 -88 32 86 -69 33 -98 11 37 12 -31 -5 21 52 -84 21 86 51 26 -18 53 -29 -54 31 92 67 -24 -72 72 62 64 15 -93 -32 30 50 -44 20 23 -18 68 90 73 -9 46 -17 41 55 -11 0 47 -67 42 44 82 83 -50 -73 -42 -84 96 -100 84 67 13 94 -81 -14 -36 -51 -44 -17 -17 75 -27 13 36 -42 -57 55 -28 5 -34 77 59 -45 -42 -60 -91 -1 -22 64 -29 -85 -97 -11 68 -14 58 93 -92 -75 -26 17 84 87 16 -96 90 63 90 90 -44 18 84 94 60 -60 -33 -98 31 76 25 42 68 -88 51 -74 -17 -89 -73 81 42 12 52 -40 -28 16 -27 -100 -65 -72 -60 37 32 -30 35 -54 29 -37 50 -38 -94 5 -3 -62 14 64 48 -61 -20 -43 -10 75 22 -79 43 60 -98 61 -93 -87 -55 91 -41 -45 -13 62 57 -63 22 -94 -19 26 -10 -18 -84 -33 -26 12 57 -51 46 -82 36 13 19 -24 -85 -51 -54 59 43 79 -70 11 -72 -88 6 87 -51 11 80 -35 -38 -91 63 2 15 49 36 20 -68 40 -71 -52 38 -52 76 -83 -44 -46 25 5 -34 -56 -91 26 -100 81 -54 31 10 18 90 -50 54 -42 15 -27 73 93 -86 -79 -44 -97 32 -73 -57 2 -83 74 -85 8 33 36 87 -39 -67 -78 -71 86 -74 57 -25 56 65 63 -98 -21 -18 70 29 19 -48 48 79 -12 88 3 98 -61 44 33 10 47 17 -78 91 -77 -26 73 -90 -15 -13 83 -63 -84 -57 87 -47 63 95 67 -22 -49 4 43 75 35 -97 76 -52 14 84 -86 -36 -7 -64 26 -57 -7 -81 5 -59 53 -30 86 67 89 -82 55 7 -27 76 57 -96 94 38 -71 -98 -64 -83 24
-30 -19 -56 -99 60 54 -60 32 84 -18 71 -23 49 -3 53 87 -91 -58 -33 -24 -7 21 19 -18 62 60 -33 -50 -69 -73 -62 69 56 -41 94 -23 50 82 54 30 -90 68 7 -83 -58 -89 -37 88 3 66 -19 -53 46 10 69 -81 -86 -46 25 2 71 14 87 -94 41 27 -63 -96 -73 -86 -13 -12 -71 -92 -65 -84 9 -42 22 -98 -46 -28 -6 -3 76 -65 51 -49 60 39 9 -93 100 -62 92 100 -58 -98 -64 80 93 22 -65 -76 28 68 -41 -43 -39 2 -1 12 77 -55 -35 29 -91 -68 43 -92 89 15 35 -51 -91 36 -83 -43 48 4 24 -19 89 14 -97 -88 -59 -78 36 -94 -72 -84 -44 87 -31 -48 -7 -47 15 -3 52 42 -24 -89 60 86 -12 83 -76 -65 77 63 49 51 -85 69 95 85 -38 21 -66 -1 -90 -93 63 37 -47 -9 -10 30 2 -8 -44 -64 -54 -44 17 -18 -7 -55 51 36 79 -72 65 -81 -36 15 63 53 -97 33 -70 57 -99 83 -43 -64 43 6 -53 32 43 97 32 27 6 -88 17 12 78 2 91 33 -69 63 56 47 83 -85 4 -70 -84 -6 6 41 -3 -86 -92 -52 16 28 -69 -7 33 56 17 40 18 55 84 36 60 -78 -23 46 60 -60 48 42 -1 -50 -55 91 37 22 76 25 85 -45 11 66 7 65 -54 92 -76 69 -64 -12 -12 -40 51 -94 -82 63 86 -100 28 -75 -100 75 53 -57 -31 -65 4 -80 3 26 60 -70 47 40 -16 -17 -16 -85 17 -48 37 49 -5 -79 -40 -96 -71 9 -78 -92 38 -54 83 -85 -14 14 -75 -81 -42 -19 13 -88 21 68 -34 83 7 -77 -8 94 41 -50 75 61 -6 -55 99 -30 -49 42 -53 -74 -8 -15 -51 87 93 -84 -90 -14 42 30 68 1 94 38 -46 -90 23 -77 -75 -17 100 -82 25 1 43 3 -73 -91 17 56 57 -92 -70 94 75 -67 -60 22 53 45 -49 30 -97 -52 -40 -38 -47 55 54 -70 -80 11 70 -22 95 -64 28 -58 -51 -23 -33 -54 37 -78 24 2 91 27 -58 16 -36 44 88 88 59 -32 11 79 100 33 -74 -50 54 7 -79 76 1 -79 -38 37 -77 100 49 -25 22 20 -79 -46 -69 -98 39 20 8 5 -25 -100 27 -46 -68 -3 85 -90 -73 17 52 -46 -71 -97 -97 26 16 32 -100 18 78 -72 -88 72 98 -84 8 54 -51 -94 -92 -74 -29 -92 -99 -94 -54 -57 17 38 -13 40 -37 1
-49 100 -27 -72 -13 43 70 37 80 15 29 -100 64 65 16 -18 -2 -55 -13 -7 36 75 -62 97 89 14 9 97 -17 -99 55 -34 8 -60 84 -66 56 75 34 -75 -26 69 39 -1 34 -45 12 32 -16 -78 90 73 20 -68 -9 -56 59 -1 -72 50 49 5 91 -93 10 77 31 54 14 48 -28 -70 -29 8 -34 -44 7 80 -9 -52 75 72 30 -9 93 -92 95 59 -29 -32 -92 -73 -58 57 -12 -58 71 28 47 6 -2 65 74 -36 -97 40 21 10 67 49 -99 -55 100 12 -68 -80 57 16 38 57 -5 -36 -99 90 -57 -66 -44 -42 -61 -15 -10 -70 42 56 -56 -99 -38 89 47 -31 97 6 -76 -30 -8 47 62 -35 19 67 34 -6 23 7 39 35 -58 90 58 71 -74 92 -99 51 52 93 -25 -93 -56 -18 -82 -82 -76 -87 52 -40 -87 -39 92 38 -92 -70 -28 -97 -100 -86 -89 -48 22 -95 -48 -96 -74 49 -91 74 63 11 -39 -29 45 -71 -89 13 14 -56 -9 21 89 -53 -13 57 22 -12 71 -87 -85 14 83 -65 -97 -38 12 56 32 -31 8 -50 99 -2 33 -29 10 -36 -40 -45 52 71 -88 7 -21 -94 28 79 0 47 99 -92 21 64 62 93 48 -37 -66 97 80 -88 29 -13 -64 -55 -12 94 50 29 -5 82 -41 10 50 -6 -33 -63 -64 -91 11 84 -40 50 30 -5 -24 -18 -32 -93 -26 78 -18 14 56 83 -43 54 -57 -20 18 -100 31 -23 -9 98 1 -43 51 68 60 -88 -10 -58 86 30 53 68 -50 -37 -79 -72 72 83 28 -91 67 92 68 57 22 67 58 46 -73 40 43 -5 33 -72 5 55 99 -65 -81 81 -56 -30 -86 -6 31 -47 -79 -57 50 -33 -10 -68 -20 26 -56 95 -10 11 -65 25 14 -96 -54 77 -64 100 90 6 77 -24 -96 91 -97 48 -96 -88 -49 52 48 50 -82 25 54 -54 -43 48 -16 47 -29 -99 12 6 -35 44 25 -89 19 47 -13 17 -39 9 47 -67 70 -18 -63 -24 -95 15 -73 -100 93 -74 8 -21 -72 -7 -65 -46 -16 -24 -48 78 -81 33 -93 -65 6 -60 -19 -29 -70 -84 -9 91 -98 -82 -67 -38 -53 47 48 -57 -86 4 44 42 -23 -35 7 20 -34 -4 9 40 -86 8 64 19 -88 36 -33 -97 -19 48 -43 -95 -46 84 -79 29 32 73 36 -11 90 -56 18 -32 68 96 -50 92 64 -95 -18 98 28 -73 15 37 -98 88 -62 61 -72 4
-48 -68 70 -35 40 57 -72 -83 15 -76 30 -86 -93 -20 -77 -98 -36 8 32 -16 11 66 -90 -46 42 65 -37 -34 -64 -31 -59 -62 70 -24 36 -98 4 37 -36 53 62 10 -1 20 -18 -40 86 25 89 -83 5 -32 -37 45 -59 76 4 -64 21 -7 35 -86 12 55 33 -92 -12 43 20 -59 -8 -8 39 73 -55 -26 4 -44 30 41 -78 -12 92 98 -17 90 -65 -93 93 64 -46 66 -33 61 84 -37 -21 -54 81 -47 70 -7 4 52 -34 59 -33 -2 -1 45 20 95 79 47 30 -58 35 48 -20 41 28 68 8 -35 84 -48 97 51 83 51 -53 -38 -42 -76 15 20 41 22 25 41 -98 1 -63 -49 40 1 -99 55 -90 -33 76 74 -7 33 20 65 -21 29 84 -43 46 -26 -19 -81 -33 46 -100 -68 -63 65 3 -46 84 70 74 -22 -88 71 -63 9 35 -51 75 -11 29 -58 18 -98 -76 84 -14 -78 -15 70 -66 63 -48 -47 -95 52 -86 -59 -14 -87 -95 94 58 -16 -23 -3 49 -15 -97 64 -24 39 82 -10 44 -3 27 14 4 -83 69 89 -95 -55 5 -46 96 -25 -72 -69 46 -27 -28 -50 16 71 -18 14 -80 -33 24 -62 -70 61 72 42 75 -41 -69 -29 59 63 -37 -40 -34 -73 -65 15 47 -77 -50 -75 62 -49 -84 -73 88 40 -5 8 52 36 3 -55 -64 -48 72 67 -87 -50 86 -50 -48 74 31 10 26 -16 82 25 -26 72 58 91 23 53 66 -94 -95 -62 71 -49 59 -46 11 -76 25 13 93 -22 -8 -48 -24 -94 -84 42 59 23 76 -84 -4 -38 97 52 66 42 -29 -89 -56 -68 50 36 23 -86 -78 -34 -80 -63 45 -75 42 80 -70 97 78 6 -76 -88 19 48 92 55 34 -40 55 44 -66 62 -61 46 -3 38 -45 -99 -11 -90 27 43 -72 88 -30 4 64 -22 57 -11 -30 53 89 5 91 -63 51 93 -94 -27 96 14 -62 -25 63 -75 11 -86 -63 -8 -63 -73 -23 35 -12 -91 19 -5 66 -80 -91 -16 67 -98 8 4 -62 -76 60 -5 -91 -86 -33 4 100 35 -63 -62 -12 -15 54 -15 -6 -99 -93 51 -66 68 38 93 68 -54 -32 63 31 -39 100 18 -31 83 -93 -34 -3 -6 -38 -100 55 30 64 -15 -95 -27 75 24 -29 82 62 -83 -95 -42 89 100 56 80 3 -4 -3 -28 -27 -35 -68 -66 -30 50 -90 80 -11 89 34 -58 50 -84 72 10 -82 43 -95 63 20 -64
-4 24 -18 -7 -65 -45 52 -97 87 -36 -18 78 -17 -14 100 -17 -5 -60 26 20 17 57 -62 16 -63 32 17 -52 74 94 56 -19 -97 2 75 49 18 -70 64 18 -86 0 82 -90 88 -29 -63 58 91 -94 -63 19 -15 -89 33 -74 -84 -93 22 68 72 -91 -81 -75 -26 10 -53 43 -39 -21 2 -93 -58 -69 -10 68 58 -33 64 -60 -55 57 9 -100 -51 -67 -100 -52 -7 27 -93 77 80 23 -89 96 39 -69 -49 -75 15 86 -41 24 -59 -30 49 5 13 -28 -67 -36 69 -40 37 -25 97 68 -17 -43 -8 50 -77 -23 90 -22 76 -19 -90 35 -46 40 -87 -65 55 80 54 12 85 22 -7 11 -41 -72 40 96 -79 79 53 -85 -58 -94 -34 -21 14 -41 99 46 20 -67 5 -33 -21 42 -23 -49 10 -97 -95 16 85 99 -5 -8 -11 8 10 18 35 86 59 90 1 -22 -38 -64 -44 34 14 -38 -3 -93 98 -16 -18 -23 -50 83 38 65 -47 -15 -68 -4 -13 -49 21 -87 -62 95 -7 -90 77 96 11 10 59 -22 -14 24 44 -5 69 -82 28 99 -74 41 38 -75 -76 -34 -23 53 66 35 -97 82 50 48 -57 -26 72 -52 -83 9 -57 40 38 71 39 49 -41 67 19 33 67 51 -79 -32 2 -90 -71 100 30 -15 41 -26 -6 94 -20 89 -68 3 -61 40 83 38 -25 38 -76 -59 -66 98 15 -62 -43 -46 0 86 91 25 37 17 24 -57 -44 -65 93 -44 34 -47 93 12 61 -67 31 3 72 47 81 21 -28 -86 60 -20 -61 14 77 44 18 92 -34 -43 58 34 33 51 -60 61 38 -40 17 74 -94 79 -6 16 48 -14 -82 -91 -50 -50 -66 93 -45 13 -52 -3 5 90 -31 -42 -9 7 -52 -29 -52 -32 -45 -68 80 -54 0 -44 -69 -53 37 77 98 93 -75 -85 55 37 91 12 -30 -31 -63 87 71 100 70 36 -57 32 85 -58 -89 92 82 60 70 56 89 -96 -87 -36 -4 63 -54 89 -94 -37 40 73 -5 93 11 -50 -66 -42 -87 78 84 -17 -48 5 63 10 -30 42 -2 90 31 -42 -63 -95 50 -30 -78 -97 7 -3 38 -16 -61 14 -49 -11 60 -95 97 67 -62 70 -73 -24 68 84 8 73 -55 15 29 -16 82 -42 33 7 78 90 -90 3 -1 -74 -78 39 72 -48 4 -60 -86 71 68 87 -78 75 10 -30 -71 -48 83 15 33 67 -31 81 12 69 -94 -20 1 9 -36 48 -50 81
61 -61 -68 16 65 82 -29 -41 1 49 47 74 13 81 14 -22 55 -47 -60 39 97 -78 100 31 75 14 -55 78 68 -84 -45 24 -5 75 -10 -62 36 -98 -27 88 -8 -30 -66 -59 6 -97 -45 36 25 -77 69 40 -84 -27 -99 34 -22 35 18 44 30 26 -89 70 -86 -40 -25 -95 -76 -82 -15 -52 99 56 -17 21 -40 -7 -3 -67 25 32 47 99 -29 32 -36 -88 -14 45 -92 45 27 24 -34 8 66 -66 11 -95 27 -51 -87 16 -90 -25 95 -34 45 63 -96 -97 81 -50 -81 -37 -55 78 -76 93 9 -14 -37 63 69 -77 -72 86 99 35 -66 -87 72 -26 -95 5 72 63 -56 16 99 -14 -59 80 85 84 56 87 10 -1 -51 -86 -31 97 45 -9 80 -38 -82 -11 64 75 85 -61 93 -60 29 -53 7 -78 -77 67 -66 81 -92 -63 -70 -19 58 23 -60 -50 24 4 -26 -90 -54 99 -7 45 8 27 76 90 -33 33 98 22 -49 55 66 -3 78 68 97 20 53 42 -23 71 -33 17 31 -89 -49 73 -35 47 -56 -97 79 -4 25 64 -60 -56 -26 47 51 39 -13 -72 18 65 87 5 24 31 95 -23 -55 11 26 -19 9 42 -43 51 -90 59 60 42 31 64 -69 100 -99 43 -55 92 -33 -40 78 -65 -14 67 80 60 -69 22 -18 68 15 35 72 -44 97 -61 -100 -44 68 -29 -16 -98 -35 -51 -53 8 -35 65 -64 -97 -99 -70 -47 -3 56 83 27 -41 69 -33 -38 60 -17 -60 -34 -79 -71 50 -3 41 55 -62 -31 -93 -85 -28 67 54 -52 42 44 -76 -71 -2 51 -64 16 45 -27 -99 -32 46 -72 58 -73 -72 -12 70 -100 98 -3 -4 -90 -99 -46 -92 -31 68 -71 93 33 -81 -42 19 80 3 -26 24 43 -94 97 35 -62 -8 -48 41 -29 34 58 28 10 -77 54 37 -86 9 -3 34 -83 40 48 92 -53 -54 -4 -30 -87 8 -37 -84 -40 26 -5 60 5 -71 -30 40 -3 17 -4 -3 -6 -24 89 -92 -89 3 37 -34 -26 64 41 97 18 90 -77 58 71 27 -40 -47 80 -69 23 4 2 36 -1 70 11 93 67 -72 34 54 64 1 -81 -4 73 98 6 62 -19 36 -23 -85 13 -43 25 -15 -68 67 -48 -11 -5 -95 -94 30 59 -4 -65 9 98 -53 80 93 -46 93 -70 -64 -65 74 31 80 28 -96 -33 -8 -56 23 -99 -58 -43 8 -34 86 86 -67 -26 -23 35 -53 -46 -5 -45 -91
-16 -71 -24 -52 13 40 -11 0 -41 3 64 79 23 -89 -61 -6 77 38 41 57 -67 4 -86 -9 77 86 34 99 -92 36 -92 93 -78 -5 -94 77 -86 37 -43 -60 -93 -87 -79 19 -20 -88 -69 48 -57 20 -74 22 -52 -83 33 16 -75 85 82 -99 2 24 69 -53 88 81 15 -95 -38 -5 24 -8 60 74 -79 57 22 35 90 32 -4 -82 -10 -60 -79 -62 -91 23 -87 92 -45 3 67 70 -92 -46 66 5 79 97 -50 -23 -46 -69 47 71 52 22 -64 -92 26 24 -71 79 56 0 -28 -83 51 69 -32 25 94 71 64 6 -58 -4 74 -27 19 -27 -52 55 33 -78 25 22 10 -73 -80 27 82 -90 -75 34 8 -28 26 -92 -3 35 -72 -82 -90 -99 -1 -5 100 72 -19 -80 -67 18 18 -61 -61 17 36 27 -93 2 27 -55 -11 23 85 67 -38 -60 62 -99 21 27 -67 -10 57 41 -56 61 72 13 33 -6 -14 71 10 -55 -9 -61 -5 98 -1 -80 12 65 55 35 -35 63 -20 -29 16 89 9 -74 6 -25 -62 -39 24 -15 85 -64 -69 -23 -77 37 43 79 13 -91 71 22 -57 -20 62 -47 15 -70 -66 -28 88 11 49 -78 81 92 -99 -16 15 71 -71 -36 91 -44 -24 -91 -50 -48 -85 48 -88 -81 -67 14 -91 29 97 -57 -82 58 79 -6 -2 -100 74 31 -92 -58 29 -53 47 -49 70 -28 24 -75 -92 -90 22 30 19 -30 88 -84 69 64 -26 -54 41 33 -28 30 15 78 -65 -87 45 -88 47 93 -39 13 0 -66 -92 -11 8 82 49 -21 24 70 81 -79 -89 84 -93 -32 95 -90 93 26 21 -83 40 83 -41 75 -51 74 -61 -25 -90 -64 -100 26 -20 64 2 -9 -22 -28 90 -87 -75 81 -68 25 96 -13 0 59 -75 6 87 46 5 -52 34 -95 -91 37 37 19 -9 5 91 29 54 32 -90 -95 -36 -15 -13 -45 -51 -78 -37 12 49 6 30 -84 -19 53 67 -60 8 51 77 -81 37 -92 -19 32 77 -47 30 -17 -11 -32 -17 -48 -66 -35 65 5 22 -65 96 83 37 -11 -82 -73 20 34 -96 33 26 -23 29 -17 49 -64 -44 -8 -65 -64 37 91 89 -47 -59 74 -39 64 62 -66 54 11 97 13 -65 42 2 -13 93 44 -48 -31 -79 49 14 -74 14 95 -83 -15 -48 31 -24 -82 -87 46 41 34 -84 -27 -90 -29 68 59 -5 57 -69 -49 73 -33 -10 99 53 36 -31 -87 -3 -69
-57 33 -83 80 -41 86 -69 82 85 84 39 -84 -82 -70 -74 52 -65 80 31 77 -35 -6 -32 -43 -35 -86 17 -68 -16 -81 91 -76 23 -16 13 63 11 -63 38 -96 83 -92 -82 87 -62 -16 -15 0 75 23 54 33 36 23 -67 -70 -76 45 87 -10 32 -39 86 54 0 30 -14 -93 97 46 17 -48 -7 -80 27 -68 -18 -65 19 60 -76 -29 80 -68 -58 -61 56 36 91 95 79 -22 90 48 46 -73 -83 -20 5 61 -56 -35 33 -10 -96 -85 -34 -84 68 41 100 22 -53 -36 52 13 68 27 60 79 -26 -35 -22 -3 -30 80 -91 81 -12 -80 86 27 -93 13 -61 -94 95 35 -94 47 -74 -27 90 -30 -4 74 -90 69 -56 67 -98 48 49 -18 99 70 3 69 58 -79 -35 -96 17 -35 -35 -81 -91 -52 32 80 -33 8 5 71 -95 59 -44 -54 -10 -4 34 -74 24 -63 -52 -93 -18 -74 15 59 80 -11 15 16 -30 70 39 -82 26 -63 -17 59 -62 -33 -39 68 -50 -62 14 1 -82 -50 -97 -31 -19 76 -58 77 77 -2 8 60 -43 -26 -69 43 3 66 -2 24 85 39 53 -98 -20 86 -15 89 53 -15 30 8 39 2 -76 -46 -91 41 -13 -29 3 -72 -54 26 2 -72 -6 1 63 50 -100 60 -52 -92 72 27 -26 43 54 25 -71 -83 17 3 -90 -29 20 -89 -40 44 51 -89 -52 42 -72 67 70 71 31 36 -23 -3 33 45 0 24 58 -46 -53 100 52 -22 3 -18 18 -35 6 -41 19 -37 97 27 3 88 -88 16 64 -83 -62 54 -90 -57 -40 27 0 31 -16 -58 -63 74 -29 -94 -37 -95 42 -29 -43 82 -55 31 -74 -42 98 -47 66 24 -73 -97 -77 -48 -12 -49 93 -14 75 -27 37 62 11 71 92 10 10 13 13 -20 -20 -22 22 78 -39 -66 -79 50 37 13 70 -1 91 -65 0 -62 -79 85 26 -90 45 57 95 44 -87 51 -23 50 -96 30 22 56 69 93 41 56 32 12 -29 -42 -16 -36 -56 -73 -34 18 18 8 15 78 8 -14 5 -35 -70 87 76 50 -59 -83 94 91 -18 95 -36 -81 80 -49 78 18 23 48 54 -14 -16 -84 45 93 -5 53 -85 -16 -51 -91 54 -97 -30 -42 3 -63 34 -94 -21 -1 -12 -57 55 66 -76 85 38 -85 -14 44 4 -51 -52 -39 -28 95 32 -91 -22 -4 10 65 -53 30 75 32 61 -31 62 11 48 -37 30 -94 60 62 -24 -5 -25 27
84 66 65 83 80 54 15 74 -87 67 7 -31 -37 99 96 -31 84 -63 23 99 -84 90 58 95 54 -82 -58 -61 -64 -37 61 -96 -26 64 81 20 -42 -64 3 81 7 -84 20 -13 -9 95 -21 -31 -58 5 41 -10 13 -27 -96 -55 -35 50 86 -43 -88 -24 63 -94 -47 56 -35 93 53 -4 57 -99 -77 -7 46 0 -64 31 -2 81 61 -24 -12 -6 -41 58 -83 -71 98 -66 -89 45 -88 95 87 -55 -98 -94 56 -52 35 -84 48 45 -5 3 21 -90 12 -60 87 -4 42 -24 -6 61 34 -26 3 -47 64 62 -22 -54 13 18 -87 98 -52 -9 67 20 63 -23 -23 -47 -39 -87 32 77 38 56 43 -71 -1 -96 -38 46 44 86 -2 99 -16 -47 39 -78 57 -25 67 34 58 -36 48 -28 43 79 66 34 18 -30 5 -24 75 -49 -82 -66 52 -20 85 -11 -17 -44 36 57 13 -93 14 -1 -85 28 21 -45 -26 -36 -36 99 -42 -16 -36 88 -42 -19 -41 -51 83 -21 -7 30 -46 -49 59 -58 94 30 -78 -43 93 65 -25 -18 -34 25 -97 85 7 63 73 26 34 90 -6 -88 -70 -1 59 16 -18 96 -22 -41 4 73 20 87 74 29 70 -21 72 62 55 -59 -28 -78 -98 -58 83 21 -80 68 85 -79 -52 -61 -73 -94 19 7 -72 -55 -16 19 62 53 76 -1 -98 -10 -40 11 74 -54 -91 87 94 -82 -18 94 85 -67 -54 -79 -68 58 -54 -67 -2 -45 38 -79 75 -91 16 85 -28 -21 18 69 73 -40 95 -12 -56 92 36 -67 -46 24 -25 52 -38 -90 50 -5 -5 89 98 -12 -39 16 -38 -91 55 55 -82 -95 -64 23 54 -60 94 -98 -96 -52 69 50 37 87 17 32 57 4 50 100 -75 49 67 93 -84 66 -76 -61 98 -65 35 95 -8 -94 -61 -29 -48 -93 -89 24 -33 94 -30 -14 14 66 -78 88 -43 22 39 24 44 67 -42 62 30 26 86 93 16 22 79 -100 -84 1 -98 -80 44 -97 -100 -58 85 -84 -62 -66 -45 8 97 -82 -65 -51 45 -7 -50 -67 -36 68 46 -13 29 -66 35 -85 -19 -74 -81 1 -34 -81 -74 -33 14 12 -92 62 20 -99 -4 98 -78 -21 -18 -68 -6 90 67 -90 -11 74 29 -32 -50 74 -12 24 41 41 7 50 -60 -66 -84 -36 -78 -61 -57 62 0 30 40 83 86 -74 -24 42 38 -27 87 -73 85 9 -48 -34 28 85 29 47 67 72 -59 71 7 30 -57 92
8 -67 6 45 -66 89 72 -76 -11 8 85 -48 6 -89 53 97 -25 19 -80 -5 15 83 -35 22 -79 -30 16 14 -29 70 5 2 83 8 42 -12 29 73 -38 76 -89 -55 7 -14 22 58 16 -73 21 -8 -43 50 -49 95 -87 -70 39 67 82 77 69 -11 57 38 -92 -72 65 -22 10 56 -36 -60 41 72 -19 -94 52 50 -20 -54 -10 -19 97 96 -83 27 86 76 54 67 41 32 29 23 -86 -2 55 24 36 17 -63 -62 -48 82 -36 21 -52 23 -54 -64 40 65 100 45 -68 -98 -98 -25 -1 66 79 19 61 51 -5 -24 40 60 56 96 -74 -79 17 -27 86 100 -60 14 55 -67 61 -1 -51 3 43 -28 17 -90 -42 -28 -6 44 94 90 97 79 -75 -71 -87 12 -97 82 21 24 42 -32 -28 21 -34 -23 71 80 -2 17 98 83 87 3 23 -1 62 -74 78 -22 -35 -47 -75 57 -37 -58 -58 -83 -22 -76 -95 -37 -23 76 85 70 -83 77 57 63 82 88 78 62 94 70 28 -43 3 -82 -16 -72 -8 -78 82 -10 54 -80 10 -2 -47 -19 48 -55 91 47 90 40 -42 -13 -61 -58 40 -88 4 -2 -65 21 99 83 0 -59 -60 80 -64 54 92 -14 28 18 91 -95 70 -72 -33 29 -98 -12 -77 -72 36 -87 50 -29 19 46 94 -75 -11 -47 14 36 47 99 36 58 -15 89 51 -66 -5 -62 -82 98 -64 -75 -2 -7 15 -7 80 75 26 -45 38 -6 -93 -89 -70 -30 -69 -35 1 -52 -74 3 31 43 -76 76 31 -3 54 43 6 -91 67 -44 -33 -12 -14 24 -99 -87 15 -23 -43 -3 74 -97 -88 95 75 -97 -71 -34 44 -97 36 -96 -70 48 21 -36 -21 -66 -85 -36 -13 -7 -29 76 -37 98 -54 -31 57 -96 8 -76 -61 -89 -76 66 40 23 -98 -40 23 55 5 82 -9 36 -69 0 -35 -99 27 -71 81 -39 10 -15 -42 -30 58 -39 73 -26 -19 22 63 23 42 71 6 75 -61 77 65 -14 45 -57 -10 -59 22 -66 61 -40 -75 99 85 28 -24 14 -84 82 -55 9 73 -97 -28 28 -22 92 -82 14 79 -22 -4 -8 13 -17 17 -40 67 99 -2 50 -4 -25 51 91 31 -96 -52 100 -1 84 62 53 -84 -71 -36 -95 -90 -46 -99 -92 84 99 45 -44 85 -5 -94 6 -98 9 51 24 -9 38 43 17 -6 -47 9 12 30 -95 35 88 -67 29 47 85 39 -59 -75 -57 77 96 -16 -47
16 -16 -2 -45 -85 90 83 -73 55 -52 -32 43 7 23 -47 31 89 -41 -62 13 -54 -91 -18 -42 18 -10 67 58 -32 -42 91 25 -40 16 56 -12 -58 96 6 69 -99 -62 -28 -25 99 51 -8 42 42 75 -94 69 -80 60 -62 -52 -7 76 62 -87 -24 8 -83 -1 -47 -99 -68 1 -43 25 73 -96 15 -98 -87 -13 -28 23 96 -51 74 -71 -50 64 -62 -53 77 -62 98 -86 -89 15 90 94 97 -13 63 28 21 -54 45 2 -54 -6 2 -10 77 -56 49 28 -70 -82 -53 24 5 18 55 -70 -28 -88 48 -42 67 8 60 -27 57 17 -64 -70 0 -60 -11 -54 -59 78 56 92 -20 20 58 34 43 -31 34 33 -1 -36 -89 -22 -91 82 5 62 42 -46 4 96 -54 63 73 -48 -69 86 99 -78 -26 21 11 85 93 -90 -33 75 14 89 -4 44 79 -41 18 68 -53 39 20 -75 61 39 49 8 54 -15 5 60 -28 -89 79 -39 -73 83 -37 -4 43 45 15 86 -23 75 -74 -39 -57 -38 -8 42 -55 60 34 -15 -88 -54 25 15 -23 -97 -44 23 10 -51 -21 -94 100 82 -99 46 73 15 -19 -15 45 -64 -91 60 5 96 -97 69 -61 -57 50 -17 63 -32 15 -96 22 -51 -85 -61 82 56 -11 -89 -1 -94 -84 55 75 44 78 7 -76 -79 42 -38 59 -99 -84 -83 -50 41 -19 -98 -56 -95 64 74 -25 21 20 38 90 -12 -47 -57 79 80 87 -16 -41 -65 -59 98 -68 0 -11 56 7 -32 -14 39 -2 -47 -52 -35 -73 -87 36 -10 -6 -61 -1 63 -79 90 -19 -7 51 -31 -25 -68 -39 94 -57 -64 -32 -23 37 -90 -22 23 91 -59 -90 -78 91 -8 83 44 51 19 -78 -15 20 40 -31 -86 74 44 -89 84 -79 54 41 48 0 -18 21 10 12 -65 -41 72 97 92 -28 -37 33 63 -46 -21 11 46 41 -5 -20 -77 62 80 -64 54 49 -36 -39 19 -65 87 -29 -19 45 29 -63 27 13 -22 -78 13 -71 44 8 -66 -13 74 -10 -87 63 -59 81 46 39 -75 76 -97 47 34 84 56 -69 -27 30 -52 6 71 50 -31 45 -25 17 78 -93 65 87 9 45 -45 70 -59 63 -57 -81 -64 -92 34 -36 -32 -60 56 89 49 -67 69 45 26 32 53 -99 -10 -26 40 -6 -15 24 74 17 1 98 94 -24 -75 -1 31 -22 14 6 -78 22 22 46 -17 -12 42 21 77 7 54 -44 12 39 -66 -89 -41
100 -84 0 -83 -19 -57 -74 -24 45 100 -26 32 -88 10 79 23 -54 -94 82 14 -64 80 51 -4 5 35 -65 95 -4 10 -54 -89 -45 -69 50 91 -47 91 4 -8 71 53 2 88 67 -48 61 61 60 9 -45 -15 58 -92 44 -13 -96 26 -97 -91 18 -81 -65 54 91 -30 14 20 -81 -64 -24 3 33 -21 -8 -69 41 -6 35 49 -4 -91 66 87 -37 27 -2 -87 93 -25 23 -44 -72 24 44 26 22 96 -3 14 65 -65 13 82 40 -96 31 66 -52 82 -74 76 32 -63 -34 12 87 -56 44 -83 76 -21 55 52 -90 -71 -69 38 -48 85 -38 7 46 35 -56 -8 35 -36 24 89 -56 -55 95 -12 -25 74 42 5 -86 -46 1 84 47 29 67 27 97 100 -50 -25 -78 24 47 -68 84 56 -76 -75 -16 97 -51 54 -5 -55 -43 19 12 -54 -32 -42 7 -32 -8 4 -11 -28 -72 74 23 -92 -35 28 -46 94 -20 98 68 -33 2 -26 78 -55 82 12 -87 -44 75 -10 -63 -74 45 30 47 -71 -55 -78 86 47 -2 3 74 12 78 66 60 25 -66 -36 53 41 -77 -88 30 -39 96 -73 -69 -43 -57 38 -26 -36 -10 29 -68 77 -22 19 11 94 -27 55 33 -27 -9 82 51 44 -48 3 -57 -71 -98 -74 0 62 -15 -65 4 73 -65 -42 15 74 100 -12 -32 -83 44 -80 -16 -3 79 12 63 -65 -73 -10 -47 70 -1 -81 36 0 -4 -10 31 -34 96 -5 1 -74 69 -69 -74 59 -2 -23 -37 95 3 75 4 48 20 63 75 30 -20 -49 16 -16 96 19 -40 30 7 -73 -29 -67 81 47 69 99 -80 21 8 -43 -32 37 31 14 82 -93 -6 100 14 -80 -71 38 100 54 62 -77 -27 -64 -66 -62 -87 -41 81 45 -48 -87 -24 -20 32 98 -52 -48 78 68 -71 -60 74 57 0 22 -75 74 -86 32 38 -38 25 -47 25 -72 -65 15 81 88 35 90 9 39 49 -26 -78 63 3 52 6 13 21 -44 -51 -49 -83 -49 85 -34 -88 -25 90 -74 62 -17 19 -46 -64 92 -71 -39 74 -30 -80 10 -100 -79 -62 -35 -18 32 -100 -69 -44 72 -83 -88 100 -19 -20 76 50 -9 -22 -57 -24 -55 86 1 -14 15 -90 -83 -1 -91 60 -19 -24 -59 78 -61 -26 -38 -19 -59 27 11 -63 -36 20 -35 80 99 -86 38 38 -71 60 -56 -8 -73 48 -38 -53 78 -44 -70 49 84 67 -54 83 36 -75 -18 -35 29
-59 -11 -62 -70 83 -79 -13 46 16 -77 -2 80 12 79 88 63 13 55 -79 95 0 -6 -83 -83 -5 48 27 64 -30 0 78 70 41 45 88 -46 -65 21 -1 -70 -80 97 -83 -51 44 69 -40 21 69 -13 -90 -92 -36 73 -3 -46 81 51 -55 99 -43 -25 -3 64 32 2 6 55 6 17 68 5 -38 -21 -85 8 58 -15 100 -19 68 -36 67 -54 0 24 3 78 -65 -23 98 -50 57 -11 -48 -28 23 -45 35 32 23 -84 26 44 18 43 67 -96 -23 43 -96 37 72 19 -90 -85 -84 -67 -68 -63 -44 -41 16 -42 -55 28 -33 -98 -70 -41 -49 82 97 34 -84 -74 -43 82 77 -92 9 -22 51 -69 94 -52 -58 -9 -76 -22 34 -8 -6 84 -73 78 -90 -64 18 70 -55 25 -98 34 -50 -18 -66 -48 -56 -27 -98 100 95 -76 19 -71 0 -96 -1 -87 -20 -12 -47 -4 31 -35 -95 70 -92 39 63 -15 -99 44 68 -23 69 -96 26 -21 55 -85 -82 94 -23 100 86 -5 97 51 23 -73 72 6 -83 79 18 91 -49 -100 8 16 -77 10 3 -93 -87 70 -72 98 -29 15 -73 -21 50 4 -99 -42 83 94 30 -8 16 -80 -95 51 68 -42 72 -66 100 -54 86 -45 96 28 -4 60 -65 -37 -12 -22 -47 -46 -65 -62 -30 97 -60 60 54 81 80 36 -98 58 86 73 85 48 -28 86 -66 -82 16 90 16 21 -25 -28 95 -38 72 -50 37 23 -21 -51 -88 -81 -92 74 50 -29 14 41 95 -90 -82 -48 90 42 -91 -80 -100 76 21 40 -35 -72 20 -79 -33 -93 -68 95 -70 61 81 19 -96 -96 -63 65 46 -25 -3 -9 -25 -39 -77 -48 48 -45 14 34 72 -79 -19 26 -61 22 -63 -1 46 65 -58 -37 -88 80 -88 44 -24 -61 67 40 -9 -19 89 -89 -15 -48 87 88 -75 39 67 -41 70 -59 -60 61 23 35 -69 -23 38 -42 52 29 -12 26 93 41 49 -19 19 86 -24 47 -48 83 -38 99 -68 99 56 -39 32 -20 27 -11 45 -42 -13 80 -79 -37 4 5 -14 -99 3 -70 -100 -12 30 -26 54 -50 100 -32 71 40 -33 4 -43 53 -22 7 99 95 -78 85 -71 -26 15 93 -32 -79 8 64 38 87 100 -76 -93 94 96 63 -31 -12 -97 -48 25 -9 -50 86 -31 -60 -54 -77 -15 -51 62 66 13 -97 25 -42 3 7 35 64 -66 67 -56 -30 -10 -2 -17 93 -43 -41 -54 42 12 -33 -20 83
-59 31 -45 -88 -75 -97 95 -34 -67 86 28 72 -27 -22 -32 -2 74 -16 60 100 31 -60 19 -88 -83 25 -42 -95 -7 80 -19 -49 39 -16 -49 -68 -71 -72 35 -55 44 -59 71 -3 4 -13 -58 -65 -30 82 -54 44 -40 -99 55 -89 -22 69 25 53 -35 42 20 -50 45 64 43 -91 94 -63 30 -8 -94 -39 13 61 -56 4 65 -49 37 100 -78 -80 -58 97 -14 37 63 7 -12 -83 81 -70 52 15 5 -24 -40 -71 -47 -31 -2 -29 -5 77 84 -98 26 -11 -10 15 -74 -7 -94 81 -10 5 14 -56 -42 -59 72 -83 36 -67 -27 89 90 -27 -7 62 89 100 -64 65 59 48 52 67 -74 -61 -27 55 59 -82 -18 -12 49 -49 -10 72 -84 8 78 -30 -82 28 -76 -100 -79 68 2 94 92 -9 -63 -48 -99 93 -86 12 2 36 -12 -70 6 66 12 -63 -5 36 50 100 -43 -79 -70 -3 -7 0 -58 100 -17 22 44 -71 -43 94 23 -16 -40 97 -52 20 22 94 39 100 4 2 -70 -22 46 67 -7 34 -54 15 -68 -51 -84 0 -76 96 -40 -65 3 -61 19 -35 -33 53 28 -85 55 48 -68 -65 50 -95 -98 34 45 42 44 39 54 25 12 -53 4 -1 -98 -87 -4 -29 -96 92 45 -41 -3 -81 83 2 -100 -32 -85 0 89 35 93 85 -19 -96 -43 -18 -51 -47 59 85 -62 -45 67 11 -62 71 -49 -44 19 -57 77 41 -66 10 -80 -37 -13 93 28 27 -10 -15 35 89 -23 23 -98 100 -77 -91 -48 38 -57 8 -55 -29 82 -3 97 27 -88 52 -45 82 -77 -74 -48 61 -94 -71 -93 -68 -7 -56 15 -88 -18 67 -5 26 -20 79 -23 70 90 44 53 52 35 -70 32 -51 13 -47 84 -60 99 69 -32 51 -13 -73 12 -92 63 9 96 -10 23 -96 -21 31 -25 -54 90 -56 -21 -22 -11 -31 -97 -22 -98 -37 57 -31 -62 12 95 70 -68 -96 -45 -9 53 20 77 65 -37 -83 91 17 0 24 38 61 35 8 75 -1 33 65 -79 4 77 76 -13 -3 49 -92 -5 23 -40 97 -69 -2 53 44 45 -18 -9 -60 9 -8 21 -53 47 32 -66 92 90 7 31 -15 63 -9 91 -14 -2 -78 -45 82 9 -77 54 10 68 81 46 -62 15 -63 -98 80 9 -31 65 100 35 -19 -13 -6 -76 -5 31 83 -18 9 -5 -62 96 -31 94 52 73 -84 59 -22 -14 3 -99 -96 40 -66 7 71 64 -17 -52 -91
-88 11 -42 -76 20 52 5 61 46 64 -26 -97 -21 -22 28 34 -19 69 81 -14 -93 -67 -24 32 54 79 93 38 -6 87 77 -3 19 24 -85 37 91 -100 -78 38 95 -12 -96 49 -51 20 58 -5 -86 74 -31 -18 -49 -99 -61 40 23 -40 -54 75 -89 -39 -97 -97 100 -9 -88 -98 -47 95 17 53 -36 -50 64 -34 51 16 36 77 -59 -7 -50 38 -87 -51 28 -85 -65 69 -66 75 -3 96 51 -5 65 -85 -90 5 71 -68 -55 75 62 51 97 -53 76 -20 -5 -66 7 0 -26 -84 -7 62 48 -90 -10 69 17 25 -28 28 53 -62 -5 -70 9 -31 0 11 74 66 -41 -2 25 63 20 -82 98 15 59 -1 59 93 -30 55 -87 99 12 65 34 66 -4 74 74 -70 81 7 10 -45 55 88 0 -56 -27 -8 -43 77 -84 -54 8 76 -77 76 -69 15 -88 78 9 -25 49 32 24 8 44 -59 -70 36 -48 -21 -64 9 81 65 -27 96 62 8 -70 12 -47 -77 -42 -50 67 -36 -12 61 -92 88 -17 -73 -42 85 35 27 -47 -89 -68 -64 -17 39 32 -74 7 19 -100 13 -26 -59 -67 -62 14 -60 13 87 -23 33 35 -76 29 23 -98 39 47 50 90 -17 -59 16 4 -9 -53 21 -24 90 49 58 17 -60 -8 92 16 -93 72 -63 -40 47 62 35 30 -20 14 7 -81 99 94 -32 84 87 -84 93 -32 -64 -96 57 -21 90 -26 58 -73 89 15 62 -87 -24 -38 -38 -99 -43 25 -83 31 -83 -24 68 -21 16 2 47 -94 27 -82 -40 41 -31 -1 -100 -43 -54 3 -23 -55 -62 -67 62 -76 50 52 31 -40 21 26 31 89 -33 71 22 -93 15 -1 26 19 83 -7 57 80 92 99 -31 70 -79 -83 23 17 67 -14 84 34 -12 95 22 5 35 27 -77 -8 33 50 -71 -64 60 -83 0 -57 11 -71 -16 18 -81 59 -100 -38 -5 -87 1 39 24 36 51 1 28 2 -23 16 -32 -91 22 -66 -42 -53 -23 -10 9 -47 -61 -75 -83 -11 38 60 98 24 94 -3 42 -20 79 63 -45 -68 15 -81 -39 -77 89 2 100 -43 33 -8 -99 30 -62 63 57 -77 9 60 -81 61 -40 -28 58 76 79 97 -54 -47 4 89 -22 49 -53 -78 99 -11 -24 40 17 -8 100 40 5 97 79 2 87 97 -26 -12 -32 -7 -83 12 -33 22 -55 -17 -55 -72 78 -28 1 13 65 -87 -26 88 62 -39 -3 -17 62 45 -21
-89 14 -53 53 39 -91 -98 43 100 -83 84 -30 20 67 11 -67 58 10 -91 -64 -83 -30 43 40 39 -31 -73 1 2 41 44 35 34 -25 82 -22 63 -8 -24 -88 82 84 15 -15 42 -47 -2 35 48 66 -17 22 20 96 -5 58 69 82 54 -40 70 -37 -58 51 26 -30 -79 -49 64 -38 -5 98 -42 -26 0 -34 -24 4 -32 22 -1 -31 -39 10 -97 -1 -28 45 73 -34 46 -46 -96 93 99 75 -41 94 -1 -78 38 88 -3 46 94 -74 68 58 54 -69 -27 15 0 -85 67 -58 -87 -9 10 31 -9 -97 -63 62 -41 51 45 -23 9 91 33 78 10 97 -65 93 74 85 41 -69 -100 95 -88 27 -98 -46 -59 55 -75 -77 -67 37 59 65 25 -68 97 -64 94 -26 65 -65 10 62 -15 35 -32 -53 -29 -77 15 99 -12 10 -79 66 24 -87 -66 -24 -12 60 50 56 -22 -84 -76 43 -43 39 51 -3 0 -73 -92 -43 38 66 -91 73 -83 -81 57 -60 -24 60 -65 -28 11 -16 -36 -57 92 -2 5 32 15 -11 33 -48 82 -82 -69 -98 30 -16 -84 -87 -11 -68 -42 -2 4 1 50 88 10 45 37 0 88 81 42 -44 -87 -94 -89 92 76 -97 -24 59 43 52 -31 -88 4 98 11 8 50 87 -40 -74 -94 -67 -59 41 -10 72 38 -62 60 34 -2 36 89 -94 -42 99 7 36 -73 95 -4 -33 33 -52 24 -98 -44 45 71 74 -57 32 98 42 8 27 -53 -54 -51 27 81 67 33 -100 -29 10 89 -94 -42 92 48 -62 -38 -32 -25 -7 30 -23 -13 -77 -28 -14 -17 -34 -68 6 50 -17 2 54 41 12 50 46 -66 -82 -33 1 -49 1 -95 -79 25 -90 68 33 -61 -33 51 73 -89 42 -24 40 -5 -2 97 55 26 -16 74 97 14 -69 72 13 -62 -36 -96 2 -62 15 -95 -41 -87 0 65 69 56 -48 6 -62 100 -44 -73 -19 32 9 -50 -36 -53 -64 -15 -13 -68 63 29 73 -47 -91 -82 54 19 -79 -15 -38 -98 44 96 -50 54 -86 27 -92 -68 41 -30 52 23 67 -14 -92 11 -89 2 -47 -8 -72 25 -91 42 -56 78 83 92 -4 59 -50 -72 -8 -27 -78 83 -11 94 84 67 -3 -20 10 97 70 -61 99 16 -34 17 -76 54 2 -60 22 11 0 40 95 -98 -72 52 24 10 78 -67 98 -45 71 49 -13 -16 -97 79 44 70 37 89 95 -67 86 -40 93 54 -16 -17 -17 -53 31
78 78 -99 41 -11 -33 84 -54 44 -82 19 80 33 -77 21 -9 -24 90 71 -66 -19 23 83 92 83 60 71 46 -57 7 26 -11 -66 46 40 61 63 -43 -82 65 -76 -75 -87 40 65 11 -33 -4 27 19 19 -1 -4 -98 17 -65 -5 65 -73 -67 82 -85 34 -87 -22 -61 51 -41 -79 -60 63 65 -96 63 -7 47 -5 -96 25 77 48 -23 -25 -79 45 -26 -20 -27 11 17 -98 -12 19 53 24 -80 60 -17 -88 -50 49 -79 16 4 -45 16 -34 -74 -58 15 -63 -62 -21 -22 -55 -93 49 81 70 94 66 -43 88 -31 -7 -23 -12 -58 39 -31 -29 -81 29 52 -26 -84 11 -42 14 -22 -60 29 -20 70 -74 30 -27 53 35 51 -33 4 17 4 -68 85 66 23 -4 -63 58 -55 -99 56 -42 -56 -96 62 22 -8 -10 5 -37 55 19 -80 -1 26 -11 -44 -74 -21 74 74 -2 46 -81 -9 86 99 76 -99 10 -75 -12 -41 -37 15 18 62 88 55 -87 0 56 40 84 20 23 -96 -54 58 59 79 -95 76 -27 28 -88 -97 -58 -89 -84 -8 -1 -69 -41 84 88 33 -31 82 -28 -56 27 75 4 17 11 -79 90 -33 27 26 -57 -95 12 -60 -88 -5 88 52 40 42 -53 78 36 -54 -22 77 67 63 -23 32 -20 95 -6 -90 69 10 52 39 62 8 19 58 -67 85 -19 6 65 32 88 60 -81 41 94 -76 -14 25 -79 -22 -28 30 -59 -13 -75 11 15 68 20 3 72 92 -86 59 -20 9 -68 -82 -93 -96 92 -11 86 -62 91 6 21 51 50 72 -57 56 94 25 91 -65 -7 12 -94 75 59 70 -28 -36 18 7 -82 25 53 37 -28 -96 52 52 -63 -91 92 28 -82 41 33 15 -24 -73 -93 -70 -27 63 -99 -1 -64 58 80 -79 28 33 29 -37 27 -30 51 4 19 -52 -18 56 70 -51 52 32 -9 -13 62 -41 -50 -39 68 90 20 -48 -40 -33 -3 -94 -59 46 -55 -7 -50 -84 9 -7 -66 39 -75 4 22 61 -43 -75 -45 -41 -84 -46 65 18 47 71 -92 66 -98 -72 -69 -12 59 -80 92 34 -76 69 55 -27 89 -20 -90 20 55 20 -58 65 -95 -84 75 -65 -78 -92 -51 23 93 -19 69 -70 -49 -98 -42 28 -41 76 -39 3 82 29 28 -46 6 -77 -54 -19 6 -60 64 -37 -37 42 47 34 16 -14 -23 -24 55 -18 19 -86 55 13 -30 -76 -28 -33 -56 12 -47 15 -96 -63 -6 65
-22 1 86 66 79 -42 -8 1 33 -58 22 65 95 77 42 -35 -77 9 -28 82 -22 -62 33 3 50 -45 -46 -69 1 -83 53 -77 83 -78 88 -58 -41 0 -82 -2 -9 49 -56 -82 -82 15 58 -53 4 -48 56 34 -9 21 52 -23 -39 -85 12 31 6 73 84 63 63 10 -51 -56 -46 -10 49 84 29 24 80 -57 24 -14 -14 84 -87 92 -78 -63 -85 40 -86 -100 -47 73 -30 -81 94 -71 96 -7 73 -28 -27 85 -51 37 -72 -73 -57 75 70 94 -31 85 76 -14 -84 -4 -37 -66 -38 24 94 81 -53 -85 -87 95 -79 -92 -76 8 -61 -61 -66 65 67 -60 -89 30 58 -87 -78 -92 -81 -97 -19 36 -13 -38 -44 -84 55 -88 -100 45 88 -60 59 -21 -15 87 -60 -5 92 97 83 -5 35 -28 -64 20 55 72 -74 15 10 -93 25 -7 23 -9 54 -12 -70 -85 -42 26 1 98 -42 -8 -64 -71 65 -41 -48 94 -78 -27 -28 7 50 76 -74 90 56 -63 -51 -94 90 -48 -42 58 39 52 -43 -86 -38 92 -76 -57 -44 65 81 -95 -13 29 37 83 -77 86 -14 -94 -96 -83 -13 24 -41 4 3 100 -12 -7 68 -63 -6 88 -61 94 37 -73 2 -28 56 72 73 94 -33 -18 18 -52 -48 -44 33 -85 -52 -87 26 21 -61 -74 90 -38 83 42 94 51 -70 -24 69 61 -83 -62 -87 70 100 27 -53 -13 -23 88 85 84 -13 3 -95 -35 -74 -74 29 24 99 85 44 -78 42 -89 -91 -7 -22 -11 -98 -99 46 -46 -56 11 -59 47 23 -12 -54 -95 -78 6 -64 -83 -29 -76 39 -28 67 1 43 14 48 -23 -57 -14 -40 -25 49 70 5 94 79 73 -95 -74 77 -98 -9 -51 17 -3 -52 83 -4 -97 -53 30 -44 67 70 -44 41 21 -8 31 78 -36 51 -6 37 21 -81 16 39 -61 -26 -7 -56 -30 -59 89 -66 98 -17 72 -31 68 -39 -18 -35 -75 -56 -45 14 -69 -99 45 -1 -99 -29 82 -32 -100 -25 90 84 60 -78 1 -37 -30 -41 8 -42 -82 -62 -77 14 85 -19 -17 12 -45 -43 40 50 -17 -4 -33 49 -19 -86 -86 -31 -98 -88 7 -14 -80 -81 45 8 -35 -41 70 13 -4 69 32 57 -43 -14 71 -26 96 15 87 -71 -15 8 34 -7 -78 91 100 97 -19 63 -43 -42 -26 -7 66 -34 97 74 -2 -94 99 94 48 -60 11 -56 -86 -8 -79 -38 -8 -20 -7 -27 -17 -52 -3 78 -79 -72 -100
61 52 -84 -44 44 -99 -3 25 -29 -70 44 -18 -33 41 55 61 12 -36 42 70 87 86 -18 18 49 16 99 71 -60 -60 -59 11 -27 -96 -71 -71 -100 48 -48 32 19 97 15 72 -14 -36 -83 -12 91 81 -47 48 85 -65 -69 15 -89 19 79 55 88 5 -8 -32 -76 -67 38 64 39 19 10 -90 28 82 43 -67 -47 9 100 -82 67 -82 -8 27 -91 38 41 19 36 -97 97 -86 -58 48 -33 48 -57 97 55 32 -96 -67 -44 -20 -77 5 44 14 77 33 -90 99 -14 70 -82 -82 -63 62 38 96 1 76 -33 -98 50 -61 62 -66 -41 58 -99 68 -4 22 2 -43 -37 89 -26 32 -54 37 -92 -63 -24 -90 10 44 -8 -50 23 -64 46 80 -11 -43 95 -34 6 36 -71 -86 -84 -67 54 74 -15 -66 -10 -52 94 -49 -43 41 -79 23 44 -50 44 -56 -22 -83 -73 98 -49 84 9 96 -49 46 -72 84 -46 30 -41 21 -5 -89 -96 77 -41 73 10 -59 58 65 -64 74 73 -77 82 18 52 29 51 13 -74 -35 73 68 -23 60 90 -40 -98 -82 71 40 -27 -35 -34 83 -11 -30 71 -46 -69 -45 64 21 78 -27 -92 88 -78 -35 -90 35 -79 85 -74 -26 -80 -5 -3 45 73 6 5 -32 -13 -38 75 -90 11 75 -72 -83 -6 45 89 3 -24 -40 -70 -8 -61 34 -75 -23 36 99 75 -54 -36 91 -83 59 92 -36 -11 36 33 -48 63 -37 -81 -35 -30 89 55 82 75 75 83 -30 78 -41 58 -29 -55 -99 20 39 -98 -83 55 -38 43 -35 44 43 50 -14 52 18 61 98 46 32 92 68 73 38 22 98 73 29 -52 -56 -73 -15 60 -14 92 88 -55 -53 67 60 93 88 83 -14 54 -3 -68 22 33 -85 -69 -82 -4 93 -48 -86 40 65 98 32 62 88 -86 52 78 -18 36 93 -56 -34 39 25 -47 -89 -9 -4 83 93 56 3 86 10 -50 -37 36 5 -63 42 -34 -13 -87 -85 -70 -55 -1 32 50 57 -11 -60 58 -60 6 13 55 -20 85 55 -23 69 -61 -7 -94 -56 -33 -19 57 34 -30 97 -96 -87 -71 -38 0 -84 88 -41 1 8 45 80 20 77 57 -72 -26 65 -19 10 -17 -14 -29 -49 44 67 -31 -81 -67 -34 -54 95 -27 50 -55 0 -31 -63 91 80 -39 -76 -43 -87 -31 18 -66 91 11 -90 -1 -30 33 45 -3 -30 -62 -82 87 68 -22 -15 -51 26 -90 12 -62 -52 -28 -26
44 -42 53 76 -60 44 35 -42 52 81 -42 -87 -87 -63 61 46 45 -68 -96 -58 61 -35 60 43 3 -16 81 -5 -35 -98 -46 -69 -41 13 93 -61 -8 -58 26 -25 78 -37 67 -28 87 91 45 -87 -57 -49 31 11 -53 30 -15 55 -35 -75 32 78 49 20 -76 -94 49 -51 -96 -33 31 -57 -20 81 3 97 -89 81 24 -27 7 -3 -79 14 78 79 74 -99 -89 -69 -67 33 89 -72 -11 96 -22 43 -1 55 18 -41 87 92 -83 -97 4 69 -26 -12 64 -53 5 66 35 -74 48 37 58 -51 -19 90 -65 55 -46 -19 -91 -17 50 82 -23 7 36 66 -18 -19 85 -78 90 70 8 -20 -13 -86 9 15 31 44 63 60 23 -6 -13 28 5 -96 -52 7 81 -68 -50 -20 -53 69 -50 -66 33 19 -25 -90 47 -92 21 92 55 -39 36 -75 -41 51 -11 -44 -94 40 21 -19 -45 -67 45 -93 56 -80 -5 -51 7 62 -58 -70 -27 33 19 -42 -92 -29 46 35 -3 62 9 87 -53 15 46 93 -10 25 -32 58 -73 48 77 -58 89 -85 -8 -65 69 -10 -26 5 46 -38 81 65 51 4 93 77 -16 23 45 18 -28 -55 -76 51 -7 -94 72 3 38 -82 -98 31 -70 7 77 66 -84 12 -17 61 -10 83 64 75 48 20 0 -60 -23 -21 -24 -73 -52 -47 -41 -75 -78 -28 -71 -21 67 -93 -40 82 -12 5 73 61 -10 32 2 62 45 82 17 28 4 -29 -39 56 55 99 -76 42 -15 81 81 94 -38 96 -12 75 -29 -30 -44 32 -81 33 22 -84 -50 -36 -10 -38 19 -76 45 71 78 26 25 -72 -74 6 53 15 57 22 -47 9 98 40 -19 -14 -20 -97 74 35 -4 2 75 -20 -80 20 47 37 41 40 44 55 -51 -60 -75 -93 82 -78 -66 89 -8 -89 -64 -60 69 9 -77 25 -52 -39 11 -49 40 -53 -59 73 -73 -79 -48 27 -28 -35 57 -55 53 -62 -33 -5 -68 -47 67 73 -39 72 -73 -100 -1 -45 -34 -5 22 21 98 -32 59 -68 7 19 -42 21 -53 -62 -83 -85 -54 37 -35 75 -21 9 38 -53 71 -60 67 -100 -31 -86 79 36 46 24 84 84 -58 -46 63 -42 -58 -44 0 1 100 83 40 -73 67 2 -21 82 15 -79 34 100 36 19 -82 51 82 87 -19 -70 -9 -5 52 -87 100 -77 -99 -5 18 -34 -36 -82 -55 -72 55 -41 -84 -89 -95 79 33 -95 40 65 16 -77 55 -50 8 -78
12 -82 -72 2 28 -83 50 50 -60 5 8 -87 -55 -36 80 7 -34 -84 -76 -26 99 -81 -5 28 49 -68 -46 -53 -38 -23 -35 11 18 30 81 46 -77 -60 -1 21 92 -26 75 21 24 68 84 -56 -93 96 94 15 -34 9 85 56 -4 23 2 0 -85 -13 -100 -50 -6 84 42 -66 12 -33 -5 65 75 70 9 -56 48 30 -98 27 85 9 -33 -52 2 55 -69 39 -79 85 -87 -25 16 -76 -50 -49 -43 4 -92 43 98 -38 -86 -64 -71 74 -43 99 -78 51 -90 33 9 -5 10 14 59 8 41 48 -60 -15 58 -29 77 -65 -90 94 57 28 71 68 -42 56 87 45 8 55 42 54 -56 84 37 46 88 3 -16 3 -16 -82 -54 -41 71 87 -2 93 14 8 -8 -33 34 -27 20 80 31 -48 11 25 -96 -27 -46 -3 -8 -13 66 -35 -34 -40 60 -22 99 54 -21 -34 -82 -11 -92 20 11 95 -63 -99 -36 -60 -88 68 16 -26 38 -31 -75 12 -43 73 85 93 -61 51 -72 47 -44 87 26 -41 -53 48 -26 76 71 79 60 -28 26 -40 32 -65 0 42 -12 66 75 7 98 -99 58 44 -28 73 -88 -28 41 -30 80 60 -35 65 -21 -67 -48 -74 -69 -10 69 64 -95 -42 13 -22 19 36 -17 32 -43 -98 36 88 93 59 -70 74 -73 -94 -76 -5 44 75 -80 66 35 -65 -34 -46 45 84 -16 88 -92 31 -86 -78 87 -19 -42 -8 -24 24 2 20 10 3 92 -33 64 -18 54 26 -54 -28 72 -82 45 -19 78 10 80 -90 91 15 99 -33 17 51 -79 56 7 -11 10 11 -21 -100 77 36 -46 88 95 19 -75 -71 -52 -98 32 -69 53 -16 22 -43 73 -89 40 -6 -38 -59 -99 16 21 64 66 -81 86 -75 -38 -72 -14 20 33 -100 59 -9 -49 31 -43 12 46 -19 -40 -47 48 -86 61 7 -62 66 47 13 -85 -49 -19 58 -69 -21 3 -25 -51 21 78 68 -64 74 -37 73 29 26 -84 -11 -59 70 76 67 31 43 46 18 -18 84 64 51 -90 29 37 70 30 -91 54 -90 -65 -30 15 -62 42 18 14 -34 -11 -31 19 25 81 -40 63 73 29 54 17 -46 -65 -92 -12 -72 49 -37 -44 66 -82 72 -39 7 31 58 -85 71 14 -95 100 -26 -73 78 37 25 -19 -83 -48 -90 13 49 -40 -40 -12 -69 -28 3 97 42 -17 13 96 99 4 74 9 -46 4 53 94 -16 -42 54 85 96 83 86
-73 -8 48 -92 -82 39 -85 6 -76 54 57 -37 30 -1 -39 -17 20 49 37 12 79 8 20 -21 6 -19 5 -12 -52 -65 -68 -93 -15 79 -60 23 -82 98 -31 7 1 90 34 -40 22 39 -49 -74 -28 78 -1 -17 5 97 32 28 25 -3 70 93 -31 -4 25 -66 -8 -28 60 67 69 -50 74 16 58 35 24 6 -51 62 93 -100 -65 4 97 45 3 -67 -14 -95 6 -54 84 78 -56 -3 -74 62 31 -38 -88 -71 39 60 -69 -40 71 -12 -98 -4 -38 39 45 -17 -24 83 -89 -40 63 8 80 -84 -72 -6 -70 -9 81 21 -50 -43 -2 -42 -56 -97 -40 -84 46 100 -30 -59 -31 -92 4 46 -78 39 -93 -30 -77 46 -55 75 -13 -79 -88 77 -36 -41 10 58 -20 68 -24 28 -95 100 -36 -57 53 38 81 -54 44 -38 11 83 20 17 33 99 90 47 47 -53 93 71 74 -83 84 -77 -24 81 -13 88 -99 30 -8 -12 50 88 19 88 11 3 58 84 -7 -45 44 56 87 46 -89 29 -96 19 30 5 66 71 47 -54 87 -94 -32 -93 -30 -21 -12 -37 97 99 -36 11 95 -84 -77 18 -95 35 9 -71 -67 -43 -48 3 -47 58 75 -45 -73 -13 51 -22 45 50 30 -65 -11 96 -50 72 24 8 52 96 -55 -8 -96 63 10 -69 -80 87 11 8 -43 1 8 7 95 -94 54 72 -63 88 -59 95 -98 -93 -20 75 -93 43 53 -19 -78 -11 27 -88 71 -36 -50 46 -96 63 -95 -62 4 -45 73 -73 -4 -99 39 67 -27 92 49 18 -99 -42 -48 35 -6 67 99 -21 55 34 -11 98 -10 48 -69 62 48 -49 -47 42 -82 -14 37 -95 89 -87 -43 -54 61 -16 97 -47 91 92 50 -67 -62 3 74 -75 -26 -32 -41 -35 69 -18 89 -60 -39 -84 35 91 -28 -88 15 -67 -11 -71 -16 -97 27 -39 62 65 11 69 -63 44 71 100 -42 53 12 29 -60 37 11 -91 24 -16 76 -39 25 -11 -89 78 48 38 73 -66 -31 65 -47 75 79 10 -49 -59 -16 -37 -42 -60 73 -57 -80 -94 74 50 79 -48 -21 52 92 -98 -63 41 -5 65 -84 97 28 42 -50 13 -39 40 -95 97 71 -94 78 -43 70 20 -92 86 48 43 -95 1 -9 79 17 -23 -73 -75 -79 -100 -77 69 68 -57 55 91 45 53 20 -4 -96 29 69 90 78 -87 -93 77 89 -81 -53 21 93 -98 5 95 76 68 4 -88 13 -88 6 25
61 -79 44 -93 82 12 -89 -13 49 52 21 83 -94 -21 6 25 -60 -46 -43 32 -85 76 87 -20 38 -5 -30 76 72 1 -75 34 1 52 -10 85 -93 7 -9 -54 13 92 -56 94 -8 49 -16 75 36 -95 94 82 7 -76 9 -39 -56 -78 -81 -100 93 73 55 -77 -94 100 -52 56 -19 -58 8 61 -14 60 46 -78 63 58 -75 -34 54 -54 -29 -28 -94 -78 54 -8 50 48 24 -41 -88 87 -68 81 -52 -16 -22 12 -45 40 -31 32 -45 68 -21 -58 28 -5 -48 -67 -37 -91 -27 33 -91 -11 54 -86 1 -25 -50 22 63 57 56 5 -87 37 37 51 -30 24 89 14 39 75 59 -2 13 -53 37 52 88 -34 45 78 -97 -6 78 -16 61 -10 32 16 -73 -74 -82 -85 68 -61 43 -36 -85 7 26 6 9 -93 69 -44 -6 -39 2 8 -71 43 47 26 100 -18 -90 73 16 -67 -52 -30 -80 -64 49 28 -55 -63 99 28 34 -99 72 20 72 -48 32 42 -66 3 -39 62 2 86 82 -97 80 -16 -63 -47 59 -52 25 -79 2 72 -29 27 -34 -61 -12 5 3 -12 63 41 -57 72 57 -73 -59 47 52 11 -15 -55 -27 73 -40 41 -87 -77 44 -33 -97 -41 45 -30 36 85 -2 -54 97 -1 61 -94 -15 -4 50 25 36 34 18 96 -45 27 16 -86 66 -4 83 2 -43 -40 -11 -59 -53 -62 8 31 81 84 -29 8 -65 -21 -83 64 61 -92 37 57 30 63 52 -93 -8 2 63 -4 43 20 94 -79 -8 -37 -25 -92 -34 83 5 77 57 57 -32 -31 -93 -2 48 -8 -5 69 -87 -64 -51 75 -21 21 11 -27 -73 63 -12 38 44 -64 -50 96 -6 -53 65 31 78 39 -52 6 80 59 -24 49 -10 -65 76 49 -11 -54 88 -74 17 -97 12 38 -51 -11 98 60 49 -44 35 -93 -56 -41 -99 25 -94 -88 56 -81 73 68 98 58 -1 -27 -95 -35 -56 -38 22 -33 -81 95 -95 46 -46 92 60 70 92 -43 -5 79 -9 -93 54 20 78 -7 -18 -17 86 39 68 51 -90 -60 -27 83 -53 -86 46 -31 74 65 -37 42 -19 -63 -63 -10 -39 -72 28 86 -3 -62 97 -69 99 -23 -62 -34 35 34 -83 -89 -59 93 -21 59 -88 14 64 -31 52 95 44 13 33 -53 48 97 -91 -64 82 -6 27 -55 8 -99 88 99 -90 64 -20 31 -96 -15 -93 -3 23 -15 0 69 -19 -2 -4 4 -27 -43 63 72 22 0
44 -39 60 -9 -50 -68 64 -56 93 19 29 82 16 70 -13 -37 -94 -71 -19 88 81 84 -1 -41 -57 -72 10 91 44 32 11 -50 -89 93 36 59 42 67 22 -58 -59 23 30 78 78 -31 -6 0 -90 42 8 17 17 20 -68 -84 -77 97 -100 -53 -37 -22 95 -69 -47 -78 5 29 42 81 96 -20 -14 -8 -68 -80 64 54 96 67 12 80 -14 -61 -94 -38 -8 -58 28 98 64 67 61 56 -8 -84 95 63 -47 -56 -68 69 87 98 31 95 -25 52 -69 -45 88 -68 -98 -96 5 -33 -2 70 -38 -34 -40 97 17 51 61 0 36 -39 54 7 1 70 82 -100 66 -97 -68 -93 -36 -84 -63 65 91 47 -38 -1 61 76 -28 45 -31 -44 72 48 -63 27 43 98 58 72 -52 60 68 1 -38 67 46 31 -87 -24 20 -15 8 -17 -48 -70 -80 -67 6 60 -63 -61 -45 52 22 81 63 -47 -73 70 -69 68 90 99 -86 -90 -38 -32 7 -29 27 -71 -43 47 39 21 -93 -80 13 -51 -85 1 95 -12 54 69 27 -68 -58 47 62 13 85 -33 70 44 72 -26 40 45 -79 30 -34 99 56 88 -29 90 56 -55 31 -27 85 13 16 29 -51 -68 -94 -30 -11 74 -78 -18 -30 -79 -55 -25 51 -45 -9 -49 9 -98 70 -14 81 10 -16 -71 -1 41 -55 -18 -32 -55 -50 -22 -46 1 -40 -11 22 -7 59 -33 -76 28 19 23 95 -47 80 82 -82 21 36 77 10 98 10 81 -55 98 -72 78 72 -76 -41 42 8 42 94 -47 56 -89 26 -76 -2 -96 73 -95 -70 15 7 33 -93 -85 52 -13 -47 99 -100 38 21 59 -97 -68 6 -94 -78 3 -1 70 -77 37 -97 56 62 34 -64 33 25 -85 68 45 -63 -82 11 -42 69 -79 94 41 -1 79 -10 41 82 22 -69 14 31 -100 33 -31 69 -10 86 -36 75 97 9 86 30 -6 70 -50 -31 34 98 -51 -3 65 14 0 -44 -25 40 -64 -83 -50 -90 46 18 -71 -32 -58 72 60 75 -44 16 -39 26 -55 -1 -93 -12 55 20 41 40 -37 -53 46 -85 -89 99 -79 -41 15 9 -69 -98 -89 -73 86 -92 6 73 -16 6 -18 34 -56 -4 85 -46 -11 -81 81 0 84 58 39 -94 -87 43 -70 16 -70 47 -29 2 34 -8 86 100 14 -26 42 29 63 91 73 -60 38 -78 18 -54 -90 54 -28 -87 42 -43 -81 -14 93 -26 -85 -64 -51 -6 -96 -30 -87 54 58
-51 -31 -20 87 81 58 -73 -45 -49 -24 60 -10 58 -72 -27 61 81 -4 -70 16 -56 43 88 -64 35 -83 36 34 -27 -18 -1 -83 -96 88 -66 -37 -53 -75 -12 -43 31 26 -38 48 -82 -100 50 13 -7 66 59 -57 82 -87 -53 -92 -50 27 83 -100 51 -47 -85 -94 16 -60 -39 55 54 5 74 16 -92 60 -55 5 -41 -39 28 50 -98 -70 -39 -51 -32 95 1 -80 -45 -43 10 61 0 41 -2 -24 54 -71 -69 17 34 41 -59 -5 -84 55 85 49 69 -93 -48 36 -90 -19 -27 83 -5 -14 -30 -31 26 45 76 30 -42 -63 0 44 -21 93 -75 -91 -64 -96 -88 77 32 49 55 31 -86 15 -38 22 22 -59 -40 94 50 -52 -38 -85 -57 35 48 84 -94 86 77 14 -55 48 87 100 19 15 46 61 -89 -6 71 82 17 99 -34 52 12 33 -41 31 -50 5 -16 -66 -44 -43 -43 59 51 79 -64 -46 94 23 -56 -39 15 77 -97 79 -41 -21 -5 34 46 79 -73 -28 51 -53 17 74 -16 15 -59 -17 23 -64 -13 93 77 51 -61 55 65 -95 93 45 48 72 45 -3 59 -15 -46 70 -91 -80 -31 81 98 -60 -66 -5 31 64 -85 89 -13 22 32 82 -42 69 97 -6 -34 -65 -86 92 -99 -96 15 94 -46 26 11 -11 -2 -78 24 -14 -18 81 -32 52 -70 -19 83 27 -34 -79 77 89 -60 -14 -82 -91 -31 80 -73 -73 19 -13 44 42 -27 72 -82 -4 -38 -77 3 -30 -18 53 66 -48 29 71 -22 78 -54 -30 27 93 6 -76 51 29 14 29 77 27 -69 73 72 72 66 -40 -66 49 -9 -89 12 47 95 -82 16 69 29 36 30 -50 63 4 54 79 -56 -48 69 -22 -38 -23 4 -25 18 -41 -28 -73 -61 -17 -97 28 -41 31 -49 10 71 -100 -11 34 99 -55 -56 -3 -46 -25 5 93 73 2 -67 50 23 -30 43 -39 9 71 -67 26 24 -14 83 94 -89 -56 78 1 56 91 38 96 78 -69 47 -15 98 -46 29 0 76 46 56 -62 -86 -61 97 -70 6 18 -38 -17 34 -56 -3 -72 59 -89 43 -100 -42 42 26 80 -89 -37 -68 35 -24 8 39 -38 -73 -7 91 58 49 34 31 -77 -100 23 76 91 -97 79 77 55 48 -33 -52 31 3 -14 -29 5 -95 -11 -35 63 47 64 62 -44 -95 63 76 -98 43 -11 3 -2 30 -30 22 -93 63 79 92 36 6 -39 -40 -24 87 29 -70 66
60 7 -35 -23 -39 -14 75 -55 -54 65 30 81 66 -35 -90 19 34 -46 -89 79 69 -53 -91 34 95 -17 41 9 28 -5 79 13 -36 88 30 23 41 96 67 -27 66 67 27 -1 -59 51 -42 -71 -35 -78 38 -59 100 -65 28 -41 -4 -58 78 62 -55 16 71 43 37 1 86 -66 29 -82 -57 85 38 -29 44 44 26 84 99 -4 -26 -35 24 28 -53 -57 24 62 -86 11 100 -32 -65 -75 -63 76 77 30 2 -90 -69 -14 77 64 7 81 -22 -88 23 -90 -83 72 68 81 -13 -11 -41 -85 12 99 22 -85 -33 4 8 -68 -64 94 83 29 -38 -90 -52 46 13 -9 -36 -23 -38 -94 24 5 -17 -93 -25 -80 70 91 -62 -70 32 52 -21 42 -82 1 -38 -56 47 47 -32 20 46 59 96 -1 -6 0 -81 -53 -100 -67 -62 -99 75 -99 -25 -25 45 -19 -51 -15 54 -8 61 -10 -60 -59 18 -94 -54 -33 15 86 -3 -42 -81 58 -99 -75 37 -48 -27 -26 -44 -6 26 -9 0 -65 58 20 92 -87 -63 33 77 -58 -19 -81 50 -90 23 22 -11 -95 -37 -45 42 -9 0 -61 0 7 64 52 70 -67 1 34 -76 61 -65 -64 2 20 0 12 -14 44 35 -24 -49 75 -8 21 1 -100 70 21 19 94 14 42 81 -88 -10 -8 -62 -29 -91 42 -99 -40 -80 41 -37 -88 -25 -9 -66 27 -59 -50 -65 -18 5 -76 -26 36 -73 16 67 -52 -9 -77 -2 -14 52 -47 -15 -69 36 97 53 40 -25 -91 -47 89 21 -27 -12 67 -3 -22 -91 -3 61 82 46 26 94 -29 49 67 -55 -76 15 28 -63 23 -57 18 47 100 -91 -49 -92 -94 -66 -55 47 78 65 100 -35 -93 -37 53 3 73 -72 -93 -65 86 -84 68 -56 66 -83 -6 -55 -52 -67 65 15 51 39 24 42 -69 95 11 -37 96 -25 -33 61 -91 68 93 -73 18 24 -72 -11 -64 -78 35 34 -4 -16 51 12 -42 10 14 46 16 -31 -41 -34 24 71 -5 0 89 -50 74 71 -43 -40 -77 8 83 -88 -91 1 -91 14 67 95 -32 100 -73 -49 -30 84 -40 -70 36 -76 -76 41 -32 -56 66 -66 99 27 -3 -97 37 78 -39 6 -72 -18 -98 97 17 96 -31 63 -64 -100 -85 57 73 87 -83 7 83 -43 12 66 -45 8 -90 -48 -62 -11 -49 78 -6 9 -80 -22 -100 41 -57 -47 80 -13 -65 -52 -3 63 74 64 -59 -92 -78 41 10 94 -37 47 -100
-88 -75 -54 3 -51 84 -26 87 -63 94 -87 -24 -78 21 80 -31 84 36 93 55 68 -24 62 -61 -67 -39 -63 100 85 -64 81 96 95 17 -30 -68 40 56 87 -2 87 -14 -66 42 89 16 -33 54 55 21 -82 40 15 90 80 3 -14 -10 -24 23 -84 41 -68 -53 92 30 64 -48 -47 -48 34 26 86 -18 -68 2 -79 -66 -79 71 -3 -13 -75 -58 3 -83 81 41 -34 67 -81 -18 -21 69 -53 63 -89 43 -12 91 -13 -58 -64 39 80 -59 -65 -100 24 10 37 37 62 -62 58 92 -44 55 14 18 -36 -56 14 53 20 -40 26 -92 -33 93 -52 -88 -37 -4 -35 -39 -73 -75 26 62 -84 2 81 -53 20 -74 64 -53 -4 91 -29 -90 -29 25 28 75 36 -88 -27 78 -72 -71 45 -57 -19 -34 -39 89 82 43 80 -48 -5 87 95 0 -91 89 83 58 32 -9 -95 2 39 -60 88 -27 -84 -15 -61 72 71 -21 -75 -81 31 34 3 -8 -100 -13 11 -42 39 37 29 78 27 85 36 42 80 22 -15 -95 -31 7 91 35 -75 33 23 37 -34 62 -74 9 77 90 -93 -66 -66 21 72 60 -68 -1 24 43 40 35 12 0 83 21 -43 -44 5 49 47 -58 55 -1 -85 -75 64 32 4 30 1 -88 -57 74 70 14 -66 31 62 53 -76 -71 4 -7 34 30 -77 9 -55 -93 46 5 51 63 -18 30 -83 6 72 -69 67 8 -100 66 33 20 -63 6 8 -78 100 13 -4 31 98 -79 -40 89 -37 12 -36 15 -19 51 99 -80 -87 70 -17 78 80 10 63 93 46 -95 56 45 36 -56 1 -62 78 -24 -2 96 38 -81 -9 47 43 -61 25 70 -89 -13 -63 -100 84 6 -23 -64 -80 26 17 3 -36 57 18 -44 -42 -17 79 73 25 -15 35 95 12 -50 62 -98 71 23 23 -57 27 -83 26 99 27 -27 84 -1 2 1 -69 -32 -87 87 10 94 -16 -63 99 82 55 -99 23 72 -99 -58 33 -76 23 -43 15 97 -99 89 55 62 90 21 -74 -94 -29 8 -9 -9 -69 55 -76 -77 -23 77 -88 85 96 -38 -9 71 -33 -71 66 30 100 -17 37 88 92 -98 -93 64 52 -79 95 36 -13 21 98 -48 -41 95 99 20 -75 -39 -6 18 1 85 44 82 -16 87 -19 55 -60 -59 -39 -23 -56 38 -78 21 36 -66 -59 92 82 48 -39 -11 -99 4 -33 -43 -98 -70 -13 -94 39 -80 92 -10 65 -73 -83 22
23 -68 -75 -3 -28 85 46 -59 100 74 54 90 0 -51 35 -70 43 -10 64 96 98 -23 -88 -84 65 98 -70 41 -77 -20 27 92 -20 -38 -48 41 -31 -74 16 -32 95 -88 -96 -53 1 99 -98 -95 -72 65 88 87 87 -60 9 -63 -3 92 58 12 8 34 -72 38 19 45 -17 23 54 -3 60 -36 -45 53 37 -62 41 28 9 -8 -95 -75 -74 59 72 -43 73 62 -32 57 -76 55 -95 -11 23 23 4 42 32 12 98 -87 -43 -76 59 85 -85 -2 -35 12 -83 -21 -96 7 96 77 -80 -9 47 54 98 -90 10 -90 59 86 -34 50 -72 -6 83 -15 67 76 97 2 -4 -40 22 27 -35 22 -21 10 36 -10 85 -76 -60 -81 53 49 -83 72 100 99 63 -33 -73 -37 32 32 41 19 82 25 50 -42 83 -36 -93 -88 33 -98 -91 -72 -67 65 13 28 -98 -68 36 51 -3 36 -79 41 -15 22 -51 -41 -15 12 45 -1 -44 56 91 48 74 61 46 -25 -72 37 70 -87 -61 50 14 53 69 0 38 -64 -12 -94 23 94 18 26 -34 4 -29 96 88 -85 -58 12 80 53 -42 52 37 -58 68 -39 -14 -41 65 -41 -41 -5 49 15 60 42 75 2 -76 -45 -66 90 57 -75 -95 69 -22 44 79 -19 -4 85 58 -43 68 24 46 -87 -43 -96 -21 11 -65 -74 85 69 -12 100 23 -12 -17 12 -39 -54 -74 93 -17 58 -100 -66 -56 14 92 14 -68 29 -14 68 -63 99 -52 30 -10 -6 -94 38 -87 78 19 -8 -58 -36 -16 -26 19 44 49 28 -2 92 6 48 -60 -94 -66 -94 -61 4 6 38 -6 66 21 -21 -83 70 -64 19 90 0 -87 89 57 -19 64 75 -17 -36 -91 -31 -81 -82 -40 -87 62 -38 70 64 -95 -32 -6 -7 -99 -85 -11 4 92 67 -21 -35 57 -80 -38 -81 -22 75 20 -91 13 39 -74 46 -58 56 -80 77 79 -39 -60 -28 -59 -59 -73 76 14 -57 -88 -22 -77 -95 -73 -46 -56 -45 -47 -99 43 -34 -30 -68 15 -37 -71 26 -76 2 12 47 -99 55 -3 -74 -30 -98 2 -56 30 25 53 -84 10 -91 -43 64 -30 30 -66 15 -20 75 -49 -74 42 70 68 -72 1 -46 -5 -21 -84 -27 85 -36 12 96 -23 93 -59 -47 -43 40 -91 13 36 -63 37 26 64 7 -5 45 -54 77 7 28 66 64 35 88 -56 -32 32 -73 92 -65 -33 53 28 -37 -47 -54 35 -91 -33 -77 23 40
71 21 82 -57 -43 14 -56 -89 -27 -41 -5 1 -77 -96 -65 20 -29 50 -42 -77 21 -56 56 -22 -39 61 -22 -56 87 -50 -75 21 -53 -28 4 -78 -17 86 47 -75 74 2 -56 -44 50 -19 -72 -80 -37 42 -14 83 70 -84 66 -52 -20 -6 65 -40 -23 96 8 24 -44 1 54 -20 43 11 33 -2 40 88 -94 -59 73 -57 -64 91 -79 44 69 -96 -97 60 -35 -18 23 76 -51 -50 72 -3 3 46 73 -9 -36 100 48 -97 -34 -79 -32 -88 -20 -36 -91 1 10 84 87 50 -66 16 72 17 -66 -60 10 98 -10 -14 65 -88 15 88 -90 -73 -55 0 17 -17 -79 -33 -58 -49 47 -78 56 21 87 -82 90 39 100 -54 -71 28 -75 9 -1 -65 34 64 90 -69 -20 -78 94 2 -89 -79 -2 -99 34 -47 -15 -78 38 15 16 -1 78 -24 -77 81 27 57 -80 -42 -47 -33 -35 -19 -94 -39 9 -41 92 19 -37 74 0 -7 90 66 -14 -91 -50 74 35 -80 80 7 -5 57 88 -54 82 -60 51 80 85 -74 -90 99 -20 64 58 -69 38 6 -44 -34 -51 88 -50 25 -7 66 45 75 42 16 -43 -99 48 94 65 68 84 -63 -61 93 21 -23 -42 99 -65 35 -2 50 -63 -53 -9 18 -68 -95 -81 -89 -31 -92 -69 86 -19 76 -77 22 -3 -15 -15 -30 -23 2 -42 -29 76 -6 67 13 -17 -87 -77 -71 -71 64 78 9 -90 -38 -67 -77 91 -75 100 86 -80 89 17 -18 -57 -24 -76 85 16 48 35 -16 20 -18 79 24 -73 -47 -87 -39 42 91 32 -67 -70 -56 14 -60 83 31 66 -43 -73 99 -25 -24 -47 69 -89 -57 63 -78 -60 -73 3 29 16 41 -74 95 -65 86 57 70 -36 -68 -96 73 79 -70 97 18 -58 69 46 41 6 3 -99 35 45 45 82 -59 -13 -20 -50 -69 83 -14 -7 -20 -70 33 -68 1 17 -48 -19 -30 -4 -30 -73 0 -59 2 -82 69 52 50 -20 -7 -92 -90 59 32 40 -33 -51 -46 -64 -53 -61 28 71 -18 -17 -53 -86 76 -72 74 -60 59 -32 81 -73 -82 -35 -27 17 -1 -69 59 39 -39 96 -92 96 -78 -50 -2 17 50 56 64 21 -56 75 -50 29 75 -58 -53 -53 -53 84 75 -90 28 78 15 95 -26 -6 62 -1 -36 74 -76 -78 75 -11 7 -20 86 -28 -56 84 41 -48 70 -83 -92 -72 62 3 5 -11 -84 50 -22 -76 11 57 24 85 -11 -69 100 31 27
-13 -45 33 -30 -18 -19 -15 46 -45 13 -91 -89 -30 -30 3 77 86 3 89 -2 -56 -45 58 3 -59 49 41 -48 -30 63 77 -72 -74 -27 -61 -81 18 -29 24 -92 2 23 40 99 72 92 24 -63 -22 -87 12 10 -27 55 -13 10 -57 65 -38 65 -81 -35 -64 -89 -70 -4 70 46 86 -1 -40 -62 -63 19 77 11 29 12 -10 73 -11 98 69 50 -65 52 95 -68 -85 9 -55 -40 -64 -87 -94 51 -59 84 -80 94 92 73 97 99 85 -30 -25 -22 71 -55 78 -59 17 -10 -77 93 63 4 67 44 -4 54 -94 -37 -79 45 -19 56 -69 51 -89 58 10 96 29 29 12 -37 -1 13 -44 18 47 48 -91 -84 5 -26 88 35 19 -5 92 61 34 -11 30 -35 38 49 -57 1 -56 71 40 89 -35 -11 -54 46 34 21 -68 -57 51 87 53 -54 45 92 28 98 94 74 -78 -3 -73 -23 69 46 23 73 -8 97 56 70 40 21 -85 -28 59 87 -17 84 -75 -99 -37 -11 91 -21 42 -92 -80 -66 87 60 -8 28 87 -17 -77 -63 -23 -27 43 -88 -84 -32 58 51 68 -32 58 62 -19 3 -100 -95 43 -17 66 -69 11 15 -65 -81 70 -67 35 2 88 -80 -73 99 78 30 -79 -16 48 -42 -35 -92 -44 -24 -62 25 -94 -9 -13 -56 -20 -43 8 -41 41 -33 -26 -50 76 -9 -9 78 62 36 55 58 -18 0 -33 -74 96 34 -3 28 71 48 60 -66 90 100 55 66 23 -67 -70 -10 78 11 -32 42 -85 92 -57 69 -99 -57 -13 56 45 -8 31 63 26 0 6 57 -65 29 -49 89 -97 -41 -69 -3 64 99 28 -21 61 -96 -65 -88 11 42 -62 -39 70 24 -32 97 -48 96 99 10 26 -15 -4 3 15 9 -12 36 0 21 27 8 81 -33 74 29 45 -98 52 -70 85 2 -71 -7 -43 -17 -97 -82 17 57 51 -1 83 -92 -43 -37 45 20 8 0 -10 55 -97 61 54 -21 5 -12 16 -32 -43 43 -86 -3 40 -66 -64 85 -50 39 -6 -10 -84 70 -57 -52 -47 -23 30 -48 -30 79 50 -78 71 -87 78 -48 77 82 99 12 19 -58 34 75 83 65 88 24 76 11 -24 -2 84 41 57 -75 -9 -84 8 86 -88 82 33 88 11 -80 -98 14 87 -50 31 36 48 -91 29 73 17 65 94 -19 99 33 53 38 -100 -94 54 52 99 -25 -42 -81 5 33 -39 -52 95 -88 -79 -86 -27 99 75 -50
6 -3 16 62 54 -10 3 -81 78 63 42 -39 -16 -4 59 3 -24 17 -13 64 -92 92 -26 97 55 -15 -16 11 -73 -54 76 -3 -77 -98 -57 43 -98 -100 53 -85 35 12 -83 -33 76 -62 7 72 -95 37 82 -20 -42 -58 -80 13 -12 59 78 -95 23 -73 76 9 -36 -84 -54 -70 72 -39 20 94 22 29 49 -28 81 -49 -11 -4 2 30 -9 38 -52 17 47 73 -17 13 -43 93 -37 44 92 15 -51 64 -75 18 72 -99 68 49 -78 -39 64 30 -12 -66 84 -28 99 89 -79 90 -94 87 59 -2 -96 -33 26 -87 -64 4 32 2 37 4 -18 -4 -99 -14 -81 52 -39 -2 70 17 12 -95 32 20 -25 -83 -65 -35 -93 88 85 -5 -25 -44 -43 -35 32 -6 -62 -24 66 85 -91 -74 -74 91 -99 94 -99 39 44 61 -55 -81 -33 26 53 94 -27 55 22 -29 -17 5 -96 -78 -52 -66 -83 33 -70 -3 -89 -80 19 -4 -36 2 11 -15 64 -4 -33 -43 27 25 -73 99 -29 7 79 -41 -97 -5 21 75 -11 53 24 71 -42 -23 39 10 -35 -90 46 -65 -63 -18 -25 41 -79 51 42 35 70 -57 30 15 -38 -18 67 -67 89 -31 53 15 36 4 -71 -53 -24 -41 -18 -70 -82 -98 -12 -69 31 7 -64 17 16 11 -92 54 -53 -70 -93 -52 28 77 -61 32 43 52 53 93 -79 -42 -6 43 -56 -72 -18 -26 -79 -91 77 88 -8 81 -45 -42 64 -55 67 -95 -64 42 -77 -75 2 -53 -35 70 59 34 -59 -32 -12 -72 -88 -90 68 99 -98 66 93 21 21 -55 42 34 -47 40 -43 -33 -61 44 88 -53 -24 97 60 -68 64 4 -71 -54 -51 96 -54 23 74 -61 13 99 -42 51 98 -90 15 2 49 6 -33 1 -65 76 7 19 -20 95 100 1 -78 -95 -52 67 -56 -62 63 -50 19 -78 30 77 -90 47 31 -57 -61 -76 -59 39 91 75 -88 -76 12 -48 14 -74 -37 18 84 -50 92 47 -98 -70 -27 39 99 -74 -72 70 -10 65 -3 -97 -85 65 -67 -47 -20 -80 34 -78 -26 77 -2 12 -16 -7 -73 67 -22 -35 -75 7 62 52 67 -67 90 72 65 50 20 -36 30 97 92 -60 -83 -30 57 33 -7 -34 76 50 -10 -17 64 28 -7 10 55 -21 2 -45 88 -12 87 -94 -3 71 -32 27 -51 -22 84 -96 43 -26 33 70 -34 -56 -72 -90 -40 59 -36 -23 -1 -75 -19 3 -15 -26 -33 -59 -93 -41
-36 31 91 -9 -56 -38 -72 32 -73 34 -53 -73 -92 29 55 -98 37 55 -2 -4 69 -13 90 4 80 87 -36 -58 29 22 -62 -78 35 16 1 33 -66 15 97 -66 -63 -57 50 -17 64 75 8 91 -77 45 64 -66 -37 -29 -60 38 99 -13 18 -2 71 52 57 -20 -3 40 61 17 2 -67 -27 -66 -61 -31 -18 -96 -82 -81 25 11 35 -76 -98 65 -89 -55 22 4 -9 -27 -14 -80 80 -80 44 -58 -18 33 -40 69 -18 53 -62 67 -33 -81 -29 12 82 -84 34 24 -77 -9 54 -94 39 6 99 14 -71 41 -52 -31 -39 8 -95 -71 -65 -10 -58 -45 -95 -93 -63 -63 -86 -16 -13 96 -81 97 -61 73 19 73 -93 66 -49 87 66 94 -10 -17 13 31 27 38 -83 24 78 0 -75 21 -31 -71 10 -9 26 -26 87 -29 96 -30 -22 50 13 -84 82 5 7 29 68 -11 -14 -58 -11 -33 -12 -56 63 -1 40 -98 -14 -38 24 -32 -22 54 67 62 -7 15 92 26 -44 -61 -96 -48 83 -61 -3 61 18 -29 -2 31 -18 -80 75 -61 -99 90 -62 64 94 45 -42 44 8 -29 -77 58 -100 41 99 62 55 -65 63 79 53 -90 89 -2 70 32 -30 21 78 65 -63 -37 35 61 -61 -66 -19 -22 -61 97 87 -17 -89 79 -79 91 99 26 -20 -51 18 13 71 -8 0 -43 69 -48 -9 70 77 -35 -82 -75 -53 59 68 -76 -82 69 -76 -71 31 -89 17 34 29 -51 -83 90 6 -22 -88 83 -74 -49 53 -41 70 41 -42 -42 10 49 -18 26 54 -39 31 -57 47 -77 13 -68 -37 19 9 16 -89 85 1 49 -73 91 -21 97 -20 10 -94 -99 34 -76 -61 -97 100 -18 -45 67 30 -45 -52 -94 -63 -18 -100 29 -40 26 94 5 29 56 -49 43 -9 -97 -58 63 95 98 53 -2 88 -88 -16 23 -22 51 -46 56 16 13 6 -16 96 -78 38 -59 73 82 46 42 69 -71 -24 -94 93 -16 -18 55 -19 -53 76 -62 72 -57 -85 -74 -51 18 -85 -5 -76 -98 76 -3 -95 -63 62 -5 65 -4 -77 13 21 46 47 -88 20 57 13 -77 -92 92 -15 39 20 -99 -12 85 -32 97 -81 -98 89 -40 -22 -46 -41 35 -18 55 -7 58 -89 -61 0 -92 26 -57 -34 -67 -69 -57 -93 30 -83 87 -41 8 23 75 -29 -95 -59 -17 -26 -97 -82 0 23 -37 61 42 -16 69 -5 74 -3 -70 -90 -25 37 -63 -25 60 -9 84
-3 12 41 21 -44 -89 49 -16 -80 52 51 38 -3 -31 95 47 18 -97 -11 21 -81 48 -57 -22 69 22 -10 -9 80 -40 -48 -98 46 56 71 94 33 -23 31 64 -91 -29 -51 -18 -91 -65 56 11 -40 -62 -92 -5 85 87 -95 -27 -31 -18 -48 -22 -45 6 -37 -87 90 4 21 -81 -53 -39 87 -37 81 78 84 -99 27 79 22 6 -91 87 36 -11 67 -2 66 80 -65 36 -34 54 -52 -65 -46 93 31 -35 94 39 88 59 -2 -97 -45 -40 5 -58 67 59 -49 -34 57 67 -6 56 -92 -11 -6 -27 40 22 -41 25 76 88 -46 10 33 -30 -46 8 88 97 86 89 39 -87 -21 -50 -25 -82 81 93 -41 45 6 -46 -50 42 -83 41 -68 80 41 -81 -60 47 60 -87 -88 -46 -27 -76 7 -59 98 50 -26 34 -16 -23 -80 -78 33 23 59 -16 -62 -43 -87 -43 -85 -50 -65 -25 -47 -55 -93 39 57 -44 -74 -55 77 -2 -1 57 17 -11 -38 38 63 -21 -62 -90 -94 20 51 -32 95 15 61 37 15 -71 -93 78 -82 -14 53 50 44 -22 39 -59 2 83 -64 -55 -61 -24 0 97 -54 27 -14 75 77 81 69 -96 26 31 21 -39 -18 54 -62 -16 96 -5 26 78 17 9 71 -60 -85 -77 63 -6 -26 -3 -73 52 28 24 10 -54 -80 3 -60 34 -14 99 89 20 -67 42 62 51 -43 -3 94 -68 23 -41 27 -12 -86 34 84 -8 83 -86 19 -96 -36 -48 -76 -62 -83 41 98 -31 24 -100 -14 22 85 -20 60 -75 98 -80 53 73 -16 -53 52 -42 -8 -62 55 67 -68 58 23 18 -58 89 56 96 -65 4 95 -91 -53 75 -95 -32 -9 -34 -35 52 -32 -55 -84 -60 51 54 -74 88 -76 62 -18 -64 78 -66 -88 -22 -43 -7 13 -44 -32 -46 58 -34 -97 54 -73 -74 -75 2 -16 -36 -1 39 41 -13 -38 -26 67 65 93 -34 72 -49 97 92 -30 -19 -38 62 67 25 8 -30 -35 -53 55 25 -41 94 -94 77 42 -23 56 -36 65 -76 82 -53 -9 8 87 -35 23 -60 -8 35 -84 10 -15 -31 -15 -10 93 -1 56 97 -1 34 -83 -77 -47 12 86 20 -38 63 -8 -38 41 -45 -85 100 -1 11 96 63 49 -75 -51 24 68 -21 -55 23 -65 40 -99 85 -31 40 85 33 58 99 0 -38 -55 -36 89 -16 56 -63 -17 11 -46 45 87 -24 55 -61 -53 17 -49 37 4 84 -6 -21 -61 -75 -23 -40
7 100 91 7 -89 20 63 76 -36 -67 -83 97 88 9 -90 -29 -71 86 74 74 -33 96 95 90 -91 -50 -86 51 79 -68 -44 -8 -13 68 3 -15 -61 -47 -52 21 80 38 -42 78 -31 95 -95 98 -15 -82 -62 14 31 44 -84 -37 -2 100 -26 40 56 9 33 1 -99 -79 -18 -84 83 -71 83 36 97 -20 -17 69 88 68 4 71 -96 -72 6 74 20 -8 -48 -54 -76 -92 36 -41 65 -67 -45 -8 -77 -31 20 39 -70 64 94 -6 -22 -86 49 87 80 38 -49 -98 -26 5 -95 -74 -23 -24 -8 -41 -65 88 -89 -49 -62 37 -36 4 16 65 82 -65 -71 -36 79 -55 -24 42 -82 39 77 95 -73 58 -38 -35 17 -74 -27 -63 -47 -72 -18 21 -56 -95 -56 41 -19 -70 -29 -3 20 -47 -60 -76 -53 13 -76 -50 -76 69 -35 99 -91 14 -7 59 -22 41 -55 -46 61 -17 -12 -11 51 -33 96 -24 69 56 98 42 -7 32 57 29 67 -70 -78 -68 -61 -67 -29 5 -68 19 -16 32 -91 81 70 37 -63 -27 1 -78 38 84 26 -1 71 -81 -11 46 99 0 -73 -22 -93 69 -23 -29 46 23 4 21 97 -96 -35 -85 6 -9 -63 -90 24 -25 -77 -52 41 81 -78 15 62 -63 100 24 50 67 54 96 95 -92 15 -34 44 19 10 48 -27 -2 -89 15 96 -62 -98 -1 -77 -98 -29 -56 4 -9 98 -81 -20 84 51 80 -4 26 41 -46 43 62 -18 86 -93 90 44 92 -91 14 31 65 -62 -27 78 -17 -67 -43 89 -39 -56 79 -36 97 -45 -75 73 18 -79 23 -88 -65 31 -81 11 -27 -43 11 24 43 84 75 -66 -18 -61 -27 62 89 -78 -11 45 40 67 94 -50 -37 -91 -67 3 -86 5 77 53 -68 13 98 -92 -6 -49 34 28 52 -46 29 -46 -34 -42 -17 -4 38 10 54 72 -6 -79 -6 72 38 88 -81 -62 -75 -74 73 -50 -40 87 -11 60 -43 57 86 30 -29 -93 -86 29 -19 93 -90 66 -36 4 26 -68 45 67 -73 45 12 25 43 -69 48 48 -8 -89 72 84 1 23 -23 67 71 7 -45 100 23 -52 28 -45 -30 54 61 75 19 -39 10 -88 33 37 75 3 -86 -98 -45 -82 55 9 40 -70 -1 12 -98 -83 38 8 -70 -32 -17 25 88 30 15 -63 -14 -11 -56 78 20 -24 -38 27 -93 85 42 57 -79 -43 -3 34 -27 -10 50 2 -20 16 -66 -93 26 -76 38 34 -96 -34 67
91 15 92 -51 27 -42 -54 29 58 25 36 62 -80 53 20 38 1 -84 -52 -78 -100 76 -43 51 -4 33 -67 -94 -44 65 24 49 97 -59 -49 93 -52 -64 29 31 -79 -20 15 6 73 -28 -35 -14 78 -17 -24 64 44 -7 -51 -78 -59 -94 -57 -17 29 -23 98 -19 49 -93 -56 63 -79 -70 43 71 -8 36 75 -92 35 64 10 78 -81 -14 -50 -49 -56 -54 50 2 61 -58 -22 93 -86 34 -21 -30 25 -20 -76 63 41 -51 -31 -31 17 3 85 -58 54 91 22 9 -17 85 -39 -36 -57 52 36 -93 67 27 16 18 16 -24 -30 12 12 -65 -34 23 53 -45 35 -99 79 34 3 15 -78 -83 -54 5 -42 35 5 -58 -52 -91 10 -52 33 66 20 -67 -99 -71 76 83 -1 17 56 97 -10 87 -92 10 25 100 84 32 21 -61 43 70 -31 -69 30 -10 16 -80 -38 -28 74 21 -9 60 -59 27 -4 11 -75 40 -34 -4 22 81 56 -67 24 -11 74 86 2 81 96 -7 -20 -35 -48 60 77 66 -93 81 60 10 58 -62 63 -39 -68 -69 -15 -94 -9 46 100 -93 17 28 -87 -12 39 71 -74 46 32 -45 -47 -67 -71 -97 73 22 -55 70 -55 76 5 13 46 28 52 -5 -1 6 85 -90 63 44 -93 -49 65 -84 18 -96 97 -35 89 -24 47 -57 4 -67 -30 -12 58 -46 -80 0 49 -8 18 -67 -69 -29 -53 69 -64 40 64 63 -35 6 1 -43 -49 -52 -43 100 89 -55 44 -88 26 -66 -4 -65 51 65 82 -9 20 45 -13 30 -23 70 -82 -63 -84 64 10 -3 -37 83 -4 98 22 -100 -64 17 -87 -25 -18 25 100 98 -15 -83 18 14 -50 -7 81 -86 30 -94 -31 -79 39 -64 90 -71 70 -72 -4 59 7 96 100 69 -63 -78 15 -34 -19 35 -8 29 61 14 52 85 46 -56 -21 59 23 63 44 55 70 1 -15 94 -27 11 10 -49 -97 94 63 -5 -84 81 -12 14 30 54 62 4 -48 7 -55 -91 59 88 -17 39 87 30 46 -32 -60 66 -84 -45 68 -68 75 52 -60 -48 -67 67 -77 36 -40 93 41 85 86 56 66 -4 -92 -79 -26 -52 -43 -65 -54 -94 29 87 99 69 -62 -31 -66 96 -26 82 36 -46 -10 74 -86 69 -23 -3 69 29 53 -9 63 57 14 -50 75 -31 72 -77 5 56 95 -44 48 96 -20 71 -99 94 -98 9 -52 39 -68 -42 52 11 26 -34 21 87 -83 -10
45 70 87 9 5 -56 79 -27 -64 93 3 81 41 98 22 17 30 70 74 26 -27 14 -56 96 -56 -46 13 93 -97 21 -2 82 66 87 98 -5 86 -14 -22 27 -56 -79 -67 -51 -20 41 98 100 29 -34 -82 32 85 -94 -68 2 12 18 66 -32 -21 -58 -25 12 -78 27 -45 -63 4 -27 -43 3 25 -62 -8 22 -46 85 -93 46 30 8 -12 33 40 51 99 54 100 -39 -80 43 85 74 -74 100 72 19 -9 -88 -54 -5 18 61 51 -96 -14 30 -64 -18 15 -53 -72 -49 66 -28 -11 -47 69 25 -18 7 93 86 -32 -57 56 30 29 -22 -75 10 99 -1 66 83 -53 -60 39 -98 -36 97 -13 88 -28 -43 -29 -91 39 -94 78 -99 71 48 13 93 -36 60 -53 54 -69 13 -50 91 44 -88 23 38 6 0 84 -28 -10 64 -91 83 89 -95 -64 93 3 3 98 -73 -95 99 -54 25 -44 58 11 28 -56 100 -79 18 -29 37 -66 -8 -16 42 -80 -23 4 66 17 35 99 -33 5 -79 -77 27 -66 15 -67 -90 62 -61 -37 67 -59 11 -62 -25 53 76 48 -84 97 -13 -35 -12 3 75 55 -49 -21 -93 -31 74 39 57 -68 -85 96 -70 -71 -34 18 -1 49 -45 -83 -81 -25 75 0 9 94 30 -26 -92 78 -76 -41 -65 -50 -65 -64 17 27 -89 -14 -73 -37 44 35 -50 33 49 15 -96 82 44 -40 -16 31 -16 28 -20 -15 82 -5 -15 -37 71 52 -75 -66 56 85 79 -33 -89 64 6 89 92 -33 42 58 55 98 93 -52 76 -72 -97 10 86 -80 -14 -45 -100 57 68 -78 -52 33 54 10 -92 86 22 13 44 -80 -11 -69 71 27 -47 41 79 33 10 -66 26 77 76 50 -99 36 -45 13 44 -47 0 29 -20 40 93 77 -64 26 -26 -2 54 72 -77 -76 27 -47 43 -86 73 19 80 -7 -100 -64 -88 -96 -90 -26 -100 -47 -39 3 -62 62 3 -47 -75 7 66 -13 -5 36 71 -84 30 -34 73 98 74 14 66 -28 37 -100 -64 18 -52 21 29 -91 -96 82 47 45 30 4 -5 34 -41 -72 -38 22 75 53 -2 -28 -62 46 10 -20 -46 46 -74 5 -93 -72 60 -99 8 80 93 82 24 -14 57 14 26 73 39 -96 -56 77 -17 -48 -35 10 91 -61 64 46 -17 -96 34 -17 -92 51 -34 -67 -78 -11 96 82 -32 -98 93 -85 1 -66 53 -32 -47 -62 10 75 -99 -42 1 -66 -77 -35 -79
-44 -61 -100 54 27 64 -58 -48 28 46 -14 99 86 38 43 67 41 -78 14 31 -79 -10 6 -2 -80 -31 -96 -3 -19 40 -31 -86 36 3 92 90 89 91 0 -71 44 -53 99 58 25 -12 42 -78 -6 99 39 -84 61 -36 33 -5 85 88 82 -73 -88 -27 43 -93 77 0 64 40 7 11 81 -44 -23 17 -47 -39 78 99 1 90 42 -61 43 44 -44 -82 -81 -43 18 -15 35 92 57 44 -8 -92 5 3 81 -6 51 26 -91 -27 43 -6 62 88 93 -61 13 16 -40 30 -65 -39 -19 -58 -98 -2 -37 5 85 -54 -64 45 19 -64 -100 -95 -100 46 -46 99 65 69 -31 -52 77 6 -8 -51 45 73 5 -73 -72 -51 75 70 -98 -53 -85 85 18 -92 -25 -25 -33 -97 63 -4 -94 65 -92 13 51 -74 6 62 -26 -63 85 12 39 -53 -26 46 -59 5 85 33 47 -75 17 20 18 76 99 -76 -22 -81 84 -88 63 92 69 -9 80 10 -28 -82 11 78 -18 -60 -55 99 41 54 -50 79 65 5 -69 -87 31 3 77 -59 31 47 -22 45 56 -70 -46 3 -18 65 40 22 1 -26 95 -14 -54 18 -8 -24 -95 -22 7 0 -71 -66 93 -58 -6 -99 12 -22 87 18 88 19 -47 17 -71 33 -61 -19 -53 86 85 -14 80 39 -24 -36 -6 82 -88 21 -99 50 74 84 39 20 -4 100 -27 83 -72 -45 75 -1 -64 -46 -43 77 0 -79 -74 61 -100 -58 -17 -86 -20 -1 98 -87 67 -84 -63 83 9 -36 -38 -79 -42 -98 -62 15 25 -81 -49 -38 -71 97 -95 47 -89 -89 89 -11 -9 -99 -5 -96 -26 -61 -90 -39 -29 49 -63 67 -71 -88 -5 79 7 22 -100 47 47 83 32 -51 -70 28 47 -13 26 69 -9 36 -46 -19 -73 -2 67 22 -14 -79 -51 3 90 69 37 37 -72 73 -82 -5 -48 50 -21 76 56 80 52 -8 -54 66 87 -42 63 30 56 -27 -76 96 91 4 -22 -10 -9 -78 97 -3 -98 -38 96 21 -65 44 67 85 -85 2 10 62 -75 -7 -36 75 95 98 -59 57 42 79 47 -36 -39 95 46 12 87 38 23 22 -32 59 26 -69 89 -22 -24 -99 -72 73 66 51 -7 -97 54 -88 43 24 -83 -68 70 76 27 -14 -53 -16 2 -16 -40 20 60 -65 29 5 -61 47 -72 33 11 96 3 76 61 -81 -30 -63 96 -71 99 18 -77 -44 90 6 -31 -60 -51 3 -81 96 43 -8 -41 -68
38 -26 -74 40 -75 -33 -70 40 -39 62 93 -85 -40 -16 -17 77 5 78 -37 -14 73 -86 67 39 -89 48 38 1 -55 -84 54 -27 -59 -46 42 75 -16 99 3 -31 -52 -42 -24 -59 -17 51 4 -54 -5 92 15 -56 96 -21 59 -46 -45 30 48 -27 45 -61 -87 72 -36 71 -12 81 71 -16 32 -22 78 -34 30 -8 37 37 89 -85 -91 90 17 54 31 77 88 -11 13 68 -56 -20 36 -90 12 -41 85 35 26 -83 -70 27 12 -21 -34 -1 -79 -76 -47 53 89 82 -50 -31 -97 54 -66 -32 -78 17 -86 -9 85 30 -52 27 -46 46 -68 94 49 -71 11 -4 -78 4 -78 -39 88 5 30 95 -62 -73 31 43 -74 4 9 -85 5 -85 -92 74 -84 55 55 29 67 -17 95 -20 -23 -24 93 64 71 28 -13 -65 45 -93 77 80 -33 37 27 36 -39 28 88 55 -37 -51 27 -94 46 -22 79 27 -19 40 -12 -66 -98 66 -12 -96 70 27 -60 -41 -30 -64 58 -4 -12 -24 100 -94 53 -36 -82 -81 -12 53 66 84 -20 85 -77 10 -78 82 -6 10 -36 -25 -62 93 37 23 -76 -75 81 81 91 28 -90 19 -35 7 10 68 -30 -85 28 99 93 -100 49 -62 59 4 -91 -20 74 54 87 63 -64 26 -64 33 -92 41 -40 85 42 -95 39 65 -33 -44 75 94 76 -20 -82 81 -26 -16 -69 -10 -71 54 87 46 21 -99 -59 -64 -59 -21 82 53 22 -68 -42 -78 -46 94 -49 15 -45 36 8 100 -18 24 -79 -21 -71 7 74 66 15 -53 45 58 60 -67 -95 76 21 -29 -75 -69 60 84 82 81 71 37 11 26 -82 37 -38 18 92 74 100 10 100 89 -77 -19 81 29 -13 -46 76 -59 -32 27 52 74 -15 40 -67 -77 58 31 -21 12 26 -89 39 -5 -88 -71 81 -87 37 24 68 -42 81 68 -48 46 -71 -96 -50 24 -32 -34 -69 59 -37 -49 69 -44 -99 47 -88 -48 67 50 -45 58 -59 38 -21 97 98 -58 0 -64 11 77 -90 -16 62 -6 73 11 -80 -65 29 29 58 -95 -49 100 73 -76 -37 -68 -16 1 15 68 -94 59 89 -68 49 8 -12 -80 0 -91 -70 -100 -62 -95 -1 66 7 -26 97 82 81 36 -37 -73 70 67 -91 -11 -52 53 84 21 69 11 83 -54 -71 40 -51 28 -28 -68 -18 100 -72 12 5 -39 68 61 -24 53 53 -50 -99 52 -46 -95 -63 -91 -74 67 33 48 -24 -42
-57 -12 -12 25 -32 46 49 -67 41 -25 11 -31 -16 51 41 13 1 21 -18 33 -9 18 92 -45 100 20 -42 86 97 16 26 3 32 -41 3 -72 34 -49 78 -32 43 -81 9 -44 2 34 -45 24 37 20 -67 -24 21 50 -88 -64 3 96 27 96 -61 -25 -29 -64 0 76 7 -19 -28 45 13 50 -46 -47 45 63 72 -45 -40 8 68 4 -20 -85 -90 -78 54 20 49 43 23 37 56 -96 -79 -90 53 -79 84 20 -12 -37 -3 -11 90 66 86 80 -7 19 -13 99 -56 -42 50 -90 23 9 -23 45 -28 -73 -83 37 -51 29 18 87 -91 20 -35 17 -86 72 -76 14 71 3 93 17 50 -23 5 -20 0 -66 87 -45 87 -10 46 -65 56 16 -83 48 52 -63 -63 -73 45 3 -74 -38 18 -40 50 -52 -94 91 -43 46 -51 94 49 -84 83 -62 35 -89 -19 6 -36 3 -12 24 97 -54 13 -29 -1 13 -85 -13 100 -97 42 -1 -87 -8 -84 56 -7 27 30 25 91 -14 -83 35 -98 94 -32 35 11 -22 -8 20 -55 -44 -63 53 -52 53 16 -39 37 93 -22 -45 -65 99 61 -24 -72 53 31 65 -6 51 -90 78 78 14 -56 51 10 76 -94 28 78 86 -28 -79 46 -28 72 -94 -47 -97 88 -99 10 1 70 93 -12 39 65 -77 -3 47 -20 -77 -9 51 26 57 16 -29 31 39 15 -48 -24 47 -85 97 -36 -96 -26 25 -96 48 -41 48 -43 -57 -76 -20 4 77 -37 24 -55 -81 -20 -21 51 30 36 -51 13 73 -19 45 73 64 -46 -88 -56 83 -20 -96 -43 31 91 58 58 9 -78 -36 -88 61 -11 -68 -29 65 -38 -59 -100 4 -52 93 21 92 -37 -65 95 -24 51 -37 -77 79 31 -25 -95 -95 92 -45 -63 78 17 -65 -94 24 73 54 -2 29 78 -94 -94 66 -46 36 -62 90 74 -36 -26 7 -1 77 48 71 -68 52 33 89 -93 33 3 -9 -53 93 -47 45 5 8 -58 87 45 -26 90 96 -81 17 56 43 88 69 -60 3 51 -7 17 47 18 -98 13 13 -72 2 -60 68 -1 78 -40 47 90 3 -4 84 -25 -55 -14 41 -63 57 -89 72 -82 34 45 -94 12 34 86 95 -41 -9 94 65 59 -23 71 71 -8 16 87 -33 35 58 6 86 -47 73 -25 -9 -59 88 62 -9 -57 -38 -78 85 -2 -82 -71 -28 11 -19 -10 -31 93 -59 -52 58 -10 -2 -18 46 -6 19 -30 3 59 -1
89 24 2 -77 -25 -27 78 79 -58 -20 -55 58 25 68 18 -23 -93 9 -9 -79 -63 -38 -81 55 42 74 -85 98 100 94 -40 44 -48 27 -94 -52 -56 20 -6 1 95 51 -40 94 -92 -20 -24 89 57 61 -37 69 -58 24 7 74 -39 -80 -69 85 15 -19 -21 97 -70 81 53 -71 -14 34 62 68 41 58 95 -60 39 12 -72 -90 -41 -55 -26 -94 -40 -13 -32 27 -44 47 -53 35 24 47 41 88 -87 -94 -13 51 34 73 48 -1 60 -98 0 -87 -57 -95 28 53 28 -69 -63 12 54 -15 85 50 84 78 15 52 1 -33 36 -53 87 -23 16 21 87 26 -80 -39 97 70 -86 83 -47 -87 97 -53 -86 78 94 -29 26 60 -17 40 55 68 -59 -13 32 -1 -76 -8 -19 -88 75 -53 -81 -30 89 -16 -51 89 -97 72 64 -33 -55 55 64 32 -61 -59 -36 38 -23 88 -70 72 -89 -5 50 71 -83 -15 -88 27 80 9 -77 53 97 -2 -49 25 88 -62 51 75 -86 -80 9 89 -13 -23 1 -81 -15 85 99 -37 -11 94 -90 23 56 0 70 72 92 11 64 -69 -81 70 -43 59 -81 82 -84 23 17 44 59 -100 -90 -17 48 -55 60 -71 1 -16 34 -17 35 -31 89 -88 98 -87 -77 -100 17 -10 -83 100 92 100 -3 -16 -58 21 14 0 -12 -23 -32 12 -53 67 90 -82 35 25 100 -81 -79 -76 81 76 -76 -26 -100 -4 33 59 -45 -22 76 -51 14 -46 -63 95 -40 63 92 -52 42 51 5 78 100 -35 -48 -36 12 -22 -47 58 -79 40 -33 67 48 67 -97 -48 -26 -15 -89 -12 -77 66 84 95 -32 7 -41 93 -20 92 -61 87 79 67 -64 70 -28 87 23 34 52 -100 20 -40 -26 82 70 -90 63 48 29 80 80 -89 94 -25 -26 54 88 -25 62 29 -32 -23 31 -80 -21 -41 -59 85 68 -23 -44 22 54 47 89 -76 -73 -12 -99 33 60 69 -25 24 -1 -75 82 -56 70 81 -100 26 70 56 78 -8 -43 -97 43 6 -93 63 59 21 20 43 4 100 -46 -52 -12 -5 -79 -76 -11 25 19 47 -82 -78 -77 20 8 54 -92 -24 -42 23 49 -6 -22 79 79 35 -19 70 -22 -73 -5 -2 -53 39 -21 72 21 96 -73 32 -7 -61 54 -66 -19 -93 -62 60 -13 19 -40 78 20 -15 94 -3 55 -40 49 -22 42 40 78 79 51 67 -87 95 20 -18 -10 -56 56 22 33 45 12 -68 50 -88
-10 -90 62 47 80 -34 -72 57 57 -95 58 61 -40 51 -73 2 -64 54 77 -31 -42 -30 -62 -34 74 -36 58 -21 -73 62 -20 -6 18 -15 35 -90 -99 -49 -46 81 9 63 1 -31 -100 2 60 88 -7 40 75 -30 12 -56 0 -33 15 47 85 -28 65 28 -9 -49 97 17 -77 94 1 8 90 -20 -54 -25 -37 78 1 -89 -56 -46 23 17 -53 -68 87 -87 73 59 31 -93 -5 97 -94 34 -3 32 74 73 86 38 92 -88 93 13 89 56 -56 -90 47 -67 97 39 -2 74 43 -56 -69 39 18 -72 78 -84 -21 60 49 -72 -9 -7 -37 -27 -16 91 -83 26 87 54 99 -100 18 -86 66 -74 -46 90 -99 79 60 11 -10 4 -100 -37 38 -35 -19 -67 -63 -77 -26 -24 -6 -95 74 -36 -56 78 -78 72 21 26 20 1 -21 -81 76 -57 -78 -70 40 93 -24 -69 -35 -17 34 -29 56 -52 -70 69 -11 73 85 -94 34 77 -39 -31 78 -86 15 -29 -23 -27 71 54 -89 56 -7 -68 -85 -5 6 85 -39 -65 62 86 -43 52 45 59 83 100 45 -59 -36 88 -31 -16 48 16 -13 -67 50 -54 -89 45 -50 32 -99 -56 -86 43 4 -85 53 -15 -26 -24 80 82 54 -39 73 5 35 -21 -96 70 17 -44 54 -21 -64 78 45 14 -91 46 84 93 68 63 85 42 41 20 18 4 -27 -49 47 -71 -52 -81 26 -66 -11 85 7 36 -90 -85 6 85 -74 2 56 -56 58 71 14 -42 -77 64 28 55 -61 54 17 40 86 10 -56 83 53 -41 87 19 -8 35 -21 -28 -5 33 39 13 -77 35 -70 94 83 -56 -38 7 -15 -7 40 36 54 16 98 84 -27 -70 36 2 -8 1 42 -96 -15 -78 -54 -100 -71 21 54 -28 42 5 67 87 37 -70 28 -95 50 -18 60 -25 -12 -42 89 -74 -66 1 -13 92 -2 -8 12 51 -69 -45 -92 -83 71 44 66 1 -16 -74 59 31 18 52 54 -82 75 -51 -69 -12 34 -69 -63 -22 -3 -85 45 5 26 -36 33 -96 34 -77 -44 79 -25 6 -19 -37 -88 -64 95 -5 28 -96 -16 -78 57 13 78 49 -75 56 66 -79 37 87 -95 -27 -34 17 1 31 -95 96 30 -4 92 -36 -37 -57 81 -18 -13 -92 -10 -18 -85 -94 40 9 69 -66 35 -39 86 -40 -99 -48 -10 -8 -100 -40 6 0 -80 -70 -60 -45 -83 -31 -90 -94 92 79 -58 68 -67 -93 -30 -100 -74 -56 24 91
27 -11 -2 -63 95 84 47 41 -90 58 -65 15 -11 -65 73 82 -54 -40 81 -46 4 26 -60 -80 86 -93 42 8 -53 -83 -83 24 -64 -65 -36 95 89 41 -72 -77 25 -58 -65 -61 -25 -31 -99 -76 -35 -78 -36 65 73 -86 55 58 34 -27 70 -64 -38 63 -66 -62 -82 39 34 -90 -61 64 33 37 51 -70 58 56 68 13 64 59 70 -100 48 -48 -12 35 93 23 -99 93 -45 27 68 -5 -58 -36 22 70 22 82 -90 -98 46 83 14 76 -22 -73 92 -17 -27 97 -86 -74 14 24 -67 -22 11 -25 28 56 46 -41 96 87 -92 98 -38 84 25 -50 -36 -58 -88 81 -45 50 0 -77 -43 38 100 44 -38 21 89 -26 -37 10 17 -94 -39 -25 -95 -87 71 -1 29 31 -44 -35 28 72 -56 -34 -32 -85 88 -90 62 -65 53 -87 -24 69 43 -21 16 53 -27 -34 -61 -61 -98 49 -64 53 98 -49 -8 44 -66 42 -98 51 52 -31 -54 -48 -59 92 39 88 -84 59 -42 -11 -26 -2 64 -77 -58 21 -59 86 2 32 87 90 61 -95 6 96 -75 -6 53 24 81 52 45 -22 -7 45 96 -24 -70 100 38 -7 79 -16 35 15 17 89 -66 -68 -63 62 90 -49 90 97 -45 -69 8 -72 -73 -47 9 62 49 78 -9 37 -65 10 -88 -51 -12 -85 68 -40 -7 76 -11 -54 -54 14 45 20 -98 5 -90 40 -62 79 24 -35 9 18 25 14 -19 -59 75 58 88 94 -77 -11 -50 -97 -84 87 -51 -61 -20 7 29 -99 20 63 88 80 -81 -68 -48 -86 -98 55 -4 -19 15 25 60 -12 60 -45 -99 35 83 91 -62 95 88 -71 54 59 22 -7 63 86 -79 61 -71 34 -22 -23 49 -19 93 40 62 -46 -40 56 -40 -77 15 -57 77 -10 -99 -25 41 -83 -82 -67 83 91 -70 -27 -93 -34 -7 -83 21 99 -41 50 68 -19 -39 72 -24 -52 16 90 99 86 94 96 99 21 -91 35 57 -57 43 -50 1 2 -72 72 26 50 -78 24 -48 -6 52 51 60 71 5 -72 -10 -33 -25 -45 -6 98 27 -87 -20 25 96 -56 11 -58 62 -78 -57 -57 37 -95 97 -1 -43 8 -20 100 -8 83 30 -77 -83 -43 -80 2 -63 -67 4 -71 -50 37 -26 96 -11 -23 -76 10 87 89 -54 43 48 -77 -2 87 18 -69 -7 44 99 18 -78 -46 -20 -89 16 20 -100 59 -45 -93 -41 29 75 -35 48 97 58 45 20 68 86 10
