250
62 60 46 -87 34 46 59 79 94 82 43 -44 -8 -33 -20 -68 -62 99 -44 2 -18 -61 40 43 -17 37 55 -100 44 -40 28 -37 -45 -98 -65 -90 -92 1 -13 79 -93 55 -21 -69 -64 73 70 49 59 -6 86 95 -12 -92 89 -38 5 -4 -97 -89 55 -8 80 71 73 -88 50 -81 -49 99 76 39 17 42 -45 -67 71 -91 -95 -94 -52 -78 -39 18 -75 98 -69 -43 54 53 0 89 18 -2 52 66 -33 -50 -86 -20 92 39 59 45 -65 -78 -24 59 -86 -25 65 -20 -59 -83 -98 -94 74 -96 -24 -75 -19 25 -74 -85 84 69 -73 52 23 33 -75 -30 82 -39 -71 73 56 -96 -54 96 -38 34 53 -18 -91 55 -21 88 30 -100 -67 62 -86 -45 -71 -14 67 -35 -70 67 87 -37 6 -62 -3 19 67 75 89 3 -16 29 46 -72 -93 -56 6 98 84 -17 -74 51 42 -39 38 97 -37 -17 -73 -20 76 27 -4 63 49 86 17 50 74 -12 77 77 19 -100 -45 -10 79 82 -59 -2 17 76 71 -40 -41 21 58 47 96 84 -55 47 67 88 35 -77 -68 -80 16 -40 11 -77 15 40 43 84 61 26 -94 -21 -12 -4 28 -77 -94 -24 -24 -23 93 25
-13 -47 -68 -3 72 -66 -95 -16 -67 -79 -11 45 -49 -38 -62 -5 -67 -12 -31 7 54 63 -52 -47 57 -59 -14 -38 7 44 -72 -88 51 98 5 -29 54 -28 16 99 87 -72 -59 -21 5 -53 -91 67 94 95 46 -16 96 23 -16 -78 70 88 -36 76 -25 90 -22 50 -71 -19 -15 -77 23 18 -50 -8 -19 19 72 -17 52 -21 -28 30 -3 -18 18 40 37 -56 17 85 -82 40 40 42 -91 -66 -15 66 79 52 -8 -74 88 -46 16 73 10 -1 -79 -60 47 37 -3 60 15 -48 -43 99 -89 25 79 24 -5 -23 24 9 40 16 13 21 -99 9 51 -98 47 -2 93 36 -26 -15 4 -22 85 -87 -66 47 25 10 22 26 -93 40 65 -27 70 -39 -31 12 -45 -13 37 95 88 12 -33 77 8 -38 9 51 4 -14 91 -19 61 -11 -11 -96 56 0 -37 -89 -90 99 -86 78 78 38 -36 -59 -58 56 -2 95 -78 94 75 31 -23 -74 4 64 -3 27 -52 -28 -40 -66 73 -91 30 27 65 62 -75 69 35 -75 37 -76 -94 -39 -90 12 75 66 -6 -57 93 54 -65 46 -24 5 -24 63 61 -74 100 89 99 -75 6 -8 38 47 -74 58 57 -57 25 46
-18 -35 -8 -87 96 -56 -66 -22 95 -72 -57 -30 -86 43 46 84 -17 55 -79 -22 -32 -8 21 -11 -40 -32 -80 -23 -16 -12 -55 32 85 -17 32 -78 -37 64 -32 -64 -49 -44 58 -45 -37 50 69 43 1 64 37 -3 92 86 4 60 -15 90 98 98 92 -48 16 -32 5 -89 -3 -16 -80 -63 9 -23 -68 -7 -66 73 96 41 -69 99 70 -71 10 -88 87 -49 67 55 80 73 87 86 -81 -34 27 -34 -65 35 63 70 -46 -40 -71 0 -27 -14 42 22 16 -90 -32 -62 -23 -93 16 20 78 1 94 16 -94 -83 -21 -91 -76 74 -44 -82 33 62 41 67 64 -18 88 -31 35 72 -50 -24 28 95 -10 60 83 -15 65 -1 62 -40 90 -23 14 58 -99 84 17 48 94 45 -29 23 -65 19 63 71 -100 6 5 -98 -48 -39 -60 74 -60 -3 -20 49 -69 60 -82 -74 -4 73 97 39 86 -22 -20 33 -23 -57 21 -82 -80 -87 -51 15 85 -69 52 85 97 86 -71 -2 -86 51 90 19 73 -91 10 -19 95 -65 -64 25 43 95 37 -82 43 42 62 64 13 61 56 -4 -74 13 93 32 -23 -58 -59 27 -47 -77 -98 83 74 -20 17 64 30 32 28 81
-47 99 -100 -74 0 -100 59 -34 86 19 -57 -42 -36 83 2 38 -99 39 -10 82 -47 48 76 88 -12 43 -35 -39 -14 39 6 76 93 69 -41 69 -43 30 25 8 15 65 -77 -31 39 -47 -53 72 2 62 -97 -63 -60 -6 73 -96 -25 -44 89 40 -70 73 -44 -56 -30 93 46 -4 -68 10 0 53 -39 -70 -42 -17 -22 74 62 -59 -27 36 25 -69 -84 65 -49 80 -55 75 21 6 63 -11 40 10 47 -10 20 -1 -64 27 52 -93 -39 -91 45 11 94 8 35 -20 5 60 41 -69 96 -95 -97 -72 20 76 80 -84 -18 -70 89 -57 -57 -86 -8 20 -52 -8 -24 -98 56 -48 26 -58 46 73 -44 52 -29 0 91 -24 -96 -42 5 51 50 16 98 62 42 87 -70 97 -59 -34 -51 94 -31 33 94 10 -30 -46 53 -90 -9 -98 -12 -71 56 -53 35 -23 43 -39 56 -38 -65 83 -54 -16 -35 -67 -41 38 14 -63 -27 89 1 84 12 53 77 54 -75 11 -20 25 98 -28 -30 87 -95 97 5 -75 -25 24 56 -97 -49 74 -61 24 89 12 -16 73 -72 77 -83 21 -33 28 14 -68 -32 96 -87 -4 -72 52 52 -8 -68 4 46 42 -86 51 -97 -24
-93 32 -43 -65 -12 -92 18 3 64 -26 18 -85 32 -9 83 49 67 -60 -40 -6 -42 45 -62 26 13 67 -4 91 61 -89 34 -56 11 19 -34 -83 10 71 98 -21 39 63 -13 33 19 7 96 -59 -63 6 52 25 80 -57 85 -78 90 3 -19 33 -73 97 0 57 39 1 77 82 -58 -38 71 -55 41 31 65 -50 -12 26 41 -40 -86 12 67 12 62 -17 32 60 53 21 -59 -55 -47 58 63 -69 43 16 -28 47 60 41 55 -97 79 -44 49 -52 4 61 -42 47 -31 -34 -79 20 34 9 1 -80 -64 -51 100 95 46 24 62 -40 4 43 72 -76 -95 -78 -4 95 -69 63 16 80 46 -90 50 -54 -92 2 48 49 -11 57 -39 30 -55 30 89 69 44 -35 9 66 95 77 80 -80 64 -86 -25 70 28 -20 61 25 -3 8 94 6 -17 -41 74 38 26 73 50 94 13 43 29 -22 63 22 -12 -16 45 -93 -10 54 -97 76 97 -32 -36 5 -94 45 -39 84 6 -54 -68 12 -59 95 -15 36 64 94 32 70 54 -16 -76 -21 -90 -29 -49 -19 -9 -80 -1 68 -43 -48 -64 -69 78 15 51 -93 14 -48 94 -92 -35 100 62 87 7 -46 -64 -6
-64 -61 91 -87 -18 -8 -35 -17 62 -14 -96 -99 27 54 -58 -52 33 -75 -46 -67 -54 34 15 18 -89 -53 55 99 -81 -53 17 62 19 66 -3 31 9 -78 -21 25 -68 -37 5 72 82 92 -38 -96 -40 -63 20 13 -52 -41 64 91 -16 -29 -78 84 97 91 -75 71 22 79 -90 -12 -41 -70 -10 17 -86 -3 5 10 -12 -51 -19 66 66 -33 -11 -47 -84 -88 87 50 -30 17 -4 -87 100 33 -25 72 98 -73 1 -18 47 46 -71 57 22 73 34 49 95 -85 21 -2 87 -56 17 94 4 99 -4 61 -77 -39 80 -54 -98 79 25 -31 -57 -70 -23 -11 66 44 -49 -42 90 -43 -20 97 -97 31 -77 -87 21 45 -57 -71 -17 92 21 -78 -20 10 86 -59 69 -51 -35 -73 83 65 87 87 82 40 69 27 -79 -75 85 -57 -72 39 100 -56 -100 23 -3 -25 84 -89 65 79 -83 -55 83 -73 61 -83 -42 11 -23 100 -92 90 29 92 58 -71 -59 -25 -5 11 4 17 -51 88 -60 -1 69 -75 85 16 37 35 44 92 -20 58 92 99 38 -79 -25 -44 -98 -41 31 -26 -54 -44 86 86 47 63 100 66 95 42 91 -55 -17 24 -16 46 50 -57 -96 -18
-90 -49 -6 -39 -18 96 -94 80 84 -56 -62 69 23 68 -9 55 -24 -91 -61 79 27 -6 -60 92 16 -71 39 1 46 -36 22 31 -30 66 -58 33 -55 -11 83 88 60 -28 -56 82 -61 25 -13 17 -94 -67 -17 -58 92 -34 98 -68 64 -25 2 56 31 79 31 6 -16 90 78 -42 -4 33 10 11 -89 -99 22 52 77 -25 21 -64 27 -95 -84 -56 10 -57 -11 -95 41 -83 3 31 -45 47 76 88 57 -28 -62 11 9 1 -73 13 31 59 0 33 9 7 78 -87 26 -44 -75 -64 -23 28 -17 -48 -84 -68 55 -96 8 -100 -47 -28 28 -32 81 -69 9 -14 -83 -54 22 94 -51 72 32 -22 -33 24 53 -15 6 -49 -21 -51 -71 58 16 74 10 -17 0 -77 -12 -41 40 12 -13 95 97 -32 80 52 37 6 44 95 50 -42 -70 72 66 33 -2 17 -49 2 61 0 62 -80 75 -84 -13 -35 52 97 -41 -71 -74 -66 -15 -37 69 15 12 92 -99 -37 24 11 7 -5 -64 -97 -67 21 49 18 65 -72 -52 -45 -33 -13 -5 92 52 -51 -79 69 89 2 44 -31 58 91 35 -80 -23 -63 -94 -45 -33 -96 31 15 -31 75 25 90 14 79 23 -40
25 33 64 -30 55 71 75 32 -12 -38 -15 -43 28 -29 -8 37 6 4 27 57 8 -45 -80 74 30 91 3 89 92 97 -92 77 -99 98 62 48 18 99 56 -96 5 73 -57 15 19 67 -2 -58 12 -81 92 -83 68 -53 -83 28 -78 64 -69 53 1 21 49 -37 10 52 9 -10 -92 -79 -71 100 -39 85 15 -70 -20 95 -20 94 -49 -82 -74 -21 -87 -4 -12 -6 86 3 82 -37 17 67 94 -76 -80 -77 48 31 -78 69 84 62 93 -50 -94 96 -21 86 -69 -38 -53 76 93 43 -99 -48 1 36 56 13 -2 -62 77 31 85 8 35 68 -4 -84 -10 45 46 -24 41 84 -10 46 -23 7 -54 -32 -89 45 27 91 -54 -7 99 -52 98 24 2 -22 -22 -73 96 15 -96 -52 27 19 -21 -95 -28 -57 87 -58 60 34 27 -48 -69 38 49 -88 -46 -42 30 -26 -86 -51 23 32 -26 -61 80 52 55 -54 83 95 -53 -27 26 -61 -3 66 6 86 -92 62 -100 28 88 71 -60 7 19 -7 -94 51 16 -96 -74 -8 63 -26 69 38 31 96 62 -93 -49 54 85 -13 30 98 5 87 -72 -54 -31 -87 -91 97 -51 63 -26 -97 -83 -24 -43 9 75 -85
-48 -76 72 67 -9 47 -84 -55 33 10 -72 1 -77 -27 93 -29 41 44 -7 -35 -79 5 80 -19 71 88 -24 58 -81 59 54 -97 -87 95 64 66 32 0 61 78 49 -69 -1 15 -2 -79 -82 -82 -58 62 85 42 48 -8 95 42 40 0 -42 0 -58 -6 -88 -86 -58 72 49 86 84 45 33 -10 -21 55 -80 -64 -21 -89 72 -39 -43 26 67 -76 64 -58 39 -70 -84 -36 -57 -66 86 -72 6 -26 40 -69 -81 -32 67 -93 17 -78 -56 12 38 -26 36 -91 56 -95 -8 -73 -73 -50 -55 -18 30 -52 -39 -58 0 24 -22 -11 75 -98 -42 100 92 84 -24 -13 99 -56 88 5 17 36 90 39 -94 -27 82 -87 -15 44 19 32 -77 -46 96 -27 7 12 -99 91 28 39 -22 43 92 -46 75 76 43 -19 8 36 57 77 -92 -15 1 -26 -47 92 61 64 89 17 56 -43 -89 -84 -90 28 -15 -82 34 95 29 -13 -81 -83 63 -92 19 -75 58 -97 -63 80 33 35 27 -43 -70 -11 -97 -52 87 14 -35 46 54 -40 11 -58 59 21 29 46 -77 -75 -32 74 41 98 63 78 3 -99 -33 -48 -71 -37 7 -79 -14 84 -23 -7 -42 47 68 -93 29 74
10 0 -92 -4 -12 -20 -30 -69 93 17 -67 -27 70 58 1 -83 -93 -95 68 31 67 83 -96 62 66 -40 -35 -69 -98 -10 -12 -2 19 46 48 19 70 61 -48 29 -91 4 8 42 71 -22 -58 -93 -88 -100 -25 74 -78 98 47 13 -66 -88 6 -70 62 62 -42 -95 86 50 -72 -36 -75 -47 -68 14 -52 -10 55 -11 47 -35 -83 20 -26 -23 6 100 69 -87 -63 75 -61 -76 62 -65 -1 74 -26 -72 47 -81 -13 -62 -50 -3 50 39 -62 70 62 -32 -49 -44 -4 -58 -88 29 -98 -44 90 -3 -82 -51 -87 25 31 100 -70 49 -65 91 48 97 -70 13 -25 -57 -39 -91 3 100 61 32 -11 -13 59 58 -97 -30 -70 -59 74 -94 89 72 -16 -38 -81 -69 49 -100 29 89 16 17 52 -50 46 18 -45 54 95 -90 46 -98 -25 -81 37 -32 -71 52 -68 7 -83 10 23 -72 -33 -56 99 23 -90 -76 78 -35 -49 -29 88 3 -68 -94 -81 17 92 73 -61 61 52 -33 -33 2 -12 -80 3 66 84 67 42 22 -68 68 -87 11 41 23 16 61 83 -88 4 -12 -61 -65 -40 -39 74 92 35 16 -42 -94 -8 14 -16 -40 43 66 -55 -49 81 -98 69 -29
40 -77 -60 41 -89 -19 -35 -4 33 -99 -15 63 -88 -9 -6 -46 71 84 83 -39 -77 69 75 -13 42 -80 -4 -68 67 44 -84 -74 14 15 53 97 -82 -41 73 80 39 14 -79 -87 18 -89 73 65 -59 60 36 65 53 100 92 -30 80 -96 -27 -50 13 -62 41 -50 26 82 -29 46 24 1 -66 -79 -77 90 100 63 -22 82 88 -100 6 -54 -49 63 -21 -22 -59 2 -7 96 7 -79 -67 -53 -13 72 8 73 85 16 13 35 96 -37 -25 74 -91 92 79 -3 61 42 -77 69 -32 -35 45 77 51 22 25 54 77 94 11 -22 91 91 -44 -28 85 -19 49 -98 -35 1 -20 -17 46 -27 68 64 78 -96 -51 -39 55 36 96 -8 66 -51 82 -94 94 -54 -54 -5 100 -18 -43 44 50 -85 72 -50 -66 -8 99 72 -89 -19 94 -63 46 62 0 21 15 -52 28 -86 41 93 -67 12 -3 -31 8 38 6 63 4 47 -83 -87 -11 87 -2 -100 -30 -72 -92 84 7 40 -48 -8 -1 71 -43 -56 -43 66 64 10 -73 -15 -41 92 -72 -94 56 -17 48 66 -76 96 64 -99 12 -89 -98 5 -57 52 -18 -45 -25 20 -14 50 -26 -28 100 -38 62 -6 -84 53
62 -13 78 80 -87 33 100 -35 -9 -20 -13 16 -86 -72 -37 48 11 4 -8 -69 -23 73 64 -20 52 -1 -64 59 84 -31 -44 22 -62 -50 -19 61 -86 38 -88 41 -73 64 54 -85 0 93 41 -14 -36 38 25 63 -30 -92 -60 50 73 48 21 21 82 43 29 63 54 -15 -20 -40 -80 58 -56 -27 1 -78 -6 55 -62 -44 3 -18 -28 -29 48 23 -53 47 65 9 -13 -58 21 41 -3 57 -1 9 67 -59 -25 -48 -54 100 -20 72 -89 -81 62 -24 87 4 55 58 -68 15 43 -6 5 -83 -20 -29 51 -40 65 93 91 37 13 100 73 -82 -21 -21 42 -4 16 -2 -49 -93 -36 4 -95 -59 -54 -28 -74 -54 -21 94 54 -91 29 78 -85 46 32 -97 85 58 -33 56 65 -78 -91 66 -18 -24 -9 52 68 -38 -58 9 -77 -4 -31 -32 -55 71 -21 -56 33 -64 79 87 -80 62 37 -98 80 -6 -55 -37 22 -8 -20 -51 -43 -61 90 -99 97 65 -9 55 -30 -46 97 39 -12 -59 62 95 -98 -24 62 18 86 -57 -100 -3 -84 -77 98 86 -99 40 6 -68 -91 100 -23 65 32 24 -46 -92 0 -27 -61 -69 -35 -69 37 53 14 -88 11 -77 -88 23
85 35 -35 1 -6 36 85 -53 49 -65 -53 -75 -6 43 -31 74 29 100 -63 0 8 -34 -60 -75 -89 39 -90 -6 -64 -32 92 -79 -67 32 -15 -41 62 30 80 62 -88 -65 54 -62 -94 -77 76 3 -44 -25 3 -37 -85 94 -66 36 82 -73 53 72 1 -16 -44 21 -3 -64 51 -95 76 42 -2 -45 79 -50 65 -91 0 25 -72 3 70 -100 -21 -8 0 -28 -87 71 -7 -38 -74 -19 38 16 39 -83 46 26 96 42 98 4 58 58 -13 4 78 -80 82 89 -100 -14 29 50 1 26 33 -100 48 24 22 -24 -69 -80 -35 71 66 69 -30 -7 -46 81 64 16 -82 13 32 9 -80 -11 -87 72 37 -31 -71 -77 72 84 71 -7 -99 85 5 84 44 -48 2 -63 -52 -80 18 -7 -92 99 -4 72 -74 -41 6 53 -99 -80 -41 -34 56 21 71 58 -75 91 83 -4 -28 -55 -82 -42 -25 63 -47 97 -32 20 -89 64 -72 9 -98 9 -47 5 71 90 12 -10 -40 75 -12 -15 66 -88 -50 -62 43 30 81 -44 39 91 -79 41 -69 -17 -50 69 29 32 17 94 -42 2 -95 16 -74 49 33 80 -88 17 -1 -98 -50 87 86 -50 21 15 -42 49 49 22
8 19 -30 -34 -95 41 58 2 7 84 33 -12 -15 -30 -49 -65 60 65 55 36 -38 22 17 -21 -86 68 -51 -41 3 43 19 -94 -23 -15 80 28 34 42 98 37 61 76 42 8 47 -61 100 -40 -95 2 -41 1 58 48 -91 -80 -31 -72 4 13 15 22 16 45 93 40 -3 -1 95 94 92 48 41 -14 -5 49 87 88 87 -61 -51 24 75 94 20 81 28 -67 -98 -89 56 -52 98 -70 -63 20 -7 45 -37 -67 87 31 3 21 -33 -10 -17 -73 -63 79 67 -32 43 -58 -68 89 -50 70 25 64 77 -57 32 -74 66 16 16 1 42 -56 3 -61 22 -70 -61 45 -45 75 8 69 16 -76 63 61 -76 58 99 -93 -39 59 57 7 -92 50 -86 -13 -81 23 17 89 28 20 1 -45 2 81 43 8 -82 -77 74 35 98 -10 35 52 -9 -13 -74 39 54 -24 82 -25 -68 27 -50 -45 75 -91 65 24 83 -44 22 -10 -79 32 58 39 25 -43 76 -83 58 42 -50 -87 4 -74 -42 44 72 -90 -9 51 26 3 -26 -75 -25 31 30 65 -56 68 -7 -42 -5 -57 92 48 -54 -21 -90 -40 -96 83 -61 29 -50 63 35 -16 -9 17 48 92 94 34
-84 63 22 -41 65 27 -12 -30 9 7 7 76 -42 13 -49 -16 -27 68 21 0 -83 5 20 -59 94 5 34 -12 96 22 -28 1 61 48 36 -25 10 -37 13 -76 -75 61 -93 -79 -36 -9 -68 -51 -60 55 60 49 30 25 -100 62 -48 20 54 -46 31 0 60 12 79 2 41 55 -44 70 -29 81 -35 -43 -93 -41 -12 -31 19 46 -79 -46 0 -43 32 -59 54 70 -40 -83 -12 18 29 73 -5 -75 -79 89 -74 -51 80 73 -77 -71 85 8 32 25 -27 10 -98 -76 74 -61 -42 -18 -75 88 -61 70 99 0 10 49 -16 -39 -62 -18 -3 76 61 97 -27 -83 -26 41 100 63 20 77 -82 28 -72 5 -43 74 -73 -32 50 -55 22 37 59 99 -42 -32 20 -33 -77 96 28 -100 -25 -94 -99 -21 77 -90 -24 -18 10 -19 -29 8 -52 -7 -63 -12 51 -9 -78 37 59 -41 18 44 28 25 -17 15 -33 -86 -91 55 38 -87 -54 -37 -100 8 -31 73 44 -82 72 41 -50 2 -75 35 -13 -27 -24 72 65 -46 -1 -63 56 18 10 5 62 -23 -77 -54 5 39 -40 -80 -13 50 -45 -35 -31 -47 -3 36 -32 5 96 36 13 -59 -64 52 28 34 93 -74
-65 -86 58 -81 -2 91 87 44 26 6 -77 11 -22 -72 99 1 -65 88 -77 -2 -30 -91 69 3 59 58 -86 48 74 30 -81 -86 -59 74 -76 25 -23 47 -61 20 -4 71 96 37 91 51 -13 -7 5 78 -47 84 85 -55 81 68 68 64 -7 -56 50 -51 97 -82 32 -60 5 -24 97 -27 -54 35 60 -70 -36 -12 -28 15 -46 -60 53 -67 16 -95 69 -97 -54 52 94 93 2 26 64 -40 85 -34 -14 -65 20 61 72 36 50 91 -49 -44 18 -46 -35 91 -93 -10 0 -20 66 -3 -75 25 37 -80 -40 30 -37 3 -87 -55 -26 -71 51 -82 -37 -91 -1 -95 74 -12 90 -64 95 96 -35 -95 13 49 12 55 -88 -73 -53 -47 86 -81 -58 -7 -61 97 59 -75 -19 -24 40 66 33 -24 -39 27 49 -98 -77 -21 51 50 100 30 -51 -1 -11 -39 -12 -51 -20 44 -40 47 72 -6 -56 -16 -4 2 -94 11 2 29 26 84 -4 44 30 37 -34 27 -1 -64 -23 25 -63 67 -44 -58 96 -55 -15 -36 28 14 -33 43 -34 -86 81 74 -93 -22 63 -10 72 -12 -59 6 -57 -51 -5 -71 -50 11 28 44 37 11 53 -39 31 35 -1 81 -27 -6 -95 -59
-98 -26 79 -5 76 -43 -34 -22 -28 -6 -3 65 -26 -29 -59 -66 -90 75 -24 58 -91 -60 98 74 38 7 79 14 19 -18 -70 -6 -6 21 -90 89 40 -66 65 -65 -89 -89 34 -18 2 55 -40 69 8 -81 -39 -71 -57 69 -12 -66 5 -3 4 -93 76 16 24 -86 -13 14 2 3 89 -75 -81 -64 40 50 14 -35 9 -37 40 18 -96 74 -11 77 -90 -85 93 -79 -30 -64 -23 24 -67 -10 -36 90 -52 -46 17 92 -69 59 -62 -26 34 -27 72 0 -85 -82 49 53 -95 80 44 47 68 7 -13 50 53 84 52 -35 -3 -28 70 66 -77 -58 81 86 70 12 -84 -2 67 -60 98 100 67 -13 5 -65 24 -90 -57 7 -12 -91 51 -40 66 25 34 -51 62 -62 92 64 -42 57 -42 23 71 -94 -92 -84 -72 -55 45 96 -86 -26 -93 18 45 10 27 -94 -59 -54 -8 90 -13 -78 9 4 81 44 -78 17 65 -85 24 -42 52 -100 15 79 -31 -85 -63 43 -60 -88 -38 -65 -35 47 20 35 -51 -5 -79 -77 -58 -41 -39 -97 7 27 -25 -94 66 -91 61 3 -20 98 -88 -4 -63 -58 69 -2 85 28 -100 31 36 76 100 57 30 -69 -71 22 35 70
-60 -20 55 91 -91 61 -20 26 19 29 -83 18 -52 -29 -59 -7 74 45 39 -8 -1 -8 -14 -40 -40 -52 -84 -50 -81 12 44 -71 -6 32 51 31 69 20 5 -88 -3 -36 65 -43 -76 -58 50 45 -75 88 -78 -56 -84 -25 86 36 10 89 -90 90 95 -12 29 -7 -69 -11 61 -47 69 25 -74 -2 17 -36 -13 -74 73 -62 78 49 31 9 -15 -85 -18 10 -86 93 12 29 -93 97 24 -27 41 13 -81 -86 74 58 -54 27 68 -47 31 12 -57 45 13 -28 60 3 -97 -14 -48 13 89 63 80 -90 -69 84 -60 29 -57 51 -72 27 61 -22 100 29 -29 33 -44 79 -34 62 -63 -29 8 -20 56 -88 -59 -15 30 66 -7 3 -86 -62 -40 35 71 94 -5 -9 38 39 19 -5 -64 -34 -10 -17 -14 -20 -86 49 71 63 52 10 80 -59 -17 -24 -83 -79 -78 -38 58 30 -28 62 30 -86 -88 95 75 -6 57 40 -53 -9 -19 -6 -8 35 -77 26 -1 80 34 12 4 78 -50 -71 -69 -43 -68 52 7 -96 -34 -33 -27 29 -91 10 -57 39 -6 -46 51 -2 -82 55 48 -39 -10 58 79 -8 39 86 73 99 -34 84 -89 -24 58 -88 -69 79 -56 -26
47 79 -18 -19 36 -7 -25 -68 -20 20 -96 8 -50 -35 92 -98 -53 -35 -31 -39 63 1 -59 95 85 45 54 -10 71 52 95 26 -22 81 78 68 -50 -45 -87 66 -33 99 -25 -60 -40 -61 45 -66 53 85 13 41 48 -84 96 67 -12 4 -85 27 -95 29 -62 54 -86 -95 -91 -37 -61 68 -24 46 -74 100 36 -9 65 5 0 47 -75 59 -86 -69 -84 1 1 87 -71 94 -59 -58 -11 84 58 67 -85 24 37 4 -94 -52 -63 19 77 5 1 -2 74 92 94 79 93 34 36 -2 22 -66 32 0 -74 -63 -19 -9 -34 0 -86 -74 -13 40 -86 44 -60 -57 89 -22 -87 -40 60 27 53 81 91 -38 -23 -11 33 -91 -39 -40 -67 51 58 -27 -89 -91 3 -75 75 -71 83 -35 -21 13 99 38 -43 -69 -65 7 -8 -46 81 16 58 -86 -41 36 -1 57 15 54 59 -98 36 -20 -78 -72 -15 96 -58 53 6 50 50 -94 71 59 -16 -61 93 17 2 -52 -47 11 63 68 97 29 44 79 -90 11 -43 -6 -62 2 39 28 55 67 45 62 96 -71 -88 95 -47 16 -15 28 50 -92 -54 -4 -61 58 -31 11 94 -100 -8 -61 53 24 -30 80 66 32
-64 38 54 -29 53 26 67 -60 -10 98 -47 -82 -59 -70 -10 32 27 -65 -58 100 50 65 -65 -21 3 59 86 -7 0 -30 0 16 88 85 56 11 15 -83 -55 -68 31 -70 -57 -73 84 -33 -16 -62 -51 -56 -98 -34 -27 46 33 -51 73 4 5 96 56 -9 -44 -63 1 -16 97 98 68 -88 52 -12 89 -58 1 19 -53 70 -94 -97 -59 -57 18 -58 -4 -22 -38 -66 18 -58 57 37 68 -4 65 -62 -99 71 -65 -31 64 -76 56 8 14 78 61 -60 88 -68 56 93 99 -7 -76 -46 31 97 -83 71 96 -73 -65 -81 98 44 54 67 70 -67 93 -35 57 -69 86 16 -74 29 -9 -3 -92 -74 0 90 64 34 42 7 -96 5 -58 -49 -13 -4 69 -11 -19 58 48 96 -93 -24 5 22 -38 92 -56 -57 -38 -46 -40 -40 12 14 80 -24 -46 -83 50 78 -4 -70 -51 -2 -32 7 11 1 -66 76 100 -27 -79 38 45 54 -52 12 -65 0 -31 81 48 -56 0 50 -48 51 35 46 2 -11 62 82 -78 36 -96 -85 74 -84 39 70 42 -63 5 35 -77 49 -53 -8 55 66 -3 -47 -53 78 -6 -49 -66 65 -47 5 -18 -49 43 63 -52 7 27 88
-63 -13 100 41 -31 65 59 -43 -25 11 93 87 92 -24 -96 -15 82 -70 89 47 -64 3 34 -70 -85 -67 54 2 86 75 -32 12 -72 -42 -2 86 49 -13 3 -31 29 28 94 72 32 -75 74 -66 51 84 -27 -1 9 99 -98 99 41 -55 2 93 7 50 -99 41 -25 93 -79 -61 92 -63 57 55 -78 -29 89 17 -16 -100 -58 -32 -70 -18 -10 77 -32 -99 -6 -50 -96 61 -29 -72 38 -3 -99 3 62 92 -96 54 18 -90 76 -76 -53 72 -85 -60 -91 -64 21 -99 -41 -84 12 75 86 -94 45 -13 77 93 -99 -90 -27 -31 -15 92 18 100 -84 26 -49 -90 19 42 -26 73 67 45 -30 -85 -65 59 46 -46 -92 94 -40 -1 -47 0 -80 -53 61 -80 15 -86 15 -46 13 92 7 43 84 -74 61 -40 88 -17 -25 -44 -79 26 94 30 67 15 32 80 90 3 51 -17 -63 -8 14 -67 -83 -9 -20 -86 -85 -34 -32 98 -20 7 15 -80 -11 8 39 34 -15 8 24 27 26 -100 -52 -91 22 56 -55 66 -78 -80 10 90 1 93 12 98 -85 80 -59 96 35 -83 -35 95 51 -89 50 0 -41 95 -79 -32 -47 -52 55 48 73 -14 -10 65 -28 -9
-62 -19 -41 -91 -35 -14 -66 -72 -91 -89 69 71 -24 -65 -4 -48 17 7 0 -17 -49 -42 -21 -47 7 46 -91 -15 -25 -42 50 -8 38 97 -41 -19 -41 -84 35 -34 19 -19 43 -35 63 93 85 26 71 -18 83 -36 28 -83 41 -69 -20 -94 71 78 -21 64 -22 64 -63 -59 -6 100 40 -37 87 72 90 65 32 11 -77 88 -80 49 17 -69 75 55 -45 -87 24 11 -26 -28 68 -45 -85 50 -73 -46 -85 -7 -86 48 70 70 -24 36 44 -60 100 88 72 11 -2 87 32 55 -56 69 -67 -57 99 -34 -72 69 76 45 -42 81 -58 -9 100 -67 -83 -18 -46 0 -51 -54 -7 -51 -21 -67 25 -3 86 -66 4 33 24 58 34 -2 -76 50 56 58 -62 -5 -74 -6 16 -35 -46 -76 -27 22 64 81 -66 -9 -44 59 -3 -57 36 -94 -76 21 -1 -84 57 78 83 -95 -6 -83 100 -13 -56 -42 -54 49 -21 -18 50 25 41 74 83 8 20 54 -70 -36 64 -48 -94 1 -30 -7 -77 -53 87 45 100 -37 -41 -89 47 26 -93 -9 -16 -29 65 36 41 18 -48 -5 3 57 -67 -80 51 76 -15 37 -69 -88 -69 -88 61 -29 -48 -69 -14 -89 -33 19 -32 -72
-87 -20 5 -39 73 -35 5 -76 -74 100 60 -63 99 42 -99 -56 92 92 61 68 51 26 -13 86 56 74 57 31 -99 34 -98 -39 2 57 -1 -93 41 -48 -12 -99 83 -62 48 8 28 -27 19 -79 -7 26 -74 17 -2 -65 13 33 -24 -64 -80 79 63 -3 9 -46 -18 -93 8 16 82 13 -4 36 -76 88 -45 10 95 -75 8 -9 67 -72 -22 17 28 -88 -4 -66 39 35 -56 -100 -9 -20 -48 -83 -69 53 -92 64 -17 -35 -4 72 37 -14 -5 -1 29 -93 9 8 93 80 75 12 -11 -90 -18 -15 -27 39 -100 20 38 -29 -14 -2 67 -85 64 -10 16 49 -68 29 -42 -53 70 43 90 99 -99 9 -66 37 54 -59 7 88 -66 -78 -61 -66 -72 34 15 58 -69 -29 48 -32 59 -38 -77 37 -12 -39 -15 16 71 93 53 -36 -35 41 -92 70 -14 35 10 73 29 20 -38 53 -1 -95 -57 -5 22 7 -52 -60 24 -54 75 -21 88 -15 83 91 50 -9 -87 -23 53 99 -36 -91 79 -20 0 67 -73 -73 -12 84 -58 -9 -92 -41 1 -80 -45 51 -20 -65 25 -61 36 -75 12 -56 18 -83 -53 13 -96 -3 2 -12 56 71 -13 -44 -26 -54 12 3
91 59 -38 -9 -18 3 44 -32 -74 73 -44 -95 72 -21 79 -87 32 69 90 48 25 43 -6 65 -82 -84 -44 -53 -81 18 -27 35 31 -69 74 53 -94 -68 -8 98 -87 -34 -49 -13 28 41 72 -81 -99 -60 5 -88 -18 -35 68 -39 94 17 -41 -96 -57 64 82 86 -89 -62 -52 -69 -97 70 67 17 2 -45 -55 -36 -14 -65 -4 49 13 -32 -69 -84 75 -3 -86 -41 14 98 58 -84 36 13 -32 -29 2 77 87 25 83 -33 82 -20 82 -62 -83 14 26 -27 -14 72 81 51 3 41 76 10 -96 -48 -55 -21 52 -72 28 65 48 -6 -34 -47 -69 4 87 -49 -91 -15 -86 42 75 -65 71 -26 12 9 66 46 3 -98 18 7 68 37 54 -36 55 75 93 24 45 -15 -86 36 -99 -34 71 -36 51 97 -47 66 20 -10 90 -92 -83 13 -28 7 -70 6 -77 -63 -57 -62 28 -94 24 -86 89 -11 -9 55 -45 53 83 9 -94 52 -84 -25 64 -54 -3 16 16 -5 5 76 63 98 -15 52 30 11 67 28 -98 -77 77 18 -93 55 94 26 -65 23 -25 89 -42 98 -5 55 -31 47 17 85 -36 52 -25 -93 87 -52 -40 16 -57 -72 -99 -18 43 -89
54 -32 -43 -10 -63 52 19 32 -9 44 -16 -80 -61 11 71 80 -80 23 67 -45 -60 23 14 90 -62 48 56 96 -68 -100 68 -89 -2 -36 65 37 71 40 6 -96 -47 59 -58 -43 -57 -14 65 48 -23 32 65 54 -84 3 93 6 94 -93 20 1 11 -100 -59 100 59 30 69 36 -75 54 -56 -67 -15 39 1 33 -91 -3 -91 -77 1 65 41 -11 53 40 -8 26 77 81 69 -28 -72 -91 83 9 -9 -34 69 -72 -43 53 -54 29 42 -13 -9 35 12 -62 83 -84 -98 -74 79 -11 39 11 -24 -47 85 -79 78 -83 -67 -10 85 -5 98 -58 -70 -98 30 81 -62 81 -73 85 -88 27 78 42 28 -71 -35 57 72 -32 91 40 -82 -66 94 34 -15 42 87 3 -65 -24 57 37 -74 -90 4 21 8 24 65 40 -4 -45 -31 66 24 34 -43 93 -24 69 36 38 42 24 20 75 42 -1 80 30 -63 -31 34 -21 -28 51 32 -85 53 89 -6 3 64 93 6 72 41 -66 -53 72 43 -20 79 59 -52 11 94 -69 -64 -61 11 -8 26 23 -64 64 -86 10 84 72 40 -37 -86 49 -7 -14 33 -25 1 -71 -45 -88 43 5 46 -52 -68 -87 99 26
-43 56 56 -93 57 -11 31 -77 67 12 -62 23 87 61 70 79 -27 42 46 -87 -61 -44 -97 1 -71 83 -75 31 26 -57 -46 -94 54 -68 87 -73 39 46 89 -49 -41 -75 -14 47 -65 61 27 72 85 -11 -55 -68 35 -61 -56 -94 29 -39 -57 -92 20 -2 -50 84 53 -93 -96 17 9 -33 97 -68 68 -65 20 34 -77 -7 -43 12 1 18 -76 44 71 -70 -25 11 92 70 -38 -78 93 60 87 -36 19 -35 -18 93 -74 -67 -51 -77 57 -38 -34 -60 -29 79 37 -85 63 41 64 57 23 59 89 -50 -16 -82 -30 -39 -91 18 -90 -23 26 37 35 79 43 -7 82 -57 -68 52 92 46 -37 -96 45 91 88 34 -1 -2 86 -28 77 -64 -77 5 -28 -13 14 72 -100 49 30 79 29 -23 61 -19 -58 13 -72 79 13 -34 -25 -38 -70 30 -22 78 100 5 -91 -88 -21 70 19 -39 97 -11 -32 -48 -16 -58 94 -87 -60 -78 -86 -50 26 40 -36 63 -84 -53 48 -97 80 -50 -37 0 45 -42 68 2 -68 -66 88 -13 -88 -93 -81 87 -87 28 36 -43 -59 43 46 -77 -88 48 28 -62 87 20 -43 83 -30 76 -95 72 -72 90 -37 16 20 -77 -15 -20
-96 82 -66 63 -88 34 40 -55 18 -50 7 28 -33 -68 95 39 50 -44 -97 84 -42 -50 -13 -37 -39 38 79 34 -13 -41 63 -52 -69 -74 17 83 15 -37 56 -60 -5 90 28 55 43 59 -81 -51 -69 -75 -29 -3 64 19 -97 69 -24 -78 62 -70 29 2 -9 -76 -95 -5 -55 -79 67 11 47 -44 40 62 -38 -27 40 -60 56 78 -14 64 -44 -13 87 -29 92 3 -44 -95 -88 -99 98 -16 -5 -8 1 -91 19 34 72 -59 90 -83 100 71 -26 -66 -71 -33 1 -44 -24 6 -7 -36 -44 -4 -84 -63 67 -31 5 -58 26 23 1 -90 -31 -26 -34 -13 -28 28 41 -98 -54 46 -22 -45 12 29 99 38 -90 65 -97 -45 -18 -30 89 -92 -84 73 78 -85 14 -75 69 75 93 84 28 -65 52 12 17 -48 -68 22 -47 34 64 91 -27 7 87 -24 -81 88 55 -12 62 87 -31 -49 73 -11 45 47 89 -67 -95 -59 6 -4 -51 -91 62 49 38 -84 -40 -52 -42 69 20 -8 -48 100 -14 -6 86 91 -48 59 62 33 80 64 62 -53 -93 94 39 -85 88 -64 -33 45 35 71 -25 -56 82 -69 36 -70 -43 24 -23 62 -49 70 -29 80 66 8 39 63
59 93 24 50 38 4 -29 5 -60 59 57 37 -13 48 40 14 -4 65 69 -92 -27 -37 12 96 75 -12 -48 -4 -73 -49 -70 -19 53 -43 -54 -35 -2 -71 0 -95 -81 -59 -85 19 -76 68 -85 11 76 13 -38 -44 97 32 -54 -16 -98 53 9 89 -56 54 -10 -47 2 -89 -85 -56 60 88 -74 -100 21 12 -28 -80 31 -67 -22 6 48 -80 49 -48 51 0 -85 70 -21 73 -80 -8 -96 -21 -8 20 7 -43 13 -96 43 23 -71 -25 -5 -30 -9 -51 9 -35 -59 5 73 -19 -57 -21 98 -92 -58 73 44 38 29 13 99 -5 37 -9 -58 -98 -36 -37 57 -45 -65 42 -8 -41 -19 -73 63 -49 -34 15 -8 -24 81 87 -44 43 -99 -20 -17 42 -43 59 13 -7 25 -68 88 39 -93 19 41 16 -68 49 9 24 100 -60 24 -73 -32 -11 3 36 87 3 91 27 74 -37 81 -67 -54 -100 55 69 65 -97 -93 84 -39 -68 21 26 31 -77 -82 -15 -62 11 -81 -97 -57 97 71 59 -22 72 -86 -47 -36 -30 -23 56 82 99 -16 -7 -59 7 -27 65 -38 24 2 89 68 59 -17 47 -22 -53 -90 53 83 64 34 88 -6 -94 -83 -4 -80 75 35 -67
-94 -84 -29 27 0 -56 33 -31 -20 -22 92 100 77 -2 14 -29 -91 -77 31 -53 -61 -58 42 -26 -53 70 -80 -93 58 -69 -12 50 4 -24 -81 95 -47 31 -32 38 56 47 -81 -19 62 -31 -49 89 -6 67 -78 40 -100 31 73 95 -88 10 -100 99 -62 -37 54 -49 97 66 99 -16 5 -36 87 71 82 97 98 48 -31 -57 -12 -38 -47 91 35 -93 36 79 54 -71 -96 44 -39 56 44 10 -59 43 -57 -48 -27 -38 46 -25 -48 -88 -58 6 43 53 44 4 99 -31 18 74 8 30 -59 -94 -47 -51 -87 83 -99 -85 56 -50 -37 -74 11 -73 -27 -85 -36 76 98 73 63 2 31 -40 -34 43 -49 -9 68 -26 -4 35 22 78 -52 11 56 -15 -60 -28 81 -87 29 1 67 -60 -90 90 42 95 -85 6 -27 0 56 -10 -83 -99 8 35 99 -93 95 78 10 -59 -5 63 99 -68 -88 37 52 24 -58 43 3 72 -5 -54 26 58 40 -95 7 29 36 24 -61 -76 7 -19 60 -28 -9 -82 -98 -47 17 -52 -18 -38 -63 -77 13 -58 -63 82 70 -33 -52 -58 -58 28 47 -90 -86 -65 -67 69 -19 72 -88 -31 74 -76 -84 -11 -93 23 -2 81 4 40
41 -61 -55 -62 24 -43 -65 -80 70 14 83 45 91 75 -90 76 40 73 -88 48 -30 0 15 14 36 -74 82 -78 -98 -13 -68 76 -98 -58 7 -45 20 80 -67 -65 49 -94 -71 44 -58 -30 82 -34 -92 -85 -75 66 77 51 -47 -99 -40 -98 -73 24 83 45 63 -38 52 -68 -89 -20 7 25 28 10 62 28 -93 46 -71 93 -57 -25 77 -54 47 -33 59 63 0 -81 11 5 -34 70 -49 -84 -56 49 -53 -60 -86 36 -81 -70 -71 -50 39 -67 -75 5 -80 -84 -7 -21 41 20 87 -81 33 -77 -44 27 -96 -66 60 89 -19 81 19 -35 -78 -11 -11 -48 -75 -49 78 -95 -55 -38 26 32 75 -37 -80 -48 -4 -85 69 -91 83 43 57 9 -47 82 97 -17 37 -71 85 -30 19 -12 -3 -52 -11 61 26 -42 85 71 54 -77 -82 -24 97 -29 -79 -52 82 -72 87 -76 10 23 -89 -54 -10 10 55 32 68 14 57 19 50 96 -86 100 -72 -32 -76 -95 17 -86 -98 -84 47 43 33 -38 -21 92 90 10 -21 -38 22 80 -82 -3 83 94 36 51 92 30 69 -89 81 88 -100 -37 71 -74 -61 -100 25 -87 -18 1 85 -81 -2 -67 88 77 69 -51 48 84
-89 -30 36 -94 14 -1 58 -41 3 -60 69 -69 54 -6 -13 31 53 -22 53 -74 63 77 33 90 -36 32 61 -79 -82 -70 43 -20 39 96 6 89 26 89 -50 53 -97 -64 -68 -84 19 79 -48 -68 -81 -17 -26 41 52 12 88 63 74 37 -83 100 26 49 66 -64 -97 -17 -47 59 -7 -21 -73 -67 -100 69 47 -26 -68 -33 40 -99 68 92 -10 -72 -55 -67 93 38 87 -54 99 -41 67 -69 84 32 -8 -11 16 -74 74 -67 47 85 -4 -76 -39 -9 -1 52 -12 0 98 40 93 21 51 77 16 53 -33 4 40 -28 63 -90 -78 -59 84 -98 -64 56 84 -6 54 -69 -53 -62 60 -60 -38 80 -55 -73 87 97 76 -92 15 20 45 -30 45 93 -30 33 -38 80 42 -65 88 29 26 76 46 -76 5 13 79 -51 -49 75 -69 23 -73 -83 -41 25 72 -81 83 31 9 -32 40 7 -41 49 -52 -96 -83 83 -82 53 -3 69 -83 25 -87 56 55 98 33 88 67 84 -61 81 -42 -6 82 -27 73 13 -18 -35 -15 -58 92 -46 76 40 71 -15 94 53 24 -65 -51 96 -30 68 -1 -49 -77 -82 -10 3 -73 -53 -13 90 91 53 -47 -16 -50 -56 7 -44
-70 26 55 80 -99 93 -27 -31 -10 -99 39 95 -18 -53 56 -77 -90 -55 24 -15 76 -80 -42 60 54 68 48 71 54 -77 45 82 -88 -15 73 16 5 -49 -91 88 90 -35 -72 31 25 92 -52 -26 -55 58 21 96 -27 69 -9 11 24 -29 4 -59 55 62 37 -68 -76 -21 51 -24 -60 39 -21 68 1 -82 -51 47 -77 -3 -7 91 5 -100 -51 69 84 -5 53 12 -71 -67 -56 88 4 51 -76 60 -89 19 34 6 -54 -83 9 64 -74 56 -53 24 -15 93 -19 -45 -44 -81 18 52 37 -1 -67 -43 4 -77 -68 -100 -61 -63 10 62 22 99 69 -27 59 60 95 -26 -19 -67 -75 -37 34 72 -72 87 -19 5 2 -77 21 -32 79 -58 -78 42 -14 68 98 -26 -99 -99 -30 52 -95 19 63 15 -45 74 63 6 53 -63 -20 59 91 64 -77 51 -50 83 -72 6 60 21 -64 29 -88 -73 -64 -90 -58 46 96 47 -85 -41 29 35 -69 58 89 100 25 -42 -96 85 24 -5 -14 51 86 0 -81 -96 -57 48 -57 81 41 29 34 -32 32 -79 64 -93 -40 36 60 90 9 87 -27 95 18 -81 -84 -100 60 80 -59 76 -94 -50 -15 95 86 70 -95 100
-70 69 -69 -73 -14 -36 -87 -29 -31 -25 -72 91 -9 -69 -61 66 -61 -89 31 54 61 -92 89 95 -6 -16 12 26 13 60 -42 -71 94 -51 -76 53 -27 5 -47 -56 11 30 -13 12 66 -50 51 -86 -81 62 -41 92 -86 -81 -7 41 -93 -24 -94 -14 76 70 -30 -26 56 17 28 -76 93 -46 -47 -28 43 -1 -83 -96 -20 -61 52 81 -96 24 80 83 61 -94 -47 6 -47 62 -99 -90 44 66 28 14 49 24 9 70 -6 80 4 -99 6 49 -26 4 -22 97 -73 86 -21 56 8 47 8 15 -27 57 27 90 54 28 81 62 -73 -77 -23 72 56 95 45 -3 57 5 -18 35 78 -63 89 -59 -51 21 -86 -28 5 -60 -33 -65 55 -37 -55 -19 -84 -48 86 8 -99 61 -46 21 -68 51 -51 -6 -32 -84 71 11 24 80 31 24 31 -23 -59 -20 69 -98 -89 -81 -61 -54 -96 -98 -20 -88 21 64 -62 -7 59 43 -11 5 -58 -48 50 32 61 7 100 -48 79 73 6 -90 -36 11 -14 71 72 91 -47 89 -24 -55 -4 -7 -99 77 -20 33 48 56 -3 50 30 -92 57 11 47 -12 44 17 66 -47 2 86 3 13 88 86 -4 -72 18 23 7 -72
100 -17 -32 -13 73 -6 22 74 83 -32 -27 44 -61 -92 77 26 92 -81 23 42 -6 25 100 26 68 53 42 66 -15 -62 -8 -82 -85 -90 -44 59 77 4 8 -63 -52 -23 -51 79 45 58 59 57 -91 61 -51 82 -57 -85 30 19 28 33 29 59 35 -21 -81 -55 3 -33 -70 100 83 -37 86 -27 67 -76 78 43 -69 41 -13 -39 -68 -90 66 63 -76 97 -48 90 -15 -28 -74 14 -58 -87 -89 11 55 -53 34 -49 95 -1 -44 -11 27 82 6 6 51 29 -11 -12 7 17 -10 -39 61 15 -99 8 -93 -69 98 -19 -46 22 100 -87 21 -32 15 2 7 10 -75 -56 37 43 -37 -6 -49 -45 -94 99 54 25 49 64 2 -46 59 89 -6 72 32 -86 36 -98 38 -44 14 -96 84 -28 -10 19 -77 21 -75 86 77 -26 -46 61 -70 -1 -85 36 -54 -14 26 -83 57 -56 97 -5 9 55 -21 -59 -90 58 31 89 -63 -45 47 -97 39 -8 -91 -86 -13 -43 27 -71 -28 19 -71 29 -48 33 -11 99 -62 81 -83 -48 11 -93 -25 -44 -88 85 -76 88 -33 -89 21 -86 -59 54 -11 -87 82 -5 1 89 -96 20 37 -8 -74 -68 3 -20 -80 -60 99 -38
63 14 84 -41 29 -74 70 59 -54 -5 -100 40 -9 -64 -78 65 -81 -99 67 -37 -47 12 -11 35 50 -97 -23 -55 -96 5 29 12 -71 100 12 -78 16 -98 40 68 -54 -35 9 62 45 -88 25 -31 59 -83 -84 95 14 -51 70 -30 -70 13 27 30 63 -72 -85 -81 80 13 -59 -50 55 50 25 -13 -84 42 -96 -92 -67 54 90 -30 33 -43 95 1 -96 -39 29 56 3 -58 -31 26 46 -72 12 32 13 92 25 -94 -27 12 -74 -80 -10 93 -46 47 28 88 -49 61 -68 13 50 -25 80 -32 -36 20 -65 74 -9 41 -90 -82 48 -30 26 40 -90 12 -38 92 33 86 74 -73 0 24 -88 16 11 49 -7 7 -30 -5 -26 -55 -9 57 89 -94 94 -89 37 6 38 74 76 57 -29 12 90 -44 87 11 -85 -30 -40 -46 -59 -97 -40 27 58 -96 -40 94 -98 98 -79 59 14 -46 12 16 -42 71 47 -56 6 13 -36 43 -26 70 91 6 30 -23 -51 -43 12 13 21 -55 30 1 -39 -32 -45 33 -46 31 -23 -14 68 94 6 100 -13 -24 -8 -44 42 -85 -80 14 15 -47 28 47 -61 3 -23 -26 35 36 36 0 69 -99 -50 -52 -92 -53 -20 2
-2 11 -64 -62 15 62 15 -75 92 54 23 22 62 -39 49 -7 -83 -71 6 -43 69 40 -46 10 72 31 -58 32 -84 -67 -58 -90 31 46 -81 -74 60 -16 -72 90 17 -4 83 -32 19 -31 9 -21 77 -9 -18 46 39 26 -40 2 44 98 4 13 -78 61 26 -61 39 87 -9 9 -68 -65 -53 -22 -9 55 -16 7 67 -12 69 -51 -65 67 -13 33 68 -40 -62 -19 -61 0 -60 -19 59 -78 -2 -21 -66 74 59 -88 -22 23 -55 65 13 7 -33 -69 51 7 -70 58 54 1 -4 -73 15 -3 -29 94 -66 -68 100 -26 -50 -38 35 -1 -61 -57 -92 76 26 -27 93 -52 -56 68 80 -60 -23 -49 63 -85 -27 94 -78 28 74 -24 80 26 41 -14 33 -60 0 44 -79 -49 -79 28 74 78 32 -12 90 -100 61 -18 95 -40 -96 52 81 1 40 -58 11 -26 60 -82 21 47 -95 -73 -74 -60 66 90 22 2 4 -80 87 -6 -26 -55 -66 -27 -61 24 -72 -17 85 18 -3 36 -56 66 -2 -77 97 -71 -77 -72 87 34 -20 75 -6 -49 93 66 -35 2 -23 14 -93 65 46 78 19 99 35 -49 52 -63 -45 -72 -3 33 -81 19 -68 -31 44 -68 -60 51
-96 74 55 -22 -19 -87 -9 94 17 35 -96 -40 85 53 -41 -41 -26 30 79 -52 -30 -11 -37 -80 52 36 30 -44 -17 58 -46 84 93 59 71 19 58 40 94 49 65 -5 55 96 97 -91 -47 -17 64 -3 -89 76 -35 -48 -43 22 -64 -1 97 28 50 35 -10 29 -48 54 -84 88 -71 84 85 26 33 -32 39 62 -69 71 -88 -51 -13 -64 62 -62 -91 13 22 85 17 -16 -70 8 -33 23 54 -6 11 81 -61 62 100 56 30 33 -20 59 20 -51 42 95 -22 -99 94 77 -44 93 73 -95 73 -12 14 43 -11 -7 47 2 52 66 90 82 -94 98 -52 -78 13 12 40 -39 -95 -63 94 -10 88 -40 -72 -32 73 -24 76 0 1 -87 7 28 -6 -24 79 1 -38 29 -56 -77 -96 25 92 -31 -10 17 -70 -33 97 -33 80 47 59 26 -95 84 -11 -45 -13 -94 80 86 10 54 -33 68 8 60 17 93 -94 44 92 -75 -38 30 26 -47 -52 -47 -30 0 -33 -77 -28 74 -18 -72 -61 -75 -22 -77 93 -43 -47 -27 -26 -33 3 52 64 52 -97 -94 35 49 -27 -58 -68 -15 -80 -50 -54 93 -56 -53 10 -96 49 -24 15 -38 84 52 64 -1 56 -52
85 78 36 6 -90 -95 -11 -61 -93 -96 9 34 -58 -68 -84 38 -84 -64 -90 -92 -12 -58 17 -46 25 -98 76 47 48 33 -9 19 9 -33 13 -98 -33 17 43 -12 8 -74 -6 -60 25 -26 -33 27 49 -68 -60 -58 48 -68 24 48 18 80 25 -56 23 21 -62 -40 34 48 -19 13 -35 47 20 -62 4 -92 80 69 11 -1 -93 -82 1 83 -23 -35 8 -91 93 96 48 96 -94 -43 8 -33 -15 10 85 68 -76 -97 80 -43 -56 93 -38 47 -24 -48 0 90 20 69 23 39 0 -4 15 38 61 84 50 65 52 11 99 -34 -82 -18 -85 -90 83 -9 -15 3 -94 86 2 -58 67 51 34 -20 -79 -83 -92 -79 -59 98 -69 73 -63 33 13 -22 61 -72 -32 -90 74 -76 -95 48 -88 -3 17 75 -52 -89 29 13 86 -41 -48 91 69 -59 95 61 37 66 70 56 7 -90 66 29 10 16 76 -83 30 82 -72 -92 -69 72 39 -7 12 99 -100 68 -67 47 72 -32 91 82 29 91 58 19 -5 -62 -21 3 69 89 -33 -45 48 -53 92 -15 -50 -17 -68 17 -37 -42 38 -40 -19 17 -86 45 -8 97 23 -63 -3 -99 84 1 -66 -69 28 47 47 -29
27 -30 21 51 -78 -9 97 -21 -83 86 88 2 97 -30 -23 9 81 92 15 43 -22 88 -39 9 -87 15 12 87 -77 93 -12 4 -62 -23 73 48 -21 53 -36 -65 -18 70 -36 92 35 -56 -88 -30 96 15 8 -73 74 12 58 12 -46 -29 71 -20 99 -52 -4 97 64 -50 9 -76 100 -10 -17 -68 -19 38 -90 34 4 34 33 -65 -91 -52 -77 44 -29 54 83 -93 58 3 -94 89 -22 -35 -63 -52 -74 15 -14 -97 -95 60 13 14 65 2 94 68 37 -67 47 49 76 18 57 13 -31 -16 91 36 -50 11 -50 61 -58 5 83 -74 -29 -53 -15 22 -57 62 69 -44 -38 -22 32 -7 -30 68 -36 -32 -57 81 19 -37 42 72 50 -99 -71 -69 94 -61 69 -55 49 81 13 -58 -27 -11 -90 -58 21 -100 -22 -28 64 53 40 37 -83 -54 -95 -19 29 -76 -68 40 -72 31 -5 40 82 68 -100 -74 -58 40 32 -37 -1 23 88 -67 86 12 73 34 86 29 -43 78 -45 -19 58 -94 -82 66 54 -68 63 29 74 84 11 -7 44 97 28 46 -67 -27 12 100 4 -32 74 60 -75 53 -3 34 92 62 43 83 -57 -22 -45 -47 88 -88 87 68 -70 29
-77 60 -27 -6 -32 82 -88 92 -2 40 -65 -9 -11 -50 11 -98 -40 67 -69 -44 74 64 19 -55 -16 66 0 -73 -39 98 -78 91 84 12 -77 -23 22 -97 4 39 79 -83 45 -19 72 90 -68 -80 9 -36 23 82 -79 -91 13 -95 100 90 60 -21 -29 29 50 -33 80 -32 27 35 -27 73 -80 -49 69 36 48 -89 52 68 -45 55 76 50 -92 -87 -5 21 6 -59 -34 -76 27 97 -5 4 -83 48 -20 -44 62 -40 50 -16 62 -48 54 61 -39 -21 -10 55 41 -58 81 18 -23 -44 -65 20 -82 -97 -71 -33 -77 67 -18 49 -34 56 -7 -88 19 87 3 -60 7 -78 -73 14 -61 -8 90 17 14 47 -13 -33 38 87 -25 -82 -18 98 -24 -62 -96 -3 86 6 38 13 -7 -40 -19 -62 89 -2 29 52 16 33 -18 -26 12 9 100 98 3 -79 16 37 -100 33 -68 -19 -56 36 -14 -22 -2 -67 40 -20 -36 96 -99 12 -16 -36 -43 -40 71 30 -22 -77 50 1 -92 26 92 -52 48 -60 -16 85 43 18 -43 99 83 -24 91 39 -44 33 -81 -58 -65 -33 2 25 12 -93 60 41 0 64 -50 -50 79 -26 -2 -71 -79 -20 20 -91 35 24 29 -53
-99 55 -26 58 -70 -42 -27 26 34 94 96 68 93 47 66 -1 24 -71 22 -70 20 -49 -18 -57 67 -20 99 -98 45 10 97 90 5 66 -93 79 -76 -71 98 23 22 11 71 -55 40 -81 -38 11 -54 -18 85 -97 -99 -67 -27 65 34 -98 -4 -94 87 51 -95 39 -21 -93 27 23 -31 -80 42 -70 32 61 68 -72 -58 -84 26 -45 59 -42 13 -18 -44 -17 7 -70 -16 97 -38 -54 42 -38 58 99 17 90 -70 88 49 -83 49 55 92 -6 -34 -7 -79 66 -42 -40 -52 -84 -25 -45 16 26 -47 96 -19 -60 -90 23 -17 68 99 77 -16 -59 -72 12 -51 -83 17 43 82 42 -12 -45 -50 58 -44 75 72 7 5 -81 -23 53 -68 -88 89 13 39 0 -11 -51 -78 -65 76 -2 32 -47 -48 92 28 -13 -9 -28 56 -82 100 25 59 -4 82 92 -24 56 35 85 -4 96 10 -17 91 89 -62 96 49 100 87 -49 14 -49 -27 86 -57 -93 82 33 -36 95 -10 28 34 -63 45 -16 -4 35 -76 -51 81 76 -74 64 91 17 82 -36 -87 65 -95 77 -57 -20 -75 -10 54 87 -87 -4 43 -71 11 -85 74 -97 -57 -27 -54 37 -94 -93 -3 -18 73 77
-60 -59 4 91 -16 80 -38 19 22 77 69 -5 -65 54 54 47 -100 -25 15 -67 50 -33 45 96 -61 -72 24 40 -48 -7 15 34 78 1 15 -69 -12 -39 -18 40 -20 -32 -2 37 -50 -4 -81 90 56 8 -57 57 91 -90 88 -59 78 35 80 48 55 38 35 -60 90 84 -31 -94 61 48 -63 -26 81 83 23 19 -68 48 -62 -49 52 -7 88 57 51 94 -83 -95 11 12 3 -11 -94 -2 97 12 -30 -86 -39 -50 11 40 -69 -70 78 -17 29 -61 -86 -71 -81 -5 -49 -97 43 88 67 68 45 74 -84 45 89 -88 40 -68 55 -92 61 69 50 100 -64 77 -17 -12 -38 13 84 -65 32 55 -9 -65 36 -81 -23 94 54 -16 -77 -24 -32 -55 -10 68 34 89 11 24 52 21 15 79 -70 69 -82 -3 12 -10 23 -49 21 86 53 0 14 15 100 -62 73 38 90 52 -50 25 93 39 45 -34 -73 -5 -56 -61 -40 76 50 1 77 93 -10 76 -26 0 -68 54 -55 0 -38 -85 -49 52 36 -9 -9 -57 -10 59 -29 -82 95 -34 81 -94 60 18 -39 -87 51 55 79 45 55 50 -7 72 -98 -32 81 48 39 -75 -57 41 -81 26 59 -35 67 6
-22 35 18 69 35 75 -79 67 -87 89 2 -30 -11 -67 -24 45 96 80 -81 -51 -79 -72 -42 -16 60 77 82 -74 -84 -68 -74 2 -72 -39 -69 -60 32 7 33 70 61 -20 -40 -49 -41 45 -5 -35 -69 -93 40 -47 40 -89 -85 -37 16 -82 2 18 -21 -21 -17 9 -56 52 54 -87 -38 43 -12 -90 29 54 26 4 -54 74 17 -70 -57 -54 -59 -46 -93 19 4 28 -80 82 -62 10 -54 72 70 -55 24 -10 -21 90 72 80 -7 17 -70 7 -55 72 64 -96 -91 48 -3 -23 29 -63 -14 6 6 -24 33 -69 -44 44 80 66 59 -10 58 -41 83 91 84 -8 -40 65 -33 84 51 36 -78 22 -32 41 -31 0 79 -48 75 -1 81 -92 49 -63 -56 18 -44 -28 -49 65 -41 -65 -77 -47 23 -11 21 27 8 25 73 -62 -1 66 -11 -82 -17 -4 -97 -29 -55 67 -97 19 6 7 16 -64 -32 3 -95 41 -70 -38 7 -56 -98 79 8 -12 54 62 -15 -82 -55 -55 -45 45 80 38 -97 22 -63 46 -71 22 58 8 46 -71 97 31 -85 -57 56 8 53 -97 22 -32 -4 98 -60 -51 -95 74 46 4 17 -6 15 82 65 -57 94 -3 -71 -58 8 -36
-36 -96 -43 -40 27 -14 17 -50 -62 58 -30 57 -56 -85 -92 82 20 14 -31 -18 -40 12 -11 -46 -58 -65 -16 45 85 35 -88 -4 91 34 83 -47 75 -97 -41 25 -75 55 -82 -32 -89 -37 -81 84 -10 -24 -43 -59 -17 -11 63 -24 -68 97 -15 99 -13 100 -24 -88 -49 -91 -99 -1 -100 -43 -8 68 47 51 10 -9 -81 53 -31 -46 93 27 -6 65 14 88 -48 86 56 36 -75 -8 -72 9 -52 41 63 -98 54 -46 -61 15 -73 78 6 8 2 -99 -3 -46 0 -49 -70 -61 13 87 52 89 66 71 18 28 -1 19 66 -15 9 -68 -57 -77 11 -79 -46 1 -84 19 -97 -32 36 58 11 0 67 -2 -38 32 17 -11 -79 -40 -39 46 -72 -60 -1 42 30 36 2 -69 -100 73 42 -50 36 85 -38 71 75 -6 33 77 94 -64 61 -47 71 -82 -14 55 -73 -22 -4 -46 57 11 -90 30 63 51 54 -87 -59 -20 -27 84 21 -45 -24 -45 9 -60 -84 -9 37 -64 -97 -82 -19 -11 72 34 -55 24 -27 -51 96 97 13 43 -40 -82 57 93 -83 -37 -73 -83 -29 -24 -48 3 -14 85 91 30 15 19 -98 -36 -12 42 -2 -5 -31 66 -45 66 93 -64
-45 73 -7 48 -94 69 -37 93 -41 -17 -29 5 43 -53 96 64 52 -20 -56 12 42 -17 -37 83 65 -40 -29 -55 38 -70 -10 -21 -44 -93 86 -17 22 90 -7 -75 87 -65 -11 14 -22 -32 -84 -98 42 -7 -66 34 66 -19 45 0 11 -79 -31 50 -24 -96 83 -15 20 -17 -94 -99 97 -1 -44 -65 -98 -97 -70 96 28 -91 60 -44 43 -59 14 -4 -91 64 -94 94 -26 14 2 5 100 -100 32 -83 -94 -78 20 -48 -85 16 -63 20 -85 -76 16 34 -98 -87 81 29 -79 0 -26 -29 82 -52 57 56 28 98 62 48 35 -76 37 21 62 20 94 46 21 -78 -33 84 69 -34 -4 19 -5 -96 -75 -17 -70 -83 -79 32 28 100 52 -56 6 86 46 -100 60 4 -10 54 -45 -78 74 -7 -7 -89 -26 34 -37 21 21 -23 86 -35 27 -13 -44 -77 46 -2 -100 -24 3 35 -52 -78 -68 -78 15 22 78 15 72 -43 71 -8 71 -37 15 21 -31 -63 44 82 -32 -27 -78 74 29 85 -65 93 4 37 -65 45 8 -99 54 -59 60 27 37 -63 -55 52 -12 57 52 94 -97 -61 -43 52 18 -37 60 49 -76 -33 -46 -59 23 49 -78 64 -34 99 -8 50
80 -36 -92 44 28 -39 -4 76 -97 67 -98 52 72 53 -65 -32 -38 99 -14 -46 96 -41 40 54 -4 -66 -71 -91 -7 74 -79 -22 25 -34 -87 -18 -18 -22 -52 75 -10 -7 -33 -15 24 -66 14 64 -13 -36 -40 46 59 -76 97 37 44 6 40 71 37 -49 61 -58 80 -84 -30 -4 44 57 88 -3 -22 -59 100 44 9 -13 18 -50 77 47 -69 -32 45 14 95 -66 -78 -12 -96 25 -16 56 -39 21 60 -74 53 44 0 99 -93 -87 -17 61 -92 86 -56 -16 55 75 -63 19 -14 -37 -50 -20 46 -3 17 -55 23 54 -52 -75 94 14 -20 -70 -51 56 4 -46 -95 9 45 5 14 -61 9 23 -72 48 100 -94 30 46 -10 -91 -88 -36 -65 -94 44 -94 75 -52 61 -79 -55 -25 -36 -84 99 -15 73 33 25 -19 -81 71 78 -44 52 74 19 -20 50 -23 -25 1 67 -97 72 -65 -66 76 -18 33 74 -54 -59 -1 44 -27 -40 -71 39 84 75 -100 -95 66 76 10 53 42 75 78 -87 8 91 69 -25 32 40 9 77 -51 59 -46 55 -71 -88 11 57 -57 96 -70 -72 -15 11 6 55 -11 34 -54 -54 41 3 48 -93 -87 20 100 -20 75 48 -90
72 92 -27 20 12 -51 3 6 -48 2 15 -40 23 18 61 -5 -100 25 56 -19 -8 80 -60 94 35 -70 30 52 -15 44 -25 60 -94 -48 74 48 -32 33 -95 -33 -30 44 29 72 25 -42 -92 -93 -71 3 -90 -10 -99 -29 93 -62 -31 2 23 -7 61 -81 -10 -9 -54 22 67 -79 17 61 83 37 76 -94 -48 -93 -9 -20 -97 -65 66 -54 -80 2 -30 -95 -46 -64 -3 65 3 -11 34 -93 86 39 81 -93 -61 -27 -9 -94 44 70 74 -49 -65 31 90 -96 -48 13 -11 38 68 -31 -12 60 80 48 98 -31 -30 -48 -80 -76 -3 -48 70 -25 -94 54 81 85 -86 85 89 51 -27 -97 -51 43 60 2 91 22 -13 -93 56 70 -4 -88 8 -55 -85 -13 -95 -58 -74 -91 82 -9 57 6 -1 47 -17 55 -10 17 -96 -84 52 35 -54 42 -56 79 -25 52 4 -73 -4 82 73 47 -20 -71 -62 89 -7 73 -64 90 -68 35 48 33 -67 -67 -75 7 19 -69 -89 -97 -50 85 92 51 31 53 31 60 -61 20 98 63 -69 -99 -35 9 -64 -6 -75 -48 4 -20 -6 91 37 65 -79 -69 89 -1 -4 -33 -76 61 -92 87 -55 -73 13 -98 35 3 69 29
48 -37 -93 50 -65 -34 -51 38 -52 -83 -7 -86 0 51 36 -69 -44 -81 22 -56 17 -69 -93 -16 -54 87 -83 -4 -53 46 51 30 34 -4 37 76 -16 -82 -96 82 78 -48 -8 94 -26 -92 61 52 38 -19 10 13 -41 -71 86 49 74 -3 91 -6 65 -18 49 85 -20 4 -14 -94 -28 -27 78 64 -95 69 -56 35 57 -10 -50 -12 -80 -72 -82 81 52 47 69 88 24 22 -4 -66 -59 -70 -47 19 14 4 -83 -27 -77 37 18 -17 29 -19 -60 30 -81 87 1 20 -44 -19 -70 -61 -50 -68 17 0 76 -68 5 -52 -46 -5 10 -66 -30 -18 -83 -84 0 -7 15 -55 29 -30 -31 20 74 11 -89 -15 44 38 85 -62 100 -4 91 73 3 83 93 -45 27 -15 -30 -49 -31 3 -42 -67 -57 15 -37 52 14 69 -42 94 48 29 63 87 -69 52 13 69 35 31 -27 -27 83 42 -61 84 90 -34 75 -32 -44 30 -26 -89 -66 64 9 -45 -78 100 92 -17 62 -55 9 -98 96 -83 51 42 -100 83 25 38 99 11 52 -55 32 -75 -15 78 -34 -37 35 22 -5 32 -43 -26 -74 15 4 -15 -53 -61 16 47 -33 -74 -77 61 78 -85 -80 78 -6 43
-2 29 -51 55 68 98 -54 60 -68 2 63 -10 84 1 46 -8 3 25 -67 -45 -1 -86 -95 -23 27 91 -20 -71 -67 27 67 -31 85 -15 -83 4 75 49 -35 -51 -77 80 -40 85 87 93 29 -7 -77 15 -91 -20 34 83 -94 64 -54 -41 -24 9 -27 95 -86 -49 11 62 24 -81 13 -79 12 99 -58 32 65 0 12 -74 47 29 15 43 57 -58 17 35 -39 97 13 57 -77 48 30 97 -66 75 65 -61 41 -56 13 74 -73 -28 -9 -48 -77 -85 52 29 -24 29 79 -70 -96 62 -55 -7 53 95 -65 -33 -63 34 8 -59 65 70 -22 -68 -100 -88 -45 94 -51 -35 -78 54 -60 -62 -3 -15 -55 67 34 90 -23 55 26 -17 1 15 2 -41 -86 31 -27 -86 -6 -19 99 -33 6 38 -16 -53 -32 -89 -50 -86 77 58 -64 -78 -81 38 27 -59 -7 -73 -80 -19 45 -11 29 -50 -63 29 -71 32 -61 -19 52 7 -67 -42 -92 60 28 -62 22 23 -58 -24 89 -52 52 0 50 -94 -33 27 100 -11 -78 -53 67 21 -10 -79 56 62 38 -32 78 96 0 -59 31 -26 -78 -67 20 -39 -74 8 25 76 -46 20 -94 -48 -49 -37 -55 3 -1 65 9 -8
-88 -77 -11 -63 19 68 -35 26 91 -66 -30 -46 -15 92 -34 25 -76 37 79 -48 97 69 42 44 82 25 -65 -6 -3 92 12 -96 -37 65 -60 -85 69 -25 -61 25 31 -6 44 28 59 80 -55 17 34 -5 21 -10 14 61 88 -49 80 7 40 92 -13 72 60 24 44 -7 -52 -96 13 -75 -6 -64 73 -27 -41 -47 -56 -31 86 -67 16 -28 9 21 10 2 46 -12 50 -59 30 -26 -7 -4 -54 98 -87 93 -99 91 8 36 61 39 18 -65 96 -4 73 70 99 71 -22 74 13 -38 -5 28 -87 31 75 -56 -76 -25 21 40 87 75 -88 -87 -96 97 85 -100 -91 -8 23 27 51 -85 46 -96 -63 -64 -88 39 -32 89 67 -38 -30 -36 -22 -64 -92 69 91 -68 -23 -77 -42 65 -66 -10 98 3 -98 -35 -40 -97 -38 -17 0 86 92 -12 -18 87 -95 12 19 -12 24 -71 73 54 -55 -78 -36 -39 37 -54 76 -17 2 -89 85 60 100 -59 -58 -78 -11 56 -57 64 -35 38 -22 64 -89 53 54 15 88 91 -45 45 -40 89 94 65 94 50 -35 -47 -79 76 45 95 -46 -42 45 26 51 51 41 45 -65 -58 -46 45 100 -73 -1 -43 -61 91 -67 -21
-40 9 19 14 46 34 -79 -53 -32 17 -62 -91 -34 4 -85 75 81 66 58 -85 -28 -95 -73 37 -49 42 18 -21 -28 16 -23 -10 72 5 17 48 -89 82 27 100 -98 -81 -68 67 -50 100 63 -46 -24 38 -83 -15 -99 0 -68 -85 17 -77 -74 -10 0 1 6 -91 -89 34 95 55 -44 43 -69 -49 54 -71 62 90 74 85 34 54 43 36 -63 74 -31 35 -21 -81 -78 42 17 28 -11 30 -56 31 -79 47 63 12 -55 -28 59 -88 -89 -58 -98 20 -78 -30 -49 8 54 -45 -76 -57 -38 -37 -27 -59 18 -23 78 29 28 49 72 -40 -24 -86 -6 1 78 -33 27 57 -98 80 -93 85 9 -24 46 77 36 -84 -22 69 -59 17 94 -73 5 12 -63 17 -6 -35 29 75 69 -15 -12 93 -24 -31 1 72 -87 -91 25 57 43 64 -48 -7 13 -85 78 91 -33 -55 98 -3 6 92 -36 -20 15 -73 34 -71 9 -43 -93 80 6 35 -29 -74 98 80 26 35 3 12 9 31 55 70 29 90 97 0 63 -72 51 37 63 93 54 33 -89 67 -34 66 -56 63 -48 -81 77 -36 -63 -4 -75 -15 -49 -88 -18 -100 -78 25 8 88 -98 -59 81 98 45 -4
27 -92 43 38 -55 37 22 -77 -11 39 -99 100 65 -5 84 -100 -22 -68 41 -2 98 66 -98 93 74 -30 -51 44 19 -96 1 68 15 -6 72 59 -95 87 7 98 8 -39 100 18 -17 -40 11 82 29 12 10 -46 65 -85 -81 -26 -40 20 21 -87 -64 2 85 44 6 1 -56 54 20 57 22 50 52 -73 42 -10 52 51 -59 82 -21 82 -44 20 95 -66 89 -87 -33 -65 -30 -60 -95 79 70 -77 99 9 -56 -16 -25 -26 51 89 -79 -75 43 68 52 -42 -56 21 29 74 58 -21 68 35 58 -24 -20 16 77 92 31 67 -94 13 100 -84 -52 67 -4 -37 -59 99 38 -71 -98 90 98 -30 -6 -17 -98 42 70 50 59 -19 40 71 52 -58 -27 50 -19 -65 70 16 -3 -7 -94 45 -86 30 -92 -70 -40 -73 3 3 -77 -4 -16 -97 -11 10 53 21 -87 64 96 -77 40 -29 68 100 54 69 48 24 -71 -25 -20 15 0 -27 21 80 -48 -74 -35 44 79 -66 46 100 47 36 -100 90 72 49 78 -70 43 98 14 50 -52 68 -99 -9 -79 52 51 74 -60 -97 78 -62 25 19 -87 -99 -22 26 88 24 7 -12 -29 43 -73 -42 75 66 92 -43
-70 -2 -90 -86 84 -52 8 -66 -19 3 -54 -34 -51 -14 15 31 90 25 31 78 86 -6 -71 -92 -15 -53 81 -31 65 -15 -91 7 74 76 -62 -17 37 85 47 32 -26 -34 43 -64 36 24 35 88 -93 -48 89 60 23 -58 -79 -59 -94 -80 -8 1 -94 39 2 14 31 38 76 -85 -33 -35 -32 -52 13 -44 -5 -77 48 -37 -92 64 70 -67 -27 -2 -6 -6 -57 1 48 -10 28 -80 -49 -50 -78 -22 7 -41 30 38 -75 99 12 61 41 -54 -16 -52 -94 4 -85 -99 13 -56 20 -21 40 -69 -27 -89 16 52 13 -77 -71 67 -26 90 70 -56 89 28 17 -7 56 -80 -65 -32 72 -8 36 -14 99 30 99 -23 98 77 35 -25 40 -45 -68 91 -72 -14 48 72 -74 97 23 87 67 89 52 -29 -39 -6 99 -24 51 40 70 -100 -7 -72 4 -21 -98 -56 81 -1 83 86 -95 -37 -45 23 13 -18 -28 -33 99 -6 78 3 -48 -48 -27 46 47 29 -79 2 -52 76 -17 -8 -2 -88 56 -7 -44 -68 -59 17 -53 -4 62 -11 -19 -36 -86 -31 22 15 37 -25 97 50 -37 26 -56 -59 31 40 60 -13 22 -36 -59 49 20 3 -56 27 84 -17 -68 -78
-87 10 -99 -57 52 -82 -55 8 -32 -87 -9 -25 -17 79 13 -73 -94 -18 -20 30 26 -93 -74 25 -14 12 19 60 -64 -41 22 80 -28 12 -41 91 -85 39 -2 6 73 -39 -56 91 -93 -68 23 -79 -19 66 98 30 46 -12 -80 -16 -87 73 -4 85 -53 29 100 52 -65 84 -13 -33 47 -48 98 19 10 50 -34 92 -98 64 -89 -14 -35 -53 88 -90 -92 10 59 -46 62 35 -44 -38 49 -82 -66 62 27 78 93 5 5 47 87 -88 -22 19 96 -2 25 85 58 -12 94 4 19 -73 -51 14 -43 69 17 91 -7 -18 19 22 -87 -68 -4 -40 92 92 25 81 -91 10 -82 97 -73 59 95 6 -11 -96 15 -43 -5 36 90 -62 -95 -20 -71 -14 -69 -91 67 -82 38 -24 -72 -81 -92 -9 -97 -100 11 -29 -2 37 12 50 55 -13 1 35 87 3 -88 -30 1 -43 -12 94 13 -61 -12 -44 16 -48 33 18 -44 -59 70 54 -88 -7 -7 82 78 -45 -89 -30 77 33 32 17 23 -11 -32 21 -10 96 25 -57 92 -38 -48 35 -17 16 -48 24 38 -5 53 62 -96 98 50 -30 -48 -92 -13 -61 77 1 -33 -94 -12 -10 3 45 -68 -72 -38 28 69 50
63 -52 65 -86 78 -100 -34 -17 3 -47 -11 56 96 96 -2 65 -48 -68 -34 21 25 51 -53 -9 -85 -100 -100 80 35 -67 51 22 -68 58 14 59 8 5 15 -60 -15 65 -5 -94 -15 47 67 46 98 -52 84 69 -91 -1 -73 89 30 19 22 89 -11 -20 -80 97 -29 24 -86 1 28 63 98 -74 -81 17 39 -55 93 39 42 -22 -60 -25 74 58 -34 27 -37 25 -85 37 69 73 89 -5 14 -87 10 -99 -7 12 93 -54 96 -92 93 -91 -93 -68 -11 100 27 -25 25 -60 -32 -51 -44 -41 -46 67 -3 -31 46 -99 59 -15 -42 44 -31 32 -84 36 -42 -28 92 57 40 -20 -2 79 82 28 -53 47 81 15 -81 58 27 -70 42 70 22 82 68 -86 49 30 -46 -98 -57 63 -60 45 -20 15 22 10 66 -51 80 -78 -93 -68 96 -53 -62 -84 2 79 -66 48 -11 45 -15 -90 56 -72 -64 82 11 -45 -16 -48 -39 -54 -18 -6 88 -14 24 -93 -36 -86 -39 77 51 -88 -51 50 -60 -49 31 -96 -92 -77 -19 -33 -77 -57 -36 -16 29 -60 82 -73 100 -83 33 -15 97 -33 75 9 -14 -9 93 38 -15 15 -48 90 25 -86 76 35 80 -67 69 60
-16 9 60 20 -36 -78 60 -34 -51 -61 26 -36 83 44 4 -56 -4 52 27 -37 4 -60 73 3 94 79 -76 86 -15 -67 86 -39 22 59 38 -54 -81 74 -83 12 -29 46 -97 53 41 -16 -40 -58 -58 -76 4 -42 81 -1 -16 3 -63 -85 48 -44 -58 15 -68 23 -95 37 -3 -41 90 44 35 16 24 29 63 52 44 46 73 90 5 -65 67 -92 63 58 19 -95 -25 -75 -38 -50 51 8 57 55 -30 17 2 77 -51 -28 32 -83 41 4 37 -77 -65 2 -14 -42 58 -34 -85 17 -53 27 -4 98 34 75 70 79 84 -32 -34 19 -91 -52 -35 -68 -17 -29 13 41 29 11 -31 -17 34 3 -21 64 95 76 6 -26 56 -64 66 -40 30 -80 -36 3 9 52 -45 -83 47 65 82 -88 -38 -26 -39 -86 8 -7 2 91 -67 64 63 50 20 47 17 -74 66 -88 79 -39 92 64 -53 3 -53 49 -64 -59 -36 65 47 69 54 49 15 60 34 -4 29 -76 33 1 -4 -19 -66 86 -81 -67 66 -67 63 13 -89 24 37 -21 60 -90 86 -53 -61 -26 97 92 9 98 -50 77 100 -87 -41 -57 -71 51 -12 -50 -39 -5 -38 60 -18 69 -38 -64 66 97
-17 -83 -88 -60 4 -71 53 40 100 63 -80 6 12 65 -57 11 -78 76 -91 42 -82 71 79 60 -33 -71 -86 -51 -48 -19 10 4 -31 79 66 5 -81 75 -39 76 1 -11 99 -44 88 19 90 -3 64 -11 43 98 11 48 -69 -93 -95 27 11 -72 -27 -33 82 -52 -70 -41 -77 -78 30 -83 32 -42 75 46 -11 77 -34 5 92 -87 -14 -38 -79 -80 95 20 -88 14 22 75 -24 55 -74 23 38 40 -16 14 57 -19 13 -34 65 99 -59 -11 -33 -8 60 69 -57 68 29 79 -88 -26 50 -55 14 96 37 -5 14 52 -6 91 -14 -12 -62 12 -91 38 53 14 -72 67 78 18 -2 -37 -29 79 6 -2 11 26 100 -58 69 -78 -85 7 83 -12 10 -7 20 83 76 91 -5 87 -53 -59 72 -24 -37 -99 87 -20 -87 -21 -56 -7 -49 -22 3 -89 62 -15 17 -55 5 58 -37 -21 58 -61 -68 -53 86 -63 70 -1 14 76 -38 59 2 -48 17 93 -82 15 78 74 -20 -31 -7 -52 -26 84 -27 -62 71 -38 -8 99 -80 56 96 98 28 96 -81 22 2 -77 48 11 -11 -74 -25 43 39 -95 14 100 29 51 -55 12 16 -95 -97 90 -47 -16 20 -59
-26 -15 -19 62 -78 -68 96 -65 99 51 -72 53 57 79 -45 -71 10 -76 22 -84 -49 -71 -50 44 -69 78 -65 1 46 -70 -30 -25 52 -96 -47 87 -66 99 -84 80 -81 -51 -46 -78 -52 91 -7 19 58 35 38 -54 -87 66 96 53 -2 85 -14 53 -84 -45 -46 92 -37 -65 -49 100 -84 23 44 -100 -39 7 81 -19 -96 -66 -58 -96 -60 -41 30 -68 -13 -98 -83 -84 -72 49 -95 79 20 -100 -33 -73 -27 -3 63 -38 -22 -11 52 -55 69 45 45 -87 39 -72 -80 65 -74 -39 -38 54 8 28 87 -63 -94 -77 -88 -15 59 96 -17 -3 96 52 -38 24 73 -10 64 89 -51 -77 -13 -25 -5 100 -71 7 6 -70 -42 39 -37 33 -80 -82 -16 27 -73 -21 33 -94 98 -13 17 72 -36 70 -3 -83 9 54 -3 -37 -60 -49 55 75 41 100 90 -43 -43 84 -31 -3 9 -15 71 63 -11 28 -15 -29 -74 -84 68 -83 -3 87 -13 -21 -24 40 -69 -61 39 84 -64 -88 46 -83 -7 -59 92 -47 -20 82 -18 38 30 -98 -7 -33 -85 6 -29 40 -97 9 33 -22 -34 84 35 69 15 -89 -4 -95 -93 60 62 88 61 58 -43 89 20 4 50 -50 -29 -60
68 -2 46 63 -2 -49 82 74 -60 -88 35 -39 -64 -28 -66 51 -17 31 -67 67 64 -85 53 49 -41 -10 -85 17 90 80 -69 13 62 -18 32 -20 48 -2 33 -56 -8 20 -38 8 -52 25 76 -2 22 -33 46 68 -53 52 73 -80 -21 86 -5 -43 31 82 -40 96 81 -17 -43 -14 11 -77 -13 -4 65 74 18 -75 -63 -67 26 21 -12 24 89 -3 68 72 -10 36 -19 -4 -75 -55 -87 35 -76 96 -94 -76 35 -61 -39 -16 48 4 65 -79 10 -49 86 49 82 -21 -51 -67 87 9 55 66 39 18 -62 -62 82 -20 -65 -59 -13 44 -58 28 71 -63 -87 22 -42 28 -46 57 28 -96 91 -84 36 -26 2 -38 39 -7 -36 57 -15 1 -58 -91 -95 77 -2 61 56 -20 63 83 -65 48 51 -42 6 -27 87 11 -79 88 -40 34 -26 -7 -36 50 -26 60 1 -49 -41 52 71 28 -87 -11 -68 11 48 -64 -49 92 -87 -31 -31 -93 60 -91 53 -20 5 -73 -24 27 -94 -38 -85 -77 -10 81 30 29 60 -97 31 80 -52 37 72 -99 -71 78 23 -65 -55 62 -40 26 -22 52 69 -21 -84 -18 -88 70 51 59 57 -60 -63 -20 48 12 50 -93 -4 -83
-26 -5 81 -84 -69 32 -68 98 32 -95 -16 -94 -11 -40 47 -80 -99 99 -65 -57 93 -57 -18 -11 -10 35 -48 -51 -88 87 -46 95 92 97 -87 -62 49 -97 60 17 -3 17 -32 -62 87 78 -18 -48 -58 40 72 -69 -89 0 -76 -47 30 81 -61 -62 -64 68 32 -39 -90 -62 -98 89 -26 87 -93 45 36 28 28 57 79 27 -72 97 79 66 -50 -13 -39 -17 -61 21 -94 -92 28 62 45 81 -68 71 -12 -75 85 -59 -29 -52 -68 69 -44 77 76 56 93 57 70 0 22 -77 -54 83 51 -29 -45 0 87 -14 34 -76 15 74 1 -20 -67 97 47 29 85 78 -74 -49 89 -52 -45 -61 30 -91 25 -11 0 -89 41 88 -36 42 -44 -56 -36 29 -55 -91 82 -58 52 21 -42 -20 -90 -15 45 -92 54 87 -87 51 -88 -61 -1 41 -69 70 87 -20 -11 -41 -5 65 -6 8 -37 18 -28 48 13 90 58 25 47 56 56 85 -100 -79 -44 55 -51 -44 -56 -64 -64 -72 -72 50 97 7 43 21 21 -50 69 4 47 -98 35 17 -37 -48 -67 63 78 47 19 1 -74 -93 80 67 -78 -22 96 -1 -47 61 -56 45 -41 -56 88 46 -1 -61 5 26 -94 8
57 -80 37 -70 90 90 -29 -36 -83 27 -59 -41 -10 95 -82 -11 -26 44 -39 -17 24 -22 -18 66 -6 11 100 55 -66 28 93 61 3 -20 -30 33 43 82 -93 -40 -48 3 -30 3 68 -15 -60 58 -39 -53 -16 38 -45 83 21 -36 9 -97 21 69 -7 43 92 12 -61 -88 -12 81 70 -5 75 79 54 2 30 58 91 46 -5 -99 82 -87 -86 52 -35 -46 -65 11 -12 -51 -39 13 5 -58 50 -61 35 -23 87 -15 50 -84 -28 69 45 98 -9 -7 -11 83 -41 60 55 52 -55 27 -40 76 -28 -43 -51 25 93 -11 -85 9 87 24 12 94 -26 66 4 15 27 -75 41 -1 -51 52 -34 19 -60 -56 10 -44 88 -41 -6 -91 46 16 -31 -61 -70 -35 39 -56 12 -52 -93 86 36 -4 22 -3 23 87 20 -39 24 -12 91 37 16 -65 22 -74 -40 40 100 35 -85 91 -50 2 12 84 -40 52 -10 -69 -25 81 -53 -7 69 14 80 -78 -56 23 -46 -94 -21 39 83 78 17 -37 -55 90 -98 7 48 25 -44 91 56 94 5 -43 28 -99 -80 -49 -6 80 71 16 68 29 -51 -7 43 49 73 -6 -26 -60 -25 -44 13 -39 -52 11 -80 81 83 40
-64 43 -43 5 49 13 -14 -56 -91 -19 -67 5 -55 23 -63 -17 -48 -86 -5 -93 -13 -83 50 -18 -92 -100 -51 55 41 -65 73 -72 -69 87 -65 -6 20 59 26 -31 -98 76 -79 -46 -72 28 -13 21 -53 -91 -36 97 28 -39 -93 44 67 25 -79 17 70 -86 -90 19 92 -79 -26 15 -37 41 36 37 78 -62 -64 72 -26 53 92 90 -35 1 7 -78 -86 -86 19 -86 -88 -14 20 2 38 -51 -16 80 -67 42 98 -98 54 65 24 59 -78 -47 66 71 74 -39 69 19 -19 -87 -49 -95 -100 -75 -54 -59 18 -56 -31 91 43 27 46 95 -80 -80 26 66 -51 14 72 -15 -9 -65 39 61 -54 -33 -24 60 -35 -96 9 94 -95 10 -65 20 93 21 62 86 -42 -18 33 -18 -69 31 15 85 96 -54 13 -61 65 -75 2 34 6 45 33 56 -90 17 -40 84 9 98 21 52 -63 33 -13 66 51 -44 40 41 71 -17 66 77 98 99 -63 -99 22 37 -21 -17 98 -14 11 24 47 20 74 53 -24 -4 -95 56 9 24 36 98 -37 -60 -19 8 57 14 28 -66 44 -64 72 -46 64 55 43 -12 -53 -78 -66 -32 -39 -6 44 58 -67 -12 53 -26 -26 -43
-59 -61 -20 18 -2 -60 68 62 17 35 22 36 28 -5 49 88 -17 -74 73 -21 -12 81 56 62 29 86 -39 -12 16 4 44 41 0 67 -24 -48 59 4 58 81 43 100 58 30 -61 24 -8 -63 -25 33 -55 -94 -99 -14 98 6 92 67 97 -14 42 9 2 94 -79 -21 21 83 -22 79 26 46 77 -61 -19 72 -54 22 14 -97 -69 30 19 -44 42 -38 -70 -83 70 -13 10 0 40 5 38 -1 32 17 -80 -32 -92 4 85 -30 10 2 75 -12 -50 -86 17 -75 -78 -30 99 -57 -85 20 15 58 -56 -48 -20 -24 -52 8 41 19 31 12 3 14 -24 -3 79 -99 30 -58 -95 83 91 10 54 -16 -12 20 98 42 72 66 15 -49 -36 40 69 16 33 -22 -45 -15 -78 47 27 12 17 87 -47 -54 -63 63 0 -63 77 -22 7 73 87 50 90 90 0 -88 -71 98 -53 -89 -61 67 -89 82 -70 63 -21 -98 70 85 77 -44 26 -11 -49 57 78 100 79 -65 -73 15 45 -36 -45 -48 -15 69 -71 41 22 -5 -88 -63 -79 -89 20 69 -83 -52 -47 3 -77 -61 -14 95 -44 1 -88 52 96 80 -83 85 98 -23 -100 -67 36 -52 24 75 2 -22
-34 -7 50 17 -26 60 95 76 69 24 3 -100 70 -44 -51 -34 -30 -91 -51 48 6 9 -47 90 -22 1 60 -3 -92 72 57 -74 -19 -9 -47 -9 -11 -78 -32 23 -41 13 -66 -36 39 -19 -36 21 -21 -64 67 42 -25 -8 -51 85 -88 22 -86 -81 -93 -38 -33 -89 95 -94 27 -91 -33 -71 -91 89 -98 -54 -92 -20 -93 39 87 -73 -89 12 74 76 -86 4 19 -60 -2 -21 -12 95 17 -16 5 72 -62 97 48 43 -28 8 51 41 -68 -87 -47 -1 52 -49 23 69 47 -22 6 -68 -42 10 -90 97 55 -88 19 -66 4 48 -79 -67 31 17 53 8 37 100 15 -33 -89 45 90 -47 -12 48 -48 -83 -59 50 13 -99 -89 -75 50 -27 -66 41 6 -68 71 -96 -50 42 79 41 -88 65 83 -44 55 74 -84 -6 -22 10 -58 55 -100 -93 -13 27 41 25 85 43 79 67 -89 74 -54 -52 38 -54 -86 -35 -57 29 46 23 -27 35 -90 52 7 -49 27 -47 93 -23 50 71 -26 7 -89 12 -27 -97 92 -36 -85 75 10 91 83 -90 44 -34 46 -89 30 -51 71 45 -83 47 52 36 17 -21 -49 -79 -41 46 60 88 4 4 -64 67 59 69 -63 22
-52 21 30 -84 -31 -95 8 28 -56 43 -50 70 84 44 58 95 -8 -24 69 58 -55 -37 91 -68 -17 43 69 11 97 -5 -87 53 32 45 89 8 100 -84 -51 -24 -87 44 -78 21 62 -7 39 -13 -87 -50 -41 13 68 98 82 -87 44 50 81 -94 -57 -52 77 70 22 -14 99 39 91 -90 -74 48 29 -15 33 -45 44 -58 83 43 -22 90 69 96 28 -20 -41 72 -87 14 90 9 -16 -8 -98 -9 -11 -60 -15 44 -84 88 -86 24 39 -21 -90 21 -33 100 74 67 -93 -55 -79 40 -75 75 86 96 71 75 -54 -20 36 90 52 -15 -27 65 87 -4 24 16 -23 94 -44 -48 34 -20 11 15 68 23 -6 -38 -79 19 -42 -58 -36 68 -46 23 -51 -34 91 13 3 -39 93 -36 -34 9 47 -4 12 -29 63 -79 -44 85 82 -96 -32 -70 15 43 -84 4 76 56 -43 -82 -3 1 42 -30 -62 61 -88 -37 -86 -26 37 46 0 -95 4 -82 96 -60 83 -4 47 -89 50 62 -14 -81 26 -35 -20 18 61 6 83 -94 8 -7 31 65 -63 -20 96 25 -3 -99 55 -76 -16 -63 46 28 -20 -53 -5 44 54 -51 -90 7 6 -89 56 -9 -22 57 -95 53
-14 -49 -57 -23 52 -39 3 96 33 23 2 -9 -15 -100 -73 -35 -8 61 8 42 -12 -25 -76 75 19 -92 72 23 -88 -16 55 -4 7 -84 42 -66 52 98 27 73 -42 28 -73 57 18 -72 -54 -5 -54 4 -37 42 -18 16 43 54 -7 -75 -4 -73 -87 79 94 89 -18 -60 -37 47 64 4 -6 -90 82 -67 42 -20 45 -43 53 47 87 -84 -65 60 56 -50 62 45 -35 -22 -18 99 -9 -43 53 -87 44 3 37 -62 73 44 22 -72 -78 31 -61 -82 -90 -40 -90 -56 -49 96 -63 -16 -65 -74 -18 23 -1 -80 93 37 -60 50 40 11 80 -58 40 -90 -73 -64 -48 29 12 -57 15 14 81 34 -68 40 35 -11 -51 52 -14 75 -23 -68 100 -68 -55 -43 -85 -77 8 31 4 -16 -63 31 99 -90 60 80 77 40 10 23 47 -79 -93 99 16 28 -40 -87 66 -84 -4 -85 -22 70 14 29 84 -73 -13 -94 83 -93 50 -27 -51 20 -53 -95 -62 -63 19 65 -25 -99 -72 62 78 95 -90 57 3 85 75 -45 94 -58 -92 -75 -65 -6 -4 83 56 79 -59 -11 -26 -41 -55 26 -4 -91 65 -78 67 0 25 -74 -15 58 68 48 63 -39 61 30 70 43
28 -23 -76 -19 -69 -84 65 51 -5 96 -14 73 -82 -55 45 -1 -70 -52 50 -92 56 67 92 62 3 0 -99 92 58 -49 -53 82 -33 23 42 -92 87 3 -69 -71 -26 -35 -40 -33 2 10 -18 -25 96 -8 84 -95 -52 6 8 -69 24 -22 -59 66 45 -90 100 52 92 29 80 -52 -89 -67 29 -69 -55 -14 28 86 -50 -71 -74 14 31 87 -55 66 -81 64 -68 5 -51 -94 91 -72 94 55 -98 -7 35 12 -47 -61 -82 -22 -56 -66 65 6 -63 10 -32 100 -37 9 53 68 -79 -35 -97 -92 76 17 -65 -13 -49 13 -99 2 73 -43 -72 -45 -58 -57 -10 -95 -97 64 66 56 68 68 36 0 -61 80 34 53 50 79 -74 71 -39 -71 -10 -48 -45 29 -8 42 57 -87 60 66 -39 -87 58 -53 46 -17 57 81 52 80 59 -40 97 -54 -43 -12 71 -99 -68 -79 93 -1 49 -4 70 -19 94 -70 24 -56 44 -3 87 -77 -53 41 -27 61 -68 -94 59 -68 -48 -41 0 -31 -76 56 39 -94 -66 17 53 -19 -48 -88 52 -13 -31 -68 -48 29 -86 -94 20 77 76 31 -45 -34 90 -22 -47 57 47 -2 66 -12 -55 -98 29 54 87 27 -100 -28 -45 -54
-84 -8 -46 -68 78 95 68 -54 -35 59 86 73 66 37 -98 -7 -45 46 61 -71 30 -62 -3 26 90 -53 41 -90 14 -66 -15 -80 87 80 -18 -56 42 -49 -27 63 -19 -82 57 -25 -14 -71 -47 -66 -62 -41 21 9 -42 -4 45 -9 40 -53 60 55 97 -23 55 38 -30 41 -11 -91 75 64 -31 26 -8 -38 -43 18 -55 -33 -79 -16 49 -15 -69 93 -57 -69 -30 45 81 -73 33 94 31 74 67 66 83 -90 59 19 -83 -5 -40 -57 -20 90 21 -4 -74 -37 -59 58 47 -68 23 -75 -6 -75 70 -28 -3 -71 25 82 80 85 9 -1 -79 47 -84 3 34 52 -17 2 89 29 93 -10 60 78 55 -20 -38 -25 -50 16 44 -36 25 -13 -2 45 -52 -82 90 -40 -41 6 34 -51 -41 -13 88 -100 -44 32 32 79 8 -43 -8 11 5 -73 -64 -69 -75 -59 73 -92 -75 -53 -35 6 -71 74 32 50 31 -53 -61 99 14 -7 -62 -46 -32 -92 -95 -99 -30 66 73 89 71 -60 90 29 -26 -16 -71 8 9 13 2 49 -36 -64 -26 96 58 66 45 75 91 -57 57 85 -95 48 57 78 62 82 29 -70 24 -95 29 42 40 17 -13 40 39 -51 84 -89
-84 15 56 -22 54 73 91 -55 79 61 -20 54 81 10 9 -24 -62 44 56 -80 -40 93 -22 -9 57 75 24 -68 12 -15 13 92 -67 -84 75 45 -24 -20 -74 41 40 91 -84 58 31 55 45 96 84 27 49 -64 72 -31 89 -53 23 75 70 -90 17 30 10 86 100 39 -87 -23 -57 48 91 -65 79 11 72 -14 100 -48 -12 -22 87 31 53 99 88 37 -9 32 6 1 100 -30 -82 100 -87 70 77 -22 -23 28 47 -55 -19 10 81 -27 -98 -6 57 -4 39 31 36 -60 -30 -89 -8 52 100 1 -56 24 -96 -1 -29 57 20 86 -41 10 1 -83 74 24 17 -68 -97 -46 -15 -91 18 73 -64 31 95 -17 68 28 75 30 -10 45 -7 36 -73 60 -74 -84 9 -35 -7 -96 -44 -41 21 75 -89 23 -79 13 47 80 22 -20 19 -22 46 -73 79 -19 -17 -18 -80 -54 40 -97 52 63 65 -1 75 -78 97 7 30 86 -30 64 -40 49 51 -98 59 -73 68 -72 -66 -26 -75 85 -21 -55 -88 10 5 -21 31 -19 -80 -8 63 65 -3 95 28 -44 -5 45 6 -32 -93 12 -65 -48 -84 30 -97 -51 -6 -84 8 9 55 -28 32 -61 98 -91 -81 30
-60 29 -49 35 -100 88 29 33 -92 41 53 -88 81 31 -31 59 -22 -38 -64 -55 -19 15 -13 -58 94 43 70 91 29 67 3 69 -90 12 -7 -10 2 -59 99 25 -63 2 31 94 99 53 45 -4 -90 94 30 -90 57 -41 58 -90 -8 -89 25 -87 1 -81 -46 93 83 99 96 -59 28 -73 61 -59 51 15 -15 -13 -43 86 -34 25 91 -50 -58 100 79 38 47 69 -83 64 86 -86 -100 -62 -18 -88 -29 -69 16 96 -17 45 30 26 96 -53 77 20 -49 -92 89 -83 0 4 -66 94 -60 6 91 91 -34 15 -52 4 -25 83 14 10 -50 15 36 39 62 -46 -48 -21 44 -51 -37 20 44 -76 73 95 -96 83 -79 -27 -47 -83 -77 -10 -24 94 78 59 9 -54 -75 35 -91 20 -51 33 65 -55 -64 75 -87 84 -15 -50 -71 96 31 97 93 34 81 48 49 95 86 -80 74 -88 -9 -99 -56 20 33 -46 -21 -55 34 -14 -34 29 -74 -43 2 -27 30 -16 24 63 -62 -100 -7 -90 62 -3 98 -35 49 6 85 -86 70 -93 3 -67 -78 -48 -99 82 10 -60 92 -10 2 -98 69 -91 45 59 -71 12 7 -69 19 63 -79 -11 -34 -82 -62 86 -50 33
-66 10 -77 -25 -6 -58 -63 29 84 -54 -20 92 -8 -95 -50 -17 -57 -20 71 -33 -77 -46 67 -5 -44 -66 19 -69 83 -30 35 99 -84 23 78 38 35 -40 -54 21 -95 85 -50 15 28 -19 29 27 79 73 -69 -21 34 -36 24 -100 18 44 44 -59 3 -78 74 51 37 75 -38 56 49 -53 -30 -84 79 41 81 77 38 21 -76 -14 75 -67 -23 15 -46 95 -52 -18 77 -83 -47 7 -55 69 41 -84 57 10 -94 -40 63 28 52 -62 -97 14 -99 -17 17 -39 84 -71 -87 -98 4 20 9 18 69 46 67 -68 -61 -23 25 -87 3 -42 89 65 -91 32 -22 60 98 -5 -75 -21 -3 70 -39 -85 43 -84 71 57 -37 -30 -6 38 -71 92 5 -96 -89 -69 51 -31 61 3 7 41 -60 6 -32 -44 -98 -8 -39 87 22 82 -5 -22 -43 -27 -92 -61 -41 -20 53 67 -49 -93 -78 13 -34 83 -40 55 -79 96 46 98 -18 29 -49 12 -86 58 -23 54 -69 -15 -12 -57 52 41 -26 89 52 -84 44 -100 -27 -17 30 93 45 -73 64 7 -52 -32 27 59 54 -27 -91 -50 20 -35 77 41 97 -21 -70 96 -46 -89 -86 -59 -59 30 -42 -46 25 -21 5 -24
-21 44 57 -89 38 53 -49 61 9 81 36 69 9 85 46 -37 -3 -18 42 -98 34 48 -6 32 -11 -97 16 43 26 -44 -47 67 -36 -98 -75 -23 82 -33 94 -2 -19 27 -91 -14 7 -26 -59 65 65 11 43 -42 -100 -82 24 -93 33 73 -2 -45 73 -77 62 32 21 50 11 99 -44 -34 -24 4 84 14 27 -31 62 83 40 -28 -13 -96 21 -25 -96 18 36 -50 24 60 45 81 42 1 -6 68 45 -97 45 77 -95 22 26 -56 2 34 -92 7 96 -33 -13 5 31 35 22 36 -52 68 -41 -48 -14 -100 -32 -18 -4 -51 -83 89 -17 9 -15 24 60 40 49 18 86 90 0 -32 -99 49 -20 -96 86 -100 -7 -14 19 13 -70 19 45 50 -21 78 43 18 -70 -25 82 -60 -7 -69 22 96 -6 9 15 -59 6 64 60 -16 65 51 -2 97 94 -29 64 5 -6 -95 9 -62 -17 -16 -98 12 26 -77 31 -35 57 15 -88 44 89 -48 33 71 40 -43 52 -67 -47 -60 -5 -75 17 -68 45 52 27 -2 65 -33 34 20 -28 64 -48 -91 15 -82 40 -9 42 60 86 -59 62 -10 -4 -68 -46 -59 -63 76 100 68 -39 28 26 86 -100 8 -81 -35
43 16 23 79 44 40 -66 66 -46 -81 -74 18 -30 -25 -73 11 -67 -66 91 -67 75 -51 69 27 73 -12 -70 -85 74 68 -86 -69 59 35 32 97 -4 -93 85 64 -25 77 -85 -89 10 -99 92 -80 17 -82 -79 -42 -62 91 -32 -93 26 -51 -4 4 33 52 -29 56 -47 -2 -13 -49 -68 67 -23 -8 -16 -98 -85 -80 39 -30 -87 98 83 12 16 -93 66 -94 27 7 -97 -75 37 -51 -67 33 -11 84 49 97 11 65 -47 90 -95 -9 91 -30 80 -62 89 -77 -98 90 15 100 47 29 -31 -52 -42 -93 21 -57 -4 -36 72 -85 -91 -2 -98 -90 -83 -67 -96 100 -30 8 -93 88 50 54 65 7 -100 -75 -86 -24 -75 12 53 -41 -65 58 26 -5 60 26 -80 84 -86 -21 5 -47 25 -55 98 -32 -23 -34 76 94 -31 -64 -79 14 57 -4 -61 -7 -27 -80 -60 -30 -74 -87 -48 -61 -64 -24 20 -28 -62 71 33 -60 -71 -25 40 -46 -9 -86 80 -34 23 -56 -99 -97 43 -14 -4 -17 -96 33 57 16 95 -24 -6 -33 -48 49 -22 99 27 -11 -51 92 89 60 -90 30 29 -66 50 11 -6 39 -33 -6 60 55 -69 -16 69 23 -48 -86 -69 62 -44 -40
-7 11 27 100 -13 -100 73 -31 30 21 -94 40 -57 69 66 16 27 46 78 -17 -44 15 -44 -6 -45 -81 45 69 -67 -99 -37 -47 -63 31 14 67 84 -88 -5 -91 -1 2 -52 11 84 -54 33 -48 34 46 5 98 0 30 -76 88 65 18 -1 95 0 56 -33 -92 -25 -3 62 -92 22 64 -80 -62 55 69 71 36 -9 -34 8 -49 -88 -22 -9 73 -65 -33 19 15 -17 -100 5 27 -88 -40 -21 -75 -90 13 99 40 -50 -73 76 19 -76 73 -34 77 62 -18 -52 65 -83 -89 -27 95 81 -8 -92 -82 77 -100 72 -56 -54 -96 43 -50 6 -37 8 -44 -61 -14 34 -74 -62 -72 33 94 69 98 -44 96 -5 12 90 43 54 -11 59 -3 -33 -7 -84 25 37 61 97 -56 -34 -93 41 -70 -58 61 -88 81 3 9 -82 48 -67 60 -95 -2 -35 76 82 29 70 -71 43 -96 15 -45 -28 -56 61 93 23 23 82 76 13 -68 -92 -42 -56 -69 -53 56 -7 41 -49 -51 -7 98 34 -55 13 -73 -66 94 -17 -66 -23 20 88 -9 28 17 70 -20 -46 -45 94 72 11 -72 -21 76 49 39 -77 11 -75 -30 -49 7 29 10 33 -26 71 -75 45 63 88 -17
38 48 -13 73 28 -40 -70 -59 -46 35 15 94 76 -46 79 -36 -5 7 30 -37 -12 8 80 -32 48 -1 99 -35 -41 55 -66 -14 -7 -56 -95 -30 44 92 -4 49 69 35 64 76 -8 -31 -17 -22 96 -81 85 -33 3 77 -22 4 60 38 1 89 -30 -48 -63 57 64 -62 50 -3 29 -62 -85 3 -70 31 -25 31 45 56 -31 -41 49 -9 -99 61 -92 -88 68 -52 69 48 -43 -3 30 36 -16 98 63 8 -65 61 28 -59 92 13 86 58 -88 -46 -74 -9 -81 68 -36 84 84 55 -44 9 -94 91 2 13 39 -33 -80 -45 -77 -15 -86 46 -23 61 -11 -28 79 -67 -71 98 66 94 -11 -15 -88 -27 16 -70 19 56 -62 -27 8 -78 2 -80 -7 66 79 -78 2 19 10 56 15 -86 -11 -15 -2 7 -58 -87 -44 -23 86 80 8 71 80 76 54 29 100 -52 29 -43 -44 -95 -80 73 96 86 29 -8 6 -20 -32 -67 3 -62 27 58 73 -45 45 42 14 -81 24 55 -45 -57 -50 -15 -47 38 -38 -35 -88 -88 -94 -56 53 70 34 -37 -22 20 -59 -29 -76 -59 64 9 62 -90 0 49 76 28 39 80 -21 -43 -84 63 -24 -10 51 -88 -7 -48
8 66 -26 -81 98 86 69 -8 85 -86 0 81 97 -69 -47 -20 -47 -84 -26 66 -69 -89 16 -47 -2 38 21 -25 74 93 72 73 -79 22 24 -38 -79 -1 -60 -39 -73 4 70 41 71 -98 -35 68 -30 76 5 -74 12 -59 -10 41 -4 47 18 -96 -46 -3 80 70 75 -13 12 -64 76 -30 -89 29 -36 -63 100 30 -29 -52 -68 -29 -28 52 41 -1 -31 99 -99 78 -85 36 -89 95 -65 74 -72 31 -67 62 -2 -28 62 9 99 -6 18 31 -53 78 24 58 52 51 -43 90 -79 -47 62 -23 3 17 -90 -98 8 -22 -4 93 40 14 -88 -68 -78 50 -76 75 31 -91 -14 92 9 -11 42 54 26 87 71 -96 -38 -66 98 4 -1 -73 -69 -9 6 71 27 -21 -72 29 -14 -68 9 61 70 99 -66 95 -18 -20 -29 -56 -5 98 -82 -15 23 13 -68 -84 -56 -46 77 -5 43 51 82 -61 -47 -96 -83 -21 88 56 8 94 0 96 -54 32 78 -59 -31 -5 -27 -65 45 48 -38 54 -58 4 51 45 -18 -92 60 -72 84 -11 -44 32 4 88 -71 -84 8 48 92 37 -83 -7 -55 -62 99 -18 26 35 -50 -90 -52 96 -76 -60 -91 -95 90 20 -14 -66
50 -87 -56 23 45 -49 87 21 -42 61 -50 12 -49 7 -64 86 48 94 54 -69 -88 5 68 -41 89 39 9 -69 33 25 42 -4 -36 74 32 -1 100 -21 8 31 59 68 -72 -46 3 13 37 76 5 -97 100 45 -40 -57 -66 -78 -89 -14 -35 -17 89 19 -24 -82 86 90 56 39 32 4 81 45 32 45 -99 23 -95 28 -23 33 -8 31 51 46 -5 43 -26 8 -33 84 -37 38 -44 -71 33 -49 0 -96 40 -51 16 -30 -13 -73 -37 29 -5 77 57 28 23 15 74 -38 -81 66 -19 26 -40 -2 -3 -63 -47 26 70 -43 -41 -41 61 67 -50 84 -59 81 80 40 -8 57 84 8 9 -28 -21 -78 55 -77 -87 47 45 0 -77 -74 73 27 -79 -60 -60 -4 -59 27 27 -93 79 -3 -78 -97 86 -29 68 -6 71 24 70 -70 43 -35 -57 -99 -92 8 -63 -45 -9 -31 -5 -37 -98 93 75 20 -27 76 75 -89 93 -45 -10 -68 38 56 -25 -32 -27 -58 92 48 -78 -31 35 51 46 -77 84 80 -18 12 53 -36 -94 28 49 16 78 42 -74 72 -71 84 -57 -76 29 38 -28 59 26 -98 17 76 -96 10 13 84 43 -28 -53 -55 66 -92 -100 -32
95 -94 -65 -12 -100 3 13 70 -66 26 -15 -30 29 60 47 88 43 -86 -82 -63 -89 -6 -1 -84 89 90 -23 80 -16 27 43 -64 91 -9 -16 -85 99 -41 45 -81 0 -79 43 8 69 45 -38 52 78 -64 60 -24 -33 8 -22 9 -88 -69 -14 -28 51 -69 54 -82 -32 53 -54 -49 72 -15 20 78 31 -3 92 -32 56 53 88 -42 48 -3 -40 90 -2 28 77 27 -98 -69 -42 -1 80 -19 31 42 -47 98 46 92 55 -13 -69 29 35 97 45 -73 -87 -25 13 -73 -79 70 -82 71 70 54 64 87 -25 58 -17 81 86 9 -50 -3 -58 -52 -12 -92 -99 -96 -51 -24 -6 -91 -95 43 -46 91 -98 -38 -55 64 -58 47 48 69 -31 -39 13 -19 2 44 10 -32 -84 78 -35 92 79 -26 23 -80 92 93 -1 -7 -31 5 -90 57 29 -83 -93 -53 53 10 -35 23 44 -75 84 -53 43 11 -100 1 -87 -12 -54 19 50 -85 13 -85 32 -41 77 -92 -91 37 -37 -95 77 -97 34 75 -1 42 23 -31 81 2 78 -87 -54 -44 -23 -20 -6 52 65 47 57 -4 -33 -46 39 -29 -2 71 -46 -57 15 47 -49 40 8 -37 31 67 -72 68 78 -72 13 -66
77 -30 57 -16 -44 92 55 -66 45 64 -85 -60 -9 100 2 4 21 -22 -1 -15 -61 -63 -1 -81 -22 -91 17 -60 16 -35 11 -44 -78 -79 -41 -76 72 -66 20 88 80 90 -88 75 -4 79 -14 -59 41 49 37 93 -40 -70 -9 39 95 96 56 -42 -42 -87 -42 -19 -94 34 39 61 -22 -67 -95 -3 34 59 -59 3 2 -53 67 -90 -48 97 40 -100 -37 -85 94 -45 19 -52 75 77 74 57 -10 -80 8 -54 15 5 76 -47 76 -9 49 -99 12 -64 37 2 36 -57 -31 25 3 -3 1 75 12 89 36 75 60 -50 -23 -3 -8 79 -78 -84 -1 2 48 -54 -2 -27 100 2 20 -42 6 49 -64 38 19 73 50 11 -9 9 -35 -49 54 -52 -47 17 -8 96 65 85 -59 -58 11 44 48 59 -46 -58 9 -64 -54 -56 -72 -91 70 -31 -52 -99 100 54 25 67 25 -23 30 -30 -30 45 8 88 60 10 -96 -47 52 -84 -49 -86 96 87 9 -88 -14 26 49 -76 -66 97 -68 -56 -46 -20 -95 -48 -99 -44 -86 90 -36 -31 47 63 38 90 53 -84 -64 17 1 -51 35 -30 -54 47 -9 -100 55 47 65 -64 -63 -82 61 -45 34 -94 -80 59 61 40
9 4 61 19 58 53 43 -72 67 88 39 -14 -15 -26 79 -51 -51 40 -20 -19 -54 17 30 -24 -49 -20 20 -50 -43 36 -73 87 -14 19 -43 34 -15 -51 -37 1 32 -2 -72 -16 -96 -37 71 43 57 22 39 -69 81 -82 -43 74 -71 77 81 -29 -20 -66 5 5 -83 -38 29 -98 14 -30 33 -17 33 -57 98 52 -96 -85 -16 -30 -60 -86 74 43 3 78 19 -6 -1 12 83 -40 -43 -15 -39 -6 -26 72 47 -18 -64 -54 44 -67 -43 3 -6 -7 28 64 -59 -49 37 -35 99 -76 -78 81 -50 69 76 67 95 72 -73 -53 -90 -43 15 -51 79 -38 33 -58 -4 -77 36 89 5 47 -12 83 15 -81 -69 32 16 -32 -51 67 -56 -45 -41 99 38 -90 24 -63 44 5 -11 -91 -17 -46 -60 77 63 78 -38 51 -52 3 -2 -28 -24 -92 39 -7 62 -15 41 -14 -15 -31 -41 22 55 -64 -47 -58 43 41 8 -21 -80 -89 15 -33 -24 34 44 46 -76 89 61 -85 -56 67 48 -34 -79 -61 -41 36 83 -43 16 -54 -45 -93 -1 -80 -94 8 52 -24 -88 -11 -90 85 75 -13 -57 -84 30 -29 -76 -30 -92 -92 18 -23 35 -72 44 80 58 88 -16 -11
-31 -71 50 -38 5 58 -71 96 -14 -43 -17 -71 -41 18 23 35 -63 -19 6 -86 -81 67 58 -61 -35 -99 -29 99 -79 -18 20 38 87 -76 14 32 -100 83 13 -35 -77 -51 33 88 -66 30 -58 -50 -8 54 60 41 12 72 -31 51 95 41 -48 48 -100 26 -45 -4 31 -67 61 72 -52 76 -13 35 -17 -7 35 14 -20 100 -75 -29 -29 96 32 -91 20 90 -76 42 -69 -59 -100 -94 -45 -67 24 -37 -56 65 -62 -94 73 -37 -94 9 37 41 -87 -52 88 -13 -82 -67 -53 19 45 10 -56 4 -88 -94 -85 -14 41 -5 -92 -6 -62 14 95 23 -19 19 89 -100 -54 23 -19 -68 -1 10 68 -93 71 -6 -1 -44 -38 -84 -77 -43 -74 -98 -14 -30 -90 -51 -77 69 4 17 61 4 53 -47 -46 16 92 -81 -79 -2 33 58 52 -9 -17 84 0 -32 16 53 22 -14 63 13 63 20 88 -10 65 -46 64 -69 31 -46 -88 -70 -27 48 70 -9 -70 -57 99 80 8 -58 -88 -91 7 86 -73 -7 92 -31 73 5 -100 -27 47 -9 41 -73 -49 39 39 58 75 -41 56 43 94 -81 98 93 -85 -45 -91 61 -3 -97 -86 -13 -88 95 38 88 66 74 -84 55
-53 -8 -80 -40 -13 -48 -21 -65 -71 47 43 -8 68 12 -19 2 -23 100 6 -94 7 -10 -75 27 -68 -42 -64 -12 64 -32 25 -51 71 -11 -68 36 -93 84 -30 -96 27 58 -75 64 74 36 -76 -94 -86 -28 26 100 80 -63 25 -27 31 36 94 -84 -15 -59 -61 46 44 -90 -68 -80 -39 -87 17 -25 -43 -35 82 86 100 -78 -37 63 24 11 -33 -80 -33 59 -83 -32 53 3 96 -86 -31 -36 -27 -18 84 11 -44 -75 72 -26 71 67 27 22 -22 88 -83 41 65 -33 -22 41 34 -59 31 -78 38 31 -29 16 16 -43 87 -74 91 60 48 40 32 -84 -23 29 23 -64 -10 84 17 -81 -54 20 -86 -62 -86 6 64 49 -46 -51 -4 -81 -83 -48 -5 76 16 -48 71 80 -97 93 12 11 6 -22 -99 78 -8 -78 59 96 75 53 -49 87 73 -46 -36 13 -74 35 -67 69 -52 53 -45 -89 69 2 15 -64 -60 44 -59 41 60 -65 49 -15 11 76 45 -13 -77 -10 -75 -7 51 -11 -8 74 87 14 31 -28 -84 -56 57 4 34 -98 32 -73 0 -48 40 -52 90 9 65 -35 71 -40 -3 -15 -86 -64 93 -31 -76 -67 -74 85 -35 -61 -65 -59 -8 -86
-9 97 2 2 -35 62 95 -37 -96 14 -95 -13 88 80 -82 -26 41 33 77 63 24 -99 -22 -82 -2 1 -43 49 -89 -14 86 0 89 -24 81 -52 20 76 -52 25 -5 -38 -39 90 -1 -52 77 15 -71 -50 -71 7 32 -40 -59 -63 47 -52 40 31 -50 11 92 78 96 -36 -20 97 -94 -94 77 93 -99 -70 76 0 -6 29 -7 64 27 -46 -64 -81 5 -63 -91 -90 -74 -12 -83 -34 23 88 -50 58 -52 -61 -75 -14 -54 -91 82 48 97 -50 29 62 5 90 22 34 -100 -32 91 26 -83 12 99 -99 99 47 -61 -99 -88 -62 84 49 96 78 34 37 -20 -19 -1 -16 66 -3 9 74 -80 -89 2 -97 -72 -53 -41 50 57 -34 -25 49 -93 55 23 62 -42 27 -7 -87 86 -55 -68 -5 -10 -29 59 81 -71 65 -53 -29 82 -47 -54 -1 -87 33 -2 93 66 -93 -49 -81 -32 -23 -49 5 -30 77 6 38 -32 -79 -38 86 24 -22 -94 -92 -86 32 -72 23 75 -37 26 -38 -87 -71 98 -57 -3 93 -97 8 61 100 52 -31 66 -36 99 -78 23 -60 80 53 94 -34 85 -13 66 48 -76 88 43 89 -13 -18 35 -56 41 -99 -1 -15 53 -68 -70 59
-36 95 -89 92 -49 -9 73 -67 58 23 21 -71 -85 50 59 85 84 -9 78 -86 28 28 -3 -68 94 65 -50 -92 19 12 -78 63 91 55 -48 -22 -74 -67 94 68 1 62 -99 -17 -34 -40 67 -20 -55 70 -8 5 63 -38 29 92 -30 90 -67 89 68 -6 -21 -44 -72 38 46 14 48 -4 -8 -51 49 58 -81 59 74 -67 76 5 10 93 -76 4 -3 -67 43 45 32 -85 -96 -80 21 -52 69 -70 -90 64 -96 25 -1 -98 -39 4 -33 -35 35 77 -84 -61 -70 -43 -10 23 -31 48 -58 75 -76 -16 70 -84 -53 60 -46 34 -85 -2 60 41 -94 -14 -62 -30 -77 -55 7 -12 -83 -62 15 34 -40 82 64 -84 -69 -76 -46 -12 -86 91 -84 7 -52 37 -39 87 -74 45 17 -84 -56 55 96 -36 -80 -61 49 3 1 14 90 76 55 27 62 -20 22 -12 -36 -67 -72 -34 70 -29 52 -89 2 42 22 96 65 84 14 -64 85 18 -9 -82 79 74 -10 12 12 54 -30 70 51 99 -60 96 14 71 -5 -10 83 57 -53 -20 -51 43 35 55 92 66 -73 81 -94 -59 67 -82 -48 39 86 18 43 -82 18 -10 -65 -50 12 -64 10 94 96 -81 -74 13
-8 11 -6 -48 -55 -45 -90 -19 42 88 -90 -1 -72 59 -25 16 10 -14 -89 83 94 48 40 -40 5 -29 -73 82 -2 -83 -25 69 -68 70 -13 4 35 -6 32 49 32 -56 -46 48 55 49 -97 15 -14 87 -17 18 60 77 -5 1 16 22 2 -80 -86 -58 -42 -98 -57 14 -48 -5 -55 -23 -72 47 -58 -23 77 86 -41 -32 93 -31 2 -35 36 -85 55 85 -28 -21 56 75 93 -34 3 8 43 27 97 11 -1 46 90 89 -50 42 -7 -53 56 51 78 21 -78 -43 -90 -46 -15 98 77 -72 -65 41 -82 -19 11 57 -29 -28 68 -1 -62 94 -13 17 8 -48 -58 85 -48 99 -46 38 -4 9 14 -34 96 38 -29 53 -56 -41 21 -87 -26 43 -73 -34 -44 -22 4 13 -94 18 19 97 1 45 -75 41 31 -18 -76 -17 4 43 78 60 -62 60 -19 -7 83 32 -67 48 -91 9 14 23 58 26 45 -48 -17 85 -81 96 29 -44 98 17 -40 85 -91 68 -12 11 29 -91 -3 26 -72 98 41 79 -24 -90 -46 -98 56 26 -45 85 44 19 -82 4 -49 -68 -74 0 -73 -40 -94 -49 -4 35 83 87 57 -4 14 -94 -98 97 89 28 56 -17 -48 0
58 70 30 -17 32 -92 46 -10 -51 -90 43 -71 -66 89 -39 -95 -100 3 59 1 -2 -57 40 44 -22 -99 -10 86 36 -73 -85 -90 -66 70 -76 -99 -57 -41 23 -83 76 85 85 42 -41 81 75 89 -9 -50 11 -47 -14 -57 80 83 90 55 -78 -21 -95 78 -87 90 -89 57 49 -77 93 -44 -53 -61 -27 -74 -67 72 -53 -53 -42 -55 -14 96 33 -66 -8 -100 -84 -43 -100 -76 67 -85 100 -68 56 -50 78 0 -99 51 -12 17 -34 -88 83 26 -36 76 73 46 83 26 -46 91 -73 29 71 35 -65 -36 78 -8 -46 80 43 -49 33 48 90 -10 -85 11 -50 -16 -63 -52 78 -89 80 -2 14 -51 -89 -23 79 -8 21 -7 -40 -13 -2 97 -49 -15 -21 -6 65 -90 79 99 -35 46 40 -16 89 67 -66 68 -11 -60 -4 89 25 30 37 -82 38 -48 -64 57 -94 49 -50 78 -13 -36 -78 88 -93 56 6 -86 -40 -92 21 0 78 -29 -83 -68 8 38 97 54 -1 92 50 -25 -68 -60 -26 -41 6 68 -31 -83 93 -59 53 53 -42 80 59 -10 -42 -60 -87 -77 17 -14 -52 -75 -10 15 20 11 -87 27 -61 24 61 -71 -54 -40 79 92 -66 -25 -94 -26
89 -34 -49 45 -33 -13 -82 39 5 80 -43 -6 -14 -83 21 -75 3 32 30 91 13 83 -97 -68 -61 58 -98 72 33 -95 9 80 69 66 25 -55 44 34 -43 22 52 -79 -82 -10 53 15 -41 -81 34 46 -98 29 -91 -69 -78 -60 7 5 -92 -44 8 92 28 32 39 -54 -75 -74 89 -43 50 -30 -74 95 1 -2 -17 -7 10 74 -97 -28 25 -20 89 -49 -87 40 53 80 42 -46 -39 34 59 -15 34 -41 92 -51 99 7 78 75 13 -4 52 -100 34 -100 -59 45 -83 45 -32 23 47 91 0 -1 56 -99 86 92 23 -100 55 -62 13 70 12 -100 -27 -49 90 88 -23 -23 62 -91 -37 56 -2 18 -66 45 53 93 -95 87 54 0 33 48 -42 -56 -10 -53 -77 -23 -42 -25 -58 55 -83 -80 -28 49 7 -46 41 -9 42 -46 -35 -42 21 95 64 -79 -2 98 2 24 24 52 24 -89 -53 -21 21 99 60 -72 67 -51 67 -15 -59 -56 -42 -100 -73 -99 39 -81 -56 43 -27 45 10 -35 54 -79 84 -30 -13 -54 -20 -51 39 96 4 -85 94 -60 96 -11 35 25 11 -79 -13 7 42 -59 -47 -31 62 -7 -98 36 -68 43 35 -7 98 -92 -93 -14
-97 -56 62 49 73 55 -42 -5 4 -52 40 21 -63 22 18 78 -63 21 -12 -42 65 75 -37 85 -60 -93 22 -100 13 -32 -56 -36 99 75 72 -68 31 98 -35 28 64 62 -41 -65 -99 -95 45 72 -19 68 -69 -47 -70 -82 89 -26 8 -69 -41 29 46 94 -92 95 68 12 -43 52 76 59 63 -56 6 -31 87 67 -8 93 100 -48 -99 99 -19 -6 -72 -81 -24 44 83 32 100 -9 63 -30 19 -74 56 56 -34 -42 -15 -6 42 -61 -14 77 -71 -79 55 -68 7 -14 -52 39 -48 -40 -56 76 -25 58 -79 -54 23 95 80 84 79 -41 81 -50 58 75 -84 -96 19 -66 78 56 35 76 -83 -61 -91 -22 79 -34 40 -8 65 57 -93 -91 59 99 87 -77 -24 46 -67 -62 -55 40 45 -20 -100 -14 -97 16 -92 30 -80 37 76 32 78 -55 2 -20 85 1 85 17 -82 -51 -41 88 59 -90 32 -86 -60 -17 -7 -16 -2 79 31 -74 15 -1 92 82 33 87 48 86 50 81 99 65 63 -15 -73 -88 43 21 -50 -94 -63 4 -12 -20 23 75 15 -85 11 -55 97 7 87 -34 44 33 23 -58 -27 -61 -74 -41 -74 75 -73 -14 -44 32 93 44 10 -24
-29 77 84 72 2 50 -51 -2 17 20 40 29 65 -14 39 14 -38 76 -17 10 -59 -51 18 70 55 -72 84 -45 -6 -32 -98 -55 55 -95 -28 52 71 -18 -61 46 -27 40 -16 79 15 33 39 -85 -99 81 85 -81 -93 32 -96 -54 88 39 15 60 -65 11 76 -12 -82 15 -17 81 83 5 62 44 -7 98 -25 -30 33 -44 -82 13 -45 -68 -48 77 66 36 18 -40 0 -40 96 -13 44 -21 -64 12 -71 -16 -77 -14 -83 12 -99 -37 -52 -10 2 -41 69 -73 45 81 83 -29 99 16 57 -51 -65 -54 -54 13 96 -43 -61 -52 -61 10 74 78 47 34 75 -96 96 96 -38 -73 69 55 -87 -93 -95 81 90 -47 14 93 -63 86 71 12 -67 75 94 15 36 -69 -98 92 95 88 -43 -30 99 -9 -11 -49 64 88 23 -74 -58 -29 72 44 -47 82 14 86 -68 -3 63 -67 14 72 -46 13 66 -30 48 17 -18 -88 -91 21 -29 95 51 -20 20 70 65 50 14 93 18 33 -3 -50 -9 3 95 28 85 3 65 -18 39 -24 -34 -92 -18 37 -2 -67 -41 -40 42 95 34 47 44 67 12 83 67 43 -86 -32 19 2 47 13 -18 48 -83 41 -64 -91
-83 -44 -7 0 9 62 92 -71 98 76 -61 -70 -17 -66 -79 79 -61 84 -88 -71 11 -49 -62 58 -64 72 -13 -57 54 23 -2 -29 -64 79 7 -24 -71 44 50 28 88 -3 -29 16 -26 37 -89 -25 -80 81 2 -29 47 -20 14 44 7 -33 -57 -21 -74 -68 -22 -44 81 -69 67 70 24 16 78 52 -18 20 -88 94 33 -20 -100 -10 98 95 63 -49 -65 47 -59 22 81 82 -26 -84 64 38 -70 -35 -57 -5 -26 -27 96 90 79 -6 80 61 71 -13 -71 32 -15 -81 -38 -95 -96 -41 40 42 45 -50 12 98 -20 99 -42 -92 -84 -89 -96 10 37 -84 -80 -95 -86 97 19 30 -32 -19 -51 4 -66 -67 27 88 19 20 -65 -2 40 99 -98 66 68 33 1 18 -63 88 74 -43 -73 93 38 86 -36 93 78 24 -25 31 27 -45 -15 -17 -98 90 -18 15 2 20 27 -29 -19 -70 -48 66 65 -76 73 -45 39 -89 67 30 77 -1 -42 31 -60 34 10 86 78 72 75 -29 -54 57 -18 -76 79 -69 82 79 54 32 8 -34 5 -36 10 38 -30 89 83 -82 -20 44 95 19 -97 -60 82 -77 -24 42 27 5 -37 79 46 -55 100 10 46 -10 27 86
67 86 -20 51 -21 6 -65 75 63 3 -64 73 -78 87 47 27 28 -30 -36 -11 -35 -3 3 -68 -76 -69 58 83 35 -80 -63 -19 -86 81 80 10 53 -1 78 62 -29 88 25 40 -18 -63 56 0 50 -87 96 69 22 8 54 -79 32 -23 -44 65 100 43 90 30 10 -84 41 24 64 -97 -18 59 95 -12 -27 7 -25 -16 -41 -8 13 44 25 35 -9 48 19 -34 -58 -21 46 -38 -99 12 -24 -52 37 82 22 14 -93 4 41 -36 97 7 50 -75 -2 75 -84 -74 -69 4 86 -17 -27 -88 -61 52 17 10 29 58 47 88 -27 -48 -97 -27 9 -55 -89 31 -67 25 -88 30 11 -14 -16 61 43 8 -79 8 -6 48 0 90 28 -56 -85 -90 82 94 -3 -19 -22 -72 -36 53 -28 -87 43 -73 -40 74 -1 68 77 -41 32 -86 45 -36 -44 3 99 23 30 5 70 73 66 -15 -78 -69 51 -21 -9 32 16 -86 -87 -64 66 -90 -96 -37 83 -3 -69 47 48 -69 -67 -16 -49 -59 7 -98 93 66 -71 -74 -10 7 41 32 65 -80 86 1 -83 51 51 -21 36 13 99 65 49 -88 -37 77 66 44 -28 90 45 -46 9 35 60 -54 -33 18 -36 -24
65 34 4 -39 94 -56 -56 56 72 -48 -59 -43 10 -74 44 -8 -76 4 81 51 -88 -75 -25 9 -43 97 23 -84 37 79 60 64 -28 -37 -5 -22 -69 -41 84 -12 -6 59 -72 100 21 74 49 -73 -71 28 65 -98 72 -98 -7 -29 -33 14 -32 54 97 -100 66 -9 -17 2 28 -23 21 28 -88 -12 91 82 38 85 -24 17 73 76 82 99 -92 -4 -75 -3 -4 -17 -35 -31 -75 -19 26 -88 -15 3 -79 -60 -89 -92 -41 49 -93 -82 -99 -50 87 43 59 44 -14 -12 38 10 78 54 -16 -45 40 -2 66 28 77 -81 -71 67 -87 83 91 -92 -77 51 -50 76 48 -17 44 -40 85 -99 -17 80 -12 55 79 48 82 38 -73 63 -74 -8 -43 -15 -95 -55 -29 -50 -72 89 -5 -71 72 -94 63 -19 31 -2 1 75 8 82 55 -45 11 98 -89 -11 -93 -21 6 -77 -25 43 -84 97 -4 -54 45 -80 59 49 65 64 56 93 6 -50 43 95 -67 68 -49 47 -78 88 2 16 91 21 30 63 89 -97 45 25 13 82 -77 -6 21 -31 23 -83 -33 -5 -3 -19 43 57 -14 37 14 -28 18 34 87 76 13 -54 25 100 -55 30 -67 99 -42 2 -71 -61
-24 -86 -64 -82 61 85 -8 32 -28 28 -31 -80 46 -27 -93 83 -80 4 22 -42 23 70 -53 57 -74 -7 -90 -75 27 -16 -86 85 -17 3 -68 -69 89 -15 -27 33 -81 -9 16 73 -78 58 -31 -60 50 -15 17 15 59 -93 -64 -69 22 11 -73 -81 61 43 24 68 -98 22 -64 53 -19 -36 95 -27 9 -51 -19 -92 -84 -51 46 21 -99 45 -65 -2 -29 -58 4 -93 -7 26 -86 -89 -42 -42 -64 -10 -10 18 10 64 -78 -20 4 -85 -72 -91 -49 64 9 -43 -49 -54 -34 45 63 -42 39 -25 65 46 95 -6 -46 18 43 -74 62 45 -92 -81 -24 66 90 -25 -31 -85 -94 -13 -85 78 31 98 17 54 -88 29 24 27 -21 -5 24 15 -7 49 -41 82 -98 26 -2 -100 47 5 -7 -21 50 93 -2 -42 -20 -26 63 29 -60 66 -30 69 62 61 21 20 -71 -25 3 24 -97 -49 -83 -83 62 -58 -67 70 23 21 -90 -63 98 -91 -78 12 -48 -63 18 20 -23 -87 -95 77 4 97 -75 6 79 -89 56 33 22 -4 -15 -78 41 54 58 25 -95 -97 -84 66 -58 44 -40 -100 83 -94 74 46 39 31 -99 -77 -40 81 -63 82 67 -28 -28 6 66 29
-74 42 36 64 -62 9 -9 -87 15 -88 -46 -27 -43 -17 -14 48 -78 86 -21 -40 -8 -99 31 -70 89 20 2 -68 39 74 10 -74 89 -2 -55 37 -98 -53 83 -6 31 94 -55 -85 -32 -62 7 -60 -50 -3 -81 63 -13 -4 96 -55 -88 44 -16 76 46 -61 -72 1 -36 1 85 91 24 -40 -75 -48 95 -42 -92 -46 67 84 25 79 -75 -3 -21 -8 -18 91 -19 44 -9 -81 45 65 14 75 -60 19 -59 -100 97 -84 88 45 54 -89 -53 78 -42 -58 49 -8 -2 28 -96 -80 -35 -27 -91 -40 -37 16 23 57 96 -54 -17 -8 -43 -77 -11 27 85 58 -25 -40 -6 29 -8 -9 -99 61 -43 -35 58 75 96 -27 -59 -71 -97 -16 60 79 -83 71 38 73 -3 59 77 82 -30 -93 -10 44 96 5 -64 -70 70 -15 90 6 -62 -3 19 82 23 -45 -89 75 70 39 41 81 74 65 -45 78 38 74 45 12 22 13 -65 -26 -33 87 -34 -90 84 -63 99 -72 75 -99 25 11 -77 -39 -91 -59 59 -56 -76 63 -25 52 -55 20 32 -12 41 67 49 80 -73 -57 -77 7 -72 28 -54 53 32 -83 55 -61 56 92 -15 40 9 -44 -5 -15 -25 -38 91 36
52 55 -40 -47 86 83 26 -54 -8 29 -48 29 -13 -49 -25 99 -59 -38 20 55 14 81 -54 -38 46 -43 -81 75 19 -62 -85 24 45 11 7 50 45 -63 -47 24 25 56 -93 27 29 -9 -99 90 -36 -100 -3 66 12 49 4 63 -26 21 97 66 93 82 -36 1 -20 -65 -67 37 -45 -89 -79 -29 74 -26 -11 -30 96 61 -69 59 79 52 68 35 73 93 75 -19 -11 18 80 -77 69 69 17 11 80 9 -59 32 -99 -47 -19 58 42 99 46 88 -77 -55 -100 49 -40 -16 16 67 -57 38 88 -4 2 79 96 91 42 46 45 55 -75 32 -21 94 -23 -93 37 -41 92 75 36 11 6 -75 -84 -56 81 -50 93 -92 54 28 46 -13 -82 -92 26 22 -99 25 -83 -77 6 -7 65 78 -5 0 52 -11 90 32 48 39 -47 69 24 42 14 -94 91 -6 80 25 52 -90 2 78 59 92 -80 -28 86 -32 -89 -18 90 65 -33 43 51 -12 -37 32 -54 -32 19 68 42 95 70 42 -29 -22 -71 -99 11 2 88 -87 20 27 -24 11 -2 88 42 -25 -92 40 -34 19 -79 -32 57 96 -69 -42 -40 91 -55 -91 -3 20 -38 -58 -22 -88 37 89 -100 -21
87 51 99 88 -86 -91 -9 -51 17 68 -38 -83 -99 53 -3 72 65 -51 86 -85 -46 -12 -76 -3 59 -56 10 -18 -91 78 14 91 25 27 -5 -28 59 5 82 42 -64 47 84 17 -86 -78 53 54 -67 91 -99 -85 -20 -92 -10 -79 45 -35 66 -46 -27 69 32 37 -31 19 37 66 -52 -24 5 42 29 -22 70 -42 -78 55 32 76 21 -52 -77 -53 -1 35 -25 -7 -25 -92 7 -18 43 5 8 11 -68 -5 -92 8 46 -52 11 -9 56 25 -23 -4 -7 -37 -80 73 -61 -69 -44 65 -41 84 -68 -91 -37 64 -58 -87 -5 -21 100 -30 67 -18 35 -2 75 98 -30 -91 -47 59 0 -7 5 -100 97 -72 0 92 -10 38 -7 -40 -72 68 93 65 13 -95 -61 23 -68 30 -92 2 -76 7 -84 -2 -85 -3 -61 54 -88 -67 71 -85 -28 -1 -41 -87 15 -64 -41 -98 54 59 -99 -85 38 10 -20 67 77 21 79 55 -51 -36 -25 -92 -99 -74 66 34 79 -64 75 -78 -91 56 67 95 78 -55 -84 -80 -22 -44 50 76 14 73 -66 -81 -30 92 52 -89 81 -47 -74 33 13 89 -85 -72 -23 -71 -48 -47 6 -46 -30 12 34 -88 -76 49 -6 -48 -7 5
57 25 -32 27 -54 -9 -26 -77 -8 61 59 -40 -62 -44 -46 -57 -86 8 -13 95 34 19 19 14 47 -100 -36 -18 60 29 35 80 -50 2 -15 37 5 58 -76 42 -53 94 53 -82 -27 47 -50 -69 94 74 5 48 -18 -84 -1 -53 -88 -46 93 82 0 -54 -36 -73 -68 8 65 -67 87 13 62 -85 -50 -97 11 -17 -64 -100 -97 -33 -79 -12 26 34 -74 52 -5 -44 -93 49 18 19 41 98 85 -40 60 -91 -58 -22 72 -81 59 83 59 -74 95 -89 51 -5 36 -73 -4 -49 5 23 56 -49 25 -49 -53 -90 47 -25 -87 -54 -72 5 -30 77 73 29 55 -26 -43 59 71 -19 2 -56 -44 22 -16 22 94 -45 66 71 27 45 -86 -79 -24 64 -60 -15 -36 -8 24 -41 89 52 -98 -69 -82 -62 -47 -50 -44 -49 -58 -1 -32 -68 -51 27 6 78 -47 65 18 -43 17 63 41 100 54 -76 -64 11 -73 92 82 -70 71 -38 -60 37 -72 49 -61 -85 2 8 -52 -65 -1 -56 25 -71 -85 -96 -95 -55 -26 -82 9 77 40 -35 -96 -56 39 -45 -40 39 62 60 66 -78 -82 -61 66 -2 -97 57 -6 78 -87 -4 -74 29 90 53 25 50 -24 48 54 -13
-23 27 59 -10 -23 -14 -61 0 34 21 91 -55 -45 26 -80 -97 67 11 -61 -39 39 25 -80 67 54 -76 -67 20 -53 74 31 -12 -1 1 -3 49 -55 26 -19 94 74 -71 41 83 -29 -18 -59 55 21 -6 -26 29 34 -75 -93 41 34 7 -81 21 48 80 31 94 -63 91 -76 9 -46 -62 85 8 16 57 -48 -53 83 -59 67 -100 -49 17 -91 -82 89 -98 -94 7 51 11 11 87 78 24 16 -96 -22 -6 18 -41 47 42 54 56 -44 88 76 94 -68 -36 -71 -17 -69 21 -39 17 -86 0 -70 -45 17 -77 11 -91 98 36 -25 -66 -94 -19 46 -83 -40 79 99 88 54 -28 -60 -42 33 -94 -52 -7 -55 75 -63 -63 7 72 50 63 1 25 89 -84 24 50 81 -72 -56 -68 -66 22 -41 -97 24 -4 47 -3 -3 -6 -27 95 -35 -95 -11 -10 -2 -41 -94 51 -86 -35 24 100 99 -38 10 86 5 -47 -73 -93 32 -4 -54 -4 -8 -2 42 95 -89 -24 -50 -94 93 -13 0 82 -78 -38 67 -89 -82 72 -36 -50 67 93 -5 -3 78 61 -60 -54 -43 14 -56 -76 92 21 -61 -56 -62 46 41 -91 14 96 -1 -25 -29 70 85 41 -83 45 -98 -52
-32 33 -8 -49 -66 49 12 -96 43 -58 59 60 59 -88 -98 -74 -18 35 -83 -93 26 -79 4 -31 -79 22 -98 -50 -98 93 -87 -67 6 55 -16 21 32 -64 54 -70 64 -10 47 95 54 84 86 -62 50 82 75 44 9 11 12 15 24 12 -41 -32 91 -45 -45 67 -93 -90 -72 -26 -67 9 100 -26 -7 78 -29 79 -83 -75 -77 26 2 67 -94 46 84 28 -33 28 -33 -8 90 -8 -79 -91 -98 43 39 21 -32 -4 42 87 -61 -70 -1 97 -18 -69 61 28 -35 -49 40 -86 52 -48 -9 85 88 -92 35 -44 17 -86 -88 -72 41 24 94 42 10 34 22 3 20 -19 -3 -2 -23 5 96 -39 -11 -25 26 85 -75 -50 59 -91 83 81 17 20 19 -74 -56 55 31 -85 36 68 -57 -99 62 -78 -73 -83 -31 84 84 44 90 27 62 -4 62 -19 20 73 4 -94 -41 28 -26 25 -78 -19 38 90 -90 -23 91 44 -13 0 -35 -49 -23 -69 -23 -10 -6 96 -90 -19 -27 -55 60 30 -64 -22 -38 -32 84 47 82 31 -17 -37 -28 -36 41 30 -9 92 40 36 -5 58 70 25 -56 71 -49 30 25 29 99 -7 -47 -47 -39 10 -5 -44 -61 83 -84 6
90 -41 -52 38 -61 -36 -15 -49 -29 56 28 -17 -56 13 -98 -14 -78 -11 -36 47 43 17 94 92 17 23 24 31 68 -29 -100 67 -36 -32 -65 23 -68 92 -55 24 37 -27 19 -27 22 2 -27 31 -11 -74 -33 -7 63 -60 62 100 -32 -43 -74 79 61 -24 -65 -3 -31 -12 -63 0 19 82 8 87 60 -15 -14 35 -35 -61 -95 -86 37 11 60 26 92 -12 -10 68 99 -24 39 1 -25 68 81 -32 -61 27 -73 -80 -11 29 -48 -2 81 54 27 49 8 -69 20 78 65 -12 -12 28 86 61 -79 87 75 67 18 -40 23 -38 49 -88 -12 -93 -34 43 -93 7 53 -17 25 -82 -16 -26 -97 40 40 10 60 17 -49 96 -88 -99 -91 -55 -68 -40 -7 -21 -44 -41 -98 17 -52 -58 -1 65 25 22 5 -45 59 -99 49 3 -12 7 69 85 32 -32 -27 63 -19 -12 79 -53 76 -95 97 -90 -10 -26 68 -41 -30 44 69 -47 -65 -32 43 -80 1 85 -50 83 25 21 -58 -1 -25 -41 -79 14 77 -23 63 -6 -77 -69 47 -24 19 -52 -22 -7 -9 -10 -34 -15 -97 62 -24 -38 72 70 27 39 -55 30 -13 -81 34 -70 50 43 -27 37 -59 -3 60 -68
-99 -90 -20 -62 -20 -55 -10 82 -72 93 3 35 -51 -99 -53 49 18 96 -78 47 -82 -7 9 100 70 -40 40 46 -40 29 -3 50 43 -64 63 -47 44 -49 4 -23 -32 23 57 -51 50 70 -83 25 14 -23 49 -36 -64 42 -57 -1 -45 -8 65 94 -39 -20 -25 64 -79 80 -30 11 67 -74 -63 4 7 -35 14 -2 -94 -32 -88 -47 -39 41 15 -5 -45 22 -52 -68 -94 11 58 -48 15 -35 10 -17 98 -25 -65 24 21 71 88 -80 3 -95 -85 -64 -20 0 -42 35 11 82 -35 -18 6 -58 43 91 -12 38 82 -69 25 -9 -88 40 47 -93 3 46 -9 11 -94 -22 33 77 -65 10 -7 50 -48 -57 68 16 25 98 -46 -8 -35 -5 -23 31 -13 -91 -93 -23 -62 -43 -30 13 91 -62 -50 71 -25 -90 -98 -92 -26 -27 69 87 33 -8 -95 14 -80 -59 -84 48 14 -46 28 -68 29 -50 90 -17 -7 -20 -10 85 -91 -6 86 -22 81 86 4 86 92 59 58 -23 -98 30 52 -24 5 -47 -35 48 -90 60 -69 -92 74 82 68 53 -39 38 87 22 65 6 87 79 54 -83 47 -39 -100 79 51 -23 -65 -78 -44 -57 14 95 40 70 55 14 -47 -46
-20 20 -6 33 -80 7 6 44 -44 56 61 -80 48 12 -56 -19 89 -25 -76 -48 -8 24 -42 -95 40 -61 44 -5 -4 -79 -27 2 17 19 -22 47 33 -11 96 -26 43 92 -24 60 31 79 -96 -21 89 -91 18 -17 -29 -75 30 -23 -18 22 28 -11 98 -70 -2 88 56 -80 89 -37 -62 -31 -19 -39 -28 35 -24 -15 -40 48 -68 -69 -82 8 -2 64 -85 70 77 -84 76 -46 57 61 99 57 -92 -15 11 59 -56 15 -61 -19 83 -96 -74 -31 99 26 95 -47 19 29 39 -33 -31 -36 -92 -27 24 79 23 -15 56 -91 -46 -5 -3 -73 63 -80 -64 65 23 65 16 13 88 33 100 -97 87 -63 42 77 -27 84 93 -13 -5 -5 25 -92 -1 67 70 40 -13 -76 69 67 45 43 -27 89 -50 -81 12 25 72 36 -98 -87 78 13 -35 28 -37 65 68 -46 95 79 30 -50 65 69 42 15 -37 39 23 -98 67 40 -72 53 17 92 -34 -33 -85 86 86 -96 -21 82 -80 71 -75 -76 27 51 -73 21 53 -7 1 -23 -93 -35 -97 26 -80 11 52 -19 50 -58 -18 -93 -72 32 -80 -84 -9 -15 -61 -25 -16 -70 66 -83 -86 -76 -2 13 48 -30 55 4
-18 79 -58 0 54 51 -70 97 78 -72 44 -61 -7 -28 87 -95 5 7 -62 61 -9 61 77 -97 70 83 29 -68 53 -100 -93 -26 -98 62 -5 38 -53 -24 -13 -13 95 16 16 -23 -6 -82 6 0 -49 -40 -65 82 -78 -26 -14 18 17 82 8 -68 0 24 2 -87 85 57 -32 -87 -43 -16 19 -44 77 10 -57 -41 99 67 72 31 32 -12 43 -2 -28 96 52 78 -30 -57 -19 -92 -14 -55 -76 -12 91 -88 -36 89 -17 -82 -82 -93 27 40 -93 14 56 48 -85 -32 -65 70 -41 9 16 88 -73 -81 75 -17 -77 100 -23 34 -28 37 92 -7 -95 -49 26 -28 16 -10 -30 82 -16 30 -100 48 -14 -48 -31 83 76 88 -7 -59 -18 -78 38 38 -91 -21 -95 -17 96 -98 -17 -66 -99 -18 100 42 -33 42 -65 -29 7 -18 -59 75 14 7 -41 67 -6 -85 84 60 -33 -80 -23 6 -63 18 13 -2 -57 85 -44 -77 39 -67 62 -60 -65 -71 68 98 51 -26 -58 -4 -26 -98 -5 -50 -32 9 -20 -42 46 89 4 17 14 -62 -15 18 -93 -50 -59 -79 77 -43 80 56 47 -14 80 64 36 78 57 9 -71 62 -8 -34 -7 17 89 -93 69 -54 99 33
60 -41 -53 -4 42 -86 89 27 70 10 46 -59 -27 -23 38 -61 44 -52 -37 11 -35 76 -59 -44 -16 59 72 30 44 52 15 8 -40 14 -55 -80 -48 -43 19 38 19 98 -66 98 -26 92 -100 -96 1 100 12 -28 9 97 64 6 24 -81 33 60 84 17 -26 -69 -35 -13 1 34 42 -59 16 -36 12 -23 59 43 -41 -64 25 -18 -16 86 -2 -96 90 -3 45 27 -77 91 59 9 -39 -75 13 -32 -25 -81 80 91 -34 97 -72 -4 -21 75 99 67 57 -84 -89 70 35 9 -50 -72 -50 21 35 -65 37 25 66 -76 -80 -15 -43 77 17 -11 -6 7 96 74 93 4 -3 -3 -56 -28 99 -97 -59 -57 -31 -79 95 -100 -15 57 85 39 -27 46 47 47 42 -88 70 -70 -19 -28 48 34 -31 -30 -52 79 -68 50 80 83 74 -63 94 62 -52 -49 -53 -94 -8 16 5 56 -87 15 18 -22 12 -73 -77 13 -25 -62 -74 -96 -40 38 -19 -99 37 -51 -52 -84 -42 87 100 21 -45 55 -8 -1 -85 49 -37 58 -21 -67 9 -89 -88 -95 49 48 -60 -85 -33 41 -77 -52 30 2 78 -95 -24 74 96 86 89 -3 46 94 -1 97 20 -40 -87 -89 99 11
6 55 62 50 -1 14 -79 -11 -28 13 -73 -85 75 85 95 -93 -89 -64 63 -30 -45 3 -100 -73 -4 43 -21 80 79 -47 58 81 -37 -31 77 -88 95 -91 -16 -14 25 3 -14 -31 -27 -34 -9 -58 -94 -50 -59 20 32 80 94 17 -32 -78 63 -77 6 -58 6 -49 -13 -69 -47 91 58 -22 4 94 -90 -25 -11 -14 5 70 41 37 -44 26 76 98 -37 -8 -71 59 2 4 90 -66 96 -69 99 47 -84 -48 78 -40 53 -45 -89 -63 -68 28 -17 88 99 39 86 0 -60 82 -63 42 -69 0 -24 89 49 56 -47 91 39 -6 98 16 52 90 15 58 -16 55 91 -55 -42 -74 -10 65 51 -23 71 81 41 65 88 -32 26 -83 -98 -53 -66 -87 -54 52 91 87 8 69 17 -38 99 -87 60 81 11 -86 -18 31 12 -5 -93 -2 4 -92 72 53 73 -93 -14 -38 -74 37 -38 73 69 58 -64 -97 48 20 -84 36 -67 -32 56 -70 -91 -59 43 71 -75 22 20 23 -89 -54 -78 24 48 -75 8 98 56 -76 -50 12 -39 51 40 29 75 75 -72 94 -16 -82 -49 -28 67 11 66 -74 81 32 73 -66 18 13 10 -8 -10 -36 -84 92 -52 -7 90 -61
6 69 44 -39 -3 -77 90 55 -44 -31 -73 49 1 -56 87 7 -22 -1 -89 -68 42 -29 -38 98 59 -97 -10 -23 13 -89 -35 -65 -27 75 -63 48 -12 68 94 -17 -16 -34 23 -49 -13 71 -81 63 -91 100 -13 -70 -87 26 13 9 -79 -64 38 19 16 85 58 -6 50 -36 87 -32 37 12 -64 -13 -81 -87 -17 54 -21 30 -74 -81 8 -77 2 -23 79 46 53 55 -43 56 -4 96 -90 27 73 -65 21 45 -63 -95 -41 -31 -54 81 -46 -32 6 14 -9 69 -92 56 -10 -51 0 -26 63 -39 98 -70 10 -74 -47 -78 13 -58 47 -94 94 -28 -96 -59 84 22 27 7 18 67 28 35 32 -43 23 36 -6 31 -3 32 -56 97 46 -76 9 -95 52 -70 -25 -79 25 71 -43 -19 51 -19 89 -33 66 -74 88 -82 -22 0 11 -54 86 -3 -97 82 -19 29 51 -6 64 -78 9 42 -10 68 -43 81 63 -39 -14 31 -2 53 -42 -95 -59 -77 37 89 45 78 -56 10 -72 -59 100 55 79 -45 77 -73 13 43 -54 -98 -1 56 -37 38 -29 23 -74 17 84 -4 77 95 49 68 87 95 42 -88 -75 60 -15 51 -25 85 44 -26 80 78 80 82 60 -56
-10 -96 48 -92 -44 87 -68 75 -86 -19 -80 -81 71 -63 -13 -47 -18 96 78 37 -99 -14 -18 -45 -5 -48 33 84 -68 -94 -44 -36 -73 -59 -83 -59 36 85 -72 -94 44 -23 32 -35 -85 -18 99 57 0 -85 -88 57 -97 51 -54 22 -25 -4 25 100 -43 -18 -37 69 71 -9 91 12 35 -88 -5 -85 70 46 -86 71 22 17 -79 66 53 65 53 69 -29 91 -96 8 -1 -77 47 -69 52 53 6 67 -12 -78 94 -4 64 -20 -81 -77 -64 -58 -32 -90 28 42 14 -40 11 -89 -20 80 58 -39 -72 39 40 74 -43 48 84 6 -42 -39 47 51 96 14 36 12 48 31 28 78 -91 23 76 -13 35 -78 40 81 100 3 18 56 -96 76 -19 49 15 -27 -85 42 -9 -36 89 -68 12 73 44 56 31 -15 -64 28 40 -99 -53 -69 -58 -11 31 -6 -88 -96 96 -19 33 33 -85 49 14 -82 86 84 59 -8 -62 -25 -76 35 -32 -95 41 -22 -10 39 -82 47 -9 1 -25 39 -71 37 -75 47 -29 -49 73 50 -53 26 -26 45 -44 71 -81 0 1 -25 57 1 41 -32 -96 70 -62 -35 66 46 -96 41 32 -57 55 68 45 -84 -67 -70 -18 -40 89 85
58 66 -84 14 -60 -92 -37 -8 81 26 -3 88 -24 -78 -3 -8 2 -23 -1 67 35 69 18 90 95 20 27 68 78 -88 -9 -16 -66 -69 -75 -71 -71 40 94 62 -52 91 -54 -81 61 26 50 -12 6 44 -30 71 68 18 -7 -35 63 67 25 -74 -62 -47 -38 -26 6 -27 59 -72 -59 -85 46 89 -11 14 76 100 -28 16 82 -21 58 -46 82 -51 -41 -28 -32 75 -19 91 -3 -15 5 -51 62 -96 43 -37 -84 27 93 32 14 36 83 -15 -67 48 36 -3 -62 48 96 65 42 -78 15 67 94 13 100 0 10 14 17 -87 40 77 -36 -76 40 31 55 87 -59 2 55 1 -14 -71 79 41 66 26 -16 -2 -39 5 52 -44 -83 -76 -55 55 -68 -55 -78 -24 -43 -63 -41 78 -63 53 -1 63 44 26 -35 78 -56 -15 -13 92 -34 20 45 -52 72 -10 -15 12 21 -42 -61 -79 72 -18 70 28 -90 42 -59 -59 -43 63 -6 -3 -43 -22 95 38 19 -16 84 -18 73 92 46 -83 -37 91 98 -60 44 79 79 94 24 -2 99 -52 69 24 -47 32 -92 80 6 80 -14 1 -80 33 -3 21 3 75 -20 -82 13 -89 30 -36 12 -51 -3 -40 -46 -35
66 71 82 81 60 -6 8 79 -56 48 -92 49 -43 57 -20 -72 -38 65 56 -83 -39 45 -33 73 -12 3 85 -55 81 90 -19 -6 -81 -38 81 -78 88 -19 -22 40 -70 28 -81 -99 29 59 -51 -69 42 10 -97 -15 -66 46 -10 93 -10 -82 -11 -74 63 -9 29 95 -29 14 67 -19 10 63 -30 38 -87 -91 67 -10 27 -91 -78 -57 19 14 -53 6 17 -4 45 -31 -12 100 65 9 85 -30 21 -21 41 84 -63 -16 46 12 20 36 -67 -26 78 -6 -97 -99 -21 -8 -94 34 82 -53 65 11 -81 89 72 48 -8 0 -2 -57 -14 69 37 58 -81 75 81 64 -21 41 -50 26 -76 14 -13 56 52 -9 -22 28 -83 -49 92 3 -5 -37 7 -47 66 -9 29 78 -85 -13 -4 -25 45 12 -43 50 100 -3 85 -40 -64 43 2 91 51 -60 77 -100 -84 -47 -31 51 -84 50 -60 -98 -96 1 -44 -92 -36 -88 91 -15 70 -57 -36 -66 -52 26 -36 82 1 -4 -82 21 -59 85 -56 5 23 44 -36 -74 -60 42 -84 -10 95 -64 55 -70 36 42 -60 -50 95 -18 -89 71 -39 94 98 84 -24 -1 -50 2 19 -51 12 49 -86 30 93 60 -94 -46 -58 -73
-83 30 -91 2 -53 73 -72 -81 -99 73 27 -20 100 -72 94 52 49 34 36 -64 97 70 47 -63 26 -5 8 -30 60 16 27 -78 -100 -27 1 -68 -65 -74 -18 19 -45 -63 30 38 -19 47 5 37 -61 -33 4 -54 51 -74 -1 97 -79 -92 43 86 93 40 88 -62 -100 -64 84 -12 98 -91 -20 -60 -79 82 84 3 50 -76 -51 80 -90 -68 30 91 98 -92 -30 78 -17 -37 -63 65 54 75 -42 -83 -71 30 -95 98 -7 6 79 -56 67 79 -38 99 11 -95 -92 55 -73 52 55 12 21 66 -13 -56 23 39 75 96 -40 -12 100 -71 34 78 100 -58 -82 -15 -4 -68 -73 -79 76 31 -24 -87 -34 87 -81 -98 92 -42 -23 -47 88 -41 38 52 -78 -18 55 -44 -86 72 73 -59 80 -72 -17 -66 13 8 10 75 60 64 15 -62 19 -67 -22 85 40 -15 1 -40 28 -61 86 -19 22 14 -11 29 17 -52 99 81 -37 92 -75 -23 -70 -40 -37 -34 -65 -86 -68 -91 33 -18 -20 -34 -6 -91 -41 -39 -79 -64 50 95 94 74 -61 12 26 -61 50 40 -30 -28 72 69 -94 -40 6 -37 -29 -63 -27 -51 -90 -78 -58 -55 58 71 49 22 3 -68 97 91
-9 -54 24 10 89 -43 -16 59 73 40 87 -10 -7 22 -67 -8 27 36 58 33 -65 -73 -74 -10 -87 25 -45 1 43 75 47 -40 -12 -55 67 60 -53 53 -95 -35 9 -14 -2 28 -61 70 -37 0 -76 -81 8 -78 16 50 -44 -86 24 -27 36 -62 -71 26 39 -90 -99 -40 -87 53 -14 -59 41 89 41 99 28 85 -40 96 92 -19 -99 -68 -50 -74 72 -5 70 29 -12 -28 -39 53 8 26 21 -13 99 5 47 75 12 53 8 -57 74 93 65 -39 5 -61 -77 -18 56 12 26 -45 69 5 -68 -99 79 97 78 -83 -43 12 92 94 -20 1 42 55 60 94 -38 -58 67 -8 -99 -34 31 86 60 -68 42 90 60 -84 58 16 -5 28 -71 22 23 -63 -45 -54 -42 -71 69 36 26 -91 72 -44 32 71 4 -57 -83 -9 12 -26 65 -32 -43 -51 -68 97 -57 -15 43 70 31 27 -56 -42 16 3 -37 80 -5 33 -10 -9 81 -32 -76 -89 -21 -53 44 -32 19 -86 21 92 19 59 82 -24 -53 9 -37 7 63 -57 10 14 -81 36 59 7 71 -76 48 79 -12 68 -62 -63 47 -64 4 -30 -25 27 -34 -90 37 68 84 -1 -94 97 49 -64 100 -75
-57 15 -6 -18 82 78 97 61 -98 40 -39 58 49 -8 -54 3 -55 -9 -60 23 7 76 -42 -68 78 3 70 -52 -37 63 -75 -24 -26 -18 19 31 80 36 13 -67 41 11 60 -7 -42 -51 94 -19 1 -40 -15 -5 95 -82 60 36 61 -93 -13 -30 -35 12 -60 25 -72 -81 -52 -56 94 -54 24 -56 -8 95 -19 15 96 -20 66 -47 -55 -74 -58 27 11 70 -92 62 80 -38 -77 -75 -3 -100 -76 -40 -22 99 37 28 47 -2 48 47 -87 27 1 82 -100 -20 95 -55 -46 -57 -16 -65 86 8 -74 18 11 -13 -69 -52 67 59 -54 0 18 -68 -73 -30 -34 63 -10 -52 56 -63 5 30 -99 58 -29 -61 55 21 4 38 99 59 -37 87 67 -63 -14 -36 82 53 -74 -52 5 -51 37 25 -95 66 88 34 -84 -45 55 -60 -12 62 -62 69 -9 -38 -15 23 56 -11 -58 -97 -15 -23 79 -94 -71 -90 -23 26 34 90 -22 -26 -27 -40 -24 57 8 -33 -7 -91 27 19 74 11 -79 -31 -37 5 39 -43 -5 35 85 47 39 19 81 48 35 -40 32 -81 -66 -20 82 -77 70 -65 -27 -95 62 -32 57 52 -1 4 -91 -72 22 18 79 -52 32 -27 -50 -82
14 -61 -68 74 -25 72 68 -60 81 -88 64 -51 -27 -90 -50 -13 1 -20 77 -14 -15 82 -69 65 -25 28 63 92 -10 30 -69 -9 -8 35 -79 -27 -74 -47 -3 44 -73 -89 91 67 -1 44 -1 40 -43 -74 63 98 -14 -58 77 9 -45 59 54 95 33 -51 72 18 -52 -23 -1 42 -98 96 3 -34 98 41 -98 55 -22 56 -76 34 0 2 12 -31 -87 100 12 27 -82 80 -43 28 19 -6 12 -8 72 95 100 -7 51 -22 -72 -49 54 23 -73 -87 76 -81 48 -51 35 19 -41 -82 75 76 18 -1 86 91 -38 51 -81 -68 -24 -63 -13 -45 27 -10 28 98 -67 7 67 -46 69 -9 42 41 -27 71 -69 4 -40 97 -84 -49 -63 93 57 91 61 -59 -89 68 68 -40 -68 -12 85 98 -72 83 95 77 52 50 -53 53 13 -37 -89 -72 43 -63 44 51 17 97 -10 -3 -88 -1 96 11 -13 0 -40 1 32 66 -88 4 95 81 6 -56 -68 100 77 10 -15 90 18 20 20 -16 45 -20 4 50 -14 -52 95 -53 -81 -47 -36 -9 72 99 55 9 25 -96 24 -72 -94 -70 39 -48 -19 -68 7 88 72 -15 -43 -82 41 -2 -21 -33 33 -89 -56 -5
-96 -42 -17 -54 -12 -64 -40 -85 99 37 83 36 44 -100 49 -48 78 54 -98 40 80 40 -58 29 97 -47 -52 18 -60 -96 -62 4 99 -27 92 -81 -24 19 8 97 73 -57 -19 80 -92 75 57 -26 83 -13 19 11 -83 -19 97 64 50 61 53 -8 95 91 14 -100 -12 -95 -10 -59 55 -49 76 -12 -63 40 -40 -93 86 -86 80 16 45 11 57 86 -8 74 -50 39 72 -93 -46 81 59 -63 71 -91 -24 -47 49 -3 96 -79 -86 -69 -75 -5 -62 36 -51 14 -33 -8 43 -47 57 66 2 13 27 17 -23 -76 87 22 -63 100 -16 -55 93 63 -84 52 -100 -44 -100 -89 55 36 -35 87 45 -17 4 -13 -56 -9 -84 99 -11 33 -6 49 -37 -28 27 36 -71 43 -56 -12 46 -80 -97 -9 23 -92 45 -54 -3 -28 1 -90 48 -10 -36 -7 67 8 40 21 95 82 -46 -22 25 -72 -20 78 -92 82 -88 27 49 -13 11 83 59 -25 -61 42 73 22 59 -23 29 -47 -22 28 -60 56 -22 -25 -49 -18 88 -79 4 -59 -16 -94 -83 61 22 7 92 56 84 45 -38 -13 -31 -83 -4 -6 -44 62 61 -27 -44 -76 -61 93 41 -38 19 67 41 -6 35 32
-98 17 -16 -47 -89 -23 -48 -93 -44 79 -17 53 -77 -13 -32 52 -93 -93 -3 -35 23 -26 54 5 40 -77 -53 56 27 46 72 -19 34 75 -93 54 -100 7 37 -29 52 -72 91 -55 -7 -24 -22 -84 -5 2 84 58 92 -22 49 -81 -57 -12 1 -56 -93 32 -79 -26 -38 63 -63 -20 -48 93 48 -84 -51 -61 -14 11 39 -80 -6 -7 52 72 -48 58 -98 -70 1 1 -35 -10 -99 -41 -47 -37 13 36 76 66 44 -12 14 -90 -69 49 -100 -48 -42 -92 -78 -87 16 -54 -52 54 -20 -26 32 28 -52 88 -97 96 -4 -62 69 39 -59 60 100 -73 48 54 2 12 -52 -38 18 32 80 -86 -82 -23 92 -74 15 -83 7 8 63 -82 -89 51 23 -92 71 21 -91 -79 -7 -87 21 25 -72 -34 -19 -3 -6 -9 58 -88 -62 -100 -18 52 -11 73 -20 40 46 -61 -25 -33 67 20 51 -11 -65 -77 44 96 13 -73 13 -22 -2 -50 95 -89 95 18 12 91 -15 -66 45 47 83 51 2 45 -57 -4 -83 -85 -27 -58 78 -72 -36 54 97 -52 7 -56 -87 18 98 -64 -35 -22 87 75 57 -86 15 -77 93 -48 81 52 -44 -55 99 0 22 62 100 94 29 -24
2 -87 -66 -7 52 34 -42 -35 -66 -7 -23 -95 -17 86 93 -12 -78 -81 10 -15 -83 -42 -10 24 46 -74 -95 -47 -13 26 -7 -88 30 1 65 89 -18 -80 -4 35 54 -87 5 19 -84 -30 43 -68 14 -81 54 -25 40 -3 19 -20 -29 -84 66 40 47 12 -6 -90 63 63 -99 -1 19 86 63 -12 -1 47 -71 -25 98 -25 -13 -60 62 -39 99 -75 -32 6 68 -2 8 -10 -20 3 54 86 87 -80 -24 28 -77 66 -79 -76 55 18 -53 -7 65 91 60 61 5 57 -3 68 88 100 -63 -74 -37 -18 100 20 -2 34 92 -79 -34 -58 62 -84 73 -62 87 70 -48 77 28 40 73 -34 -96 -47 -37 88 87 -79 61 -94 61 25 -57 -29 -61 85 -93 58 -52 86 -57 -98 20 70 -63 27 62 65 -66 85 45 58 40 26 64 -42 -78 8 87 15 -41 63 78 83 -2 -64 -20 -55 -22 -61 70 -58 48 -36 27 96 -6 51 -90 -65 -52 62 9 98 44 27 -34 -56 55 21 -25 34 23 1 -18 -33 8 0 -58 -100 -72 -49 -57 -75 88 54 -64 -85 -80 81 -78 -90 -69 61 -64 -66 -43 19 57 -37 30 65 81 72 -80 -12 -74 84 16 26 20 22
44 -84 -41 7 26 11 -78 -41 14 -52 21 -63 -16 73 7 93 -1 11 -1 48 11 79 86 -40 -25 -53 45 -1 -44 -52 -64 -89 76 52 23 52 -40 -82 -64 -64 28 50 78 -60 46 -63 85 -35 9 -1 22 26 71 68 64 0 69 -56 -96 28 54 27 100 68 -73 -26 -35 33 34 -95 -66 39 72 -36 97 23 20 -50 -11 -50 8 2 61 66 74 -74 79 -60 -28 0 22 55 100 87 93 -26 66 96 -2 -84 63 -21 31 -56 67 95 -22 -16 77 54 -99 30 48 90 -41 -65 -78 89 -49 -32 -38 84 -36 60 22 44 76 -86 12 -72 -76 -58 -75 -22 -19 38 -25 -25 18 5 45 26 79 -28 41 92 53 -98 52 -97 92 -47 11 66 -13 -53 91 47 -96 -38 -17 -24 -32 -86 58 58 -29 -27 -97 -99 -71 62 14 21 36 94 -57 44 -55 -86 -38 40 85 -22 -93 47 78 -64 15 -64 5 -43 -53 -32 21 -65 -87 -7 -87 -75 41 -7 38 81 29 -42 7 -48 -8 -100 69 -54 -13 -10 78 93 3 -70 66 57 6 -7 -12 100 23 70 -33 82 -80 76 92 -75 37 -58 98 7 38 -75 94 -90 -90 80 -1 4 -51 2 100 -8 61 88
19 -71 23 -16 10 -48 -42 -9 9 -29 -4 -71 75 67 49 84 -9 90 -47 34 -62 -48 -97 11 -71 -32 -53 0 34 1 -31 -3 -99 -22 91 2 36 -29 -89 35 -52 -24 -72 12 51 -81 -14 -79 -40 -5 -42 -15 -92 -45 29 -21 11 -67 -73 29 -26 62 -76 72 26 -86 59 -33 10 28 -53 11 -85 -96 -88 -7 -11 6 69 24 -76 -48 98 -90 -35 -100 4 63 18 57 55 -32 -8 9 -15 92 64 64 26 58 22 -34 -10 26 -11 -66 15 -24 -97 -94 -99 55 -84 56 97 63 80 78 -93 -25 59 28 -70 -3 -61 25 -37 -40 -19 16 24 91 28 -49 -41 -78 99 -95 -70 -39 -30 78 75 8 77 78 -21 -77 -86 -70 50 -13 21 69 58 -2 -37 -31 -41 -72 44 -8 17 73 -31 43 -33 80 43 97 -22 -11 -38 96 62 80 91 -5 -76 -70 63 -76 -55 -92 40 23 14 -74 88 -95 82 69 76 -44 -44 -82 -84 -99 -50 96 -83 -87 59 15 14 -62 -5 -84 -7 -93 5 -77 61 63 -51 86 60 84 -49 -29 -72 -84 13 20 -100 78 19 -80 63 34 -91 40 -37 43 37 76 -46 94 29 17 54 46 -46 34 -13 -7 -99 -17 73 28
38 -46 33 90 -91 -58 -32 -98 11 70 95 -49 47 -49 -4 -69 21 -10 -14 61 0 31 38 37 -96 43 -85 -73 -4 32 -59 -19 -65 -91 79 67 58 -43 -31 -99 1 -78 61 11 -10 49 -36 -15 40 -8 -72 0 62 81 14 39 -57 79 -29 -43 78 -100 22 44 5 95 -46 -40 -92 86 -15 -31 33 33 -24 -2 -22 -11 19 -85 -86 72 -77 69 -15 -59 22 39 -100 -82 79 37 60 -64 50 -18 82 44 -8 -52 23 80 -44 74 -73 26 47 74 -69 -100 1 -53 -1 -74 47 -59 19 -11 -79 57 -37 31 -16 12 -39 -24 -48 91 74 -74 51 -22 -25 89 -16 -42 -75 17 -34 -46 -55 -50 14 -31 -33 75 -18 -91 91 -84 24 -1 -56 87 21 68 62 -40 -97 -15 82 81 92 70 -40 44 61 63 58 -67 94 -68 -8 25 -95 -74 -48 -23 96 -47 -21 -31 95 11 -60 68 63 8 -33 31 60 62 69 14 53 -76 -82 84 -92 58 -86 -77 19 86 -6 -96 -33 -42 80 14 -17 47 -91 47 -62 -69 94 23 -39 -52 58 -62 -51 19 11 -67 -75 81 15 96 -71 80 28 37 56 21 -99 -82 87 -44 8 78 20 14 -6 -29 -84 -5 30 37
19 94 -57 5 -82 -29 98 1 58 82 82 -44 79 84 74 -19 32 -40 -71 -97 -47 -79 -53 -62 35 -20 -52 36 97 42 71 35 -46 26 -82 90 5 -32 -19 9 -53 -30 9 -74 79 54 95 78 61 39 -84 68 -13 28 -36 -55 33 8 -84 61 -99 50 100 55 -36 -52 -28 63 43 72 44 89 98 81 23 80 72 -75 68 -3 -9 26 69 -75 -10 30 -6 66 97 6 77 52 -41 8 28 -4 -80 27 7 -86 3 -53 24 68 55 6 3 -71 33 64 72 98 -50 81 93 -94 -7 85 -36 99 83 -9 -91 -53 74 91 19 75 8 79 62 -43 34 -18 -43 78 17 18 -42 30 59 61 61 97 -87 -67 -69 15 -22 90 74 46 58 93 82 -58 -12 43 -71 -91 54 92 81 14 99 88 -61 44 -12 64 47 -4 34 -32 28 -56 32 -81 48 -32 -3 3 5 -35 7 0 74 -52 -73 -9 -10 -26 -2 53 -15 -22 22 -46 -28 -52 60 25 64 -55 59 4 -91 32 -22 -57 92 15 -68 21 96 34 -60 -47 84 60 58 57 -81 -54 96 -29 -32 10 -39 68 49 7 60 -12 74 -9 -100 16 20 98 -94 73 85 -1 -1 22 -86 -61 -33 -28
-100 82 67 -85 -75 0 -52 -100 -18 34 -18 -4 7 -21 -4 12 0 -74 -25 -14 -97 -77 -96 -67 45 100 -4 45 -21 24 -67 -44 53 -72 44 -28 78 -42 72 -63 -89 -63 -82 -59 -50 89 -52 79 -52 -77 -24 -11 -26 18 48 40 14 -18 -20 0 45 -82 -22 -31 -38 -13 98 8 6 32 -84 -94 -53 -90 -91 37 -89 5 -77 -91 68 11 79 19 -16 -51 83 -7 10 47 35 -8 69 74 -81 -33 57 36 -90 -6 19 66 40 -61 74 -58 29 39 69 -53 66 11 -13 -74 -6 -31 -91 22 53 65 -81 51 93 23 -69 -93 -10 -91 3 96 77 -79 -89 -39 80 74 64 44 -45 88 -25 -31 -70 50 -88 53 -56 96 -36 20 95 93 93 70 52 -55 14 -44 80 -19 10 72 -89 -71 -36 -59 62 98 7 77 -17 -52 -62 53 -53 45 82 -37 33 8 19 -15 -71 17 -67 -48 76 53 31 40 -75 54 58 44 37 62 85 -97 38 96 71 -25 70 27 -19 -4 60 53 9 -35 53 45 52 -39 38 -66 -82 13 -30 -58 87 18 -47 -91 -5 -20 90 69 65 61 23 -66 31 -11 24 27 56 27 -3 77 -29 -17 80 88 -21 -18 -50 63 -77 22
-7 -87 -41 -55 -67 -15 -13 -49 -88 -38 34 83 45 45 -42 -23 33 73 26 19 -53 25 95 -21 49 -65 -13 65 -40 -97 -53 -88 -38 31 18 24 -60 45 26 -50 74 65 57 -20 -50 73 71 75 -45 -84 -27 -46 -83 -79 -55 -61 -23 19 -24 -41 54 -28 87 -59 100 -25 -77 17 31 32 -49 -59 -34 -95 -83 54 -72 -3 -6 43 -60 -76 -68 91 -3 78 -88 -33 -27 58 -6 -16 -16 73 41 39 29 -87 8 35 -31 -100 -83 -76 -70 -79 23 -78 -81 -4 -66 11 -68 45 -74 50 -15 24 -3 42 -76 63 30 -51 -30 -97 41 -23 -42 50 -89 -38 -9 29 -9 54 -41 57 91 9 -62 94 -29 -9 -41 57 12 -47 51 75 65 40 26 34 -73 46 -51 50 38 -27 75 95 -55 84 95 -93 -99 92 42 14 95 -91 -62 -12 -59 -35 96 -75 -85 -56 -66 -58 46 90 -50 -25 80 39 -38 -41 24 87 3 34 8 -38 72 87 98 -98 96 47 -11 21 -80 43 0 -23 -1 -4 92 -91 76 40 22 -58 2 -81 -59 -76 -26 -22 -20 -69 55 -56 -95 -66 18 -85 -3 55 -22 91 -27 -47 -18 66 60 -5 1 80 49 -78 -92 43 30 -96 -33 -50
-25 -49 38 -28 -70 -81 -64 68 76 63 -86 -84 -18 80 -7 -60 -44 -20 -66 53 70 -24 89 -56 32 -7 -66 37 43 -82 55 38 99 -10 9 53 -45 90 82 -38 53 -32 70 36 13 -59 16 77 75 51 -95 -84 74 35 -4 -57 -86 -36 -3 46 -47 -60 -41 -24 -36 -17 69 -1 -39 38 56 -100 75 -74 98 -5 -19 -71 -90 -8 -59 83 25 -40 11 83 -25 59 -46 -25 30 7 98 19 -88 -40 3 -25 51 -48 -95 -7 65 89 -35 -60 25 -23 22 95 59 -96 -10 37 -31 -72 -55 21 -38 -14 95 -74 75 -85 6 82 -78 -61 -3 -5 30 46 -76 -13 88 67 -89 -6 -27 -100 -59 -44 36 -9 28 12 -97 -18 52 -100 8 28 45 -73 45 43 75 91 46 -52 -24 -27 73 22 -18 -25 83 -82 -66 78 54 73 -83 -49 -18 -11 -83 -7 -17 35 -47 89 -65 15 -92 53 -93 39 32 -97 1 -34 -51 -47 86 43 -7 61 -76 89 -31 10 -91 63 -81 20 99 -27 -80 67 -48 -86 -92 -4 -84 -96 -54 -12 -20 9 -24 76 91 75 -69 77 51 33 43 -69 29 1 -49 -69 -95 15 11 47 75 93 -8 76 58 20 6 26 87 -49 96 82
-52 -93 1 -88 40 -92 10 -75 -96 33 70 53 46 -78 93 -39 -17 98 8 1 -26 -85 28 -82 95 -79 89 -55 48 -47 -97 34 -48 94 23 -85 -96 -8 -71 -85 -59 -93 -71 -98 33 -19 9 55 -83 70 0 -44 -7 17 -99 4 10 74 -15 -91 -64 63 67 64 52 -71 74 88 60 -53 -79 -7 -68 -61 -87 -23 -7 18 18 49 -99 -76 -46 -26 -79 15 58 28 -54 13 -59 -78 26 69 19 -50 68 57 90 -38 91 77 44 77 97 34 54 88 -39 -81 -34 -98 35 71 91 -56 44 -85 32 -54 -82 -4 -10 -79 35 -19 -43 -26 -95 -21 53 -95 70 -49 10 -19 24 -65 8 -91 8 -16 -49 42 -85 44 -59 54 24 -61 73 -14 -94 16 8 52 93 49 60 -89 57 -11 50 90 -39 75 -53 18 -24 49 -40 46 -24 -61 -12 -1 59 -44 -35 35 -78 43 -10 -25 26 -100 -77 -90 31 10 -94 -32 -89 -2 74 -78 -100 -84 57 -87 -58 -45 89 -76 -78 11 -90 -95 87 -80 95 -64 99 4 -5 80 94 -6 -7 -82 84 53 54 -77 -94 -61 -60 88 95 -76 66 27 14 43 -94 -52 -78 -67 32 -98 -14 49 81 79 28 58 -21 89 -83 76
42 -52 -4 -57 -80 42 -5 8 -32 23 66 -8 -85 -88 0 -54 -88 -42 -34 37 59 -77 -13 68 85 -64 98 38 24 -79 -7 -72 -49 -62 80 -60 -34 -64 -58 -17 79 -88 2 14 15 -3 11 11 -71 -55 75 36 -58 -23 -65 44 92 -16 -78 54 -14 -99 31 -45 69 -55 -42 3 -69 -77 -60 -78 -65 -53 1 78 11 -7 -94 -68 11 -77 -96 -89 -9 19 84 34 -61 -25 -72 -71 -4 -47 21 17 -89 -93 50 30 -91 60 -44 92 24 -71 -18 -74 -3 26 -45 -38 -91 89 69 78 58 8 78 -14 -57 41 -38 -2 -50 8 3 28 99 60 1 67 28 1 85 94 99 -32 63 60 55 84 43 -3 61 67 84 -18 38 90 -7 -48 -37 85 48 47 -66 2 88 -95 -42 35 3 88 -80 -16 81 66 60 40 -75 -83 -52 37 -90 19 -19 85 -8 -2 -7 20 41 -57 52 91 88 21 -73 87 -19 75 -72 -20 27 -1 -7 -37 -5 -60 -5 29 78 -36 33 -46 -33 -68 -15 -97 98 4 -52 48 -41 -10 -91 -15 5 71 44 -78 -82 20 4 -52 -17 13 -42 -4 30 81 -78 26 28 -35 -15 68 72 -78 -61 71 -71 29 21 -59 -40 -20 55 14
96 46 -83 57 -38 78 -4 -13 -11 84 -77 -76 -5 79 25 16 -70 -57 65 -9 75 47 -98 68 5 -47 -39 25 -25 72 60 -24 58 -52 55 -57 -25 33 93 -39 -18 -70 -24 41 -58 20 -4 -50 25 -75 -53 -32 26 -17 -54 91 -84 95 -31 -25 20 -62 74 -17 36 -58 93 -9 -64 89 33 -96 -43 -6 -4 53 -29 75 34 60 96 -96 -86 -65 22 43 97 97 -78 8 23 -78 83 -37 -64 -21 78 8 27 -62 -97 87 -28 51 86 -77 -6 -18 37 -16 -81 48 -48 -77 70 95 -27 23 16 -42 45 76 -58 79 -90 41 -58 -93 -42 -36 -39 -34 49 -33 71 -74 38 -73 -72 60 8 -34 0 -90 -58 61 17 39 -21 96 -88 -80 -34 89 -85 58 4 -22 -82 26 97 -32 -9 65 -80 25 -42 -69 23 -85 12 68 -23 66 35 73 -14 -35 99 41 -32 -11 -22 -70 -17 -89 -27 93 28 5 -37 6 42 -37 -94 -71 42 23 -66 -50 14 70 -90 -6 33 43 5 22 10 35 36 73 35 -67 64 69 -53 45 -78 -2 -100 -50 64 92 -78 -23 -35 -85 33 -31 -55 -74 25 51 32 -67 6 -61 78 42 63 64 46 77 -66 -52 -74 22 -15 -5
-44 34 -18 -10 21 -52 -60 9 94 -69 -2 16 30 87 -52 84 59 -93 40 -93 -59 43 -17 -38 2 17 87 81 -44 -96 79 -55 42 65 -85 37 41 47 23 44 17 -52 90 -4 39 -8 -86 -91 23 -52 -28 -68 -17 -35 -53 31 -27 20 44 -48 -25 -96 -100 7 -85 86 -78 -66 62 -45 67 -45 -81 -11 50 -41 -59 -89 79 82 54 22 22 8 86 -20 87 16 -26 -87 54 -2 24 -53 27 51 8 -56 -31 -33 12 87 -34 -30 -36 40 -17 -63 -2 -31 -69 77 -2 22 -15 -98 -52 -85 34 -76 1 90 -52 -23 -77 -40 13 -19 80 14 49 -58 3 -40 -60 -41 -41 -32 -15 -58 -22 -70 94 24 40 58 47 29 20 -79 -50 33 26 -58 73 5 9 37 -53 -84 97 81 43 50 73 -69 58 -48 -93 61 -45 96 88 54 -56 -7 38 37 40 -75 71 9 -29 -68 -94 60 -15 -56 -82 57 48 -14 86 6 -7 -84 48 -67 68 -19 63 -31 87 -49 -9 -2 -15 -48 70 -39 62 -33 10 -75 1 59 76 -42 -88 37 -58 52 53 81 -62 -36 82 38 39 37 -18 23 -83 -80 59 -3 29 -52 78 -11 7 66 -24 -52 20 -28 51 74 -86 14
-79 9 35 91 -91 13 21 28 -35 -34 -97 -21 47 -72 27 -29 -69 64 -94 -35 -6 -33 24 48 -6 90 93 -38 -86 7 20 92 66 86 2 5 31 65 17 -57 -95 -80 -71 -84 -86 50 68 0 -97 -19 -70 77 97 71 -71 56 29 87 -29 -29 -92 -13 -37 -43 38 56 -31 11 -22 83 55 -62 46 -43 -56 37 -26 -11 80 -9 -10 13 93 1 -86 -37 47 -32 11 73 96 -99 -56 -54 -21 42 97 42 37 -98 6 63 1 -10 -17 31 -39 -26 -24 50 47 12 57 -59 -40 -17 36 -69 -29 -88 -40 -58 35 85 3 35 -10 -10 -87 -66 78 -73 -8 -92 57 49 -17 -82 75 -17 -50 -55 -84 69 30 -34 19 77 -50 -99 41 82 16 47 74 93 -65 25 -45 33 -55 69 -37 -54 -29 -85 -1 -19 49 -89 52 85 -1 -68 -4 -72 31 88 -83 46 76 -2 -16 1 -54 -49 -66 70 6 81 -30 -45 -38 92 -46 -4 -70 -11 -42 -63 -78 -25 -50 79 -50 -34 -38 82 66 55 -5 6 -10 -67 5 -41 70 68 -10 48 -21 23 95 79 82 18 -31 -14 -72 66 -4 -76 -22 -91 37 -98 -64 36 -12 88 -98 43 -67 -36 -12 -82 -69 58 61 -38
66 -73 20 -59 87 83 -42 69 85 64 -47 -36 40 38 78 25 -100 -100 44 33 -35 -44 87 90 0 77 -91 48 42 -86 -25 19 -83 71 88 83 -81 2 78 40 -44 -36 -86 97 7 99 26 -18 75 74 41 28 -9 -24 73 -71 60 -43 -8 -81 34 49 -19 -7 -60 -57 59 94 -10 -16 4 31 -52 -17 64 -51 92 82 -78 -73 -49 16 65 -14 -49 91 -24 26 -88 -95 -70 20 -14 -78 49 61 -56 62 -96 52 -83 42 52 -77 88 -85 -46 -72 71 -3 34 39 21 -62 44 -87 50 4 -25 -11 63 -65 -42 85 36 -24 18 4 -2 -3 -95 72 23 -74 -71 -78 -37 -50 -7 0 -53 78 -1 0 -95 -20 10 95 -56 -35 -68 -31 21 77 73 11 -7 28 -82 -77 -79 -23 -21 1 67 -99 47 -65 34 -21 1 33 44 -46 24 35 -7 81 -15 40 39 48 77 8 -72 -2 39 14 3 -97 87 -56 0 -66 90 -70 4 -71 38 17 -69 74 -25 -10 89 -58 -79 57 59 62 51 -56 -12 93 2 -90 70 -93 53 32 -86 56 41 -88 -42 -14 -88 46 -91 37 1 -74 83 89 -6 36 -87 -87 7 -75 0 27 -66 -24 33 18 -94 18 8 -3
92 35 2 55 -19 48 -33 -59 98 -22 86 -55 -24 -44 -4 -59 -31 -46 92 -26 -3 0 -91 16 59 82 47 -69 -44 -42 43 37 46 -31 -11 75 32 67 47 29 46 -80 84 54 -62 -19 52 5 -4 -45 -94 60 -81 29 -54 86 -30 -96 -56 90 63 83 -22 77 -53 63 45 15 93 -75 -76 -22 34 -52 -99 -59 -1 -99 -23 -31 75 -49 -23 -41 65 -43 -3 97 -10 -18 -3 37 -48 35 1 -33 89 14 28 89 -15 -20 21 28 62 20 -64 -99 80 59 -28 96 49 13 -80 30 65 7 8 -34 -8 -40 -64 1 -58 3 25 -95 -72 -73 -78 13 -2 -10 63 -6 14 85 -36 -4 43 -82 -84 42 30 34 -46 71 96 -99 -65 86 -15 -22 8 -25 43 -97 -33 82 5 11 39 34 43 -35 -29 -8 86 -59 -58 -79 -76 -66 91 -99 -91 -87 -73 39 4 -43 -56 -61 64 36 -10 95 14 87 16 84 -1 -23 36 -7 -2 28 -6 11 -92 74 53 13 -75 50 81 -16 30 -19 -10 -100 30 11 -59 59 -37 -17 97 83 66 89 -14 -61 -47 -8 -53 -48 -27 70 -30 -53 -91 8 -77 23 30 81 40 -49 -63 -95 5 70 21 44 27 62 4 68
-3 -70 -23 72 43 -82 -84 -81 24 57 -13 -13 -51 -14 100 22 95 80 31 11 25 -1 -69 -38 96 61 87 46 -19 40 -86 36 -92 -4 -60 68 -74 45 -47 53 -53 -28 89 50 32 77 -89 89 94 62 -46 -57 -46 -1 96 -47 -51 57 -13 -51 45 71 30 -59 -57 88 -80 -57 -22 38 -97 94 -80 59 -30 51 -8 96 -96 22 32 -38 78 79 48 -75 -77 -66 -96 30 89 61 90 -7 61 -67 -48 -77 79 55 -37 -21 16 92 -88 39 88 92 18 81 -41 -83 -18 50 88 -56 37 95 -60 48 -65 88 -20 -11 54 -40 -47 -78 46 1 56 -71 -31 27 -66 -43 -67 -30 -40 -37 49 -50 -18 -16 -19 35 54 34 33 51 24 51 75 34 -40 -49 45 -77 -41 -97 69 6 22 38 98 31 -96 94 -70 -54 -5 -4 -96 -44 76 20 56 95 95 -67 -78 -86 -6 100 -49 -70 26 -80 29 0 54 63 -8 -78 37 45 52 0 30 -89 52 -35 -19 21 -47 -35 54 97 -58 -71 -30 -17 -64 -53 65 43 -78 44 25 -54 -52 -28 58 -25 -7 -23 -43 8 -19 -91 -30 -6 12 12 -29 85 11 96 -51 -72 2 -26 -11 5 49 -23 -26 -27 46 38
-66 -82 55 -20 -21 30 -40 -16 14 -65 24 87 31 24 5 -20 73 86 35 -89 70 -7 82 4 -56 -9 -55 24 42 70 30 95 73 89 89 -38 86 -64 -74 86 93 -14 27 -15 88 -84 31 46 96 -60 75 40 -22 35 -32 -12 -93 5 -3 31 -29 -56 -45 -24 77 -19 84 -14 68 -49 4 98 -54 69 -11 60 29 85 -6 -51 50 61 -15 -6 -35 28 68 4 -57 -49 4 13 93 -91 9 29 23 76 -64 -17 -62 47 -4 26 -33 -69 -99 85 -23 39 -16 -24 74 63 -82 -1 -56 -28 -19 41 -35 62 20 52 -93 36 5 35 37 -89 -25 -20 23 -32 -26 27 50 -99 12 -75 -90 -56 43 51 84 38 -54 94 60 97 33 85 20 -8 6 -91 20 22 21 -48 -12 73 -97 -78 20 -70 -58 -47 -76 92 27 34 37 -20 -63 14 -62 14 -19 71 36 67 -69 -42 -68 57 -56 79 73 -4 -56 77 64 26 39 -81 25 56 48 -94 26 -95 56 -49 61 42 49 44 69 -4 85 68 60 100 -55 -78 24 -52 -12 -42 -85 72 -45 10 77 65 19 49 -26 94 34 -62 -3 70 90 -87 -11 -8 70 93 -19 -8 -87 22 -4 -22 -42 22 78 -70
-42 -84 89 20 -9 -45 6 79 15 -42 -70 62 28 93 -7 87 18 10 -56 73 -86 64 -95 -36 -23 -66 -90 58 -36 -18 -53 -37 18 -87 -76 19 7 1 93 -98 71 -85 -8 -40 56 83 10 -54 79 85 -96 -1 -97 39 -51 55 -79 64 14 59 41 45 56 -38 32 -44 15 -33 5 -16 -21 -34 -51 -67 37 17 -37 98 -83 -31 48 62 -2 2 -38 38 -61 -36 74 -59 10 61 -82 -24 -65 -69 -77 -5 -34 66 -72 50 93 41 6 -74 36 66 -78 -95 88 47 76 26 -35 4 -64 55 -82 28 -65 -70 -25 27 58 93 -61 84 5 -27 28 -60 34 57 -30 48 50 6 -100 -52 48 15 -48 1 14 -42 40 -82 -33 -67 -79 51 88 18 45 -55 -97 9 18 60 83 39 -32 -3 -73 85 -14 38 91 -35 -42 6 3 84 82 22 10 56 65 -97 -74 86 -45 -56 16 -72 60 11 87 -51 82 3 65 -59 15 46 94 -55 96 57 39 -87 20 -29 46 10 75 1 40 50 -81 40 87 -9 84 -41 41 14 23 21 71 1 -41 30 13 -20 -81 11 38 -48 -57 80 -78 -98 0 49 -12 31 -95 17 -100 15 -93 -23 -33 -91 -98 -29 0 -25
58 51 -20 -15 55 -54 89 -63 36 48 46 -40 -40 95 -98 60 97 50 66 -75 70 12 79 -40 78 -93 -50 3 36 90 36 22 -52 -90 -87 13 -45 100 -5 -10 66 65 -98 68 -1 24 45 98 62 -31 15 24 -62 -59 -22 -94 87 -54 -77 -67 11 75 1 -57 98 -50 -82 11 54 -84 -3 -35 -23 -26 -59 -31 31 78 -56 62 54 92 76 -75 -74 -74 90 -94 34 37 51 23 -75 -55 98 36 -56 58 -5 4 6 -16 32 -29 -60 57 -42 -88 97 -19 63 -13 -98 -96 -87 74 -33 21 98 90 -80 -38 31 32 10 -35 53 37 -24 13 63 0 -33 -11 -55 77 -39 -99 6 -57 25 -39 -15 90 61 44 20 -59 65 -93 -49 24 38 70 43 24 24 98 74 -17 44 29 54 -56 -64 54 -95 -29 -30 71 36 -53 -15 -10 53 -65 93 60 -57 7 -57 -22 81 49 -18 41 45 -40 93 14 71 63 -47 -22 -37 34 -95 33 -22 -86 91 17 -36 87 39 -58 89 -17 71 69 78 69 1 31 -34 45 70 54 -54 -26 40 -46 -100 84 62 20 63 62 -9 79 -47 -15 13 -94 -18 44 -30 2 -55 4 71 -32 -81 -75 -48 9 20 11 41 -16
-83 -76 25 -15 36 -58 64 57 -7 36 65 93 -51 -85 -88 90 69 74 65 -69 -82 -77 60 60 20 -89 26 19 -90 70 19 28 28 -92 -48 29 34 -36 -26 -100 -56 50 34 -49 16 36 -60 82 11 80 -2 -37 -55 10 -75 -73 -91 12 -68 64 -69 7 41 -68 75 80 99 81 -92 86 -96 -36 -15 56 -26 26 33 -97 -5 -92 32 -71 82 -42 7 -61 -37 -64 -54 5 -80 47 -29 12 -6 -32 22 -34 99 24 -67 -57 78 -51 94 -17 92 -29 57 -35 -6 -7 66 84 94 42 -98 15 6 -29 -66 79 -57 -24 98 31 -13 9 13 -31 26 -74 47 -60 68 32 72 -48 89 -5 -94 32 54 -66 18 92 -65 -16 84 87 20 60 -99 16 50 40 51 13 75 -29 -52 87 -52 66 -98 -48 39 -85 -54 59 -50 24 -69 -38 -30 79 -68 -6 -80 98 -54 -65 -21 43 20 49 61 43 84 17 -85 -62 -83 -90 68 90 -79 5 -23 79 43 53 5 -10 6 36 8 69 87 -4 26 -59 -37 -27 -89 44 90 0 59 69 -48 88 64 -33 -83 73 73 -7 -99 -58 79 -30 4 -7 69 5 -88 -19 86 -4 -85 70 -50 7 -81 2 6 -84 -98 41
20 -59 50 -23 -26 -45 -80 60 -77 -81 46 -74 6 51 -68 25 -57 -69 24 40 -2 56 46 88 -89 -54 -59 -98 -22 63 37 92 -69 -30 -10 96 77 47 58 -82 -92 91 91 85 23 20 -76 11 6 92 -37 61 -77 84 45 -91 -16 -40 98 12 -66 -74 -11 -63 82 -7 -48 73 -91 15 0 -63 -84 -61 59 16 -93 19 73 -62 2 59 99 54 31 -29 48 95 -13 -23 89 100 -82 -38 61 -40 -50 87 83 50 -71 50 -32 94 -1 57 -8 -29 -84 -34 -41 -79 87 86 30 -7 9 -85 -91 30 53 31 58 -48 56 100 -74 20 43 -75 -52 34 -5 67 90 62 22 95 -28 -80 -38 -58 -44 -5 -46 9 -38 75 -5 72 50 -58 16 35 -90 61 -77 85 46 45 74 3 36 91 -30 69 69 86 67 21 1 -76 9 86 66 -54 -47 -61 -39 -56 62 -62 77 -79 45 -53 -67 85 16 52 65 86 -46 -93 -34 14 -14 28 9 -27 -10 69 -4 14 -24 -97 -21 -81 59 -49 -1 -66 89 93 74 -8 95 -56 4 -100 28 64 65 59 -50 -98 -39 97 -4 4 9 8 -36 -94 5 -87 -48 17 -37 -2 -40 -32 -60 17 1 -53 85 75 -32 -97
97 -63 99 39 38 -58 -6 12 -41 -33 58 54 9 -70 91 0 50 38 -37 -2 -81 65 70 -97 22 -35 -17 31 -90 91 11 19 1 -100 -69 13 -29 57 -39 50 -69 -73 84 11 11 -19 9 50 76 61 -54 41 -14 -33 84 -55 16 5 -21 1 81 -44 27 -50 36 48 -34 46 -28 -10 -7 5 -59 -5 19 23 -22 -11 -18 78 44 -4 66 22 41 38 -59 -70 57 71 -94 8 -54 -44 3 -26 96 3 9 62 7 -49 61 39 -85 -96 3 71 80 80 4 -27 -32 -65 -34 -85 -99 41 -14 -80 40 -49 9 59 26 66 -35 20 -28 81 8 12 -99 78 -80 -50 -13 6 35 -11 91 -44 78 -21 30 -11 82 49 -54 -88 -22 -76 -56 -23 -64 48 -10 61 -68 47 -86 -30 4 -56 -5 33 18 6 7 53 55 -60 84 27 -57 80 -37 -62 -15 -94 36 -74 49 99 30 -67 -72 26 -94 -29 -87 -73 -23 51 -39 16 62 -45 87 -69 7 -99 -65 -64 34 -97 2 -66 -61 -67 95 45 35 -62 47 -47 -87 43 52 -75 74 -41 61 45 36 92 97 -21 42 84 -65 -75 55 -54 -1 25 66 -33 -2 -84 62 50 54 -84 85 -40 19 -63 -44 40
45 52 -14 93 23 96 -11 -17 -42 -99 73 18 61 -74 -87 37 -49 -26 54 -36 26 61 -51 -80 -88 -43 -33 -36 37 -51 -84 -7 -99 53 5 70 90 -5 73 -68 -79 -34 35 -41 -33 94 -17 -22 -58 -33 79 -67 -10 -36 -77 -73 -82 71 33 86 -41 94 1 -5 9 -34 -15 -34 -66 82 34 6 -88 84 83 82 -95 93 -25 71 -52 -50 43 -96 -16 -6 15 26 80 -54 -90 -100 36 6 -47 -40 62 -6 39 65 82 -38 -27 29 56 -31 24 57 92 51 73 -27 62 70 20 -72 -43 -68 68 34 -50 -27 49 -66 -19 -85 67 -73 70 11 79 0 -50 -57 -98 -1 70 77 -11 33 -66 11 23 60 32 -19 81 -4 -90 71 -100 11 64 10 -88 -60 39 89 45 56 50 -22 57 6 76 97 -36 -40 -9 95 -13 -73 0 -22 48 -81 52 97 -96 28 42 24 -26 -6 -20 -36 -99 86 33 12 -86 37 93 19 -70 18 95 -65 12 -44 74 66 13 -100 64 35 -65 -89 9 -79 -7 40 -97 -63 66 61 -41 85 8 71 16 -3 38 57 -2 66 93 -99 -54 -81 42 -52 50 -100 8 -53 52 -54 71 17 -77 -21 18 -92 -33 -40 -31 0 2 70
95 -83 -72 -74 54 20 9 -89 78 64 24 -4 -38 -13 -19 43 51 -10 30 63 -98 84 13 -43 36 -97 51 44 -85 -68 -23 86 13 -100 -3 21 12 24 -67 30 9 -13 -19 35 -79 -7 -58 -17 87 69 -18 75 8 -9 -53 -58 68 48 -30 -18 39 84 -70 -23 -36 55 22 -33 -26 -43 -39 80 63 86 -55 12 29 63 26 -35 -97 -87 26 97 14 44 50 -53 49 47 23 42 -8 -65 44 1 44 39 86 26 -14 0 2 29 25 -36 -18 42 80 -1 45 -55 48 -58 -14 -91 93 48 51 74 -10 69 56 -77 85 -27 -36 90 55 77 -12 29 -47 -71 -76 -48 80 -77 -50 6 7 47 80 -41 -2 77 -49 -37 29 -6 -78 -18 72 -90 21 98 -59 -31 -7 17 -39 90 -99 -70 -37 8 -91 13 16 76 -57 -67 -88 -100 50 78 -12 -92 -24 -19 -2 -63 66 -14 -18 89 -72 -18 66 11 -2 -46 7 -66 -52 -70 -95 22 11 -25 51 99 -29 45 -85 33 23 42 -61 33 48 -53 -28 -60 -58 16 -99 -7 -34 -79 39 2 33 -63 -39 74 -82 41 100 -44 22 -49 34 19 -11 52 -22 -57 -79 84 -23 66 -65 -93 -54 -37 38 -63 -56 62
68 -44 -14 -19 45 34 -34 -19 -7 98 51 -65 -83 -84 38 27 -90 -88 -1 -54 -81 2 76 25 -28 24 75 -31 -67 49 65 32 87 29 37 63 -39 -17 -37 -99 41 -19 44 89 22 61 -44 -96 3 24 -79 73 35 60 57 -79 -17 -89 -73 79 15 38 -80 58 -40 63 -69 61 46 -51 39 85 -39 73 -99 -21 65 -29 -78 92 59 37 22 60 93 100 -24 35 99 -60 14 -8 -26 -61 39 -77 -6 -41 -11 34 -83 16 35 -41 8 80 52 -97 88 24 -47 -34 -84 -24 -25 39 93 74 15 59 40 0 45 81 11 15 4 50 -43 34 85 -79 -73 7 -60 -22 -19 -83 -29 61 84 20 -70 -37 91 24 -94 73 -45 14 78 -68 -93 -76 95 69 33 47 -96 45 -33 -49 98 -91 -7 -19 23 -11 40 -91 80 58 85 80 -90 -52 -23 -69 -7 -76 -60 75 -94 -20 19 -55 64 43 -68 -79 65 -36 -94 98 98 -58 71 12 -15 52 -93 -75 -65 -70 53 -5 -62 85 -100 -17 -15 89 -29 -77 60 -50 82 25 58 26 29 -71 49 -36 -40 -92 83 -80 49 4 -99 -16 9 77 -74 34 52 76 67 3 -20 -49 40 -61 47 -27 38 7 -32 -51
24 -31 -95 16 72 -81 49 53 64 -61 86 -69 6 67 -25 46 9 -78 53 34 -51 4 -16 92 83 -29 89 52 -74 -86 -84 61 -72 90 -47 -78 91 20 -84 -15 76 -37 6 -52 -25 -57 -100 -91 -44 71 48 54 79 -54 61 38 -61 84 -89 -19 -2 -73 -18 -98 -89 -84 -25 -82 -41 72 -98 50 -100 -85 91 -27 59 38 35 -1 34 -57 66 77 -78 -27 41 22 -26 93 68 29 98 45 -25 56 -96 -45 65 56 -36 49 31 67 -47 -34 -67 -12 29 62 -40 -3 82 -12 -80 58 55 78 -68 91 85 -58 52 52 54 -45 -40 -26 -48 60 -19 -15 86 21 90 65 76 -53 87 -70 -60 87 32 -37 12 -59 -93 -83 -23 90 -61 70 -59 -59 87 38 -71 -80 -59 -3 41 -4 42 -18 -93 -6 -42 -10 33 6 -89 34 -74 -75 70 70 -61 -58 -18 6 -100 -30 -6 -63 92 -27 -97 -10 -51 -100 8 -78 66 74 7 23 -71 -54 72 17 -29 95 -97 -20 95 -99 -92 -50 -36 66 45 -74 -96 96 68 -90 36 -21 -34 81 -14 28 16 15 -74 51 0 -27 -90 66 21 13 89 -44 -43 99 80 -74 39 -84 -50 28 -87 -14 70 -10 -41 -23 -69 -62
100 -15 47 42 49 -44 96 16 29 81 -52 53 22 -50 -37 -99 35 84 -36 14 48 43 -55 100 -83 94 3 77 -62 -11 10 31 -63 61 4 65 -28 -12 -12 5 11 63 59 15 52 75 20 -98 14 -91 -8 50 -23 50 -25 -63 -80 -94 -67 -85 10 64 -59 -71 -47 6 75 -43 45 23 -60 -52 -64 -32 -40 17 -65 77 96 21 -8 -75 -76 38 53 -78 -66 75 69 96 23 76 93 -99 -5 -95 -85 39 -47 74 -27 17 -68 -72 -56 -83 49 -15 69 70 54 5 -54 -93 -74 73 -55 -79 43 -87 64 -2 -81 -69 29 -30 2 74 -85 -88 29 55 59 65 50 99 22 81 81 -92 54 49 41 -68 -13 92 39 75 43 -100 95 48 32 45 83 -76 -36 12 -87 35 46 -83 -29 87 -35 -78 -19 70 44 78 52 70 -77 -45 46 1 59 -61 -23 -74 85 76 92 27 -78 -43 -45 -28 -79 -65 47 -15 -67 -79 -92 -51 17 24 -41 2 -28 -22 -34 -92 30 31 77 -50 -100 -65 4 8 -65 -95 -2 -86 -53 -4 -47 50 -5 -34 52 -54 55 -89 64 -10 53 -33 66 39 -46 -56 29 -77 18 -70 -42 36 9 -4 -50 -92 89 23 100 -80 -61 -6
55 82 52 -64 91 75 26 -92 100 53 25 90 -2 79 -77 -56 -48 -73 21 -78 91 66 -39 -18 -45 -50 16 53 -68 -43 -14 -8 -34 87 36 68 -66 30 -85 95 0 -43 57 40 16 86 -10 96 -59 -60 82 -58 61 100 53 -54 -35 49 48 -40 -45 -56 -98 88 -48 62 -79 -49 -20 -67 90 30 77 40 -94 24 51 -48 -10 52 30 -39 3 67 4 80 -94 -92 48 -73 98 -68 56 17 -33 -68 82 38 -85 41 -79 47 55 -17 91 -43 -77 -44 96 -95 86 -17 67 -34 -85 100 -86 30 -2 -42 -82 4 6 4 -10 -86 -29 -15 44 -50 -86 53 38 52 -70 30 -27 -75 35 -20 -49 4 -31 34 13 96 -3 81 -19 53 -3 79 79 -72 9 98 39 -87 -72 23 -18 -61 45 21 -2 -64 78 92 -68 94 -97 48 -61 -67 -42 -23 28 1 -20 8 -39 -62 -51 -47 -97 38 -54 100 2 -6 13 -60 -67 -78 -20 69 -74 33 52 30 -92 -97 87 -81 -94 -10 11 -27 -21 -61 70 -23 21 74 -5 2 38 -97 11 57 -23 97 -33 90 92 -75 12 2 43 -17 96 45 -10 -81 25 66 39 80 -22 -86 70 -77 62 -23 51 -55 -18 42 64 -4
34 93 62 -2 95 -33 -92 26 97 -13 -59 -92 31 18 -23 -76 -26 -78 89 84 4 45 -27 94 55 55 40 -14 37 9 -86 21 -9 -95 95 -3 -54 95 41 69 2 90 21 -40 -95 37 46 16 72 -36 -41 91 78 10 56 -3 -48 -47 35 14 -64 -40 -23 96 21 7 89 -14 68 59 32 -9 -58 49 -42 12 -46 37 96 -49 -78 -83 -35 2 -74 -15 90 20 -25 64 -69 -8 35 -53 43 35 -98 91 -50 60 44 60 -64 37 94 -16 -65 0 -68 64 -84 66 88 -34 -89 44 -8 -89 92 -10 -80 -81 99 -96 -2 35 -84 -29 60 1 -86 -9 -88 -22 50 12 -85 67 96 -37 -15 -16 -58 32 -18 -96 43 95 -30 32 -58 63 44 -45 -26 62 -87 88 35 -66 31 93 -100 63 72 -45 -20 -67 1 1 -67 28 3 -39 -19 -80 -39 -6 55 88 87 73 30 30 4 27 -49 -81 89 -99 56 83 -14 45 9 5 68 90 68 -69 12 -69 57 22 -30 68 73 3 48 6 19 0 10 16 -29 -15 -9 -53 4 -50 -4 -81 -42 -25 51 -37 -90 -4 -91 -83 51 -80 19 -81 62 63 96 86 39 -71 -1 -56 13 38 14 82 -60 -31 -56 -71
-6 79 -18 44 80 -66 29 -29 -14 65 89 -58 18 -29 66 32 -33 45 46 -21 20 -35 14 39 -20 78 44 -8 8 47 86 -84 44 -99 -97 -11 80 64 -22 -49 -43 -24 78 -3 91 -82 -49 35 89 53 87 85 -46 67 -64 -24 13 96 -87 -11 64 16 -59 -68 51 -41 -38 61 -43 -50 -12 -92 -98 -59 29 67 98 -68 84 -9 27 67 54 38 -62 58 -26 47 53 -84 89 46 -8 -38 76 91 -53 42 -29 60 80 -50 79 64 28 -90 -34 -68 41 -50 31 -13 93 -55 89 60 -25 7 50 5 -38 5 -88 -72 -81 1 68 32 10 70 80 -92 73 22 -47 56 -12 -21 79 -80 -92 -95 21 -40 -81 3 -26 -35 22 27 42 47 -11 -94 89 30 35 99 75 25 63 -68 -100 98 -96 45 68 9 -77 20 40 -48 74 -40 79 -27 83 91 17 58 -12 -71 -49 94 80 46 85 -2 7 -35 -27 -94 75 44 -85 94 -9 -47 68 22 -75 -24 -44 71 28 -79 74 9 50 75 68 32 54 63 -87 29 -8 -10 33 7 25 -99 -69 44 8 -26 -7 98 -88 35 6 54 86 68 -51 19 33 -46 -65 91 46 38 -87 -57 29 25 -81 93 39 59
18 45 -98 -78 -51 -38 62 33 30 96 -99 13 43 58 38 67 75 -73 -10 -92 57 37 77 -1 41 10 -12 72 -83 -62 31 -6 93 -52 -95 71 -96 95 -57 -83 37 39 -6 -26 -2 93 -23 -87 20 -31 -76 -76 -78 -88 -38 2 -66 4 41 -89 22 -66 16 22 -3 -58 95 25 70 45 -27 79 73 -39 22 -26 27 82 5 -70 12 -49 71 83 25 26 19 -43 40 -2 67 47 -77 54 -52 79 -15 -24 61 92 48 -92 87 43 -10 -82 -24 26 -24 85 39 -55 -20 32 40 95 95 23 -3 -82 25 61 71 72 -29 -52 -46 -80 -3 -26 -96 83 12 -98 40 -74 71 -22 -52 43 -40 -4 46 48 71 -17 -54 67 -96 41 -61 58 62 -38 35 -95 46 -28 42 43 -77 48 -39 77 -51 -46 -20 89 37 42 -43 -37 -36 62 80 -31 -21 -15 -18 74 92 -13 16 20 11 -76 47 -29 -29 -35 -88 -72 18 97 59 -100 38 28 -86 16 -59 -83 -33 53 74 100 -23 -15 -59 73 7 -93 55 17 93 29 11 -5 83 -27 39 95 38 38 44 -62 -79 76 -89 60 -55 15 -4 -53 -97 -44 24 44 -65 64 26 95 -64 -25 -8 -84 68 -25 -44 95
27 -65 -81 -22 68 -18 95 -47 -49 -65 48 24 37 99 17 93 -89 -71 44 65 53 24 -90 42 18 -9 -4 -20 82 -33 29 38 36 41 -77 -81 -46 23 -21 -45 29 75 -64 36 91 -98 -14 46 -3 66 -89 -98 -76 -66 -21 79 -63 19 94 73 -40 29 -50 37 -28 -14 -89 -92 44 40 55 4 -5 -99 28 61 -30 -62 -60 -28 38 11 -67 86 -87 99 6 24 -43 -5 -63 98 42 79 22 97 63 30 -83 51 -68 -7 -42 -81 89 -19 90 99 -98 71 -89 -80 -20 5 -68 96 93 47 41 65 -87 -60 -34 92 -65 -25 17 -96 68 -15 -59 -29 58 1 52 -41 15 -27 -14 17 52 48 79 51 32 27 21 -95 -55 -31 -72 98 -79 56 81 51 2 61 17 35 21 0 -31 -54 -48 62 -15 -2 -22 6 10 -1 49 77 -97 -72 47 58 -47 32 82 57 29 -62 98 -82 77 31 -95 -82 -49 16 41 41 28 -30 -36 9 28 44 48 57 -25 9 -33 -67 37 -93 42 85 -14 -89 -97 99 10 22 92 -8 13 -92 -9 29 -13 -32 34 -75 -34 -65 38 86 52 -53 -59 47 90 -20 -72 -30 1 -52 -41 70 -36 -59 -10 92 45 -3 1 63
-91 -60 48 50 -94 91 -20 60 -84 -56 8 -15 -54 19 -42 -72 -25 35 31 37 -29 87 -69 64 31 -74 60 39 -34 70 -78 -42 30 -53 -68 100 -20 4 14 77 23 -91 62 -74 -71 62 47 71 -30 27 61 -99 -45 -44 2 -94 -58 19 45 38 -74 -100 58 -58 -47 -87 -85 -98 -30 -82 -15 94 63 -16 82 22 -67 -83 -23 96 75 -9 -28 75 -44 40 -55 -73 -29 -87 56 6 6 -64 -6 82 98 63 -3 72 -57 33 15 -38 -53 30 76 91 -37 55 92 -91 14 61 -9 65 33 -20 15 32 62 -1 5 -53 7 55 -64 -68 36 48 3 0 51 -59 1 -61 61 20 51 45 -24 72 46 -58 -98 69 94 29 -14 57 36 -16 87 -15 74 -77 -30 -28 -7 -24 71 -64 -18 41 -25 -33 -73 -87 -97 13 43 81 45 53 -12 76 -42 -79 85 -100 -36 58 29 67 -11 -11 33 70 31 29 -41 -91 -47 91 85 -58 87 22 -16 -29 11 -10 75 53 2 -36 78 81 13 33 -8 21 90 -16 18 76 15 38 82 -20 -77 76 52 1 15 55 -51 -57 18 -36 -79 -23 -10 92 67 1 -58 -82 30 -57 62 11 -23 93 -55 -25 -78 -21 20 -64
-51 -20 72 18 -35 -55 -67 39 39 -55 -36 38 80 87 -91 -27 41 12 3 24 -73 41 28 88 -83 50 -1 -34 -9 -23 87 -88 18 -11 -58 -88 -27 36 4 -98 -33 -16 -2 -27 31 3 -22 -18 24 65 -85 -37 -33 98 -16 -77 -52 -23 -5 -82 -81 -94 -4 65 -11 7 -49 99 -52 -8 32 22 -21 13 24 5 66 31 -6 40 -98 -10 77 78 -8 29 3 50 -22 45 -39 43 -35 -51 -72 32 -83 87 -71 -47 4 -80 -60 59 63 36 29 -78 11 71 14 31 -55 -20 -32 81 -21 -95 -9 -28 -13 17 -64 91 -39 -48 -95 20 -63 26 -16 93 -41 47 95 24 55 -32 96 77 -73 53 -1 40 -92 -87 40 -3 69 19 54 -48 51 3 -43 -21 90 -35 80 66 -48 14 85 15 -6 -78 -38 -57 87 -83 63 -87 -72 -65 -75 79 20 -10 -5 -32 -73 58 94 58 46 -1 8 70 66 -62 80 -86 73 -64 -80 -13 32 -74 84 44 82 -81 -51 24 -17 -85 13 -95 70 -70 92 57 -6 -33 55 -60 -81 -84 -86 94 -34 79 -76 -48 9 91 28 -93 -28 -78 97 22 88 21 -71 20 -58 14 -23 33 77 66 -40 -75 54 -70 5 -34 74 52
82 -48 23 -54 79 -18 -94 -23 -82 -1 64 -12 -21 5 9 -95 4 -9 16 3 -44 14 -99 45 -19 -47 -90 9 0 48 -43 -12 -4 8 33 52 -85 0 16 -51 14 -70 -8 86 82 -5 -58 20 37 83 83 44 92 -84 50 -31 -32 -67 -67 -54 18 -78 99 -58 59 38 86 -88 97 -83 88 -32 -31 -71 89 -66 -85 -51 41 -56 52 -81 -61 86 -7 -98 32 34 -87 16 95 25 84 -47 35 6 -76 32 -12 26 11 -43 83 -23 42 87 -84 -84 5 41 100 -24 -98 -78 38 5 100 -14 10 71 -28 -41 -21 -95 -50 5 31 71 39 -13 -5 73 -4 -11 -65 72 54 -89 67 -73 -39 -38 98 -14 -44 100 12 -24 94 84 31 -94 94 94 64 -33 -1 66 100 -1 30 96 44 -56 39 -98 58 15 4 -36 35 97 -30 -80 59 92 -53 64 -71 34 22 -39 87 -57 -81 82 57 63 -61 24 84 -85 90 46 -69 91 -22 49 -26 23 8 78 94 39 -70 -68 -48 37 -76 9 -81 16 50 33 71 76 -92 15 -20 -38 -17 72 -45 22 -7 43 -32 -46 16 23 -15 80 50 71 -43 -35 77 13 18 20 3 59 59 -59 8 17 -80 91 -93 -61
9 -48 49 44 44 -75 77 -41 98 -53 54 -86 -99 18 -14 -45 57 86 29 79 -96 56 -90 15 -12 -20 -39 -40 6 -64 68 56 18 88 0 3 14 36 39 -18 36 -58 -65 -58 6 -48 45 -66 -75 91 -35 28 14 -7 54 -22 -6 -20 42 66 38 21 31 85 43 46 40 -85 99 52 98 -44 41 100 71 -8 21 -29 -73 14 57 -83 78 -27 -91 79 43 82 62 -37 80 -40 -25 33 -50 -68 -40 -59 71 67 88 -59 31 -7 -98 44 62 8 -61 56 46 -72 -27 86 85 -64 -74 32 -27 -5 -8 -28 69 72 27 21 -85 76 33 -40 88 -13 -61 7 -9 48 -1 -29 50 -20 1 57 97 -100 18 11 5 -79 23 -54 -82 -77 -90 -96 -57 38 0 73 -16 -56 -57 -27 -30 60 -40 20 64 90 -90 -88 19 38 80 98 -32 63 -68 -72 98 -12 80 -94 -4 13 -1 96 27 -19 -62 6 13 41 51 -12 -32 -78 38 30 84 -33 -58 -90 16 -35 -84 -7 -78 -19 100 -85 -94 -43 50 -64 -2 -67 100 54 50 -76 37 -77 -84 -6 18 -77 38 -2 13 -13 -13 -25 -36 52 20 -79 -38 89 84 26 44 58 -94 71 -13 -56 1 -32 38 31
93 14 50 -48 -49 -30 -62 63 84 92 95 4 67 -89 -39 26 -14 86 6 87 -26 67 -78 45 -49 -53 -63 -11 -35 -86 -66 61 35 62 55 -5 -4 -80 -22 22 -41 -42 29 -16 -87 1 25 19 73 48 22 50 -18 -64 -61 26 -80 -51 74 -68 -64 -95 87 97 11 -43 -36 -12 68 72 42 -28 -46 44 -20 -98 -63 65 72 40 -100 10 33 -31 -70 -27 1 64 -34 51 -35 48 -38 71 22 -71 -73 -48 -5 -69 -99 94 -94 62 5 -72 70 -51 62 17 58 -11 77 -12 -19 -36 24 23 89 -40 16 -77 -28 88 50 53 69 -74 -32 64 94 -55 -93 -26 -52 -56 -30 -83 47 78 70 -62 53 -56 89 -99 84 20 -83 27 -42 -10 -65 -68 83 5 83 89 -24 -12 16 26 55 13 -93 20 -44 -31 -34 -6 -16 85 -93 57 95 39 -29 -39 82 77 -19 49 18 71 -73 89 48 -35 -93 -77 99 88 -93 54 24 48 -33 53 18 -10 21 -40 92 9 -75 -83 -87 73 2 -30 27 -98 11 35 53 -100 -29 28 1 -78 89 65 -92 -17 -65 29 52 -4 73 23 -92 -38 66 8 20 98 -30 68 -2 -7 10 -21 -96 -62 -73 -68 -93 -82 -57 -31
91 49 -91 -62 -70 -93 73 -74 34 -98 -63 74 -6 59 -68 21 -21 -16 -29 19 -19 -1 55 -2 -5 80 46 -87 -61 -69 61 -39 -35 -64 -57 -66 14 86 -2 57 -72 -60 -71 2 -87 -2 -42 69 -85 -13 -33 77 90 -16 48 94 -56 -49 -54 -88 74 -46 -2 11 89 22 -15 -29 -80 -16 25 94 -17 -9 54 -90 -76 33 -88 -12 -90 -17 -48 77 -40 35 -1 71 -64 -80 -93 48 33 76 15 98 21 92 -9 15 23 16 -6 -11 -55 92 -77 -95 -68 -28 42 -88 96 100 -8 0 10 1 20 -4 -34 41 -95 -80 81 -22 95 13 41 -92 13 20 71 60 -13 -52 -87 29 -98 96 -80 -18 87 92 73 30 -31 86 81 3 -35 -5 51 60 17 97 -92 82 5 -76 -49 -6 4 69 7 77 75 52 49 -88 -84 -57 -33 12 -94 -36 51 -72 -35 -96 -73 79 32 63 42 68 -26 -44 61 29 80 20 -35 -3 75 66 79 -100 42 -41 -1 -27 48 -24 -95 -52 57 -61 60 40 -55 79 33 -49 39 50 -50 -35 1 -2 25 28 24 32 12 -95 -52 -78 -56 11 -67 -32 -72 -51 58 78 -84 34 -43 62 -49 -19 -52 79 -69 -68 100 45 -24 17
36 65 53 -41 2 20 -35 56 -65 10 -4 -3 -5 -61 -22 -25 -74 -15 21 73 -96 -4 47 -99 89 -76 45 -71 69 -79 -89 36 -45 -40 89 46 78 -62 33 -75 79 -47 30 -49 -33 47 -69 65 -3 -47 4 75 69 90 -80 80 -9 -65 -5 9 -58 -32 63 42 13 -67 -32 -50 87 -78 16 52 -93 40 56 48 39 85 12 -26 34 67 93 -97 78 -85 -24 81 -12 -84 -66 -100 46 42 50 91 94 -37 17 76 43 -90 10 99 21 -97 21 -19 55 0 -9 10 -2 80 -15 73 -48 -18 20 -33 49 -78 -20 -15 53 63 56 -54 69 -94 42 -24 11 -17 92 -36 -57 42 57 -22 -48 12 80 94 -1 -51 35 46 -22 79 2 -17 58 -99 -68 9 48 70 25 56 -38 58 -83 51 -11 68 -63 -22 90 4 68 -75 -100 79 -99 82 16 7 -39 48 85 -23 -28 50 -42 26 -61 29 54 40 -88 -83 26 53 -5 -40 -91 70 12 -53 37 77 83 53 48 -27 -42 23 47 19 -20 -65 -86 -94 64 -37 65 85 -84 86 22 45 84 27 99 -18 -61 -15 85 61 27 -49 48 54 -24 12 82 99 52 36 -54 10 48 79 -31 -62 97 82 52 11
-36 -51 -3 11 -94 -40 -61 55 90 13 58 79 98 -10 -19 -69 -33 25 -25 -72 98 -64 41 -85 82 29 -85 -85 -82 62 -83 48 93 -30 -74 -53 -70 39 93 -5 29 -75 8 59 -95 44 88 -32 100 -65 29 30 61 -97 -94 -45 49 3 10 37 -67 30 -44 82 -67 -45 -11 -21 74 -45 -29 4 -29 98 98 -20 24 98 -6 85 -69 -92 37 -65 -76 -66 68 -22 -95 91 58 -30 -37 -58 -68 56 30 67 -58 -48 -70 37 52 -82 83 -87 70 -38 10 -49 77 100 31 -51 -50 48 3 -100 10 -93 38 47 -23 -26 30 -40 95 -3 -74 73 -51 91 4 -43 95 53 -62 35 54 -90 46 36 -58 -59 98 0 58 21 93 45 -16 -97 -46 60 36 -55 -6 33 92 26 -15 24 2 -43 -49 -72 -62 -72 -27 -63 -37 -62 -79 -11 40 -38 -90 29 -20 33 -2 -8 5 -25 70 77 79 94 93 -5 -47 -18 80 43 -90 -36 50 37 -41 -11 -18 -87 71 91 18 -13 15 42 72 45 -51 -11 14 7 -61 1 -78 73 43 36 -46 94 -93 -73 -18 81 73 65 76 -75 49 21 -31 -61 100 90 -93 -91 6 96 -80 -68 -54 -5 53 -98 25 -91 20 92
-90 18 43 9 10 -18 -53 91 32 0 -78 42 53 -8 -59 91 59 -96 -65 21 -97 50 -55 -43 -100 62 54 -22 47 -80 -22 -1 -61 -14 -21 -11 -45 33 -3 91 -50 62 49 81 96 -71 -97 7 52 3 -65 15 49 3 -14 77 -35 -62 22 28 -39 52 -35 34 13 -30 -16 66 6 48 44 -42 25 96 58 93 6 32 55 -93 76 -100 -93 -67 -79 -33 -98 77 -98 39 -87 59 58 -62 64 82 55 13 -20 52 21 -60 66 99 -49 78 -73 72 57 5 -1 -48 19 42 -61 0 -97 11 -80 -61 -94 2 97 1 42 -98 3 76 96 51 69 -54 36 47 -30 10 -14 32 -15 -98 -64 1 74 66 8 -66 44 -86 85 -53 88 68 -98 78 74 48 -31 78 46 64 9 94 70 20 -24 80 -94 -4 -71 -100 18 -91 -77 -70 82 20 -83 -92 0 -77 84 -59 -12 22 99 92 40 -18 -31 39 57 -40 -93 78 -12 -71 35 -65 -6 24 -20 -97 32 12 60 26 64 50 -36 86 52 -33 7 70 19 -13 24 -96 -98 57 94 -90 100 10 75 -45 -67 -77 -25 -76 54 40 42 -33 -35 74 61 -84 80 -100 -35 94 -45 85 46 32 -13 67 69 -32
-39 56 87 -73 94 1 -100 21 58 99 -82 -99 4 -40 67 -34 34 31 32 -45 -40 -76 -99 -14 -90 -55 36 21 20 -70 -41 48 -1 8 80 -99 94 83 38 25 68 -86 59 -18 -51 13 90 38 -35 -49 47 95 7 69 -30 -71 64 -45 -100 17 73 -62 -34 49 -97 11 -74 -55 -90 21 -69 23 79 0 -50 -15 -86 51 20 -20 19 -94 -73 84 -26 47 -56 -17 87 -80 -69 -32 49 -77 -14 -35 97 -16 -62 3 -97 29 -36 50 30 -4 -21 -8 -18 -45 -93 -84 28 -96 -3 87 -67 -66 -62 -65 21 -79 -70 59 87 39 -52 44 10 -23 -93 28 -96 -21 18 42 -25 78 -80 69 84 -82 24 -91 -70 -79 90 -25 -15 -33 71 -41 -85 97 59 -61 100 -84 -32 48 -12 40 2 -9 -36 -34 79 97 92 79 88 52 61 -19 27 39 9 -10 -44 -13 -95 -92 -31 -8 -74 -34 -73 -9 93 -43 99 -22 -6 39 -98 -22 5 -81 20 34 -68 99 -39 -22 -75 6 12 46 49 -24 94 -7 95 -67 -94 -96 58 -39 56 53 -96 92 67 19 45 -61 24 -39 -97 -73 95 62 1 -41 -78 61 77 -65 -89 -61 -87 -55 66 97 70 -45 59 -86 55 33
-38 61 8 93 -5 -11 60 3 -26 68 -88 81 -38 -67 78 97 -68 44 32 -11 100 76 -64 77 15 -50 -50 77 86 -38 39 -5 -56 -40 -21 45 -57 -84 13 -35 67 -46 41 -46 -88 52 23 -32 41 60 -38 -63 61 -82 41 36 20 -89 34 -87 -89 14 -56 92 -87 -79 -19 95 92 -20 -56 -87 -15 -49 -76 -67 47 -99 1 -7 -42 -35 70 51 -44 4 -17 26 -28 -61 -85 -98 67 -52 90 -84 38 -16 1 93 -32 -54 -65 59 -2 52 47 -54 -35 -76 70 -8 67 86 16 39 52 27 -41 -32 -5 51 -19 -73 62 -56 -30 66 30 -3 -62 6 34 49 -75 -83 -97 57 7 -54 90 98 87 -99 11 11 44 83 -15 -6 -61 32 -98 22 82 83 -63 -60 -20 -49 -60 -68 -93 -64 -87 -33 -19 -24 72 13 -55 81 1 -79 76 85 90 -18 -72 86 75 41 29 43 -56 65 -62 -9 -90 56 1 31 -85 -65 -84 -58 39 45 -33 -23 8 86 -54 74 4 -12 0 85 -35 73 -10 -60 -74 3 -36 68 -78 21 24 -72 78 -82 29 46 -1 11 -63 -97 -100 -1 49 -6 1 -33 -1 52 -47 -68 -75 83 85 31 -32 35 92 -48 62 -51 -30 95
58 -46 20 -9 10 -97 87 -22 -9 -37 73 -40 -6 77 4 93 -86 -5 -30 18 82 37 -33 9 76 -28 -52 66 38 80 -89 -93 -23 84 87 5 24 -25 -32 26 -43 35 95 31 55 -96 88 4 43 96 -2 -92 -85 77 -21 -72 85 -33 31 37 40 -65 13 -10 4 36 90 65 86 91 -76 -68 -88 9 89 35 43 33 -56 -97 -86 -26 -56 -44 -83 37 80 38 87 -19 -26 87 -31 83 -31 69 -13 74 -39 50 -55 -86 -2 -35 92 -94 -89 7 -65 -32 51 -60 68 88 -45 39 42 74 9 -74 -7 -97 -18 94 90 -3 -65 -2 9 -59 72 50 88 88 80 55 -76 -81 -56 -6 -27 -54 -75 -38 15 -7 -45 17 -55 51 -97 30 6 -11 91 35 83 -98 -13 -25 -71 -12 84 -96 19 -68 72 49 32 30 -85 35 -39 85 69 59 -38 -67 96 -99 9 -19 72 -52 -97 -87 -86 -97 -17 45 93 67 -19 49 -23 -86 13 42 -94 -64 85 -45 -74 -36 -19 20 -3 -15 -61 -6 25 0 -50 9 -61 -32 -75 67 -87 -62 -74 97 -6 -30 32 -31 -78 91 69 79 -15 10 -34 -66 -87 9 97 41 -63 -57 42 -80 -60 57 79 59 -39 -45 26 -87
-11 -26 -95 -75 -54 -76 47 0 71 -95 -24 -88 -25 56 90 -90 -1 -94 71 -93 31 -67 93 -9 -14 53 56 69 18 81 -21 77 -81 82 11 40 46 -34 4 -85 76 -77 -40 54 45 63 -73 -67 58 37 -26 -26 31 -35 -3 28 -90 -38 -37 18 -30 -96 1 -34 30 -48 -51 -49 34 -58 -59 -55 -78 -1 95 -67 80 -24 -23 74 -53 -40 7 71 -33 99 -82 90 17 91 12 -15 -51 -27 74 51 84 37 -90 -15 -80 51 14 -52 -62 81 -77 -28 -19 16 24 27 29 -21 -46 44 50 -32 62 72 51 -67 55 84 -61 -39 98 49 -67 -42 66 65 -58 -12 -12 37 -10 40 -98 26 100 -74 -24 43 -99 28 79 84 43 -19 -18 -17 -69 91 86 -1 16 50 86 -34 -95 -96 13 -2 38 53 -9 -55 -19 -7 -13 -27 -3 -57 30 44 -45 16 20 73 24 75 27 -35 43 75 75 -39 -59 -2 -40 -85 -56 62 -5 97 -37 52 -63 90 42 -35 -43 -27 -35 26 33 -69 72 98 -90 -64 -17 -9 74 26 -98 -66 56 -13 -49 -64 71 -35 -11 -79 81 -66 -69 60 -43 55 -81 85 89 -76 75 83 47 -62 26 52 -4 -22 59 -64 79 20 -35 56
-66 -9 81 -44 74 95 -18 -47 -87 -82 73 -75 -41 -33 68 8 88 -67 72 81 47 80 -78 -56 -65 -57 -5 -48 22 68 -56 47 -77 26 -15 -58 72 -58 -26 68 27 -46 -71 -34 49 91 -63 99 33 74 8 36 -32 -70 78 7 -11 -96 51 37 -78 -58 -96 -95 -24 91 -70 -3 -12 5 -14 19 -46 -75 -42 -92 48 15 12 -67 -51 -88 73 14 9 -88 -53 -43 44 -68 -65 -83 95 -68 -1 -29 28 34 27 5 75 -42 -56 -69 71 -42 91 72 67 56 -13 9 76 25 25 -16 74 -71 23 -48 12 49 -18 -33 64 27 98 -55 34 -78 -38 -97 11 -11 -13 -89 -94 74 2 24 -18 -65 66 -12 28 -3 -55 -17 98 53 39 -31 66 -34 28 19 -11 43 77 70 -93 27 -96 -11 4 4 31 -94 -86 30 -13 15 58 52 46 -8 -62 23 -52 28 83 14 100 64 -82 55 38 -66 36 3 30 37 28 -8 74 -78 43 -68 44 13 38 -33 16 36 -24 51 -86 -6 -14 20 -70 32 83 -78 3 28 10 78 24 50 -67 22 -35 -1 -96 97 52 -83 -3 -35 -91 93 5 -32 -46 -86 22 50 -90 1 15 2 24 -12 -50 -39 -16 41 30 -87
-39 23 -92 -27 -2 -53 87 -68 21 26 54 -44 0 -33 -98 -65 89 -5 -42 -22 -23 23 -16 -18 -79 -7 67 -35 24 -91 63 -45 60 30 -93 22 1 -37 45 -42 10 90 12 -67 -24 77 -97 -25 21 95 0 59 64 70 -15 -66 -48 61 -15 60 -10 -87 -24 -65 24 66 78 67 10 -48 93 -17 -74 -91 37 -84 -10 45 53 27 -83 2 -32 52 45 70 3 35 0 96 12 46 -18 98 0 38 12 10 -36 43 -70 29 -85 21 19 -9 58 -66 50 39 60 27 -25 33 21 27 1 10 -76 36 -26 -64 -83 -71 76 -11 -6 49 -97 -93 -96 -33 61 81 68 -80 59 -48 -21 2 -100 12 -53 68 -26 48 -13 -23 -47 -6 -70 82 -31 -13 -35 22 92 38 46 42 -100 -84 -63 -59 -82 -11 -40 -12 -57 24 -18 56 24 -76 -71 -15 81 -8 -60 -28 -27 -34 -21 96 26 -81 7 0 92 66 -56 61 -59 -43 -91 -57 16 51 -4 -20 -82 -49 87 93 88 -74 -21 -90 93 46 47 54 55 -18 -26 52 24 4 15 -33 -1 77 12 63 -73 -75 73 51 -3 79 78 -41 37 -52 50 82 88 -41 4 13 -85 -65 -91 -34 8 -63 56 15 8 -22
29 33 -7 -26 53 -63 10 21 64 71 78 -98 -77 64 -2 -96 -83 -63 37 4 -44 33 -30 31 24 -97 22 -80 46 93 -41 22 28 -22 -19 46 -7 9 -55 -72 -73 -91 88 21 5 24 31 -37 81 67 -45 59 -79 -20 0 47 -3 -86 -32 -88 -10 74 -17 55 -1 90 69 23 48 27 3 -40 -22 -60 31 -89 -44 10 41 -17 -54 27 -98 57 -2 5 -54 9 -93 -34 19 -70 10 65 -5 -55 58 -82 70 -15 -88 -29 91 18 -98 -72 -77 -34 3 69 56 14 -34 24 -93 -12 -5 33 -65 -1 -33 -81 55 -81 -91 47 61 -40 59 78 -34 32 -67 80 54 40 -94 -36 -37 72 58 33 45 20 -38 66 79 77 33 -67 -93 78 -7 -57 78 2 -35 63 -51 39 87 50 -25 -59 97 2 -76 -3 -26 -42 69 29 72 9 -32 70 14 -59 50 -42 -28 86 -59 85 -66 87 9 93 -29 9 -1 65 96 6 54 47 47 -3 -62 -43 -19 11 65 -48 -96 -14 91 23 -31 -50 -45 25 27 61 30 51 -54 2 -65 5 -97 -76 -52 -49 -9 -51 -71 -37 -95 10 56 -14 10 100 -75 -88 -38 80 -2 94 -43 -35 -56 -55 -85 49 46 63 -68 -29
5 16 15 43 -82 -65 -40 37 20 -28 -57 -84 -43 29 78 -15 -3 -13 46 91 42 -3 -63 87 -70 -3 -32 16 8 54 63 60 -9 24 -36 0 -77 -53 82 83 5 -62 -67 98 35 -41 67 19 -45 -23 -89 -77 38 34 92 -89 -29 45 12 1 -6 -45 -74 14 -69 -51 -62 -41 46 16 62 -71 -55 5 68 -44 -72 -67 -13 -85 -97 59 -13 87 -91 -83 90 91 -77 -51 67 -8 -26 47 43 -74 20 -98 -80 28 71 71 -94 66 -47 -45 -7 -83 -86 -55 -26 21 -100 -66 80 41 -26 84 71 -81 -96 84 -64 -7 89 45 -91 13 -8 37 -67 13 -69 -55 -10 -60 -18 12 67 -72 14 -76 -16 -48 -53 -77 99 -47 -63 55 19 -38 54 100 40 39 -1 -93 19 -87 -68 -46 75 -71 39 -19 3 -96 -89 -58 -70 -53 -19 -97 -45 -31 -43 15 51 63 -32 -85 19 -91 -4 8 -52 -71 100 -52 -23 -81 18 -45 70 -3 -84 -9 -20 -97 -45 -60 -55 34 86 -100 93 -82 56 35 68 85 47 93 23 -67 5 87 84 -52 44 -20 62 13 97 -97 66 89 44 60 92 -22 37 86 -66 39 0 16 6 38 74 -14 65 48 -86 -88 -98 -43 -36 69
-13 -59 -43 40 -84 -38 -96 -39 -11 -85 -41 -61 -44 -86 -23 27 18 90 39 -51 28 80 55 1 -74 -54 97 -65 66 -13 80 46 -49 -31 91 86 -87 -15 -2 -47 -34 -22 -82 -93 -80 17 -46 2 14 -29 -96 44 -99 -32 -56 51 43 -35 20 -71 -51 -76 -27 -9 -42 16 -20 7 56 10 50 -16 75 -1 10 -96 -77 0 -81 -90 -26 -54 -81 25 70 -21 60 -21 -38 58 93 -1 -13 46 26 2 -16 45 -40 23 14 -15 -31 15 2 78 -19 -66 -31 15 72 -12 10 10 -20 12 71 45 7 55 -40 53 49 61 -16 97 -48 15 -96 -77 5 -65 -15 -67 16 65 2 -11 25 -67 16 -93 -56 -45 67 -5 68 -95 51 40 -31 -58 74 81 32 -90 -46 -28 64 14 36 72 37 -58 -76 -94 93 -90 -76 -75 53 42 56 -37 -37 -67 -11 50 -43 -22 -22 -83 82 50 -44 59 -19 63 -48 33 58 -22 91 -89 71 -37 -5 -33 32 8 4 -34 18 -82 57 -48 86 -43 53 -36 -32 5 -9 35 -78 86 71 -13 20 65 15 35 -100 -69 -47 -20 -38 72 2 53 -97 94 -56 77 91 -49 -13 -5 44 65 -36 66 8 -19 -18 -62 -10 47 83 30
6 -82 6 83 28 -45 8 5 63 11 -44 -76 -47 -34 53 34 -97 14 -53 0 15 -22 -21 -99 -56 37 15 76 75 -56 -5 95 18 -9 46 90 -56 21 -90 -9 64 -29 -58 86 91 45 -18 -99 59 -29 -51 -76 -75 99 -14 -72 66 -94 74 38 -23 -14 -57 -64 -9 -16 43 -31 97 -100 97 46 -51 58 -7 -42 100 78 -34 86 97 -41 -63 89 27 79 -16 -14 42 45 60 18 77 35 -33 44 -65 71 -21 -69 -99 -4 -85 48 -86 -80 83 -41 76 -29 -43 -69 59 47 -28 19 15 -47 7 -52 42 69 36 62 -4 20 -23 -33 38 -13 24 -98 -3 94 85 -35 0 -79 -16 -27 -27 39 21 30 -17 98 -28 -64 40 43 -10 -42 96 29 -48 96 5 38 -55 -90 -32 -38 53 -77 26 55 -3 57 86 -22 84 2 93 33 25 -34 -46 -59 -71 -90 75 -85 29 30 89 -47 -70 97 -69 -31 82 97 -82 -74 -35 -49 76 6 53 33 -96 91 44 98 -73 49 98 -49 93 37 -62 72 45 -94 -22 95 63 73 -18 -55 -35 79 -26 -46 -14 27 0 100 72 49 40 83 -74 -33 32 19 -52 1 -52 -78 -52 42 6 -3 60 -47 -79 48 81 48
-81 69 38 -58 -95 -90 9 -42 45 41 66 -72 95 68 85 56 -63 -11 -3 -12 -44 37 33 -70 -13 92 -56 -31 90 -40 -82 -41 -81 -66 -79 -62 -19 1 36 83 40 5 13 96 -50 98 -37 -23 -97 -17 -20 -79 59 38 73 22 36 -96 7 77 -28 64 37 74 -90 -52 -33 -62 39 66 -95 -91 -22 -46 86 -15 57 93 40 -15 99 81 -58 91 -45 23 -50 -45 -61 -34 -90 -4 49 61 62 62 -36 77 15 -33 -48 7 -75 -82 10 89 29 37 -67 -73 85 -28 23 -13 72 -11 -6 -5 -88 57 94 -54 95 72 -98 6 37 43 -11 37 49 -18 3 -14 -29 -55 94 -90 -27 -54 -91 -45 -40 68 40 21 -39 74 -75 11 -74 -91 58 -16 53 78 79 -46 -67 -56 92 -37 14 14 20 21 92 67 -33 -24 -35 17 -39 -38 49 41 46 -27 82 66 67 38 -7 42 51 69 68 48 -100 75 -44 -39 6 -7 89 -69 80 19 -95 -6 85 50 -78 -82 4 9 -7 2 -5 95 -35 -1 -55 12 -21 -93 94 -24 -24 -13 71 -88 -10 7 -63 51 -30 -94 -24 38 -72 1 -56 41 -75 -96 -95 -54 -46 -36 -68 -72 -79 -23 53 31 22 100 -93 -58
-8 58 -31 55 -65 29 47 -94 50 71 49 -72 -96 -76 -34 -20 57 -45 34 25 66 -14 -16 -60 87 77 45 88 -87 -55 47 -23 48 25 1 -49 61 40 -23 49 70 -48 -13 62 -87 58 -80 -55 -1 -99 34 -43 -37 -55 36 -40 -82 29 60 92 -74 5 -100 -34 -91 -59 87 -99 76 76 -52 99 71 -89 90 15 -6 69 2 85 -84 -18 -45 -52 -67 23 87 -95 -45 60 33 -1 -25 -23 100 57 2 -67 -20 -46 -34 17 -19 -81 18 -71 -38 4 -32 40 96 -3 -69 63 -20 -1 51 40 -47 -60 30 75 67 -98 -76 86 41 -35 77 -97 100 90 67 17 -78 46 -15 -87 53 -86 33 -72 83 9 -59 -54 -90 4 -10 -96 -36 -18 -46 5 43 50 -63 30 100 94 45 93 -23 29 53 -6 -84 9 23 -93 -74 74 79 72 -28 -73 -42 49 -69 -22 -86 86 11 -94 -49 58 -77 86 -62 10 12 75 56 -82 -69 48 -32 82 66 -89 -95 -75 12 -89 60 48 -43 -42 -49 84 81 15 -66 34 42 -44 64 2 -50 -78 80 -37 0 -42 90 -37 -9 33 -52 -87 -50 24 -90 -34 -77 -58 99 47 -54 -12 9 93 99 -85 4 4 62 -84 -26 -49
-1 -95 72 -27 -2 83 22 0 60 -57 98 -62 93 -100 -96 -75 -74 -55 97 -27 -58 12 84 -65 -48 -5 100 -72 -1 -39 -76 42 -23 26 -20 -78 -34 58 -66 -98 -89 -16 37 -82 -18 -10 33 20 -87 53 10 -60 75 -49 41 1 -60 76 26 29 -82 -48 67 -74 -80 -95 65 -3 -22 -39 -30 51 -19 97 -2 -4 37 -30 58 -77 23 -25 91 -69 -45 -7 -72 89 -80 10 -12 6 -32 93 -87 -46 -3 -90 -80 87 0 30 65 22 8 -31 -29 -26 13 56 -31 -53 92 51 -32 12 58 44 -76 68 10 -42 97 45 66 79 -72 -41 78 65 -43 -10 77 51 21 -41 36 -30 -20 -70 -47 75 13 -85 53 -34 92 23 -43 -32 -18 87 -71 87 -32 58 -96 -55 71 -56 86 -45 13 30 -82 87 -29 3 16 55 -70 -20 -40 -97 -42 -64 -10 51 43 -25 -35 -21 -10 -30 13 69 41 90 -93 -35 -40 -88 54 -46 -58 -56 100 -51 91 -81 -90 85 -78 31 -99 74 6 33 45 -66 57 -23 3 -36 49 45 56 -51 68 16 45 45 -17 -25 -38 57 -15 81 10 6 76 78 -60 -50 91 -49 -42 12 -51 -74 33 -26 42 78 -31 -39 -72 85 -66 -87
91 -55 25 50 -92 36 15 -19 -53 16 20 67 95 50 6 17 42 79 -10 19 -14 -52 -13 -87 7 93 -79 -3 -12 88 68 -55 23 0 -4 -95 49 -65 75 -1 -93 -24 -33 -57 71 -54 -75 18 -59 21 -54 84 -61 81 -79 -39 9 -77 -78 -95 -65 -29 -23 -26 52 49 -42 -17 -72 57 -76 -39 -10 16 65 -81 -84 65 -1 -89 28 79 99 -79 96 52 -23 -91 37 18 -96 -57 13 -37 -88 4 -67 0 -2 -11 -6 17 36 -39 -26 42 26 16 82 48 -34 -90 82 -71 -76 19 10 92 -88 -3 -84 -32 30 -52 67 97 93 97 24 90 35 12 -33 -32 -95 31 61 -9 -85 61 -50 86 7 97 -24 8 -68 -64 -11 2 -96 -75 -12 -33 83 14 51 -78 98 -38 -87 -86 -46 91 -27 50 -99 -26 68 46 -35 28 -34 -68 63 -2 97 -93 -2 8 -26 18 -6 51 6 -48 -25 -52 -94 48 53 -40 -70 -26 47 53 -11 61 -64 -1 -98 -87 8 29 -29 -6 52 -41 -5 77 78 -7 -90 58 -86 -71 -23 -37 -34 -76 41 -94 -58 -31 -68 25 97 81 55 14 13 35 -86 -1 -59 13 57 -38 -78 -73 -50 -14 -86 25 40 -17 -93 43 -81 -21
80 83 -64 51 51 33 95 -44 -19 -75 -44 -79 96 98 -27 81 -41 -54 33 -15 -8 -28 3 58 -78 4 -38 3 64 26 -91 15 -93 62 -73 -17 -57 65 85 4 -75 43 58 65 -95 -83 48 5 62 97 69 92 -26 -86 -17 50 -72 70 1 55 38 21 57 -48 76 97 29 -28 0 -2 92 27 98 29 -95 81 -23 51 -53 -40 -51 59 32 23 32 86 11 58 -30 91 20 -70 55 -7 82 -31 -33 -98 94 -73 -93 -22 22 64 43 -31 -11 -82 -75 -59 -61 -82 -9 -40 17 -56 89 21 -22 -50 -92 -21 63 94 33 -71 -62 -12 32 -39 -12 -73 46 -99 73 54 -42 -43 97 -40 92 75 -67 -74 61 -7 60 44 66 -43 50 56 -66 47 38 -59 -62 -19 82 -46 -12 -99 31 68 -60 82 95 -4 -63 -78 19 82 -41 -64 -87 28 46 -54 57 38 -37 62 -48 80 -54 -100 95 -69 36 -71 -2 10 -21 79 19 -37 -33 -64 -21 -69 -2 -27 -19 84 87 -12 -75 -66 -50 55 4 -46 89 -62 25 20 -97 -73 -33 -27 40 40 -7 58 -40 61 -84 -65 -18 -57 -54 -27 -7 -77 1 -20 39 -49 58 -25 73 63 75 95 86 98 67 -61 48 -71
26 9 97 64 -51 -58 37 53 -78 84 45 -35 65 71 -92 -83 -30 58 46 -79 -63 -81 10 -88 -62 -13 -9 -46 87 -95 -69 -96 75 60 47 93 45 -1 -30 25 54 34 11 -89 8 7 -24 71 99 -38 -6 100 -89 98 -1 -77 47 -98 -41 -63 83 -47 98 -79 2 -94 -21 11 -67 54 -31 -70 -8 99 -29 -63 96 -80 2 -29 -31 7 -30 52 -28 41 -13 -22 -80 -61 -12 -63 -53 -16 53 12 86 2 -98 52 29 33 13 -18 67 -40 -76 -7 81 -44 -1 74 -22 -96 41 49 87 -80 -43 12 52 -74 72 -10 81 -1 -36 -6 58 -40 -91 64 42 -93 36 -18 -23 66 -63 -74 -75 64 95 -71 -72 -79 -79 28 61 -69 -18 98 -78 91 -15 -42 49 59 21 12 97 -88 63 -52 4 69 51 61 -36 -75 51 78 -67 86 80 -82 -54 38 14 -46 62 -66 12 -15 -62 -88 6 55 38 -30 -93 60 26 50 -5 12 -19 10 -89 71 82 23 -94 57 -99 11 -31 59 58 -1 5 -54 100 25 79 88 52 74 97 -21 -92 93 -82 16 -67 55 14 -44 71 -31 85 75 95 70 92 30 15 81 -83 10 35 98 62 -78 95 -28 -93 60 -56 44
-48 -69 -87 26 88 -29 20 96 -61 -8 77 -16 38 -11 -22 -34 69 73 -48 -2 -17 -47 35 -12 -20 76 70 87 -82 27 38 -41 -99 84 -98 8 50 -5 26 -8 -36 -68 -60 -27 13 52 -86 -78 6 18 -32 81 -74 24 -61 -36 -33 -17 51 -27 12 16 -28 -38 87 -30 15 5 74 -7 -10 12 -84 57 61 54 -87 -77 -53 12 3 -31 64 87 57 86 -71 88 -76 12 -59 93 78 -81 9 32 -26 48 51 99 95 98 -51 26 3 79 -47 -67 27 79 38 -24 8 36 -12 -16 -65 23 -96 19 32 -8 -1 16 45 -72 -96 57 60 89 -27 96 -67 52 -37 -23 -11 -77 -78 44 51 -7 53 -76 70 10 14 -100 -51 37 76 -23 -60 100 74 -9 -51 -32 51 31 32 89 -17 80 -95 99 -26 -11 88 11 60 72 -11 -24 -77 37 -42 92 43 76 -50 -80 95 -83 -10 -74 98 -37 -97 8 -29 -98 -81 43 48 44 87 88 92 35 -74 -22 -45 -60 95 -79 -31 80 -84 81 -24 -16 -46 -79 7 60 56 -53 66 26 51 24 -65 -83 71 65 -10 6 -32 80 -70 -98 -26 -92 46 85 54 56 27 93 84 16 -10 68 -8 59 -21 -60 42 35
-98 21 -76 -50 -39 -47 76 -2 8 59 -40 72 -9 -72 67 -80 52 -78 37 -33 37 96 21 -58 -12 -77 0 -85 7 -40 56 -57 -26 46 -5 37 -31 -67 53 -55 40 -95 -37 -38 -4 97 42 -74 -85 -47 8 16 95 80 -7 -70 -13 -58 -53 -63 -28 82 -69 51 57 -54 30 32 -90 -49 24 -44 -71 84 -63 -59 -66 -74 -66 -78 91 64 57 -94 0 -77 57 41 19 -53 -74 35 -54 55 24 -12 -28 84 -5 54 93 80 -48 -12 -10 -5 -68 99 43 71 90 -18 58 69 39 84 7 -96 -70 -50 -67 90 0 -63 43 -48 -27 58 30 84 -5 26 -42 -94 63 -9 -48 -71 -86 81 0 12 -92 -92 -97 82 -81 -33 -76 91 -34 81 -4 3 77 21 0 -96 13 -65 -59 98 -21 23 90 -88 -54 -11 -6 -73 56 -86 61 68 70 65 -44 -21 -20 -98 59 87 44 -92 86 49 89 27 29 71 54 -45 -95 -10 77 -72 35 71 19 98 75 -28 55 -54 22 42 87 73 42 46 85 76 -92 -17 97 -2 30 -32 -16 74 -23 -59 -85 65 -37 -66 93 29 63 -86 -43 -41 3 49 -73 65 -94 68 -61 5 7 -45 -100 51 -87 77 40 -99 -31 65
-78 -84 -40 -3 28 58 1 -26 29 89 -34 -41 -59 72 -62 62 -98 99 45 -51 -29 -22 11 -45 -68 -92 -87 96 -94 14 41 54 56 -98 -65 -84 -66 94 -33 -53 -16 0 -7 63 -49 -13 74 33 14 -40 -64 10 32 67 65 71 51 16 89 -74 67 78 -54 86 -28 -13 13 92 53 -85 -90 -35 -28 48 19 -20 70 85 45 49 -25 22 -7 93 -23 -57 22 1 85 -93 -55 81 -58 -59 23 91 -54 -62 -57 -52 37 -51 15 100 -38 41 1 34 -32 -76 65 -6 34 57 22 -90 -38 -12 -16 -57 -92 85 69 68 19 16 15 48 -40 -9 28 -80 -38 19 -91 -41 -80 -17 -51 -30 -50 65 49 35 -31 -18 -74 -97 82 95 -91 69 -43 -29 22 -18 11 -64 -95 83 71 -88 -39 56 95 -99 -88 49 -20 7 -38 -76 -32 47 -91 -10 20 78 -62 -51 77 -95 23 73 -12 0 12 -22 -12 41 -7 -65 -48 63 -85 -89 63 -2 37 -82 33 -60 -46 -90 34 55 -33 4 -15 -18 5 -80 -1 19 -95 -17 73 -81 -84 -45 53 -93 -89 -84 -23 -91 7 84 62 -21 -42 65 84 -37 -68 -70 -45 -15 -85 82 7 -72 -18 52 -1 80 16 -28 -8 -29
37 23 36 -100 29 -44 96 31 4 91 -46 33 87 29 -43 16 -4 84 -83 60 -78 25 3 77 -6 -82 43 -23 -96 -97 -24 -69 -21 1 56 95 -73 -65 -50 -37 20 -23 57 37 37 -100 -74 45 55 -89 26 55 -57 38 23 6 -2 -9 73 -78 -91 96 -14 -21 96 67 11 87 -100 60 -4 60 -95 46 45 26 70 18 38 -63 69 -8 -52 10 -41 -72 34 -32 85 -43 54 81 -13 -12 -9 83 52 -43 12 15 62 -25 -79 -24 10 92 -99 83 -71 -42 46 -48 -71 -17 89 -58 -75 74 41 83 7 -23 -1 9 43 59 -99 -82 85 51 84 -45 48 28 55 -23 51 -15 85 64 -44 -62 46 -22 -87 -65 33 34 20 100 -88 -71 -51 15 -43 -9 -70 -36 -27 52 66 -80 -20 15 -60 4 -35 -35 -83 -68 -16 68 -89 -22 82 -3 59 39 -39 66 100 -83 11 -16 26 -52 -31 56 90 -3 -79 -82 61 -89 -53 25 28 -61 -51 49 -99 100 -23 49 56 -97 -32 31 95 -41 7 100 47 -71 -62 -58 -48 10 90 58 -90 65 20 35 -36 -100 58 -40 -16 74 -51 86 -90 99 -100 -99 -21 -25 41 67 -85 52 -65 -69 -85 71 -1 50 -32 17
68 95 35 -36 17 98 81 37 14 -62 -51 11 43 -77 89 -35 -93 99 36 74 73 -39 -28 -17 -84 -31 45 -87 -49 54 100 69 -76 -37 15 85 46 66 -3 7 -40 61 46 78 60 84 -73 16 46 23 17 4 -49 -18 -38 76 55 95 -52 -52 80 11 -57 -25 -100 17 -18 11 -19 76 -59 20 -26 -10 -71 54 4 -46 85 15 45 -93 -58 63 -81 -22 86 -30 16 54 -50 -79 75 100 51 -48 72 -27 72 74 10 -27 -41 -67 16 42 94 -40 -42 -54 -17 98 60 63 34 -18 23 60 0 -87 84 43 45 57 -41 -47 37 16 30 -49 -57 7 -35 20 -39 22 78 -28 64 -93 58 18 5 -65 -34 -96 -54 61 -25 -67 -50 -47 -44 81 99 19 20 27 28 -65 58 59 7 36 -34 -41 -55 88 -100 17 86 10 -20 37 -65 88 28 -15 42 60 -77 -52 98 -6 23 -56 -64 -26 89 -58 -55 82 71 -18 37 39 -77 84 -11 86 48 -50 76 -74 -55 24 -61 -97 43 14 19 10 -60 -87 31 96 35 64 -43 41 -62 52 52 39 81 -9 26 -42 -63 -23 -80 -65 90 42 -50 97 -19 -88 90 85 79 58 64 -19 -24 82 55 -66 -58 -61
-35 59 68 -34 -27 -44 8 8 -43 95 13 -45 -26 94 -80 22 54 -65 96 -11 46 -32 81 -16 99 -63 10 -75 -53 25 -92 49 33 -85 89 30 57 -7 -72 -40 87 99 -38 -14 -80 72 93 75 -53 -1 -58 88 89 28 -17 43 -63 22 -43 -99 97 19 71 70 -12 97 67 -19 13 -18 -72 29 -60 21 49 27 18 -5 71 -68 22 6 63 5 51 74 19 -25 -45 1 50 -65 47 17 19 -1 -74 -69 -87 -11 98 95 -35 -67 -14 -54 61 -6 -65 33 89 -44 79 -36 92 86 94 43 27 20 64 -26 39 -49 -71 51 9 -45 48 -47 -41 68 -21 -20 -82 -39 -63 -26 -24 -87 -58 95 -99 -99 -42 69 -48 -28 74 -77 -56 -65 8 -30 43 -12 -96 -42 -52 30 -20 -81 91 23 60 65 -29 -88 74 -42 -14 -38 -13 -92 54 -65 24 -69 -8 -94 45 70 48 -56 92 -89 -78 68 9 76 55 50 -72 95 87 -32 -9 79 45 81 -55 20 38 82 -49 15 25 -88 50 -30 -41 -75 -69 -17 80 79 94 -97 -42 71 -41 -26 -13 -67 70 24 73 62 50 -6 36 -8 34 -5 34 86 38 -37 -34 -1 69 -75 -43 8 48 17 -51 46 73 72
-92 -39 -87 87 98 -41 90 22 62 -70 -33 5 63 61 -54 52 -59 -64 43 -2 -28 -77 57 -49 -17 39 40 -51 72 -64 42 93 -11 69 53 -41 -74 -34 -37 79 13 96 2 17 -20 -15 -100 58 -4 -96 65 7 -52 -56 -26 86 35 26 -2 -16 -64 -91 30 100 94 -35 12 -9 48 61 -92 -74 49 70 64 69 -56 5 56 46 3 -90 -78 82 -44 -48 -49 -26 34 -43 -80 27 -22 -7 -81 -83 11 85 57 -88 65 34 -6 -15 84 -72 -26 -40 -35 -88 60 92 79 40 87 30 -33 44 -56 15 -3 81 70 -9 9 15 48 -51 -23 -31 37 51 56 -19 -24 -93 -7 -76 90 -15 11 -61 -31 39 43 34 25 8 99 43 -53 4 -95 92 37 -12 42 27 -57 -40 -62 13 43 73 1 73 39 -63 24 61 7 96 16 3 98 -73 -47 66 -76 55 66 -67 91 47 62 31 7 -39 79 82 -98 41 -9 79 17 60 -49 -37 16 -76 59 89 97 98 60 -1 70 -8 -54 -100 -61 86 73 -40 -20 99 41 -87 30 -30 24 26 -1 50 -99 -28 -37 23 59 -81 -67 -93 -97 -38 28 -34 49 -32 3 65 -17 85 86 8 81 -99 36 76 -52 -29
-20 -47 37 -87 21 -14 6 38 43 -77 -57 -54 3 -61 -7 81 -91 -81 -79 -82 98 -20 -42 23 -23 77 -81 -93 12 -18 13 -11 -87 94 -64 45 11 53 -30 43 -4 78 -39 59 -85 -21 19 -21 76 22 -73 -18 -17 38 -36 42 78 -59 -91 94 -53 -64 -67 7 -57 30 -65 -78 17 -93 -54 81 -13 59 46 28 47 -22 0 -25 81 85 -34 19 74 56 84 87 -22 17 19 -61 -34 -22 -81 -79 -44 -66 14 -20 -58 -88 22 -90 -83 -74 51 -90 54 -39 -84 -80 -99 32 29 -82 -12 -62 0 28 -19 -89 -33 13 -79 -82 85 61 -82 -89 19 -91 -67 83 -15 38 -88 10 -88 -25 71 18 -76 36 -96 70 88 -52 -11 12 -18 -9 -52 -88 75 67 -44 -34 -10 73 84 6 63 -52 27 -75 -56 51 -89 -74 24 -26 40 3 43 66 -24 -86 -67 78 34 13 50 -58 38 68 18 76 -42 -100 -85 -88 -18 38 -10 16 -69 72 93 -14 59 69 2 -16 -37 51 86 59 47 75 -82 67 45 -21 -46 -70 79 63 -36 37 -83 85 36 3 10 -3 97 96 -1 80 47 -87 4 34 31 -50 74 14 -35 87 97 -52 -78 32 66 -39 77 27 24 -20
31 50 -4 -12 -3 69 22 29 -24 35 88 52 22 -100 -56 76 61 21 100 -36 -30 9 37 -61 18 -37 98 68 18 -94 37 -14 -24 -14 84 78 -18 39 71 54 86 35 -1 -82 88 -3 -90 -15 60 19 40 -48 41 -62 34 -74 69 33 -20 70 91 21 83 -81 -45 15 -26 -58 -89 -63 54 88 -62 4 50 -97 28 -61 -45 -72 2 52 22 -12 -50 24 94 -34 -63 2 -74 -30 63 -6 49 -63 75 1 88 -49 -3 43 -18 -79 48 40 -92 -12 67 33 58 61 53 93 -34 59 98 17 -72 28 40 -50 71 -51 -98 51 8 80 60 63 7 100 71 31 -38 -21 46 98 -84 16 85 -27 40 13 68 -65 -77 95 27 34 -93 73 -55 -17 -5 2 35 -58 78 -60 -78 54 -64 -93 36 71 13 18 -59 -82 85 22 69 39 -86 -85 51 -78 37 -2 65 48 -53 -26 62 52 30 73 -90 66 -65 -31 -20 71 29 -56 -41 -88 7 28 -25 -43 54 -14 54 -87 -79 -42 -41 -73 40 15 -46 7 -59 68 -9 -86 55 35 63 35 -98 50 62 19 78 25 72 52 -77 68 2 -76 -29 23 -43 -97 6 -22 -82 -83 55 100 -74 -77 9 -94 -71 -94
-1 -99 81 65 -83 57 -99 -2 65 -8 71 -80 -59 -52 -19 -53 -84 -71 56 -43 -83 -40 64 -81 25 44 -55 -77 68 -85 -72 91 59 66 -78 -67 -95 11 -29 -22 -43 63 41 94 -62 14 95 26 -97 13 22 -81 -55 54 54 -15 82 64 -47 -25 -89 -52 93 -64 -74 73 -69 -7 -37 -87 -38 -97 9 61 -19 77 2 17 -12 70 99 80 -20 14 -67 -23 -4 79 -15 -24 83 -100 -20 -40 -45 -64 95 79 -60 -30 -17 -81 73 -42 82 11 79 33 -98 -36 22 22 -64 -4 11 84 -69 43 66 85 -54 94 -92 -50 84 48 -63 56 86 61 -57 -94 -92 -78 -30 36 -8 -81 -43 0 -27 31 98 65 94 -86 -75 14 44 -87 -92 -41 66 14 -61 1 81 -3 -91 -93 -79 -59 -44 32 -38 15 -54 -43 -83 77 -49 -58 76 -44 50 96 31 -96 84 15 85 -50 88 71 77 21 40 61 37 15 3 77 26 58 -78 98 -61 -31 -3 15 67 -22 -67 -19 13 -73 68 97 -89 -72 32 -99 0 43 90 6 3 -70 24 30 -3 6 44 65 -9 -26 -2 99 46 -72 -43 29 -68 5 -47 80 -28 48 -92 90 31 -67 -68 65 -41 -77 65 -83 -13 -40
-31 -94 -15 52 -80 -93 -36 22 71 68 91 57 -43 -1 93 -18 -6 -84 -32 38 -29 64 31 35 -69 -67 -49 -94 -8 -20 81 31 69 41 -36 84 54 33 -88 3 -30 59 4 -5 -23 37 -31 -14 -10 80 8 -39 -72 65 62 75 69 100 87 -80 42 38 62 96 -62 41 1 35 8 92 -98 -21 21 65 -97 -18 94 44 16 85 29 -72 32 14 93 71 89 -82 -63 94 -19 8 7 51 -87 -88 97 -63 -22 -3 -54 42 4 -62 -89 -73 61 88 -77 74 35 71 -15 -53 4 -64 68 81 -52 -10 14 34 -80 -85 -8 -4 33 87 -60 59 87 62 -69 -49 -71 12 59 35 -59 68 -82 -1 -84 45 58 50 62 80 83 -14 -43 -88 98 -83 43 87 -45 79 55 68 44 4 34 -3 38 -79 -23 -90 -4 5 -81 -95 80 -55 -64 -2 5 70 0 -61 -61 -88 -20 39 -9 21 57 -64 -16 -24 -14 77 70 -52 -13 -26 75 19 26 93 95 -93 -8 20 78 -30 85 -81 -65 38 0 -15 -26 -5 38 86 61 45 34 -5 81 12 24 34 42 -68 -80 -37 -78 50 -75 -66 -41 97 -42 66 -70 -95 99 65 61 -36 -96 -47 -64 93 0 -74 -26 -71
-15 -84 74 63 35 89 -26 43 8 -44 69 82 11 -86 -6 -54 21 98 91 54 -99 92 -75 -1 11 -49 -65 20 -20 5 31 -69 84 -60 -8 -78 -50 79 59 75 45 -63 -51 83 -31 -3 -30 -80 85 28 -16 87 -44 -43 -60 52 -37 26 40 76 9 54 -99 -43 -74 -2 -100 -98 -91 -57 37 -6 73 73 -10 -20 82 -79 -20 54 59 65 -80 74 16 75 46 -71 -18 35 83 -68 -77 44 -14 -35 -34 -91 27 35 -11 70 -59 -57 -45 -53 4 -14 -75 20 6 24 -14 -77 -32 40 -96 -14 -39 98 40 20 52 30 -74 -69 -38 58 -2 -96 -51 4 52 37 -45 -30 -80 -19 -94 -5 75 -87 69 67 52 73 -69 72 -35 68 -97 -83 24 -3 -41 24 17 26 66 -75 25 -37 -33 90 -67 43 92 34 6 -9 -45 -65 -9 30 -95 52 41 77 74 40 68 -48 -46 -33 -19 -6 -74 -41 -93 -47 47 0 91 -74 -88 -52 12 -8 -8 95 -19 -98 87 4 -92 -46 -84 76 -54 53 -5 -48 79 2 35 30 -10 5 -7 33 40 72 -77 -17 -61 -20 27 -22 -51 -40 4 -51 97 -12 99 88 -27 38 78 -74 44 41 31 -29 85 13 76 67 56 -36
-69 -11 84 -44 -58 -60 -36 0 -34 -42 -56 -26 -28 -85 42 -75 -57 -12 -8 3 96 -68 81 -1 75 93 -23 -97 -69 -21 20 37 -25 -100 60 -33 -7 -11 4 -70 54 97 -84 -10 -29 -29 30 -35 48 1 8 38 -76 -80 -21 -81 -35 63 -55 -17 8 41 -31 -56 94 -99 -92 10 84 13 -29 64 60 45 -38 0 53 45 81 -60 77 -91 -19 90 -80 -77 20 -26 1 55 -26 1 37 6 93 71 0 9 -13 2 -68 41 -23 92 -41 33 -13 -71 18 60 -19 9 66 -4 81 -13 -99 -29 -72 27 -58 -90 89 -68 -47 -44 -75 28 72 6 27 -47 49 1 -23 -20 -66 -59 58 77 96 -10 -25 31 -73 82 100 74 -23 36 2 63 -12 -80 -11 -20 -30 96 48 -31 17 37 -96 80 -86 -81 -50 -36 94 -31 -30 17 77 -73 33 -98 -69 85 -43 3 20 -49 69 39 74 53 5 23 44 -52 98 65 -67 86 -25 66 -54 84 -48 78 -55 91 1 95 47 -94 -27 45 -56 73 6 31 25 -68 57 88 -72 -52 9 81 28 -42 -58 -22 44 81 69 -68 65 10 -98 1 62 47 52 78 26 -64 55 60 -96 88 44 26 20 -61 -4 -12 -8 45
-86 -52 -59 63 66 -33 42 -19 98 39 -71 -63 66 9 -89 -11 72 -21 -36 41 -4 1 -2 -30 -77 37 13 -93 -96 -63 -32 -84 7 -22 51 -99 -62 68 94 -13 -26 65 94 80 -12 -21 37 -62 -41 49 -47 17 57 69 49 12 -13 17 9 -8 36 93 87 4 78 38 64 -64 72 31 67 29 49 25 -2 5 -34 -13 75 12 -58 -58 -67 -3 43 -30 -96 -95 92 82 19 -19 59 -87 29 -72 80 43 74 -37 31 -17 78 -11 20 70 -3 -99 -96 -43 19 -26 -95 -3 -28 -74 7 -35 92 -91 -42 78 -82 15 -8 83 -48 -79 -34 45 -54 50 65 94 -32 74 1 37 -9 44 -85 8 45 -50 -36 -36 -31 78 -96 39 92 80 70 -89 -67 -68 30 60 -26 -65 52 17 -26 -64 -58 92 71 87 -80 -100 -61 64 97 -87 -1 -59 87 -43 -27 -48 92 10 -4 -8 -53 -82 -5 -54 -83 74 -54 97 -49 28 -45 -81 -7 -50 -75 44 4 -31 26 -70 -89 -37 67 7 52 5 -56 -69 91 -15 99 15 84 17 12 16 -3 39 94 73 -50 -49 31 0 12 -58 6 -82 36 28 -7 -43 -1 -44 -49 -89 35 94 80 7 98 28 96 -52 -66 0
-59 3 34 94 50 42 28 18 67 79 92 -85 -56 -81 18 44 -31 44 81 13 -31 38 79 99 36 -77 27 -64 90 67 -57 -95 -22 39 1 -75 21 -48 -2 56 -76 -64 -68 -56 20 23 47 46 -2 83 -82 -59 24 60 39 10 42 -7 -42 -78 62 -41 -50 -79 -63 4 73 -41 -71 -6 40 -14 -96 -41 4 8 -42 83 -93 -64 -71 -74 64 -99 20 -1 -55 86 65 -19 -91 -2 -67 86 40 -43 -70 -32 84 77 -1 6 -97 -76 15 10 98 -20 -69 -82 69 59 75 51 5 79 67 -49 -22 67 -14 39 -44 4 76 -31 -43 50 -78 55 -38 65 44 44 28 32 -50 -84 100 53 38 -35 95 40 66 40 -1 68 98 -91 7 30 80 33 -56 67 91 86 -63 -57 -63 -62 -71 56 25 19 63 51 82 93 78 -37 68 56 -30 5 -81 -53 -75 33 25 0 27 -84 -31 5 -42 97 72 -29 -53 -37 -61 94 -75 97 -37 -19 59 79 -20 66 -92 -95 -16 46 55 44 1 -74 40 -87 -31 -33 14 -51 68 66 74 -30 -13 62 -73 -70 85 -54 -55 14 6 -25 -1 11 -28 97 0 41 9 14 -57 42 -69 88 59 -7 93 -54 -72 20 30 4
-53 -95 74 19 38 -91 -59 28 -58 -40 -19 -18 -27 82 36 71 70 14 -2 85 62 32 -61 28 92 57 -61 -25 45 -24 -95 90 79 -80 90 -88 60 87 10 -86 49 -35 89 64 36 -23 89 -2 32 12 49 -13 -64 -73 -69 -33 61 15 78 74 -33 30 13 -74 -92 65 61 84 -26 74 -42 13 83 68 -67 -10 -53 87 -65 -95 -1 -97 -30 36 -100 -99 -10 81 -75 -47 -4 -36 94 -22 38 -64 20 16 -14 -90 -55 3 72 77 -80 54 1 83 -38 -83 -80 -98 -62 14 -51 -45 57 -4 70 47 57 -1 81 -3 -90 -34 -58 81 26 -43 -71 47 -50 -15 98 -75 -78 95 -26 -35 -44 78 -71 26 20 48 -15 -20 -39 71 -14 65 -17 -45 -32 -81 -74 -66 39 -52 -11 59 -36 -40 -62 -98 -47 99 49 5 -83 -94 1 1 93 65 -64 -1 62 -23 -50 10 -58 2 -39 -3 79 56 58 -12 -28 -5 -6 -66 -66 -78 85 7 94 -92 -22 -86 -98 84 92 100 43 -73 -65 -39 -82 -36 -43 -17 -83 -74 56 55 81 -21 76 -40 -49 -50 -66 9 58 83 -55 -74 83 -68 -45 -90 -38 -6 10 -99 -40 60 -42 39 47 16 54 6 -30 -16 -83 -89
-13 -71 -65 -100 73 72 -31 -65 13 81 52 -13 -67 -77 20 -16 56 39 72 -56 36 88 -46 -66 67 61 -67 8 37 93 -95 -11 -23 48 -7 74 10 -58 -28 -78 -23 31 -90 31 6 -84 17 -9 -76 73 26 84 45 7 -99 -16 5 39 -16 -25 54 -92 84 21 50 -79 -76 42 35 -42 -46 46 -85 22 92 21 8 46 -37 45 -90 46 15 -10 -73 -33 -95 -1 83 -83 -23 34 -39 -59 55 17 3 -69 -56 46 -77 14 86 86 55 33 88 99 -43 -55 86 76 32 -51 98 98 -83 13 -100 -31 64 11 69 0 -82 6 62 -29 54 -63 -77 11 5 -27 -85 -6 6 -30 58 87 10 -9 -78 -23 -56 5 -17 14 -92 -33 3 -17 -35 -40 100 -59 2 -71 25 21 -77 71 -32 96 2 -43 -51 -46 -52 -78 -5 -18 79 -76 -72 -45 -1 -29 43 81 59 -22 -58 79 -73 92 46 100 79 -25 52 -19 -39 -87 96 57 -90 57 31 77 34 -62 -9 -25 -60 -55 59 -26 13 -71 69 -32 -45 -31 -26 -91 -10 95 16 -90 96 -18 47 -49 8 44 -11 -93 80 26 10 -33 15 8 -54 -11 13 79 93 -62 12 -76 76 -39 -13 -59 -33 -24 -47 -76
79 -56 -86 -32 66 71 -72 71 37 -94 8 -27 -4 -11 -73 44 31 30 -35 -43 -82 66 31 -48 -88 3 -33 21 -95 -59 -57 -93 5 7 49 -25 -81 -59 32 57 -54 -37 15 40 -43 -5 40 96 -7 66 62 20 -18 46 86 9 -100 -42 67 12 57 59 -8 -64 -35 -57 -44 49 18 0 29 52 15 -65 75 -84 -60 -65 83 96 11 71 -71 -20 48 81 -64 -8 -46 14 97 -50 -93 52 -26 -51 -6 79 37 50 54 66 34 -97 44 77 0 9 -15 53 73 83 89 94 -48 58 -13 -38 87 -94 91 59 25 -77 -5 -76 23 80 67 84 66 -35 25 85 55 -53 -9 3 -46 63 -24 36 42 -16 94 -34 -33 -34 61 67 -12 -39 -32 13 68 10 -32 84 78 98 -100 -6 76 -64 72 -3 93 -23 16 68 21 1 10 -46 66 -69 -59 21 25 20 -77 20 4 65 -52 -58 48 88 -26 -76 35 14 -45 7 -91 -13 77 84 -76 39 8 96 -27 55 95 -51 20 -35 -54 96 12 87 -44 -60 84 -16 -20 13 -37 82 51 76 49 2 -38 75 -95 21 -57 -31 43 33 -5 -9 79 -39 56 -100 42 -42 -52 -58 -92 -46 40 -71 -100 -34 88 1
79 2 66 -65 1 28 14 45 60 41 -98 -85 -5 98 76 -69 37 69 100 -39 28 58 50 76 95 51 -61 97 0 -32 -38 95 -41 -38 92 83 -50 39 -28 -20 -30 -85 -95 61 -57 -71 65 9 -6 -25 52 95 -10 21 -96 -82 70 70 73 -45 22 -59 99 85 -60 -76 -74 81 17 -78 73 93 -65 -99 75 -15 63 -45 -39 64 88 -91 -45 -23 -9 -37 35 75 9 -40 30 -18 -29 81 50 38 36 -2 40 41 -61 51 -10 18 56 -50 -40 -96 -97 -57 15 -84 100 -3 57 94 78 -34 97 81 67 30 32 -86 87 86 -65 -87 -48 17 66 -22 -33 10 86 89 -16 -50 13 87 6 82 -73 71 -7 97 -18 35 91 -1 33 -73 -22 -78 -56 79 -86 -70 -73 -74 41 -28 -34 -12 -90 8 94 -54 -26 -7 -75 -49 -57 -49 -77 -83 -63 -2 54 -83 -27 24 -36 40 -87 -36 -94 -57 100 -35 86 91 -89 55 94 -38 89 81 -63 -90 -53 54 96 57 9 57 -7 98 89 -66 47 35 100 -11 -74 -25 -39 -80 -49 -76 4 39 -40 -98 -82 -4 -5 -77 33 -75 87 -80 67 65 16 -17 -64 -82 83 93 -27 7 -82 -17 2 90 60 87 14 -81
45 30 -24 -35 40 -51 -89 -89 11 -74 -68 86 -29 78 -21 10 -34 82 -65 40 68 61 90 -52 42 87 72 4 35 -43 -27 -66 81 -18 11 -26 -56 46 -36 -97 40 -72 94 18 65 -97 18 66 61 -12 32 24 -95 84 0 -36 32 74 20 38 -99 7 20 -60 61 -76 -53 -25 73 10 -14 65 -44 -59 16 15 6 1 31 5 -44 -58 94 96 -7 -98 -81 2 37 46 -25 26 -74 34 -60 76 100 -91 -83 -58 -39 64 -30 26 -72 -98 63 -88 -48 -19 86 30 32 9 48 0 -4 -28 89 -94 87 1 36 -30 43 94 -6 -48 62 -71 56 -10 -81 39 34 -98 -85 -15 -17 -65 99 61 32 54 -91 73 -76 27 -97 61 47 66 92 43 -57 -21 -59 -10 99 92 68 90 54 64 42 -9 -19 -12 -7 60 51 25 -60 12 -54 -94 -70 -41 97 33 44 49 -82 -72 71 -22 -87 53 49 23 -46 89 39 57 75 43 -17 35 -9 -39 8 -17 -54 39 59 71 -92 -88 -39 13 11 -76 -94 -99 -62 24 1 62 -46 -51 2 -81 27 54 -40 -61 99 60 -38 -40 41 8 33 81 4 55 -3 64 92 99 -68 -24 16 -83 51 -98 -34 -30 6 -29
71 30 -54 -84 25 -45 42 0 -27 37 13 73 -59 -44 59 92 -25 -23 -64 51 -58 68 -80 -38 -16 -17 2 -62 71 83 -49 26 -74 -29 -27 92 95 71 -68 63 9 51 -54 91 -94 -42 -3 48 -42 -46 56 -36 54 -54 -59 -64 33 -97 -58 -7 100 -21 -89 42 -83 68 81 -95 17 22 -34 -46 -61 -25 39 35 9 -4 78 34 -18 -84 -11 -27 -23 58 -65 49 -30 35 54 -48 64 -11 79 72 -31 -81 -38 -94 -58 32 -10 -56 -96 63 -72 -64 -5 -59 93 -35 82 -73 22 -8 -33 52 -12 13 46 -93 97 72 -13 -18 -93 64 -69 -35 -63 2 -100 33 49 -42 13 22 13 13 -91 93 20 10 80 70 -52 59 42 58 8 -94 56 -85 89 96 46 4 52 -74 57 -88 -41 18 48 76 6 -85 28 -8 12 -85 -79 -12 82 -74 39 25 8 -81 -79 -64 63 74 98 -97 -74 65 -69 44 -1 53 -83 -30 65 29 10 41 70 -21 20 -99 29 83 65 68 2 -92 -28 92 76 47 2 -69 -24 94 100 -25 19 -10 39 -56 -43 -96 -19 -84 -64 -86 -34 66 0 -4 1 -58 -96 30 -71 61 12 -71 60 -69 -15 82 57 39 67 24 83 27
74 -45 47 -74 27 -8 25 32 85 -95 -85 73 -47 4 -18 97 42 10 -94 86 -3 78 -63 84 89 -84 77 -100 -79 33 11 7 21 37 -64 -86 -68 -59 -84 -68 79 17 -82 66 46 72 55 -19 54 -87 80 27 32 -48 83 18 -42 12 94 85 68 1 1 -86 -9 -98 25 100 77 17 -8 29 -32 97 -29 -48 -44 31 -54 -6 73 5 57 -29 -26 76 -99 15 15 0 -52 -10 11 2 93 -52 -29 53 -65 90 -16 97 65 -20 74 61 67 21 -99 -37 -8 -70 -1 -52 20 -24 0 -10 9 -48 24 -88 -17 -21 93 61 -8 34 -69 76 37 -47 86 -2 -3 77 -90 34 93 22 -22 -95 -31 41 15 -34 24 96 68 -82 91 63 -50 -58 48 52 -21 94 26 29 -83 17 58 79 63 68 -95 -33 3 50 27 0 -19 66 -74 43 -10 -36 67 -67 96 -2 -19 -62 30 13 -26 1 12 24 -22 -43 93 -90 73 -41 26 -82 -73 77 -15 5 -71 -54 10 21 64 78 -26 -44 17 22 73 34 84 -3 96 -64 -92 13 -55 14 -44 -2 -79 -61 81 -76 -23 -15 -52 -20 74 -90 82 -96 -6 56 44 54 9 19 42 15 -18 -19 41 -55 -65 68
-31 -95 47 48 11 -72 -100 -84 -35 -54 1 -42 -34 65 -19 9 -52 57 94 -52 -69 -1 -40 15 53 -53 -61 -56 -87 -56 -78 49 -2 -27 -70 -57 -22 -53 -58 27 -37 14 -80 18 46 -31 -31 -99 -90 -94 -68 -10 91 -11 -57 36 -44 85 19 33 -41 64 -80 94 13 30 7 -15 9 16 -81 79 -44 35 20 2 -36 90 23 -47 34 72 53 25 -53 31 70 84 -58 75 72 18 -78 6 3 -77 13 23 1 90 -54 1 36 -58 -24 67 -59 -37 38 22 -56 69 78 -64 74 -37 84 -59 49 2 -49 -86 50 -29 1 -8 -28 41 100 -50 -32 -42 -33 41 57 7 -8 -85 55 -21 -97 49 90 -26 45 -96 67 -48 -63 -44 32 86 -11 -6 24 -14 17 -9 -22 13 94 99 -100 24 -19 -74 -3 16 -68 75 -13 -87 60 22 94 5 94 -1 -33 -50 83 62 6 82 50 -53 -72 -5 -96 -16 -96 -73 -48 38 -56 76 54 -57 75 -77 -20 37 -25 82 72 37 83 -42 -95 33 91 -31 3 79 -25 -98 -31 38 -24 95 72 -8 -71 16 -25 -64 39 88 16 -34 -68 28 -9 -62 -78 -17 21 18 79 -32 32 17 -73 -19 83 -65 37 -59 13 -25
21 1 -90 29 -37 -38 -90 67 -88 68 74 -43 10 -72 -85 -75 -48 -23 -61 42 62 -75 -39 -3 81 48 71 69 42 64 39 -24 -53 13 76 -53 -27 34 93 3 -32 -54 19 43 74 -88 42 -49 62 -7 -56 -5 65 -77 25 -63 -69 -55 21 -8 -24 -84 21 -38 -71 -9 -48 -24 4 79 0 53 28 -18 -30 -70 -75 89 5 17 -10 -87 -81 79 -49 -87 65 75 -98 -41 -11 -49 -36 47 -75 -79 72 -78 72 93 45 -81 11 17 -2 -27 -53 -75 -26 -42 -45 -74 -51 42 -9 22 25 77 -27 -88 -94 -42 -76 -90 -62 90 -59 53 -67 87 7 -85 -28 -3 1 -14 54 4 5 -30 26 12 19 -30 -56 -6 -84 -71 65 -12 75 54 -37 43 68 -74 -82 -41 37 11 5 -69 98 -78 2 -24 16 -33 -24 -72 -59 -90 16 -67 -26 59 -90 -24 78 -38 44 4 -76 38 100 -32 76 25 -21 -81 -47 96 57 55 -74 -59 -47 91 36 35 -77 48 -2 75 -77 -59 21 -63 -25 -56 79 5 -47 24 -3 88 62 -93 29 -31 39 -14 -4 -62 48 -15 75 95 -61 20 84 96 63 -50 33 -21 79 32 74 -2 -4 7 32 -83 -32 50 52 52 -3 -34
1 80 -88 39 -50 -20 -86 38 65 -80 -72 7 13 -25 -89 -11 3 -65 -90 -80 -5 -100 -22 18 -64 -54 -68 -44 94 77 80 -98 4 2 -70 -14 98 89 -81 4 -41 -1 38 56 -61 46 -39 29 -5 -66 -40 39 34 10 84 -51 34 -28 83 -20 -19 13 45 27 60 38 9 44 -23 30 -9 -88 31 48 36 -71 26 -24 2 -10 -94 -86 76 48 -59 82 -8 -69 -31 28 16 -38 9 69 -25 -71 91 69 -10 45 -1 -82 -45 -50 -77 -87 -91 -95 -95 29 89 51 -56 -40 25 50 89 37 44 -65 -2 -83 -93 -74 98 32 62 -57 42 58 -37 -89 -80 7 -56 99 35 52 96 11 92 -12 -19 21 -68 79 -4 87 13 86 -48 -85 35 92 -1 -78 44 -86 21 -8 50 -65 -13 -64 -60 -77 -48 -53 12 -99 -72 56 -33 58 48 10 -67 72 -42 89 -99 -54 -94 93 51 88 75 -70 36 93 19 29 43 -94 -30 42 28 -79 14 -76 -97 -12 99 -93 97 -68 15 -42 32 1 92 35 49 10 -50 53 88 -77 40 -87 -28 36 -25 -24 -24 95 -59 -17 -21 -60 -27 -10 60 -37 -41 29 -83 57 68 68 21 17 22 -96 -68 -39 -69 -99 56 4
47 20 -93 8 48 -58 72 2 -10 -91 -26 84 -43 -54 -9 12 -46 -71 -19 88 15 -62 23 -45 30 -50 2 98 92 -88 -55 -64 -36 89 44 47 -57 64 -96 -27 39 67 -88 14 48 33 -82 21 29 58 -76 -100 -8 -22 68 99 14 -4 -76 -68 -46 79 -42 3 -62 8 47 49 34 31 -5 -88 74 -42 79 -62 -83 77 -30 98 -81 -2 44 83 0 -28 63 -26 84 60 -77 86 -88 17 99 42 -11 -25 26 -58 73 47 -83 98 85 -69 44 12 -39 -15 -96 25 24 -100 -30 -13 70 95 -35 49 44 -22 -93 -97 39 -80 -21 -76 -100 -6 59 -72 -75 84 85 -57 39 -18 -64 -22 68 -26 -55 23 87 -94 -6 -85 6 -88 24 67 43 54 39 68 -2 -88 -67 -22 62 -88 -93 23 93 29 -93 -60 24 26 -89 78 -71 -1 39 41 99 -93 -85 81 -21 92 -15 -89 -5 72 -76 -83 54 66 21 -56 -13 75 41 68 80 -68 -14 66 98 25 -68 70 -62 -68 -29 23 -38 -39 92 -3 30 30 25 -65 1 40 -64 -51 -57 35 -26 -91 48 69 -22 63 -20 9 -64 -38 5 16 32 65 -56 20 -91 40 -27 -46 89 81 -71 -89 -7 -40 -15 19
98 -38 4 -75 76 -75 -94 -18 56 38 -23 15 24 0 -99 -78 83 60 80 -78 51 -16 -56 32 78 63 -95 66 61 -33 -38 42 -10 -20 -88 -12 69 -58 -38 96 70 -84 53 -9 -44 -38 -45 7 -18 36 -47 60 -74 -17 -86 -56 -92 53 79 27 -33 90 90 -86 -25 -58 -7 -73 -21 -90 64 24 82 -94 -84 73 92 -15 66 78 -3 -93 -80 -98 65 77 -73 -25 -62 61 51 -30 88 -68 -76 -83 65 -86 96 74 -77 23 89 16 71 -65 -47 11 7 25 -5 13 -48 -38 -48 -30 42 40 58 4 40 -87 79 -21 63 -58 23 -4 -25 -56 -37 -23 -29 -37 -52 -92 62 -38 19 -25 60 -32 -36 62 -72 4 -90 60 89 54 18 -52 5 60 58 63 100 17 -49 -62 -25 -93 41 98 -70 42 -24 -30 -43 21 -76 -79 30 94 88 -42 91 38 -19 -13 96 72 43 7 -69 4 77 98 -83 -81 91 58 -6 -87 22 -8 74 -61 -59 -46 26 28 -23 -59 -21 -15 -32 78 28 39 -84 -27 -43 -82 -24 51 -70 -41 -25 70 -9 73 6 -99 9 46 -5 -66 88 20 -18 0 -49 -64 72 -24 54 71 93 -70 -81 -87 91 96 -1 78 -96 -13 -15 -93
-83 -31 83 -13 -9 -97 -51 88 54 -96 80 -24 1 68 73 -5 -76 35 -82 53 75 56 17 -53 40 -64 -98 2 -39 71 61 98 76 -86 28 30 -18 -86 53 -63 -83 55 -8 -84 -81 -60 -31 -50 98 44 -50 68 32 -33 29 32 48 -58 23 -47 59 -87 -99 73 87 49 88 31 -95 -54 45 -81 -17 39 50 -59 -94 67 23 -66 8 57 50 -36 -3 -20 -9 -88 -100 -34 94 -19 -25 86 21 11 48 6 57 77 -98 99 -31 -100 55 56 -98 92 -91 4 -50 95 -96 -89 -60 23 -4 -98 3 -59 40 -91 -83 38 4 28 24 9 75 -88 43 3 -16 99 3 -91 -31 89 28 42 -8 14 69 -85 -25 -99 -56 76 49 16 -36 -5 -68 97 -50 -49 87 -1 7 45 -50 -58 6 71 27 63 -88 -42 -46 88 -94 88 23 9 -16 -32 -68 -83 54 -34 61 -68 -68 63 73 23 -48 36 62 57 -91 -1 45 -28 15 -97 67 36 6 -62 -3 -15 17 -59 83 -69 69 83 21 3 26 -83 68 23 -33 34 -62 -67 51 -77 -64 -100 53 1 74 -35 -10 5 -61 0 64 -36 -84 -91 -37 8 -8 17 -77 -99 -72 50 70 42 -83 -24 28 45 -54 55
73 100 -78 87 49 64 -73 93 23 52 77 25 -97 48 -65 -24 38 9 71 -16 -69 74 -41 -49 71 56 -79 82 91 47 77 61 -30 60 -14 -77 3 51 71 -15 16 -58 -92 -86 86 -49 40 -71 57 -38 72 33 47 -47 -34 -68 74 41 14 -46 -67 -36 -65 -77 -85 -75 32 7 49 34 -19 31 -86 66 -89 43 -71 65 43 -26 -54 -82 85 -19 -82 68 -37 42 43 -16 -24 -82 37 -90 76 -78 83 -76 -7 42 -43 21 -89 100 9 -72 9 72 -76 78 56 -14 6 -62 -39 -98 -44 -4 -21 -26 -15 -57 2 41 -32 60 -38 16 6 88 -26 -31 94 12 -83 -42 -28 -17 58 4 51 -99 -92 5 -49 17 -16 -9 -38 97 -60 -70 -64 -14 53 100 -46 19 6 -71 -67 49 34 74 82 -71 -8 -79 -8 -67 64 18 -73 -22 39 86 36 -45 -23 63 -22 16 -32 -35 -13 -57 37 -36 -64 -49 71 -93 25 -25 -84 9 -76 -90 -87 63 -62 15 64 99 49 -68 -90 26 17 71 -69 92 83 -95 98 69 29 97 94 -9 -98 -39 -38 -41 22 -6 7 96 58 61 -23 -47 4 73 33 -65 46 -97 42 39 -29 -51 81 89 -82 -11 -94 95 45 70
6 -57 -51 -71 -66 36 65 -45 44 57 59 -77 -69 3 -70 -59 -2 47 46 62 -73 -32 29 46 -67 -49 29 84 73 50 33 42 -71 -100 20 97 24 35 -37 -70 -35 -87 43 -7 2 -6 -44 88 22 10 38 -9 -56 -15 -7 100 64 -86 -100 -97 50 85 94 13 -57 26 86 8 37 88 47 9 -34 70 56 85 0 45 -59 9 -6 23 -78 4 -8 -73 9 90 5 55 37 10 71 65 62 8 62 56 80 85 -70 -12 37 -59 42 -80 1 97 -42 -5 -19 -21 47 19 -97 -41 -90 3 -60 -19 76 -35 97 -4 32 50 76 46 -59 -57 76 -24 -29 48 -72 -20 -70 26 -11 -40 45 3 61 49 53 -57 42 30 50 -30 88 -61 82 42 -2 94 -78 -44 -16 -71 -94 28 -36 6 -71 -68 54 -50 81 -56 -38 -93 -6 -77 -59 88 40 5 -53 4 -93 38 15 11 26 72 34 16 49 -68 -46 14 7 69 -40 -89 22 6 65 -91 64 -29 -77 4 -45 -9 50 60 51 -70 -48 -22 70 -11 99 88 77 71 -88 -12 77 83 -25 -86 -65 -71 -10 96 -20 82 -79 -62 95 -27 63 43 -68 -28 -23 17 -35 12 -78 -83 64 -10 -68 28 -43 -31
-77 51 9 70 46 37 -43 36 -38 11 -63 85 67 95 -32 68 2 -49 -43 20 -47 74 -71 -95 -74 -24 87 28 47 80 13 23 35 46 -81 -74 -8 65 -83 15 -14 29 -8 5 -92 61 -79 56 -10 -17 -53 28 -67 -64 25 -7 92 30 51 6 26 69 48 87 -72 25 92 52 -21 -40 -37 -38 -90 -61 -48 -51 80 -62 41 -97 57 -94 74 -78 77 0 36 62 13 -50 -18 9 -2 -79 41 5 26 81 -51 17 14 -64 34 -29 35 -85 -30 47 -22 -93 -69 24 24 -13 82 74 -88 -11 -37 -51 -24 36 57 39 -13 42 -85 73 66 33 -78 11 56 -2 -52 -78 -67 -39 93 31 29 -82 65 -43 100 14 -77 -2 -60 39 41 29 21 -37 -65 85 39 -46 99 82 -71 79 92 1 88 -63 69 78 8 73 -66 26 -24 -46 91 12 -76 79 5 85 14 -24 36 1 8 -10 -53 72 -24 75 -67 39 4 78 38 -86 -12 45 14 -55 53 63 -49 -28 -97 57 17 32 21 80 -41 -22 80 81 -79 4 -73 53 72 0 58 14 7 22 -46 -19 84 23 -74 22 -47 -66 -53 -50 34 81 6 97 -6 -2 -78 -97 -86 15 54 89 11 -1 58 38
-32 -16 -29 -43 26 91 89 67 -77 76 -80 56 -76 42 -32 -81 89 18 70 65 87 93 87 -92 95 44 82 40 -81 100 -65 31 16 -84 92 59 -52 -13 -38 71 -40 -20 41 -40 -47 97 60 97 37 30 -10 5 -63 -13 87 68 -92 -23 36 25 -19 5 93 -91 -92 21 83 2 36 25 -92 -10 -73 -26 -82 18 -31 33 -67 -14 -66 -64 77 -12 -54 79 -96 52 -98 63 -41 18 25 -19 -48 -38 -84 -40 -30 47 1 24 37 -18 25 79 79 5 -18 -51 25 -70 54 97 -57 -52 44 94 -10 -16 -71 13 -73 76 -4 -67 -83 -62 89 -60 -59 -88 20 8 48 1 -47 96 94 30 -63 -98 68 33 20 -83 24 -90 41 -50 55 -14 -14 12 -41 96 -57 52 84 48 -89 11 -86 -16 -94 -76 -91 53 -14 -78 88 76 37 -98 88 48 -47 3 -4 59 -82 77 -79 65 -53 -69 69 -91 33 99 -60 -34 16 -36 -7 -56 -35 -96 -84 -8 -10 3 15 46 3 -72 63 53 -27 55 28 13 15 -36 -7 -40 20 53 1 29 -62 -59 16 -34 38 -11 -15 -44 66 43 62 90 -49 97 -66 93 87 90 16 11 -27 38 -72 -79 -66 -75 -28 -28 22 71
87 74 -13 80 -50 -32 39 -14 76 48 -73 -68 75 73 51 94 -76 -8 -67 62 30 -43 82 -30 26 -10 -15 37 7 -61 -6 -76 -16 -4 67 64 33 50 -69 47 64 -42 -30 5 52 -35 80 61 -16 4 40 4 0 24 90 49 -99 -39 19 -28 -20 -66 -26 -42 -24 -39 90 37 82 72 2 -69 -55 73 60 42 -67 46 -47 -47 85 -76 -92 -43 73 -51 16 -33 31 -77 65 51 66 85 -62 71 8 2 7 92 23 50 -93 -18 -5 32 49 -42 -39 23 -44 27 -91 -21 21 -74 -65 -6 -27 53 6 -62 -16 -91 -35 82 -74 -69 -30 -98 77 52 100 -49 -81 -88 52 82 -96 67 98 60 -17 -100 7 -41 60 -64 41 75 57 -48 -5 -59 -74 47 78 35 -87 -34 -94 58 -80 23 80 -69 -97 70 -6 18 89 -61 -42 -48 59 29 90 -71 13 -23 -1 31 88 95 -74 -32 85 70 55 -23 77 -30 11 64 -96 26 27 -82 83 86 -87 -14 75 93 6 20 53 -33 -42 27 32 22 -62 71 39 56 63 94 -70 99 70 -72 -83 96 -6 -94 89 -79 5 -3 -62 -80 24 94 -51 -60 -59 -35 -48 10 -67 -92 -90 -75 -74 6 67 -34 81 -77
-17 83 67 -66 20 -40 -50 35 2 48 87 -67 38 69 59 -8 -52 -38 -71 22 -12 -91 73 -24 74 58 -47 -14 -94 -32 52 -83 -21 59 5 7 46 30 -41 22 44 12 2 -81 -84 -40 -80 -92 32 48 -90 -6 -79 -80 -84 -52 23 90 73 30 -90 -20 88 12 -41 -100 13 -86 95 90 36 28 -54 -15 67 12 -15 60 44 36 -13 85 89 -63 37 -10 -19 64 29 85 13 -93 92 -10 -38 -82 90 -77 41 -100 32 -25 17 -50 -74 77 -54 -45 -38 80 -89 4 -52 96 12 -97 72 -16 -7 6 -97 64 -10 -59 86 -75 54 -11 -5 36 -4 -46 -77 -21 37 16 64 9 -96 -4 -22 -39 58 -56 71 -20 -96 12 -35 -2 4 -69 62 17 93 76 -91 69 -91 -97 -46 35 -44 43 5 -81 -47 -47 -90 85 68 -5 -87 -70 42 99 83 -68 -41 -1 59 68 -88 23 25 -44 -55 53 -31 -36 -56 -1 -44 -18 -26 26 15 -61 89 -82 90 80 -49 -59 -15 59 36 70 97 -18 48 -22 -23 85 -35 -99 33 22 94 -16 -50 89 -63 -30 15 55 29 9 25 72 -42 -88 2 35 -31 -6 5 -33 92 -46 -26 -17 69 43 -84 37 76 47 22 -67
-88 54 34 47 -42 -100 51 39 -29 -55 0 36 5 -10 58 -34 8 58 -55 -44 94 19 29 -86 -33 55 -82 -68 -54 56 -11 -11 79 -49 86 -78 42 19 76 -9 65 48 77 -65 -52 68 96 96 43 90 14 -1 -97 17 46 -35 40 -65 48 84 -64 -5 78 -16 49 42 58 -6 41 -88 1 -72 -6 -26 -56 54 -30 75 85 -24 -12 75 82 22 2 44 -77 -24 -56 -76 0 78 -30 49 -66 -78 51 17 -95 55 80 -29 2 -56 -90 -17 -24 -91 10 -35 70 73 -69 67 -55 2 -31 12 79 28 -79 21 -68 78 64 -86 84 6 67 -77 65 -14 42 -76 63 34 2 96 -14 -35 -61 -2 30 -82 -20 -38 85 -74 53 31 72 -60 -41 -49 79 7 -37 45 -1 72 -39 -49 88 85 18 -93 -90 -70 -55 -48 6 -49 -3 96 -82 -61 52 61 -66 -52 63 -61 -16 -56 39 -48 14 -76 -36 26 -81 -52 -97 97 -25 59 -2 -59 40 -23 -16 27 83 91 68 -17 -88 -62 -42 3 -3 -74 -15 84 -76 -30 46 -47 19 -61 35 18 93 -87 -14 -31 -83 -97 71 -64 -82 -47 72 12 12 18 11 38 -74 84 85 -56 -10 0 -11 -38 -13 0 -86 6
-76 64 -73 66 -15 55 32 -89 84 -11 46 -83 33 -97 -28 -49 -46 52 -21 3 -61 -18 20 14 5 -36 -47 -8 20 93 14 -25 -8 32 -12 -22 75 -87 88 66 28 7 -87 -73 -57 56 5 -84 -28 -64 54 -21 -31 -63 -14 39 -17 -23 -73 -91 -67 68 -65 65 2 4 -57 67 60 4 41 -22 -73 -7 18 -15 14 24 -30 5 36 -94 95 -41 6 26 -100 70 -68 -6 82 -28 -11 91 -6 -75 91 74 95 70 -63 -14 -31 68 -26 -12 44 13 70 -36 4 19 -66 -85 -38 72 67 35 -45 62 87 91 -6 -90 -4 7 -74 -9 -62 93 -80 76 -49 64 -35 -31 16 81 60 64 -41 -90 10 43 -93 -93 50 -5 10 -82 8 86 77 17 91 -18 72 21 -35 41 -24 70 -39 93 8 -21 35 24 99 3 50 -7 -2 -81 -11 -10 -74 -29 -1 9 -54 77 -57 -25 49 61 -81 -65 43 -70 16 11 -24 96 -47 75 78 -54 81 -39 84 -3 40 -98 24 89 -64 -30 -85 -22 -3 35 -7 31 -62 -22 97 -74 5 46 -97 -33 -86 -21 18 -24 95 -68 -32 2 97 87 53 -59 -28 62 -36 -35 -82 -30 -56 -53 73 25 -49 10 -79 14 -60 -83
-93 29 -15 -35 88 -13 -3 48 -95 -60 -53 96 69 -18 23 20 -98 93 -15 93 61 64 -82 85 44 -64 79 80 29 -79 27 31 -91 -26 -62 -11 -71 51 80 -2 -34 66 -85 -80 -17 -84 -4 60 -60 -93 -49 60 53 50 -21 -53 80 80 90 -50 54 -69 60 -67 51 78 89 52 33 82 -59 -95 2 70 100 20 -96 33 -69 -21 37 93 -63 -87 43 80 -83 -31 -12 -43 78 75 80 -56 19 -6 -96 -85 83 22 48 -18 50 3 -86 -40 -16 -47 -29 63 -47 100 65 -88 -5 -82 -14 -55 -26 -36 48 27 85 6 83 34 -56 -74 -83 -7 -72 -58 85 -15 77 62 -69 -63 -10 75 48 -37 57 11 -40 -90 19 99 -98 46 -91 3 -16 51 88 -70 11 6 -97 71 -98 7 -57 -32 65 16 31 46 8 -26 35 74 42 84 90 -57 -91 74 79 17 -14 -62 -36 -86 71 -58 -63 80 -89 -34 76 -59 -57 27 -69 2 4 22 26 2 30 49 26 13 -77 -49 33 83 96 -58 -93 4 -20 85 81 -70 -90 -44 -84 84 -74 63 63 -23 -73 5 -75 -24 61 89 -78 85 -40 86 38 -82 82 22 33 85 -33 83 -37 85 -85 -56 31 79 98 -32
23 47 71 25 84 73 73 -32 47 79 95 -70 -14 51 71 58 71 71 57 65 1 19 -62 -54 -49 -63 -26 62 -57 -87 -88 -71 -65 9 19 79 49 24 -66 -3 76 -46 74 36 -60 80 -10 -67 85 -3 -30 58 91 -34 56 -53 58 -75 83 28 88 58 17 -35 -29 -9 -65 19 66 -29 -100 86 52 94 -4 71 -63 -82 -70 -65 73 71 -7 8 70 -61 91 50 35 -36 100 -38 59 83 25 -12 13 -8 -15 -71 45 97 -6 56 -76 -24 97 -39 -85 -52 -82 42 -32 32 -97 -2 -42 -5 70 67 6 -91 60 64 -52 -39 77 -73 -26 86 -87 52 -2 -25 100 -2 77 61 -87 7 -28 72 -61 26 -55 46 -39 47 -8 38 8 47 50 53 -86 -69 97 80 -79 41 12 51 -84 93 -55 -60 -79 -44 73 -23 -22 36 79 -35 -38 74 64 -27 -47 -87 28 21 -7 -84 25 92 87 -3 62 70 13 -14 91 68 94 56 -38 17 -91 -76 24 68 2 11 87 78 46 100 -72 70 -50 1 -59 63 -91 -52 39 55 -32 28 -26 -85 -44 -26 -26 38 -86 33 -2 -67 -32 74 -61 -32 -20 -45 52 4 69 84 -30 -50 82 -83 -16 -94 57 56 43 -21
33 58 64 -99 -10 76 -54 31 -15 -21 -98 -56 23 -100 -37 57 -100 -67 -64 64 36 -73 -71 8 7 -90 -40 8 56 97 -1 82 50 54 -51 22 5 97 -69 69 71 -66 81 100 13 56 -37 71 -75 40 30 -53 3 60 70 6 -9 -99 -75 51 -49 -77 72 56 -9 -23 -87 -71 -45 11 94 57 -5 42 77 -62 94 21 34 -52 28 -39 -76 -55 19 9 -4 78 20 -57 48 -9 22 41 40 31 -34 -97 -86 -49 -40 78 58 -65 17 37 -55 -98 28 -46 -54 25 21 -40 1 27 -57 -19 -75 41 12 -31 -57 57 0 76 -20 -85 -74 77 88 26 -6 -95 71 6 6 -13 12 -38 -43 22 42 -42 -43 96 -12 -90 1 -44 -15 -30 80 -19 -48 47 16 -71 -15 13 57 -27 -6 -55 3 -19 16 81 -90 -20 34 -12 -12 -31 68 65 -92 -21 53 97 88 -21 29 58 -8 -57 -55 -38 39 -25 95 -51 -66 -21 24 -91 62 -48 98 -27 -31 -79 -98 53 -21 21 62 100 24 54 2 -42 -93 73 44 -94 -91 -75 -30 6 -85 97 -11 58 -23 97 -66 26 10 66 49 39 -95 -88 -88 -84 -43 20 62 -72 -60 -25 -43 -16 -59 -10 55 -78 73 43
-33 5 82 24 -39 62 39 77 -9 76 16 25 -25 -82 83 22 -29 77 8 -73 -51 -6 90 100 32 83 96 7 73 -83 8 -56 -54 -71 33 43 95 68 -14 86 -70 51 31 -49 59 -2 -9 38 70 95 -48 45 -49 -51 44 -12 25 32 -44 -98 15 -94 -35 88 27 -86 33 -74 -70 51 96 32 -65 -77 -91 -55 -82 9 -83 48 47 -85 -53 -2 45 -100 16 -26 -5 66 27 -48 -53 -99 11 22 12 -53 -81 -19 -62 47 -99 -55 37 46 47 -87 26 31 -80 72 54 -87 -99 94 15 -42 -95 87 63 -61 15 -76 66 -29 -53 56 -12 -26 -5 -96 -23 42 64 14 46 98 -49 67 -47 -12 26 -12 79 65 62 -81 -15 -9 -81 67 4 42 -82 94 -30 -16 -71 -10 99 33 31 79 99 -53 -73 -73 90 81 -30 -57 100 57 -90 -84 -12 2 6 98 85 -52 83 20 17 76 -9 -28 34 59 -73 -8 -76 -18 27 31 -35 91 79 94 -12 36 -87 -78 -85 27 -20 23 -50 -55 -77 18 77 8 81 -41 -38 -47 -55 45 -53 -22 21 84 -2 29 -12 -36 -50 2 23 -36 -6 42 5 83 66 -68 48 87 8 93 -47 39 32 18 50 44 -38 -90
-97 -10 -67 -81 95 12 28 -96 -100 83 -81 -63 -86 -6 39 -21 93 -68 19 2 82 -25 13 49 23 -55 44 88 -44 100 -67 -6 4 -86 -26 22 -96 -82 82 -57 96 -50 32 -14 93 -54 41 -64 20 2 54 75 11 80 -22 -64 94 -100 -55 -69 -2 29 32 39 -73 91 -84 -13 -87 45 -10 61 -62 76 -100 9 52 12 -75 34 -32 -34 -89 2 -70 71 -32 92 34 -99 -61 52 -42 36 -65 81 26 15 -13 56 -85 -24 -89 -13 -80 -74 -62 -40 86 35 6 -50 86 39 12 41 10 -18 -23 22 0 59 47 -36 -88 -92 -49 -6 -60 98 44 30 38 -78 -37 -74 16 81 -14 80 36 -9 -91 -60 -6 -92 21 -93 57 37 60 39 22 -79 -29 -69 -68 55 19 -16 -32 -65 22 -13 -40 -99 53 29 -48 -37 -40 70 92 59 -27 -71 97 -78 24 -91 26 -16 -61 -69 84 -82 66 60 -54 -19 34 30 -93 -89 -20 -76 -12 -79 59 85 90 22 -55 77 -15 45 95 -53 38 98 3 81 96 -7 -42 70 -92 -74 32 89 -70 -93 -8 -15 -4 38 15 -38 -28 -78 -61 -70 72 23 -25 -54 -15 -58 33 82 -71 -43 28 78 -32 92 -62 17 -100 56
-45 56 -75 19 66 -50 2 -66 -87 -9 -43 -50 -97 58 -49 6 39 63 -46 33 -17 23 67 98 39 58 -67 85 -94 95 82 28 62 55 -99 -88 96 -92 -28 60 -44 -89 -74 -7 79 -20 -62 -61 85 -84 9 -57 -2 -56 98 57 30 49 -65 -54 -30 -95 3 -62 -33 73 28 -50 85 13 1 78 -48 89 -23 -1 -100 95 59 -15 37 10 -9 -25 84 85 -93 66 -9 32 49 21 -34 9 32 30 -35 100 -19 -8 -47 -3 -20 -23 -1 -59 -91 -42 93 9 -14 -27 64 49 -89 -28 78 -98 69 16 -55 15 -95 10 -78 77 -53 94 26 73 -63 -78 -84 -57 4 37 -75 3 -86 59 31 -30 -61 -24 -11 -17 -44 -21 47 -71 19 -14 77 -14 33 38 -35 77 -5 -85 -11 -84 -20 13 73 95 37 8 -89 -82 -3 42 -88 83 94 56 -52 -65 88 55 -95 17 91 -33 6 -27 66 -81 -38 99 54 97 -25 30 -55 16 -17 46 97 -1 2 -72 -45 36 -13 25 65 45 -36 -96 -86 16 36 -38 68 88 -52 19 -72 -14 31 68 -92 -55 -92 56 84 4 7 -58 -76 -30 80 -29 9 -70 -5 7 -99 20 1 -51 18 6 48 -56 87 -85 -5 -21
-84 -94 8 23 -54 92 -50 83 95 83 68 20 -64 -14 52 -4 -3 -6 74 -2 50 80 23 -2 -95 -18 -18 1 -10 -58 -87 95 73 -35 92 -64 3 53 70 -29 72 -82 -87 25 -82 11 -70 -20 9 -51 34 11 -58 -78 -46 -21 -80 -35 29 -20 -35 62 43 16 -36 -20 72 -21 -68 -24 -35 -58 3 -21 47 -70 65 66 99 -90 -22 56 -98 -67 42 -7 30 -76 81 -25 -39 92 -48 -94 -24 -5 43 -75 41 -83 76 -55 78 -88 -78 -68 40 17 79 -90 -71 -57 -39 -53 -25 42 49 -57 -35 -41 51 -90 36 21 -7 66 -44 31 60 -15 42 8 -31 84 49 -14 -80 99 1 87 -43 -26 -41 94 72 57 37 -100 63 35 47 -87 95 3 95 62 72 11 -3 -11 -76 -72 97 56 -73 -36 82 -92 -47 -57 67 -92 -46 20 90 54 -23 13 100 -92 13 59 68 36 -94 5 23 -33 -42 -67 71 53 -33 69 13 -21 -45 -28 -36 -20 -93 -29 -62 -31 -59 11 -28 -85 49 -53 -65 -17 44 -24 -79 -33 -49 45 -27 -39 12 -27 -91 -80 -96 73 6 -4 -40 -78 -27 -29 -40 62 11 42 60 72 -30 -67 -56 89 37 -7 -32 31 -23 -97 -41 -34
47 -69 46 19 35 -86 27 -17 -42 83 28 -55 -11 88 -64 54 13 -15 -25 49 -5 98 -48 -51 18 81 -10 99 33 40 -96 68 -85 -3 39 1 -79 -82 93 -89 61 -5 -94 -28 -32 -70 -39 59 69 33 62 20 35 -55 85 48 -99 -2 -19 83 25 10 -80 -78 -18 62 -94 21 65 -34 -41 67 62 -80 2 -53 -35 -81 27 98 82 70 61 20 -50 -7 -32 3 -64 64 -21 49 92 4 18 -27 61 37 -47 -91 84 -22 7 28 -17 60 93 -73 94 67 0 45 -88 -28 -42 34 10 75 92 -6 12 -44 -60 -99 20 -92 57 -72 -100 97 69 -62 -87 -59 -75 -32 61 -44 29 53 84 48 -75 38 99 -85 58 -28 51 -63 48 87 -39 28 47 -54 -33 -38 85 -100 -36 19 15 -55 71 81 -34 -58 -2 35 48 3 -69 23 4 -88 37 100 87 24 -62 -80 98 2 48 -22 -62 42 0 -85 -29 -9 52 -79 70 -4 -16 -22 37 83 82 41 63 41 -82 0 20 34 -80 80 -5 33 -44 97 86 38 -5 -86 9 -65 0 80 75 -66 -18 -79 54 43 63 -36 -35 27 45 64 38 30 -81 -89 14 79 38 -70 -68 -88 -97 -58 73 59 60 74
-59 9 41 4 25 -43 -23 -99 -1 -18 -87 -26 65 43 68 45 76 73 -18 99 19 -13 -56 -22 -76 -53 -59 100 21 83 31 -25 69 50 -72 68 36 6 29 -34 -14 6 31 -16 -32 -20 -24 58 9 -33 11 -11 82 84 -70 86 68 -88 -93 -12 76 -81 20 20 -1 35 -43 77 -27 -13 -27 28 60 16 25 -3 58 -12 64 7 92 13 17 -85 -16 38 34 2 0 50 92 -1 49 85 -54 -12 -88 -17 2 -90 -14 -62 94 83 49 76 20 22 -34 -49 -7 -21 -27 29 16 55 -14 -72 -35 -75 49 -51 -59 72 63 -94 0 92 -1 45 33 -28 13 16 35 -87 -75 67 -8 98 -40 -60 -54 52 -1 45 -38 92 78 77 72 40 -77 -58 -28 -20 45 -46 -16 -100 81 98 -85 -20 55 -77 -63 65 -93 -90 -51 -85 -33 7 -86 -35 36 57 19 26 -92 33 -22 -80 -20 -47 -32 -80 -79 -40 -44 39 -23 55 53 -22 33 42 65 -30 44 75 -72 -13 -17 63 61 -93 -36 58 7 -74 -93 85 -88 70 -5 -4 -34 -81 38 -24 -43 49 87 82 23 91 -47 11 13 38 92 -63 66 -92 -61 -99 -92 -80 -84 41 -48 -30 -86 62 100 -35 43 51
28 -67 -95 4 14 12 16 14 56 -22 25 0 78 8 30 -2 -62 -17 93 -31 -42 -20 72 -3 -22 27 -29 51 -36 -40 33 -69 -69 -8 -17 -50 38 100 96 28 45 47 -12 94 84 -18 84 -7 -31 -64 -12 66 13 -14 69 -95 -50 9 -62 2 11 -41 -65 -89 53 70 2 98 62 90 -19 -83 89 33 -13 -4 -48 -53 93 -86 -12 -39 90 -39 33 -97 -86 77 27 1 51 -93 40 19 57 -15 87 -62 37 75 -3 -46 86 -56 -33 -6 -9 -93 -4 7 8 -4 8 79 -29 92 -67 -90 -51 -39 -45 -77 89 -33 -10 58 72 30 -98 -55 -53 79 -99 51 70 -40 -95 -80 -1 -89 90 -63 -22 67 86 -1 -2 48 68 -100 -24 -62 88 50 -50 68 -94 -94 -61 61 37 55 41 57 -14 20 34 66 38 -68 -80 74 1 59 52 -75 -38 78 69 -25 79 46 72 -25 -19 68 -61 65 43 -99 46 11 96 -61 -27 -2 -30 88 77 81 -57 -21 52 72 38 -93 -38 7 5 32 -62 38 22 -58 92 6 66 82 -9 -22 0 74 83 -24 63 85 -2 81 -71 -58 -98 52 -43 -70 77 -27 6 -39 42 -10 -55 62 41 30 -56 -82 -54 16 -3 -65
91 -24 -7 53 -79 -37 12 16 78 49 -91 -26 58 -7 38 18 -3 46 43 62 -41 46 -93 -63 100 -18 49 10 81 -41 -74 44 3 90 14 98 2 -94 -30 -19 99 -22 6 15 -100 -51 -15 -73 -2 -96 -85 -19 15 -34 -93 38 98 74 83 -39 -95 49 -92 8 -91 -90 -38 89 12 -39 35 -50 -31 85 42 22 -62 -84 8 90 -40 -95 -59 12 -7 -70 26 -12 -58 -11 23 50 -4 -9 69 -30 -12 54 87 9 64 -28 11 -72 8 -92 59 -30 -97 88 18 -96 -76 46 -56 -52 23 44 -80 18 40 -28 -17 24 68 -4 31 45 -28 100 -49 1 7 -32 77 -2 91 -86 64 -80 -35 55 -60 45 52 -27 92 77 52 15 15 56 -38 22 -91 16 -53 -46 19 -43 -81 -67 19 0 -71 4 43 -100 58 -50 50 71 23 -85 -4 15 -67 -69 -61 8 85 -81 74 35 28 91 -81 -29 -85 -86 -28 18 54 -17 -72 85 -57 -7 -59 -34 84 -30 -8 -34 -36 99 -91 -9 71 37 -30 43 -94 51 22 98 -21 -70 -58 84 -39 84 -69 -29 40 58 57 35 -98 -13 54 0 58 99 -26 -72 69 -20 -74 -11 -18 61 -48 -89 90 -42 -6 10 28 -44
88 -89 -92 -64 -22 -1 -96 -88 -22 -82 -66 85 72 -94 92 -74 -11 -11 35 -37 45 72 -75 75 -52 -72 -30 -20 5 -88 -12 -21 60 36 92 -47 9 -46 58 99 21 -87 27 -8 -3 45 82 84 -61 58 59 68 31 -21 -15 -35 -33 -16 -57 -13 -54 27 89 -98 66 22 60 -2 69 -60 13 43 -60 -61 -35 60 -85 62 51 -81 74 -29 93 20 -52 0 51 -100 -77 75 -97 -21 -53 35 -93 98 -78 74 -84 -75 93 74 -55 20 14 -36 8 9 -71 -65 33 58 -71 -60 -11 1 71 37 23 49 82 77 60 -73 87 54 -28 68 -56 -43 -77 19 -24 -2 -61 -90 -30 70 -80 -29 -35 -21 -84 36 -90 -51 14 93 21 57 -40 -31 97 10 -57 -45 85 7 -12 -22 -89 52 21 -21 44 79 -25 -42 -31 -22 42 47 -97 -14 44 -60 76 -3 -41 40 -94 -39 61 7 39 -67 -27 -83 17 100 97 -46 -43 -56 -14 -76 90 -27 -99 -39 -30 82 50 -51 99 -75 31 30 -1 -88 -57 88 -51 -76 100 12 51 -77 -65 -55 -100 -8 -50 2 61 24 47 -12 -30 42 -5 39 99 56 100 22 82 -24 41 58 -53 49 -19 -50 30 22 52 33 48 -94
-65 26 -60 53 62 -7 -24 65 82 -43 68 -51 92 80 50 11 -94 21 74 -82 -16 -24 -8 7 35 8 -88 42 82 -94 39 -71 34 52 72 -21 61 -16 92 67 19 47 -60 -84 13 -41 64 22 15 -58 -48 -27 -80 -78 -98 6 15 -39 64 6 84 -49 -89 -17 -99 80 -64 -2 -89 19 -35 -42 45 -4 33 61 37 45 -83 -99 56 24 -58 29 14 7 -88 -55 -45 48 -91 18 -76 -91 -83 71 19 22 68 -11 38 16 93 25 -85 57 -80 -45 24 26 -54 -43 -77 -79 -96 43 18 -21 73 12 -11 91 60 46 15 -64 49 12 72 -65 -92 -9 26 6 -69 -48 -73 -16 -25 -61 40 -88 -26 -31 -33 -81 43 -79 -51 22 18 3 63 -23 -27 -10 74 43 55 14 -63 -22 -8 49 61 83 -33 -27 22 -7 -72 -77 -20 95 19 19 -25 -70 72 69 -33 -24 3 -37 45 -17 -72 4 85 58 -2 -89 56 8 76 -26 37 20 -67 6 -36 34 -24 -79 -64 -48 44 81 15 -77 -48 -28 74 -26 69 26 -27 32 -31 31 -75 91 78 -6 -6 46 -27 -41 13 24 -41 -25 -24 69 -53 -17 -59 -71 51 -60 -20 22 -52 -45 -2 -93 -19 -19 -31 40
81 -25 -39 -13 -98 88 -97 -57 -85 54 -50 27 -38 6 -86 86 -62 39 -18 -65 -10 -39 56 7 -8 -68 -84 -67 -85 47 35 -99 -73 -35 -15 -56 -10 -89 9 21 33 67 12 34 55 56 81 46 49 -41 -44 -97 65 -12 20 -36 -4 -56 -18 63 57 94 46 94 57 81 22 -76 57 -73 91 59 49 78 7 35 -97 58 8 0 -20 64 43 -94 47 -4 -19 -79 25 -29 -57 -62 83 87 84 -79 57 47 -79 37 94 -53 93 82 -19 56 -31 78 -4 -41 -98 42 65 5 -43 -55 51 -17 -58 68 83 -68 -68 33 -75 -33 -4 -49 51 -8 100 -47 -10 36 47 -85 35 -22 -58 -67 1 98 -36 -70 15 -82 22 -97 15 69 -80 -52 -81 97 -14 -67 -51 -25 -56 -29 38 -84 88 39 38 -74 -30 79 -69 -85 -1 -100 4 33 57 -63 26 71 -3 -57 20 54 71 93 87 64 -74 55 98 50 75 -30 26 -15 71 75 77 30 41 4 -76 -97 35 -57 27 48 47 -1 76 -99 24 60 -74 3 49 -69 -97 96 -61 89 34 72 -36 -50 -76 -3 -50 25 56 -69 -9 52 -28 -29 -19 69 20 41 -1 -33 -8 -81 65 8 61 37 -98 78 71 28
-5 -24 -22 47 72 -75 -93 -1 -58 -11 5 -94 -95 -57 15 -59 -57 26 -42 66 96 -49 -36 98 65 -32 41 82 -91 -100 -62 36 55 54 54 93 26 -25 72 82 9 -96 -69 46 -59 -31 -8 -27 59 -10 -71 -48 -92 -60 7 -78 61 99 62 52 85 74 35 -78 58 -51 71 -63 90 80 -41 -48 -90 -87 -24 57 60 33 7 99 83 72 -47 -61 -98 96 52 -41 -99 -9 78 30 91 63 -33 2 -19 47 72 -85 44 -35 -10 -1 83 -90 30 -35 -20 -61 61 64 -89 -99 -96 -90 14 -35 7 -48 43 -68 -63 -15 -94 -47 4 95 35 28 -74 42 51 93 -45 -12 25 78 85 -49 2 -13 -86 -50 -17 -96 -62 -6 -36 -38 49 -6 89 -43 -1 0 72 22 -42 -20 -24 92 48 -90 85 -9 34 -76 -29 -30 -84 93 -39 7 -32 -58 -49 -88 49 46 -14 65 36 1 -15 -87 -39 -69 99 -93 -39 -80 -97 16 3 -23 85 9 -56 38 42 37 39 67 -16 -8 32 43 -93 67 94 -41 3 -92 2 -90 45 -11 -41 -78 47 42 33 -26 60 19 44 6 -41 -21 16 79 -72 61 -13 13 -19 60 24 -73 62 -45 -15 -15 -81 -74 89 -31 50 42
-10 7 -88 -58 -55 77 -61 37 -29 57 -26 9 -40 -32 -60 -81 84 -80 -77 -68 -14 -82 -19 -57 19 79 -23 64 64 68 46 94 -73 -52 -64 71 19 86 81 82 66 -49 33 75 15 15 -14 -74 42 68 64 76 7 85 73 64 -90 -75 19 36 -68 -47 -94 63 65 -41 2 67 69 -62 -80 88 60 57 -9 50 35 95 66 -51 53 29 22 -4 10 -9 34 -35 21 -17 16 -57 41 0 9 51 2 39 40 44 91 35 2 -58 3 54 30 -25 25 87 72 45 69 -25 -30 16 -22 -83 56 -78 -41 21 -16 -22 -18 78 51 -46 -11 19 -74 14 -20 58 -72 -36 -29 -55 73 -11 -48 17 -4 87 10 -62 72 -72 -46 26 68 -52 -100 -81 -10 -14 -19 96 42 24 -3 -60 11 1 72 46 -2 74 29 48 48 60 44 -67 8 47 -81 87 -97 -48 56 58 -33 -79 -1 -47 60 -98 -55 8 34 -18 -57 -99 -57 27 -12 62 -92 55 -76 -98 53 -28 -62 -32 69 -79 -54 -63 -97 -26 25 -60 14 27 -28 -60 -60 -96 -83 49 2 -1 -11 28 -11 -50 -6 95 13 -76 40 70 90 36 7 -88 13 91 10 -4 -74 -87 22 -71 -77 46 57 23
9 -39 -36 31 -90 20 72 17 -77 27 -73 3 -95 38 -99 48 39 -47 -34 -30 -91 -19 79 -72 -92 -65 -67 59 -3 29 -65 84 -10 19 -51 70 -68 50 35 58 -11 -28 63 55 16 -79 20 52 99 -37 21 0 4 -90 51 4 75 48 -94 -68 -58 81 -91 -84 -12 79 11 42 78 43 -14 1 -8 -40 -84 1 -35 -79 -32 92 67 -8 -43 -38 -5 -31 -71 -100 -3 88 71 29 9 -85 -14 -37 -11 93 89 -75 89 22 -8 -57 79 59 -18 54 -99 -64 9 -43 -40 -60 6 -28 -70 85 49 43 59 -28 -93 95 -11 33 -87 97 29 -23 -69 -66 -23 -6 85 -18 -42 -93 -56 89 -57 50 -100 74 -95 -40 -76 28 2 25 -10 90 24 45 -60 -27 86 53 89 96 -62 0 41 -55 -13 -78 95 -80 -68 40 -67 8 -85 44 -87 68 25 -18 84 -96 -17 -14 -75 -37 27 32 -80 38 -90 -94 15 -52 -17 55 0 -86 -88 1 33 -91 70 -64 -34 -64 14 72 30 53 -95 65 -99 28 -48 58 -5 -19 -36 83 -27 11 -34 -52 -5 3 44 78 11 30 91 27 -81 -9 77 79 -34 -96 47 -75 39 43 4 -10 -79 64 41 57 -56 23 73 98
74 -95 -56 -74 24 88 94 35 81 29 24 -62 63 -33 29 52 10 -41 49 50 -36 -22 45 43 -9 39 100 16 44 87 -83 -86 -95 -89 -47 -41 2 -43 24 -92 -81 73 -5 -88 -16 -11 62 3 -50 5 68 85 84 16 43 -14 -58 93 -25 23 58 -93 88 53 -31 82 -64 26 -31 77 64 16 24 86 -82 -87 -91 -11 -85 -89 -81 91 -14 -93 13 7 -38 1 58 -7 -87 -45 -46 59 -19 -73 74 -45 20 1 66 -79 -30 87 30 58 -87 -36 24 -83 18 -87 -10 -36 82 -66 26 46 69 5 37 -79 -76 -38 66 19 -100 -9 -97 33 -76 -82 -37 -57 19 -74 -75 75 35 27 -30 76 36 26 84 75 33 -64 -66 4 -20 15 -19 31 -43 -82 -91 -10 -23 57 -7 -95 78 14 19 82 -24 41 -52 88 -39 38 37 34 26 -37 -93 13 80 -11 -67 -89 66 -90 100 -79 -21 53 6 81 -67 -94 32 32 -79 100 4 93 7 49 71 -2 -45 66 -100 31 -81 -6 -85 5 36 8 78 -51 90 8 -87 56 -83 1 37 -27 42 81 10 -24 -59 36 -66 -10 -70 25 -62 45 -44 -22 -60 -50 -55 -81 76 -15 73 -72 -100 29 -35 1 -88 -96
-41 -29 39 32 -78 -29 40 40 -75 34 -92 62 0 21 -75 27 33 0 99 -8 -53 -60 89 23 38 -44 55 -46 56 11 35 -6 -96 -17 -28 62 -96 99 89 63 85 72 -40 -16 -64 0 87 -18 -85 85 43 58 28 50 19 96 -47 29 76 -68 12 -96 14 -66 1 36 6 -94 -69 82 95 18 -68 15 -94 38 80 63 -80 80 -25 100 -83 -87 -57 37 63 71 67 -49 -37 -87 -12 1 95 -46 -55 -92 -68 72 13 79 56 -100 -49 39 62 -60 76 50 -10 15 33 80 -36 37 -82 -27 64 -56 6 -33 82 -84 67 10 6 -64 47 -54 58 0 98 17 -52 -16 94 47 -29 -51 68 10 -58 5 -46 70 -40 81 -83 -3 -28 -4 70 4 30 -75 -55 3 -79 48 -25 -82 -98 -45 47 27 -91 -75 92 -4 -45 -44 -92 26 53 81 -89 72 -88 -92 83 13 94 -29 -62 -18 73 93 72 4 49 14 -69 96 -95 -18 45 33 21 5 -73 -10 15 2 -12 -24 -82 91 -2 -55 60 -10 100 -15 64 -67 72 -38 35 10 -83 -71 -63 -32 -70 65 -69 -69 45 61 29 -80 -70 -77 -76 -99 65 -87 66 -37 -33 62 14 -92 84 -4 -15 -29 -31 46
-8 81 67 -20 55 -25 78 80 -37 78 -53 31 47 -56 -14 79 89 -41 -8 100 -82 76 -5 87 22 -32 43 -23 -52 0 -83 -18 -34 99 41 10 -61 -8 87 -36 -8 52 -32 -23 -86 41 21 -97 21 1 32 1 38 -48 -14 -27 88 -34 48 -50 91 -54 56 75 11 -38 63 28 -25 -88 -2 -11 -7 69 -31 59 8 80 -91 63 -33 6 -20 -57 -31 -19 -29 -97 15 -3 68 -97 -75 13 -68 -88 81 -93 11 53 100 -95 -91 54 29 -88 -17 -64 -2 1 -50 -44 -19 27 -36 -80 94 41 -48 55 72 -73 52 96 71 81 -84 72 35 87 20 -95 -71 15 -22 61 57 76 -49 95 -32 29 47 94 27 -84 -12 -3 98 -41 77 33 57 13 -35 43 -64 26 -45 76 59 -85 -70 64 72 -37 29 -99 -32 -66 -6 -74 -9 -50 30 39 -59 65 -40 -16 42 -77 -52 97 17 -47 98 56 -20 -99 -38 -21 89 96 -6 88 3 -18 -22 -58 -53 24 63 37 15 -69 -49 -99 0 65 13 -82 35 -25 66 17 -29 45 -2 52 37 -42 -4 41 72 -76 -58 -1 94 14 41 -9 22 39 54 -6 -74 -86 -32 -96 22 -41 -77 -69 -48 -55 -39 -29 -60 0
-40 -59 -36 -29 -48 -26 11 77 -64 -85 -17 44 -85 -14 57 -83 -69 -47 -61 -44 93 -53 26 -51 53 -78 -49 13 40 -67 68 81 72 -40 -19 98 -9 -2 -59 -47 19 57 -23 -38 16 -38 -6 11 41 -32 85 -67 92 -55 -10 -40 -82 -65 93 -78 -75 -93 -45 74 -94 -99 -88 53 -19 -28 69 27 -27 18 -86 41 -100 -68 26 -28 -45 65 60 98 -58 71 -93 51 73 13 21 81 -96 76 33 -24 13 -42 31 -89 -3 -83 32 -50 50 34 37 -80 3 7 -93 71 16 -13 87 -20 90 62 72 23 -1 74 7 48 -44 -77 93 78 3 -80 -86 13 -92 90 -26 68 100 -37 64 95 24 -81 -99 34 21 64 -50 16 26 -50 69 88 -53 -49 -48 -57 -11 -82 -45 34 0 56 -92 91 -86 94 -100 48 -36 -93 -83 85 90 -66 41 -50 -78 -44 88 -64 -12 21 7 -6 54 74 -98 -15 -20 14 -47 -40 -5 -28 30 -29 -68 -88 -74 -7 79 17 88 -58 48 68 -28 2 24 80 66 58 83 97 -65 -92 53 24 4 13 83 -7 -45 -74 -3 96 -73 -2 12 57 -63 -69 -75 45 35 71 43 49 81 -80 17 -92 68 84 -70 -33 8 -96 9 -68
19 76 -54 45 97 98 -91 58 63 6 67 48 43 91 -59 46 71 -77 85 74 68 20 27 14 -63 13 -38 100 15 -62 -7 84 -78 40 -49 5 -22 -12 -74 36 -46 65 -82 39 -68 -61 -23 77 -96 4 -86 -96 -19 -11 17 -12 -11 -30 -37 -10 -21 -30 73 -73 -65 -37 -25 92 62 -15 -14 61 10 43 -4 -8 40 -54 -68 -23 -3 89 -32 -52 4 -46 7 -74 47 -22 -59 0 -18 46 63 34 58 22 98 -52 25 44 40 25 -84 -45 81 -62 -84 -78 85 -4 -6 -10 88 -9 -30 13 -11 -90 -21 -56 64 54 86 39 -30 45 13 88 49 -85 -8 -22 -31 -28 5 24 77 39 10 13 25 61 93 -100 2 -92 -90 -22 -17 38 46 -47 75 -75 -46 93 83 8 -62 84 9 83 78 67 20 80 96 -93 -19 -88 47 -38 -44 15 -28 56 -54 0 29 -58 60 -74 99 66 26 6 31 10 -64 27 92 44 -9 46 -96 -51 91 77 46 4 -50 12 45 19 95 -68 24 28 53 42 10 56 -60 94 68 48 29 85 -25 43 -64 -89 57 42 -10 59 8 -58 57 -95 87 8 -42 -4 -40 65 -38 -10 44 76 65 10 81 12 70 -20 85 -69
-9 -53 55 -83 -78 -8 -52 -97 93 -97 4 -98 75 -93 51 21 -42 11 -93 -17 -73 53 1 -87 46 -56 -41 43 44 44 -100 -8 -94 -12 -28 -69 -10 -98 39 42 93 -81 -42 -51 -89 61 -14 -91 38 99 84 -65 48 -45 84 66 -29 -73 71 -93 30 19 -7 13 23 -69 45 -82 61 23 -42 37 -9 -11 -19 38 -31 44 -4 69 -50 77 44 -78 -9 64 3 -43 -8 13 34 94 -12 -92 78 17 -37 -91 -92 -31 -58 63 -18 96 55 -49 3 -61 -48 -9 18 -94 58 -39 15 -11 78 -15 -8 8 78 49 0 30 -68 -97 -17 -72 63 -99 -73 -6 -88 20 7 30 36 -100 63 48 -77 -83 90 -11 5 10 -42 -6 -53 -28 51 81 98 83 70 -63 51 45 -36 14 64 -26 -48 76 100 0 38 35 6 -49 -28 64 -69 -70 1 92 -74 -72 80 100 37 -46 98 82 3 9 75 75 -89 23 -24 -22 99 -71 18 94 63 -75 -43 44 -67 -12 21 -29 -22 63 -19 -86 14 20 11 -77 28 0 -14 -3 -65 -44 88 70 -35 -69 13 -35 38 34 2 96 -40 93 -15 57 81 -31 -34 57 63 46 10 -23 -26 55 80 73 -3 53 86 -89 27 48
-49 91 88 -41 -61 -67 -25 65 55 16 24 54 -24 -94 64 -37 -67 -32 5 57 28 80 -12 93 -74 2 -93 -29 -61 -22 15 -80 88 -39 -21 -73 74 -38 -74 63 44 -36 25 -52 42 -57 -70 -92 72 6 8 -61 -5 -22 -90 -86 92 -68 -17 97 -76 -87 25 -83 45 90 -67 64 90 -90 -14 93 -13 76 -51 -9 43 22 46 -35 19 83 2 -45 -90 -66 72 -49 95 40 5 27 -61 85 99 61 14 -31 77 44 -74 3 65 -75 -26 -96 -69 5 51 -44 78 -49 -61 -58 80 60 83 -35 41 55 2 61 0 45 -33 63 -89 -60 47 -43 -20 -88 95 -42 39 34 -68 -18 -89 72 -97 -51 -31 59 -75 58 -73 -42 -58 20 81 5 73 51 31 -4 80 65 66 -81 -59 -25 85 -10 84 29 93 -47 -51 -32 -14 -35 97 11 -10 -15 -56 53 -59 10 -89 -30 59 70 16 39 -10 -51 41 -75 65 45 -66 -9 -25 -4 -67 82 -21 -20 -1 14 20 -56 79 -23 88 -33 0 -50 -77 -56 -19 77 -58 69 -50 62 -79 -3 -57 2 -24 11 98 35 90 -99 53 83 76 -84 64 -61 68 -10 -32 -99 63 -50 38 94 86 -32 -30 -7 -51 -21 -22 -70
-82 98 -75 69 64 71 -70 36 98 8 72 49 -31 4 -13 -65 -80 38 52 -51 28 -58 66 42 -55 -19 82 89 58 -65 7 73 27 2 12 -7 -66 -94 9 -83 71 -75 14 -14 5 -91 54 79 -75 -100 88 76 56 -28 45 52 56 -32 -23 -77 -52 -45 -56 16 -61 -35 3 66 72 -83 -12 -68 1 25 -84 95 -53 -54 90 39 -96 -38 -50 58 -95 92 -98 -99 -80 -71 75 93 -47 15 -84 -65 87 -23 4 1 -77 64 -80 34 -95 76 63 -12 -96 55 47 46 -29 19 -98 -67 51 -46 54 -69 -76 -26 -25 -19 -6 -48 -72 -39 5 -96 46 -1 -86 26 -21 -11 67 -6 44 32 -35 91 72 -48 -86 34 95 21 98 -95 15 -76 14 -48 -64 -96 -53 -72 11 -31 -91 -8 -34 50 91 82 35 -66 -5 84 -55 12 -85 -33 17 80 79 39 -85 -16 -63 32 93 32 31 15 24 -53 -32 -3 -75 -36 -42 -91 -39 -18 -4 -41 69 -16 -80 -88 -72 -37 -78 97 80 -51 57 76 -86 51 55 50 -18 -53 -19 -26 -44 -94 -31 89 -40 -58 92 8 70 94 -44 -9 88 -97 60 -60 -12 7 -76 -64 -19 -13 -27 71 36 -42 31 3 -22 -6 20 95
-97 36 91 -26 -17 49 16 88 -65 -97 48 96 -31 -2 -57 -50 -38 -81 6 -26 -46 -84 74 28 70 -7 -20 -37 11 -41 -46 -21 19 85 -96 63 -3 -24 -22 -23 -51 -4 -92 14 88 -50 -73 35 7 -71 38 42 18 -5 -94 -31 76 3 -70 -40 -94 77 -74 37 -8 -44 -48 -40 -18 57 72 27 28 -35 76 93 52 69 -44 68 -7 -4 75 62 77 16 60 22 -5 -70 76 97 94 -30 13 -1 -57 -89 74 61 -23 99 77 -24 -80 36 5 76 -47 -7 -27 73 -3 -92 40 -87 57 87 46 -90 91 -83 -95 -11 -59 33 48 86 81 -71 -29 67 53 -33 5 30 -50 -31 26 -63 90 98 100 29 -80 21 -63 -7 -47 1 -82 -68 -5 89 -14 93 32 7 31 -6 23 53 -65 96 29 40 -92 10 57 -36 32 -17 73 -63 -13 98 97 0 37 -34 -84 -48 -54 -64 59 -17 61 -87 88 91 -38 58 11 79 65 83 22 -45 75 75 -13 3 -34 -66 -75 83 -80 87 87 2 -50 -8 -76 2 90 -28 -91 61 -11 -43 -49 -25 95 -42 -70 -19 -28 3 30 36 -84 -59 44 -8 87 23 45 -14 -12 -55 48 1 74 61 -97 -45 -48 70 9 45
85 18 75 -22 -92 76 -3 -53 -58 46 31 -31 -32 -5 -21 -94 29 -29 -22 -50 -33 -85 -7 100 -58 -73 68 81 52 10 92 -73 26 -29 30 67 24 -70 68 -66 80 -15 -68 -31 88 34 -99 18 10 -38 90 -100 -87 -31 -8 70 -4 39 52 70 -9 47 36 14 51 43 75 -36 81 11 70 35 -45 52 40 -100 -78 -37 18 32 -36 56 16 85 -45 93 -6 -30 -5 97 -55 -19 100 -94 51 94 94 -14 96 88 20 32 22 -25 -8 -87 -8 71 90 74 5 -23 18 41 2 -11 -99 -89 -32 88 66 68 -62 -66 -23 -32 -56 -43 3 82 -11 -52 93 37 38 -52 38 37 31 -86 24 11 -18 -9 39 -43 -18 17 -68 50 -19 84 -76 -51 43 93 -43 -93 -30 -86 -32 13 -74 -62 10 27 -12 88 -44 -48 59 22 32 37 -71 20 -21 -53 51 10 99 89 -99 22 -19 -58 -44 29 -38 93 68 73 -94 -49 -30 -23 11 45 95 74 -22 -74 -40 -10 -46 52 -19 35 5 -38 77 -8 2 16 -12 -42 36 61 -63 68 -81 43 55 -76 92 -1 -2 59 10 -82 -89 37 94 0 -48 97 -2 22 63 60 17 63 64 -66 46 -23 -6 -28 68 80
98 -28 -79 -41 46 -71 66 35 -8 11 55 -66 55 22 -41 -96 -97 48 74 23 46 99 76 -8 6 45 -19 23 -49 -33 -92 52 13 58 -36 -50 -16 -60 50 37 -94 -89 50 -28 -20 -39 -25 -19 66 60 39 -89 -52 95 -57 18 -50 12 99 54 28 -9 -75 80 -49 -16 -80 -7 52 -22 -33 41 -1 71 -36 79 48 34 -41 85 67 66 8 -60 36 40 43 84 -78 41 -47 15 57 -60 -82 -91 89 55 43 8 26 -89 48 -31 -27 75 -83 -12 -45 79 26 -39 -64 18 78 -67 -18 -86 -9 -45 -47 -66 -99 -78 6 89 -22 7 7 69 -57 36 100 -49 84 65 -36 87 79 87 -73 12 -93 42 -81 31 29 95 49 7 -93 38 48 -4 90 -92 -1 -2 -61 4 30 -28 -6 -70 -58 -86 -74 -46 100 -94 91 11 40 -92 84 -97 -59 13 90 -25 15 -93 84 10 -13 82 36 34 -48 59 47 -2 95 -55 -83 -19 -83 -60 -48 -43 -53 -29 -82 16 64 37 -40 -14 -73 -86 24 -92 89 -9 59 -84 -81 58 80 66 -39 -5 -8 91 33 -4 -33 28 11 -98 -5 -41 -33 -73 85 -56 64 48 41 -65 60 -90 100 -46 9 -15 -82 -78 -67 25
-25 1 -23 -87 -29 71 25 48 61 -68 97 28 26 -65 28 -64 -47 -3 73 49 -47 -31 -5 72 -19 55 22 62 -48 51 -33 29 -93 38 73 -37 -31 -82 -86 81 -6 68 -83 -61 -61 52 14 10 -13 -8 67 -41 -24 -100 51 -76 -38 89 -52 88 26 -83 -49 58 -90 -34 -37 -77 43 -99 56 -33 74 75 -37 -43 -32 66 -2 0 -20 -64 -8 96 -60 -66 -20 -84 -43 7 -56 95 -17 -27 84 -41 -27 24 26 27 47 -44 -42 65 -93 -18 -84 35 83 -57 -12 -10 92 -50 47 -99 73 -44 34 -18 -98 17 -73 -36 28 -82 -9 2 -92 -32 -70 -85 -94 -2 54 10 99 -79 -78 53 96 74 -35 68 73 -53 15 4 -6 -35 -45 42 -45 -34 -89 -39 4 95 -24 -88 78 99 -89 -94 -39 24 24 -53 -56 -23 60 -62 -52 -36 98 -40 -47 -14 98 -11 99 -63 58 -78 -76 82 25 -33 77 -70 -72 84 23 57 55 -79 68 -66 47 -58 81 0 79 81 23 61 -94 97 -16 -37 61 -33 -21 -48 89 99 3 34 -74 30 -90 -92 97 -30 -57 27 33 98 -88 78 -23 30 -71 67 -85 -97 -3 4 54 1 -88 -42 -30 69 58 -12 -24 -17 78 -63
-78 -83 -96 -96 -31 99 5 -91 -13 79 64 -99 29 2 -67 43 -65 -30 68 84 -67 37 85 -82 54 -69 52 -8 19 -46 32 -40 -99 -32 -24 36 46 65 -87 -35 -63 -69 -63 46 -98 25 -81 29 64 -44 -61 -13 -34 95 -73 -83 62 47 4 -91 -89 -69 82 -32 -93 -12 79 -3 -20 26 -86 -43 -46 -6 64 -46 -7 -49 49 82 67 -84 1 32 -20 33 14 98 -86 39 -75 -49 -29 -27 -10 -2 6 84 91 49 -16 -83 -15 26 80 -33 10 -94 16 -75 -25 85 -46 36 88 27 47 -15 69 77 -65 15 35 -41 -82 -75 14 58 -4 17 -92 -59 39 92 36 60 -34 -80 36 -28 99 14 -58 -58 83 1 -40 92 -1 -95 -83 30 -5 -6 -75 -23 -7 -31 52 6 70 21 80 -33 -59 -40 -80 43 -76 -12 99 -33 -53 -52 -11 83 -29 -22 -18 67 -90 30 -51 -14 -84 -65 -99 2 49 48 98 -75 -53 32 28 96 98 100 17 71 -59 16 -32 -28 -83 -17 -92 9 -89 44 86 51 48 -77 -56 -23 77 56 20 -19 -26 90 -89 34 35 -100 97 24 -93 -34 -64 -96 -32 -37 -94 -64 -80 -3 1 65 59 14 28 7 0 -15 69 2 -11 39
15 77 54 -100 -97 5 -68 -36 95 28 66 -60 40 76 -77 -73 27 -99 -10 60 -2 90 -52 -55 86 79 -94 55 18 87 -74 11 -6 -39 -43 37 -38 -89 -25 -45 -61 -96 -81 24 18 -28 68 -5 -8 -49 -71 -64 -23 35 -57 -91 -30 -40 -64 -82 -36 -98 -63 89 71 70 -17 4 87 -70 93 89 -34 -69 -15 35 37 87 57 1 24 -32 -5 -78 80 49 -78 -2 57 -19 -5 -2 -63 44 -56 -49 36 39 -76 8 24 87 -14 12 69 -15 38 79 -98 -78 1 -57 -7 -69 63 50 94 24 46 11 18 -8 72 48 64 -93 72 87 40 52 81 -86 -46 -81 2 -24 -64 4 42 45 93 -16 59 59 94 39 -81 -22 -13 15 13 -66 -66 17 100 -26 -43 16 58 90 -98 48 -46 55 -23 -68 -74 23 -42 59 -78 93 92 -6 46 66 48 -11 48 -44 97 90 31 2 -16 92 -85 -76 63 -13 82 92 83 90 -53 30 53 1 -19 -37 -78 68 -53 -9 10 -58 1 60 -94 2 -71 98 -77 97 -41 96 -65 -78 13 -76 -95 -43 94 -37 -94 4 -58 78 -97 -31 38 -39 39 19 -94 -69 15 -33 -83 22 -63 -77 20 39 95 77 3 -43 -59 -48
-80 -36 -45 99 20 -96 -61 95 8 52 73 -7 -63 -76 -85 48 -64 26 -57 -37 -25 -11 58 -29 -22 3 68 -99 71 26 -83 -1 42 -80 37 11 88 -8 100 6 84 33 -81 90 78 -23 43 99 -29 -65 -52 -86 -93 -23 -78 80 -3 77 -95 -78 57 89 -89 -80 -80 -10 -94 66 45 -90 4 8 -69 26 37 99 -17 -8 77 -95 -100 7 -98 45 -40 88 -37 -41 -26 62 13 -36 90 81 88 -4 24 -39 14 8 13 89 24 11 -71 -18 -60 35 17 6 -50 -52 60 -81 -68 -32 -48 67 82 -51 63 -87 -73 81 67 23 74 -68 -38 -3 -97 47 -31 -26 -94 -49 -71 -68 42 -8 -83 55 -99 -18 97 -42 -99 -97 -91 21 -42 -42 -16 -90 -83 78 -8 24 -67 69 -92 42 -40 -15 -60 -49 -65 100 -10 2 -2 12 -100 -80 -32 27 5 28 -2 53 71 -81 19 -49 33 9 -67 -96 -97 -76 -68 -68 -89 -26 36 30 -28 52 -61 13 -39 7 3 -72 100 36 90 71 42 -66 -75 -95 50 27 25 18 61 -12 -60 32 -71 32 -18 80 78 57 -80 -25 43 -19 -32 -63 -7 -60 94 -34 -13 24 -72 86 -4 -79 -40 -69 2 54 98 58 62 69
14 0 47 -24 66 -60 40 90 51 35 90 64 -25 -58 72 78 89 76 29 98 -86 28 -93 -8 -33 -60 -44 -73 70 -40 -66 68 99 94 -19 -14 37 -80 41 62 71 1 12 54 25 -92 100 16 -4 59 -9 -20 74 0 44 -84 -4 -15 17 -26 -92 77 -35 48 16 28 -71 73 -95 -90 -94 -3 -17 21 -40 -20 69 -30 68 -16 -45 28 62 -6 -29 -22 -64 96 -87 26 -12 -23 -77 49 55 -41 -95 -89 85 -74 -55 -63 56 -28 -84 40 61 -12 69 -77 8 0 -84 -14 75 -80 1 -61 -82 -50 -2 -70 48 -19 -30 22 37 57 -90 -50 73 -68 -16 -64 13 -62 -21 -6 -86 -89 66 73 86 9 -16 99 88 40 -39 86 21 -40 25 -35 24 -40 -66 -48 -35 99 -27 80 -91 -60 46 -76 -5 10 -27 26 72 79 5 77 41 100 63 27 -79 -24 9 -14 28 92 27 94 91 -13 86 -24 -61 -89 -41 -8 -65 -43 88 -22 54 -99 6 -98 5 -17 -83 21 -88 71 -38 61 -7 71 24 33 98 -56 -8 51 -46 -22 17 60 88 -17 31 -24 63 -42 -74 -72 -20 -59 88 26 50 60 6 14 13 47 -96 -62 -11 51 -48 78 34 -1 100 5
27 49 -66 -81 49 64 -9 12 52 -35 65 0 74 63 50 37 71 48 -60 -90 70 71 85 84 -90 36 -55 -5 -8 13 -38 55 65 -32 -97 25 -24 42 56 -50 -6 -84 3 -17 -86 -49 24 -99 42 68 20 43 90 -31 -69 2 -89 -26 -20 25 82 -18 50 65 72 24 35 23 9 68 55 -44 53 36 40 66 -20 -34 26 -77 14 91 86 36 60 -22 16 -37 83 20 -44 61 31 -96 42 -82 -24 -43 7 -67 -66 -74 -96 -17 -76 -25 -4 3 74 71 20 41 -54 -73 37 -71 -48 83 45 15 66 -57 75 56 48 47 -54 -61 -76 -77 -51 -28 -66 76 -63 -45 -57 12 41 -69 99 100 -90 57 -95 2 62 23 -30 11 86 71 -16 86 -63 -88 -64 11 -31 75 0 -36 32 -94 -62 33 77 -74 -12 -43 -31 -52 20 29 35 70 -31 -85 -3 45 62 37 60 -84 56 -49 36 18 -29 -48 -69 53 -67 10 -89 93 78 -19 -83 83 64 -39 30 -80 -86 -70 45 -23 11 29 -73 39 16 4 80 57 -45 -96 36 -92 -60 -55 -80 -54 -8 -89 -77 58 14 -8 67 88 66 -57 -27 83 49 -36 42 25 -78 -54 64 94 33 -26 -3 -47 -73 -71
22 -97 -46 17 64 43 -32 23 -75 4 17 35 97 27 -19 -49 41 44 -78 30 70 -1 46 99 55 99 -47 -8 32 -81 38 -60 53 -18 -38 -87 -40 19 -84 20 -17 5 25 -15 81 -40 29 10 -71 -62 -86 58 31 55 -4 41 96 -73 71 26 15 -24 -96 3 -96 1 -13 -23 -40 84 -97 18 46 -11 -5 -53 44 23 -31 -17 -43 1 51 11 22 -59 27 78 66 -78 -12 29 -51 32 2 65 -48 -38 -83 53 33 31 53 79 78 35 22 -74 79 -52 45 -8 23 -72 -53 97 -66 -72 88 -23 45 80 28 12 27 -23 33 30 82 50 97 69 -9 61 -39 35 -85 60 25 54 39 -99 90 -6 -84 -23 -18 -47 59 89 -79 -27 40 40 82 -86 27 -23 -66 -10 28 48 -26 -26 -41 -69 -55 -4 30 -55 -84 77 44 -58 -63 -50 58 -14 -15 -70 -28 -12 -57 13 -15 21 84 3 89 -94 71 61 -49 35 -53 52 -79 -42 -30 21 -9 -42 26 13 63 34 -43 82 3 59 79 -20 79 80 18 -44 -62 -56 -20 -36 96 -25 -50 19 -24 -66 -88 -45 17 -44 86 70 92 21 -45 90 63 -100 33 76 -71 -46 -6 70 -31 80 9 -16 40 -9
-91 -86 87 41 96 -72 -70 43 65 -42 4 34 -94 21 74 21 -82 -78 53 -60 -70 -80 -87 -19 -76 38 -100 -64 -15 -49 28 -100 12 -17 -13 91 65 48 72 82 54 59 -90 63 -91 100 97 -66 -93 19 23 -17 48 -94 -88 -96 -65 97 -65 -98 61 50 22 25 -63 -67 20 -63 23 7 -86 62 100 10 12 92 29 -70 -14 -41 -75 70 40 54 57 18 18 -76 22 71 60 66 -51 -75 -82 -18 72 40 -41 91 46 15 75 66 -92 -82 90 -7 46 69 -33 -62 -61 -20 82 53 22 15 -37 81 67 1 -64 -79 45 50 -74 -74 62 23 -51 71 88 69 38 -36 -54 -81 -38 -81 -4 22 41 99 80 28 -97 -51 -59 -69 -80 72 -52 -65 -81 72 -48 -97 60 74 -23 -72 94 -78 53 -59 -86 99 35 -85 8 22 -87 -38 59 29 81 -53 96 -29 -43 -68 -80 -82 54 48 -43 -43 -51 -97 -37 -56 -36 90 -39 -27 -19 -79 -62 -40 -43 2 -47 68 -51 -6 -26 -53 27 -41 -90 56 60 72 75 -20 -94 -82 -49 42 84 -74 88 -56 85 94 12 43 -79 -61 62 -39 77 84 69 -77 83 -79 -7 14 -41 -98 91 33 -64 74 -99 51 -24 -91
97 -79 60 -96 43 40 -97 -62 -19 -61 -18 -63 -47 19 63 -13 31 35 99 68 98 -7 34 -48 -70 32 -88 0 -68 94 89 58 55 1 4 -46 -25 -15 39 3 -90 -28 19 89 -23 -48 62 -13 39 49 -35 -30 -3 -86 24 55 9 16 -33 -76 0 84 25 82 52 28 -64 96 -14 34 -37 8 -100 43 -90 -1 -73 59 -41 23 -99 31 42 -53 -47 -79 -71 -3 70 -74 25 34 -59 2 -55 -45 76 86 -36 50 -73 -26 -9 -92 94 50 -30 -25 -25 31 -3 93 64 92 -81 -73 17 31 -36 -51 -87 24 -1 -48 62 -84 33 87 100 31 -46 14 66 -47 4 -80 -70 36 25 -18 90 -71 -68 51 3 88 -47 3 -98 95 42 -19 -93 94 -17 21 -55 -67 -53 86 -39 -72 -16 50 99 -67 50 -72 -81 -19 -49 87 -51 79 -31 6 -44 89 0 -84 25 25 9 61 -18 51 -46 -45 26 -34 32 57 0 -56 -34 -59 15 -2 -58 54 76 83 -36 6 -2 -9 -79 -66 -95 85 12 -5 67 -81 11 -19 -85 42 75 40 30 -26 -48 -10 41 32 89 -1 72 40 74 6 83 59 71 -8 72 -19 -36 -46 36 -83 73 47 1 19 47 -52 58 62
-96 -70 12 -16 5 2 82 -26 34 -76 -67 -2 -7 0 -62 -84 12 52 -99 97 -34 47 -79 22 -42 29 -7 -98 -37 15 -36 72 84 25 -61 -35 87 50 71 52 35 -34 -81 -48 -58 -1 85 -12 -75 38 61 -85 87 25 35 94 69 3 40 26 3 44 80 10 7 -9 72 -44 2 43 50 -31 -93 49 38 19 -23 30 -38 -90 22 19 -30 16 -55 -90 -6 89 63 8 83 -53 66 45 -24 12 -73 53 -49 66 -37 15 -68 -88 51 -44 -19 -99 16 -34 -23 65 91 53 -75 21 53 19 80 -21 36 58 80 63 -74 51 -5 45 73 89 -90 93 46 38 20 95 -76 -70 88 66 -22 -44 48 60 24 84 39 -69 -61 72 -62 -24 -11 12 55 17 -90 35 10 86 -19 -7 40 55 63 36 -10 50 -70 84 14 70 -32 99 9 93 69 -36 44 -3 -75 -76 -55 -24 16 -53 95 -100 -95 40 -16 -52 -21 -80 -32 100 27 -100 69 -64 -2 -55 91 -41 -76 59 75 11 -87 25 33 80 58 53 40 49 15 70 27 81 24 -12 -63 -61 11 -35 60 93 -17 -77 -15 72 -78 97 -77 41 -4 62 0 -77 58 50 69 -67 -34 -15 -28 63 5 -15
-33 77 -27 -55 -36 -90 63 -23 -30 -15 93 88 45 60 -53 -80 23 45 95 -18 -78 99 28 4 -25 -13 44 -27 -46 -57 52 14 21 -18 -97 -46 84 -19 69 -2 66 -41 20 -8 -98 -17 68 -92 12 14 48 -18 11 50 89 -54 20 -29 -10 -75 -71 -81 3 70 -76 -65 -32 -80 -82 -55 56 82 -59 70 2 62 -39 -21 -9 24 65 -66 -44 23 -91 -19 58 91 14 -66 41 36 -73 2 -14 -88 88 97 -89 -50 7 -55 -78 86 -99 -7 31 -15 64 -21 25 -61 -23 -45 26 -72 66 83 -26 0 -10 38 -72 11 38 -50 -96 79 9 -69 37 77 -61 -78 46 15 78 47 12 -1 -33 17 -69 -47 84 -86 18 -34 78 -9 -55 -91 -20 13 -82 -55 -87 12 -42 80 87 -97 -73 -4 -11 46 -22 -16 -9 34 35 28 70 2 99 -90 77 -19 -81 25 85 13 -16 45 83 -99 -6 48 -58 -46 -4 -21 -89 -65 -6 -99 82 89 0 17 -60 -81 -70 -56 34 -82 -55 -80 61 35 47 58 100 -74 23 -27 -56 -91 -48 88 9 17 -31 -71 19 -3 -1 30 -9 -49 -37 -50 -89 66 -36 96 20 0 42 8 26 -10 -3 17 48 7 -81 -78 43 35
23 -83 -35 91 80 12 92 88 -60 -13 -45 -93 -84 77 23 -57 96 83 11 -61 -64 47 41 23 49 47 -54 5 -69 -24 -91 62 69 -95 -77 -75 -36 24 -80 -86 6 63 -45 22 -90 -54 87 90 -34 10 -90 -77 -47 -63 -80 54 13 -53 4 12 -42 92 93 -67 -20 43 -72 73 90 -64 76 -75 85 46 98 42 -47 -69 37 -81 9 -39 66 -19 -37 54 37 99 74 -93 -79 -98 -58 -97 82 79 -52 -6 39 55 -97 96 27 8 77 89 -88 -25 71 91 -45 -75 4 45 95 -37 59 -5 -50 34 64 57 -21 -74 74 56 83 -40 42 43 63 44 -78 -52 -21 66 94 66 93 -78 53 -29 -37 -29 -6 57 -46 -68 28 88 67 -77 -97 59 -44 55 -63 69 22 84 43 90 2 63 -71 -84 -16 65 -59 6 13 98 89 -63 12 37 -95 27 -38 -80 51 38 -28 82 66 -16 -99 32 24 65 -28 87 -56 -48 -10 43 -67 47 84 29 -10 15 -93 -27 4 -5 44 -9 -7 -7 60 -66 61 51 97 44 -48 -2 98 -87 17 -83 91 -64 64 -14 23 19 -78 19 92 24 -84 -92 -94 -35 -90 71 90 10 0 -21 -71 -28 -89 -69 19 -13 -70 -70
99 -37 93 68 -40 -85 63 -65 -89 -74 97 -53 11 -94 -93 95 17 30 71 -91 -63 -96 39 5 54 -9 -26 -46 -52 -26 -58 26 30 -12 99 95 84 69 -75 3 -53 -43 0 90 28 -39 -66 -86 49 14 20 -23 70 -70 48 -36 47 70 89 -79 -95 44 -13 33 74 -58 -37 -10 39 -99 17 -75 10 -51 -88 -11 40 -12 74 -81 13 -35 75 93 -78 -32 -2 71 44 -67 42 -7 -5 52 -5 -96 -50 -63 -11 -22 88 -57 96 -23 87 44 -71 -27 -71 62 -14 30 27 74 41 12 -63 93 3 1 58 -36 14 72 82 16 80 5 78 -91 -29 62 27 98 56 -42 -70 22 66 -93 82 87 -46 -43 95 -49 63 97 -56 2 71 59 -86 -53 -53 18 -44 17 71 39 -49 -7 -84 42 -39 65 73 -37 -4 -58 23 24 18 -18 -55 96 64 55 98 43 -78 -1 55 -97 97 -45 59 -9 3 65 -47 95 93 -61 -1 -21 3 -93 35 -16 16 -59 -96 23 71 70 33 -63 -99 66 45 8 -71 25 -29 25 34 73 -88 20 -75 -79 82 78 -6 19 -12 83 34 24 71 -47 -52 61 99 11 -55 26 -74 21 88 -88 -29 92 -62 38 88 69 22 -78
-41 41 21 27 97 -25 62 -56 -5 -70 26 9 -85 92 -90 -85 80 21 78 12 -3 -53 -50 64 64 40 -65 64 95 -7 -41 98 6 -76 -25 -100 -68 36 -33 80 51 42 -86 24 -37 88 19 73 -62 -52 -10 1 -85 -93 39 -24 -53 30 -64 -61 -1 56 24 -94 -41 93 23 -35 -62 51 -91 -8 -63 -34 -67 77 -8 -88 36 22 -43 -34 -72 79 13 99 -83 -91 46 -73 33 55 47 93 -10 -30 29 79 -33 -3 -4 19 -51 -30 7 -10 63 44 -40 -39 41 80 75 47 33 85 70 -70 -82 16 -31 61 42 0 -100 21 73 -69 62 39 -63 -71 67 24 -13 100 98 -3 91 -46 -81 100 70 -13 -89 34 -69 -97 -93 9 -6 -3 -76 -95 97 -53 -29 5 -4 -83 35 15 95 -44 94 35 -64 17 -69 -4 -30 -28 7 -85 -68 2 50 -3 41 -89 -20 -49 -99 -60 16 -93 25 63 81 -22 -53 28 34 38 37 56 -65 -18 -78 0 44 29 -7 -53 -12 -8 -65 -7 -89 -30 -6 -81 20 48 27 -65 70 1 87 -63 -90 -36 -43 32 -8 12 61 70 -54 -56 -87 -42 -7 -36 63 44 -7 83 58 -68 -16 85 41 10 -2 -83 21 8 -69 -31
