500
97 -13 13 -36 10 3 -16 -89 -40 -71 -11 -72 41 62 -70 12 -100 -83 -60 -71 -33 -82 84 -62 -56 -95 -95 -27 4 -91 20 -27 83 78 22 -76 -60 29 70 -41 -97 33 -84 15 90 33 12 -75 27 25 69 55 -65 58 84 -71 -9 91 -95 59 22 -80 72 -67 15 47 -15 -2 96 84 -58 -83 -52 41 -1 -44 22 -33 10 -59 -65 -39 -87 -39 94 -96 -89 -68 34 49 -58 -64 31 -16 -91 35 0 56 -48 -20 -36 -29 98 0 63 32 91 -67 -51 -89 53 61 45 96 -73 -8 30 -31 -14 -18 -87 -15 64 29 -6 82 39 -28 -27 50 85 -53 -98 -69 25 26 81 17 -6 6 -20 -5 -74 -35 78 86 -69 -94 98 -12 35 40 -44 97 -85 -70 44 60 -93 12 76 42 -22 -84 -55 92 38 -13 74 -49 2 -35 -53 26 71 13 16 36 -67 14 -4 86 61 66 44 53 -57 -43 7 41 -45 -74 85 100 62 31 -90 20 -90 66 -23 -23 -27 66 -17 33 -24 -23 -34 45 32 37 -46 -23 59 90 37 -5 -7 60 67 -12 3 46 -3 -84 25 -12 -6 53 0 55 -61 12 -70 21 -55 21 -79 -31 15 92 17 -58 -84 74 -71 29 93 -76 -99 69 -41 94 -86 11 -61 94 13 49 -67 -30 -3 73 -54 -71 62 88 -13 -18 73 -36 74 -94 -96 20 74 49 -70 -45 54 -87 81 -55 -68 -18 -6 65 -83 -68 15 -60 55 65 52 -44 63 -83 100 -77 -1 26 90 4 83 20 16 -73 -58 62 68 10 -60 -42 10 -36 25 -16 33 -44 -15 53 -45 75 -11 -11 -70 47 -85 73 -26 96 60 39 -19 84 76 -22 48 97 -63 51 57 -95 -84 26 95 -90 -80 -4 -60 87 -58 -10 94 -16 87 0 -100 23 13 94 -14 -39 -30 3 52 26 83 -61 -87 -29 -54 76 22 -75 -8 4 -84 -72 65 -79 16 71 -39 -81 -30 26 42 68 -87 -93 100 -87 44 65 -76 89 23 -30 96 30 -40 -39 -80 -50 -78 -79 -77 46 -80 -91 82 75 -46 4 0 -47 -35 68 57 -37 5 -44 -17 27 69 -11 -97 -11 54 81 43 5 -52 78 18 54 61 26 -67 28 -83 -12 -68 -82 52 34 18 -77 2 49 90 65 -19 65 -63 90 54 6 59 -69 -58 -8 45 -87 -15 -29 -68 -61 -89 63 -75 18 99 74 -74 -71 37 -21 -49 93 0 -24 90 -69 -99 52 56 95 99 14 42 -91 -47 -92 17 7 92 -17
53 -69 -24 46 28 35 95 -79 -7 -83 -97 89 14 8 -2 47 37 -48 50 79 -99 80 72 -94 -23 -77 -12 -28 -41 71 47 -85 90 -37 25 72 93 16 90 45 12 76 -91 -33 88 -88 -42 -58 48 64 66 -9 18 24 -13 10 74 72 -44 -45 29 -13 29 -69 96 24 -9 -2 -49 78 6 16 -19 59 82 83 19 -59 77 -83 -83 -43 58 -86 -50 99 92 -14 6 -78 15 -64 45 71 59 -79 36 44 -63 -99 -83 22 -68 11 75 -76 40 -19 84 70 -58 1 -58 28 68 50 80 100 88 29 -67 -90 34 73 81 -9 90 4 -56 11 63 77 -71 -54 9 -41 -98 -56 -90 1 13 -42 -24 -13 71 -68 25 -82 -57 36 -12 96 -100 -58 18 -9 -81 -55 45 44 92 -46 56 -29 93 56 -8 83 -10 59 -73 50 16 66 -13 -47 -35 -53 -16 93 21 -1 48 -19 57 92 60 -18 98 -95 40 39 63 76 58 -53 -97 50 -14 -19 72 79 -28 77 23 46 80 -65 -3 -54 -69 -94 88 89 33 28 -40 -93 31 -22 36 -73 -34 -3 -14 41 60 -9 83 -9 -67 -29 -1 5 -2 42 25 35 49 32 -13 -20 57 85 41 -53 53 -5 81 -21 72 -57 -12 34 82 34 29 51 -8 -22 59 -64 15 -1 83 -79 -93 95 -29 -45 -31 34 98 79 -77 -50 9 56 -82 26 -18 -36 53 0 63 31 -57 53 41 -34 40 -82 60 25 -51 44 -99 11 -67 82 31 68 -3 45 45 -5 -6 68 -41 43 -48 35 42 83 -21 -23 4 -13 -54 2 93 93 37 -55 65 64 -80 60 -80 -32 87 100 99 63 -53 91 -43 74 -85 -20 -79 -98 -37 -60 -2 -97 61 -81 16 37 3 25 -28 -81 46 41 99 47 62 86 61 -4 -88 -20 -20 6 51 -68 5 84 -8 -35 99 73 -92 -99 36 32 -23 38 5 -15 100 -71 49 77 59 -94 49 23 96 41 79 34 99 31 -10 26 -2 -20 -17 14 -87 -30 85 10 22 57 -99 -62 32 60 60 24 66 -67 89 -90 49 49 1 20 59 -12 87 -23 4 -59 58 93 26 -5 -96 66 -81 -38 -68 30 -82 17 -37 17 -37 -85 -49 25 -46 52 4 -61 -29 89 100 -12 -65 50 87 -48 -89 77 86 88 -70 81 -32 -13 -52 15 50 -20 42 33 68 96 -57 -56 6 -22 -76 -95 -77 -62 -30 44 49 -30 14 -77 26 -91 3 -17 20 49 96 8 20 81 -38 -49
-66 75 89 -52 99 4 17 -46 -35 68 -35 94 -86 30 -78 32 41 59 -36 28 71 -99 74 37 70 45 -82 26 71 -14 -15 76 -64 96 -11 16 25 -92 84 34 -83 32 49 -29 -19 -5 44 53 -42 -54 -74 28 69 51 -21 -89 40 63 -37 84 -34 20 80 -81 67 -74 41 27 -7 -34 80 -82 -59 62 -22 -53 26 -73 32 -83 32 43 -92 -59 61 -51 56 -87 -52 50 -79 -91 -23 18 26 -88 -56 -42 -66 88 83 9 -54 8 99 -82 41 99 10 -96 44 93 27 -48 -50 -94 -56 40 -40 85 -59 -33 -24 69 -37 51 -66 1 -27 -15 97 -20 10 64 76 86 -56 -38 60 78 85 90 12 55 41 17 80 -33 16 -58 21 -71 -46 54 93 -26 -38 2 -70 1 -20 49 -87 -16 28 -74 65 26 -92 5 -90 96 -83 45 -42 86 -86 -20 -16 41 -98 13 17 10 -9 -69 5 13 78 -29 25 -13 100 46 -2 3 69 -54 -67 -11 43 6 -100 48 61 -29 40 52 -27 -48 35 42 9 15 -68 23 72 19 -41 48 -54 -28 -5 -14 -70 94 -14 -78 64 50 80 91 -16 20 57 49 60 1 83 73 56 82 18 27 88 35 66 11 -9 70 -19 54 99 -61 -1 -85 -27 -59 -26 -41 -90 61 -59 -29 -55 -31 -78 -61 -51 17 100 83 61 -43 -20 27 -25 91 61 -61 9 74 -34 27 -64 46 66 -14 -80 -89 -5 77 -88 14 19 58 -99 -78 -43 22 78 -89 -5 24 -51 -63 54 -10 60 84 41 -2 -30 79 91 20 17 -43 64 -34 37 -30 100 44 -26 -17 84 47 13 -29 -22 -82 -19 -70 11 46 76 75 77 92 -73 -89 -92 -84 47 -100 20 85 -82 5 79 4 5 -9 -23 40 -91 99 -11 -8 21 -25 76 -46 -10 89 -60 59 85 52 51 92 89 94 -96 -41 -97 -94 -79 23 -6 60 -7 -70 -85 -43 -79 11 -58 17 60 -14 -13 44 -63 93 100 -88 68 -4 -20 -48 -58 -12 44 -28 38 -19 -32 -29 74 89 86 -61 83 -13 -26 46 -37 44 -13 -30 84 -30 85 28 -27 13 -32 -38 81 -11 65 16 -69 -62 11 64 -60 20 -2 -58 96 87 -6 -40 -7 82 79 89 -61 22 60 74 43 62 18 -83 48 48 11 -9 57 -66 -57 77 -77 -67 12 15 -98 -47 58 -90 35 -43 49 -7 99 -11 20 38 31 -39 -80 -26 43 69 -83 -31 -7 -99 -83 55 -33 69 52 28 93 -34
-17 -19 -56 3 28 -34 -51 -27 94 -34 51 100 -72 83 99 -83 22 -100 19 -16 93 -43 -17 19 -63 15 -73 66 -18 -26 27 8 10 -12 64 40 -34 -44 53 -81 -1 -41 -17 -15 -20 -64 68 -53 -46 -26 82 69 55 0 -50 -48 53 98 39 28 89 25 -46 33 -77 -95 -45 -78 -9 -30 74 17 -82 64 -40 14 -69 38 -96 86 23 31 -74 7 -75 -79 5 22 27 -25 67 -66 43 -14 9 -71 -72 -84 -77 58 77 98 -7 2 8 -84 -66 -59 97 -54 -52 -69 24 76 51 54 19 80 68 45 100 -49 -37 -32 61 -93 -13 -63 93 42 29 -50 -25 -51 43 19 22 95 -3 69 64 -55 -38 -43 -5 -50 -64 8 92 20 4 -50 -46 31 36 -80 -38 -81 10 35 65 -36 -18 -50 88 -7 100 -64 -14 -56 98 -53 36 71 15 29 -17 -9 -40 80 -1 -12 -87 -46 -19 -12 -82 32 -69 -100 -73 -68 92 47 -71 -45 -2 23 -31 29 -64 -81 -18 -73 94 98 64 38 100 19 5 34 46 -1 -12 -18 -21 68 -98 60 79 2 -86 97 61 88 -76 63 26 -50 -5 -49 -68 -80 8 55 -44 -10 19 29 32 -84 -74 1 -93 -81 14 53 -61 -3 -39 -86 -72 -87 -56 -7 -65 70 -74 -56 -69 -29 86 88 -36 44 -14 6 39 -28 68 71 -37 -44 -8 51 94 -86 31 21 -76 -1 -87 84 -91 33 -51 86 -69 73 -73 76 -56 -23 -78 95 -25 5 -63 -41 -21 -99 -76 78 73 5 88 -76 78 55 -93 7 6 -13 -7 78 28 67 -86 -98 -18 100 -31 76 -70 -11 -62 -92 -52 57 -89 74 8 -59 80 16 90 -90 84 4 -43 -8 81 50 -13 -97 -68 -54 75 -80 83 8 17 -43 2 -90 76 96 -97 51 10 -11 -14 53 35 58 -43 -93 -65 47 -44 -8 32 -36 -21 -3 -35 22 -52 -31 -94 -37 -33 34 -38 1 91 -71 25 -55 53 91 -87 -91 -78 -100 -82 31 57 -37 -94 -36 -79 81 34 58 -51 -41 -29 35 -17 -1 -42 -87 44 -40 65 1 35 -98 -46 -65 -22 28 47 79 82 -49 -18 8 -4 37 86 34 -69 82 58 46 -93 86 -10 16 87 31 -43 -90 19 -37 -72 -49 -82 44 94 79 -70 66 -16 -17 -75 -64 -16 -25 -13 -23 22 88 83 -17 79 -11 67 -75 -70 -61 68 0 36 -11 10 -25 -16 79 27 16 55 -53 -56 84 30 26 -12 -63 21 38 -37 23 -98 -74 -99 -53
33 -41 76 -77 89 -100 91 -7 -61 -95 84 63 59 85 -89 87 -57 3 -55 3 -9 -39 66 -33 99 11 -80 53 -32 5 62 -44 81 87 96 -48 45 -38 77 41 18 68 -67 -64 99 -36 76 -6 -93 -75 -97 58 86 -56 95 -25 -24 -64 40 45 6 78 -30 -63 -3 -14 7 34 61 -66 -39 13 -89 -32 -88 0 0 -62 -8 -60 10 82 -22 76 88 80 1 42 58 22 85 48 -92 -26 -32 -48 -14 -96 33 -43 -69 -70 41 -2 28 9 19 -23 54 25 -63 66 -67 45 78 12 33 9 -26 -71 24 -10 71 61 63 85 -76 -21 -71 80 -90 81 5 13 -50 11 -90 72 -22 -95 -17 -9 -96 -88 36 5 20 -32 38 -16 88 -23 89 66 -23 39 48 91 -46 5 79 23 71 73 -62 53 -87 -99 -17 15 -77 53 2 84 13 -98 94 35 -14 53 -99 -46 96 -41 90 67 16 86 -26 -57 70 28 -4 -26 -74 -79 -48 -24 -41 -34 74 -16 51 -62 27 44 18 9 65 -51 -16 -72 -91 13 -54 -78 -6 16 -95 98 -90 34 -18 -30 85 -40 11 20 -55 -1 -18 20 91 44 -4 43 -57 -38 -37 -61 -17 -99 -13 39 -3 0 -82 83 87 52 -88 -42 57 94 77 -22 52 32 -24 -56 36 -51 15 53 20 37 -29 -69 65 24 7 -48 28 1 96 70 99 -6 94 79 10 -98 11 28 -40 74 81 -100 -86 -94 58 -37 -21 -54 46 25 51 78 100 -37 -39 -54 32 76 78 -15 1 4 -91 73 44 -15 -95 -32 -3 73 15 21 -56 33 -100 -53 61 42 5 -12 -20 14 57 -99 -21 -89 65 7 65 -19 -55 23 85 -17 -84 14 82 89 99 -5 49 69 -17 -26 -40 92 7 49 -47 49 77 -32 81 -75 27 -38 76 -17 4 -26 -74 -53 8 -81 24 32 -43 -53 82 -10 66 -81 92 54 58 28 79 -56 54 -99 19 37 -85 -100 17 -41 -41 96 -30 23 45 -54 -44 6 -52 75 -52 -35 27 -46 -7 44 78 82 -22 -36 -86 -27 -64 -36 -95 -10 71 89 88 21 42 81 -84 -81 47 62 -54 -44 74 9 50 -47 53 84 68 7 48 82 -16 -38 -22 2 -21 -95 -73 20 -1 31 -43 68 -42 57 26 68 -11 76 -29 87 88 -9 -56 -8 10 34 -55 -7 -65 24 -62 4 -43 -33 88 -50 76 -31 -3 -46 50 -87 15 -66 -84 -53 1 -17 -99 -30 96 41 -62 15 -46 -57 23 52 64 -55
50 -20 26 60 57 -27 51 -42 -81 -34 -83 -97 74 -89 56 -80 -73 32 75 -29 -10 94 49 37 72 92 -31 -39 -72 50 -95 50 3 39 58 71 29 -97 -36 -18 35 5 -58 38 -6 31 18 57 59 15 -3 85 44 -27 57 12 -4 0 38 -28 -49 65 -41 0 57 56 5 100 -93 69 -21 57 40 80 45 -75 -70 -87 -20 17 -63 -66 -28 36 -27 -3 -22 16 -97 7 2 52 79 -52 71 4 54 48 -10 -41 -73 -94 -48 57 31 -23 -96 6 75 -93 78 62 32 -67 -70 97 -22 -80 -71 0 87 -30 -30 -70 -49 -14 67 -71 10 63 -41 -100 70 55 -77 48 29 79 -4 -33 -85 65 -71 72 77 -87 -69 -6 -37 -21 -71 -1 50 -54 36 -66 -3 69 71 -78 -24 -70 -81 -92 40 -99 3 99 23 58 34 -19 -95 79 0 15 21 26 -43 -66 53 -31 66 -65 11 -97 31 41 40 15 -75 -46 -16 77 47 -84 -35 39 92 68 99 -92 -86 -56 61 -82 63 -58 -13 15 -46 21 -29 -99 -12 -28 85 -60 -91 82 54 18 -84 43 -86 -94 -13 23 -86 45 78 87 -7 -51 -58 -74 81 -90 -79 1 -66 -48 -22 93 -20 -49 -57 62 65 -6 14 -14 25 -68 -45 37 17 -91 71 40 30 -83 -97 84 -77 3 7 -53 -51 64 47 19 50 45 71 -27 -84 -65 94 -35 -17 58 -78 47 -54 -30 -92 13 -32 -19 -1 -29 87 57 -29 -94 56 -56 45 -78 52 65 -18 41 97 15 74 89 46 -59 78 74 48 16 -2 25 68 -36 -100 84 44 -44 -22 28 -82 -33 90 15 60 35 10 94 -56 -94 98 -27 -1 92 -54 100 91 -23 -21 80 -21 -65 -16 92 -54 20 -16 30 74 -44 26 82 -21 -72 -26 61 69 -58 -85 27 10 22 77 -62 14 -10 -51 72 100 59 76 58 -87 79 -13 -100 -39 -14 -51 55 -16 92 -42 44 39 65 43 -10 -28 -40 -60 -3 -94 -83 -4 -68 -100 -56 73 7 -65 -32 -36 -21 36 52 -84 15 5 99 44 -64 -48 41 -47 61 -59 48 81 30 -48 83 8 -42 -3 66 52 43 74 75 80 -1 -66 -55 -43 60 -87 8 78 44 -34 72 -64 -22 -82 -56 -64 11 51 24 100 -88 73 -85 54 17 84 13 27 -20 -87 -32 39 85 86 -81 10 52 0 -16 -100 55 44 2 -39 54 37 -13 40 64 45 -65 -86 41 -16 -79 -50 59 -67 93 -4 38 -66 41 -45 12
48 -76 48 -97 48 6 -41 -21 25 82 46 14 -28 -49 -57 -10 32 41 -34 -12 -4 82 -100 7 -53 70 38 -31 -94 -29 66 44 -15 -47 -92 53 -44 24 70 79 -20 2 34 59 60 -80 7 100 -67 -87 14 -31 -17 61 56 23 -23 43 58 -71 5 -63 -97 -10 10 -47 -46 -42 -15 17 34 -11 73 41 92 -5 -77 -54 -75 5 -23 63 -78 25 39 94 24 -71 -23 -69 -84 72 85 -29 -48 55 -62 -11 66 63 -18 -11 -57 40 67 31 -71 -48 -29 22 67 -63 43 98 -70 -15 28 11 52 -7 95 -90 -83 55 -37 92 -96 -99 -5 -58 -11 36 6 84 81 77 -52 84 40 -71 87 1 -32 -99 71 94 35 -48 -6 74 -5 6 -86 45 -16 23 77 -89 90 61 29 -23 15 78 8 -39 35 94 -5 -71 97 -63 85 -5 -1 41 57 21 21 -56 20 -97 54 47 69 45 8 -64 66 57 43 20 96 83 94 36 42 80 -99 26 -71 65 12 73 -69 -8 15 -38 76 -8 1 95 -72 -57 35 48 2 0 28 -25 79 56 74 -91 50 -98 9 23 50 60 -30 43 -88 -29 84 -63 22 -27 78 51 -88 81 -32 59 93 -79 -52 -18 43 -8 -57 48 24 27 86 -87 -5 -70 -9 59 46 -6 98 89 -54 -65 -60 -79 76 82 87 -13 40 -33 -13 -12 57 -72 100 80 -47 61 81 35 -67 9 -63 -32 -41 44 90 -53 91 19 94 -13 -69 -36 46 66 6 43 78 75 -41 -7 -67 93 -54 5 -15 23 31 34 39 49 -45 -73 -83 58 13 19 -59 71 -81 -91 6 28 14 -44 -85 -17 100 77 -76 58 -25 97 78 49 8 84 29 -12 24 11 95 -27 80 41 88 80 -40 69 -69 -34 24 62 10 68 -10 -100 -65 -66 -55 82 -73 32 -35 50 94 -49 -62 87 -20 -79 68 -45 -17 4 -10 -35 25 35 46 98 15 -11 26 70 54 -98 4 -86 28 -51 -43 46 -89 -1 89 -82 -12 49 -74 9 -99 -74 28 94 -15 36 42 97 65 74 38 33 -33 43 -2 53 -31 -66 -29 -48 42 -92 50 -58 -37 -26 -1 74 82 -62 58 47 6 -44 37 85 100 -79 -33 95 1 -51 -32 17 -38 36 -83 -20 40 41 3 45 68 2 73 55 87 -53 14 64 -19 -77 -39 -44 60 22 -31 -45 24 -28 -48 69 -58 30 74 48 -19 58 -90 55 -2 61 30 65 -40 50 -52 -69 12 56 -21 -43 -95 -56
-49 -72 88 40 39 50 -63 -23 -97 -33 -98 43 15 25 -32 75 22 6 -58 15 -69 47 83 29 -22 17 -83 52 -43 -49 -51 -82 -26 25 -75 -53 8 -10 -41 -43 71 -5 -98 36 15 9 70 94 82 67 32 41 73 86 13 32 47 -26 -33 -32 82 -15 -84 17 7 -96 62 56 57 50 -48 59 48 81 -73 64 85 -62 21 30 25 -4 -53 33 -3 -19 -22 44 61 50 -30 12 36 40 -53 -9 -19 -12 60 13 -67 14 -94 -94 -70 -47 80 85 -45 -2 -2 -29 40 -76 -35 -48 45 48 -68 5 14 31 7 76 -57 28 36 43 25 -96 54 -93 -45 21 87 49 45 19 82 -57 68 -34 -53 56 15 46 -53 -57 -79 98 77 -84 -69 27 41 -97 -43 -95 70 3 -46 -60 -97 -61 86 -60 73 33 71 -76 46 40 98 98 44 -20 6 -60 -4 27 8 36 -52 5 16 62 79 -53 -75 -78 -58 -3 -10 -8 93 95 44 6 -6 -39 17 71 -64 76 -9 -20 79 -20 -23 -41 -72 -23 -93 78 97 -95 -25 -59 -66 -21 -47 25 -45 81 68 31 -95 45 11 90 68 61 -78 22 -31 70 82 13 4 64 34 23 -85 69 58 5 76 12 64 42 -57 77 -39 -16 83 -15 2 -99 -63 5 -71 -27 10 -59 44 -94 -19 -99 100 -15 63 4 74 64 -87 -2 -24 36 -53 50 -72 -28 -76 86 -64 -78 27 -28 -96 -38 4 75 44 15 -44 -80 88 -41 4 -98 22 -58 85 -76 73 85 -100 -60 32 38 -97 11 -49 -23 6 -4 9 2 -27 48 -46 100 -85 96 -56 -98 -35 35 -11 94 -7 75 -54 31 -17 -82 76 -45 -13 -22 49 -17 26 -33 77 -70 6 73 54 -44 -26 -16 52 21 -97 -37 -44 92 42 -5 14 40 21 -56 8 37 73 -49 -46 76 66 56 33 20 23 -38 -18 -30 -78 7 1 1 25 -16 -85 15 32 41 -17 71 30 -20 -61 15 89 65 100 77 -51 20 8 6 -59 -99 17 29 -66 -17 97 96 -73 -63 30 -49 -96 -79 50 55 -31 -67 55 95 92 -89 -47 -71 1 -32 -79 42 12 80 35 -42 88 -90 -83 1 -14 -66 -22 -51 66 -20 -99 -93 -27 -33 -21 27 -47 -9 41 28 -69 -34 -73 91 -66 -61 75 -63 80 -95 -53 65 23 8 95 92 59 6 -81 -64 -61 -33 4 -85 8 36 -59 29 81 -1 5 36 -40 -32 96 -82 93 72 93 -17 81 -14 16 -84 45 47
-58 -73 -67 -39 23 -91 -21 17 32 13 71 47 -36 47 -3 92 -62 -38 -3 27 67 -87 -77 -22 74 -4 -84 37 -78 -97 51 -60 -35 -74 8 86 -99 -5 -33 -68 63 4 -18 -89 78 -100 -83 -62 29 23 -26 12 21 90 23 3 -86 -55 85 27 1 27 -72 62 -84 82 -72 55 8 95 59 -10 78 68 31 -59 71 -91 -29 48 31 -10 -59 -90 -52 -24 -33 -96 -86 -7 -93 -92 71 -72 82 -58 49 -72 -82 59 -42 81 78 -13 -100 -17 4 3 -49 -54 -26 -18 -17 75 -95 -46 51 54 28 -9 98 -92 60 90 51 -84 -3 -12 72 64 -5 -61 -63 6 72 -54 -86 -6 -20 -15 79 -40 80 -48 9 32 -72 -50 79 28 -41 35 -9 12 -4 -61 -6 -1 74 27 43 93 -59 19 -90 67 -92 84 -78 17 -36 13 35 -30 -23 -58 -99 -82 100 -69 -96 -58 49 95 -3 -31 -65 -7 -98 7 83 74 2 3 64 29 -62 69 95 -40 31 -76 27 28 13 -99 79 74 -54 -75 23 83 -31 -21 -1 70 92 -9 -5 -3 24 35 -51 -12 -3 -60 -44 -42 68 -41 81 -24 -93 -22 33 97 18 -26 -78 -16 41 59 -29 -31 41 -93 57 -62 -42 18 -69 -67 -23 -78 -25 30 94 -83 65 -91 41 -69 -84 -25 -73 -89 -19 94 -30 -41 -44 88 -67 -41 96 -94 -87 71 -22 -25 19 -53 -49 91 -7 42 24 -33 -64 77 16 100 -73 36 70 2 -61 93 -23 68 69 -54 -57 -82 -98 2 64 68 31 -27 -65 -4 -100 -34 55 94 -61 25 54 -100 -67 81 -19 18 -46 -59 26 -4 41 34 -66 12 -83 88 99 -44 92 -88 16 -8 -38 87 74 -63 99 -30 -34 53 -8 14 -8 -26 10 44 -45 58 76 -52 -6 18 94 -52 56 -59 -93 54 73 -69 61 99 54 56 -31 -68 81 85 -85 -91 -97 43 -58 57 16 -72 20 84 90 -99 84 43 -90 -20 -36 -41 -60 -61 16 -96 -73 -6 -31 -78 9 -32 77 -44 -99 -37 -69 19 63 46 25 53 12 70 -3 -66 46 -95 -41 -75 -21 45 30 28 96 -51 86 -76 -18 5 -76 48 34 -17 -38 -42 -52 -69 25 74 49 36 3 20 -18 -66 11 34 49 53 56 5 76 21 44 98 -56 89 24 -68 -27 -1 -60 -19 60 32 -68 -57 -23 64 -59 -77 -52 -61 63 -20 37 -57 -49 -35 -68 -4 42 -9 -69 -54 -64 -31 82 -18 -67 86 -79 6 83 -68 95 -98
56 -19 -74 -18 -30 70 -62 -13 8 -39 -16 56 -62 -10 -18 -79 -79 35 -34 36 -2 10 -92 30 -84 -38 -19 -64 -21 -66 -69 -99 -75 -2 -13 32 28 94 68 69 11 5 -78 63 46 76 -81 87 -99 69 69 62 8 -90 70 99 100 32 -90 -4 -86 96 -37 -20 -100 -40 12 31 6 98 35 -100 59 -82 81 -4 -36 92 96 -11 -19 26 -3 6 -44 -87 -38 97 -51 -65 -90 82 97 -52 12 -100 -71 55 -57 51 4 -76 40 16 -53 -72 38 24 -61 -87 86 -99 85 39 95 33 39 52 98 52 11 26 23 -95 74 71 -63 -25 56 57 -67 80 57 -23 61 -27 -50 -28 6 21 82 -71 40 -80 -53 -49 100 63 -60 69 39 15 -55 -56 -61 26 83 -85 -38 31 -63 50 -64 24 -47 -1 50 18 38 -63 -66 -88 -19 -48 49 -45 84 15 49 50 2 -47 80 28 70 3 -12 59 -10 42 26 68 -80 -20 71 -42 7 63 -100 -47 -88 -87 -79 -24 -56 91 86 -47 75 27 -75 5 -74 20 6 42 -87 53 -18 82 19 -68 -88 -53 -69 18 10 -52 52 -27 -12 80 31 87 -87 53 64 52 45 -88 59 65 -21 89 -63 -55 29 39 -1 27 42 21 51 -41 94 37 96 -51 25 74 -54 -78 63 99 79 -48 -54 51 -55 -43 -38 42 -90 -16 -12 68 -45 -92 -83 24 58 40 -70 -27 -36 -67 -65 94 -71 41 -61 42 -42 43 -16 -12 -68 89 73 48 5 -21 -46 -56 -75 -98 -19 -28 97 -70 -9 -33 -56 -62 -42 60 -88 -20 28 -80 65 -28 32 -3 50 -93 2 -94 51 -63 30 32 59 96 25 -33 -25 -71 -65 -49 8 90 -39 93 35 19 -59 38 7 11 75 -34 59 -11 2 -6 57 3 32 -74 -99 -20 79 -95 -98 -31 87 -33 -49 80 19 76 -3 83 16 -14 30 66 -78 16 39 98 -10 -99 88 71 48 72 83 65 9 -19 -93 -51 51 -57 -7 -39 62 -15 -1 -76 86 69 -41 8 100 89 0 -90 14 -6 -71 57 -98 -42 -35 41 34 22 -62 -60 -65 -49 45 -11 -8 -94 -78 -10 100 -61 -2 98 -46 -25 75 54 76 -7 29 -79 27 -52 -48 -87 -29 64 -39 -10 53 13 -85 -2 -48 98 2 -84 -97 55 12 -97 -41 -99 83 -94 72 -10 75 31 -21 -45 38 79 0 -84 41 9 -81 62 66 -18 83 -80 -87 -84 -54 -51 83 43 -26 -66 -1 -66 94 -68 51 19 41 56
-70 -70 97 -86 4 25 37 -53 88 -70 -20 0 31 -84 54 62 -9 16 -32 -94 60 -10 -27 92 60 57 11 -67 89 -59 -37 -35 26 14 57 -88 11 -19 -92 55 6 73 -63 47 47 -81 -50 52 -73 37 -84 53 11 -51 -56 -21 -30 96 28 58 -97 40 31 -17 -9 0 21 -69 -42 6 78 -15 12 90 -9 -26 -29 -60 86 13 90 -60 94 20 71 -74 84 97 9 37 -67 52 -94 53 -15 -70 87 -16 14 -37 13 91 39 -75 14 -48 -50 38 -36 -23 12 79 89 -2 68 -54 -53 87 -15 -68 -38 -62 -89 -26 -24 -26 7 38 -2 -43 26 55 -82 -43 88 10 22 -15 44 86 -75 67 74 -75 -44 20 8 58 16 -74 88 53 98 -68 -52 24 -51 -16 84 -82 -100 -43 79 -35 -64 0 65 -65 -51 52 -21 91 -11 -28 -12 72 -94 72 -32 33 -28 70 84 -29 -92 97 -62 33 -96 15 -72 80 78 -57 78 55 -80 1 88 -91 66 -20 -43 -87 -19 -95 63 11 69 8 70 -94 33 87 -11 98 74 -25 -59 -66 -99 -17 55 -94 57 82 -97 61 -5 77 -54 -7 40 -95 -16 -86 87 92 -41 43 -77 93 78 -44 33 -100 -49 7 -47 90 6 64 36 -9 -54 41 -80 -56 91 -98 63 -36 58 -22 -34 -78 37 -99 44 -55 -25 66 66 -69 -18 -59 -54 39 -31 -46 19 -48 -78 -40 77 -51 0 70 -73 78 -4 -94 44 48 2 -29 -47 -80 -8 -28 -8 74 -58 -91 -58 -21 59 100 76 -4 85 21 39 -90 -22 32 -14 57 -55 21 -63 48 -71 70 87 80 61 26 -29 50 -49 -25 -60 -36 36 -9 -14 -32 -48 -44 -75 -37 74 -86 46 -65 -77 73 84 52 -14 39 -53 -9 91 57 -2 1 82 86 40 -49 97 -37 -68 59 -39 -93 24 44 71 -30 -96 78 45 -38 -9 -85 72 -43 51 -62 -96 -12 65 63 3 -67 15 -70 11 -73 43 -54 75 13 35 68 -15 25 75 -43 1 29 50 -8 100 -19 97 95 54 -61 0 -68 62 -51 30 46 86 -30 -6 10 93 -49 45 32 -82 67 -2 -35 -66 95 30 -16 -100 -52 96 -38 64 -12 29 -33 -37 -36 -40 44 -59 -3 -41 3 -58 33 -71 -54 34 -78 -78 63 87 -75 29 47 91 -58 82 -60 40 -55 15 -90 -24 -67 87 40 -26 75 35 81 64 50 45 23 -11 -31 16 -89 -74 72 55 9 -100 -58 -29 -34 -70 -42 35 -99 -54 44
53 75 -14 -82 96 -71 -67 83 -76 1 64 31 94 60 -56 40 30 61 -80 94 -8 82 64 55 -57 -91 9 64 -40 67 -70 84 57 -58 20 -34 -23 -15 71 4 -7 53 90 -30 38 -85 7 -39 68 26 -25 2 -56 85 -9 -78 1 -62 97 95 -46 -63 57 -53 -76 98 45 31 18 -73 31 6 93 -20 -97 2 -34 -5 -53 -13 -54 77 -96 -47 -46 28 3 33 9 40 -86 -59 55 -58 -15 -100 -68 -47 -59 -35 -32 -80 13 42 80 -44 -39 54 32 84 35 -95 86 55 -48 -92 -3 -26 56 18 73 -70 -80 14 -65 87 -59 12 -95 71 26 -33 14 -82 69 56 66 58 100 -39 -81 -75 -22 -89 -43 -94 -61 34 -47 -25 -28 33 -97 8 8 29 60 -90 46 71 14 -80 99 -59 97 -58 -68 -96 5 -86 49 16 -47 20 84 65 -84 12 45 -26 -87 -49 24 84 -57 -89 -30 -9 32 21 -84 -41 -56 78 -25 85 -61 -77 23 83 8 3 58 -83 74 67 3 -43 -60 -50 -95 -33 67 -59 -35 -1 19 -97 93 -91 9 -16 92 -51 76 31 -26 -96 80 44 41 -38 68 24 -24 -70 -21 60 -25 -1 -61 1 -85 18 -78 62 -4 -28 -31 10 -36 73 -69 65 81 99 90 74 -93 -87 -23 79 -79 -52 -50 53 -85 -22 -79 -90 74 -13 0 65 -96 16 99 48 98 -68 -67 11 -91 -57 37 -5 1 47 51 -24 -82 73 -57 56 18 60 -5 57 97 80 81 -62 -96 -70 -45 4 96 -71 100 76 -10 43 -76 100 -37 88 -96 -11 -100 -64 -95 -65 -31 -95 78 3 58 -5 90 29 -36 -90 -58 9 -19 -33 -100 -71 -11 -78 -21 76 -11 21 -12 -49 57 70 32 40 -78 0 91 88 -31 53 68 -20 5 90 79 -38 -76 84 -89 66 83 97 42 73 -75 58 -24 -47 -38 49 61 -74 68 82 55 52 -19 -76 83 61 -44 61 -38 3 9 -85 97 64 -92 79 91 -14 -2 -80 -98 9 -97 -98 -86 43 -71 89 -19 89 19 78 -96 -86 -2 -97 -57 -2 -5 69 -75 97 -19 15 27 39 -80 29 -26 -38 92 81 -88 -46 -49 -33 -89 -20 69 42 42 83 -20 7 -94 -98 -14 -26 77 -12 58 -37 -11 37 3 -68 -18 7 -89 -43 -87 34 -25 -79 -25 -87 10 -60 -37 5 90 12 33 -12 96 35 -67 -71 16 -65 -83 -22 -83 44 47 59 -83 -32 82 57 -81 27 32 -97 -38 -74 69 60 32 98
-59 54 -18 -97 -14 65 7 77 78 -59 -84 -72 -10 -40 -50 -20 52 26 -20 -72 -18 -82 -28 -9 10 41 -91 88 49 -59 57 34 -99 53 84 -57 34 19 82 -17 40 86 -81 -37 -16 -72 -90 98 -87 5 41 -56 11 3 36 -78 -8 -61 95 -87 -44 -6 51 -74 44 17 13 -45 -10 -45 -23 -8 -62 -74 32 25 -99 -94 -47 -81 -36 -51 69 77 80 -68 -93 -11 -11 60 -99 -73 -10 -91 99 -4 -25 -45 -9 72 -93 35 -58 67 -52 6 99 -69 90 -46 16 17 -36 -11 -55 12 35 -85 66 17 99 79 95 -88 58 -28 17 -45 6 -70 26 78 30 12 74 -29 -94 98 82 -66 69 -70 -12 98 -47 25 78 -95 23 -91 -93 26 -29 97 -81 -37 -33 7 -87 -62 -13 86 93 60 -45 -100 55 -79 -54 -56 6 48 -96 -44 14 90 76 24 -12 -90 -12 29 -44 3 1 6 -69 -32 -57 -27 69 24 -38 -17 -87 29 -60 -5 -47 -34 -17 -55 46 -57 82 13 85 -33 12 -8 7 -2 -88 -71 15 14 -83 -12 0 89 41 93 7 -8 24 45 82 25 69 -23 -51 83 -78 97 -10 12 -20 71 26 20 -35 14 -15 -17 -78 -58 -1 -43 53 -69 43 52 -48 69 -2 -94 -25 -7 44 -34 -68 40 -75 0 -31 1 1 -47 8 -60 48 56 34 -35 51 -95 -58 80 12 -19 -31 -7 -70 -24 -3 -21 -3 8 47 25 23 80 -3 -59 82 33 10 61 -10 -71 26 82 83 -32 24 -73 41 -9 -48 49 -4 71 93 68 29 -83 -43 22 26 -52 57 -28 -45 -2 33 80 60 -13 -68 81 54 -56 -61 -76 95 -33 -19 -10 39 6 -28 95 -43 -4 -83 37 73 -48 8 -17 12 -44 77 38 55 75 -69 -76 72 -16 -51 71 19 46 86 -81 -44 -79 82 -13 -38 10 38 1 95 29 48 69 -74 94 -39 41 24 38 -12 -15 -87 92 -36 -78 14 34 78 16 -18 89 -93 -9 57 23 -88 38 3 83 32 -17 39 -52 4 -13 63 61 -19 -99 67 -91 -33 4 59 -68 -45 49 63 72 -18 40 -51 17 -19 81 -58 -87 15 -58 -57 -99 -92 10 -72 20 58 53 68 22 75 -15 -38 23 9 -97 -79 50 90 -10 -68 -23 1 57 3 99 -51 61 17 -20 -35 -41 -20 27 -9 35 39 -30 29 -1 8 95 -57 -46 -86 -27 50 31 61 94 13 84 53 26 86 22 -75 -81 -39 9 -98 -31 80 -37 56 -82
58 38 -92 -27 -61 21 -32 93 70 5 65 88 -38 36 23 8 -79 6 56 35 -77 -63 4 10 -94 -82 -70 90 61 61 39 -59 -60 8 14 -31 62 47 -42 -16 17 49 -37 57 -53 95 51 80 -2 -70 -8 -65 22 -23 22 -69 34 -53 12 16 -20 49 -17 -19 -89 -94 19 -91 9 46 6 75 37 -37 -48 11 11 65 -37 -6 80 -73 -89 68 73 64 -16 -12 46 -90 -82 69 -62 69 61 21 -51 50 -62 6 35 9 10 -69 27 11 18 22 40 31 68 -22 13 -14 -14 -65 22 -76 -47 -76 5 -98 -57 31 99 -79 49 85 -55 -40 97 -21 60 84 50 -51 90 -6 87 72 -24 7 85 -65 -81 20 -62 63 -71 40 16 64 -40 58 -50 -11 39 16 -3 -92 81 55 79 100 4 -60 -14 58 40 71 70 -29 94 -35 95 -85 93 17 -81 78 56 -88 51 58 26 30 21 -7 37 87 35 17 -5 60 -68 -60 5 -70 0 81 -40 17 84 -32 -4 45 -100 48 62 99 -47 -40 41 -76 66 -40 -53 60 -88 -52 51 43 92 23 45 -81 98 90 27 82 32 -44 -24 -36 95 99 -98 91 72 -25 38 -89 -55 -64 40 90 75 18 9 -65 -24 90 26 77 52 89 84 -99 -66 -19 -20 -3 -2 -80 -38 34 -81 91 -26 44 -78 40 -15 46 -76 -96 -69 52 -44 24 -69 90 29 -39 -7 48 -33 -62 2 13 -44 82 -94 7 -14 -91 -37 -3 33 2 59 -84 30 -46 85 8 100 -83 68 55 66 96 -84 -55 -47 -37 23 69 -17 1 50 94 76 87 100 31 -92 7 -84 97 31 -90 -18 -68 51 -99 -75 -30 54 19 38 -13 -6 -35 -26 20 -49 -79 68 4 -31 29 6 -47 8 32 -51 85 24 -43 -69 74 58 38 17 -64 18 23 -21 -48 -59 -71 -33 18 -70 70 -19 -20 44 11 -88 9 61 22 82 -62 -89 54 59 -2 -96 65 68 42 -32 -86 -73 29 92 26 74 -81 64 94 -93 -55 -21 97 -45 -62 -6 -44 -16 -91 44 -17 99 -73 -95 -47 -85 39 37 -68 21 -32 72 -7 82 -90 -4 21 35 -26 -38 32 -64 -50 -87 27 82 9 57 78 2 -52 -71 62 -64 -6 12 38 62 -34 78 -65 -49 23 -11 -99 43 -20 -96 -79 -15 -94 0 -69 -11 -35 71 -64 -4 -72 -87 97 -8 33 84 32 75 72 5 -96 -12 90 80 32 -73 -29 -97 26 98 76 -18 85 38 -38 80 100
65 7 37 -29 -79 31 -47 -63 44 -94 85 21 -79 37 -32 88 -36 2 -16 -85 -53 81 -89 69 -9 18 18 96 -7 75 79 -14 44 59 86 68 66 -44 -90 -40 10 39 94 -94 -31 -78 -30 -79 62 19 -44 81 30 -100 -70 -51 -87 37 53 91 52 -41 -19 15 92 -58 72 -54 14 3 42 -31 14 82 -49 61 38 37 -35 -51 96 74 -39 93 -98 56 -25 -72 -35 -51 -89 -9 -15 -92 49 59 -64 -21 -76 -77 -68 -22 -63 -94 -30 -9 92 22 29 -95 -93 21 75 -27 87 91 -2 -7 -22 68 77 19 -67 21 49 15 54 77 10 66 -3 15 -15 -25 -20 98 21 -51 -19 4 -19 62 -45 -35 -34 13 -47 -98 -87 6 -26 -34 79 44 18 67 -47 -37 80 54 59 43 -89 -49 81 1 98 26 85 55 -52 -85 -75 89 -74 13 64 43 -62 -31 -43 -78 76 9 -67 -68 -53 -79 22 -25 -46 71 -11 52 68 26 -14 -58 64 -57 98 -29 -34 -99 -48 -59 100 99 98 -73 -83 -51 72 -58 -96 17 85 8 -92 61 -24 11 69 -25 32 -90 72 46 42 42 -48 73 -2 -6 -19 36 3 -26 14 87 92 -55 69 9 -45 44 -7 -100 -23 -3 88 11 71 13 -100 -75 16 -21 77 22 62 55 -7 73 -6 19 77 -20 -76 12 -82 -45 -94 -99 -33 -26 -4 -49 -84 -84 97 -61 -24 10 85 39 16 -9 -74 -89 8 2 83 57 41 -19 -39 -11 19 -62 9 35 -45 54 53 -78 -44 39 -8 96 -2 -20 -4 70 -60 39 13 -44 -55 -88 -63 -87 -88 15 -25 -8 25 -91 85 55 0 -81 95 -43 -76 34 -2 13 -97 97 71 4 -84 -32 68 -73 -20 76 -60 34 -11 43 -8 15 95 -28 68 -83 -38 -51 31 14 -8 -18 38 91 7 -44 8 14 42 12 -14 92 34 67 60 -45 -80 99 -5 13 -92 91 -36 5 89 -21 -78 -21 97 18 39 21 39 75 38 53 67 -86 -98 71 -94 -1 -4 57 -61 65 -9 12 75 6 9 -98 -48 -89 -47 31 -75 -34 -18 5 -85 -99 -34 35 -34 -98 20 -79 13 44 -6 11 -92 -41 52 -18 21 33 -65 13 34 -66 45 40 39 54 86 72 -69 49 -93 55 -40 91 -45 -16 30 53 83 -82 31 -57 48 18 82 79 -32 -19 -92 36 18 -77 -94 -31 -76 -90 -33 58 52 31 -98 -58 45 48 -66 -94 -97 -44 -25 -82 11 -100 98 100 -94 -78 48 -92
-10 -91 -67 96 -41 3 -27 -86 67 -90 41 15 91 38 72 -61 -78 30 -62 -11 30 34 1 -44 -38 -7 92 36 54 -94 63 61 9 57 72 35 -68 39 -31 23 70 -31 8 35 97 -80 98 73 2 -55 0 -80 -32 -19 4 9 -5 -85 87 -66 96 25 46 53 46 10 49 30 87 58 57 71 -58 80 78 -68 74 -54 22 -66 -55 -60 -70 -49 11 86 91 22 -79 -45 1 -36 27 -10 16 57 -80 -63 -70 -57 13 -17 96 -21 22 -28 -98 35 16 12 -23 -39 10 -11 45 -72 100 -51 49 96 96 -9 55 10 -24 -93 -36 94 -1 -39 57 14 -75 25 19 10 2 -20 -42 -84 19 -55 91 4 -77 -68 -3 28 38 -69 60 -34 -12 72 67 -88 -47 96 46 25 -68 39 -83 -30 -89 43 -52 -40 -60 -41 76 -30 -33 -95 -5 30 96 66 -52 47 -54 0 42 11 28 -15 84 20 -72 -80 -48 57 26 91 72 -8 2 59 -65 23 93 -1 37 -8 72 39 -39 42 11 -98 -63 -32 15 -32 26 83 -95 96 53 18 -37 72 -21 53 -81 -69 -64 88 13 38 0 99 6 78 2 -17 -17 -9 -70 -77 5 -27 38 -41 87 -64 41 -66 -81 43 79 84 -61 -39 -80 72 -16 97 68 0 -26 48 85 -9 91 -4 53 -23 -100 -53 88 -62 -41 -16 -3 15 -94 -54 -84 67 46 -19 -64 -47 32 -64 -48 85 -79 -20 -13 24 28 -3 63 -91 32 88 72 87 -26 94 55 -100 -2 93 66 -30 -44 50 92 86 -56 -19 85 -59 -15 29 89 -90 42 22 83 99 -77 64 81 -42 63 97 34 -37 93 7 3 -72 -36 -29 97 -86 65 1 -83 36 -15 -87 -19 -98 32 -78 -92 -77 -44 -88 38 -25 3 -96 -52 9 -99 -54 92 82 -7 -37 -77 -61 28 -61 -5 83 -43 -96 47 -98 -5 -80 4 25 21 52 -1 -24 50 35 -40 -19 85 -40 -28 -35 26 74 -90 94 -68 -56 34 -76 54 -93 46 -81 -22 85 -62 79 42 36 1 42 51 -77 -40 78 -99 -15 89 -36 23 8 62 11 7 -85 -32 60 -23 -100 -25 -90 -92 66 -56 -62 26 -80 61 -61 -82 22 -33 -14 41 -15 12 90 39 -94 -86 -32 90 59 -81 32 -24 61 55 -62 -52 -27 -14 -71 -66 65 35 -91 19 20 48 37 -70 -10 -18 94 25 88 -14 72 -63 23 -86 78 -77 58 -16 89 -13 -14 94 -46 20 13 15 -19 -47 -46 51 6
-3 -2 95 -71 -13 56 -9 46 -73 -79 -92 -9 -27 24 -13 -68 -34 46 -19 -47 -88 71 -80 83 61 -67 60 33 -61 44 -69 -75 -63 30 27 60 -79 -80 15 -11 -93 -52 -40 4 14 28 -25 -15 -82 58 4 77 87 -72 -29 80 85 -21 -58 -84 89 -5 -13 -69 59 -25 49 -57 -43 -18 93 96 -84 -11 62 -52 -51 -7 17 95 -51 -97 -85 65 61 -56 36 -1 96 -89 -56 -30 -37 57 -76 -87 69 70 57 -18 -19 -4 -3 -24 -36 -21 59 -49 -40 22 10 36 42 -44 34 72 -37 -48 60 95 -15 10 -24 5 94 64 -93 -70 -5 -46 43 -74 -69 -97 -76 71 -10 -66 -13 -14 17 -76 -60 34 80 -5 -38 4 -87 76 60 -34 -50 -71 -32 49 -12 -40 -8 -49 23 52 35 -2 47 31 31 -55 41 -9 -30 -23 -56 15 -91 -67 -52 16 15 -60 82 -62 58 52 55 -72 36 52 -98 53 -63 30 -92 90 -21 -55 -5 -85 78 -51 91 45 -18 9 -40 -93 66 -82 -75 -23 -70 76 26 -53 -66 73 82 27 62 95 56 -97 43 -93 -52 -80 76 32 48 89 -75 71 -32 31 -76 68 18 37 -2 -19 -42 16 -76 22 44 68 66 21 -63 48 -71 26 -34 -89 -60 -20 68 40 -53 98 93 -67 -32 -24 -74 91 -14 -84 65 -40 -43 14 -81 58 -36 -91 -71 69 96 -57 74 34 44 32 94 -84 -92 31 -28 -91 66 -3 89 92 26 -100 79 -64 -57 -43 -6 -52 -50 -83 44 -78 35 -82 -89 68 -29 1 74 74 -50 -31 -82 -70 -8 0 56 -94 69 17 -52 2 99 29 0 16 -49 -22 -27 37 -36 26 -47 32 9 -94 -89 -72 5 -80 14 -3 20 17 69 -74 88 13 62 72 -45 -8 -58 -14 70 41 36 21 -57 -17 -39 32 -73 72 -60 -69 92 -42 12 -72 -74 69 42 -67 41 8 -6 -21 61 90 56 53 84 -31 -56 -2 -84 -50 45 54 -37 -50 -66 -84 42 -86 -32 -81 -72 36 -13 -46 -71 0 79 56 33 68 19 -82 22 1 46 30 88 -77 1 -38 -73 12 -32 -54 -10 74 -65 44 -17 61 10 99 -80 80 45 13 92 -45 73 -100 99 -68 -79 92 77 -57 21 38 -99 25 55 48 84 29 9 71 27 72 -95 2 -13 42 -83 -48 -23 33 87 77 -42 -64 -47 89 -100 -82 89 8 22 37 46 -96 -90 19 71 -87 97 31 -70 -63 72 -13 86 -50 -36 94 -91 -57 -71 27
13 46 47 38 -52 63 17 -65 34 -85 31 62 -55 45 -24 67 -50 68 60 -38 91 57 -56 -96 21 13 -42 -19 17 -14 -18 23 -65 -33 38 16 -69 -15 -34 58 -71 72 66 -66 3 -80 40 49 -62 -89 19 67 -95 20 77 -99 -15 83 -9 -81 -28 85 62 -29 -51 50 -86 2 62 73 38 90 25 10 -95 46 55 -43 52 -22 52 56 86 -57 -93 -49 -98 48 98 -88 -87 75 -79 -79 -31 -46 28 -91 59 30 53 -24 45 -31 0 -49 -27 8 -97 -33 99 7 -81 42 -59 -36 48 41 -98 -57 -42 23 -43 58 -5 5 -32 -52 65 44 -97 -21 16 -25 10 -40 -91 95 -37 40 1 26 -68 -75 0 -79 -73 -25 21 59 -47 99 -94 -97 79 98 5 30 25 70 43 -1 -64 -23 -41 -5 41 -98 52 2 -58 25 13 99 -61 77 89 -98 -19 -84 1 61 -49 43 32 77 74 67 13 67 -83 17 83 45 4 -40 65 -69 78 95 52 -68 -14 -53 -23 -61 -12 -97 78 18 -78 -86 18 -97 -77 95 -71 -36 -81 37 -85 -51 29 -91 -78 -54 -35 89 59 10 9 54 33 52 66 33 64 -64 -19 10 87 53 -60 -21 22 -49 19 -36 -19 -55 49 20 17 84 -40 -78 -40 93 27 93 85 71 -75 84 -77 85 64 6 37 80 40 49 -45 12 -57 -92 65 -81 -84 -64 -39 -61 -12 54 50 -69 -16 88 84 99 27 -35 87 57 -4 44 32 70 -81 32 -29 -53 -69 -10 -84 -67 -2 47 -90 -86 8 -58 -94 -100 -89 12 -95 37 35 -80 -94 60 -52 93 -60 -89 60 -69 28 -65 -73 -62 53 -29 100 -79 -29 -36 79 -92 -50 -27 100 81 37 65 -48 52 90 10 10 73 23 34 -63 -56 0 -88 -12 43 -100 -30 37 -57 59 -71 -39 16 -57 -90 -29 -90 100 -59 32 -100 63 -28 -75 66 -65 -35 67 -29 -35 6 -43 80 2 40 64 76 -75 -97 35 86 88 74 -82 -2 -2 51 -10 22 -93 -79 96 -80 70 -50 -77 -26 2 30 -66 14 -92 81 -21 -20 -62 -74 -42 100 53 94 -3 -1 35 -64 82 -5 94 -99 51 65 18 -59 50 41 -95 98 -2 34 -12 57 -27 73 0 6 -49 -50 12 78 54 19 -11 -34 -54 -44 -68 -42 -33 -59 -30 -18 -65 -72 -26 67 -30 -60 80 -11 77 -100 -63 2 -40 51 74 -26 16 -22 -77 -33 42 48 22 5 23 85 -32 95 -67 -51 37 -14 -99 23
29 76 -84 -89 -48 -12 -6 -42 27 -79 56 96 -5 3 47 -13 46 -6 90 98 -94 -86 -55 18 -64 6 49 2 -87 -15 -63 -97 -48 14 13 56 9 -3 -22 50 -64 85 -46 -12 77 -51 78 79 -85 41 55 -87 -52 73 -26 -13 89 -15 12 -86 85 -23 -31 33 40 -15 24 69 -71 -39 50 79 -1 -79 -44 61 -64 -30 48 38 97 -37 -37 75 7 86 68 87 44 37 3 -5 -70 -93 29 5 69 -11 -20 -88 -38 80 -2 41 -80 -13 -53 99 14 93 -18 -20 -49 -16 11 15 -89 33 1 -29 -4 90 63 16 -53 5 57 39 68 6 85 -93 11 -73 70 56 56 5 -87 -100 -88 -34 71 -87 -36 100 44 25 -21 28 -89 64 100 65 -49 -43 16 -47 48 98 35 74 -65 -61 59 -74 7 9 -87 73 -50 88 -23 -71 -46 84 85 -36 13 -77 -11 -25 -28 74 25 5 42 93 68 58 98 -54 79 95 -22 -61 5 -83 56 -73 -59 53 -87 31 6 1 17 81 -26 -61 3 76 53 89 89 -17 71 83 -75 -1 -5 -25 54 25 -30 28 -16 86 5 91 41 45 75 -44 -61 -50 11 34 98 -3 -85 27 -37 51 62 -7 19 33 52 31 2 -29 -52 19 51 -71 -73 -7 11 -16 -6 -58 -56 -71 -62 48 91 -19 -7 11 26 53 42 16 57 -23 15 87 19 -73 71 -22 42 -82 -62 -78 -84 89 37 81 -59 97 -98 75 -28 -99 -60 43 89 100 -41 85 -87 52 49 -66 -56 -76 -37 9 96 53 89 -10 -50 -20 -33 -49 28 -72 20 91 -84 18 -98 4 -31 3 70 89 99 -79 -26 32 -18 42 7 43 -94 19 48 -36 -46 12 -79 54 -49 83 -47 -11 -90 63 95 -47 -96 -93 23 -46 100 -43 28 -34 62 -92 91 93 -40 -53 46 -7 -46 28 98 -53 42 75 58 -54 75 90 48 48 -42 -45 -77 -46 -5 50 -98 -76 -38 -19 -30 60 -98 -43 45 -34 56 89 -29 -56 91 -45 -78 -29 5 -98 -31 -11 -21 -15 70 -65 -20 92 -80 25 87 -47 55 40 -68 -47 -83 54 27 14 -52 -83 -93 -39 -70 -11 46 -40 53 4 -92 -59 -87 -74 29 12 78 -26 69 -59 35 -38 45 19 37 81 68 -62 -30 -88 -6 45 95 24 44 67 30 41 -38 -33 21 -12 -19 -7 88 -93 53 70 -54 49 -78 31 68 1 56 -17 -10 91 -6 13 78 -1 59 -32 92 -22 -75 63 -51 -43 100 21
6 -95 97 -28 55 57 -99 -12 64 85 -43 86 36 18 -41 27 -90 15 44 38 -71 43 75 94 89 -54 77 -58 76 34 16 27 56 70 -60 -81 -98 1 -86 36 14 14 -78 -81 -7 -90 -75 23 -67 -67 64 -30 26 -34 91 17 1 76 68 56 1 41 -95 57 -86 98 85 -97 -81 -55 12 -58 -11 -91 -85 1 77 44 84 29 9 -90 -89 -79 76 -55 -79 76 -48 60 -37 35 -98 8 3 -96 -92 53 -87 68 73 34 70 75 51 -82 -21 61 44 60 -59 21 28 10 -82 23 14 16 -76 -89 96 68 5 -99 13 -31 -99 38 -57 -64 -16 47 89 35 -79 -7 15 -31 -72 -17 35 -100 40 -37 -55 1 49 -1 -92 -16 61 -15 -95 22 -78 37 -54 -55 52 -95 -9 -42 95 1 -34 -76 81 -36 80 -4 -39 -62 46 86 -76 -34 -39 -29 -93 -44 27 -36 18 31 59 -48 41 32 90 -57 -38 20 40 -86 -31 61 -93 -47 55 52 -50 52 26 -46 91 -85 35 38 -33 -92 16 -9 54 19 85 30 17 -1 39 77 86 -4 -70 -15 -17 -7 43 69 66 -82 -99 72 23 42 -11 -11 88 69 1 -89 78 -29 -16 94 80 -90 -64 82 37 50 -19 85 7 -41 -58 -14 -2 -36 -25 49 8 27 35 -53 2 4 23 -49 87 -37 -14 -23 -95 -62 54 -20 96 -84 78 26 -2 88 -67 45 -31 24 45 30 100 17 19 -72 57 -10 -18 95 1 -24 93 -78 74 -67 -21 -47 -87 20 -13 -98 79 -15 -17 -63 -58 71 41 -71 -18 -90 -47 59 70 2 4 67 -4 57 62 -87 44 66 72 41 -47 -76 -44 47 -50 -63 46 -56 -14 58 -57 42 42 -24 -92 -92 -75 -10 -20 13 26 1 -9 28 85 -31 -28 33 83 45 -46 99 -69 -29 -97 52 -91 -59 -6 63 -91 -19 -40 -28 84 -77 28 -29 69 -4 -54 78 -42 50 33 -34 -39 -45 12 -41 -12 -37 17 93 74 67 -27 88 90 11 -74 15 -68 -4 -34 -49 75 -34 -52 24 98 10 0 -43 -27 48 98 45 -73 -69 -74 -33 -2 -68 72 75 24 38 81 -75 -42 24 -93 -34 -43 85 -78 23 -33 -79 68 -39 100 -64 -49 -45 35 36 -69 -48 -74 -5 39 11 -42 15 -46 -21 -32 -88 59 50 29 -81 4 -80 80 -41 -57 61 4 28 28 -89 -15 -3 -30 51 -97 -62 -8 -28 -49 -12 8 -75 37 -73 -82 78 -14 5 -3 69 -48 48 47 3
-53 -6 1 51 59 -12 -48 -19 41 -32 -50 -15 -1 59 78 42 69 87 -96 -12 12 -69 -12 -18 -18 61 -87 -92 76 37 -12 43 -69 -48 -21 25 39 12 -89 43 -55 76 15 -28 13 78 0 60 -49 -89 -98 69 -29 19 -44 74 -79 58 70 -23 -39 94 -20 -15 51 -15 -46 78 7 -41 -71 82 -76 98 26 -28 -58 -59 57 -57 -11 -57 -89 -62 82 16 -15 88 49 92 52 -73 -18 87 22 7 73 -73 -61 -32 -43 -4 86 -86 19 49 -35 89 -42 67 4 -49 88 90 -29 -69 -28 87 -100 50 81 -68 -10 35 -19 20 -99 13 6 69 20 71 -73 19 73 -65 25 50 -66 -21 89 66 -66 -94 36 -40 -63 26 -89 36 -41 -62 43 71 -51 -88 33 -15 74 -41 48 63 -11 -46 -38 -100 4 -87 -78 -24 17 51 71 97 23 -33 -39 -82 -16 -59 -68 -45 26 -68 71 40 -94 78 27 -73 9 9 -98 -77 -86 77 20 11 4 -52 41 27 -70 92 52 13 93 6 -67 13 -56 -37 84 -100 -15 51 -43 -28 12 -4 -59 74 97 -93 77 63 -70 -9 -60 85 13 -85 86 -59 48 56 -31 -2 68 84 -43 25 -61 -96 10 83 32 -20 -99 -45 -25 13 70 -97 -11 -22 -96 17 -30 97 90 66 36 -83 -34 -57 1 -53 -39 2 -41 -19 0 62 -5 -89 84 -10 33 45 37 3 9 1 -63 24 -83 38 71 88 26 31 83 90 26 -45 -6 -25 -66 92 46 43 -84 21 -29 94 31 -12 -19 42 -7 89 93 17 78 -85 3 -24 -12 -92 64 46 91 -100 24 27 -35 -48 22 -33 69 -32 -14 32 -24 6 25 -9 98 -74 92 87 70 23 -65 -91 -19 49 -70 72 -27 -58 -10 98 -4 100 26 47 44 -17 66 70 -80 92 97 12 -52 -32 16 -78 18 -76 25 43 75 -31 -75 -49 97 94 82 72 21 59 -3 99 -5 -70 -87 29 8 14 -55 -2 -41 -91 13 -7 -11 31 -4 -86 21 -10 -18 -4 -29 3 23 -38 89 -10 -88 -50 36 -65 40 80 67 -34 -59 18 -21 13 -56 94 -30 -31 85 -48 -93 -72 38 -75 -96 -39 68 38 -52 100 -42 -59 -16 -71 93 54 91 36 -43 99 -4 -100 29 -33 31 -96 8 36 -54 95 -51 -70 -34 7 -100 54 -86 -13 -100 43 -33 20 -89 -44 82 13 94 42 43 -42 58 -58 17 -40 -68 -47 84 61 -96 -92 7 -66 -62 57 -82 -15 -60 -69 -27 -79
59 -41 -74 -9 74 -11 -5 77 65 55 -53 -39 93 -28 73 -90 -14 -86 -77 -31 -1 65 14 18 -24 82 35 -99 35 -3 -19 -52 -66 -76 -13 60 -45 -70 -78 48 -66 24 -15 64 4 64 54 98 44 -62 99 -69 8 -44 29 -35 18 20 12 41 -81 58 -91 -70 -6 -35 9 98 16 -5 86 -28 2 81 57 22 4 -66 -36 99 -50 24 40 15 -61 -18 95 81 -24 0 65 -74 -14 93 98 70 -52 9 46 24 -21 -99 -77 35 18 -46 -4 -16 23 -2 -88 70 -37 23 -16 8 -5 -81 97 -69 -1 2 -52 -91 8 -19 -64 54 -100 60 -13 -87 93 -64 5 22 -13 2 22 25 28 2 63 79 2 -79 -36 38 -81 66 -62 17 85 87 73 -85 -25 88 90 -83 -67 79 -30 44 -12 -35 -58 -84 15 13 -21 -64 -85 -12 34 88 28 3 -37 38 -84 -62 -82 0 -2 87 -5 -79 -3 20 44 -20 -89 42 -100 58 53 -40 58 -88 44 -63 -59 4 -21 -26 -71 -53 38 -81 -74 -31 -42 79 -92 -50 -25 29 68 -82 54 -81 32 -94 30 -10 17 -49 -100 19 46 -74 -28 22 66 56 36 -33 -53 -86 -38 60 43 71 -20 37 -56 -72 -54 -32 -40 -45 82 63 74 -21 -1 -20 60 -5 -33 11 -4 -59 -4 -28 18 31 67 -29 -60 84 -82 37 9 77 -52 -52 42 -6 -40 -52 -82 49 -59 43 45 -44 -87 -88 -79 -33 -84 -15 70 -75 67 -74 11 65 -47 -61 56 -63 -9 -15 72 47 6 20 73 -20 88 -27 27 -100 97 13 65 -88 98 -1 -75 29 98 -14 13 7 -5 7 64 -8 -58 -14 -14 39 -81 -40 26 -48 -3 2 -4 -36 24 17 94 -58 -42 -37 90 10 55 81 -50 -24 -9 41 73 43 30 60 -45 -83 70 -43 -67 -84 -40 35 18 61 76 26 -58 -79 76 70 -1 92 -27 -44 65 -8 37 75 -63 85 -41 60 -5 25 -20 87 69 22 76 36 68 50 41 -3 0 -56 54 -95 -24 -23 85 1 17 2 42 72 -43 9 46 -68 38 31 39 -48 -7 -80 56 15 -27 5 8 -86 85 72 32 -68 61 98 6 -76 72 -90 -42 -5 95 -31 -4 -82 -52 -61 66 39 -66 -23 99 49 41 37 84 35 -56 -55 -41 10 -27 -90 51 51 -34 84 -45 84 87 -68 94 39 -99 -12 12 8 65 20 69 14 61 -75 24 93 46 82 61 35 -75 -98 41 -42 -65 36 -15 95 -85 91
-69 -41 56 95 -22 5 -3 -23 46 -65 -89 -95 56 35 55 80 -22 98 16 71 -83 -72 27 82 -19 -15 -63 -7 38 -48 19 90 -45 -40 -13 7 10 -8 -82 -68 -99 -31 -12 43 8 -5 40 66 -6 0 39 14 11 -92 24 60 9 -31 21 60 50 60 53 -53 -47 -3 -88 -68 22 99 81 72 23 -58 84 -89 -23 10 26 33 -13 83 39 -83 59 -35 -74 -3 26 -47 -63 -9 -20 -74 98 -69 5 -1 -3 2 27 94 -21 -67 -57 -79 93 -2 96 -24 -91 -37 -50 59 100 52 16 -15 11 71 -48 71 3 68 -29 -44 -37 67 -72 -4 87 -94 22 -83 -27 -100 66 80 35 83 100 44 -13 -14 72 -61 42 -54 19 -85 -11 -82 33 78 -5 -73 52 74 0 11 79 59 -61 70 71 50 99 -57 56 74 -22 56 -92 -19 88 -41 -67 79 31 10 10 60 84 43 -48 9 -22 43 85 9 86 -66 41 71 43 -31 5 16 -41 -50 80 31 -32 -60 -73 8 13 -62 38 19 -100 88 -12 -40 -46 70 -30 -69 -16 94 21 -2 -60 7 -23 -57 87 96 31 100 77 40 36 26 -6 -1 -15 56 67 22 31 -76 93 -16 -85 11 78 98 -38 62 -20 -71 52 55 74 -94 0 62 -66 -98 18 -38 99 -65 -2 -34 -6 -21 -68 92 -92 -31 -45 -67 -81 -97 47 -36 73 -40 -55 -81 -42 -16 -51 96 -89 89 42 9 58 -91 -90 -5 8 85 92 68 31 -37 -93 -46 15 -18 52 -21 -63 37 -12 86 64 -1 58 83 84 46 -55 -74 55 -85 79 31 51 31 -47 31 -92 96 -8 9 19 26 88 -88 -25 34 -5 -16 -25 -74 81 -81 3 74 40 41 -36 -40 87 -45 42 -41 31 -93 -6 -86 30 -29 -12 -64 -41 -95 9 73 58 82 -76 -39 -61 -12 72 30 -100 54 -63 -31 -66 59 -93 -36 75 76 -29 15 28 51 -60 17 -27 -57 -73 33 2 -64 -96 -77 84 74 -48 -90 51 89 -70 -65 -86 84 53 -18 -75 1 44 -80 72 -56 -91 -55 14 21 -48 25 -32 -91 -24 -86 94 67 7 52 -35 -22 36 -60 -42 54 -45 17 20 87 -87 25 -31 -55 -27 93 -72 65 -5 26 55 46 9 50 -77 -88 42 83 84 74 62 71 -75 66 -82 65 -9 -28 -96 25 -63 -39 51 -11 63 -51 -93 -87 -41 72 55 -15 20 -80 50 -85 51 -81 54 38 -26 -44 -54 62 -21 11 -92 14 65 58 100 -84
-2 -99 71 92 76 86 -69 -50 6 -39 -15 97 66 -27 63 22 25 7 -9 99 -82 -42 84 91 93 -47 43 -34 90 -100 -70 19 92 -24 74 -4 59 51 18 -44 -40 19 -31 -49 -74 99 -92 -18 -74 -37 18 -6 -76 84 84 -98 -94 92 13 44 34 -96 -75 -3 52 51 0 -55 -70 1 -56 13 -27 83 63 -39 -48 81 90 -20 10 -57 -59 61 -60 -41 -100 45 48 23 -11 -85 3 -69 -23 -82 66 92 -84 94 -76 49 -89 -16 -16 -24 -22 -45 54 -56 43 52 -39 46 -88 -41 51 -90 -71 -67 90 -88 19 -93 77 -92 -23 -23 14 35 -85 -51 -1 55 10 -24 27 -80 50 -13 -43 -42 -47 1 93 5 -31 41 23 22 36 65 -96 -55 39 -91 23 -65 61 17 -73 -53 32 -29 49 -97 -32 95 1 -50 -33 54 -43 -17 -17 -20 89 -77 -23 93 -68 44 -23 -86 60 76 31 -39 97 -34 9 -84 -36 15 85 -53 37 -4 75 -88 39 92 52 53 31 93 48 76 99 63 33 -66 77 -36 -52 -11 25 -97 -44 36 71 51 -12 -100 60 93 90 -86 79 -63 19 -61 -90 -16 -64 70 37 -2 -3 -100 1 19 88 33 -18 42 32 -62 35 -76 -10 -27 -92 13 -79 -94 22 -54 -76 12 -47 -33 2 91 -18 -95 82 -58 -35 -3 -50 -85 93 25 -60 19 39 -82 -50 -57 -43 -94 -73 73 -93 85 24 46 -39 44 70 46 -89 13 52 15 6 -16 -48 28 -39 -88 4 -50 78 -81 52 -4 -85 -11 49 -43 -35 44 84 90 -65 5 84 89 -97 71 -66 -12 -20 -50 10 -92 58 9 -55 -10 -28 -18 85 41 34 86 41 -58 -19 34 -19 18 70 -11 24 -26 10 -46 -60 -58 -21 -30 -24 -35 -19 60 -15 68 22 -61 18 -79 29 -84 -55 -50 78 -79 11 -73 -24 5 -71 -69 -5 55 -52 31 -67 -8 -8 -79 60 76 -72 -77 73 91 -87 22 -64 -28 62 -19 2 88 39 63 -7 -49 13 -15 -12 -93 30 -14 98 -66 40 20 79 -96 72 6 38 25 -12 -90 -35 84 -34 -30 56 24 99 -93 -64 38 -98 -15 79 -34 -60 72 47 8 87 68 -98 3 75 -64 -4 -50 -86 3 20 25 70 80 21 77 99 -67 23 71 27 4 -29 72 75 -80 -93 -100 53 15 63 -29 19 67 32 73 90 75 37 -1 36 -6 3 52 -48 81 70 35 -37 -47 -33 -76 15 -32 10 -47 -12 -64 -56 8 80 76
-80 -5 -77 -46 43 35 -41 88 64 33 39 -70 -79 -42 -41 -54 -65 59 29 -27 -92 -86 -6 37 -68 -20 -41 -48 -39 -21 -45 71 57 -89 29 -53 -3 3 -87 56 36 -31 -12 84 -39 -14 51 -21 0 -43 79 -37 16 -29 -29 -4 16 -48 -21 49 -11 100 -65 -15 -53 -34 -26 75 38 -4 -21 -41 -88 -81 83 18 32 -22 -75 74 -41 -68 -40 -85 -54 78 -52 -99 -21 -84 55 99 13 -90 -62 -75 -29 80 34 22 0 -98 23 -73 -20 -28 -76 -99 13 -77 -86 37 66 -45 -15 -48 80 17 -67 88 -53 -45 72 32 -67 -62 47 -69 -85 -67 47 -8 31 99 73 -84 78 -13 -77 36 36 -10 73 -56 81 -100 47 7 30 -90 69 -36 -85 -55 -29 -90 -42 15 41 84 50 -30 70 -95 95 -93 -12 -81 -36 17 21 -55 6 84 12 40 34 -56 -70 -36 -1 -64 -56 43 1 10 7 24 -51 -47 -34 95 3 64 -54 -61 -87 56 -55 48 44 -60 -59 51 -59 56 11 14 39 -47 92 23 86 62 23 96 20 -15 -72 59 -92 -4 81 -98 -54 67 6 8 54 -70 -87 -96 -2 -95 64 -86 70 100 -9 5 -2 49 -15 57 -61 -37 -14 -89 -74 -10 -5 -60 66 26 79 65 -98 -84 -46 11 91 64 -30 81 -50 -91 -89 14 -2 -14 98 93 78 -19 51 14 -48 59 66 -78 34 -82 -24 -10 -1 12 84 87 -49 82 -41 -7 -37 -8 -29 -17 -13 -36 0 -37 -50 -4 48 0 70 74 70 -48 -77 -32 25 -32 91 -2 18 94 28 -62 -77 -83 53 -29 -19 73 5 -8 -96 -47 97 -52 -40 -50 -63 -30 72 74 36 11 5 67 -70 -55 -92 60 46 -2 -29 19 -19 21 97 -93 59 -5 -99 -29 44 -27 -100 77 12 67 -30 -14 11 -55 -71 -11 -41 40 38 -97 5 -90 16 48 -75 -97 31 58 24 -9 83 -68 -71 49 92 -8 49 -62 78 31 -32 16 -75 69 -72 -1 15 97 -12 -99 -93 11 39 -95 18 88 9 38 -9 32 -8 1 -54 31 -16 -21 -59 -76 -99 78 70 -36 55 -97 -51 36 -37 -26 70 63 -22 82 78 -78 94 -97 43 -13 -67 -78 -1 -19 -48 80 -26 41 98 -29 23 -91 65 4 -61 -25 -9 -93 -34 -60 -9 93 12 -88 -11 -44 -24 -57 -69 96 -6 53 -40 -21 -32 -38 -1 4 -84 92 59 95 24 44 -54 -46 82 10 50 -93 63 -85 -100 -62 -73 -89 12 33 49 -16
90 96 -36 -31 26 -71 -65 -98 6 100 -55 -70 -35 78 51 -40 21 47 78 -78 84 -90 -29 83 54 39 56 -56 -88 -82 -78 93 -84 88 -61 -29 -13 74 84 -12 57 -52 41 -44 -16 -50 -20 -48 -85 -23 -79 -20 -51 8 -37 89 -57 -71 30 60 -34 -7 -77 19 0 -100 42 -43 61 54 -17 -80 -98 -93 -76 -9 6 68 -21 77 76 -71 93 -49 91 8 -47 1 72 34 -16 23 6 -54 25 -74 -98 -82 94 88 68 -75 10 41 52 38 -36 9 -9 -17 -10 -46 -70 49 25 54 1 -47 -39 -48 -1 -52 55 -25 -87 57 80 28 97 24 -23 49 -31 29 -7 -20 -31 68 -3 20 29 -82 -34 77 -21 -69 -65 38 -18 96 -59 -52 38 24 -70 79 23 33 -63 57 12 -28 -75 58 -8 19 -21 -44 65 -51 -83 30 -17 86 94 -29 -93 -36 -75 -12 -22 58 -79 -88 33 -98 42 57 98 -33 79 -41 17 66 92 -15 3 -6 48 -82 -97 -4 45 31 -25 53 -57 -100 31 5 2 75 -45 -58 90 88 31 -25 26 -65 -1 -27 -16 -88 -8 -91 -93 -24 -45 -43 47 17 68 -28 18 -27 52 -19 63 -87 23 25 -62 34 91 83 52 24 -57 -71 14 -6 39 61 75 0 27 82 -99 81 52 4 -45 99 -52 -68 97 -4 -3 97 34 -72 -42 43 -16 31 90 46 -22 -44 -81 32 -97 -26 -94 8 52 -20 -4 -47 19 -85 -31 85 -25 12 -87 -72 29 -59 -56 50 -76 91 -55 -8 -8 69 49 -6 82 -59 -44 -90 18 88 95 15 -62 35 89 -34 87 10 -17 67 -33 -96 -67 22 -86 -34 87 84 -49 -89 18 -10 -85 -75 12 60 18 -12 -40 51 21 71 -62 -100 88 32 -43 7 -100 -77 -21 20 13 -98 -74 81 66 -74 -30 82 -83 8 28 -94 68 -73 -76 5 37 -95 -1 -53 -10 96 12 1 -86 -24 -8 -84 38 -98 43 49 -38 -51 58 71 -4 25 72 -32 59 91 -89 -9 32 -29 87 -80 48 -68 81 21 -55 -29 -34 -7 76 -77 73 26 -30 53 -73 74 88 94 1 -17 -47 30 -82 -57 -85 34 32 50 -81 -23 -9 84 30 81 -45 35 81 -100 30 -21 89 26 52 -23 69 17 4 82 -75 88 69 -6 -61 44 -29 18 -5 87 70 -92 53 -42 -10 -97 36 -50 80 18 -14 87 39 5 -85 -14 -18 38 -32 -48 -96 72 92 51 48 60 -56 -62 63 78 14 40 -32 -62 27 50
-50 53 -56 -21 85 -31 61 -89 0 -30 80 -47 -90 31 58 69 14 -49 -12 -29 96 13 96 -99 -3 60 16 -19 -88 -100 64 86 46 -16 81 97 43 -65 -52 -8 26 -1 -37 1 33 -79 -29 85 -13 -56 -48 4 38 0 46 -35 66 40 -24 -54 91 1 -85 -70 -42 -26 -59 -20 -64 93 24 -5 -12 -9 2 -65 -12 94 -92 25 -42 60 71 78 -16 3 -94 -62 18 82 -67 -79 -50 -44 99 -41 15 82 -26 56 -56 39 66 34 -12 52 4 16 -60 -77 93 -88 -16 -16 -94 89 -1 -50 -10 -1 -25 -59 95 -85 16 93 26 -74 -46 -9 -93 66 -57 20 -34 51 -90 -21 37 35 -56 -77 31 -39 -60 -34 80 -41 -96 52 16 -3 -92 -99 -17 9 5 -99 66 86 36 -20 -83 38 -19 81 40 1 60 3 -19 -19 -64 -4 -80 -32 -47 13 -67 24 -76 61 34 -93 -54 -95 -40 78 -25 -60 -43 -84 -83 -56 71 -8 64 -33 -95 72 8 50 -36 93 -85 14 -96 68 84 28 -12 -98 -65 32 5 -46 63 23 -93 61 88 99 -94 -31 -3 -90 50 43 13 7 95 57 -62 -38 15 11 -27 88 -68 -44 47 -75 -69 31 36 56 98 82 50 22 -39 -97 -47 47 -78 -39 6 84 -42 39 -13 56 -73 -65 -37 -43 -63 32 50 -80 -46 2 89 60 -43 62 9 -22 59 -27 54 82 -73 45 -19 -4 18 -29 -25 -72 52 -97 -87 1 -69 -53 -24 65 79 -99 -46 81 -39 -62 -44 -86 -36 -81 90 87 54 -52 -85 -81 -3 32 -43 -95 11 33 1 71 47 1 -65 -20 53 -11 -53 98 60 -33 39 -48 7 -34 -58 48 -66 41 -9 95 69 59 -10 64 -42 -96 -57 75 -72 -90 25 -44 7 82 96 -31 -69 40 -41 82 -69 41 -39 47 -63 -4 92 -11 32 -87 27 -33 -69 5 -58 58 18 -62 -21 56 -88 -23 90 -60 -70 -96 -81 -5 8 54 98 9 89 -81 67 -48 -8 -38 62 78 62 97 95 -25 -94 75 -69 -48 -71 -88 -53 -30 -92 -25 -57 -85 -7 70 -30 -60 49 7 51 22 -40 -34 -52 97 38 10 -67 -37 -5 -44 72 83 76 -82 35 -86 -4 82 71 -98 6 35 35 -91 100 78 -51 -57 -81 -30 15 24 34 -78 51 -49 -71 -76 -86 -5 -55 -11 67 23 87 -68 80 -63 65 -12 70 -87 -98 69 -30 -57 22 -58 -30 -25 98 -59 -67 99 46 70 -90 54 -31 87 -62 42 72 -19
71 -79 -36 36 -10 -8 34 -90 35 95 -64 -82 49 19 -96 -55 22 -20 -32 -69 55 85 39 -83 9 -57 37 -23 64 71 16 23 34 35 -32 40 81 -24 -91 -88 -16 -5 68 60 -11 60 22 -19 -30 15 75 62 -67 45 30 -63 18 -31 30 0 -73 61 72 43 -23 -76 -55 -58 -89 84 1 -4 -28 -34 -12 -6 -41 100 61 -60 -51 -35 95 72 -86 20 23 -16 86 2 -1 42 52 51 -5 -74 99 92 86 -99 -86 -69 33 -13 -14 82 -81 5 -33 20 90 -17 -18 95 -28 -31 -75 -35 95 -67 -68 1 87 -30 -32 46 -99 26 -7 -13 29 65 -37 -40 -33 55 15 63 -35 43 -44 32 -24 39 -30 -23 -52 -19 -10 -77 34 36 -87 -88 -32 -1 41 57 -48 -76 -35 -41 -62 15 -70 19 -84 72 37 -40 -95 52 -98 53 -95 64 4 77 85 97 15 17 86 -7 -85 -13 -67 86 -97 -40 18 81 -46 -97 -46 -1 -76 72 11 35 -7 19 -96 70 -83 4 26 86 2 -63 -77 -86 -96 -86 91 100 -28 -4 77 -54 -25 -22 82 -73 -5 -8 59 35 44 -72 63 -100 30 12 -34 65 -6 7 -4 44 -13 -73 -43 -19 55 -27 17 -30 -62 22 24 -74 -43 -72 -7 17 53 79 52 -14 -49 -42 -45 6 -38 35 -5 53 2 74 -85 -18 -69 13 39 65 -27 -60 72 -61 -87 -64 80 -89 13 -14 -45 100 6 88 -83 -53 48 -85 0 -46 70 80 -58 -94 11 88 50 -77 -18 98 50 -68 51 -49 -30 93 -100 49 -22 17 92 -91 25 -55 35 -68 72 -74 69 66 -54 -27 -36 92 -68 -49 -43 -100 -57 41 -87 -68 -40 -35 2 31 -30 96 46 8 13 -70 1 0 14 -9 -100 -22 -52 -66 74 13 7 -14 -16 -74 11 -35 -73 0 44 53 -24 -71 -58 -52 -21 26 -92 -81 -66 -29 -88 45 -43 22 93 -37 63 -50 -2 79 -94 76 39 52 76 4 -71 -40 47 -83 30 -1 86 -64 -62 -2 63 -93 -7 -4 74 -17 -62 42 -22 58 41 7 -58 86 -26 41 -15 3 -50 -68 75 -89 43 -91 -13 -37 -77 34 -99 48 -74 18 32 92 32 -43 17 77 -9 26 67 -98 60 -90 -55 -42 -55 20 -21 -85 18 16 43 57 19 -76 -40 33 -19 11 -38 -86 38 -99 -38 0 -27 19 65 16 -64 13 91 -40 -3 79 61 46 5 -35 -92 43 61 -97 86 -54 70 -100 -82 29 -99 -1 100 21 -3 -94
-92 13 -66 19 -44 -31 -42 -19 -25 11 -32 -69 50 98 92 -25 -74 -59 -99 86 82 -93 -22 46 -82 -45 -74 -84 -33 48 67 -96 -79 -21 51 -57 -38 22 -64 -66 -82 74 34 15 33 90 -7 -58 -59 73 -50 80 -24 -18 -31 -100 28 60 36 -34 -61 65 -60 90 75 -28 91 43 55 30 60 -40 -83 -90 9 -88 -77 -54 -66 -26 -72 27 -61 58 -1 45 62 -75 -1 79 100 -92 -64 23 24 52 -71 -47 54 -47 -62 11 -6 68 86 -3 92 53 92 26 -65 9 -76 -54 56 25 77 61 34 59 -97 15 -96 11 17 -37 11 -26 20 -31 -54 37 30 62 -100 -47 -84 -86 17 -98 66 -7 54 32 -38 -85 62 -62 33 8 -84 95 -68 75 -62 -88 -17 53 -89 -99 -32 100 -38 31 53 45 44 90 29 -56 22 56 -89 -85 -52 23 -40 90 -55 -23 -12 -24 -81 71 18 -18 -40 33 6 -63 -33 60 -55 -52 49 -68 33 9 56 -55 -74 91 23 -73 -37 -7 -13 -98 -76 12 72 45 89 37 59 -21 34 93 44 -11 -80 -37 -69 74 -26 -51 -78 -32 -96 -36 -25 84 -49 95 -2 -66 7 -66 70 -60 42 25 46 26 26 4 43 -100 -35 22 -44 -19 37 -96 -46 98 -81 -9 72 -62 -45 -1 -93 23 30 -94 86 -47 -45 53 -97 -75 49 -60 11 42 -51 -21 -90 12 -81 -23 -65 -48 42 -32 -73 36 -89 21 -54 81 92 -95 -46 -75 35 -67 8 79 27 26 -11 -81 -40 77 -14 93 27 -54 41 54 34 -92 86 -37 19 -56 -97 -31 -5 35 54 -20 -17 -20 -56 -60 -52 -27 53 94 -100 13 40 48 -63 27 -27 6 -51 4 -95 61 58 100 -15 0 -87 24 18 -2 98 -16 -52 69 50 -53 -61 -61 -51 13 -58 96 -24 -30 94 -93 -34 20 35 63 1 100 78 18 -26 -43 39 45 -22 37 86 -14 35 -4 -62 -12 -5 -34 65 -27 85 -70 17 -35 -52 94 -50 31 94 23 64 2 100 -39 -57 11 29 -82 55 -80 -32 -87 -20 11 57 -22 -80 -56 89 51 77 26 92 80 -87 71 65 13 67 -74 38 -8 -62 21 75 9 32 8 86 61 -99 18 86 -35 62 -2 12 93 -49 -72 -13 -62 -9 -42 89 -78 -29 5 -78 -14 29 -38 31 -35 53 33 -66 -43 66 83 -33 -17 69 -71 -89 -25 16 26 50 37 88 -48 -66 -64 -65 -31 84 -21 84 -30 65 64 46 -44 84 36 57 -82
-69 46 -70 -35 85 98 16 14 -79 83 -79 -28 20 35 -29 -91 91 -69 21 24 79 -73 -42 -53 -93 -67 95 75 -50 -25 14 71 -79 16 1 27 72 -43 33 83 30 68 31 15 47 61 90 31 89 52 -43 -27 46 -63 -76 -72 81 91 53 -42 -67 20 -31 56 -61 78 93 56 66 88 3 -92 -22 23 83 18 -46 -93 32 -63 -82 -28 -77 74 -30 80 -16 -27 90 -61 49 69 -25 73 58 71 95 -39 42 14 -24 -70 71 -61 7 -64 -17 -62 -93 -71 -81 -1 19 -14 -23 22 88 -60 59 35 -69 35 -47 -25 -7 30 -60 -92 4 -31 -29 98 93 -68 -38 -66 18 47 78 32 64 -30 86 31 -35 -4 -82 -58 -68 -49 -51 45 6 94 -80 64 28 20 -55 69 -52 -94 -73 57 -87 -72 97 -3 28 -29 57 66 -38 -78 -1 34 33 81 70 70 -70 -36 61 -13 6 -66 -13 -83 -61 9 -48 8 -73 97 100 -1 -56 60 62 9 49 -41 89 -23 89 -63 -24 -51 -95 1 84 -22 -4 52 -12 -13 35 61 -40 40 72 55 -44 -5 88 -15 8 84 32 2 67 -100 -50 -34 -45 68 77 90 -40 -95 18 81 76 -89 10 -37 -15 28 80 20 -87 -23 66 -42 96 -92 -27 4 -96 57 -39 -95 -24 -82 -13 -66 97 -49 -82 -40 45 -3 -94 -36 -67 -10 -47 95 -42 32 10 79 71 -11 71 -32 -42 -13 -18 -46 71 -75 64 -77 -62 14 -43 -36 4 -72 -51 79 -82 32 84 58 91 11 -97 64 68 -34 67 8 -74 -84 -66 48 63 -98 3 -12 -63 -41 76 78 -51 72 45 -52 72 80 -94 -83 -33 56 78 -34 -95 -67 -81 -15 83 -26 73 -75 87 -4 17 65 -1 -56 -3 -50 80 -63 14 72 14 -2 -14 25 52 57 7 -31 28 72 3 23 -26 17 -53 -60 23 -44 -8 42 -83 96 -40 41 19 -2 -64 66 96 -14 -34 23 83 -33 54 13 -48 -54 6 67 74 -31 25 -63 -39 -37 67 -38 -82 74 3 -87 -11 -29 -43 -31 45 47 -5 75 -70 -54 -48 -40 -14 40 2 85 39 44 88 -56 -51 -30 -89 -8 49 -66 69 -22 46 -25 -3 -46 -97 17 -92 78 23 -99 -68 -50 -12 -8 -4 -47 -27 96 24 16 -9 -21 22 -10 -20 -44 -92 36 -23 54 6 -24 -58 71 -96 44 -8 95 66 98 -40 86 36 14 -15 -29 86 30 13 -72 2 72 -57 -87 -89 -3 -85 13 -62 41 67 -88
98 81 48 -64 -77 -30 67 -10 20 37 -72 15 20 24 -88 -28 -52 42 -22 87 19 -4 28 -22 5 77 -97 55 -68 -87 65 -30 -53 35 0 91 55 17 82 -100 30 60 -79 16 15 -4 1 -32 96 74 79 -91 31 -68 29 -13 55 -46 -65 -62 -57 -7 30 65 -83 36 -98 58 -42 -22 21 -71 -69 43 -78 -96 93 55 -95 -26 50 -28 93 -34 -91 -98 -71 92 -36 97 -5 -85 -42 -88 94 17 -50 1 -38 89 47 81 -49 -10 -87 -79 -51 82 23 -59 -44 20 30 14 39 5 1 -31 -65 -53 22 -56 -13 -11 -84 91 -69 -97 -29 -57 29 67 74 62 -40 8 -4 98 44 70 -44 -64 48 -75 -59 61 -8 -76 73 -73 73 -56 31 -46 -29 -29 -93 -60 -99 -25 22 85 74 29 32 -17 -10 50 99 -61 14 75 -44 -93 54 -53 37 -94 44 -21 -20 12 -49 68 -49 -63 -65 -33 -94 95 -20 -22 -67 34 -44 62 73 -11 89 98 -60 36 -13 30 -29 7 20 -40 -7 -71 5 87 -23 -62 -12 -49 64 -33 -74 53 -11 47 91 44 -63 94 52 14 -69 66 -16 67 41 -12 -95 37 -63 -60 -1 80 -62 65 -63 49 31 99 -51 -79 76 68 -70 -49 -17 51 51 -35 -92 80 -66 82 35 74 -17 -97 -80 10 42 5 -43 70 -77 -29 -55 -77 70 -53 -26 -79 9 -34 -66 53 11 -6 -98 89 71 -100 81 0 -59 -4 43 -86 -86 -77 -1 0 -50 74 7 -16 100 -38 6 -96 -55 82 -37 -70 -46 35 29 32 -47 -20 29 -18 9 74 -54 -71 20 -67 -50 67 -53 4 -69 -58 80 41 -68 71 2 100 -68 70 12 4 38 -56 80 51 -43 -92 68 33 -86 8 5 51 -38 -24 67 -24 -2 -33 51 27 -56 45 50 -26 49 -15 97 32 -14 -11 92 69 66 83 66 -65 -53 3 -76 -53 93 23 -40 -92 83 -96 -67 6 -45 47 35 30 -46 -71 -69 -29 96 38 -39 -4 -74 -8 54 -98 -52 -47 67 -50 52 77 -67 -48 -19 18 -77 54 -73 74 -78 -31 80 -72 -36 46 -51 17 -20 -71 -2 -23 -51 10 41 96 -22 -74 -3 58 56 30 -98 75 2 21 30 97 -84 -27 -7 -87 18 -5 -83 16 34 82 -84 -24 -97 -63 -35 38 28 -27 -73 51 31 43 -72 82 -51 94 8 86 -94 -50 88 74 -72 -54 -94 -97 5 -16 -44 -36 66 -28 79 -47 52 76 -49 -7 -79 -21 78 -69 -36 0
52 99 28 22 28 93 15 -97 -34 80 87 62 -10 17 70 -83 -98 14 97 -30 -16 63 -21 55 3 79 -19 98 -79 -59 -27 -96 29 41 -91 38 -33 49 -21 -12 100 45 96 -35 4 66 -75 91 -6 16 -36 -93 86 -51 -62 76 53 88 -97 -73 -89 12 -82 42 -14 -100 74 -100 -89 -92 -4 22 90 46 15 88 -90 -41 19 -95 -21 -48 60 -44 80 -88 -41 92 11 7 -60 64 37 63 -97 41 28 90 -70 -64 -95 -85 9 -21 34 -31 -32 -27 49 10 -29 -11 63 9 -37 -83 24 13 -61 2 -56 -56 4 18 30 50 -71 46 -41 10 -21 74 40 81 8 -93 100 28 26 47 -17 38 33 42 -78 50 -89 66 -4 12 -18 -16 82 -93 54 77 -79 42 64 -80 -85 -82 23 -15 -6 -52 -72 -85 73 83 -12 -53 -35 25 -18 -43 90 -75 -94 -92 48 -11 84 0 -46 -20 12 29 -23 -59 -70 79 -19 -81 -14 6 -98 -23 69 82 -37 25 80 -64 -35 56 84 -60 37 29 -48 44 50 -83 -11 63 -87 -51 -27 52 -9 -10 64 -16 -35 95 69 2 93 56 -49 0 92 -17 95 -51 73 17 -78 2 -35 -17 -68 58 -100 -33 -31 -94 -23 3 -99 37 22 50 -33 66 -82 71 36 -15 -72 -97 -90 1 -31 -33 46 92 -38 14 -8 99 27 -7 -44 -85 37 -64 -83 -37 -7 -45 73 82 60 89 62 -48 -26 -39 -53 18 34 36 41 43 -81 9 15 67 -97 -16 26 -10 83 51 -76 87 -61 87 78 77 46 59 12 -88 -44 -27 -52 9 -58 3 -69 -100 -39 21 95 -79 -71 -96 -46 -43 -77 -83 29 -23 -96 -26 92 32 93 -92 -71 -83 45 -31 62 86 25 -59 62 -50 -61 25 53 -84 -61 72 -61 -95 -82 -85 77 -51 -81 -88 -66 92 -3 -79 -18 -7 -73 27 -52 42 36 -17 -64 71 -33 3 -22 -77 -77 12 23 89 -87 51 78 96 -85 44 12 37 -48 29 11 44 -8 39 -45 66 14 85 -98 -12 -95 -18 -67 55 58 -45 1 -72 -70 -67 -60 24 17 -33 -13 91 73 -54 -93 34 -99 60 -56 69 13 -47 44 88 -56 -31 8 63 85 92 92 58 -91 48 -74 -53 -79 74 -4 -81 -87 84 62 10 -99 8 2 92 98 -24 -50 85 -33 32 -94 -2 47 -15 10 49 30 76 100 44 36 -88 22 13 -9 -47 -75 6 37 -65 -41 97 20 63 -4 -50 -26 55 -90 -26 78 30 -25 -73
14 50 -94 11 70 98 82 60 43 32 -98 -1 -98 -59 39 -42 -14 76 -70 14 2 88 -17 47 46 -32 83 -59 91 11 38 -97 64 -31 -78 70 -91 78 57 -58 61 59 -91 66 18 -58 -65 -2 -80 38 -55 -82 19 80 81 -29 31 20 -50 -65 55 63 -37 -87 36 -27 -19 57 90 -12 16 16 -20 -18 17 89 -77 69 82 10 88 -35 -83 -82 50 -79 67 91 -21 100 -7 -99 -16 -28 67 -98 -21 27 -78 -45 68 85 -4 -82 -64 -87 -75 54 -33 -18 26 32 -16 -58 87 15 -88 50 14 -54 49 44 -68 -20 -88 -33 -91 -32 86 -72 32 -50 -98 -23 -58 -24 -32 -67 43 -52 67 -88 9 -88 52 43 -54 9 66 -87 -58 -22 39 -84 -9 6 48 -23 -17 72 34 19 -49 1 41 -22 89 36 -53 -29 -6 39 -42 -6 95 -7 -64 98 80 99 33 -18 19 -48 -26 68 -85 74 23 19 92 -81 66 -82 52 -50 22 -22 -34 -75 29 0 23 13 65 -10 56 -16 12 -62 -2 -18 47 -84 57 -17 -42 55 8 47 63 29 -1 -27 4 49 48 76 92 100 25 59 54 -23 59 63 -47 -25 65 4 -33 -33 -26 -62 11 -15 -88 -40 -60 -14 -25 83 34 -43 56 23 30 -80 -79 54 -64 83 -26 46 -11 59 50 2 -27 85 39 76 -26 -50 38 97 -98 20 -99 3 10 -93 64 -66 55 -45 -15 59 -40 -49 -13 53 3 -33 35 -31 -83 83 -77 39 97 -42 -50 -2 -44 68 10 42 74 -84 -17 -44 -24 -30 33 -44 -46 17 28 -94 43 -6 53 84 -43 8 89 99 3 -22 -54 -66 30 19 -83 -38 -94 11 27 -98 68 47 -95 -73 -39 -82 -3 -41 -59 -99 46 62 -100 33 -38 -43 -10 -62 -71 37 39 -41 95 -92 12 71 4 2 -7 55 50 48 -8 -96 8 -85 -71 -84 -49 -99 -50 -48 92 -89 -37 93 -91 8 3 -65 72 -15 44 -14 -54 39 100 13 34 -100 8 -3 93 -42 -82 -68 -46 -29 59 0 44 -46 25 51 74 -2 -96 -36 11 -65 60 12 -36 -42 56 -47 -59 -35 -44 -71 50 -42 94 85 -64 -49 -77 -72 97 69 83 -91 -54 73 14 26 -25 -99 61 -83 89 20 12 -5 68 -80 50 -53 86 31 80 -40 80 0 -82 -40 46 35 -74 72 87 82 14 -2 -16 75 -2 41 -13 -49 56 -80 71 27 40 -91 -18 -73 -96 -11 70 -19 -64 -74 -14 54 67 -95 72 -22
26 -35 89 36 69 -31 82 18 -11 87 38 11 -16 92 -1 -67 48 55 33 -95 12 -3 7 27 16 -10 -17 93 -22 85 -21 -14 6 72 41 -35 75 -39 -29 -27 -38 -13 -63 30 -92 5 -6 1 -96 42 -52 -8 -35 -3 -9 -98 76 -66 0 20 -92 -66 65 41 19 -19 100 37 32 33 34 -3 -59 -71 78 22 -98 -70 -45 -77 46 -2 53 37 25 -70 -20 -19 -37 37 -100 43 70 5 98 65 -69 -27 16 -14 70 71 93 -17 71 65 -71 56 75 37 5 -61 54 -94 22 67 -46 -12 -51 96 -94 -97 19 60 -89 -68 13 -10 72 -37 -54 -47 25 6 78 -9 64 -87 21 4 76 41 -1 -25 10 -83 -17 38 77 -14 16 73 -38 61 -70 -89 62 -34 62 99 -94 34 23 -11 -30 77 -45 81 -71 -29 42 -89 80 79 -81 46 55 18 -90 77 -7 -25 9 34 -92 94 -27 40 72 29 89 26 65 -89 -39 25 42 80 -29 -99 -89 -17 -26 -44 99 67 -57 -99 -55 29 -33 -97 24 -49 -14 91 77 85 -39 88 -18 16 18 5 95 69 -7 -48 29 14 9 -27 85 -18 -63 13 -80 -22 81 -3 -13 -44 44 -63 -69 67 -34 81 -3 -15 -76 19 -24 -22 11 -100 23 -85 -1 -36 78 46 -92 46 -9 -43 44 -54 -82 56 82 -35 44 42 88 2 -96 63 -20 -7 3 -71 82 36 -99 -80 16 27 -80 -6 -51 -59 -14 -34 -37 -26 35 -32 61 -19 100 -57 52 96 13 -54 -7 -79 -17 -6 -37 -100 -95 -34 -28 30 51 -7 -31 50 -62 -51 23 -11 24 -53 -27 47 -41 -82 -89 -4 -87 65 -98 69 15 92 17 -33 80 -35 73 3 67 23 93 98 12 -16 59 -38 -5 -20 76 -67 30 -29 -59 70 -18 4 98 67 94 91 -98 -3 34 100 -61 54 -20 71 7 19 -32 -14 -84 -58 41 21 -51 7 -71 50 -58 -77 71 -54 -18 68 -37 -94 19 -90 31 -10 28 -68 94 -84 30 -67 10 -25 -62 -7 -57 -52 84 23 -18 15 -13 -63 -55 -91 -10 -43 28 -7 -74 -75 83 -82 -92 1 64 -72 35 89 -37 -73 99 33 69 -20 38 -82 -34 27 -100 21 -41 -22 -18 98 -81 -55 86 -20 53 -25 -47 -4 96 -30 12 -36 -32 4 -59 -6 77 -94 98 70 -85 -15 -44 1 26 79 50 32 21 -36 -99 -63 100 -77 -91 34 0 44 34 -51 -65 79 1 59 59 5 76 -35 76 84 98 53
93 43 29 -71 87 79 7 -2 -20 47 96 -41 -19 -95 67 -89 84 -89 -97 -49 47 -83 -8 -76 5 -69 -39 32 -12 -67 -53 56 -55 13 67 72 -44 -20 88 57 92 -54 -89 -51 58 -66 92 -6 24 -4 -40 -16 1 -40 42 -96 34 70 -34 71 -10 -3 64 57 -97 54 -31 -12 74 -6 77 -95 -51 -92 -49 -18 -35 -92 29 95 86 -42 -72 88 -69 9 -88 4 18 -12 62 5 60 41 20 16 -36 92 -14 54 -96 6 3 70 50 -56 -36 66 13 12 -97 63 -26 24 -84 -19 59 77 -4 -87 9 -70 80 9 19 -29 59 17 31 40 35 -76 -36 -21 57 -37 -82 -92 96 85 -8 13 -83 5 3 33 76 50 83 -17 69 -7 100 28 96 92 65 -39 -62 -71 15 3 -44 51 -22 -87 -94 -51 75 -40 72 -71 89 64 39 -91 -49 89 -81 -67 -53 98 -23 -95 92 -52 -25 -52 82 39 -57 -50 -64 42 89 39 -94 83 81 16 -71 -52 -10 5 -47 50 -60 97 94 -60 -29 -72 -83 15 -25 94 58 14 -39 51 62 23 -72 -12 -15 20 -2 50 -89 -46 -71 81 -30 -47 -3 51 55 -8 -47 -88 29 45 -50 -26 -18 91 50 -95 -45 -33 47 55 42 -89 -84 -65 67 25 -25 -91 20 -97 -72 -6 -70 -6 -1 -42 27 35 36 -10 -65 -62 6 47 93 36 69 -5 -71 10 -85 8 -3 86 66 -50 -15 -75 90 -71 10 52 27 70 -37 -34 -82 58 34 -33 68 -18 14 -27 28 72 76 33 90 38 -44 75 -44 79 12 -13 -89 -17 69 63 -31 50 -15 34 46 73 12 79 -76 -63 77 45 17 -16 49 8 12 41 22 52 -26 64 56 82 -50 22 -64 -6 -87 -62 -6 28 30 -99 41 76 71 -92 -31 86 53 -44 -36 0 74 48 98 88 -18 22 -4 -51 30 51 -27 90 64 27 21 -64 46 23 33 92 -75 -72 46 -67 -34 -79 35 81 58 -59 -93 12 86 -6 8 62 -78 39 87 -60 -17 83 -68 92 90 12 40 18 -72 60 14 20 -7 10 17 87 28 -45 1 -11 11 -68 -51 -51 -40 -45 62 44 -63 12 98 87 63 85 -59 -63 -3 -61 -47 63 -64 28 85 -8 -40 -30 -20 -97 88 12 -44 -34 -51 -8 -63 36 33 64 -72 50 -48 -99 -66 -69 -90 55 -14 15 -73 -49 -96 47 70 -37 -60 -70 -11 -33 63 -1 -76 49 6 83 30 -70 26 38 -29 55 91 -20 -6 61
-3 7 14 -39 58 -89 76 76 96 62 75 -92 12 -38 -100 -17 -84 -90 58 -50 2 87 -27 97 -24 4 -58 19 -6 -29 -61 96 -4 85 1 42 94 4 53 73 46 14 63 -32 -90 80 92 37 -43 44 52 -1 47 76 -26 68 87 -66 27 48 -29 -11 47 63 -60 89 -42 -96 -67 98 49 3 -57 -21 -17 28 100 67 100 83 17 -71 -36 98 94 -68 -19 -88 -13 -77 -78 79 -20 66 67 9 -43 23 84 94 21 -94 53 20 13 100 20 -41 88 48 -84 -46 -4 -43 28 32 -43 -33 15 2 -81 25 78 -76 49 -36 -15 -24 -82 42 -32 -42 39 -8 23 -57 54 42 -41 52 -13 78 2 -86 3 4 67 -77 35 24 -33 4 -15 28 -48 34 -30 87 -94 -39 -68 -19 44 6 48 -6 -26 -30 30 -92 71 28 22 -71 -22 -7 -49 69 -21 87 -19 62 -8 54 -67 -34 63 -68 -31 -63 16 -49 -5 8 38 12 72 -52 -19 69 -12 77 56 -8 46 -40 75 15 -6 77 54 -48 -77 -30 -29 -97 8 -34 -53 91 98 73 15 24 -51 88 -5 48 -37 -40 33 -59 -66 -25 -47 -87 87 51 41 -98 13 47 -31 -25 98 46 69 -17 -77 85 72 14 35 53 62 -11 -40 -9 -28 48 -46 90 72 -31 -87 28 -50 18 3 -5 90 74 39 -83 13 -70 -76 61 30 -71 -66 8 77 -87 94 -74 -27 -68 -32 37 98 92 -44 -35 12 38 -64 -80 36 -74 47 -16 -54 -29 -43 11 -79 82 -81 -85 -53 -35 -22 -68 -62 -79 -13 28 69 -15 44 -76 -83 -21 -22 -63 -90 46 69 94 -79 -46 -20 -63 6 -95 -77 3 -58 -18 -10 21 10 23 -44 -26 -98 65 85 20 -83 91 -48 54 54 -8 40 -2 -27 -18 -87 -47 38 15 -43 51 57 63 -75 -84 -45 16 -29 -71 91 -24 -38 58 16 2 -32 -4 -33 -36 1 76 78 -26 -67 -33 100 -85 -91 -14 5 -81 -67 -97 44 34 92 -15 -46 59 60 59 -29 -29 7 -33 -88 -18 -96 43 -85 0 81 -77 54 -10 86 -44 66 -15 0 -34 -17 97 28 94 74 48 -48 86 -61 -79 15 34 -65 86 77 97 -70 -75 1 -31 -63 -19 -56 -40 -57 -98 -38 -77 -78 67 84 -31 82 -78 24 38 -85 -1 -27 -71 -93 -32 35 -24 83 -18 8 39 90 79 -91 81 4 -65 -40 -70 89 6 -95 63 -95 -16 -83 25 -72 -80 -93 -49 100 80 -19 -55 -100 43
-53 -97 -13 -43 12 -2 -54 -36 -42 75 -17 -9 -80 -63 -15 78 4 -59 13 11 -26 83 -46 -96 -97 97 90 83 47 -87 88 -32 3 84 -40 -8 15 -100 -94 -66 39 96 -43 9 -98 41 -48 -88 29 -38 -52 73 -34 -80 -41 -40 38 -96 -40 14 -36 -74 8 11 -47 9 32 89 -56 60 64 -36 -97 60 -34 -45 -92 81 94 41 -52 -87 -85 -19 96 39 87 76 85 0 19 -90 -47 -22 -26 46 64 -45 -53 -64 -29 -81 -59 -17 -27 47 -86 -74 54 17 -12 -12 25 38 -26 -21 -19 -81 -23 11 28 -8 -94 -51 57 23 84 100 26 59 -16 -98 -100 89 41 -14 -44 -42 -42 76 -98 -33 68 -90 14 20 70 -51 43 39 -2 -21 39 13 30 4 -63 -4 77 79 -19 54 -58 -79 68 -88 -75 13 -54 -98 -59 63 93 -36 -87 39 -59 -21 -9 4 -9 -55 -31 -22 39 56 -49 56 -44 -60 -93 -27 80 -2 -32 99 28 -65 8 64 22 -84 43 8 -30 62 -93 65 36 78 -91 -46 -78 91 -29 60 -5 -47 -96 35 -67 39 -37 -72 -11 -58 13 4 -82 79 94 -45 -21 55 -78 96 -86 -65 -83 -40 67 20 0 -31 11 92 92 3 50 64 18 51 -95 -88 -8 9 50 -62 -80 24 -24 72 49 14 -45 -88 -36 96 40 -75 40 -17 43 -28 -39 25 -58 -3 58 -34 13 -71 63 -95 48 50 -60 -7 -29 -88 4 72 68 -28 -69 45 4 -29 72 10 86 75 -10 -100 21 -63 68 25 77 -88 -64 19 -52 12 -57 -85 -52 -21 -55 67 42 -15 8 16 -42 96 11 -12 74 -83 54 6 -65 31 -48 -30 95 -29 -89 40 18 -17 73 30 -10 68 -27 -2 -15 -41 -98 63 19 -98 -57 -99 -30 64 -36 -8 17 49 -56 -30 -77 87 -5 -49 100 -13 -46 -88 -70 74 -10 -5 35 -20 -12 73 9 67 57 -93 97 -58 3 -28 -2 -60 -75 15 -31 -49 -30 -41 -36 -91 88 -27 56 12 19 24 70 -59 58 25 75 65 83 -10 96 80 -61 -56 14 55 -6 -92 36 63 -56 55 71 -44 -15 34 0 -33 50 -26 76 -6 -7 75 -56 -73 5 -55 -40 38 -35 -62 -23 34 4 -24 -8 29 -11 -21 -50 33 -17 -49 39 -99 -39 81 39 -54 12 -84 -55 -10 -55 9 -62 -32 86 -56 4 -40 23 -53 -17 50 58 -54 34 36 -48 -17 42 35 -40 83 -97 26 74 2 1 47 -60 -56 51 -3 21 -23
39 75 27 11 -61 36 65 -35 52 -72 -73 -8 -44 93 -80 -68 13 -89 72 88 64 98 94 28 88 -85 -75 -99 -82 68 63 -60 89 -58 -48 26 44 87 15 -89 -89 32 36 64 -5 -32 -35 -54 79 -65 -44 80 -8 -32 -59 16 13 88 77 3 -87 -11 87 49 -61 -41 35 -40 -10 -11 86 -32 -62 -42 -60 64 -31 -1 -56 91 -7 88 -60 72 -87 61 -32 -96 62 54 95 64 84 -2 -32 -96 -92 -79 -31 56 63 -52 -39 -64 49 -1 42 -52 8 32 67 0 98 52 -61 -50 -12 -74 -92 -13 -89 49 32 -5 -22 -1 11 90 -83 86 -96 -80 60 23 -48 84 58 -36 -37 -67 -7 -43 42 36 -37 -5 91 61 23 -8 27 21 59 94 -20 -89 -75 -12 19 88 -67 -56 44 -92 -25 -86 80 -22 -64 58 4 -92 -100 -46 96 72 56 -41 98 -56 -55 -94 -81 78 -18 17 58 -13 -1 -45 -82 30 -48 -60 -40 39 -18 -43 -23 -62 71 -57 86 38 94 -45 -61 -67 -90 -91 52 1 37 41 -55 13 -41 -91 -44 38 71 -96 96 7 71 -32 -24 35 -49 65 -41 52 78 -85 -27 67 -82 -9 -73 90 -75 24 -18 86 -20 80 -54 -57 91 -59 -45 -37 24 -57 -8 95 -15 -31 3 87 64 -17 -72 84 82 -36 59 -65 -24 61 33 98 -50 -85 55 62 8 62 -43 82 37 -72 -72 -32 -14 -21 30 -31 91 -63 -64 6 -19 -21 -39 -47 -71 75 -11 61 94 53 67 71 13 -96 -50 -47 -14 -56 -20 -20 28 48 99 -95 -1 -90 -76 18 68 -77 -71 -75 -67 -57 34 67 -19 58 -45 61 -97 6 36 46 -60 -16 -24 91 -72 -2 -62 -91 99 42 -5 95 67 -72 -85 -2 36 4 -41 97 -88 48 47 -17 5 84 -66 54 46 77 -70 11 54 2 -54 -2 59 -76 -94 43 -37 -43 11 63 -63 -98 -60 66 16 -88 24 21 37 63 35 14 -68 11 -59 51 26 66 -78 -25 15 -64 -60 -28 -10 86 -79 97 6 -100 -69 -71 30 -50 81 39 78 -11 -62 19 44 -87 -3 -21 16 67 -38 62 2 54 99 97 -63 -19 -30 -15 -78 14 -86 72 -42 -19 -5 95 78 -6 88 -71 7 -89 48 -58 81 -10 -9 -4 70 -12 18 85 11 -88 -43 -64 3 -57 29 60 -93 -45 87 -46 -72 82 27 12 25 -38 -54 -17 83 -88 91 -61 -34 61 -29 -49 71 -49 98 60 53 6 27 -22 51 -20 -71 22
64 -93 70 -16 69 5 -2 31 -52 -11 0 77 76 46 90 17 -12 -37 68 50 2 -43 -75 -82 93 -35 -16 -21 -41 32 19 -84 4 66 81 -58 19 67 30 58 31 70 59 84 3 18 69 -99 -100 -52 100 -45 -77 -22 -40 84 54 60 -5 81 0 -76 0 -86 -58 80 -84 -71 -14 71 84 58 -16 38 -50 70 81 83 -77 28 -66 -23 -69 12 -52 -17 -41 0 -46 -50 -29 -84 -14 -81 -20 97 -47 15 14 -48 95 -40 86 44 72 -68 64 69 -20 -33 -81 4 74 84 60 -97 36 52 -85 43 48 98 -25 70 33 61 -21 88 -53 -48 64 -3 4 -37 89 4 -70 43 61 72 9 71 -1 6 -66 -47 74 -6 42 -8 -91 42 -60 -97 27 -13 -88 -44 -60 46 -64 49 10 90 -61 -19 -65 39 32 -57 -85 4 89 -73 -77 84 93 14 -43 -69 -99 64 -14 -53 -87 -60 -88 -7 -86 -91 -8 -35 -2 51 -76 -13 -33 -89 -67 -83 14 38 -10 33 0 57 -52 52 21 -36 -18 91 -91 -33 11 1 -56 46 66 -27 -22 91 -34 -5 86 42 62 -35 -75 -17 46 91 -82 95 -78 -17 51 -3 -70 17 -97 55 5 -10 51 39 93 94 73 -54 64 -65 13 -92 -86 74 4 64 59 71 9 42 -67 -89 15 1 2 97 66 -41 -3 25 91 90 9 -85 81 -47 -55 48 -52 50 62 -14 -21 15 -72 -86 -8 -3 -68 -12 -61 64 -83 84 -92 72 18 85 -87 77 -77 -99 59 12 31 -7 89 -27 -81 -1 -58 10 -8 -21 45 -2 37 60 -60 77 87 -13 -60 -96 31 -16 -23 96 -37 48 46 44 -97 4 61 37 94 -34 -66 88 68 79 26 29 -48 11 65 -84 -90 56 -82 -19 30 -38 38 65 -96 -42 -59 98 62 46 -45 -88 -96 -67 77 -34 -82 -46 -22 -1 7 95 -35 38 74 -76 -70 -12 87 68 44 -66 29 12 61 -30 -21 50 57 13 23 45 60 83 -72 96 -89 6 29 46 69 -12 -2 35 -14 -57 -62 39 -26 -6 48 30 -58 -56 91 -4 -58 -73 -44 54 85 -40 25 53 -6 -69 53 -7 1 -31 -20 38 58 -58 -94 19 23 71 3 52 2 -64 22 -44 -48 -74 -4 51 -27 82 1 -94 66 24 -6 -26 -86 -27 -26 -9 -48 26 -80 -98 -24 15 57 43 -100 -51 -78 23 -88 99 15 35 87 -4 -45 52 -13 -45 91 49 20 44 -52 62 -67 59 58 -65 -90 -4 4 -15
64 -94 98 42 100 -15 -5 -11 41 30 55 47 37 -72 -31 -8 92 -3 71 21 -84 26 97 -35 -37 49 89 -58 96 10 -78 -35 -38 -13 11 -36 -81 37 -60 -69 -55 -90 -78 -55 75 -27 -72 1 -42 27 67 68 37 81 -58 -37 -26 -83 90 -27 -100 68 90 45 76 -55 63 12 98 62 0 29 1 66 72 78 48 33 44 -24 85 -78 76 -15 42 -14 -2 52 4 -71 29 95 3 53 -62 -7 60 82 81 33 4 -58 60 24 0 88 -23 59 40 -1 37 91 45 -59 -22 -56 -46 14 -48 -99 31 -25 52 29 -4 81 -63 -77 51 73 -19 -71 19 60 76 0 9 0 81 30 73 -79 -26 -100 -41 51 -10 3 28 -8 -36 24 -15 69 11 -70 -9 98 -40 -52 38 -7 39 58 -86 -70 -47 33 -25 75 -3 64 16 -56 -52 -85 21 88 -11 71 19 45 -14 47 -2 32 -5 -4 -94 -57 74 -20 100 70 -27 -8 22 66 -19 84 95 52 8 24 -68 41 17 -66 -24 17 -26 -25 -22 52 -94 93 70 -93 -79 -69 60 96 70 14 -48 -87 96 -39 6 -70 83 -31 -90 -45 74 48 20 24 -41 -35 -95 -24 74 -66 2 4 74 -55 -28 51 -18 -41 -88 54 71 39 -43 -31 -77 -74 -36 64 24 -95 37 59 -46 79 29 -10 17 43 48 -1 31 10 24 -24 -62 42 -54 -6 -88 76 26 -80 -93 58 -72 -53 -8 -66 -84 75 64 84 43 5 4 -33 31 -13 84 43 100 33 -93 54 -71 -73 40 85 49 7 -84 -48 -73 48 -28 25 -83 89 82 29 54 -1 -95 36 16 44 96 77 61 35 -10 13 68 91 93 -18 -71 71 -40 32 79 16 62 2 -62 20 60 -26 -58 65 -62 22 43 -21 -59 -30 47 81 -99 57 -96 35 -3 14 -7 32 16 32 -71 89 33 96 -62 34 63 -6 -57 17 -19 -38 -83 -62 -66 -36 -64 -72 46 -23 51 74 1 45 -10 -58 17 55 -29 100 0 45 91 70 42 -52 -64 99 -90 62 -83 -62 62 -94 -53 63 60 7 -40 93 25 -88 -91 24 -96 88 -36 73 -36 -51 -45 -13 98 -98 -78 48 -71 -33 61 83 -15 -53 41 27 72 64 -56 52 22 -25 96 2 -39 -13 -50 -40 -48 -44 -51 17 -3 -10 66 -20 -42 72 29 -84 49 -76 78 84 32 62 -17 90 -41 -2 39 -94 97 -78 97 -75 42 -39 -14 31 -76 65 45 6 2 97 89 -28 31 -44
94 -18 -30 -85 -88 22 -35 92 -40 68 67 -10 -75 25 7 42 67 23 -14 9 90 -73 -85 55 66 -50 -3 10 -98 15 73 -69 12 45 66 -91 91 -79 32 46 -14 12 -100 -82 -71 -60 28 80 -81 -6 -24 95 2 -55 -5 5 -65 -15 69 -58 -73 -56 6 -18 37 81 33 -45 -98 62 79 5 57 -63 45 -23 27 56 -95 28 -62 32 -14 -81 6 7 -73 -35 59 -5 65 30 -35 21 -26 65 56 -34 70 95 96 10 -24 93 70 4 -52 -18 44 48 79 -40 -4 29 100 -61 -74 9 29 79 30 40 90 -86 22 16 -95 24 -44 -32 -100 88 97 -28 25 -47 -82 37 -81 43 -48 -13 -73 24 98 93 32 64 41 -44 17 -7 27 -18 -26 -35 -35 99 84 -63 -40 -73 11 -87 -89 -81 -24 -84 -98 -23 -11 44 -85 68 86 -62 84 89 47 -65 -47 -5 -22 17 40 -20 -14 -86 -29 57 -95 -94 -67 45 -37 38 82 11 -75 71 -97 95 52 98 -100 -61 32 9 83 -84 28 -68 87 -61 -64 7 52 -68 9 95 -42 -51 47 -45 6 -62 79 -30 -80 -70 -98 43 -2 -4 51 0 25 80 85 -34 26 -7 -11 -30 49 -95 92 -89 21 21 8 -79 11 18 -71 69 -50 51 -21 -22 3 89 93 -14 30 -89 52 -98 74 -45 64 -62 80 -49 36 26 41 -88 13 66 -42 -8 55 -16 -100 0 -96 4 9 33 49 -79 29 -13 -88 42 -47 -12 75 -3 -29 11 73 -28 28 -27 -99 -51 33 -53 12 59 67 -55 84 11 87 80 41 6 -75 -36 -30 -41 -88 91 21 11 -46 47 -68 55 -74 -79 43 -24 -17 51 -50 84 80 -10 -3 -54 -2 -93 0 35 -41 72 -31 50 -13 58 -72 -74 90 -30 -48 -3 98 -99 -82 -4 27 46 37 7 -25 -82 71 -21 -70 -32 -88 75 43 -38 2 30 -39 -17 31 93 -79 77 84 76 25 6 -100 1 63 -37 -68 71 -90 100 -38 39 99 -78 72 -37 -54 -35 -34 -93 -50 -68 -100 19 41 87 -97 51 -84 -9 82 5 54 13 -61 60 46 99 -28 -84 44 -86 75 -100 -57 -40 -77 53 68 20 90 -39 -94 77 40 24 -15 95 -34 32 -1 58 75 60 96 -88 28 43 59 -15 12 -58 37 -14 83 16 94 -32 17 -12 36 9 -3 64 33 -4 -39 -91 -67 4 52 99 86 92 43 -70 -91 -14 -96 39 96 16 16 -66 -92 17 78 -7 65 43 34 12
73 48 94 -91 -8 79 -40 -36 49 88 -74 -90 28 -3 -85 65 43 -68 -20 -57 -3 33 -54 -29 -90 15 -30 -40 53 -8 94 69 62 99 -21 -90 100 -79 -41 4 59 71 77 48 23 3 36 -72 -19 -54 -48 75 -93 77 50 64 -90 -14 -86 55 -55 4 -59 85 27 -81 6 -17 -63 -98 -6 -35 58 2 60 -12 -71 -82 -3 17 -40 -59 78 39 30 -62 -2 -49 -59 51 55 -3 -26 -13 -50 16 8 -17 32 -82 59 -50 81 69 -75 -93 -29 46 70 -97 -11 91 69 8 -82 39 -15 -65 8 -92 -13 -48 25 -83 -53 -43 70 47 -6 1 -2 0 -26 32 -19 88 -68 -41 61 -53 41 48 48 -88 94 60 9 -26 43 -88 34 70 61 81 -50 80 58 50 -10 -6 -84 36 75 -4 -45 -5 -81 -13 75 72 89 -8 62 -77 87 63 -74 -36 22 34 98 76 -12 -15 -65 72 -67 -55 9 -81 0 -81 67 -20 31 72 22 -53 -14 -17 91 -54 -8 -67 -55 -37 44 17 79 -90 23 -69 -33 -48 -42 13 84 6 -12 -62 -24 96 50 2 -89 -18 86 24 -11 -49 -98 -98 -53 36 -6 -1 40 35 -16 17 -53 -49 46 -34 -18 45 -44 -79 22 78 57 31 -33 71 -96 49 -88 -64 -58 59 -95 88 -80 -48 -55 -64 86 100 -58 90 26 83 83 8 79 94 -77 -80 64 25 2 -91 -80 68 8 -38 62 91 98 26 36 65 90 16 -79 93 -12 66 9 -29 -9 4 -21 27 -75 -90 -81 53 42 -41 -98 -95 36 -87 -89 -73 -17 85 53 -28 -20 38 79 45 -53 38 64 -43 61 90 63 -33 4 -91 -20 47 -27 51 55 -84 86 34 47 27 -47 -8 41 -19 -79 -49 -62 0 -20 46 62 59 -54 -44 -69 -1 -70 52 46 -47 -61 74 41 -2 51 -13 7 -84 84 -99 16 -35 55 76 -25 -79 93 81 87 -15 -6 -62 -48 58 -94 93 -38 38 93 -86 75 73 13 69 -26 -9 -50 -36 11 -73 98 -50 73 0 -93 -24 91 39 -20 12 65 49 -17 82 -86 -43 25 -81 59 79 -73 8 5 -13 -29 75 11 -87 70 70 -28 -19 -30 -94 -46 -81 22 -69 85 -90 81 -60 -72 -3 80 81 -91 -74 -12 -49 50 23 -98 -50 -49 -43 -67 45 44 87 -51 -37 89 -67 98 94 -39 -79 5 -99 -1 -35 -87 -6 18 34 23 -34 -90 -10 -29 46 -15 -87 77 -77 70 30 -15 2 -63 35 64 -46 22 100
30 -42 26 -83 -43 63 30 -73 -41 10 -86 -35 26 20 -40 34 -31 34 50 -51 -10 -65 -76 -2 73 15 76 -45 -65 -49 40 2 1 -38 79 -30 -49 -24 -12 78 48 -76 58 -6 21 -66 95 8 67 92 26 71 14 -37 -90 -34 25 -72 41 -39 34 46 -51 70 -48 71 21 -20 -1 87 68 41 -85 -75 -23 57 98 82 -72 41 94 -21 -65 47 17 32 38 -12 -42 -96 2 68 -94 -66 83 95 71 45 -69 27 -38 -51 33 -76 74 50 9 -58 -7 -25 -94 48 -12 -77 93 -57 -27 -11 6 -68 -1 22 73 99 76 -14 -98 -83 -22 2 22 11 -33 -48 82 -40 15 -49 40 31 -14 10 -42 23 -25 -5 -93 42 87 -13 26 -14 -81 61 -57 75 45 -24 -59 -50 -88 17 14 79 99 41 -46 93 -61 75 -21 -73 -53 -67 81 -40 -42 42 -87 -88 88 -82 -35 -6 39 90 -90 -16 -59 31 48 45 16 -65 -42 -53 62 68 -86 6 21 -47 -42 -100 -99 33 -6 89 20 -50 99 -13 -20 41 72 -8 51 28 -5 79 62 25 -38 81 91 17 -45 52 79 8 98 30 82 17 42 58 62 -56 -1 -39 -39 96 5 30 60 47 -65 32 85 77 58 84 65 58 99 68 -23 32 40 0 -11 -75 -49 -19 -2 80 88 63 -81 40 -64 -11 -32 62 38 -32 82 -91 -63 93 -13 -67 61 0 30 67 -76 73 60 -59 94 -62 -94 40 -54 -36 -20 31 -25 -15 -30 15 -2 32 -63 -13 60 -33 -2 -5 -42 42 -42 -55 -89 -19 28 -23 12 -78 12 40 75 -42 19 -31 0 20 -91 40 64 -88 -33 84 -80 -63 -50 85 28 1 -45 41 -55 -64 -7 -7 -51 -55 13 -53 -35 -44 18 3 81 74 24 -34 78 53 -62 51 -98 -15 -21 -2 -40 15 71 -66 -44 -65 24 75 39 37 -14 -87 50 -76 -53 3 33 58 13 -30 37 -57 86 97 -78 -48 40 81 -20 55 -30 63 -97 25 -61 -25 7 -54 -57 -96 -64 -12 28 -47 -70 50 -95 28 96 90 62 -82 -67 7 -96 -3 10 33 -37 64 -70 62 47 98 65 6 -93 -45 96 -90 -17 -20 -17 95 -63 -10 -49 -55 -49 21 22 -33 -32 -90 -10 -7 88 77 -51 -36 -50 25 38 -80 -32 -10 -2 -84 -96 -83 -51 -17 21 -40 47 -42 100 75 -66 6 0 65 79 65 -36 -49 50 -5 -69 31 -38 64 89 -4 25 -98 -96 64 -63 32 27 5 -37 37
-99 -80 92 20 32 -70 -18 -83 6 -29 60 12 62 -13 -16 -83 -64 -67 -28 -93 -14 -9 -66 14 66 32 85 57 13 87 90 28 20 -57 67 91 14 -65 7 -82 96 99 57 86 -81 20 21 -49 67 -81 84 -86 14 -51 51 -32 -59 9 -52 89 62 -34 99 61 -50 87 -74 31 -78 17 26 55 -2 -11 22 26 -44 16 6 -80 51 -94 43 -41 31 57 16 58 85 16 60 98 -68 -68 -50 -77 -6 11 71 39 82 26 -47 -16 -35 -2 -75 -22 -83 54 -13 69 -97 -57 -72 17 1 11 -60 65 -57 -80 -96 -6 -63 -83 100 76 -7 72 -20 29 -87 -40 36 -27 -68 43 -5 -62 -49 -29 -57 -12 55 62 2 -1 31 85 -4 -77 -78 54 -82 -71 -68 -26 48 12 -93 6 69 -45 -5 -22 -40 -5 82 48 -45 -84 30 31 39 50 -87 39 -68 25 -82 65 -78 -88 -9 97 2 -79 -86 55 18 81 99 -47 35 28 3 43 -87 56 92 92 17 -27 37 50 -80 3 -62 -41 14 71 59 -53 14 49 86 -45 -31 -59 -12 29 79 69 42 -44 63 17 -23 46 -79 46 -66 9 -48 -75 19 52 53 62 -90 -83 70 -94 41 -34 -9 -18 -6 -27 -46 -14 -89 5 84 8 19 -69 -16 77 25 40 29 68 73 37 71 86 67 -98 25 38 -95 14 -88 -77 -86 -7 -85 -73 10 -72 44 -32 50 -89 -28 -9 -6 -50 -89 -34 -50 54 52 -59 -94 92 22 24 75 -42 35 40 85 -51 52 3 -26 11 -94 38 -29 49 93 42 18 -39 39 -73 30 -93 -89 73 -22 50 -67 -56 -75 77 -75 -74 -78 -60 33 79 -82 77 81 -84 85 89 -56 54 32 11 -95 40 -71 -91 -13 0 -40 -60 -89 56 28 51 88 66 -58 -63 -75 -59 -1 0 46 100 4 31 -10 -47 74 0 72 29 -33 20 85 45 27 86 -20 24 64 95 96 -64 -18 -42 65 -26 29 50 -91 51 -8 68 -85 -82 3 18 -4 -21 -18 -85 59 11 -41 59 -65 -37 -51 75 -97 27 85 56 12 41 -90 -57 -67 -86 -38 -91 91 -17 -52 -32 -50 69 -72 92 -27 -69 80 69 79 -67 -18 80 -53 -1 -72 -12 -75 57 -31 51 -21 14 -67 87 -59 -96 -55 -77 -98 -85 -2 -77 2 -3 51 -34 -26 -86 -19 -5 43 -37 42 78 -10 10 51 -62 60 3 -4 78 -66 -36 49 26 -67 -6 88 67 -4 76 78 -29 52 75 23 61 -34 41
34 -44 1 -81 -77 82 -90 -40 -6 55 26 60 -40 38 65 -42 21 -79 76 11 93 45 -75 63 2 -48 -53 38 1 -38 38 -48 42 -62 -93 -78 -70 -100 -61 -78 -63 -36 48 -99 69 -29 -84 74 -34 -58 17 69 33 -89 -21 94 -35 55 -28 68 56 58 -80 6 10 -75 69 23 -85 100 -40 -87 -22 -46 -8 -12 -66 -8 -7 -86 -91 -62 -37 -70 29 72 -11 5 56 -7 99 74 -100 -89 -65 -28 86 -82 -42 -9 31 17 -27 98 62 -100 -42 43 -70 -35 -2 -92 16 -93 43 -91 7 -72 93 42 -52 -14 49 -27 36 32 45 -47 20 -28 -18 -33 -30 -68 57 94 96 20 -3 14 89 -64 -44 71 -4 85 -37 -82 76 90 -68 12 -44 84 -51 -59 -23 -6 -35 -22 12 89 -74 -70 62 96 50 -88 9 -71 -4 76 53 -68 -13 -37 30 -100 -67 -45 -13 -32 -46 60 -9 -23 18 -80 -33 -19 5 -62 76 72 -5 33 42 -34 96 63 67 60 62 82 -49 -75 -22 27 -71 -20 40 24 -27 -14 -48 -60 -6 -34 96 45 57 51 4 -36 59 23 1 -9 30 -18 -86 52 -85 48 -27 93 84 21 66 71 -28 -5 -22 97 -80 -91 54 27 -83 55 -61 -74 43 14 -92 -18 -19 36 5 -48 -80 -86 16 63 -12 -12 -65 -25 87 14 55 -95 -100 -30 -64 -63 -27 56 -9 8 65 20 -13 89 20 -16 85 -94 86 -14 76 10 -4 -27 14 -76 49 42 -63 -65 -95 74 62 78 62 -43 51 -54 -40 99 2 -99 6 -6 -24 -90 -43 -15 -10 -56 33 -34 95 -65 81 58 -92 -21 -65 -68 -36 48 58 54 70 11 92 12 -96 31 100 -8 -46 -63 86 -30 -87 27 -15 78 -45 24 87 -56 87 50 -6 72 99 -3 -41 -1 -40 30 -19 -51 -60 -45 5 -78 -31 73 -17 27 52 6 72 -39 22 2 19 55 -87 -81 8 -35 94 -2 34 -42 -99 -37 -34 -40 -2 67 47 89 -72 -67 23 -99 -25 -17 -23 13 -3 26 -36 33 -49 47 -78 -22 -72 -60 -99 80 20 95 1 -4 52 -100 -80 -33 87 80 -72 -89 -57 48 56 57 81 -97 59 -56 47 66 29 -81 40 54 48 98 39 -27 -97 -91 91 43 93 -2 -43 -45 61 -67 -49 -14 38 -45 -7 91 -71 -61 -61 -38 -56 -95 -55 -51 18 -25 -63 41 80 25 -77 -53 -56 43 -72 -42 -22 31 -44 -29 13 17 -42 -25 38 -15 -40 23 -37 51 -73 6
-71 -42 -100 1 100 20 24 30 -57 58 12 76 -10 8 -8 72 -60 -30 -27 -22 -40 88 97 -70 -6 -2 -39 -21 -52 92 -72 -66 48 -70 74 -32 -87 -68 38 -85 -7 -99 23 -99 -94 -23 71 19 43 -81 47 -82 -76 65 -76 -13 -34 -73 -81 -86 56 23 -14 -59 -86 -63 -58 -96 40 -72 -31 -42 -19 -80 90 -12 95 25 6 100 -76 87 -6 92 -93 58 32 -98 -9 18 69 68 94 -46 37 -74 73 38 -71 -37 40 -98 -77 46 73 -56 -92 42 60 77 69 -74 2 78 0 1 58 31 63 -49 29 21 -29 35 81 -85 32 -61 -76 57 -78 -29 -84 -37 92 -1 -79 -50 74 63 -57 -57 16 -54 59 -6 47 40 -24 -58 -88 77 97 96 82 76 44 -52 -93 -91 92 -77 -71 -86 -15 87 -91 86 72 -49 94 -26 -56 54 -87 -94 -40 -77 80 54 -60 -99 72 96 -33 -3 -11 7 -79 67 -63 93 79 61 -41 -50 -95 -7 -28 -69 -13 -94 87 -4 -39 -29 -62 83 70 -9 16 61 -94 15 -91 92 89 -7 -42 -82 8 -14 -56 83 -84 82 72 32 -74 -86 17 0 90 54 -34 46 -39 12 26 -19 -84 -35 92 1 47 49 20 -61 100 -41 -46 11 36 -3 -18 56 4 -8 83 -60 28 45 27 95 16 53 6 -2 -72 36 -25 36 93 100 49 63 17 -52 -20 -67 17 -1 -63 7 37 35 -97 -73 -89 96 67 13 -64 -24 65 28 -48 58 -42 -13 6 28 -77 14 73 32 -62 -38 -23 -1 100 97 -7 56 62 -53 -62 68 -93 58 45 81 -75 -6 -43 19 60 0 61 -10 88 -18 -89 2 32 -73 65 -19 29 -93 -93 -42 40 62 -91 -56 43 38 67 -87 -44 -74 -40 -72 28 7 82 37 86 -88 -86 -25 -79 4 78 92 8 -76 73 54 71 -20 74 95 -26 -97 37 23 20 -91 80 20 58 -99 67 50 64 -56 -54 -25 -98 58 -40 -59 -72 35 88 -45 -71 -68 -7 -79 -90 45 79 29 -61 86 40 -33 -58 78 16 -100 -55 -32 -46 -23 18 -18 -14 1 2 21 28 9 54 52 -80 13 -95 46 -39 34 10 -36 19 88 37 1 53 -85 -92 -78 -79 64 16 19 66 51 75 51 -85 0 72 31 -54 92 -84 -8 2 11 73 -94 2 35 12 37 -85 -20 29 -68 -41 90 46 73 -66 8 -87 16 -91 8 -40 49 -98 73 -15 -17 -46 0 82 21 -66 85 -74 22 80 47 -42 83
11 2 22 -94 -72 25 69 -97 52 0 -26 69 -88 35 59 41 -47 -53 23 3 38 -28 -65 8 -61 73 55 32 69 16 -8 -98 100 -17 -75 -68 31 40 34 1 37 -13 -14 -77 81 3 -49 100 36 -45 -59 -62 -68 -50 18 78 89 -5 21 39 -36 25 16 65 41 76 -88 -89 -74 -100 -18 -65 34 -16 94 -36 22 -50 67 93 2 -94 -8 -42 -43 -98 -57 66 82 -38 56 -34 -19 73 -62 93 38 60 43 -41 13 -37 0 -72 59 -77 70 21 -45 28 14 81 68 -59 -68 60 -19 -88 -90 -7 -8 -23 -99 15 91 -43 78 -44 12 -48 -98 15 -78 92 -42 48 -45 19 -66 54 -94 93 -40 85 -73 -51 -13 -58 -72 21 41 87 53 31 -39 -40 -9 96 94 -98 -72 72 -22 4 12 -31 4 -76 -84 -55 1 -19 -72 -82 64 14 42 -48 -90 99 40 -36 89 -64 33 39 41 21 22 47 -25 -75 -92 -31 -72 -58 48 -80 -39 32 -6 47 17 11 -28 67 -31 47 -84 20 57 13 -69 44 95 58 46 -99 -49 30 56 -99 -78 -35 -60 -54 38 -43 -63 10 -6 -25 59 -64 81 26 29 65 -98 -96 -95 -39 19 41 -59 95 -71 -92 -44 -5 -96 -40 45 -82 68 15 -26 -30 28 25 -13 -70 -16 -93 89 -90 87 48 -33 -4 -14 -65 -59 -49 72 8 44 95 -34 18 48 -91 92 36 37 -86 84 91 -50 77 -29 -14 -29 -80 -63 -1 -66 85 63 -19 73 57 -60 75 -10 90 70 24 42 70 -27 88 -65 95 41 27 -15 -41 57 -43 43 67 84 90 -99 41 40 -38 82 -39 66 -52 13 -7 -63 44 -98 52 60 95 -82 -49 60 -74 -27 -36 16 54 -60 -87 77 -70 19 34 27 73 -42 -11 -70 -45 -37 7 -66 -87 59 -29 63 -14 -100 -68 37 -42 -24 -37 8 70 -90 1 -37 90 21 -47 -4 61 -6 -37 -11 83 82 -49 75 21 -71 -1 -49 -56 59 54 76 37 29 -65 95 -59 -22 -58 -80 86 -32 -80 -77 6 -6 -13 -89 1 -79 -47 -21 -51 90 -33 86 48 1 -5 -28 82 42 98 -74 32 68 59 28 29 -28 52 -56 -18 25 14 63 -24 -4 67 -26 -92 -33 70 0 48 24 -66 58 7 -55 -41 6 -50 -82 0 -51 98 -77 -38 -92 69 -2 -44 -38 50 51 46 11 75 -70 77 -56 -49 53 -97 76 65 32 -52 -16 75 -82 -92 94 -17 37 -12 63 3 -55 -37 -36 -56
10 -88 13 53 92 -86 -88 21 40 84 96 51 2 38 67 -6 66 28 37 81 -91 -25 6 76 1 -35 -98 -10 7 -96 37 4 98 -70 -79 16 91 51 -24 -54 19 42 77 -67 1 -61 76 -99 85 10 79 70 57 -20 53 -20 -2 93 -65 56 -24 80 -56 -74 -37 41 54 -38 -79 87 -19 85 -75 -23 -85 -53 -86 53 -44 27 -48 60 86 -72 34 16 -97 -17 92 52 -96 42 75 85 -28 79 -16 6 69 45 63 58 93 -58 -74 14 -81 -21 43 -61 80 37 -11 71 63 -91 -65 61 -76 47 5 98 93 52 75 20 80 9 24 21 94 95 -35 -8 90 -93 -3 -10 3 -96 -54 -49 87 -86 77 33 42 41 -74 -20 7 72 63 -30 -7 -33 35 -55 97 38 -66 -3 -7 -43 -37 78 34 77 82 69 0 -96 -82 54 56 60 91 -97 -96 -25 83 -37 34 -11 19 -40 80 -64 23 78 63 -43 -7 -13 -2 -74 36 -22 24 91 59 59 -100 -100 -7 -67 -99 22 21 -87 67 65 -18 33 -77 -1 -14 24 -98 -16 41 -82 90 37 64 -6 -28 61 -50 -16 -99 -61 -19 80 69 -62 -65 -61 68 31 -78 -89 -42 75 7 24 2 -35 -72 91 -66 69 35 -16 -45 -5 74 -22 -72 68 65 16 38 25 52 42 95 28 13 -21 -97 -81 74 -92 -23 -35 99 -64 17 79 27 49 47 13 -85 69 -23 17 73 -82 93 -64 -43 32 17 5 87 -58 19 42 14 61 -74 -6 -57 -81 10 -1 -58 41 9 100 44 37 47 5 54 1 52 -17 -21 64 79 -26 48 -81 -43 -41 -62 -13 93 -2 -88 -96 20 -69 -29 92 55 -32 79 78 -36 -78 80 -57 -95 60 27 5 57 -77 45 -82 -67 43 7 -88 65 -19 80 35 62 99 -88 -82 -21 -42 95 61 51 -13 74 -78 -22 56 67 -15 32 53 62 57 -17 -21 67 14 -21 65 -76 98 69 35 -47 -98 -14 -93 -41 -30 -75 -71 28 -2 -99 89 -20 53 46 -72 -26 -12 61 75 -68 -94 23 54 67 -22 13 72 -63 -4 23 -42 18 52 88 -13 -78 -94 75 73 67 83 73 71 53 -96 69 -88 56 -8 52 -23 97 -44 43 -68 -80 -16 33 -40 71 -84 68 -79 7 -91 -84 28 -86 44 28 -49 -12 -47 89 -34 47 -66 -57 -7 -22 -6 85 42 -79 -88 8 -66 67 4 5 -34 81 26 12 -17 81 88 -20 35 -10 -5 -100 10 -51 -34 -66 -52
76 -6 -72 89 -15 23 100 -89 11 -61 -68 36 45 -45 27 32 5 77 31 56 46 -25 -83 54 -84 52 -37 75 87 55 -61 7 72 -71 -53 50 -99 67 18 45 0 -64 73 -82 6 27 78 12 -42 66 52 -99 -94 74 32 19 6 70 -70 -65 -34 -73 65 47 -82 -50 85 -66 -53 -19 43 -22 -19 -74 81 -63 -64 -37 13 -84 -2 -8 -48 -8 -74 -63 -84 62 -42 -84 73 -56 -57 -34 -29 -91 -88 40 78 76 -57 18 -21 -93 -40 53 -83 82 -50 96 93 -96 4 75 -47 -96 -95 -12 -86 -11 49 -12 -95 -39 -45 21 -43 8 -67 -1 19 -60 -86 14 -78 -34 11 -47 -33 -34 -1 -18 83 17 -77 -85 -22 -50 -5 -93 -17 -35 44 -15 -56 -96 -17 -14 15 98 40 88 77 35 -51 17 -79 35 -28 -64 -76 43 -22 64 2 98 76 -72 -34 -29 -7 16 -86 49 100 100 -52 29 61 -82 77 -89 -8 86 64 7 42 67 72 40 -47 1 -17 -71 64 78 -57 -82 33 94 -86 10 91 100 72 -92 73 -78 1 5 -51 11 -91 38 40 -92 -15 7 -77 34 -60 22 -9 -55 86 -45 -42 -8 96 -94 -71 87 32 6 45 41 -22 -39 61 30 -18 52 -15 -41 -65 -57 -37 -17 -33 33 80 83 -15 -15 5 -54 -97 2 -97 -37 88 -89 14 -55 79 30 54 19 23 -14 32 -69 35 -37 84 -49 35 51 93 14 57 -50 -21 -55 69 -46 44 -43 -11 45 -33 73 47 26 24 84 70 84 -92 32 -23 -66 11 -60 2 -37 -1 -46 47 8 98 -5 46 73 -61 -53 -5 -2 -77 74 52 57 -18 17 -81 99 -61 -5 -46 -42 84 80 -68 -10 82 76 -62 -6 19 44 -45 28 -64 29 -81 -88 93 63 -8 -20 -80 55 68 -70 12 70 -86 66 -97 82 -86 11 7 -30 -9 70 -45 10 -51 59 -83 95 40 -45 53 -52 5 53 -9 -31 12 -87 41 100 15 82 37 83 -48 11 -73 -68 -75 35 98 76 -28 -4 -47 37 65 -80 35 -51 -20 36 -9 -43 23 98 87 34 -95 37 4 55 -24 -98 -95 -70 -18 -27 11 -51 60 -78 -13 71 -98 -30 -57 -100 -72 70 -7 -42 15 -2 9 -22 76 75 -55 3 45 1 60 -43 -92 66 54 91 45 -80 -91 -26 -97 78 1 85 11 -26 -77 -33 81 70 75 -4 -96 -73 -95 2 11 -67 60 43 57 -38 29 -56 41 67 -4 -7 75 -47 -79 6 4 -44
-18 -74 -64 -14 68 80 54 -51 64 70 70 -85 95 -95 4 11 -14 85 48 -33 30 53 9 24 -18 -94 7 -41 -8 24 77 -15 39 12 16 23 1 -44 -89 26 5 60 -79 43 -42 24 12 -79 1 92 -66 -54 -54 -35 78 -52 -57 23 83 74 1 76 41 35 -60 17 81 44 36 -10 -21 80 60 23 78 -7 6 -87 71 68 92 -27 65 -42 2 26 -15 46 86 13 -46 65 18 -85 -46 -73 52 -31 58 49 2 28 -69 -5 92 4 15 94 -48 -61 -15 83 21 -11 87 -7 -82 -85 66 -1 -64 -46 23 79 -8 58 14 -35 63 29 -49 -27 84 9 15 -89 -44 -50 52 85 -86 -86 -33 -2 66 21 57 87 66 -12 45 -81 -62 74 -36 2 7 88 1 -21 31 14 -39 -66 95 -62 -95 -62 -29 29 -12 40 -10 -19 -93 -89 92 24 -61 -92 16 -25 36 -12 83 98 -93 70 -50 -13 -18 26 18 -99 -77 -15 41 -73 -20 45 79 42 15 16 82 -75 90 23 88 42 63 -97 -11 -45 19 72 -19 48 2 95 7 -68 -48 31 15 -16 -94 39 10 -95 76 66 -69 -37 -50 56 97 -17 87 75 -55 -70 71 -80 -32 -20 32 -17 -82 14 -22 -85 91 74 77 -69 -11 3 -91 80 70 -49 91 -5 -87 53 32 -17 -45 50 -89 14 62 -77 22 2 30 -80 -48 -3 43 -68 46 -32 -41 69 79 29 -37 78 -75 -85 93 -42 -13 99 48 9 39 -50 24 -64 33 -42 -19 98 44 5 70 25 5 28 -99 38 -100 62 24 -87 -79 3 54 52 -71 -19 93 99 -94 29 84 34 -72 -14 100 59 -85 44 -50 -15 54 -1 2 -13 19 16 52 -39 -58 -19 -13 -39 2 -6 -100 52 18 -79 -30 42 52 -80 18 -69 9 -81 -23 71 20 -80 53 33 -43 8 -85 -49 66 40 14 60 70 -72 -33 13 -78 -64 66 -71 -9 50 -57 -21 1 32 -67 -88 -65 -19 91 -32 54 6 -94 74 -53 -56 89 -97 -4 -4 -55 -93 -20 66 61 81 47 25 2 31 78 3 82 70 31 -73 68 15 91 21 -8 64 -57 -97 100 -87 93 46 -2 -83 -99 95 93 7 27 -13 85 22 19 -23 93 -36 -53 70 -32 1 -58 -6 -13 -81 -48 91 -74 62 -4 10 49 23 98 94 -13 96 -98 30 8 -52 -66 -72 -9 -58 -92 78 50 -11 -81 -14 26 -79 -66 -42 -5 38 -16 61 83 66 52 -60 -88 -53 -3 94
31 74 -92 41 23 68 -87 -50 35 92 -45 97 -41 87 57 -65 10 -63 36 -57 -2 28 25 90 -29 -32 95 51 -63 69 70 55 51 -85 55 -90 -28 -2 56 15 64 48 3 93 81 16 -57 -14 27 92 36 -89 87 18 -66 -67 -72 50 41 36 -30 -90 -13 48 -8 40 -17 21 -6 -41 -93 13 -88 64 -4 20 60 -36 -92 -66 36 65 -76 -8 -14 -85 -31 5 -3 -80 50 -98 62 -31 -58 -24 60 -93 10 97 68 83 59 60 53 95 40 43 24 0 -96 -75 59 42 -64 41 -98 67 50 -31 -27 -18 81 63 50 78 70 -4 13 51 20 -33 -17 86 -73 51 -84 -14 24 57 40 -90 100 97 -1 -1 -83 -29 41 -13 -22 -27 -27 92 -48 -65 -47 -13 -17 -87 -9 92 -66 26 -10 -41 -89 -85 -18 -60 12 48 -4 24 -1 -52 -26 46 17 59 -44 -70 -51 58 96 55 -33 24 -39 31 -17 -7 52 -54 -95 -57 -94 -12 45 -66 -13 -15 -38 22 -35 -50 50 2 -15 -69 44 64 32 23 96 100 66 -40 54 15 -36 -10 -21 -100 -76 -13 79 -61 40 -63 60 -6 -10 15 -100 72 5 -87 -14 16 90 -47 72 45 18 -50 77 -93 71 -87 -42 -21 55 64 9 -45 -29 35 30 87 54 -16 27 -24 71 69 -34 97 74 12 -65 14 -13 97 -54 -9 -97 62 98 -78 3 15 12 97 66 12 51 1 -98 -5 62 -82 94 -44 -59 -37 -84 67 100 -22 -10 68 73 -3 51 16 -52 -72 20 6 -43 6 -83 -82 -94 -65 60 -15 51 1 -78 -82 57 55 20 24 -64 3 43 81 -53 -83 97 88 -80 -54 59 -64 84 23 -24 25 -87 5 -86 77 -38 65 -59 -89 51 -62 -15 73 8 -96 -33 19 -86 -97 78 35 -3 -78 83 -96 33 -90 -84 21 -46 -65 42 42 -83 78 31 75 67 56 -59 -70 -63 -2 -75 8 23 7 58 72 90 -45 -20 -12 -39 -22 41 75 -73 -100 -68 -50 -86 -14 77 -28 32 69 95 10 -69 -60 -42 45 -77 16 -63 -91 -6 20 15 -64 -12 -43 46 -52 -96 43 -64 -87 -42 -23 78 -63 88 -51 84 -64 11 98 -18 57 18 51 45 0 -6 -41 87 64 69 52 70 -16 54 -86 -58 -93 -75 6 -8 54 -46 -3 35 100 53 37 -65 -23 -61 35 33 91 31 56 -51 54 -92 -39 -50 24 43 66 -5 -79 -47 -33 0 -2 -60 69 -57 -85 -75 -48 -22 62 -45 86
-82 -47 99 -5 3 8 39 -16 -50 -30 43 -14 -43 88 97 -44 50 -28 -25 27 55 -14 45 89 15 62 -6 2 1 -62 -78 -36 -5 -3 -6 19 37 62 46 92 -70 -47 -63 26 -99 -78 -10 63 -61 -69 -88 -27 52 -63 32 92 70 28 -55 44 -32 32 66 83 -70 58 82 37 -45 23 -55 -68 52 -41 -82 21 -88 54 -22 47 85 -78 -38 90 36 14 21 92 -34 88 -94 -53 -2 89 98 -86 -42 78 26 -18 4 70 -18 -18 -4 67 -76 -70 24 71 -31 94 37 -30 44 -78 -68 95 33 0 23 80 7 -57 -5 62 -72 95 2 -46 45 -32 96 -64 -25 -90 -28 -50 59 -9 34 -40 18 -65 -37 -8 92 -80 -90 36 86 40 -78 50 -88 -26 74 -29 52 -19 -37 -57 -13 72 42 40 31 -72 -6 -31 20 -54 -79 -64 -19 77 -79 -99 62 40 85 -3 23 91 96 95 -83 -85 -98 -34 -4 -79 -69 84 19 9 -97 -94 10 12 -70 38 61 99 -76 -40 -19 58 64 78 -42 49 -60 88 -2 27 9 25 -38 57 72 70 -54 95 -8 90 57 38 3 30 -43 48 -39 78 -52 -63 7 99 -13 71 27 -77 55 -11 34 30 3 -1 39 53 -94 98 -79 -88 57 -53 -42 25 -5 11 30 -80 -98 78 -61 40 29 72 52 68 -54 -60 31 96 -40 84 37 7 24 -89 39 14 19 -38 13 58 25 -45 18 -37 -30 -91 31 42 -9 65 64 2 22 32 -75 10 63 42 -22 -88 94 -85 -51 71 69 -86 -27 -17 26 -53 -45 -83 17 47 82 92 -52 -75 46 -42 -49 -9 -18 -29 11 83 25 -35 -81 -97 -50 62 -84 -25 81 6 -99 5 13 -89 50 -2 -93 93 -43 34 80 -15 -66 -27 -26 58 -32 51 49 -52 95 -97 -36 100 12 -35 -88 68 12 -86 65 -55 -32 49 62 17 9 93 -83 -97 -75 87 -86 40 -3 -44 -79 79 33 47 88 -54 92 93 87 -97 26 35 -25 33 33 75 -11 -45 13 -12 12 63 16 28 34 -48 56 -14 -53 -96 10 38 64 -34 33 19 -89 8 70 29 66 -15 88 37 96 31 82 99 -97 -40 55 -40 -55 12 -81 88 -73 59 47 63 -68 -9 68 -20 -4 -40 35 3 6 37 16 -93 -47 -66 4 -54 4 -28 22 -12 -6 -21 90 -32 -41 96 56 72 13 -41 63 -7 41 -8 60 26 64 85 -16 -88 -42 40 -67 7 -25 62 -21 -55 62 -7 -27 -61
84 58 -56 -46 79 20 96 58 -96 -55 34 -53 37 95 -37 -95 26 -76 19 27 46 -63 -13 70 56 -81 -81 -32 43 -39 -19 -53 -90 -2 83 43 88 -65 -12 100 -15 -55 -96 50 84 35 -33 15 71 -56 49 -77 32 83 3 3 91 28 50 -33 -75 62 24 29 -62 41 86 -66 64 -76 9 -27 -54 -45 -78 77 86 -27 70 23 -50 27 39 -26 -70 -47 57 100 -2 76 23 -53 -87 25 -86 34 -32 -92 9 -22 -68 -95 -71 24 -88 -2 -9 24 -62 55 -1 51 73 -12 -72 73 13 25 28 0 -9 98 37 84 -98 -94 -12 21 42 27 85 27 -92 49 -89 7 -97 11 -21 -25 -27 -49 -72 82 44 96 -39 8 -16 -36 -79 -77 55 26 22 40 70 63 12 65 -71 -64 -9 38 -98 56 30 -100 -33 -73 -2 -23 52 -6 46 -25 -66 -46 79 31 -99 -59 63 16 93 4 34 29 35 20 40 34 -11 77 80 70 -61 27 -8 6 2 -89 -69 65 29 -2 81 79 59 65 37 9 64 53 76 -20 11 56 3 83 76 -83 69 -20 -35 53 75 -53 -90 77 99 -52 82 -68 -32 88 -61 -4 -24 78 -98 56 15 -94 48 -50 11 -3 1 87 93 69 -41 92 40 -60 -9 -88 -44 20 -96 -25 -34 65 70 -60 51 -12 -1 -19 -54 -48 5 -87 -72 11 62 42 31 50 72 -66 90 73 -57 96 57 -62 -4 -25 58 -28 -33 -80 23 49 -34 -16 -89 -12 -15 -38 -99 77 -5 -9 -49 -20 -17 -8 29 96 16 -10 -77 59 -91 17 -57 -37 40 7 99 62 -44 43 -34 26 -4 42 -53 -58 -21 91 31 0 14 -79 61 -58 21 -70 2 93 -60 -38 -12 -26 -73 -90 -10 -88 18 -88 -20 -22 96 68 -38 76 -59 57 71 69 86 -94 -17 -84 -75 62 -40 -6 90 59 99 -70 -6 -26 -95 4 -28 16 -68 -16 86 -60 66 76 76 36 -29 18 19 16 -91 47 -7 19 -55 -96 -28 21 8 -53 10 -6 93 -98 -51 -24 -93 -69 13 -42 -38 88 33 28 -80 98 94 95 40 78 -26 -89 -86 -21 13 13 -32 -83 3 34 57 95 -94 -67 -55 -88 -41 83 -64 -43 -49 -37 5 -93 56 -70 64 40 -54 71 -47 -61 59 68 -93 -47 -54 80 20 -31 0 -75 10 0 17 -19 -11 59 -2 -24 -81 58 38 -56 0 -46 -6 16 97 36 -30 56 -32 46 -44 -79 44 -39 -17 -53 -95 -87 -91 -36 -64 -47
48 43 -80 34 60 -89 80 33 -78 6 83 -8 -74 29 -30 -66 -70 -29 -25 -59 69 -18 -26 44 68 -94 -11 17 5 -93 63 51 -79 59 -15 -49 96 -2 -24 -98 -72 -70 -86 -27 22 -5 -81 96 31 53 5 -5 -86 29 -55 -40 -11 55 -27 0 97 75 49 -63 7 85 -40 52 91 -16 67 11 17 94 63 -62 27 91 -32 6 46 53 99 -68 -39 16 -6 -11 0 -97 -80 -93 91 -19 -3 -43 75 -36 -42 33 -48 -81 -39 77 -90 17 -45 -45 85 73 82 52 92 -11 29 -57 -76 4 31 -61 -87 81 9 -99 -34 -52 59 -1 52 -32 4 -23 -97 -18 59 41 67 51 -35 -58 2 45 -28 -93 35 -73 38 26 43 86 -67 -77 -76 40 -85 -63 -45 0 89 -33 -88 -76 79 68 -86 -73 -91 95 -51 -43 64 87 11 -63 18 80 86 25 -13 34 41 99 -86 56 80 15 10 -61 -13 44 -70 -75 -49 1 -7 -47 24 20 68 -74 53 73 1 26 -59 -40 15 16 13 -55 -31 -40 7 -99 -43 -34 94 54 -16 -13 -37 -74 79 -31 -93 33 43 16 -79 89 -53 64 -58 59 -99 99 -44 40 94 60 -90 -42 -31 -1 -6 76 0 -43 -4 18 -2 12 67 -33 1 29 47 94 14 30 21 49 -90 -12 -83 -57 -88 -33 66 -18 93 94 -34 76 -32 -34 73 -35 -73 47 12 -49 -73 -5 93 39 -62 21 -18 -26 -87 59 21 99 -71 -99 13 -30 88 -44 -27 35 97 11 16 97 71 56 -98 58 -32 -58 7 -97 -18 42 -43 -16 98 91 89 93 -47 -29 -96 -97 -5 -14 52 81 84 -93 -24 -69 84 -5 -75 8 -24 -30 -63 -39 -96 12 81 -78 86 57 -66 -92 25 86 -11 22 -40 35 -80 -50 49 -48 22 -28 -65 2 85 90 4 -97 6 7 78 48 -25 84 -16 81 -62 27 -62 62 -81 58 -36 -10 19 -92 -57 -33 -85 -75 -98 -7 -18 -75 -43 99 9 -36 73 -68 22 -27 -93 -42 -45 32 -18 -3 -9 -60 -78 -6 -36 -38 100 -16 76 89 -22 -11 -32 -97 -92 12 57 -41 -38 -4 -93 53 -100 42 -18 1 -31 46 83 -1 -42 29 9 78 64 68 100 19 40 53 39 -12 36 36 100 70 48 44 -88 38 66 -66 61 -90 84 2 -52 -40 -56 -4 62 -86 87 -56 -47 50 37 54 -23 12 56 59 65 52 -43 69 44 -2 6 -63 80 -36 75 39 -43 -63 20 -52 -48 -29 -62 43
-71 -87 45 22 -45 -40 -47 -34 -67 22 -26 -9 -89 51 -98 95 -1 -56 -86 33 41 15 -36 -55 54 56 -49 62 50 56 -51 -79 18 62 -10 -98 -35 15 41 53 19 -42 26 32 75 -60 -7 92 -29 -97 29 19 3 35 53 76 65 9 76 -19 -91 69 -49 -77 12 -61 -17 -25 11 48 -5 14 47 84 -69 45 22 47 69 95 -17 30 24 61 -1 35 38 23 -86 -61 -10 -97 -37 -67 26 92 58 -48 52 -56 -75 74 87 -58 59 -11 25 51 -74 26 -15 33 -11 79 -100 -83 58 28 43 6 -35 -63 19 -77 25 62 -9 -12 20 99 -21 -15 65 -100 -97 -4 47 32 -66 54 -35 45 25 86 31 -12 28 -91 16 93 92 -36 58 100 -84 -1 25 -27 -24 97 66 -47 -31 86 10 34 50 -97 -10 40 9 -38 70 -54 91 -87 40 -87 -26 -21 -79 12 -83 -77 84 0 12 -65 2 -71 22 -89 0 -3 -31 -85 -13 79 50 -94 -5 -39 -28 18 -59 18 -57 -2 -7 32 -87 -24 55 -51 51 28 -72 -29 -91 40 -69 -14 83 2 -28 43 29 -57 56 -45 26 59 -3 -16 -92 -59 -53 95 -52 37 -63 -52 74 59 92 93 80 -44 -69 -45 -45 5 -19 0 -89 -27 96 -57 65 -69 75 95 8 -61 -24 -64 -28 98 -33 -54 7 50 -27 -20 -30 -28 -48 14 57 -10 7 94 34 -40 57 28 60 -58 39 -22 -98 -91 10 -71 -72 -74 56 38 -19 39 68 71 -23 -27 62 15 87 -92 42 68 -48 63 -51 87 46 -6 56 23 61 68 -66 0 -40 -15 -88 -8 21 30 -18 28 82 -47 46 -5 48 -57 -2 -24 98 -33 47 -44 -48 1 -15 19 -55 -1 47 44 49 -34 -44 20 17 -83 -12 62 -69 37 -18 71 -13 51 89 51 -51 -22 -97 28 -73 -60 29 42 -95 -51 62 -47 -32 -15 78 11 -51 30 92 -92 47 82 -55 44 78 93 6 -75 -32 30 44 -64 23 -31 -52 63 61 -97 43 86 -86 83 37 94 86 -45 6 -35 50 -42 -22 55 -48 6 61 -21 1 -76 52 -57 67 41 29 -5 82 76 59 -87 -44 -5 90 49 -40 -96 -53 -87 66 82 -76 -32 89 29 -71 7 94 -48 92 5 21 29 -23 73 -62 -87 13 85 85 -95 38 14 -84 -28 93 -63 55 35 71 -8 -38 2 61 66 -59 37 80 56 -15 -52 14 -4 -32 86 -67 -1 88 -11 -3 0 -98 14 52 31 25 56
-15 78 -61 -22 -27 77 -10 79 56 34 -54 -9 22 47 39 -73 -21 -21 -75 -76 -57 8 6 38 -45 -18 57 85 84 -1 56 84 -45 96 49 -83 -96 86 92 -32 -61 -45 84 96 53 -42 89 37 -77 -74 -78 27 -36 -4 14 36 50 -94 -52 -86 33 -49 -69 -13 86 78 57 52 53 -91 38 32 79 -48 18 -60 20 4 -29 73 89 -5 7 42 55 29 -12 -89 18 35 53 2 -29 25 90 48 -8 -4 50 -70 -24 -17 -91 -54 -100 90 98 85 -44 -19 -48 -18 48 20 94 99 69 -73 -100 -88 -24 60 -83 -19 -62 -43 0 -91 13 -72 -86 31 -38 36 -51 -92 51 86 -51 43 59 3 -62 17 -85 56 -41 48 40 -5 -79 -72 -10 -85 -4 68 -1 -70 -59 3 22 64 -70 50 30 3 -84 78 -30 51 -84 -86 70 79 44 78 -11 13 11 56 -11 -69 -22 -21 48 7 90 95 -5 -92 -29 54 -78 34 -74 -52 96 80 -25 -67 26 -85 82 -71 15 -64 7 -3 -52 -5 33 -85 -98 -35 37 -52 -93 -44 -49 11 70 80 -36 64 34 -98 -43 -47 24 69 -7 -2 87 38 69 47 -50 -86 42 34 -76 -91 -91 52 79 -34 -41 -29 81 100 -41 -3 68 -6 -36 11 67 77 52 73 -78 -96 41 38 -90 -85 54 26 -13 40 61 60 -13 21 15 -87 -36 45 44 -20 37 -17 -20 19 -65 -58 -77 -49 87 90 7 -100 53 61 -70 2 -74 -8 -83 -19 -13 -55 -1 -80 -53 -2 -94 6 83 91 49 34 40 -75 -7 -87 39 96 -29 -84 -72 14 -66 73 -80 45 93 -21 94 7 -49 37 57 83 -69 -50 -57 19 25 31 -22 37 7 -88 74 46 95 53 46 -1 -52 -60 -27 68 -65 10 60 0 -78 5 68 -8 67 64 55 6 94 95 -34 66 -99 -19 -60 45 -34 68 17 43 18 68 -1 -75 44 90 71 -14 7 49 -68 -5 -34 -88 99 -38 -33 1 -89 73 -67 78 -79 -11 76 26 -43 14 67 87 18 80 -70 34 -45 -89 -32 -90 -41 -34 -82 -83 -8 5 71 76 -18 -36 -84 -98 -82 -57 -40 27 -50 -61 -60 -12 83 -16 -97 9 99 -10 -79 18 19 -63 -12 -46 33 66 64 -34 40 41 28 8 69 -61 79 28 -9 -87 12 -14 92 -98 -7 83 50 -57 -81 82 36 -80 -88 -59 2 84 -31 81 35 -48 13 0 -1 2 46 87 52 -18 -31 47 -25 60 90 98 71 -65 50 -96
-56 -36 -52 -68 22 -60 27 -11 24 -71 51 -77 56 29 75 58 -27 -58 -87 73 48 -46 -19 -81 -55 21 73 26 -90 -25 0 -40 -100 -52 -58 96 45 -42 -61 11 70 -49 -76 34 -17 -46 -15 12 36 -64 17 33 87 12 95 61 7 93 66 69 46 -45 -87 35 -92 16 63 -29 -89 68 27 -7 74 20 89 38 -92 -40 -5 23 24 75 34 73 56 19 -37 37 -58 99 -31 22 72 -21 -58 9 -9 68 86 -54 71 -50 87 -30 -48 14 -14 -29 30 -57 -32 73 -30 77 -88 24 8 28 11 16 58 75 23 23 -14 23 83 -16 -72 -63 -74 -80 -86 1 74 15 -28 -93 -46 45 75 -98 4 29 70 21 70 85 3 -10 -44 31 54 81 95 -31 -27 -63 84 85 9 -29 -11 -39 4 77 -16 -34 73 3 78 60 71 -45 75 18 -87 30 -2 76 -86 -52 54 18 -22 -83 98 -34 -84 78 -82 94 -44 -58 31 -61 23 62 7 -86 -92 -31 94 -43 40 38 -90 -8 49 97 12 -75 -97 18 -36 -100 89 -56 24 54 -10 57 -33 16 94 90 26 -63 48 29 -65 85 -15 -42 44 -92 45 -79 35 -50 21 -42 46 -21 -91 -85 21 58 68 -47 -30 50 -86 51 88 -72 94 -55 87 11 12 59 29 100 -3 -55 -60 -28 2 -48 -10 84 64 11 12 49 -37 -7 -71 -25 2 58 -7 -80 38 92 -32 -74 -11 96 16 -67 24 69 88 -88 31 83 25 -98 73 -73 -97 -46 96 32 -8 -46 67 -57 -68 27 98 35 -87 63 76 43 84 -42 24 71 71 -80 -46 -36 -72 -88 -21 -56 14 2 -77 73 99 -62 -14 0 65 92 7 -27 8 21 24 -81 19 13 -95 -23 -23 89 -7 43 9 -87 41 -5 99 -11 77 -64 83 -66 25 55 25 -24 82 41 -38 -41 89 -79 33 -58 66 43 -51 0 -85 -37 -3 -85 18 -12 -72 -99 34 77 -75 15 6 -59 38 -17 -55 82 49 -30 -84 -67 35 35 80 -84 15 45 51 -72 -59 66 -57 -19 -93 -77 82 75 -78 48 -61 46 -19 -40 -59 13 15 54 -24 75 -87 -67 -99 57 -68 9 -9 79 5 -38 92 -99 -82 -53 59 -16 -24 32 -29 9 -60 40 -10 -65 77 -97 77 93 -49 -97 95 -64 49 -5 -74 20 49 13 -40 -100 56 -23 -49 33 18 25 56 -62 6 71 -51 -4 -98 -49 -66 47 69 30 4 27 58 -44 -87 82 32 -46 66 -79 -98 9
-34 -36 -41 81 95 -93 -19 58 -88 18 12 3 -81 -98 -10 -56 88 13 54 1 19 86 16 -24 99 71 81 -99 97 43 -77 88 83 -50 -78 -3 -27 69 79 95 0 -61 -42 21 67 45 -57 -49 93 84 64 1 -86 -57 4 88 -58 -99 -65 -100 87 61 23 18 100 -54 17 37 -77 4 1 74 -48 -15 -92 34 5 -100 -64 -59 60 97 -32 -42 -5 84 -55 -99 82 23 -28 -71 -66 14 33 57 41 -51 -2 17 -29 -95 12 -77 30 -43 -22 59 -69 -1 -97 16 -100 -67 -62 -85 -18 52 87 78 -95 -1 94 67 78 57 97 83 -49 97 -96 59 41 -11 -2 77 92 -8 -52 -91 54 35 38 75 53 98 0 -53 -18 -43 -27 1 -93 42 86 17 1 -52 -23 65 -5 -19 27 69 -76 20 68 -86 -14 -4 62 -88 54 76 85 99 -50 46 -67 -18 0 -22 -94 100 -80 -39 64 72 -63 56 17 62 -78 -89 6 -62 13 62 -18 15 -61 71 -68 -91 -85 11 -11 -2 -63 0 -71 -75 68 46 -86 86 -53 -2 -88 -62 -97 26 50 47 -52 43 -53 -27 -87 62 -82 -22 -52 19 -47 64 -32 69 66 98 -78 35 -64 -5 -3 -3 -98 97 -55 -45 -47 -11 98 -33 9 -41 25 -25 18 -86 24 -92 38 62 65 84 -84 50 69 -44 -56 -62 -72 64 67 -36 89 -2 -57 -25 -51 -86 -100 52 92 -83 96 53 29 -22 83 -52 60 -67 95 -5 63 -33 -96 -31 -2 -63 -95 -86 -19 5 -81 78 -44 98 -12 92 -8 69 42 70 45 -74 68 -63 97 -84 30 -46 48 40 72 47 -59 75 -29 38 -27 63 -3 84 28 -18 97 52 -8 -68 -10 -82 -2 -42 43 55 -28 -92 11 6 20 -80 -58 -87 -74 -4 28 -73 6 -37 -59 -88 32 -76 64 -91 -64 28 -93 -81 14 5 34 70 12 -94 43 43 60 5 37 -40 27 95 -52 63 47 2 -72 23 -89 -26 -44 64 -32 63 -49 -80 -57 84 -60 -6 -77 55 81 -63 43 76 19 30 -94 -56 18 -29 -13 75 -73 -15 72 46 63 -39 52 76 92 22 27 69 96 98 -56 -58 -59 -15 -37 31 -35 56 100 63 -68 -95 99 -80 67 -45 -90 62 -95 -76 -81 9 13 -33 -6 50 100 35 47 70 80 -18 -80 51 10 22 -5 58 93 -57 -44 64 -18 -11 53 -53 89 -100 -69 54 36 63 67 -80 -73 -26 71 -95 86 6 -71 -64 41 -93 100 1 12 23
98 -52 96 62 64 -16 -57 27 79 -70 48 -30 -56 -55 8 -27 -16 40 47 -52 68 50 83 54 78 10 -32 10 -46 -53 98 -74 -55 -75 92 87 28 -89 80 35 -27 -36 -53 13 55 62 27 86 -60 -14 60 39 43 3 64 60 -42 12 15 -77 -27 -14 -92 80 -42 66 30 19 -48 29 -58 65 -24 1 91 -29 45 -49 -73 75 37 76 -42 90 53 94 -74 42 -93 23 92 -92 50 64 -19 -68 -77 89 56 -33 -46 38 84 -38 15 30 -21 35 61 39 -10 -81 -88 -10 1 -86 12 -15 87 -22 -26 -40 -39 -22 -5 16 -88 -25 70 -80 95 -71 -81 -91 15 49 -69 61 67 24 -44 43 29 -71 9 -72 76 -18 -45 75 -36 6 -72 95 -32 -31 -39 88 39 42 -14 19 -12 62 -53 73 45 -37 81 94 77 -75 -56 -70 29 -28 18 8 -30 -5 -98 78 -74 -46 -90 96 -10 -81 -96 -65 -88 -12 7 -27 -16 -15 -79 86 72 -63 38 72 63 -64 -53 -37 78 84 57 61 9 4 80 -37 -90 -80 -26 72 56 -8 4 -41 -60 -36 5 10 57 7 29 44 -74 30 17 91 -9 48 -4 -86 88 92 -59 -30 47 14 -98 74 51 30 -63 39 82 61 -71 -79 -25 52 21 -42 -78 40 -40 10 18 28 93 -80 81 -19 -10 -39 85 -36 -9 -13 8 6 24 -5 -94 -43 -25 -57 -85 32 -7 -19 -55 -59 -36 -8 -17 -73 20 -55 -12 18 80 -62 80 85 -22 6 -12 -84 59 -31 -88 96 15 46 83 28 26 31 60 52 -51 -90 26 -55 -59 27 20 -10 41 30 -46 -1 3 27 -63 33 49 9 -100 -37 58 98 22 36 -29 85 -47 6 34 33 -8 37 -86 22 -55 -9 -97 9 -59 20 32 74 -74 15 36 -48 33 63 -28 57 32 48 -48 86 25 -45 -35 5 45 -35 49 35 33 -82 13 58 -13 -93 -34 32 -41 14 55 98 -66 -59 -21 -62 -5 -74 -61 -20 55 72 -81 74 -98 -39 48 21 95 77 81 63 -56 -81 -22 -91 -36 -77 -90 -91 -92 -55 -19 -5 33 86 -59 47 -26 -42 42 25 -40 88 98 -59 -75 -99 -46 20 -69 22 -17 79 -84 13 -78 -64 61 -64 -67 40 2 30 2 -95 -79 -31 48 -23 15 -14 55 13 12 -91 78 -33 55 35 -7 1 -99 30 33 96 52 97 -2 -2 -80 21 -84 86 31 -43 -23 42 22 -38 36 -2 -23 31 61 2 81 94 37 71 51 46
97 -80 11 -91 2 -82 16 -66 -82 -13 -40 25 96 -50 -16 -68 -82 23 -94 25 7 -1 62 91 71 51 -36 26 -75 29 -39 46 1 55 6 33 -96 -7 80 -38 -95 -53 92 56 -86 84 88 93 -83 -16 56 -39 33 -52 -36 -76 35 20 27 -97 -60 -39 -80 -72 65 53 -79 -89 -57 16 -8 -95 59 17 25 -53 -37 -62 56 8 -30 62 56 28 -20 -43 -44 63 -18 -12 -16 88 -42 94 50 -8 -44 -34 10 69 72 33 30 -86 -11 -9 -26 -46 92 -80 79 -92 19 41 63 -18 -13 -18 -57 -10 38 83 -54 61 98 41 64 6 51 42 39 18 -86 -75 70 -5 -54 -89 -32 90 -88 -88 -70 -55 -22 19 56 88 -78 95 -31 -27 37 -12 -38 -13 36 13 -10 -52 -19 80 92 85 73 69 -37 -60 20 1 -95 97 37 26 16 -88 -67 10 -45 20 30 21 -1 -58 -82 23 -69 23 -93 73 -5 5 -81 -100 0 -21 75 -14 65 -93 11 91 24 79 -11 -80 -96 56 58 -49 93 2 44 -19 68 31 -75 -72 29 -28 -55 -95 54 18 76 46 64 83 81 -34 50 12 -24 64 -11 75 -20 25 99 7 72 56 -7 17 47 -100 69 -95 84 -56 77 93 -65 66 30 -92 -100 92 65 89 11 96 -91 11 -52 -18 -80 -7 38 67 81 -95 -44 -87 -46 -81 -8 -36 -69 -12 -29 -72 82 14 -44 32 -47 10 15 9 -92 -78 18 -78 50 -6 -36 5 21 80 -54 -83 19 -43 91 -33 35 -86 74 86 -72 70 -69 84 -84 -12 -5 -33 36 78 -98 -36 76 75 -52 -61 -78 -99 77 -4 -19 -4 57 -37 -69 32 90 -90 8 2 41 -43 -75 -60 79 -55 62 83 -26 5 19 -39 -38 18 -68 -50 -57 -28 4 11 71 43 13 7 -94 -27 96 47 95 100 -51 54 -77 21 53 -35 83 -94 -84 -26 69 -46 -86 86 33 7 34 -89 -21 89 -49 -25 -20 54 -7 89 -80 3 -8 -25 7 -47 33 -4 -84 -25 -32 -32 -21 89 -79 -9 -92 -78 13 -75 7 48 23 84 16 60 39 -75 -78 -93 -29 -77 53 83 16 66 73 -71 -37 98 71 89 99 -82 14 16 -1 -84 56 -16 78 -76 -74 35 18 -9 94 -95 16 -55 -52 -51 -81 19 44 -40 11 -62 17 -82 49 35 -41 -63 -69 -88 63 -93 -86 57 -79 -91 4 38 -89 74 -1 -65 -70 -9 92 59 -62 -46 -92 83 76 64 -57 -70 53 31 -88 34
-80 34 -88 -29 45 1 -75 62 32 -5 7 -43 56 23 27 19 45 -42 43 93 6 83 -59 45 74 -4 -10 -89 -68 47 54 -84 94 48 -81 -57 -57 -36 50 -75 96 -21 -41 26 29 -64 -65 -9 51 -86 -22 32 30 42 99 -87 -20 52 53 30 71 -89 -62 29 83 68 85 -97 -21 83 -100 -13 43 73 -62 47 -100 57 35 65 95 -62 -56 49 58 71 59 5 -62 -71 79 32 6 39 64 -29 -23 4 -91 70 -87 -83 83 -7 -46 49 25 96 -89 61 -28 60 -55 -38 92 7 88 -44 -32 19 -35 90 -83 100 -9 32 -91 26 1 -84 22 -9 70 79 37 89 99 -5 43 -29 -95 70 24 -95 19 -3 92 -10 -61 -54 -44 -13 -68 -10 21 21 90 31 97 23 -44 -25 92 -35 64 36 -68 -2 55 36 28 -34 -73 -2 -3 -19 -7 -97 -23 -4 68 24 -20 94 43 1 -58 -31 -11 -29 -36 87 69 25 -4 42 -69 6 2 100 -72 47 -45 6 -94 -7 -4 19 81 43 -37 -31 -48 90 48 -73 39 51 49 38 -4 9 -65 14 -84 50 -1 -76 -96 3 58 44 -39 81 5 -59 88 4 85 -25 -22 84 95 -37 -14 69 -8 -47 -54 -35 13 81 -89 47 -43 59 -46 31 -82 6 -94 72 60 73 50 4 -48 -29 -72 -37 50 4 11 -7 34 -83 52 -2 20 -80 9 -11 -63 -34 -81 86 15 -81 72 8 80 86 -18 -22 96 -15 43 1 -27 23 -89 50 83 55 -80 75 -14 -59 -17 -78 -5 -79 -54 19 -23 -28 -17 -16 -75 -68 85 42 -57 -1 52 -37 52 13 -50 -14 43 -44 18 -62 -58 52 -5 8 94 99 -91 -56 58 -76 -37 -14 -6 49 -32 -27 28 63 17 96 26 31 -33 47 75 51 53 13 -68 -26 -99 -84 20 -96 70 81 -74 -82 -67 58 40 -97 53 98 -97 -45 66 85 58 65 -74 -18 -80 -42 98 -27 80 -63 -51 81 -72 99 -44 -36 -68 -26 -11 52 -95 -71 -70 -32 -65 76 7 -9 87 -50 -32 57 -38 -46 -44 -3 46 -71 -98 64 100 -86 34 100 -55 22 47 -48 -53 -74 32 -37 10 -95 35 -15 83 76 66 45 -100 -83 80 -49 71 42 11 51 44 -19 78 -9 -74 45 -27 23 88 -98 78 -95 23 -55 -85 -64 12 -82 -42 -89 86 80 98 53 -79 -50 -65 13 88 -36 -46 -81 -8 -94 65 27 43 38 -13 55 41 73 67 66 -32 44 47 59 71 55
16 68 26 67 -54 0 -49 -87 -58 81 72 55 65 64 -47 100 -4 41 -18 3 68 -3 -82 -72 -92 -26 -18 13 -93 87 -62 86 63 -2 -13 -30 -35 -47 -95 73 -79 -53 -15 38 43 58 5 -64 -92 65 -85 32 -26 89 37 -50 -79 -84 79 -16 -2 90 -28 -59 -51 -40 -58 -35 -33 18 71 -87 9 -42 -86 38 99 46 31 48 -20 75 88 84 95 56 -38 81 49 -34 -17 83 -66 -90 13 -47 43 29 89 -93 70 -56 -76 -24 64 30 -18 10 16 56 63 -77 46 -6 -31 -7 -27 -42 -53 45 41 97 -49 -52 -65 82 -99 6 61 -85 96 -14 -60 47 18 16 3 -42 72 -30 -94 -44 70 -22 -40 34 82 41 100 69 70 -4 -86 47 87 67 54 33 -65 23 -51 -97 91 27 29 -34 82 -97 -72 -16 93 -65 67 17 79 -30 84 -30 -9 50 -47 63 67 -26 57 79 80 22 -89 -7 -57 -70 -100 57 -20 17 26 26 36 68 -61 -59 63 24 -80 11 49 30 57 79 -88 95 -8 85 -60 -70 -59 -83 -54 17 62 56 -41 36 18 38 22 3 -37 -42 -40 -93 48 1 95 -19 100 -99 67 -20 -97 30 -18 -52 -92 84 31 73 12 -73 2 -52 -15 -48 80 77 -35 -25 91 -12 42 56 20 -100 -86 -89 66 -2 72 -79 68 -49 62 -91 100 -22 17 -20 25 18 -21 -11 42 26 -48 31 -98 -16 93 10 85 15 -29 -9 -31 77 25 -51 -95 -23 -32 92 -42 -67 -78 -96 39 49 -82 54 25 73 -25 46 48 -31 -67 82 27 -63 -23 -73 31 63 25 23 31 3 -69 2 97 -48 -65 14 -48 74 50 -77 -31 -100 23 49 -11 65 -94 37 -13 98 -1 13 -89 -31 -25 9 -62 2 -42 38 -21 -70 -2 -76 -22 28 -79 8 77 70 -41 -8 -67 89 85 -50 70 89 96 -39 34 -38 91 -97 -93 5 -19 -12 -97 83 24 69 -83 -73 -72 -64 80 -79 -18 -18 70 -4 83 -55 -8 40 23 25 98 50 -81 28 100 96 37 16 22 -8 25 -91 99 -15 92 68 36 80 -3 -36 -98 -89 -15 77 35 -65 -38 -12 19 -7 88 95 -42 -93 50 87 -37 38 3 2 -53 -58 -97 90 88 -80 -18 -97 -86 30 -40 -14 77 -68 66 -36 9 -34 40 -47 -27 -8 -29 18 69 73 -25 7 67 83 23 4 -70 -67 7 -15 -37 54 -30 34 70 -81 98 80 -66 53 52 54 -73 83 27 -24 -89 -29
83 -32 -95 79 99 48 56 22 -29 89 -97 3 -63 -68 -59 -17 -58 -27 -87 -79 61 99 12 -30 82 17 -53 4 48 26 55 2 -72 51 11 63 72 52 33 -22 99 49 51 65 22 43 6 97 -94 -46 51 96 -77 2 13 -21 93 -85 -56 28 31 14 -64 13 100 60 5 53 -35 -11 -70 -75 55 27 41 77 69 25 37 32 -30 84 81 53 -99 38 66 20 -48 -83 -58 -54 28 61 72 23 -45 8 47 -75 -15 38 -62 -7 -33 93 47 99 46 70 -20 94 -14 16 18 -42 -12 86 93 -17 -88 -71 2 86 -93 -56 5 94 -50 -35 74 6 -19 -6 -79 -80 -7 41 -57 27 84 -10 6 -4 56 73 80 -98 -37 -16 35 -1 -46 -97 95 -96 -8 -14 -66 26 62 -32 3 70 96 42 6 36 -99 -30 -76 38 86 67 -58 9 31 -68 -76 -94 92 -79 -37 8 -47 100 78 55 -95 -37 -88 -93 1 25 30 57 28 5 42 89 -66 -80 67 5 92 -12 -94 95 -40 -77 54 -14 90 69 13 69 -55 -36 0 -9 -78 -4 -41 92 95 71 0 -98 23 77 -56 61 -24 72 40 -31 -89 -55 -64 69 -95 -71 -22 14 41 89 82 63 54 -98 82 52 -81 -84 -60 -100 68 85 -94 -12 17 66 55 -62 -46 72 100 -8 -99 40 -49 26 27 94 99 79 53 80 41 -32 -3 64 51 -17 -70 11 -18 16 -60 91 -74 9 13 -90 -76 -30 80 10 58 -22 -64 49 100 -34 -90 20 12 -15 75 29 -36 94 -55 -92 98 -37 -51 43 -8 -61 44 -21 86 -29 75 31 57 46 80 -57 -88 99 11 -81 100 -27 -48 -33 -52 45 38 -3 -69 -13 79 -100 -45 -93 -57 -82 -8 82 -11 -78 1 -88 -10 -41 -29 -63 86 93 77 -92 34 -74 -76 -4 -44 10 75 -38 23 41 34 -7 -2 3 54 37 -60 -58 -65 47 -41 70 74 -71 65 -82 -88 12 -12 -36 -28 -35 55 -95 -12 -92 -42 -24 88 -2 -1 2 60 80 21 -12 -8 94 98 2 -23 0 -22 18 3 48 -92 -2 -31 -63 -22 64 -89 55 59 -98 -10 -29 60 -14 50 -11 96 -2 -33 95 32 -1 -34 -85 -75 29 72 56 77 20 -12 37 1 -54 54 11 3 10 -5 84 57 66 -25 -42 77 15 3 -7 22 95 -48 -59 -79 -93 36 10 66 -96 -6 -59 0 -17 39 -57 -51 -62 78 -54 61 -70 0 39 79 -45 43 57 -90 -58 -48 73
-97 84 22 -67 -33 33 49 48 -34 -40 -88 89 -51 36 76 32 -72 -1 40 -25 -39 -46 -44 35 18 8 67 -61 19 -95 14 -35 -97 -67 -37 20 12 81 99 -25 -94 -13 8 -34 -22 47 6 -85 -73 37 55 70 27 78 -34 36 54 2 -6 -97 72 53 2 -62 -22 12 -66 24 93 -76 -39 -41 48 -37 80 53 10 33 -45 46 39 26 77 -56 -70 -73 5 23 -19 93 28 -65 15 66 -97 62 -90 87 -21 -81 -27 9 -69 24 -38 -94 -57 86 87 -35 54 -3 -89 12 -58 -67 93 -41 39 78 -19 -78 -27 96 95 42 56 26 19 32 -27 -89 39 14 99 32 55 -15 86 -77 -90 40 -45 -6 95 -20 -15 92 11 -97 17 66 44 -29 52 -98 -77 6 -93 56 24 -68 10 -2 -67 -74 -94 4 -97 -17 29 -28 -29 26 -75 97 75 58 -1 -68 90 -5 3 94 -35 30 34 41 -64 -66 43 85 30 7 9 2 87 32 -30 -59 13 23 59 39 79 -39 63 -34 -64 10 71 -92 39 -98 41 5 -82 -72 -43 -74 -99 -90 -24 -75 -35 11 -13 -11 -52 -27 -31 -46 -62 -85 -65 -14 78 38 -99 37 3 4 -16 -62 80 12 -94 49 24 -28 -67 -51 69 15 50 60 26 -7 22 96 10 58 18 -18 74 -97 31 20 -16 24 -44 39 98 64 -36 -70 -79 -81 -62 -58 16 56 -63 80 24 58 -99 33 24 28 96 -38 69 -84 -53 73 -49 -96 -62 -50 6 -87 -79 -11 24 -75 48 -67 51 93 5 12 99 34 17 -69 55 94 -22 35 50 -100 57 -40 79 -47 65 -18 41 -31 -51 50 -99 -21 -66 -40 -39 -70 -15 71 -12 -89 -54 53 -16 56 51 -5 3 -91 12 -43 73 18 26 -37 -7 93 54 -22 45 34 -1 -41 -57 -52 89 -86 31 -8 -25 89 -94 -30 77 4 71 82 42 -76 81 31 -87 80 78 60 81 -23 76 7 -38 26 15 -18 16 18 13 35 15 75 61 -89 65 63 13 -69 -28 19 31 -97 -58 -24 95 -75 -92 -60 -57 75 -35 93 -55 -98 79 29 -4 54 -73 -3 31 29 15 45 -5 -26 45 25 81 -75 -60 3 31 -13 -77 -27 -57 -29 -41 -16 -77 -62 -39 37 -26 -18 94 -18 -39 33 -46 -65 65 67 -68 62 -84 4 -58 60 100 -13 57 -83 77 75 -39 54 30 -66 35 64 20 -94 -53 57 -11 -11 -14 72 91 -25 15 78 -13 69 7 6 13 -46 42 -8
-33 -11 53 71 92 91 -8 21 -36 -35 50 8 -77 41 73 24 -50 -54 48 71 -76 96 25 -49 -82 -41 65 -78 100 16 -35 23 -78 9 56 -5 -31 -78 -43 16 38 20 23 -45 39 -60 46 -94 -57 90 99 -48 85 -52 57 16 73 34 -97 -44 -17 -50 0 -73 2 77 69 -10 -76 -49 -8 -21 14 -93 -38 -32 91 -35 -19 -92 -62 91 -63 33 31 -62 25 44 -39 85 -76 1 -1 -83 26 9 76 58 26 -30 49 -62 58 -51 -81 -28 8 48 -2 -41 -71 -100 -1 -39 6 80 27 12 86 52 94 54 -76 56 30 19 -48 9 58 -33 100 65 94 -76 -98 -27 -85 69 -22 -7 -81 45 33 73 -53 47 40 29 -84 -44 40 24 -32 -22 21 12 98 45 -35 18 40 -47 92 -51 -19 -88 -51 -40 -35 21 23 9 0 19 -31 -83 -86 -80 35 56 -4 -55 89 -91 22 61 51 -89 17 17 95 70 -2 3 -27 86 52 -72 39 -12 -60 -82 -63 -20 -71 -32 35 -100 42 -66 -60 37 -43 -16 80 -57 66 -90 -52 -4 -29 59 39 9 32 -63 23 0 -72 95 46 30 8 -29 10 41 -74 -6 -51 12 -67 44 -46 41 70 -28 57 -83 -44 26 -21 3 -57 -3 -41 -49 37 80 -69 11 1 54 81 65 -95 -32 -29 -86 11 -68 4 -53 -26 73 84 -80 83 61 87 19 70 11 -41 6 -98 -98 1 -6 -69 -80 17 -33 55 -44 -90 38 2 40 25 60 -31 -98 -64 9 -51 27 26 -40 68 92 17 92 -74 64 -6 -67 -19 -89 27 33 90 57 33 88 -2 66 85 72 -32 91 -23 95 95 -4 -25 74 77 38 52 -76 36 52 97 -43 3 -31 82 84 -43 -41 28 86 43 -97 -76 88 8 11 2 -51 -88 78 70 2 46 -35 33 -63 26 -59 56 42 31 34 -61 46 5 51 -45 -87 -29 0 57 -19 34 13 15 -40 47 59 -86 20 -60 71 42 -25 -81 -65 -14 40 50 83 -36 74 -17 -62 67 -64 -59 -4 -3 39 -4 28 -59 -94 -88 -47 22 -19 30 79 39 -39 -29 -72 51 40 61 -57 -91 -80 -64 -79 -76 53 -85 -20 -8 -74 61 92 -82 -14 93 74 88 -31 -5 -27 58 27 -34 -76 -76 86 3 -67 43 -95 35 17 -60 -50 -74 -87 58 -14 88 72 -7 -41 48 10 51 85 -16 -12 -75 84 -14 51 -95 -95 20 64 -78 -97 -100 -81 -24 40 -7 1 30 -81 -54 -16 -20 -46
96 -50 -22 -31 -7 54 20 -22 71 -79 -77 77 90 47 33 -94 -90 -12 89 -58 -92 64 -89 -6 -55 -69 100 -27 26 -41 -53 -50 -88 -67 -65 64 -50 -3 59 40 -38 -42 87 12 -75 60 27 52 -47 18 -37 -58 11 -54 80 -29 11 -24 3 -14 44 74 60 -71 -94 54 63 -57 -23 -17 13 -56 40 -80 85 -39 55 -40 -61 80 -23 28 -74 58 13 46 61 0 66 -61 -87 6 52 77 -81 92 32 -56 8 23 -84 93 44 -44 55 -33 78 -74 56 24 23 61 3 1 51 -93 -5 -64 -95 18 67 56 19 6 12 89 55 -15 -50 70 0 54 -28 26 57 93 9 51 99 -86 87 63 86 44 94 18 27 -77 54 -64 73 -39 39 14 -23 73 98 -80 97 57 -10 59 -13 89 -11 -39 10 92 80 -41 14 39 -48 -23 -77 80 38 -42 74 0 -12 59 -7 21 -25 50 -94 84 84 -89 72 26 -54 93 90 -63 -13 -6 40 13 98 -63 -38 46 -33 47 98 20 -72 28 -47 -3 68 -51 58 41 -35 58 -61 -44 -29 -16 -97 59 -72 -36 -72 -11 100 91 46 78 -13 47 77 -22 -65 -37 78 89 61 68 19 10 95 -52 91 34 -5 99 91 -98 70 54 6 -3 17 -69 -28 -85 -74 -47 -11 32 55 -25 74 -89 84 40 29 -94 99 88 14 -11 -95 86 -76 -36 83 -91 -46 24 -35 66 -62 -49 -88 50 31 94 91 -11 23 44 56 -92 72 66 -53 -12 -51 -10 -70 -13 -58 -56 53 -65 37 8 -9 87 -59 33 71 5 13 -83 -96 -20 71 84 -99 38 57 -69 37 -30 -58 -51 -36 27 -84 -52 62 72 43 -2 -72 75 35 -51 -20 -26 39 40 -78 77 8 -96 27 28 -65 -89 79 74 53 -38 26 49 51 -36 41 -90 27 59 15 -100 15 -48 70 -55 -99 -26 5 -9 61 -87 51 26 61 81 -53 26 13 42 1 -60 87 -47 -51 20 -5 72 13 -83 -58 80 -5 -80 33 -99 -23 -98 -61 -66 13 -40 -17 72 -66 85 43 -93 40 -42 5 73 17 59 -92 -6 68 -48 76 -88 86 -79 62 -7 -83 -23 -53 24 -27 -87 35 2 99 -75 31 76 32 41 87 30 -33 61 -18 -92 77 20 -49 -74 40 -38 17 -81 -78 32 -49 -4 -56 5 -2 -22 50 44 100 83 64 25 25 -1 -82 65 93 86 -35 -12 50 -30 46 -23 29 26 72 -84 -95 -44 -78 -7 49 80 4 31 -17 -64
-5 -33 32 -70 45 -90 37 -82 -89 57 -79 71 61 56 38 -71 -2 64 -31 85 -10 -61 -49 98 97 -24 72 -45 -53 27 -42 34 -58 47 27 37 63 40 -15 54 7 -26 -42 44 46 -41 -52 34 93 -6 21 30 -85 -52 -58 -33 100 -84 -72 67 -4 -16 96 61 -43 -45 -23 42 -49 -32 -65 3 9 -71 57 29 66 80 -2 -34 8 -61 -39 -88 -87 -29 -12 -94 71 -8 53 -91 76 -49 78 -1 71 -62 -67 -8 -37 -91 63 80 36 91 -34 37 37 -72 85 6 -4 63 -52 -47 11 -74 -54 76 -59 66 3 98 -92 18 -45 -81 -85 72 85 -25 -78 9 -43 8 -41 -92 89 -28 -16 -20 18 -64 -21 43 85 -80 39 -65 75 -23 -74 12 -98 -21 -45 -19 19 -43 73 -77 92 77 66 1 -76 -67 -68 -57 87 29 88 -45 -9 31 27 -73 13 -56 -32 49 39 94 -99 -35 -47 -25 73 -94 55 62 74 62 16 -33 -13 -48 -24 11 -63 -16 22 -44 -86 31 -80 -41 -11 -7 -63 73 -96 -69 -17 -85 2 -66 42 21 92 42 6 -87 85 -23 100 -27 59 -70 -15 -58 -90 -42 86 58 94 54 2 91 87 26 54 21 -9 7 95 -53 60 60 -83 93 -55 -60 -40 52 53 -99 74 -35 -83 -37 -4 90 -12 84 52 85 27 13 -47 -63 -81 34 -47 -49 88 95 -61 -57 35 14 -25 95 57 94 -41 -27 -53 45 33 -61 -76 96 100 -53 -27 -6 -2 -45 65 -98 -93 -1 -71 -25 37 -19 -13 20 -16 -63 -100 73 -26 24 26 15 -91 64 -28 75 -64 -82 78 68 -67 92 -98 0 87 68 -4 88 41 -90 -12 61 43 -87 -82 57 -78 -6 64 80 71 -6 55 -88 -77 61 -99 47 -20 79 75 -55 -11 -96 52 93 70 -84 -31 63 -88 -25 83 -77 10 27 -69 29 -20 58 25 22 -18 -81 -47 10 -97 -95 61 -20 -88 44 84 -96 42 44 -51 13 -26 -63 -93 70 95 71 5 43 -19 52 43 95 89 61 -47 -9 -83 -75 38 -77 25 -60 9 -68 -65 -15 73 59 -52 26 61 -88 47 -100 -23 -72 16 -61 -4 -90 13 -85 65 86 -27 -82 79 -73 14 9 30 -100 62 -39 -20 55 43 -62 58 -56 16 97 11 9 -12 -46 44 -18 6 -55 92 77 59 -16 57 -8 -84 74 5 -45 65 -15 -48 58 -96 -20 42 84 -84 75 -86 -1 85 96 12 -8 -99 34 -91 -49 -80 -61 -81 31 -51 -25
100 94 -58 96 57 64 64 -70 37 -50 53 22 13 -82 18 40 -83 -40 97 83 -48 -65 -40 36 -98 -24 -76 28 -48 -66 39 30 -3 -41 -68 87 2 61 -68 -75 -89 5 -93 -60 36 23 31 98 -89 -87 80 34 -13 55 -65 57 -70 -99 -52 74 55 -68 44 87 -77 -29 64 44 -76 -9 5 -57 77 69 -28 -47 -6 95 -6 -90 45 60 75 -15 36 -27 97 -56 -70 48 -46 48 94 89 -65 -10 -63 31 -38 1 60 10 46 -10 -29 -17 -52 -31 17 42 -35 97 -31 -29 -45 -92 91 -38 43 0 91 -14 -88 52 -51 -72 92 99 35 -24 83 -7 45 71 -70 -75 -20 -25 -20 39 -14 14 -87 -85 -41 -53 3 45 22 66 50 91 73 -21 9 6 22 74 -38 -48 -25 -70 -84 -45 -55 -30 86 -36 -84 81 -57 -1 -70 -87 -7 -31 -81 -26 -65 29 42 -4 -20 74 -18 65 -63 45 -45 74 -84 59 -51 69 71 -78 82 53 24 -79 -8 23 -78 -68 -91 80 -98 -22 65 -5 25 100 -42 -74 -26 25 17 80 99 -70 -25 61 -43 -1 -1 16 33 -52 18 -94 -11 -47 76 37 -36 -47 74 5 -74 24 -76 -9 -67 -52 53 63 47 92 -47 -2 83 -45 69 -74 -33 -30 35 -29 -56 -11 85 69 98 -73 38 -59 -62 16 23 73 35 -51 86 -16 -93 21 -58 34 98 -24 -72 -46 44 -76 27 33 -19 -84 -22 -15 -81 -33 -99 50 77 12 5 70 55 -70 -1 -23 -91 2 -90 93 -17 -2 -28 37 45 -38 -8 42 -58 -9 96 46 46 85 -25 78 45 -39 -63 20 22 -95 -46 -71 52 -38 -19 85 -23 19 -35 -2 93 -36 -19 -81 -97 0 -25 -81 49 50 -9 -34 9 22 -65 80 28 -88 70 22 -13 -24 -3 85 -89 22 96 -41 16 -12 77 1 21 69 52 1 33 -10 63 -25 15 85 58 -72 -100 -73 -82 50 48 -2 90 -81 37 25 59 92 -49 97 62 52 91 -30 91 -70 12 -14 61 83 -56 85 16 -34 -29 17 -29 -38 71 -9 -99 75 -87 -99 -14 66 -11 -71 42 60 10 -18 -41 79 -42 70 14 -49 99 44 -61 -16 -56 30 -69 91 47 40 -1 -99 -66 -45 -39 9 17 -86 81 56 71 -67 -61 87 1 70 -33 99 58 -18 -48 -32 -80 46 -94 -37 31 -44 -81 -91 -1 -93 1 -28 -99 13 34 -63 -57 -96 87 -28 18 63 -80 68 -10 -23 64 25 -35 -69 96 -32 64 43
-65 -95 84 -94 -44 -66 48 -95 55 -11 -69 65 87 28 -43 -32 -13 -17 89 60 -84 -63 16 90 22 67 -44 -53 18 -78 -61 -25 -11 61 29 98 69 91 98 -85 41 70 -14 -45 -53 -91 -3 11 -56 64 28 88 42 -74 -66 64 94 62 -15 -90 36 -32 77 -52 94 45 -34 97 -23 -90 47 40 63 15 -54 78 -78 -21 79 -30 11 83 -17 19 0 -74 -64 -74 22 -70 53 48 -32 100 -53 -18 -89 91 -75 -18 34 -25 -63 -80 90 -88 44 86 23 -85 52 19 -94 93 56 -99 61 61 37 23 -78 -97 -34 -65 36 -56 44 16 -55 -38 -97 48 6 54 71 -34 93 -53 -14 76 23 -13 -75 49 -75 -99 5 -92 79 100 -33 -50 -27 35 -27 5 72 89 38 -4 46 -24 -83 83 -18 51 -32 5 -73 -98 -35 14 -65 19 83 77 51 11 61 20 -79 21 -61 -53 74 73 -57 -9 23 5 -32 -53 -28 77 -26 65 34 -54 71 -88 23 89 -90 21 89 -6 10 75 43 -83 -63 -97 87 -80 56 51 -57 -49 52 -5 -6 -12 45 91 -52 -74 -93 67 78 22 -90 99 82 -47 -61 -37 -77 13 -11 6 47 -19 -77 59 -82 61 -64 65 81 -99 73 -77 30 -16 18 -10 -12 6 -73 -69 -86 92 12 60 41 65 19 64 34 -44 61 91 35 -84 -43 91 5 92 -78 9 -74 46 59 -44 2 -45 52 73 53 77 -73 -80 74 -95 97 -24 52 71 -10 -6 50 56 43 15 -88 -44 76 -35 -27 -83 56 -56 -55 58 -7 -55 60 56 2 10 -32 70 -66 -54 21 68 -59 -57 -14 -22 78 2 -8 -8 87 70 -96 -79 86 35 18 17 -10 65 73 -73 43 97 -97 -74 57 -47 -29 -42 -56 88 -96 86 85 -14 55 -44 -98 5 15 74 -76 34 -97 40 -31 -84 -97 90 -33 59 11 86 75 -5 -42 99 -70 -59 0 85 -30 18 -57 -42 -65 67 -41 -41 23 23 -35 16 -24 -68 -100 -72 -42 -18 9 21 -41 14 -43 22 -92 -100 79 -77 -12 -41 96 -2 -23 32 69 30 41 -82 3 81 83 -15 13 -17 95 93 -76 20 63 66 -66 -42 -24 36 39 96 59 58 -42 -39 46 97 98 -85 65 -3 49 48 83 -35 60 40 -78 -35 39 -29 53 -13 -84 80 31 -56 -36 -99 -45 11 19 -89 99 7 -44 -51 -74 78 69 32 33 -36 -45 12 58 68 90 -14 -47 -53 -57 53 -40 7 -53 24 63 12
93 -41 49 -78 -38 66 -24 -97 -6 -35 -96 -13 75 72 31 -39 -95 37 2 -41 -49 -31 18 -8 51 29 100 99 58 -97 90 -34 86 -80 34 53 -46 89 31 24 41 -26 -25 -23 -54 7 -38 95 -62 -17 -46 -46 -32 -34 92 89 -59 96 92 -96 -13 -40 13 -38 -44 50 -50 90 -22 92 -92 -45 -79 18 -81 -95 -54 -5 78 90 97 11 6 72 18 56 47 38 -10 99 80 -55 41 -27 1 -26 -26 90 15 -49 15 -30 79 76 -87 78 -10 -27 97 -73 -4 0 -81 53 28 63 12 75 -28 13 95 -35 12 24 -10 -7 72 -33 -13 -25 -20 57 3 -99 -79 58 69 55 -21 -22 73 45 -19 -66 -46 -76 14 -81 -73 -55 25 -51 26 -46 -32 -93 16 -55 -47 19 65 -39 97 -6 83 -95 72 30 80 74 38 15 58 -92 -25 -43 -7 -29 -79 -54 54 -59 71 -50 42 -60 -56 16 -25 6 47 36 40 -43 -84 -39 -87 79 80 23 -50 52 -67 87 98 -92 -53 9 45 44 37 -19 19 -8 90 19 25 -59 -91 58 -41 -21 90 -22 -9 70 61 4 100 2 14 20 74 12 -29 -57 -75 90 61 -57 -37 75 -84 65 -67 -27 42 -57 35 -38 56 -77 10 15 58 -88 -54 -43 -61 41 -37 -30 47 -81 -41 -72 -32 92 15 -75 13 96 -11 -78 4 -25 -17 29 -6 55 -48 93 92 93 -40 7 -65 -34 -30 -68 24 53 1 72 8 90 -41 -81 -2 61 -41 99 -69 15 91 38 68 -91 5 -40 -39 27 50 54 -72 -79 -74 83 32 -75 81 -19 -40 -4 -74 -42 -88 50 -42 -73 4 -20 12 72 -73 -36 34 -9 3 72 24 -72 -89 29 99 65 27 75 64 -83 31 38 8 62 74 -66 63 32 21 71 71 7 -80 -80 -45 -4 -59 23 20 25 -55 74 -17 -50 -59 44 -92 0 -19 -63 17 -72 60 15 -70 63 23 96 -47 42 68 42 84 40 -32 -1 -2 88 -72 -73 -85 -36 72 75 92 5 25 -24 32 -37 92 47 93 -78 63 49 -50 -37 -48 -29 -75 31 -81 47 -41 1 52 19 -43 -94 -58 58 -43 5 -9 23 -33 92 -86 26 -8 7 -45 86 -94 -14 99 -90 68 76 89 -38 39 27 -1 -13 -36 -33 -60 -5 68 63 38 35 -44 52 -56 -43 -97 -3 -63 -66 93 34 16 -8 73 13 94 -24 -35 -72 28 38 -89 3 49 -80 -12 81 29 44 40 60 -15 28 94 90 -84 -3
43 -78 97 27 -71 -13 -23 -26 34 83 2 66 63 60 -88 9 51 -34 97 49 -17 -93 29 -7 91 60 -54 41 59 25 -35 84 -12 -82 -42 35 -13 -40 66 -36 47 49 0 -29 73 33 16 -61 -90 91 -91 -94 5 25 -84 -37 37 -27 -34 -23 -6 -54 -78 -85 -45 26 27 20 -12 24 84 -84 0 17 -78 -52 -94 -23 -45 70 -41 -27 -76 4 -54 -35 33 -50 42 11 -26 -76 80 4 44 80 -25 -76 88 -93 97 9 -40 -3 83 9 14 42 84 -54 -11 1 -34 -18 66 73 48 69 4 -44 32 68 -3 53 27 -84 93 45 26 -32 29 1 -6 -67 -94 9 35 -74 -70 50 -75 19 41 99 -90 -32 41 94 68 94 -43 43 -34 14 16 30 90 -83 -61 74 -48 -89 -33 12 29 49 31 53 -71 -9 -96 -48 -95 55 -14 -60 89 -51 10 -33 -58 -32 79 -57 -39 17 -36 -67 90 -76 -39 68 68 44 31 -54 98 -35 -23 -22 -52 -26 44 -37 -50 93 -86 77 -84 -34 38 65 -47 14 59 85 33 -87 85 23 -65 5 -12 -23 -25 73 -86 -44 98 72 -31 81 36 -12 59 54 28 23 -99 23 -50 97 12 -51 -94 49 -53 51 -60 19 -73 -49 -34 16 87 -79 55 13 9 -29 51 -74 -84 -50 -40 -72 4 49 75 -42 34 19 13 -42 -72 0 -64 75 79 -55 77 -29 62 -12 -29 77 -39 -81 -64 61 65 -62 -97 -40 -41 -43 16 87 -60 35 64 31 47 23 -25 -59 6 38 -68 -20 -41 21 -63 26 63 52 -19 -56 -53 -44 81 -75 -93 91 16 -31 16 -56 74 -30 -18 49 -64 31 45 -92 87 -67 66 -41 100 69 17 -69 27 -22 -15 -96 62 -39 1 90 20 -63 39 31 52 14 -2 -10 -9 -5 -78 65 -55 -51 -26 -14 16 25 -4 97 7 -19 -23 -24 -73 5 27 70 83 -89 -45 60 2 24 44 49 50 47 47 7 58 -66 16 1 64 48 36 48 -36 -49 24 -19 71 38 49 18 -11 -11 43 -70 74 -8 -56 76 -25 81 4 -78 54 57 78 18 75 46 -4 95 21 40 -99 -33 -59 -42 -6 70 81 38 -55 71 -46 -86 100 13 22 88 18 -11 -87 26 -70 90 -20 21 -20 2 -14 64 95 -22 -64 -36 44 -97 -8 24 -32 -76 -72 -93 5 85 -74 -26 -94 -44 -23 -96 -94 -63 -66 -35 28 100 52 13 89 89 27 -4 68 15 56 -28 1 -50 -40 -30 70 27
86 88 -5 -85 -46 86 -67 -16 82 -76 49 -41 -3 70 -1 54 -40 -91 57 -3 53 36 36 21 59 69 -21 -3 -6 28 39 32 23 -37 3 2 72 -31 38 -97 25 -15 -56 95 33 -75 -4 87 69 -84 -38 -97 -9 20 -69 57 33 -60 -40 -57 -46 -90 86 2 16 -41 -100 94 55 -54 -91 -15 25 -29 86 26 85 -54 -23 47 -3 -89 -91 20 -1 -36 89 -27 -71 19 -48 -93 -89 45 83 -31 -38 -72 -95 -99 12 -97 -6 1 -68 20 -35 59 -19 -18 82 -8 33 -87 -73 -45 62 79 44 100 -18 87 -21 66 64 1 3 -22 -12 11 57 -21 -13 50 56 40 89 -12 1 -79 62 -34 -98 94 -72 -2 8 -43 -77 -99 -66 38 30 -82 -95 -90 7 -78 92 59 76 -22 31 93 89 75 67 -68 -97 51 13 -40 94 20 94 -65 25 61 -53 -56 44 72 48 -87 -92 -86 0 -2 -38 -80 83 86 87 -88 2 97 37 63 -72 -7 49 9 71 14 -95 -41 87 -8 -39 -63 19 -96 51 -25 66 10 -62 38 18 -25 0 -45 -58 35 -85 99 -97 -94 -37 -62 -50 71 88 -58 77 -73 -27 -42 49 -65 83 -57 37 58 27 -27 100 -61 53 -77 -33 68 -100 -47 -53 5 -47 -6 -84 -50 62 -51 -51 17 31 58 -77 -7 18 79 47 67 40 90 46 -35 17 -90 31 -65 16 45 -29 -91 95 97 -80 -24 92 -98 76 -51 -11 -54 90 26 -64 93 -20 -82 -58 -77 90 97 -94 -79 42 -20 54 -98 -3 -87 -33 50 63 15 -80 9 -68 39 -99 16 -49 -32 -84 80 71 68 7 -10 54 -5 -5 -87 -32 52 -68 86 86 -40 -13 100 -78 27 34 10 86 -100 31 75 12 24 -94 93 51 -52 1 -65 -34 63 92 32 -48 22 17 12 -29 -71 -97 -3 69 81 -71 25 -21 -42 -56 67 -49 -14 93 -7 -24 3 -74 26 -17 -33 -17 11 62 92 -78 71 17 67 -27 37 -56 -15 78 30 48 2 59 66 -56 -47 -34 -81 22 95 20 32 -87 -43 87 -60 36 79 -91 22 -21 67 24 94 25 50 -93 -55 66 -97 -97 -88 55 87 -56 -53 51 69 -79 -63 25 22 89 -57 48 -95 -85 -56 -6 -70 34 -22 -32 -87 37 29 38 4 81 80 -34 -55 -39 6 67 88 69 -59 -93 -25 -16 -47 57 -81 17 -73 -46 35 -70 -89 -99 64 41 28 63 81 56 10 49 -12 46 15 98 -76 30 90 10 78
40 91 -49 8 81 -30 -85 -26 -94 5 -40 -76 40 -6 -96 -72 -83 6 45 86 -50 -93 -99 98 -92 -43 66 -62 -93 -69 32 78 -100 -60 -30 -69 12 -8 -100 -90 19 6 100 -26 90 100 76 33 50 24 -43 75 -4 7 -53 86 86 -3 88 -91 -82 100 -22 93 9 71 -65 -69 17 -27 -23 5 21 -95 -7 -93 -13 95 28 35 -44 33 -3 -65 74 -44 29 -11 62 23 -2 74 35 86 48 -80 22 10 86 65 -35 -18 85 -95 -47 19 -40 83 91 7 47 -47 -52 -48 45 72 -17 -91 86 -31 34 -34 4 -36 97 -61 89 -14 43 -17 94 -27 -38 9 -35 -31 -88 85 94 100 -44 89 -60 -17 32 13 55 2 82 60 59 -37 23 7 87 -46 39 -61 87 33 -74 -71 -8 -25 28 -67 -23 -74 54 89 -68 -61 5 84 -49 81 68 61 -32 78 22 91 -37 -40 93 52 88 -66 -86 42 8 -83 76 -33 29 61 -9 69 19 49 -49 2 41 -56 -91 13 -98 -92 -25 4 77 80 13 62 -91 83 83 -87 24 -37 5 90 48 88 98 72 -25 -77 -33 -92 27 51 -52 20 -88 -35 -16 20 -17 20 -44 48 24 100 -49 -13 0 -39 -7 84 -35 66 69 32 -8 47 -35 73 36 26 -75 -11 26 69 63 33 47 81 -93 98 43 96 81 -42 -83 96 -35 60 57 4 -37 -67 -90 25 31 3 89 40 -46 -48 -24 -83 -55 9 -56 -98 79 8 -14 63 -53 -96 -94 18 -76 -65 4 44 -66 100 -24 12 26 71 -40 -61 -76 99 56 -15 95 -42 81 67 -93 -17 22 -19 51 -83 20 -15 -11 25 4 61 -7 30 -18 73 87 44 -54 -17 73 73 -38 -86 -56 88 33 96 92 -46 55 -25 -74 31 -13 -9 86 -35 49 99 -79 38 72 16 87 7 -14 -24 -34 -25 17 66 -64 -44 -43 -28 -93 -1 44 -28 0 -27 -80 -87 -2 13 -87 77 74 -67 -3 -95 -69 -74 -80 6 -3 -62 3 77 -98 51 -11 67 -91 75 -36 -74 -42 72 -86 -19 -66 87 -70 -74 67 -74 -83 60 65 -49 -81 -99 -96 -12 -3 -80 -85 64 93 -20 85 96 7 -3 -2 99 66 90 -64 -41 13 97 -68 42 -11 18 90 -99 -72 -31 86 75 -49 -13 -34 -71 66 -81 67 37 86 -48 -50 13 -35 -74 -41 95 28 -36 -75 -21 74 83 -80 18 50 63 -10 -87 50 -44 -42 5 41 63 68 100 -52 42 -51 38 -49 -83
-13 -86 72 67 27 85 83 8 -3 78 54 -65 13 -9 -52 64 69 -20 96 49 56 37 21 -36 8 44 -36 -49 86 62 65 -6 73 81 60 5 -89 -59 -63 -92 -44 38 8 73 36 -31 8 83 23 -57 -87 72 86 45 -98 62 -55 -22 -95 21 90 -57 -80 94 -18 -30 45 76 -37 -86 18 51 28 64 -10 -91 71 86 -15 -29 77 78 36 16 -28 18 68 -54 29 93 66 72 -23 -19 94 -64 -83 -85 -64 82 -1 -28 -39 9 66 25 -57 33 -3 25 -50 25 -46 62 -52 -79 -67 -62 -29 0 -1 63 60 -32 62 -62 15 31 -67 -86 49 60 -21 -79 21 -41 3 -27 -35 -19 -14 33 91 43 -36 -69 -96 9 36 -97 99 6 21 53 -14 -18 -16 41 13 33 86 89 -56 -47 49 51 67 27 57 58 44 48 94 -43 58 -32 99 12 84 76 83 94 37 21 -63 -4 -43 -18 39 61 -70 -95 52 -45 -65 -7 20 -21 18 80 -39 -10 3 64 4 -97 -100 -44 -78 89 29 56 -22 -61 -8 91 59 -1 27 55 82 3 93 47 81 -69 -19 74 -58 72 89 -59 55 31 18 30 2 34 53 -43 -53 83 -75 8 1 -55 -36 -41 48 87 26 85 -65 49 -47 83 2 -97 23 -52 -16 -74 -72 -76 86 -82 65 6 89 -53 74 -3 99 17 37 41 77 -25 -4 72 -32 50 76 -51 34 15 -91 -87 -29 96 54 19 -68 -59 -10 46 -89 -2 45 100 -59 -40 -4 -76 -28 -60 75 77 -51 95 18 70 27 -6 86 33 91 82 -72 80 29 -94 95 -48 -48 -30 -49 94 -100 -37 -90 100 82 -52 91 52 -52 67 -10 -31 -4 -86 98 -78 -24 82 29 9 -62 -86 90 -83 77 -95 -90 78 82 -29 -42 -61 -99 -6 -23 92 66 69 59 30 -72 30 -46 6 -80 -59 77 35 94 57 -41 -76 -2 88 66 2 -11 -47 37 60 -22 14 1 -36 -56 -26 -46 -96 37 42 95 -67 -41 -78 45 -50 -99 78 -13 44 -87 37 12 1 80 -78 92 -70 -36 30 -57 97 89 -66 68 -30 -56 2 57 36 -5 -19 -37 33 -82 52 -15 47 82 64 38 -17 56 -3 66 -18 -19 -92 -73 30 99 -50 24 21 -17 3 -70 -19 -8 -100 -59 -94 -76 47 30 -60 64 0 -90 -23 -43 47 -73 -33 -52 67 37 -53 67 86 98 74 46 64 45 61 90 42 -45 -35 82 -28 18 87 69 32 13 -30 47 35 -18 -41
16 92 73 24 36 -84 89 -94 -36 10 95 -7 93 -54 42 -73 -19 -13 4 50 -49 27 -41 -25 31 78 -96 -47 18 10 -54 34 -68 35 60 -76 85 -80 74 -88 -88 -30 99 80 -66 99 -22 53 -29 58 -24 -51 -14 -2 -79 -10 -59 51 5 90 28 92 -56 75 -34 -52 -79 -27 17 63 0 -100 41 34 -6 48 -85 -10 -87 12 72 90 -6 -51 66 -28 77 -85 88 5 3 -78 6 29 70 -10 35 99 90 31 -41 50 -17 -79 82 10 -5 -63 60 85 -48 -48 -52 -9 93 26 -82 -48 -84 63 -11 39 -17 -50 51 37 69 0 91 28 -10 -3 -58 52 40 -94 -64 -84 -28 48 60 -51 -35 11 -74 29 25 32 28 -95 98 -24 -5 -6 -97 -4 74 39 -11 89 -99 54 15 -47 49 95 65 24 75 87 88 77 -83 -50 84 -74 76 7 -88 -70 39 -95 -60 50 93 32 -79 -59 -22 -33 55 7 24 -30 85 -10 -87 -58 92 91 -38 -20 -86 36 67 -51 -79 -74 -74 73 12 -36 -16 10 -59 -4 -55 64 65 26 38 33 -48 -36 -92 81 -27 30 84 67 -4 -81 -7 40 -24 -45 0 -69 -84 -70 43 97 38 51 73 -64 4 74 71 -30 84 68 -95 -67 26 81 -33 97 -71 -52 -5 -85 -14 33 46 -70 -85 -44 -71 48 18 -26 -22 -39 3 -46 1 -48 66 66 51 -98 -47 -41 25 76 66 -68 -26 -73 -83 10 -4 -29 39 31 12 16 8 87 -22 18 -53 -76 -78 75 44 1 -77 -74 -75 5 87 21 -98 94 6 100 47 -45 -82 80 -11 -49 72 -95 7 -81 29 72 8 43 12 4 59 -12 -32 -17 -19 100 -53 2 100 17 91 76 99 -62 16 -4 -31 -90 75 1 -38 -42 89 -57 55 -29 14 11 -6 61 -23 -78 -33 68 -91 -79 -69 37 28 55 79 -20 32 -30 28 81 64 21 40 -60 -27 -23 45 -79 99 87 -78 84 -7 -16 -23 -97 76 -81 32 -100 -39 96 -1 37 81 98 86 -38 28 19 -39 93 -16 39 -40 -89 37 -43 -74 -21 86 -32 -9 89 7 -89 -68 -30 44 100 57 82 66 -98 -53 -24 50 -81 95 -10 -62 -47 -5 4 40 -51 49 -84 -84 95 -56 42 -35 -31 -29 -35 -78 14 -38 -14 51 -31 -85 75 -99 -93 100 8 39 95 92 12 20 -3 9 78 68 21 95 -55 -4 75 -64 -30 -89 -85 58 75 60 -90 -85 74 41 16 55 72 99 -57 59 -70
0 4 -73 -47 -72 -53 -95 -3 -97 84 -85 -1 58 -89 39 -97 -38 68 -94 14 63 -34 -4 59 -57 -23 14 -19 -41 99 -84 11 27 82 76 -58 97 7 2 -61 -2 25 88 67 -9 -90 -57 25 35 -99 -22 9 14 37 64 45 25 95 -12 -85 59 -35 2 71 -36 46 -90 -86 -56 22 -47 -9 -21 22 -79 -37 75 -97 24 19 -32 -24 30 -91 14 20 83 -36 62 68 -12 -22 -16 60 76 51 11 34 68 -7 -87 -41 34 74 32 -89 -94 82 -8 89 74 16 -58 -96 -87 3 -16 51 -80 -42 -64 -58 -2 -94 15 97 -22 30 4 7 -72 4 -7 24 40 61 -67 100 -90 -77 59 37 1 22 -61 72 -30 90 -79 -32 -87 47 -47 45 -20 31 -31 15 -67 47 -97 72 -95 -35 40 -36 1 75 17 39 18 28 88 33 -94 -52 90 96 27 -36 -37 -94 -21 87 40 -9 -90 15 50 67 59 10 35 69 5 41 -9 52 -58 -71 88 85 39 23 19 30 27 -41 -54 44 99 -54 69 -41 91 -35 5 45 -47 -75 -21 -58 -85 -31 32 97 97 48 18 94 87 -20 -7 -59 36 80 -91 -85 86 57 0 77 -90 64 -46 71 -1 -80 -56 -41 -99 33 57 23 -62 -77 75 30 54 -52 -25 -52 46 -13 -59 75 -64 69 -94 53 31 83 91 -92 -39 24 -47 25 98 -64 89 39 -98 -85 -98 -80 21 29 8 33 -31 76 -57 15 -48 -17 -2 15 87 -23 72 -34 -58 48 -92 45 -74 -62 68 -33 -72 27 -70 -4 44 91 -54 -39 -7 90 93 82 16 56 -67 -20 -59 -58 79 25 1 39 70 -73 -5 -72 50 51 -19 11 -4 -87 96 60 -77 -38 30 45 -15 -6 -20 -55 -86 -91 71 -83 -58 -97 -40 -79 -33 92 53 23 -51 -35 -44 -24 24 13 -79 -68 3 -2 -3 -90 95 -22 67 0 94 61 25 -5 -42 -95 8 45 -14 45 74 -55 69 69 85 41 14 -8 -52 29 -21 -35 30 27 -21 21 -52 29 13 -48 69 -82 7 68 -30 29 19 93 -12 -93 8 86 -15 -44 -81 67 -2 -52 -45 -26 -66 -94 50 45 -29 -5 -7 49 -34 -31 63 -59 -25 12 31 71 62 -70 -9 -73 55 -41 89 -68 -46 2 51 57 39 -96 99 -63 -35 -43 25 75 27 84 -97 36 -57 70 89 -12 38 52 -58 -42 77 45 -84 32 -71 86 -17 -38 -80 -94 76 -39 48 -24 4 36 31 98 -39 22 -87 -2
-60 -79 95 26 66 9 -3 44 77 26 -59 -46 33 95 -82 -8 1 68 99 64 -44 9 -83 71 -52 -80 -49 1 96 -59 55 53 25 -14 82 -92 83 77 -28 -87 3 56 -39 58 9 67 -86 -66 -56 -1 88 95 4 29 -16 51 -90 -55 95 -11 58 47 55 22 18 -25 70 -88 -85 44 -97 -97 -33 19 -51 52 -95 9 -92 33 17 -23 -5 -68 62 -9 6 37 80 15 -31 99 80 -33 76 34 -49 -14 36 -67 -37 -96 81 -22 -76 -60 67 -74 -61 92 53 -95 66 -76 76 -52 25 -9 -62 -47 18 -9 -65 -8 -2 85 -85 34 45 45 90 16 -34 40 79 -85 -20 -37 -66 -35 -92 -6 34 -21 37 -39 -41 77 24 -78 -55 -88 -68 -58 -58 -51 76 -1 -55 -49 -96 31 76 -62 -54 5 -54 1 54 98 -73 -56 -44 36 56 -62 31 13 -18 98 15 -37 62 22 -11 -63 -72 -48 0 -74 -55 -74 68 -34 -91 -36 98 32 -25 -70 -79 6 31 -97 -41 -48 88 66 55 -8 -59 56 -17 -2 -89 -53 -70 2 -43 61 -88 -21 38 82 -60 -53 -73 -44 -37 79 14 -95 -100 -86 -67 90 86 23 10 64 -43 -11 -19 78 36 79 73 96 22 -28 29 -79 -57 76 -9 -64 79 -17 74 -28 -92 -88 -61 50 37 49 -6 44 -87 -3 54 -82 61 -37 -64 17 9 12 -9 53 44 -44 74 65 -32 -50 10 -70 89 -25 22 10 -1 -55 77 33 85 -71 -77 -16 -22 87 -22 72 48 -71 71 -26 -25 2 -81 29 -23 65 -54 -53 1 32 37 -99 52 84 93 33 -32 21 -2 -52 97 33 -17 -94 -37 -23 72 44 -64 98 6 -66 55 99 -30 26 -56 -87 -89 -99 13 -42 81 -72 42 19 -82 25 -99 -24 -87 23 66 50 -32 21 -74 -44 -43 93 3 35 -65 32 -16 88 40 -8 1 -35 -94 34 22 26 16 75 -95 -70 3 -38 22 63 -50 55 -38 -89 64 -42 14 89 69 -92 -94 96 64 -73 29 -57 76 -12 -6 33 -54 -82 56 -32 11 -75 21 -41 -62 -67 -57 -87 -33 21 -6 -36 83 -91 94 69 -96 1 47 82 60 28 43 -61 -55 75 -31 -30 27 42 77 -2 24 -24 81 -78 78 63 -41 -15 16 48 -50 38 -56 -72 19 -8 7 -90 -65 -49 -64 77 -39 -46 -85 -66 -57 86 -77 24 47 -56 95 -25 8 -46 -68 34 -97 54 16 32 20 36 -42 69 -53 -3 -39 -89 22 1 89 -87
-74 -96 42 -62 22 -56 40 -75 66 25 -82 45 -26 76 83 19 -52 -51 -86 -60 13 -99 100 38 -68 50 4 -60 -60 42 -66 25 -84 -42 67 32 -52 -51 56 90 -77 27 -88 -84 -5 -70 -26 36 89 -51 98 61 -26 -86 8 -29 -69 82 -50 -51 -14 -3 -11 -35 -39 89 38 -76 57 34 83 -87 59 -35 0 -82 -91 50 -4 64 -60 -3 81 -64 69 -90 86 -95 -79 2 85 -41 -36 -28 -96 98 79 28 -43 -81 -51 -22 57 36 -91 -63 -87 37 -23 -21 -41 75 65 69 96 49 2 -38 -72 59 65 -74 -89 -16 -49 55 -75 -46 -56 -88 92 46 4 74 67 -96 70 -13 -91 -40 -88 70 -3 -57 44 -25 41 -50 47 22 42 40 -8 40 -63 2 18 92 4 -61 -100 66 7 55 -18 74 10 11 -33 -22 -51 -38 -28 -49 16 -35 -54 62 88 12 75 -3 -100 72 72 32 77 -39 86 -23 -3 -72 -53 95 72 60 2 89 57 -93 -19 56 -7 36 73 -57 86 51 23 92 2 -91 94 -61 42 -82 46 73 99 73 -22 -34 -28 100 -20 -10 -91 56 -68 -29 -3 -86 27 -42 49 -1 62 44 5 89 -78 -56 -88 -62 -34 42 89 39 -60 49 -17 99 30 -21 -85 78 -65 73 1 46 -26 -81 87 62 65 -50 -51 55 -67 -87 -60 -66 -4 86 28 -74 92 66 -70 80 19 19 79 19 50 -86 -85 32 41 -78 62 55 -97 58 -33 -59 48 57 47 44 71 18 96 -46 25 -47 -6 -64 -77 35 -72 57 -99 85 -3 53 46 52 95 -71 52 -63 -90 -17 -64 80 -100 -98 -56 12 -92 1 42 97 93 -95 15 85 88 18 0 -58 43 43 -8 -32 -26 33 -20 -45 -75 72 -53 -39 21 25 51 -13 -67 -46 68 -59 24 49 -65 -80 81 23 -66 -19 -10 -23 91 -28 26 90 -82 -11 -80 -43 90 95 12 -45 64 -56 -84 51 -42 -63 -33 80 16 72 -50 77 -27 -92 -88 -16 -41 91 -63 5 -33 -10 -13 -76 49 -57 96 20 -1 85 -43 97 -94 -58 9 -39 -83 5 -25 -17 34 -50 -42 100 -55 -29 -94 48 14 14 97 -90 93 29 52 -98 -17 6 4 -61 -67 -60 13 -55 -28 57 47 -92 67 25 67 -6 27 89 54 -81 -9 -3 -65 -19 63 19 -4 -12 -85 77 -64 -92 -47 96 -80 -65 -11 20 -78 -30 -6 12 -79 54 20 -26 42 2 -11 -96 56 54 -71 -17 13 75 92 82 -16 90
-79 18 -92 -20 72 91 -78 -3 54 -96 83 -10 80 75 34 79 71 -97 64 -15 17 0 -10 64 -30 -51 13 -67 -2 34 -54 89 -13 58 39 42 21 -56 17 -25 47 -41 -56 92 72 -53 38 -100 -46 -74 39 -67 79 -60 -36 -14 -80 88 -62 -77 19 62 -33 76 70 74 24 28 100 -19 -30 -76 -10 -47 49 98 -6 -78 89 100 78 13 -41 -18 39 52 68 63 17 88 24 91 -92 -79 69 -19 33 -44 5 71 -85 11 26 67 74 -64 54 86 -33 26 -1 45 -68 -43 3 59 64 90 -65 -9 48 84 33 -20 95 -61 68 -57 -45 97 -31 61 -81 64 -96 -33 -53 -10 54 8 37 98 35 25 -49 -28 -19 53 60 64 58 -33 -94 -26 12 41 76 75 -43 9 44 -99 46 -69 33 41 -55 -95 20 -1 36 36 -55 -85 25 -49 -14 82 -39 19 -54 -7 49 -67 46 -65 -93 -32 -16 -41 -30 -32 80 -19 65 69 -92 90 35 -79 -98 29 67 -82 30 -22 36 34 -54 -88 88 -34 7 -91 37 -16 91 -87 -45 22 -59 78 -84 28 27 60 -12 -25 18 20 74 -28 -54 -20 73 -76 -89 67 -13 86 -32 -92 -99 42 92 -30 -95 4 -1 -6 78 26 -66 55 76 93 18 66 58 -16 35 47 -1 78 -28 52 89 -69 -98 -92 -63 58 -53 90 43 -82 2 -26 15 51 -67 7 98 96 5 43 -26 80 48 -6 28 -67 -19 -29 2 -81 56 17 -66 96 -12 -37 93 -70 8 16 50 70 -85 65 95 57 30 -1 -72 -33 -75 18 -17 39 72 -89 54 51 3 -83 -20 -62 31 40 -68 18 86 -18 -2 -94 96 29 -46 -25 53 45 73 100 53 28 -4 54 -18 90 -8 -53 -12 62 8 56 69 78 46 -93 -32 -40 15 -7 -3 -55 -81 -43 -38 -73 -19 -74 45 -84 -41 -59 9 88 35 2 66 -24 -68 -41 -6 -7 9 26 -61 -23 -51 15 49 -79 24 95 -13 59 19 -26 -64 -68 20 -15 -75 19 -25 -82 20 76 -51 73 89 -50 -74 32 -63 -68 28 62 -64 -83 -49 96 11 89 35 -37 33 -35 -97 29 31 50 -1 80 -14 -39 90 -40 82 4 -8 -31 75 -16 -96 -20 -38 -3 -72 -61 -24 -93 -46 53 65 -20 -26 -7 -88 41 -40 68 100 -77 -63 54 -89 40 51 -61 54 72 -1 20 -90 24 42 38 -87 -62 14 -56 18 93 -28 56 -51 -88 3 -63 -5 -3 90 -46 -85 -92 -67 -6
60 -57 73 9 77 87 95 -63 -81 61 -36 -52 -79 88 -79 -24 95 69 48 22 37 -46 -100 26 -43 23 53 -65 -27 -22 -98 96 16 0 58 -21 58 -89 20 62 77 66 18 45 4 -89 72 -96 40 0 -65 -49 34 -39 -19 71 36 -1 -36 65 5 76 89 92 -21 52 -5 76 -46 23 -38 -84 75 75 23 34 96 67 -57 3 -10 -76 57 0 -11 -54 -30 -27 -50 -71 -17 52 74 74 10 -83 -49 -7 -90 35 -5 -82 80 -35 91 17 -38 -80 28 39 55 -84 61 -71 -94 -9 -55 -91 43 -67 -60 96 21 -22 -71 -73 100 -98 -16 -22 35 66 -66 -7 28 1 -4 -97 90 -61 -3 65 -50 -4 -31 53 -67 -46 71 -16 6 -13 3 -34 -44 -42 12 80 -95 79 -94 76 -33 -43 -55 -36 -17 67 -68 91 -85 -70 80 -77 19 25 -100 -89 1 -85 -79 -82 -59 38 61 -14 -7 75 47 61 -15 60 34 -97 -81 -72 55 -21 -88 9 -63 71 -55 -14 60 20 25 82 -47 6 -91 -21 -30 23 73 72 70 84 28 96 -4 13 -30 -62 36 73 37 21 100 7 11 57 8 -93 -66 29 -90 16 -44 -15 71 26 65 73 -63 -77 32 -47 -32 -90 60 -55 -23 -78 -90 -89 57 91 60 82 -10 4 63 68 12 -34 75 8 -5 -72 -4 -64 -42 -20 -37 -37 86 -33 -30 19 -29 -77 -56 19 -37 80 -87 -97 -41 63 87 -90 -66 32 70 -64 -27 -74 -70 40 72 -69 48 -3 27 -16 35 -69 -24 -24 68 58 88 -91 61 -81 58 -91 35 -79 -17 11 -3 24 18 -73 53 32 -13 -81 -34 -49 -34 48 -59 -10 34 -38 74 66 40 -100 -78 -92 65 60 -12 -22 0 -60 -53 5 -49 11 57 23 -65 -86 97 -45 -80 -49 -5 -65 -1 84 5 -16 -80 73 15 93 90 -67 54 58 93 -6 -89 74 -66 99 16 -48 -83 -73 76 56 -27 94 20 -76 -56 -16 -73 -78 -25 83 83 16 -11 -100 -93 82 -72 -16 99 -14 93 81 -73 86 -1 -31 -14 -94 -6 45 -64 -82 100 -99 80 5 -9 -7 47 9 -70 42 -37 62 80 7 75 -1 44 60 -24 13 -11 94 -7 -22 67 -72 -43 -19 51 -96 33 95 50 -85 -48 35 -40 -32 -34 -81 79 26 88 45 2 -36 -19 10 75 -69 -24 6 36 -16 37 79 -51 49 21 59 -10 -77 -65 -10 5 70 44 68 18 -26 19 -6 -88 17 57 -34 -15 -2 51 23
94 74 -19 -79 -89 61 50 -54 16 3 -61 23 91 -44 -83 -61 -82 -17 27 67 -20 -15 -99 1 -68 93 75 68 -72 93 -92 58 -38 -97 -89 74 -26 -15 -30 27 39 -10 -88 -35 57 57 -59 -16 12 41 72 -98 -13 -54 49 -11 94 -20 82 42 -6 -9 74 -79 97 1 62 -64 51 76 -27 33 -37 -31 -1 11 -2 14 -10 -90 20 -62 46 99 92 64 -32 61 77 64 -75 -100 -87 -57 64 -11 -33 -68 75 -7 -78 8 -94 29 42 46 -99 1 25 -38 94 -84 75 72 -85 35 25 -63 8 -77 22 11 -33 81 -1 28 -76 63 33 -56 -15 -92 19 -37 76 93 16 -84 41 -10 48 -33 41 -26 -14 -14 -64 -75 -42 62 79 -44 -68 -32 -47 -37 -70 13 39 -10 63 -65 14 -37 -94 34 -66 67 -23 -31 87 -22 -6 -12 -95 61 -10 26 58 7 11 -79 35 -75 -83 7 28 -53 47 -45 59 78 90 1 8 -36 81 -91 -75 16 60 -43 -93 66 -99 93 11 9 -89 -84 55 21 84 -92 81 -1 -81 84 -88 51 -99 -46 -21 -66 -94 59 -26 -93 -41 -18 6 -87 67 -23 -66 -53 -43 -14 -98 -10 11 -45 8 55 39 -10 -69 19 83 6 61 72 28 -15 18 -48 -89 -74 100 -33 48 -28 79 -2 -19 -46 -15 47 -24 -56 89 -83 40 -9 -7 39 -26 58 -2 72 29 57 71 -16 26 25 27 69 46 -34 23 84 24 -41 -16 44 -41 35 66 24 93 -12 87 -29 -72 50 -79 11 10 -23 -100 15 51 -47 -74 -70 -84 79 -97 -80 91 13 -79 60 78 -41 75 -33 -66 -67 -57 55 10 -21 -98 15 -80 -28 69 70 31 28 -28 -74 -13 -93 5 67 -8 -52 -54 -36 41 66 84 -59 -85 75 77 -9 -51 -56 30 55 -6 -61 17 -4 -78 99 -87 62 100 -78 86 -35 -46 -69 3 -83 67 -52 10 32 -86 47 88 -90 -83 -41 19 57 53 -99 -48 -25 9 58 -72 -97 69 1 89 4 -89 -48 37 46 -87 38 46 31 63 13 44 91 27 -73 24 9 47 70 -4 -63 35 97 53 -13 85 3 -64 52 -17 -15 -31 0 -74 -17 78 -38 99 -43 52 -29 -43 -9 67 51 -8 20 94 -66 -92 54 -4 51 -25 -62 -90 40 35 -51 -69 57 -94 -66 8 -38 69 24 -32 -56 22 19 -67 -20 -63 89 84 13 -37 -66 50 -40 17 -96 55 61 40 9 51 82 -84 -92 53 -31 -13 51 14 -88
-22 14 -66 15 -87 92 21 -1 46 71 46 -84 82 -25 -14 29 -39 11 31 17 31 91 56 -36 -12 -15 -7 -30 -4 25 88 -68 -56 -17 32 -14 -76 -21 30 7 -22 3 -62 60 -7 90 -40 -24 -52 -42 -49 77 -98 17 -17 -5 -43 -15 79 96 -80 -20 -45 -53 -19 -64 -7 40 75 45 -81 47 -78 28 -32 16 -90 44 86 -43 12 72 -3 -57 -61 32 0 -70 43 100 -38 -45 12 -35 1 73 64 10 -15 -56 -73 91 -30 85 68 45 32 -67 -78 -41 31 23 -59 77 -24 -7 -92 43 -61 -82 -77 -23 -98 -26 49 29 -39 -64 -69 90 44 -5 -77 -56 -36 44 -72 -66 -60 -84 6 -94 21 -23 79 92 -32 26 -32 8 -3 81 84 -3 80 -60 -46 34 10 98 77 -22 75 71 65 12 -35 26 6 65 -72 -72 21 -42 -22 98 63 23 65 20 -98 75 -4 -9 25 -55 66 -66 -65 -17 69 64 -93 -77 71 -37 79 -14 -57 -14 -13 27 -32 -4 12 31 93 -80 -38 100 -97 29 66 -56 38 35 -78 -61 95 -12 27 6 -4 87 -82 78 -20 65 78 -46 28 26 81 -57 -11 4 -87 16 -57 -44 46 -95 -28 -78 84 -91 56 -43 -82 45 51 75 17 71 4 38 99 20 98 74 13 -20 50 -70 -28 -91 26 -2 -1 -74 37 9 -91 83 -2 -92 -39 28 84 -92 -56 4 -95 -83 41 -16 39 86 94 83 -81 -46 10 -85 94 -61 -25 98 23 -4 7 41 91 -16 -2 33 -66 -81 -16 -89 -41 38 58 -47 -27 68 -21 -73 -72 99 -9 33 12 96 100 -51 93 96 29 -60 89 -26 99 24 -40 82 55 30 -3 -43 -16 -28 -85 -39 48 -42 -8 69 40 -31 63 69 -6 62 99 -97 96 -42 -58 -80 14 -7 -69 93 64 10 -63 -91 2 -66 -94 16 8 16 -50 -83 95 65 78 -50 -79 -89 59 51 -38 -19 8 -21 44 -13 -56 -76 23 -46 -30 33 -21 73 19 86 -30 -56 30 14 -33 -87 -28 84 13 55 4 96 16 -95 52 82 -65 -78 31 44 -37 61 26 -49 80 -71 -51 98 66 95 -5 96 -95 -35 -55 -73 -84 81 90 85 -92 67 50 -51 87 -13 38 60 -93 75 -62 52 40 -35 -4 -42 -37 -29 -85 -46 -1 -40 27 28 88 35 -80 -37 2 64 39 30 27 31 -27 -85 92 68 88 -58 73 -1 84 14 -73 66 -23 8 -75 51 58 -88 -18 22 50 -84 -16 -47 -2 -55
25 70 -38 -86 -100 6 84 -78 15 46 -55 2 87 65 -73 13 34 1 64 89 82 -44 92 -21 -20 -60 14 28 -71 17 38 -87 -20 -72 -5 99 11 60 73 25 -10 93 -85 81 96 74 20 -30 44 -6 81 63 35 -42 25 -33 79 -9 -2 -55 74 73 -4 -62 -42 97 57 8 22 34 -91 50 20 89 76 -86 67 26 -76 97 92 31 74 -24 -46 87 78 -85 95 90 -91 57 -25 -61 46 -61 -33 40 -43 -30 -14 -82 -42 -25 -33 59 -6 -39 48 80 44 -51 8 -99 -65 59 -8 45 39 46 8 -22 0 -17 -16 43 -39 40 6 -59 -51 -87 52 64 63 19 -21 -74 51 89 -83 -58 26 -70 90 -26 7 94 69 -28 8 16 10 7 83 73 -93 -97 19 -92 -14 -63 -57 -35 -18 -51 -72 81 -53 -74 -5 -24 24 77 10 37 32 66 -26 -91 11 86 86 -51 -39 4 -38 -67 -98 -55 -79 50 -13 -68 -48 97 50 -97 21 35 77 11 93 -21 -77 88 40 -27 -36 -84 -56 -66 89 -45 37 -43 42 -53 -32 22 -88 -66 -64 27 77 74 40 55 64 -22 45 -14 -66 -18 12 21 -3 42 -10 83 -6 -74 -63 -33 -67 29 9 -71 87 -44 -78 -3 -61 34 -15 26 54 79 76 -78 13 5 -94 -83 39 -76 -96 -88 84 -52 45 -31 -8 -91 -76 -8 86 -74 85 -16 22 15 33 8 -63 29 -80 -52 -38 9 30 -4 -47 -7 82 84 -84 10 93 15 -82 -84 -85 -13 45 -68 -52 -83 -10 68 99 64 6 -33 94 -44 -70 -59 93 -50 58 84 28 -92 28 64 71 4 -39 15 -91 -36 -5 72 -62 -5 -29 -13 96 9 -11 -48 97 -74 -43 77 -6 -4 -23 41 -95 60 55 28 25 -3 -11 -35 31 -54 -3 -49 -75 -31 -89 -93 -80 -36 -38 63 -23 -85 -78 75 -18 21 -71 -10 10 15 -68 15 -57 -64 78 98 76 -38 98 -73 -7 85 -75 -99 -63 33 -97 59 33 -22 -86 97 -36 7 28 -9 76 -19 -57 97 -13 -2 -51 -31 -2 -43 -13 -15 -95 27 -31 -91 31 -72 -19 -35 82 -57 -58 77 100 -74 -41 -100 43 -64 88 5 70 5 20 -83 39 -87 53 -45 -65 17 12 27 -83 -95 -80 -18 -89 86 14 98 94 63 35 47 78 -71 73 37 84 28 -19 -61 19 98 -27 89 -68 -60 -80 57 34 89 -86 -44 -2 66 -9 42 31 -4 -90 8 36 76 31 67 -3 1 33 34 -13 -57
15 40 72 -21 -22 -66 -71 -41 -99 100 -16 -80 -7 -72 48 88 -65 40 3 -8 -73 81 73 -98 44 92 -80 4 -94 -77 32 58 -99 -83 -1 -85 53 -51 47 -48 -23 74 -3 -42 83 -23 -31 -46 -6 3 94 82 -100 -48 -5 -2 -94 -47 -29 95 -57 15 96 9 7 82 -26 26 -40 33 -57 -14 55 -76 74 -52 -45 -28 -62 -33 -72 73 77 27 -96 73 72 87 61 -22 -41 -25 1 -85 19 -98 -1 98 51 61 29 -24 -25 -68 34 5 25 25 -10 100 -91 -25 65 -99 79 -17 -70 27 26 -24 -77 3 -19 60 60 -10 68 88 -34 45 -58 -86 -60 -14 42 -38 70 88 30 -57 52 -17 30 -72 -1 -31 88 -91 19 67 -62 18 45 27 -12 85 -69 39 89 38 41 55 -88 76 -18 9 -3 -65 -51 -98 84 -46 47 85 -23 -69 -24 39 77 62 15 75 13 -18 -49 -69 -12 -82 45 55 -57 19 -42 43 48 -98 86 45 3 79 -7 62 -25 -55 -84 56 -13 -66 12 -93 -16 96 25 55 -90 53 28 29 -73 -81 -38 -5 -38 -38 8 -95 -60 48 6 -2 -81 -18 77 -64 -69 -17 -17 -92 -65 31 -26 1 -43 72 54 67 -51 19 17 -15 65 38 70 -31 -36 78 5 -98 77 -54 88 -10 -95 99 -3 36 62 24 -83 -96 -53 62 -67 77 -99 -54 -11 36 69 -59 -55 33 70 -33 5 57 94 -41 -82 -77 1 88 -83 -51 25 14 66 -57 -8 26 49 -56 95 -96 85 4 -95 -86 2 96 -36 11 -18 100 -32 -58 -28 37 56 -93 -61 14 -38 29 94 -87 72 33 0 -53 -56 83 -98 -5 -35 -70 79 29 35 77 72 -5 37 -67 97 47 99 68 99 30 -49 -21 30 -71 -58 78 -71 -18 12 -31 32 88 40 -37 69 10 -55 53 -90 48 -65 63 -1 -96 -90 65 -12 -66 92 11 -13 -38 -49 -87 86 30 37 -52 17 -16 79 61 95 79 71 61 62 15 81 -31 5 -65 -86 48 59 84 79 6 -58 52 -85 -50 45 73 51 86 31 -97 42 -22 47 -78 -42 42 -22 -68 -43 97 87 -64 83 -19 -32 4 64 48 -79 95 15 35 -69 -70 -76 100 82 34 -29 34 54 35 -40 -81 6 19 61 -49 82 99 -13 59 -26 17 -70 81 22 30 57 92 47 -57 -53 36 -14 -27 15 -88 41 -67 25 66 -30 -89 -7 84 -81 21 64 -62 81 -2 5 40 43 -40 1 47 80 8 -58 -27
50 -90 -46 -54 -60 23 -58 -6 77 23 -47 -84 99 66 -53 89 62 -9 69 19 30 -24 8 96 58 56 -35 40 90 50 -39 -38 76 -65 92 64 45 49 -56 5 56 93 40 -99 -41 98 -6 -7 18 -97 -61 -12 76 46 17 79 -73 -20 -50 10 -2 -29 80 41 -86 66 -52 4 -20 -45 -11 -42 -65 31 38 20 5 42 -57 13 94 65 58 6 30 10 66 94 34 -7 63 -88 -38 -93 36 -96 -83 36 7 63 37 -56 -81 58 -9 80 -80 43 -8 38 -68 12 76 -88 -100 91 63 40 100 28 62 -36 20 11 -76 -90 22 31 14 -80 -18 73 -94 16 -24 -24 -95 -100 -14 -44 -21 1 24 -88 75 96 -65 60 -60 7 -92 49 7 -75 -39 56 4 33 10 95 92 34 94 -21 65 -56 -63 66 -89 9 -36 -42 26 30 24 24 41 16 -69 83 68 11 -50 14 27 -18 -5 -24 -36 -81 97 -8 47 67 -59 27 68 26 -68 65 -2 -50 48 59 -95 -6 2 76 46 44 93 -20 -27 9 -46 70 -79 45 41 -13 59 -56 -19 -49 20 30 -35 92 24 46 -90 17 -21 -63 -39 -51 -45 -10 71 36 -34 -6 71 -39 31 -19 -85 77 -37 65 -34 -41 10 39 99 -67 -100 72 50 82 -20 35 26 -2 46 -33 11 -37 74 -98 66 -98 35 -74 -93 -2 -73 -60 50 -11 -1 94 68 40 12 9 -12 -70 88 18 83 -69 26 -86 91 -21 88 77 -86 77 25 -70 35 -59 4 -82 -26 -22 99 12 -24 -21 -7 56 -56 2 77 44 -13 29 97 -15 -10 -64 -18 41 -81 -2 -13 -26 6 10 100 87 -13 -85 82 -29 -37 -27 -8 97 -44 -96 17 58 44 85 33 -1 -70 57 58 57 30 -31 65 -46 11 7 20 -53 27 48 66 90 48 -77 4 43 -78 3 -93 94 -68 -49 -82 -51 17 -4 9 -33 -63 10 -32 -51 -96 41 99 93 -21 63 -73 57 -14 43 -96 82 64 -75 -66 2 23 -93 -60 41 -7 90 -59 -43 97 -11 0 -97 -1 -39 -33 96 0 72 -19 43 79 92 -57 -28 33 -94 39 3 -94 -52 -93 -96 -70 24 71 -97 -44 3 47 60 55 75 -4 37 31 -21 -43 83 78 18 54 17 -25 -28 -11 -32 -67 -64 -12 -30 0 -33 -40 -37 -81 68 81 55 43 41 -94 -89 -46 23 -47 72 -38 10 -23 13 69 -53 14 22 27 6 80 -69 -99 25 -99 -87 -59 -44 -50 4 11 -99
-81 -53 23 9 97 -88 -56 -31 -58 -91 69 -1 83 58 36 -88 28 -57 91 91 -80 -97 -28 -49 -96 24 53 -24 -12 78 -11 39 12 12 -73 70 95 76 18 14 -8 -2 -74 -97 -81 -42 -18 61 -54 -34 86 91 16 -33 -54 20 -78 3 66 73 -98 -59 -8 54 -36 90 -32 91 -10 -92 -72 -15 44 77 68 32 18 22 -53 15 98 -32 46 71 -32 96 84 -24 78 -12 36 -17 -27 -33 -67 -29 65 55 -35 1 -19 -16 0 -3 -28 -60 38 -44 -92 46 -60 -41 -35 -27 -4 58 72 55 0 -39 23 25 -4 -22 -47 51 63 -65 -74 -86 2 10 99 -79 -68 31 -33 -46 -70 -25 -98 15 -93 -5 -60 66 33 -80 11 0 -29 68 -73 39 -2 -80 -98 23 -82 29 84 27 44 -63 -70 -56 -8 95 35 -15 70 42 -39 32 38 -94 90 -39 46 37 63 48 92 95 -58 -70 -29 -43 -1 77 58 -17 -53 -33 74 17 -84 -34 -26 43 93 -8 -1 -78 32 19 -31 -5 6 15 -43 -14 -42 32 -14 -72 -59 -32 100 85 -29 -79 18 -91 -72 60 -90 -97 53 97 32 33 27 -12 -40 -78 -92 87 -70 78 95 82 -11 -40 26 45 -79 -65 -98 3 -41 99 -55 -46 -50 -46 -66 -29 -85 79 86 -87 62 -80 -21 -84 -74 -88 64 47 52 80 36 76 97 29 63 31 25 -18 30 31 -20 -100 84 -73 36 31 -45 -18 0 -33 -65 -97 -9 -24 -89 -1 52 59 -85 72 -46 76 -13 -94 12 75 20 -97 1 1 70 27 -79 -38 -11 -22 47 40 -26 48 80 -40 1 50 75 -64 78 84 88 -82 53 47 -11 -56 15 48 -57 -92 28 -43 -94 94 37 -15 -61 55 -4 -82 39 84 -56 -91 16 10 74 5 -62 33 -13 85 50 43 33 63 -96 -39 4 -93 -96 89 -24 100 -86 30 -1 80 83 96 62 -56 -62 -69 -72 68 -74 -2 42 85 47 47 -92 -64 37 77 49 -57 -60 99 90 -90 9 73 65 24 -2 36 -99 -61 64 -82 -36 70 14 -47 7 88 76 -96 -73 -89 -88 -71 -14 -75 63 -44 -65 -51 22 26 25 -42 -94 -99 65 74 69 77 -78 -19 61 77 -62 -74 42 6 17 31 -74 -1 9 63 38 100 -52 -80 -9 83 -10 37 76 -36 88 -51 -83 -41 -8 99 43 -42 6 -9 28 92 47 9 91 59 81 -59 11 -19 42 -74 -65 -58 0 16 40 16 7 62 9 45 68 -72 -88 -14
-59 -59 -5 -37 49 48 -49 -55 45 34 14 66 66 -30 2 25 -95 -29 41 85 100 38 6 -96 90 -53 -26 -60 48 -94 34 -85 33 -60 18 -81 -91 75 -68 70 21 -22 44 39 -66 -3 -97 -29 77 17 -72 -75 70 -59 -98 -73 -62 -83 28 69 56 39 27 37 -8 -46 -70 64 49 79 91 56 -90 -97 -30 64 -37 12 -71 -89 57 -80 -25 -37 58 51 -95 -34 63 33 -44 88 59 -78 -65 99 98 -28 22 84 -42 16 -53 87 42 83 89 -100 10 -51 -87 98 -69 30 -94 68 -57 18 -46 -14 15 59 -93 30 -88 24 -22 -25 50 -55 -41 -35 71 23 -3 -86 -85 -2 87 -68 -33 -55 9 96 10 52 -19 98 -41 -41 -39 47 90 11 -36 65 26 -78 -51 61 -66 1 -63 86 -9 -68 -70 56 -83 71 -41 19 30 -1 35 94 -75 -85 47 7 -26 54 66 12 63 -34 -32 33 58 24 27 77 44 88 -16 -66 -1 -65 -82 19 -17 -33 -15 86 -47 -98 60 25 11 43 98 32 -36 83 -79 70 79 -18 -96 -33 61 71 23 -8 70 46 29 -99 -59 -37 65 89 -28 48 94 27 -43 86 -30 22 17 -29 72 34 -26 -81 25 3 85 -49 18 43 -11 -5 -41 16 72 -45 -97 -21 27 -46 76 -48 25 15 -15 37 63 -90 -11 -11 -30 70 -91 84 37 19 -61 80 -2 57 -51 -67 -73 -2 -71 -30 66 97 78 -54 28 -31 -13 -70 -97 9 5 -100 -18 -92 98 -11 -10 94 20 -63 -42 -96 -73 -24 63 95 52 -65 5 45 78 22 -62 -11 6 8 -18 72 42 -15 94 78 5 -11 16 58 -71 86 -63 8 -36 15 -74 -39 48 94 38 95 33 1 -38 57 -11 -76 42 63 49 84 47 84 33 55 55 57 28 -93 100 56 -33 68 6 -70 -88 -25 -87 63 -49 -83 -100 55 -67 43 -88 -6 26 -39 -66 -62 -77 -2 90 -77 26 -78 -59 -21 -46 -89 -10 -31 -37 32 -41 94 51 75 8 92 -93 3 -54 1 73 4 -54 64 11 31 -76 51 -77 45 73 34 96 12 84 -99 -40 -61 -99 -74 50 57 -95 2 -84 -45 23 8 -29 74 -4 -39 -48 79 -30 75 76 26 8 57 49 54 97 76 -86 -36 -86 -31 -19 -26 -73 -80 22 -83 -54 2 -15 80 -63 -42 -85 2 16 -56 -54 98 -18 -25 -14 36 68 91 10 -5 33 -96 49 -24 76 26 -18 -81 87 -98 -64 -32 -25 36 -45 40
-77 -29 -74 72 92 -49 63 -46 -76 75 66 -11 59 -64 -66 -60 -21 6 14 90 51 -81 -13 -65 64 22 86 -80 -39 -66 2 -75 -42 -95 -30 59 59 16 20 4 88 -50 -83 -48 -11 60 56 70 98 34 28 31 -99 9 -57 -2 -17 15 65 -54 49 26 24 -70 -48 -92 -86 68 -50 95 -52 4 -73 25 74 -20 39 -84 89 73 26 27 17 -26 -73 76 78 19 -42 -12 -57 -39 59 80 91 -16 19 16 -29 -30 37 47 58 54 -77 -26 -91 11 -97 13 69 -89 -74 -67 25 83 -86 36 84 52 -4 47 1 -79 -43 -56 81 -23 -43 23 -88 8 -28 -26 -7 -52 -46 -65 38 56 29 65 60 -11 62 24 81 6 78 6 40 62 -43 -21 -43 32 -86 75 -29 -28 31 -18 42 -40 -6 66 -28 -93 -97 22 71 -30 26 -50 94 -45 -3 22 -50 -53 -27 -57 -22 -78 16 86 87 93 60 59 -21 46 8 16 60 -44 -9 46 5 -83 -34 35 -86 -58 -69 -24 -62 -90 38 -32 19 -97 44 -76 -62 35 -3 -84 -74 -2 -40 -98 -64 -33 66 -48 20 54 -93 91 -87 78 62 -8 -84 -71 -90 50 -42 -88 -21 60 92 -18 -65 88 -37 33 14 38 29 1 -99 -6 -61 -13 19 31 -45 67 82 -60 61 -42 -86 -89 -100 -26 -32 5 87 -34 74 81 43 98 -25 69 -34 40 -88 3 -48 -70 95 -81 -29 90 -10 -90 15 90 -79 40 23 -49 17 82 67 -28 -72 82 93 90 -59 7 51 -37 74 96 96 66 87 -5 39 50 -55 55 57 -94 57 73 -64 -42 -85 13 38 -98 -88 71 -86 48 21 11 16 54 23 88 -74 20 -98 82 -43 -68 -11 -42 19 -29 46 -51 77 -24 -42 62 91 -73 62 -32 51 -59 -4 47 -35 -20 83 74 13 39 -5 65 -83 98 -97 -5 -5 23 52 55 -39 -41 83 -80 97 68 40 15 -69 -25 63 -100 58 14 -47 85 89 -11 -94 -82 -69 -80 -9 0 74 -39 -50 68 85 -45 -85 52 -81 -4 -68 44 33 68 -25 24 79 -65 49 -83 -26 -64 -50 -24 77 33 94 89 -76 45 -59 88 14 38 96 82 -61 -100 60 64 -31 -72 72 -96 -92 -64 -62 13 12 -22 76 -50 57 17 -39 -70 -55 -38 14 -45 -47 -68 89 -80 62 66 -52 18 -79 -81 -78 -35 -85 -9 68 7 100 -87 -69 97 -11 -39 7 -67 -27 -66 59 29 50 6 60 -85 77 -80 -81 18 7 -78
65 -86 -30 -51 -74 -3 -86 70 51 99 64 -39 -40 -53 -90 93 3 -54 -12 -42 3 -40 -56 87 99 59 21 16 43 9 3 53 -23 68 61 73 24 -97 40 -59 24 -87 -81 14 28 2 90 83 31 27 -91 -9 -24 67 19 -56 -32 26 -69 -32 -65 -75 90 50 96 39 -39 -82 77 -67 43 100 58 26 63 30 -84 32 37 81 -57 95 28 18 26 -43 -78 20 51 -6 -64 -55 -1 -19 92 70 -7 32 12 -73 -95 51 43 73 -81 89 70 -42 78 82 -22 -24 -82 11 -57 70 87 42 16 0 14 -56 20 -24 80 -95 -30 23 83 50 61 -91 -74 -81 7 -86 -49 4 63 -82 -40 81 -40 76 -6 61 -54 -41 -2 -4 81 67 -39 89 52 93 -57 -67 -4 87 56 -41 63 -53 86 89 80 -38 16 -82 68 51 -55 22 2 97 -95 -82 -52 -30 83 -97 48 45 -6 4 -71 -6 -26 32 35 -39 75 89 -50 17 -53 -21 -87 59 -67 -67 42 18 -44 40 -36 55 -73 -92 30 -37 -60 -17 -70 1 31 -95 -96 34 27 -87 4 -69 9 40 -72 48 -67 -79 -29 50 -66 73 -99 23 -96 -27 70 36 98 -3 77 95 -60 -14 42 62 18 -46 -59 33 -61 20 5 20 -4 -95 -54 80 31 76 83 2 -73 49 52 -7 15 -28 -55 -74 69 4 -59 -59 2 -90 84 85 2 75 56 -93 38 -27 35 -44 69 -31 71 -12 70 78 9 -97 -2 25 66 -17 -13 -55 35 1 38 -2 62 -30 -13 -8 32 -20 -58 -55 -67 -48 -70 -57 -65 -72 -68 -4 30 -100 -90 99 77 -71 -6 18 31 -21 6 -1 -3 -88 -47 90 -55 78 -33 14 -34 -42 -95 -30 -36 92 11 -80 -73 -43 56 -4 -20 -64 20 77 60 97 -16 -52 63 36 75 -15 -74 -4 -17 59 -49 -39 -20 72 -50 37 -81 -6 19 59 -19 -2 93 -87 12 -82 8 -38 -39 -18 -55 56 28 5 -22 11 -11 21 -62 81 18 -35 53 -27 87 62 -8 14 -78 -1 14 -81 -54 63 -44 100 81 76 -66 30 83 -44 -97 27 87 -65 -63 -42 42 -52 -41 -5 70 91 -6 23 -93 61 -60 -96 -51 8 83 -79 -15 -55 -15 33 -6 -28 84 4 -85 53 -87 -87 14 77 11 -69 -44 -55 67 -72 11 16 -73 -10 42 87 100 22 59 87 -74 69 -80 12 55 96 -87 -45 -72 49 20 97 28 72 61 -36 69 -68 44 46 -13 62 9 -49 66 -44
-2 73 79 30 44 -90 -89 86 12 -94 74 -21 64 21 89 -10 16 -54 13 25 -48 6 -93 -11 -20 -38 53 63 20 52 -95 -22 36 -69 67 -9 29 8 29 98 46 -100 85 48 -100 -70 -88 61 98 29 -79 50 -39 -70 49 76 16 -43 60 5 -2 78 9 -49 11 -53 -92 33 -17 7 68 16 -85 -67 -92 -2 -6 -65 -97 -20 -74 -5 -24 -55 -67 18 -96 65 43 16 82 42 100 -53 55 -77 -6 -86 -23 6 -21 58 80 -91 -43 16 19 -3 77 19 96 -31 77 -7 58 47 -57 85 -68 48 1 -6 -37 95 33 92 79 -71 92 65 -54 88 -71 -20 -91 -68 4 -50 96 42 52 -56 -61 -10 24 26 41 -89 -70 19 77 -73 24 31 -37 -63 93 77 -82 62 -31 60 -25 -6 3 38 3 66 5 -51 -3 9 -3 34 -12 55 72 0 23 1 -16 35 -29 -80 14 -28 -33 20 60 91 -77 -36 70 -72 97 100 -1 -82 2 39 72 -27 80 -42 -39 19 -94 -86 58 34 -81 -63 63 -24 28 96 -70 93 17 -75 61 -23 23 72 56 37 24 -49 -8 -26 -82 60 -14 88 -64 -75 -82 -99 68 45 -55 46 39 -56 -60 -1 -19 86 -47 -71 -19 6 28 -45 47 -33 54 93 -7 100 -84 81 -84 -11 -40 7 47 -48 -35 77 -73 73 1 15 -66 -85 -87 71 -83 -84 -60 91 -62 47 -38 8 -30 98 73 7 40 -79 71 -70 6 69 20 -44 75 51 21 -88 -54 -51 43 55 0 35 -78 2 66 0 69 38 -15 -4 34 21 19 56 83 50 -1 40 -84 -67 55 -73 -91 -44 81 -50 5 12 -82 -68 -48 -31 -79 -21 49 66 -99 23 71 46 36 -38 50 17 -20 -38 -48 -88 43 -51 -43 -29 51 80 -44 83 5 83 -4 -44 -30 94 76 -98 -98 -25 -37 -29 -86 -69 73 -68 -17 -76 61 47 -28 46 -54 19 -72 65 -44 89 31 84 9 55 -43 19 -1 -77 19 71 -7 92 3 -30 -67 -28 86 25 80 -21 -26 51 -8 -43 -47 98 83 70 32 51 -20 6 -56 70 -68 76 -80 53 -2 69 -60 -34 -96 -39 -11 20 61 -32 -91 82 75 31 -64 0 32 43 -61 -50 -1 45 -27 -100 -35 70 14 -43 -98 51 -51 -20 76 -43 4 82 58 -93 -88 -87 77 85 52 57 -62 -63 23 -30 23 -22 -38 35 -59 -85 6 -43 61 -79 -53 1 -11 57 -25 -16 -38 33 45 95 4 -31 -61 39
-38 44 65 2 -53 -61 -78 73 -83 -96 -8 -27 -15 -50 -9 -71 -22 -70 46 36 -25 -71 -21 25 59 -96 -55 -94 -5 -26 54 -21 -91 -22 32 -9 -9 83 75 40 68 -24 48 95 26 -9 -1 -41 -4 -94 -5 -97 99 -16 -69 13 -13 40 89 95 -21 -21 -40 67 -33 -4 97 16 99 -62 -15 -96 -93 100 71 -32 37 8 27 40 -84 -93 -26 -64 -20 -3 99 52 35 -37 -57 7 -68 73 -59 -84 24 -85 -15 -13 -57 -20 -12 87 -44 -33 96 45 -84 -20 -18 10 47 95 -20 24 -10 -3 8 -7 25 -96 -59 60 -45 12 -18 -52 31 -21 -46 -53 -80 64 38 11 -27 -86 -63 11 -4 -98 84 3 -8 -45 22 -30 -100 -16 64 7 -45 23 -40 -33 81 -6 50 81 -89 -67 -11 48 90 24 -14 -44 -65 63 1 8 -66 -19 -2 -88 -40 -8 -32 33 96 -42 -98 -97 -76 52 -38 -45 58 91 -44 -28 40 55 -4 -14 -34 -43 59 3 -51 -64 -77 61 -34 30 5 16 -28 -86 -34 66 -40 -35 17 -14 96 -64 7 -96 -22 57 -47 1 -28 -37 -9 1 45 -60 33 -87 19 44 -64 -33 -70 93 31 70 10 -72 78 3 80 -96 -2 46 -92 -49 33 30 78 65 -50 74 88 46 -53 40 -26 -40 74 82 89 59 -77 29 -54 56 -57 -52 -97 -17 51 -82 7 -73 -35 90 70 88 -94 94 55 -27 10 -73 38 17 -89 76 -11 82 -19 50 87 53 14 54 61 77 25 46 67 45 -88 -16 -18 -94 40 -26 62 25 -27 -73 75 -100 -97 80 83 75 35 39 -79 -36 65 62 69 -31 94 -62 10 69 22 -54 35 32 -60 40 63 -6 69 -78 -94 100 -59 92 97 -9 85 1 31 24 -98 -19 78 -41 74 -18 -46 78 -13 -11 57 -55 -12 -78 76 -45 -20 -81 60 6 -84 -96 -24 -60 -7 -16 -26 -68 80 -47 77 -49 -84 80 -77 86 -19 19 -64 -39 -51 -84 50 57 20 90 -43 61 98 87 34 -91 70 57 -46 -25 -11 -7 -88 -51 27 4 22 93 -94 86 -10 -9 15 43 -46 -46 12 -85 -81 64 11 51 -42 -91 76 6 30 94 68 -85 57 72 90 34 -99 -44 76 -97 79 -88 -52 -28 -18 12 -72 13 -68 99 -50 -77 -92 -32 44 50 -80 81 -12 32 95 -25 5 -57 -15 -92 -46 -5 91 91 4 -96 92 63 -90 -42 -60 -10 -20 30 -43 -46 -30 0 96 86 87 -35 73 -20 -79 14
-6 61 -58 17 85 -5 71 -2 50 54 93 -89 40 -55 88 -13 95 -7 78 45 -66 -49 -88 46 0 -18 41 2 60 -10 -3 -71 22 11 -92 73 56 10 36 -77 72 -79 92 -68 -31 -23 7 0 -8 -17 95 80 75 -54 -85 97 -58 -17 51 -16 30 4 59 51 68 67 -65 93 -31 -56 20 5 99 85 -14 -55 -53 -13 -1 -7 -19 -75 42 -45 26 -20 34 -74 -93 87 57 -93 -89 -71 9 -35 81 -65 93 37 -89 -48 -30 34 85 14 43 75 31 98 -21 -10 40 -36 -2 3 -91 -51 17 -26 -95 87 -36 41 -100 24 86 -25 93 34 22 -12 -93 37 -14 40 -46 -58 94 -24 27 53 59 49 29 -78 -99 74 -73 13 -22 2 73 -54 13 -99 80 -60 46 32 56 68 85 6 7 -51 77 -85 45 -70 52 -40 -27 23 73 4 -22 13 -28 -65 41 -41 32 -25 -60 40 47 38 52 -81 46 -10 43 97 91 -4 41 -23 -88 35 -40 4 96 -19 87 63 80 74 -44 -97 81 76 -93 -77 -68 69 29 94 -49 -90 48 -30 42 -36 61 -72 31 -22 63 94 -68 -61 40 34 -60 -32 -53 -82 -32 15 -90 28 75 81 -96 23 63 19 -87 -66 36 -54 9 30 20 -21 34 -12 -78 26 -73 -72 83 40 89 99 -50 9 -39 55 -10 56 -25 -11 -83 91 93 -31 94 -100 52 -92 -25 28 75 71 -18 100 42 16 100 66 -11 -61 87 92 -86 14 70 -93 -66 -21 -53 -89 -80 37 -40 -60 86 82 -23 -40 -52 -14 -76 85 53 -47 53 17 -24 38 -96 60 -57 2 54 65 100 8 -34 -82 80 -1 1 80 21 1 -68 39 25 57 64 22 -73 32 59 37 -6 -70 -90 75 -53 1 -55 -71 27 -11 83 -40 28 -34 83 80 -33 -29 -11 94 8 22 81 -64 63 -14 -63 88 -98 -44 8 52 -36 58 -18 -34 -65 4 1 9 -13 46 -93 10 88 -89 -87 -36 -62 72 -65 -51 -98 7 -87 46 34 -44 67 -62 -48 -80 65 -98 -27 -52 -6 -25 24 24 48 -16 48 -97 40 -8 -35 85 -66 58 83 2 81 47 -85 -31 -90 -25 62 29 80 -72 75 -8 70 -11 98 63 -13 -73 -81 42 95 50 96 98 49 62 86 -94 -6 -73 71 -5 -96 -48 84 81 6 -68 -39 -25 -61 64 58 53 -22 77 -27 8 -81 -62 -70 -67 -89 -72 66 -31 8 -59 -73 -55 32 72 -27 -70 -82 26 -66 -28 83 1
-93 -77 54 -95 -24 3 87 -66 -58 -35 -79 52 100 -35 81 -42 -39 31 -80 76 -11 59 -74 95 43 98 18 46 73 87 -28 -88 1 -36 53 12 -27 63 -71 48 -81 22 -38 -2 -78 45 -1 35 27 -74 28 9 -66 -81 90 -25 -39 -85 -48 24 69 -30 -35 77 28 30 11 98 -85 21 28 1 44 -85 -35 -5 54 28 -36 -67 13 20 -45 69 4 -28 -7 -92 16 -91 -51 -82 26 -36 100 36 -77 -31 -45 -38 6 -60 -5 -99 46 94 -67 -52 -70 76 -51 -19 -28 89 92 -47 93 15 88 24 -7 69 63 -68 100 7 16 -73 46 -61 -69 93 37 -90 -97 -64 81 5 93 4 36 99 -21 -20 80 85 45 60 8 -50 -21 40 30 60 -43 -82 -14 -33 -71 -100 -77 -49 -67 -16 90 -69 -16 12 16 76 73 -100 7 -24 64 -16 5 -95 -89 23 -60 -54 33 -47 -50 -65 26 -73 -85 71 -19 27 -88 24 -53 26 -98 50 -85 -3 -15 -79 95 8 8 71 93 1 -35 16 30 -78 -89 87 57 56 76 65 -93 94 -76 33 22 32 96 46 43 -57 -21 -87 -77 -82 -27 43 46 81 -95 -6 34 -64 -80 37 -71 -50 12 -84 20 -36 14 63 -90 9 -39 97 80 -34 14 87 94 -52 -50 -86 -96 -32 13 -65 60 -84 87 95 39 84 84 -83 -42 -11 -70 -19 -25 -43 -62 8 -4 32 -45 31 -37 9 -77 12 -3 -11 -36 -44 -88 -4 84 64 31 10 -99 64 -27 47 59 1 7 22 -33 80 -58 10 75 69 58 81 -20 -3 88 10 -90 -80 42 -31 -86 68 80 76 -67 -27 11 -72 -71 46 -15 17 -42 34 -76 81 -7 86 96 -23 -86 -80 23 -55 -51 -65 78 37 23 75 -61 -20 4 1 16 87 86 -3 50 76 79 -14 76 28 -48 -4 -25 68 68 -65 36 91 0 88 53 -61 30 42 -84 -9 -32 -94 31 72 -53 66 0 -2 -99 64 76 36 -93 -51 -6 -18 -96 40 44 -15 -74 65 -88 -22 18 69 -13 27 76 12 21 -94 4 68 73 -92 55 -63 -4 40 66 -15 90 -20 25 74 4 -56 -68 -15 -20 -44 14 -7 -40 -17 -32 20 53 79 -56 17 6 0 -14 -14 -28 -76 44 -32 54 51 77 -91 -84 48 90 -89 98 97 45 -72 18 -19 69 -14 -38 44 -15 -67 30 6 -57 69 -67 -34 -93 51 92 67 -43 87 41 19 -89 -71 -91 -65 37 55 -32 31 66 -17 8 27
-49 -97 -84 -16 -59 -72 -100 -71 -77 94 51 -92 -81 -56 -30 -28 -67 -76 61 7 31 -11 50 -54 -16 98 -43 39 -64 -75 -25 -85 6 44 7 -31 -22 64 -31 81 85 4 58 -43 -20 -55 -75 63 -40 12 0 -68 -51 74 -64 -82 92 49 48 99 18 36 79 31 28 -76 25 -47 20 87 8 -42 -28 -48 38 90 45 73 34 -59 5 29 53 -100 -18 -63 -41 84 90 -87 93 -37 -9 -66 -3 92 28 28 11 -79 -35 -95 -29 69 50 27 33 -67 -61 95 6 -46 -70 61 -26 26 -99 28 -58 57 26 22 -91 -2 85 -84 12 89 -81 -33 10 -86 -88 -77 63 -78 25 77 87 66 47 -3 -46 -79 43 -42 13 40 41 -10 51 45 58 62 49 8 84 -39 93 -100 -84 -62 -94 64 90 87 -12 62 -23 60 -22 60 -4 -81 -60 16 -60 -100 2 83 -24 29 61 42 19 -9 -18 -49 -45 60 13 -65 21 -35 -95 -56 -20 83 -36 -55 58 -85 69 -55 49 57 47 -55 79 5 84 16 -63 36 -41 79 -50 -16 -61 -35 29 83 -95 90 26 -58 -27 10 -89 -19 -77 7 6 78 -75 -28 93 4 -32 -95 -53 62 30 37 98 -56 77 -47 53 -16 70 -88 80 -72 0 95 -25 -38 75 -51 90 -15 -10 96 -23 76 80 98 -95 51 78 -73 -76 -64 74 -94 18 -24 -1 -61 -87 -66 -29 -90 -12 43 -84 -63 9 -98 16 6 -71 25 61 0 -24 -41 14 47 -65 0 -63 -33 -70 -17 49 71 8 90 -89 32 -64 98 -79 -78 -99 -24 -46 -45 9 26 95 78 -29 -13 61 62 76 -22 -19 31 19 46 -37 -52 -46 -78 -17 -46 41 13 48 -13 7 3 97 -38 25 -19 18 -100 -30 -36 -36 -22 -6 -44 99 38 69 -69 -35 59 64 -70 83 17 -11 18 -81 -82 -50 -91 -25 1 -5 69 -35 92 62 -24 -4 9 97 67 7 59 44 -32 73 -96 53 -51 68 -14 64 -45 -38 53 -7 -47 -73 52 66 4 79 32 20 -65 -46 -42 47 -8 -88 -46 100 -28 33 69 60 46 60 -61 56 18 -20 69 -71 -27 7 32 -39 75 75 32 -90 84 -25 18 -84 -81 31 -93 -6 19 59 84 23 -37 -68 -82 -50 -65 94 99 1 35 40 -62 86 1 -30 65 3 -83 85 23 3 19 -54 62 -37 -18 32 -13 60 -12 -100 99 27 -47 21 43 37 -37 35 74 73 -88 -50 -91 100 -93 -4 48 -33 69 39 -29
-42 66 -70 27 42 10 -42 19 -68 95 -22 -83 68 -46 3 59 -57 -53 43 67 77 58 29 50 -78 52 -33 -22 89 -59 -80 73 29 72 -2 -99 -67 -94 -54 -62 83 6 -9 62 47 13 -35 -65 54 -70 58 33 84 76 48 -84 5 -43 70 24 -92 29 -82 -52 -27 -63 54 -50 17 77 31 67 58 32 -88 82 -28 64 -51 -55 -9 -63 16 83 -5 -10 -75 -51 -3 42 -70 3 -21 -40 -58 1 53 -61 -61 -3 76 71 99 -50 33 67 -8 -47 -70 97 88 94 -45 -89 16 41 80 -61 -79 -91 -57 -50 -61 -98 7 -11 -52 -19 -13 63 -40 42 82 56 51 -87 71 -41 -7 40 2 73 30 35 -39 -51 46 92 -3 -63 -29 82 53 -88 39 16 -32 40 89 58 100 -77 -85 75 -79 -28 -13 83 58 -10 32 72 -14 86 56 -31 0 51 -71 11 56 -2 86 26 -58 28 51 8 -6 -62 51 65 35 -13 72 -43 69 19 26 27 -38 50 -37 -17 -85 27 -84 89 70 65 -99 66 15 -2 71 90 -97 -14 75 -28 -11 -65 38 20 66 -88 -20 -7 98 -11 -83 -26 43 -12 -22 -20 71 97 45 -49 5 -1 45 62 25 -97 95 69 77 -51 -72 46 -84 -20 -89 -70 3 -21 -76 -55 73 80 8 44 19 -92 -19 -87 -98 66 23 69 -78 21 83 74 44 -86 -98 -86 -29 13 60 -91 -7 -10 27 -99 58 16 24 -74 -12 -13 -74 8 75 100 47 98 -86 -85 66 20 0 64 -12 14 85 -28 -2 51 -45 51 -48 -42 -94 20 -51 20 58 99 -59 -5 1 3 50 -68 15 -7 -95 -17 -97 43 86 -8 -60 -8 -81 93 -37 -35 -81 49 -42 -8 50 37 3 52 -99 -85 -21 23 94 -94 -2 -45 49 9 43 -85 33 64 39 6 -92 -36 19 53 -91 5 58 -68 -21 31 19 -29 25 -64 -77 -31 25 -97 -65 -48 -39 70 58 27 -79 63 -23 -74 70 75 16 -37 -94 39 -22 61 -16 16 -31 -86 92 -21 -72 90 -8 99 -1 -83 -69 72 38 -27 16 96 -29 20 28 66 37 65 -79 90 -33 20 73 -38 74 -73 -68 92 84 -26 34 59 -30 25 -55 -51 -15 -69 -79 26 -52 67 -7 51 -75 71 -86 -65 -91 83 -99 -33 -85 6 -39 12 92 -80 21 -29 33 -13 -82 -21 -2 92 -17 35 35 -65 -84 -17 -64 -27 -65 31 -59 -100 89 72 96 35 63 94 12 -68 65 10 -20 -7 -31 -88
9 -56 -96 27 -71 -8 40 -15 8 -67 -89 -73 -11 -24 1 58 -51 34 89 86 22 -89 -27 59 73 -39 -40 -40 92 81 -67 46 -95 -83 84 -73 -41 -2 -18 22 28 33 -65 -5 -57 10 37 -76 -80 94 28 -57 -70 -49 -34 83 -64 -8 48 -92 -31 -73 -11 23 -12 -63 64 -4 100 25 -86 -71 -92 -94 -88 68 28 -26 83 -92 -48 58 1 64 -64 -88 9 -28 10 -50 -22 -46 -63 -82 -42 -24 57 36 -54 -17 54 1 30 -70 62 -27 -19 92 -34 -35 4 -7 -87 76 80 -30 -2 -22 99 79 50 -62 26 82 8 26 48 90 -94 -81 -18 38 -76 -88 54 8 -60 93 18 -46 7 -99 -41 9 94 22 80 4 31 98 -43 78 -70 58 -34 75 -70 57 -75 -8 -40 43 -12 -90 -3 -52 17 90 61 -30 76 23 42 75 30 20 -27 70 26 91 89 -38 -43 -24 -18 59 -96 -63 -38 52 -89 -23 -18 -25 -99 62 -4 14 -50 20 5 9 -30 -94 22 52 34 -88 -72 89 44 7 -16 -94 83 -91 58 65 -7 -94 38 57 92 58 -25 67 -96 -54 33 6 -82 81 77 -83 87 -90 57 94 -70 -22 25 -17 4 65 -38 -56 0 -95 17 24 -87 40 25 89 80 5 49 -65 -74 -77 -41 38 47 -30 -42 -11 59 -75 -88 -54 54 -8 -62 50 28 -87 -86 47 77 59 -55 6 -23 -60 40 8 68 8 4 -25 92 17 71 -43 -30 81 99 -68 65 -88 -92 90 59 71 -79 -2 26 -40 88 -14 8 7 22 75 -64 76 5 -54 -27 -54 -64 -23 -46 20 -94 73 -15 -70 -23 84 59 -31 10 11 -52 13 -92 36 -32 59 23 -63 9 -20 -78 87 -11 -27 25 -40 -47 3 -70 1 -24 8 -74 41 0 22 -54 -49 -3 -25 69 14 9 40 -43 91 45 56 -35 31 -89 -99 -68 56 31 63 70 98 73 15 60 55 6 59 -100 -91 -9 -7 13 97 83 -63 -31 -44 -37 1 -80 -87 41 41 -39 -44 97 -33 97 42 36 56 23 6 -57 -31 -53 11 -32 84 2 48 9 -73 -46 63 -85 55 -51 71 58 -37 -88 88 92 -57 43 -24 22 34 -76 -12 -88 6 -17 -3 7 27 -21 91 17 -20 -74 -43 -27 -16 -84 33 42 7 -90 -5 -29 3 66 35 -60 82 8 -59 5 -35 -25 41 61 -90 50 26 60 21 10 23 -68 -25 29 85 74 65 34 -94 -32 -74 -1 14 -46 5 11 68 53 -36
41 -45 -77 44 47 54 -53 87 -24 31 -17 -10 -75 59 -20 -19 55 83 -92 -77 26 91 -44 35 -8 1 51 86 -77 100 38 38 -8 57 76 95 24 -42 -35 94 -89 39 -88 -61 87 13 68 -33 -2 98 -15 88 -62 -54 -90 46 73 43 87 -77 -58 14 -85 92 62 99 -85 59 25 76 -47 -23 3 5 -77 -90 10 -8 50 90 5 -61 64 61 -99 -75 -21 5 40 -86 66 54 73 6 -60 13 66 -66 50 60 -87 82 -80 39 2 95 72 8 10 -13 86 -32 53 80 -16 -15 -3 -82 -81 -40 -2 52 83 -58 -90 -58 3 -52 49 2 -39 -84 -11 92 12 12 50 -44 46 -57 39 -10 47 -58 79 -93 -77 -13 -58 -15 -50 6 84 -82 -60 -52 -72 -80 -40 -84 15 -32 30 24 -31 -2 26 86 55 -97 -17 -89 57 92 -65 85 -45 -57 -84 35 70 -69 -23 22 -67 62 -70 -65 66 91 64 -2 79 -29 -72 56 49 -17 16 27 90 41 93 -77 25 61 27 25 8 -74 37 -9 74 -67 32 50 -31 41 35 55 -58 -14 30 -7 99 24 83 5 -13 6 -49 79 -68 -60 -99 -34 48 50 -16 76 -15 15 24 -92 -71 -73 -2 57 62 -98 11 46 -59 23 49 -41 97 -70 -85 -60 -19 13 -97 70 -99 -12 40 38 35 5 -72 -70 2 -66 70 -79 -80 88 8 -1 10 24 -25 -8 -97 -60 95 -10 -49 -10 -43 44 -1 37 6 -54 -78 -45 68 58 -99 -7 89 81 65 35 9 94 92 82 -49 -50 3 51 -100 77 73 -24 -7 -52 23 -59 -3 -60 -16 95 -79 -53 26 69 -80 -17 -2 -27 -8 37 -58 -54 -23 14 38 -43 -64 81 2 85 -66 -22 -2 100 -20 -78 -58 -46 -100 -26 21 -85 62 -93 10 -87 -39 40 76 34 78 -9 -54 -61 54 -39 62 -81 10 20 -21 -41 -37 51 100 -28 57 18 8 -39 25 13 100 -65 -10 61 74 73 -54 -27 -39 60 -91 -15 -26 -70 -36 85 -74 31 73 -30 -48 -6 -25 -30 -91 -23 -45 92 31 -19 -64 -98 -66 0 -57 -2 11 -76 -16 -45 45 57 83 -36 64 -38 80 95 28 85 -91 36 -92 -88 -88 53 -21 -48 27 72 -24 -47 -75 -4 74 -24 -39 -85 -9 76 20 -72 82 64 6 -92 10 -81 21 94 -72 25 -17 -39 43 81 -26 -48 11 -95 -92 48 44 46 100 -68 13 -52 100 49 -70 -34 -88 -98 -21 -9 87 54 -30 64 41 54
92 -25 -53 -76 -5 43 14 25 -81 -25 -95 -75 -80 -76 -39 -36 61 20 93 -48 -22 -8 65 -62 -70 40 79 -46 -17 81 10 -18 -49 -67 90 88 15 45 -78 -92 77 -41 -27 73 73 -23 62 -66 -39 -93 -67 96 -49 -84 17 0 -42 -71 -93 -90 52 -93 -91 88 83 31 -67 51 -67 54 73 26 -42 27 70 -67 -85 -79 -97 -22 100 -67 67 -99 4 35 -21 18 46 98 65 65 83 98 -49 2 -16 47 -18 -95 58 -19 85 -66 72 42 -61 32 -57 -79 13 16 -79 32 56 -65 70 -1 22 -58 -97 -25 8 73 -30 55 33 31 78 15 29 35 -48 36 40 -54 -38 -27 -4 -55 22 -81 45 -30 70 -73 -63 -29 5 -11 -54 33 70 -36 -82 -86 -62 -63 -27 -11 86 -28 -21 -78 -65 38 -64 90 -86 11 38 -4 14 25 83 23 54 -93 -13 35 30 -86 -11 9 -96 34 45 64 -55 -68 -90 88 -44 59 -29 90 87 -81 -30 81 -28 65 -57 -26 -40 -2 -86 -89 -9 -69 92 -75 51 100 -95 44 81 -10 -67 44 -29 4 -11 -61 74 28 -4 -22 -54 -55 64 -94 44 26 -72 -51 71 -42 -23 58 23 53 71 70 -62 -68 53 -6 11 98 41 1 -96 -2 16 62 5 -8 -98 -79 -25 34 32 66 87 -19 5 -13 -94 1 -52 52 -98 -4 -20 33 -20 -53 -77 -88 20 21 100 -89 16 -50 -62 35 6 -75 24 -30 78 -64 31 63 48 24 -46 45 100 45 66 43 28 17 100 -23 -34 -34 39 -71 62 -26 94 100 -71 44 79 -88 -19 53 68 -27 -62 -47 38 43 22 -96 -17 96 -42 -34 -48 -94 -76 -12 -58 -82 33 -19 -61 -28 88 38 39 -9 79 -16 -64 4 56 -79 -21 -47 48 77 28 5 -40 -45 -95 39 80 1 -84 -76 25 -23 -91 -15 -14 30 32 15 15 -37 36 60 34 10 -9 36 95 66 36 -47 -31 17 -52 34 44 -90 -56 -85 -46 -97 27 55 -9 1 76 -31 -47 63 97 36 -53 72 -33 80 99 14 97 15 45 71 -51 -53 93 23 -17 -16 -66 -28 67 -30 -10 -69 -17 14 15 -70 5 -13 -85 63 83 57 -72 -34 18 -37 56 -67 -7 -9 -79 -39 30 -57 -88 -3 -65 -47 -86 75 -24 -69 65 24 -36 -84 85 31 -100 78 79 0 -10 -57 -63 36 7 94 97 74 -32 -26 -3 91 -60 29 54 -95 11 -19 11 80 -28 -57 -40 -21 61 46 42 -38 -63 -73
24 -1 68 -85 51 26 78 53 49 59 84 65 64 83 -98 -45 -76 -3 -95 -93 -75 -17 59 3 22 -16 -49 99 50 -76 91 92 -33 -63 -62 51 -64 -87 90 54 55 7 61 15 -79 -34 -52 -77 -26 -95 14 -26 -84 -70 -81 -100 -26 9 -74 81 66 -77 46 100 54 -84 -86 45 77 -50 31 13 59 25 41 34 70 -29 74 -30 -18 -85 80 88 -39 -52 -4 45 -22 -40 45 82 2 -43 16 -30 38 -28 6 29 -50 56 -6 31 -30 -79 41 48 -2 25 21 51 -90 85 30 -49 70 -65 -49 -82 -74 3 -21 29 34 -94 50 -4 29 51 -43 63 40 4 -50 83 -29 -1 -27 -34 -36 80 -30 -55 7 2 65 -34 65 -51 7 8 97 -17 72 39 64 -42 78 58 -51 58 -71 -61 -54 84 51 86 17 -94 -92 34 82 -59 62 16 57 61 -43 -76 67 -87 -79 69 9 -47 -2 65 -60 63 -74 -77 7 3 99 -38 -17 -39 37 22 -66 73 -4 -25 25 68 -94 -60 -17 -79 -46 -10 -55 57 -100 95 -58 -64 6 -39 76 -36 -37 -37 -82 68 1 -30 32 96 -100 -91 -96 -18 20 -23 -39 95 -56 2 -56 -87 -59 -29 -77 -56 -27 6 -87 30 26 -50 -50 95 -49 -97 -60 -1 26 64 -8 -26 -52 83 59 -97 -64 -88 39 65 -29 -55 -64 84 -10 71 -39 -64 4 77 -57 0 -70 59 16 63 -27 16 86 -91 13 54 66 -97 37 55 61 -65 -45 85 83 -41 -80 -86 19 82 -57 -82 47 -58 91 -6 90 -85 64 90 -64 5 -96 -43 -95 17 -89 -45 -100 74 -84 98 7 80 23 35 16 -51 -99 -66 40 91 41 -64 1 -70 7 69 -51 -95 68 100 -35 39 60 52 -85 97 36 97 -65 -24 53 -53 -5 68 -11 0 -81 -58 23 -80 59 -53 -40 -6 -60 66 -84 -100 -21 78 73 -49 0 -14 -52 -86 -55 57 -33 88 -31 -52 63 -86 -83 45 5 56 74 -95 -17 -3 -25 55 -49 65 35 32 -40 -55 28 75 35 78 14 -97 66 73 55 -19 -71 31 -22 -21 -20 -40 18 24 0 27 82 -6 38 29 -34 -30 4 71 -5 3 38 8 -94 98 -51 -61 94 85 -62 -47 36 -44 -57 12 -94 98 -44 -17 -94 -83 -18 -1 90 -81 2 -17 -56 99 5 -67 67 -18 8 21 -83 85 -14 -2 35 -23 99 -7 21 99 50 -65 44 -23 49 29 -59 66 -15 56 55 -58 -80 19 90 84 -13 -7
-7 95 14 -88 4 -92 33 -34 -76 -34 -46 16 21 100 24 89 -5 71 28 40 22 33 -91 84 -2 -34 -22 73 -88 45 45 12 69 -92 -2 -89 -90 18 85 -13 -9 -86 61 -57 -56 -76 47 -78 69 -56 -45 4 1 -81 -25 -97 -18 53 -64 -72 -24 53 24 70 99 -86 -27 39 -3 91 -35 20 91 -97 59 -28 -100 -45 -92 -39 66 13 6 -92 37 -71 22 10 95 47 78 -100 -41 -10 12 -71 -58 -93 -1 -81 33 65 91 73 -84 42 44 -34 99 15 92 29 -80 -95 28 85 -59 -83 62 10 -76 -27 34 -43 15 8 73 -20 72 -57 31 35 44 -86 -54 70 -37 72 -23 14 -3 -94 -63 -40 -24 8 -62 96 84 53 -33 -7 -31 -78 53 51 46 40 -4 -85 -76 -93 -23 -86 -70 -86 -16 29 1 8 90 -7 46 43 53 -20 -27 84 -51 56 -13 -25 55 -88 -84 44 92 -11 36 91 89 79 -77 93 -18 93 6 35 93 -39 1 90 20 26 97 -36 6 -76 66 -51 35 -73 -54 -54 -62 70 7 50 -93 -56 -96 -65 78 -48 -73 87 -13 20 -30 -9 -11 -90 91 -94 4 17 -42 -66 38 -60 -30 -89 -14 -55 -27 12 8 74 95 -53 93 95 2 -37 -72 71 54 20 -95 34 84 -70 60 -20 -70 -100 -50 67 9 90 -55 -95 9 65 77 38 -91 71 -36 -65 -39 7 -16 -83 -20 -90 -35 93 30 49 -79 56 -40 32 -51 -42 -63 -75 -62 31 38 -56 -81 -30 68 90 35 -48 99 67 16 -61 -31 -95 26 21 -93 -34 14 -77 88 45 60 -6 48 87 -79 36 56 60 -91 94 -5 -14 63 57 36 29 -47 -15 72 -70 -47 22 9 -67 -58 96 -95 42 -91 -14 -39 16 97 -80 -53 -77 81 65 13 -80 -71 12 72 1 51 -48 -32 -46 13 -15 99 75 9 45 9 -35 -95 -76 -54 23 -84 -79 -82 -86 93 -28 95 -67 46 62 -30 50 -51 84 0 84 -35 44 48 17 1 -41 33 12 -55 -85 -65 12 77 -83 -3 49 -68 -32 96 -86 -89 50 -78 -50 -65 -12 -40 12 -32 47 -24 5 -34 -3 -24 -3 85 7 -62 9 0 -10 23 52 -49 -43 -50 44 -10 21 -10 -29 73 -77 85 -4 70 -77 47 19 -47 -29 -99 16 -33 95 -19 -1 -86 -39 -19 74 -53 -97 45 -13 -59 -12 -22 65 -60 -87 -62 59 -90 35 71 21 37 -90 85 71 -99 -79 28 51 -78 93 98 3 64 87
-98 -2 56 -64 -30 11 -97 26 -63 13 -80 -51 -50 -5 -23 -89 31 60 65 54 -34 66 32 38 -77 54 99 -44 -12 -69 10 -70 59 35 -43 12 -53 10 -9 -3 -88 -52 73 40 41 -96 78 55 -91 70 -38 89 -33 -55 -54 90 63 -19 13 96 14 51 78 -88 6 38 32 -13 -3 67 -25 47 -24 11 68 74 -10 -87 47 -76 -35 -31 3 84 -34 32 -43 -1 -52 -54 -77 42 -77 -55 36 48 63 -44 57 -11 48 -26 84 -78 -20 -44 -9 77 29 -60 -62 -7 40 8 6 1 -52 83 -5 -65 56 94 4 28 96 -43 -46 24 78 -24 2 49 -37 2 -8 6 -38 18 47 -75 30 -94 -27 29 -4 14 -67 -69 -4 -46 55 0 11 -48 -80 -28 90 -26 97 -87 48 -59 47 -19 -81 -8 -80 -38 -89 49 46 87 -56 -68 -12 -95 -83 77 84 -34 -15 -62 -14 46 -50 -78 90 8 96 93 -5 4 89 7 -5 -35 22 81 94 -33 -14 -94 -63 88 19 -42 38 -27 25 -87 -16 20 15 -27 -68 84 19 -54 56 35 59 71 -94 21 35 46 53 -43 -91 -42 86 41 -83 -50 -13 80 -83 -65 -75 -28 38 59 15 22 28 -6 -91 72 12 -40 63 78 91 22 44 -5 32 -79 -82 51 66 59 -70 88 -70 -4 -95 95 -53 79 47 16 34 -82 -36 -44 64 32 92 2 -2 -9 -22 14 37 -69 -12 -14 19 50 -46 14 -84 18 30 -18 97 0 -35 15 -83 -82 -84 -61 61 38 88 5 82 97 11 -5 -10 -35 -48 41 74 94 32 32 -72 61 22 -51 -15 -69 -14 42 -27 -80 -96 56 -97 26 -47 -60 -68 8 -28 28 -58 24 -33 53 -3 -71 73 63 61 -44 37 41 31 -43 94 -46 62 -56 26 34 24 66 -38 79 47 -53 -55 3 24 85 52 -62 52 67 -73 75 21 84 88 -6 18 79 92 1 61 -11 79 -4 12 -95 96 -90 59 93 30 19 100 -10 48 26 3 25 93 -67 63 51 18 -24 -27 20 69 31 57 91 85 84 38 -92 8 79 -61 47 96 10 10 -55 -36 18 -58 -25 64 -24 76 -71 -44 50 -7 -95 -70 -60 49 41 30 14 77 -5 52 34 -71 -39 12 32 96 84 -58 23 -72 63 55 5 -35 -32 -18 -7 24 97 -61 -8 -22 -76 -17 77 27 -3 28 -7 -90 -44 -96 15 76 81 85 48 43 63 50 -66 72 -100 65 -56 -5 79 16 -65 -97 49 -54 -60
-91 -79 -97 -75 -78 -65 50 -61 -81 96 -11 -73 -78 97 -13 -91 76 96 53 13 88 12 31 73 48 -40 -25 68 -36 -57 73 51 -56 18 3 -20 56 6 50 21 65 -93 -95 -53 44 -86 36 -2 -59 80 95 -37 33 -7 -93 -55 -67 -39 72 71 -1 -92 58 35 50 86 43 -40 -60 7 -30 42 43 -42 -51 41 66 -76 74 -43 70 72 14 94 64 5 52 85 -59 -86 -64 73 37 -39 -97 -75 -73 23 56 42 57 87 -38 88 18 17 -95 -84 97 -16 -55 -23 -36 -42 -28 37 10 -40 -62 -86 52 -11 -88 -83 -33 29 73 30 27 91 -65 28 -5 3 73 42 -84 65 -2 26 -9 -45 68 64 -85 -21 -96 -66 -98 46 -44 -68 89 35 82 10 16 -90 41 -74 2 -45 -43 90 -5 40 67 70 60 23 64 -17 -56 -81 63 24 3 100 39 83 -2 -82 20 -40 -56 -22 -100 37 38 49 -49 74 -46 53 -75 -5 -50 -16 49 71 -19 -73 -7 -12 -62 48 -98 -4 69 13 88 21 -9 10 -20 -40 -62 77 72 -82 -36 -24 -17 73 41 34 88 46 -9 25 57 78 95 56 -3 18 97 -8 -74 -92 49 46 98 100 -50 -26 16 81 -31 82 -61 18 -57 -62 -59 36 77 88 -50 83 45 96 -70 -9 -97 47 -54 -37 -54 43 -65 -31 10 -66 29 38 -41 60 68 -73 57 15 -25 -87 12 13 9 -50 29 89 54 52 62 40 7 40 -36 -62 20 47 41 39 -61 81 59 92 -99 -79 -81 14 62 3 -67 76 -24 43 -63 -87 16 94 36 63 -75 -42 -39 7 -99 53 49 -47 -49 98 11 -5 -21 -85 -83 17 -15 3 -12 65 36 9 -37 64 5 38 23 42 -21 -48 94 -32 7 -64 55 57 -35 1 37 57 97 76 59 21 -21 89 -24 -43 9 -84 18 -40 94 -38 -31 -89 -91 20 26 93 -78 19 -10 -5 -23 -48 -63 15 16 35 -24 -13 -89 87 -55 40 68 -14 89 -60 -59 -12 34 -31 -10 52 -84 16 -95 69 70 29 85 82 62 100 18 5 -61 -44 -74 -16 45 23 6 -100 64 13 -77 45 -22 23 61 78 96 -44 55 -77 -46 -53 -67 -20 -34 15 -42 -2 51 -59 41 -24 7 -39 -82 13 41 100 35 -91 -74 43 -79 -54 20 45 -87 15 28 -7 75 -97 -43 91 75 45 32 68 16 97 -59 -79 51 -59 -6 45 36 -87 -75 5 -77 -13 32 29 23 -75 -52 -34 5 -11
68 48 69 -40 65 -63 64 -84 -94 -98 61 0 -82 23 100 -58 -5 47 33 52 30 55 -44 -53 78 -74 -93 -59 -76 64 -100 14 -81 -37 99 92 -86 48 64 -47 -52 -23 -98 -86 10 18 84 -15 -65 75 31 -41 75 85 34 -2 -35 48 71 -9 64 -5 49 -63 45 -14 -26 -12 -77 90 73 -14 24 25 -48 -43 28 -30 45 17 -50 -41 25 -79 -69 34 36 12 -8 -18 -49 77 -41 97 59 23 80 6 -97 79 33 55 -80 22 38 -12 69 -32 -80 -62 73 68 -44 -12 -97 5 88 -40 -10 -57 -70 -74 -61 17 -13 42 45 32 58 68 -89 -1 -5 61 20 -97 -13 -36 13 -41 35 -90 10 82 -2 -16 87 -16 -13 43 40 -52 39 76 -69 53 82 -71 -18 77 89 92 -68 -39 24 -13 -98 -58 7 -87 69 92 -21 -55 89 -49 24 -56 79 -74 -45 97 -76 -20 -26 71 -81 -70 -100 67 -51 69 26 98 16 54 99 74 -77 -90 22 76 -83 5 -50 -64 44 -70 66 29 -80 -90 63 -10 -29 -47 75 -39 -76 72 82 -14 18 -39 -97 -45 20 -99 49 58 12 18 82 -58 -75 51 32 -70 96 -42 -4 -8 -73 -57 -61 -9 68 6 -95 71 -17 59 78 -34 -25 58 -19 0 -7 -34 -18 -98 -40 -38 85 -30 5 -43 -2 -63 -60 -19 -87 -93 -92 -100 -27 57 -24 -70 -97 72 29 13 75 11 -79 -15 -10 16 96 -46 59 -99 -48 -47 -25 -24 -57 51 10 -31 66 -54 34 57 73 -36 -99 36 95 19 90 39 15 64 12 -8 9 7 -24 -70 -1 85 -99 4 -98 3 -5 -48 -72 -1 -8 46 -93 -11 100 68 -5 26 36 -6 26 64 -62 58 97 82 -95 -93 87 -10 -4 -32 97 -92 -13 -6 94 -98 25 74 -35 -91 -58 52 76 -21 -25 99 13 -92 -49 83 -85 46 74 1 80 -22 47 -3 49 -51 15 -88 -59 95 -36 91 -52 69 -5 -25 56 53 38 25 -44 2 -90 13 86 -13 37 8 68 77 -42 -15 12 22 -29 -64 69 -83 52 -72 -71 71 -14 17 93 -69 -37 84 46 24 58 -73 89 -78 36 73 37 100 -53 -29 20 94 28 -91 71 -59 -65 47 -27 35 -74 -23 54 -91 -28 93 -36 73 48 69 -86 -17 -8 -57 59 27 40 22 -65 69 80 89 98 41 -52 -67 -32 -10 36 100 81 86 46 -86 0 -73 -40 1 -67 -50 95 -12 -79 -99 -82 62 -34 -13 27 -67 -85 38
-88 63 20 92 -20 51 -29 -90 35 -96 3 -2 34 -61 -22 -73 65 32 23 -20 -38 53 51 -99 -71 -7 -80 -89 -83 18 -38 85 79 6 63 -21 78 67 -33 16 70 -88 -62 83 10 -85 -68 -59 10 86 70 -94 -11 -35 14 -55 -37 52 -33 -9 -55 -54 96 32 -12 9 24 -55 0 27 -2 -62 43 0 -28 81 -14 -96 -52 -31 67 22 1 -11 70 -67 -54 65 -26 86 6 83 -82 -60 -87 -39 -2 93 -48 -64 -57 69 44 -35 -3 -96 -56 -99 -34 -56 -88 22 29 23 49 -68 23 32 -44 33 67 -52 3 -97 45 25 52 -92 -99 47 -94 59 100 -69 -44 -63 20 -82 25 57 20 -61 -14 -96 95 45 58 67 25 -46 -33 79 -68 80 -52 59 61 -85 -7 50 27 -77 2 25 -86 -61 -5 72 -16 79 61 63 28 55 -49 97 97 -18 -28 44 -56 89 8 5 11 45 -68 59 28 50 84 52 82 78 30 -53 65 39 -55 -40 -79 -99 -38 -38 -22 -64 -42 -98 93 81 -3 -27 -30 -9 100 -36 -11 -73 20 30 -79 95 -81 -6 75 -90 -72 -97 75 59 -83 24 59 24 -65 75 -24 -18 -53 28 80 -12 32 -28 54 -56 27 -51 -21 65 94 -74 -56 19 9 -87 54 -73 -7 -27 -8 51 -79 -69 38 -48 50 33 33 49 10 24 -80 -28 5 83 -99 86 48 -37 -73 28 -85 -20 64 -10 -63 -16 95 -38 81 86 73 26 70 -93 -59 -28 -19 -68 56 -98 -42 -36 -2 49 -24 72 -90 -83 -87 -90 31 -78 47 38 -22 -22 10 -10 92 24 -53 12 -71 32 -6 80 78 99 98 -79 -47 0 -47 -51 -99 -34 -32 78 96 7 30 -53 1 86 60 18 37 37 -57 -38 48 69 -23 14 -19 29 39 35 9 38 -76 -2 2 -74 21 -49 45 57 59 -13 35 -68 12 -24 -100 79 59 -7 -11 -43 33 76 41 36 -29 -50 89 64 -38 100 30 94 -3 -71 -48 -84 98 96 46 68 -24 25 -60 -37 -3 23 37 -13 54 21 45 61 -85 -99 48 4 74 6 -4 -85 33 68 -74 35 -36 -12 9 32 -13 -76 0 -78 -22 61 82 29 -11 -6 84 -19 -31 -81 90 -54 84 54 -45 -95 47 -46 61 -68 27 61 -61 84 -65 -74 -14 46 60 33 28 -3 -51 85 31 -88 -12 -55 -54 99 24 53 84 -20 29 17 -85 -27 -51 -3 31 30 -69 4 -33 -30 -18 -21 -8 32 -37 -62 55 -42 -71 -58
-64 8 -20 -49 77 -32 -47 21 -76 96 -31 -95 -46 -44 -83 -55 -63 -20 10 -74 57 35 -83 -24 95 45 -75 78 72 45 -52 45 65 -70 79 95 -92 -87 -8 48 30 14 74 -10 -11 -68 62 -89 -1 -41 27 -81 -3 73 -99 88 -40 32 -29 -90 -68 -96 14 -24 -83 36 61 -95 -11 100 81 -66 14 32 87 10 -31 3 -12 -20 -27 -22 10 -65 41 -20 -88 86 69 35 -52 2 63 -15 67 86 63 72 -15 -11 62 -88 -16 88 94 57 -11 15 95 -77 46 77 97 18 -66 -9 95 -56 -86 35 -33 36 41 61 86 46 -70 -29 -59 -15 -55 -53 -58 94 72 82 -79 66 -86 43 -20 58 72 -52 11 -59 -31 -26 54 33 -11 -44 -82 -31 -41 -13 -38 32 -38 -48 -38 -29 -49 61 2 -37 58 70 -17 -39 41 -37 46 55 -97 -93 -47 -21 14 80 -70 29 0 -13 41 -63 3 -76 -19 -48 30 -4 -95 1 29 -57 31 6 -55 74 11 68 -78 47 95 -69 -59 84 40 95 54 45 94 60 81 91 -94 -7 14 61 -44 91 -75 60 88 64 53 13 48 50 86 77 -39 -20 -39 29 35 -69 -91 23 78 -42 -60 14 11 -83 55 12 89 49 42 -94 -36 81 -17 95 -3 100 -86 23 -12 -83 32 -83 38 -86 -75 23 2 59 -99 88 2 15 79 81 37 -2 43 9 54 59 75 17 2 46 72 -98 -29 99 75 22 25 48 93 -74 -45 -49 -75 -87 -24 65 -12 -50 -73 58 7 71 -34 -27 6 -31 30 3 70 -11 86 75 -20 -76 50 34 27 17 -63 -86 4 -33 17 22 42 -24 54 30 100 69 -37 -93 18 -31 59 71 -87 60 27 -81 -93 -68 -41 -18 31 -57 -21 26 -38 72 -73 -29 -95 37 -12 70 -7 27 62 33 26 -100 -44 53 -17 -32 7 -41 -10 13 79 10 -39 -96 28 -32 83 15 22 91 -93 -62 24 78 36 -1 89 -78 -89 -22 -54 -61 -73 -63 51 29 85 25 -4 -80 86 74 -2 -79 -26 -75 72 -34 -55 79 74 18 -19 -45 87 76 -80 52 -89 -98 -74 54 44 95 31 -42 -4 63 57 63 33 35 -62 4 73 -24 95 68 24 96 47 -19 47 -49 53 44 -83 5 32 57 -38 -78 -27 -58 -9 -97 -19 71 0 -90 -23 33 -51 76 79 -41 -36 -63 88 100 -59 -14 16 -58 -66 12 44 -66 70 31 -74 -64 78 -79 39 8 6 81 -96 -9 15 19 0 -4
3 77 97 60 -71 7 -64 -88 -91 92 -49 8 -19 49 68 -54 23 68 79 23 -39 -39 -63 -80 60 -10 55 25 83 -38 -50 97 -38 -48 86 85 -67 27 73 32 48 -83 -1 89 -99 99 -10 -16 -7 21 -86 -10 -36 97 87 -30 81 100 -81 55 49 13 60 -57 -65 34 8 -19 -20 88 -62 52 -6 26 79 -36 33 -12 -27 -29 13 71 -54 -100 96 74 -73 4 -94 -94 -74 32 3 13 94 88 -38 35 -29 -50 -66 18 12 -19 -85 -39 -10 84 45 56 -77 -56 89 -72 42 -96 -56 14 -46 45 -56 62 1 -53 -68 14 -37 -19 49 68 87 29 64 30 92 100 -36 68 -37 -71 -68 -38 7 33 25 -39 58 2 -85 -81 -98 93 76 30 46 93 46 -69 5 -61 -69 -36 -90 72 53 -46 -30 72 -27 58 -19 -51 50 79 30 30 39 -5 63 -28 -42 -81 -74 -41 -34 -82 -18 -61 -35 92 48 -75 -21 97 99 -81 -64 -82 -56 -84 96 18 -76 -57 -47 47 86 59 41 -30 6 91 -75 63 37 -100 13 -78 42 19 -40 -72 25 87 8 -23 -88 -77 -93 76 39 69 76 75 76 -29 -58 -60 68 -22 9 -17 -51 43 64 42 50 -92 87 -100 62 45 45 45 6 24 65 -13 -99 48 57 2 -44 -35 -81 -44 -68 4 6 -77 -66 -43 -34 -51 57 95 98 67 -87 -85 15 -59 -41 -70 -46 50 87 11 85 16 -9 97 30 50 -91 -16 -98 24 53 26 28 66 59 52 -31 11 -24 41 -45 1 -14 68 27 13 -2 -3 39 -72 7 100 -83 -9 94 51 66 -25 22 17 -71 -18 81 46 54 58 -96 72 74 20 -30 76 -37 -98 82 -59 35 1 -38 22 -45 14 77 -32 93 -91 -88 15 -17 -18 -4 -91 89 48 -69 51 69 -89 -69 46 -74 91 -63 -41 -63 -10 90 8 -19 -45 -75 17 -65 87 72 58 -100 49 1 -57 19 -62 9 -35 6 -45 -16 -51 21 57 1 -91 -37 64 37 -38 -81 84 -53 -42 -98 -48 37 85 -52 74 -57 2 28 -7 -82 -79 5 -97 -66 -2 90 -37 32 32 -73 -86 -1 20 -90 -72 15 -54 -63 -93 -99 38 -98 17 -99 81 43 1 95 -72 -48 14 -83 -26 53 76 83 18 -21 37 -28 0 -65 89 41 -14 62 17 -58 29 -83 0 66 -17 43 91 75 12 60 -57 92 -47 -42 -94 -55 69 -60 14 -100 -3 -61 -57 35 92 48 25 2 -57 -89 -35 -24 75
-28 -25 -41 -37 81 51 89 81 6 -83 36 -23 2 -96 -18 -44 13 40 19 38 -72 26 10 -4 -32 24 -24 -22 -50 73 23 8 -91 -87 4 -18 -74 -11 94 -64 -94 -93 12 7 -33 72 16 -11 -41 39 -31 16 -17 -21 -49 55 -35 -45 -46 -93 -74 36 -67 28 -31 -95 -40 -71 34 -15 -17 -58 96 -95 98 -14 -50 62 -91 -60 -97 88 -30 85 -84 42 -75 91 85 2 37 -35 36 52 -81 40 55 16 -60 66 -49 -39 -28 69 -34 -40 -2 -97 -75 -61 24 -39 49 96 -85 21 -40 -69 -71 97 -3 -77 -47 -54 -71 -66 54 -75 -87 63 94 82 -54 -32 -9 -97 61 35 45 94 -78 55 72 60 79 -13 -37 -36 -22 -90 -22 -24 69 44 46 100 -40 -84 93 -80 -22 -74 61 -91 -14 67 11 -80 2 -92 7 80 -82 37 47 -33 -99 88 11 -6 14 21 -9 99 -100 -63 60 32 -47 70 46 25 45 18 52 88 -6 -41 44 -26 -53 -29 -78 -53 92 -20 -47 99 -79 -70 -43 -84 -40 -84 4 74 71 81 -100 -100 0 4 -53 -33 -99 -28 54 93 -61 68 54 65 -74 -79 59 93 59 -43 -48 -26 75 92 -18 6 -34 18 50 -90 -62 46 -80 54 32 -56 -88 -39 58 -81 -21 55 -26 19 41 67 40 35 -39 49 78 87 -77 -74 49 13 35 -46 -75 29 -3 -89 12 1 96 2 55 34 94 -53 17 11 -82 -13 34 -65 -75 -78 72 21 -93 -66 10 67 -65 24 8 67 -12 55 -17 -46 -28 81 -72 48 99 82 -83 85 -7 -78 -79 13 -78 -42 -36 15 33 61 -25 95 -20 -53 36 -34 -85 29 96 32 24 71 -46 71 -91 66 85 -58 -26 -27 95 -40 -12 -36 67 50 31 -66 -53 -25 36 -45 12 -90 16 83 12 18 70 59 -88 8 -2 0 55 21 -10 22 -40 -52 38 -85 65 96 -93 58 54 13 30 -34 -83 68 -21 91 85 -94 30 36 -81 -16 7 -1 -31 -62 20 86 -97 -37 63 65 73 68 44 -22 -71 7 89 96 59 -4 -26 -50 -98 86 -46 -55 -34 -80 59 -41 56 -67 -11 10 -69 91 14 48 -76 51 -21 9 -11 65 -18 25 -4 -42 17 -36 -67 -3 56 -57 91 -28 -35 9 -99 8 -3 -35 -85 82 48 0 -20 -93 66 -59 -56 -54 40 -3 66 -34 93 22 -43 32 -82 -1 -82 -39 -21 18 -24 75 -27 29 -55 -12 6 -98 -42 -84 -83 -68 -78 -100 -26 39
-68 -57 -17 93 -22 -66 93 -85 97 -15 -31 75 32 0 -50 -45 -98 82 29 65 68 -2 -99 -11 -34 66 -53 19 -42 -58 -26 69 -4 -11 82 20 -48 -62 -66 -4 27 84 9 6 57 22 84 -57 44 -76 -41 -68 -50 55 96 97 -95 -37 -80 -72 -25 -66 77 70 2 -7 -45 66 -1 47 -75 54 48 47 -95 65 44 29 100 -22 98 -15 -18 24 56 19 -43 26 -16 64 -93 -8 -96 96 2 79 -14 66 91 56 2 -78 60 64 34 96 -66 -19 -12 -87 -4 -15 41 44 87 -6 4 -16 86 -95 -94 64 69 -65 -36 44 73 -99 75 -34 -54 65 -58 3 -1 -29 49 61 -97 -66 -5 -17 100 -84 85 -51 -98 98 -66 -12 -38 -29 -91 100 70 -15 12 -54 6 33 -76 -6 -100 93 -84 42 -40 2 24 51 -18 -55 85 72 -31 55 62 -98 -43 -67 -93 -24 -41 14 -93 88 63 60 -5 1 14 -37 -96 -6 4 84 -10 75 63 -11 73 -42 -93 33 -18 63 -56 74 -73 -40 67 33 -59 -13 -81 60 9 15 20 49 -61 -26 94 29 -85 -64 -6 65 3 -23 35 -21 -31 25 -74 55 67 -24 -51 -99 -24 14 96 -24 -25 -62 -67 62 60 50 -86 -61 42 25 -72 83 -37 -20 -79 -97 76 63 3 -2 29 -22 -10 37 68 40 72 53 71 -35 -94 79 -15 53 95 14 56 -20 15 -34 -76 13 -64 -63 -78 -38 64 60 48 -17 47 -87 60 26 -22 6 47 95 -55 65 -65 -94 18 -83 -3 28 -38 -43 -28 67 -14 -65 -66 -76 54 10 25 71 -1 -91 10 78 25 -12 -22 -100 -56 3 92 -100 -48 -48 52 68 -12 30 -36 43 -88 45 -36 87 100 -98 -66 -69 -89 75 51 53 79 -17 25 -23 -90 -54 -12 33 94 90 17 -53 -37 59 -22 -98 -36 -19 -95 -56 -90 64 -16 25 -24 41 -86 -13 -50 52 -52 -3 -23 6 51 -18 -61 -4 99 -51 57 -81 -77 -73 60 -31 88 -70 3 -53 -95 41 -46 -4 -80 95 68 -51 36 -31 -7 97 26 -36 -72 -98 -9 -97 80 20 23 -18 -96 83 -64 31 21 92 87 -61 -41 -18 30 56 38 41 -23 93 -14 25 -79 -40 11 -16 -67 14 5 52 -72 60 -94 -10 12 97 -58 -53 100 -4 -70 91 27 -96 -55 -4 -85 73 10 2 45 28 -79 22 92 41 50 -4 -6 -83 -79 85 -92 14 -4 -10 -81 58 82 56 -15 -78 97 -38 -84 72 54 10
19 -92 86 6 49 1 78 -75 -10 -75 32 7 -57 90 28 -6 68 14 88 -13 -98 -95 -93 -41 50 57 -55 -11 60 -36 -67 -46 -86 -52 -88 -28 1 97 2 72 52 -38 -92 -73 -75 -84 -77 -77 -44 54 20 78 84 44 5 48 -3 -38 -44 76 -94 -24 -4 -5 -12 37 -9 -25 -6 -84 55 52 26 -5 33 -12 -68 68 -74 9 100 -51 -100 -57 60 62 39 66 -46 63 53 68 -18 -68 4 38 -56 46 -81 -70 53 66 -72 35 96 38 20 -60 -6 -4 87 -62 70 -60 73 76 94 -47 -42 45 -71 -67 18 -36 76 -73 -10 -10 17 93 57 38 -29 -32 -73 -2 63 66 -65 -10 -77 -45 23 -32 -53 95 82 -6 61 0 6 -30 71 -22 67 8 48 -10 30 -82 0 -3 -92 -13 -21 -22 -15 82 -18 -18 -71 -24 12 18 -12 -16 68 54 -42 81 71 -85 -36 -96 71 40 1 -67 -71 -88 20 36 -12 1 67 71 24 78 -45 -13 11 80 -15 -74 86 89 66 -90 -33 -31 34 -34 -59 79 -33 25 62 14 -39 -6 7 71 69 39 72 -48 65 24 -58 68 -94 44 -22 34 -21 -45 28 41 -5 -18 49 70 -95 -28 -3 -76 53 -26 89 53 -26 11 -92 -35 14 -42 -64 -2 -22 63 -36 -89 -64 -58 40 -81 -60 -84 -28 60 65 -24 19 -100 -38 83 -79 -66 4 37 -37 22 -40 -58 59 -27 -3 -42 61 -65 41 67 -32 -70 41 -66 -56 -32 12 64 -80 94 41 86 11 -99 37 12 27 25 -43 53 29 -46 19 95 19 -52 -2 -19 2 23 -20 44 58 -11 41 -79 24 -24 100 -46 -25 58 42 38 10 88 44 5 12 80 18 -91 -96 -18 92 49 -16 -56 -85 13 -40 24 -45 -22 22 -40 34 -30 -81 46 72 87 -14 -69 30 -79 89 -17 -19 -97 5 25 71 -57 85 75 -28 -61 -68 -58 -8 -56 10 -4 -52 -40 -42 28 59 -10 35 27 62 47 9 -14 -96 -84 49 -4 -95 -32 68 -1 23 -9 32 89 -71 -77 -71 56 -61 -82 0 -27 87 54 -1 -53 -55 -88 -52 -73 27 -98 73 82 48 -89 -48 98 -81 72 13 55 -48 45 79 -9 10 43 -6 23 -74 90 37 -47 95 -100 -35 -64 3 -30 -64 -19 -56 -81 2 30 -19 45 32 38 12 28 47 49 20 68 93 82 54 -57 -33 31 -50 57 12 36 66 73 -77 -23 -22 23 -93 95 8 79 2 95 -9 62 -32 -45 88 -56
83 96 -58 -92 -34 -49 69 -55 -84 34 -37 -88 -42 77 53 29 -80 -7 -11 40 -55 -88 -42 -20 39 86 -86 -89 -71 -32 -82 91 70 49 68 82 65 -43 -22 -10 -94 75 3 72 -80 12 -67 82 -100 24 59 58 44 -84 -85 -69 -11 -66 40 -51 -66 46 -5 -74 -69 91 98 -65 -42 -92 9 -19 -31 -86 2 46 45 51 -60 96 49 74 48 76 -91 -54 75 -54 -16 -79 49 64 -14 -97 100 -43 73 -77 -68 -80 -73 -33 66 -48 -65 -84 -89 8 49 41 -52 -96 74 15 70 -10 -24 2 -16 56 91 -99 -33 44 -74 87 -83 49 -45 -29 -65 -17 67 90 -66 -97 -66 -7 7 88 13 2 -27 -2 -9 -73 75 -47 -7 -3 90 47 58 -39 -57 20 45 -64 -78 9 31 -6 -17 18 14 65 4 81 -5 52 72 -96 -48 16 -64 -62 12 -64 92 -76 -78 24 10 47 76 84 -49 86 -2 -94 30 85 98 36 -34 -47 -7 18 -35 5 38 -63 98 -69 -19 21 -16 -51 30 50 19 -83 58 -86 -41 0 61 5 81 29 24 49 -86 51 89 96 49 38 56 23 17 58 47 -78 77 40 -36 -80 86 42 18 -30 -68 75 98 24 -86 -26 -51 84 29 -71 -66 -69 -65 -68 87 22 8 9 -12 -90 97 60 25 30 -62 -22 -60 18 -65 -31 -43 28 -87 -57 11 -74 18 2 -49 -35 69 -72 -51 -80 -8 51 72 -9 -41 64 5 -43 -79 24 -51 30 89 -97 52 39 -24 -23 72 76 23 -20 -48 23 -53 70 98 -36 51 17 32 7 92 -49 -85 9 65 91 -13 -44 70 46 -78 20 -83 87 57 -83 -93 78 -9 -46 -9 51 -11 -78 65 13 -54 58 -44 38 16 95 68 -9 -46 -27 -78 82 88 -72 70 -20 -34 56 38 36 68 53 -12 -11 -82 2 60 2 32 -45 -42 63 64 -25 -88 32 -73 8 61 89 -26 -87 -55 5 -14 44 74 98 45 51 -1 -20 -54 99 -67 90 -49 -95 -2 70 58 62 41 12 -91 -86 -20 -39 76 91 62 38 52 53 27 8 65 24 48 83 41 -89 -47 49 -68 -59 -98 -99 62 -32 43 58 -51 -99 78 -23 87 16 -46 -92 12 -70 14 -71 -76 91 -34 67 -29 50 -46 -10 47 85 61 -65 5 89 33 -55 23 -84 -58 -60 -24 -73 1 -68 3 -25 10 54 24 -85 1 -40 49 14 75 19 -77 65 76 -93 -53 91 65 17 90 77 71 80 -19 -74 67 -38
59 50 39 -96 33 35 -3 -72 63 71 -47 69 -58 -9 -84 -61 -39 74 -95 -79 -66 -35 -70 82 -51 -69 44 26 -19 56 -2 51 46 11 41 -6 -67 -25 86 46 -64 24 54 99 15 7 50 80 10 41 -55 -52 -70 44 62 28 -19 25 -39 73 39 -55 -7 -90 -54 55 15 15 -21 58 97 -64 27 -85 73 81 2 -33 -3 -6 -78 56 5 36 -54 -22 42 70 73 -31 -80 28 69 -53 -77 16 -84 90 -80 -48 100 -48 45 -93 -80 -100 45 13 -49 71 -86 -95 -48 -16 -12 -16 -3 31 -71 -25 -33 -36 -25 -62 -61 54 0 -51 22 -93 23 39 -50 -80 81 -10 20 -73 -57 62 -22 43 -28 -89 -65 100 75 0 -84 39 -61 65 92 48 -20 -97 96 -95 -3 33 -35 -21 22 90 51 79 84 11 -46 78 -2 -29 25 -97 -66 -36 8 -100 4 -65 -25 94 81 -97 26 -91 -63 55 -63 72 67 -94 -100 -70 60 -14 -42 80 -74 -50 -63 -62 41 -64 -28 -3 1 51 -23 -51 -100 49 -56 15 73 -1 7 -81 65 -99 69 67 -95 -57 -90 100 -90 94 45 -57 -92 -98 65 7 68 47 -92 -17 -46 -93 -86 -30 -79 65 -13 20 10 5 13 -83 52 -54 -10 -39 83 63 16 -43 14 -86 -2 29 95 -35 -47 -49 -58 93 15 -69 45 -78 63 -15 28 -83 -38 27 19 40 22 58 9 -80 -36 28 -26 37 -19 -12 -84 -15 -47 -93 -90 78 -39 21 55 9 63 46 3 -38 59 -99 -87 -88 71 60 46 9 -16 -38 -88 -43 11 -91 -78 -34 36 -14 -99 77 -19 97 -73 96 94 65 -95 45 17 74 60 51 -97 -38 -88 -81 -39 76 74 -37 47 -10 -39 -33 -78 -41 53 -12 25 93 -1 -92 94 52 -79 -59 74 -22 -28 76 99 49 -26 -3 -79 97 67 -35 57 -10 -10 38 19 56 56 -33 -90 9 -74 -79 86 -84 -13 -77 -68 72 91 38 -14 -32 -65 94 -74 -14 38 97 68 -12 99 3 62 69 -84 38 -80 76 -86 91 -87 68 -57 -96 -21 -11 -80 94 -29 53 43 -62 -58 32 28 91 -80 -73 -38 -58 -49 58 26 -27 67 -90 -40 -81 44 -17 -31 7 2 -4 -17 -32 15 84 -73 -20 -20 -69 -44 72 -96 -52 -20 68 -92 83 -92 -23 -53 82 4 32 -22 76 1 -49 84 -48 7 43 -52 100 39 35 29 56 41 -21 -77 -7 32 17 15 -70 72 -26 -75 -80 59 -26 -52 65 55 65
64 42 35 -68 -3 1 98 -7 -97 -95 7 -16 63 -30 -78 76 -85 -53 38 5 -31 -4 18 57 23 87 54 52 31 59 71 76 65 -51 -60 -22 -43 -40 -16 -70 -84 49 -2 14 69 -57 -34 -13 66 49 -86 -13 -57 73 -58 52 58 -73 -82 -84 -3 87 -55 2 -27 51 55 -30 -81 96 17 -85 -25 17 -91 -11 17 -91 -47 88 90 40 96 91 -54 -78 36 48 -44 -66 79 -61 7 26 -92 62 43 -69 43 -15 -37 -86 8 -41 90 29 60 -26 -68 -85 -19 -62 -32 -74 50 82 43 -62 82 75 99 -5 -25 41 42 55 13 -78 -37 -50 44 -82 28 -30 27 -56 63 86 0 -8 -62 96 -12 89 -36 -39 -7 -34 -59 59 54 -87 47 -54 -88 -9 -84 80 -58 6 61 59 33 43 -90 69 30 -72 65 84 -22 77 -65 54 -42 51 -27 -76 -68 -26 74 -40 52 -15 99 -27 49 17 -39 -11 -13 82 48 24 57 16 32 69 15 26 16 -12 -94 10 -54 31 4 47 -88 -13 86 2 52 -30 50 69 -87 26 -60 -59 -79 24 -35 -80 82 -73 -80 -42 100 98 94 -71 -17 -93 -57 82 -19 86 -7 83 -4 13 38 -53 67 41 96 -76 88 -40 -73 49 -63 -67 -51 75 -51 44 98 -83 17 -11 60 2 -14 52 -68 30 3 -40 74 31 78 -12 36 3 14 62 49 14 -25 -34 -89 98 -13 -70 43 -4 -61 8 46 4 6 -68 21 34 58 -43 67 -42 -87 2 67 7 -6 8 90 9 60 44 93 95 -66 42 48 -50 55 94 75 -34 -35 53 24 -41 -52 23 -26 -62 94 -68 67 97 59 -41 38 -5 -67 -41 64 58 -77 -64 -26 -90 93 79 -16 5 29 80 -79 -41 -1 17 46 -4 -24 8 -79 -26 -37 25 89 -19 -70 -2 -37 -40 -89 -1 92 81 -3 93 31 10 -70 -18 97 -93 -100 -17 -25 -71 95 -32 -53 63 36 1 84 -36 -94 -33 14 -90 -41 -86 -100 -10 1 -13 -38 64 -41 -53 -71 -68 -38 -24 -85 -21 -64 -42 25 -63 -51 -10 4 -16 38 -47 74 -99 33 -79 -96 97 25 -73 51 84 -12 -43 53 -40 -98 -44 98 -69 17 19 -15 -13 55 58 64 69 22 -24 55 30 17 -63 -67 -16 -77 22 51 48 24 -83 -45 14 40 61 30 76 -30 35 94 -22 53 83 72 11 28 -32 32 39 -92 87 82 -13 -40 28 55 -77 -10 81 25 -35 -86 -10 48 -3 63 75 -12 -65
19 11 56 87 91 72 12 6 44 65 -96 -88 -29 45 46 23 49 27 -44 -55 50 20 75 -82 26 -87 -9 -54 84 -45 27 -25 -24 60 24 -34 -36 -23 13 -74 -46 32 -36 5 19 36 -54 68 -54 -52 63 4 -28 47 64 1 54 -51 -15 -36 -100 14 -5 75 -3 -63 -76 99 24 21 27 -12 43 -25 74 88 46 -71 -98 77 0 -26 43 60 66 16 92 -9 16 5 10 30 39 54 78 49 35 -89 46 30 14 1 63 -34 -19 -38 48 -79 92 -55 -65 21 72 79 -30 -24 79 35 -77 -72 -84 -44 40 49 -84 2 -55 17 37 -51 -92 82 95 -22 25 96 2 87 -27 -61 62 74 -3 -36 50 43 5 -18 -77 -62 26 46 -57 23 35 93 6 -39 86 91 5 -87 -18 15 -59 -23 63 25 36 65 -26 30 54 -53 -14 -65 -62 -74 43 -34 -64 -82 -49 -24 -86 -37 80 29 71 -21 -80 -81 -22 -52 -69 -83 -37 62 59 -20 5 -80 -17 -92 -10 -21 58 -85 -39 -98 -87 52 53 -92 60 -31 58 -97 99 -20 51 86 -11 -3 -98 51 -10 0 92 -50 -60 94 17 -69 36 -75 91 14 40 25 32 -8 -59 -35 -55 -99 94 -58 -5 17 77 100 55 35 45 -3 -31 10 -43 13 -56 48 -47 95 -63 -18 -72 10 71 -36 -30 -72 -69 -31 55 5 9 80 -4 2 -98 78 -14 97 3 -33 79 49 -50 32 -38 93 1 -58 31 -81 -21 -75 59 14 12 -1 -73 -36 83 89 46 -32 7 -30 2 -99 -90 49 -86 -49 58 43 -86 -70 38 95 54 99 -25 -16 -66 -19 12 52 -1 -52 65 24 91 -98 38 8 20 -41 -44 -66 91 -22 -27 -17 26 76 1 -73 -94 77 -74 68 14 45 27 -69 43 0 35 -45 -33 12 -37 -7 33 -84 -98 -94 -88 41 22 79 -32 -10 29 84 51 80 -73 -73 -11 22 -69 63 19 -14 -25 76 51 11 -82 98 -95 71 -67 50 -16 -54 96 5 92 57 -9 21 -53 37 -16 -17 74 4 -66 46 78 -53 -15 -65 88 -48 -25 -29 -7 25 -41 -96 9 -10 -89 -11 -47 -19 33 52 -89 86 39 -80 94 50 30 49 -47 -80 48 9 -36 69 70 -63 7 4 52 -49 30 -72 56 72 -9 3 -67 -64 -67 68 -9 -74 -36 98 -8 28 -50 -70 -16 -15 27 81 -16 -86 21 99 -23 -92 -85 -56 -7 -77 53 -89 34 -90 94 -73 1 -50 -20 -92 -40 -63 93 2
2 89 89 -10 -47 -59 -37 -81 60 96 -50 -57 0 -58 2 -76 -56 92 -85 -89 0 5 -32 -44 -16 -81 -74 -92 25 81 91 63 98 6 -11 -27 7 24 -40 -36 -10 -96 -29 -96 56 -43 87 5 -73 61 -95 -59 -43 61 -60 39 96 18 88 74 69 85 36 83 24 60 99 -1 97 64 62 73 -62 85 55 -35 98 -22 -49 15 -7 77 -40 -14 -48 -93 93 -4 -41 -68 25 25 -26 -32 60 6 83 47 96 12 91 -64 -65 -71 13 46 -63 -70 28 -45 -33 69 -21 -60 92 -22 69 100 77 63 -96 -13 -84 -4 56 96 49 -96 33 51 -97 -21 76 8 -26 -81 -22 33 53 4 16 86 98 84 22 -23 -12 -35 53 -8 49 -11 -63 -86 62 51 -67 -40 -92 25 56 -79 62 96 -99 -38 65 -68 -3 68 -29 83 -3 75 88 -58 -66 2 99 71 -50 69 -50 -62 79 24 -93 4 57 3 58 -19 2 -52 -53 75 80 -85 -17 -86 26 74 22 -46 96 -32 -74 62 -51 91 6 11 -78 -30 -19 57 -24 97 -40 81 -12 -60 25 36 81 47 -59 -75 -72 24 -77 48 -23 69 -22 53 72 -90 0 -75 -51 -93 -5 11 46 56 -65 -95 38 77 -89 70 57 -73 99 10 -96 -64 62 84 -23 -63 -91 64 27 5 30 -95 21 -1 38 -27 -24 74 -69 -1 -93 50 92 -93 30 -34 71 82 66 -25 -58 35 -40 38 -86 13 -30 64 -17 -98 97 88 -89 24 -43 58 88 -90 -32 3 -9 56 42 -95 88 -28 -2 58 -26 -89 12 -54 -27 90 56 -11 3 50 76 -100 -99 -78 70 -65 38 37 3 -11 16 -96 84 -50 96 28 81 11 39 18 -6 -27 61 60 40 98 -29 99 77 -57 14 21 -100 -2 59 27 -95 -9 44 38 38 32 -15 22 -42 80 -86 -92 7 75 -72 22 -87 -93 -61 7 66 47 83 -38 -68 47 59 16 -47 2 -43 -20 3 -12 -46 -30 -98 -65 -7 -79 52 -94 65 37 88 31 -57 54 70 -19 -91 53 90 -88 76 -47 -55 -25 97 -59 63 -79 -80 -33 -80 67 -86 48 1 99 45 -60 63 -70 -25 -82 -98 -13 98 2 -62 30 40 18 15 -51 -99 24 -92 13 19 -53 -39 -96 94 -54 3 79 -9 66 -1 59 -100 -50 -56 52 -69 -58 96 -100 95 39 47 -26 36 73 -5 15 -57 14 73 17 -12 0 10 11 -27 -100 -29 -58 -22 18 37 -16 -19 -57 -54 -53 -3 26
-99 67 74 -3 22 9 -24 85 54 42 -3 78 51 -90 59 -60 21 66 -3 32 100 -3 -35 24 36 -54 -84 -71 47 -18 80 -68 44 25 -86 27 87 82 -20 -99 -39 75 -49 42 28 15 25 48 44 39 -46 -15 75 9 53 -90 -66 -31 -76 -87 -80 -15 -13 88 -6 11 22 -18 -87 -77 42 -58 -28 98 -42 -38 13 -9 -45 -97 -99 48 47 -87 30 -92 -51 78 91 -6 -80 76 -42 -30 29 -87 80 68 64 23 47 87 -90 -58 1 -59 91 -28 -59 -60 10 -75 -93 -21 -37 3 -65 26 79 45 -47 -25 -2 31 18 -69 41 -27 32 -12 -64 -93 100 45 8 -38 -95 60 -12 -100 53 -72 93 -29 -43 65 -37 -80 -77 56 -22 -41 91 -5 31 15 -84 -39 -52 59 65 -36 1 4 43 -30 56 10 -17 69 -25 -3 -83 31 2 -57 -55 6 -37 73 21 47 76 52 -70 -29 -34 -11 -62 53 -6 61 48 -80 77 87 -28 -83 -65 -27 -9 -80 -33 38 -48 -20 -100 7 -47 52 36 -21 -76 -22 84 -62 -59 9 74 61 -23 29 24 16 74 25 73 4 -59 85 77 57 -87 47 30 -6 91 -68 -50 -75 -41 -11 8 12 -88 43 0 51 -61 -2 93 36 84 -28 -13 -5 -16 74 -45 -92 1 -84 -2 62 7 96 -3 49 -85 -63 -70 53 -39 27 48 31 -64 -39 -64 24 57 55 54 -20 -99 -72 -5 1 -98 69 71 -21 -96 86 -59 100 2 83 81 -12 31 -38 -72 -67 -68 20 -8 -41 -64 58 -16 -34 48 -5 -76 -68 -23 16 95 -83 64 40 31 -84 -40 98 -60 95 -1 -7 -98 -54 58 -66 98 -71 39 5 39 17 97 60 -83 -56 -87 -48 -92 58 -75 15 -9 -32 96 -56 -61 -61 54 52 69 44 89 -32 -54 -32 -79 90 -32 94 96 -24 31 89 -9 95 -50 15 -6 74 -49 -61 -34 -45 -46 51 -28 30 -34 11 -12 -52 85 -58 76 43 95 33 84 39 -89 31 22 -94 65 -55 -57 15 31 -8 -73 -35 76 4 -25 27 39 -49 -18 42 -84 -78 97 48 16 -73 -65 -7 94 33 -51 67 63 2 51 -33 -59 -68 -75 51 83 -99 37 0 82 -96 8 88 82 -4 84 -6 25 -29 -26 57 -32 92 45 74 -69 69 44 -94 47 -12 63 -11 14 -61 0 96 -94 18 -47 72 -81 -68 -16 -52 73 -15 -78 97 91 50 -64 61 -44 43 -45 -89 45 4 -81 62 -32 -100 -19 3 81 51
45 -88 -29 35 -17 31 -76 58 41 1 17 90 -10 -21 99 -1 88 -73 95 88 -66 50 -1 -58 -38 25 88 -82 87 -99 27 70 -70 62 -75 -15 24 -74 54 -55 76 -41 91 25 -54 17 -12 73 -38 78 9 -33 91 54 -82 -34 51 -54 2 12 -96 -42 -46 27 -5 92 -35 7 -62 -45 99 95 -81 75 -83 37 7 -14 99 -68 -55 2 100 -35 -26 51 32 -36 -65 -16 -3 70 -9 41 -3 30 -50 44 -87 -43 63 67 -96 -3 19 8 30 -81 16 44 -18 20 -59 74 -55 51 59 88 0 -12 58 67 35 -54 58 7 -86 77 83 -93 57 -51 -41 78 -10 41 95 -64 89 -2 31 -38 -9 -96 -70 -59 90 38 54 -90 58 -100 2 -32 -11 -6 42 37 40 35 3 -84 39 -28 0 -1 -46 73 3 90 -29 26 55 36 -43 14 -60 -66 -19 59 47 -46 -46 90 42 -17 -22 39 -38 -51 18 7 -17 -54 82 68 12 90 79 87 -1 78 97 37 56 7 -44 -10 98 91 -78 27 -21 15 -43 69 20 -78 60 -93 -40 28 -76 45 -64 -7 95 -53 -100 1 50 -93 15 41 -99 62 -97 -29 -18 98 90 -88 -21 -44 81 -57 100 41 57 11 -97 61 -96 -51 -2 20 -29 -10 54 -1 12 -92 -59 35 -64 93 36 75 64 2 83 -55 61 -66 -75 -89 -45 -45 14 -78 -35 -65 7 8 67 -16 -76 -86 -74 -67 4 89 -26 -70 51 90 34 19 -20 -65 7 -56 57 82 -94 88 -67 -95 36 72 -99 53 -93 6 70 32 27 17 92 -85 -89 -25 -70 -23 -38 -91 5 99 -82 13 82 -71 81 85 -90 -6 -37 71 -41 92 55 -2 -64 88 95 -46 -80 -75 40 12 13 23 -85 25 12 -92 71 38 2 83 5 -90 -59 -10 39 -85 7 79 94 66 -55 43 -83 -89 -78 8 4 -26 -80 -66 63 -11 -91 -2 -3 93 37 -54 -42 -22 94 20 -38 84 -49 7 11 -4 -58 69 65 -79 -17 -90 61 -92 -10 64 -39 31 84 -66 -37 72 -77 31 -11 -88 -25 60 54 -74 -61 62 -52 -90 -64 99 -94 -27 -58 -85 -36 -41 52 74 28 82 -72 -46 -8 -29 -56 13 -26 -77 -93 61 -33 -97 -42 -40 89 77 -27 -72 15 -49 100 67 60 56 -73 -47 -13 78 54 74 -83 -53 -97 -7 -95 -30 69 -89 74 82 86 99 37 58 -94 -60 -29 81 10 52 75 -90 85 -91 -41 -2 -11 81 78 58 -27 -51
-66 -81 -93 -69 -52 63 -85 79 -34 98 -74 -89 -82 -48 -8 -33 84 64 84 2 10 -39 -96 -75 -19 80 -44 83 -66 63 -95 -59 -2 100 90 63 -22 -47 -30 12 -10 93 98 -35 82 -34 -39 80 63 8 67 14 32 -24 -55 -44 37 -78 54 -35 29 -21 -65 -37 -11 -82 86 -13 70 -91 67 10 -63 -23 -5 81 73 2 23 86 -7 34 -23 43 21 -42 16 -98 -1 -66 9 94 -9 -37 62 -93 90 95 -98 50 84 27 85 34 14 75 3 99 11 79 37 34 -16 65 65 89 57 19 2 2 96 -89 54 -68 47 -91 89 -2 -31 -95 -43 45 -64 -18 -21 -37 -17 62 -84 -20 75 33 23 62 58 14 73 -67 44 60 31 37 46 -16 -51 -91 0 26 96 70 -2 -82 -92 -13 99 -17 -52 -51 26 6 -7 67 -31 -100 56 -79 23 79 29 -23 -43 96 18 77 23 -74 11 49 -78 100 -38 -80 27 97 -98 11 99 93 -54 -29 -11 65 83 -67 -43 -44 -26 -22 -69 -76 69 7 80 -70 -92 -24 46 23 -59 95 71 30 57 -26 -40 42 91 -53 -22 66 -98 -34 88 -52 -84 41 23 -46 48 -12 87 98 14 -20 47 -11 33 3 13 -85 5 -93 -39 51 3 -15 78 -86 12 -56 -57 59 -15 38 50 23 -23 -28 -70 7 95 -13 -36 -99 55 -87 75 -36 -49 79 -28 -32 -96 21 83 -66 60 -95 -57 -2 -20 -6 -21 66 60 -60 -40 69 91 -82 -50 95 57 -68 -78 -1 -20 -16 -69 -44 72 9 48 92 -6 -62 -88 59 -100 100 45 61 -25 40 -58 11 -77 31 -100 -68 62 -61 67 97 -28 -62 77 -46 -84 -43 -22 -14 -95 48 75 57 -47 -31 -34 -43 -97 68 63 68 -68 77 -50 51 17 30 30 -1 -23 -83 -8 46 67 28 -27 3 -79 79 58 -100 54 49 78 15 65 81 17 78 -99 -42 99 -32 97 -12 -61 -66 -9 33 -5 13 -13 24 -14 -35 -55 -96 -4 76 49 -43 -23 16 -66 38 27 58 -96 50 -61 -69 -37 -85 -86 -52 -3 94 -98 27 -10 -34 -35 -60 -80 66 -89 -83 90 79 -52 19 -97 57 27 -67 1 -75 -24 22 -26 51 -40 -12 -64 -65 -24 -12 65 -36 13 4 -46 -56 -84 18 -75 10 72 -97 -90 66 -60 94 -36 78 -20 -51 -80 -14 -91 -86 -94 75 98 -93 85 -68 -9 90 32 62 -21 38 -61 -73 9 -12 27 -42 -35 99 -85 24 68 47 -51 23
-45 0 -56 82 39 -90 64 -23 -27 -20 -71 -83 52 -51 -86 -27 -59 -4 44 48 36 36 -58 -53 76 67 32 -59 -17 -56 -95 -26 -95 82 -45 -18 -49 66 -59 18 64 6 47 31 -69 -73 -73 59 -52 89 -92 1 -17 -85 -50 -19 33 -89 -18 81 -67 -74 92 -2 -41 1 -23 45 39 71 66 9 22 25 63 -17 -61 -52 -33 79 -46 -64 40 -91 10 33 6 91 -76 15 15 -56 13 10 -5 31 23 -21 -99 63 -97 -28 -39 4 -33 -7 2 18 55 66 97 36 4 -94 -85 -16 -47 20 27 -77 68 -14 3 -99 -61 -83 -38 -29 -59 73 -53 -84 -50 85 55 40 -22 57 58 -71 -58 -49 -100 52 -30 58 -98 94 -37 8 7 59 -33 -69 59 -23 -36 10 86 55 40 95 -23 12 71 -83 7 100 -87 47 18 -88 72 -15 32 -89 52 68 -69 64 -100 -69 -39 -18 18 -32 -60 39 -78 -29 39 86 -26 48 58 -74 79 -19 -61 46 -30 -41 -18 -63 -34 -62 41 14 72 25 -32 -95 58 67 -71 85 -96 24 -31 -27 42 -6 76 58 -63 -83 -30 -90 -93 -29 -36 41 -99 86 10 -54 16 20 7 84 12 28 -76 -4 -98 -47 -7 -74 74 -73 7 -41 -77 -6 -77 14 -60 -65 -50 44 -64 44 61 47 -40 4 -54 -70 39 23 0 -25 48 -53 -99 -43 -65 16 1 -56 -18 55 -38 -7 -29 -31 77 -47 -18 6 4 31 -41 -88 89 -42 -98 -23 2 87 -51 -47 4 -20 86 -46 -44 24 1 25 40 82 -30 82 64 -18 9 7 -78 -42 80 81 71 -22 16 -33 96 0 -96 -42 60 -58 -95 -89 64 -21 82 -76 70 73 -29 77 -25 -57 -78 -90 20 -73 92 79 -64 -15 54 84 73 87 47 -33 -38 37 -5 17 80 60 -34 74 97 11 -44 -34 -65 -92 62 53 1 48 32 15 14 60 39 -26 -7 14 -72 24 -36 1 6 56 -57 -62 18 2 18 100 -84 2 -2 -44 73 -82 -67 17 -78 -2 50 36 88 -41 23 49 -16 -26 84 10 10 88 -48 -91 42 23 -91 91 -79 8 99 -77 84 28 -40 35 -67 -43 63 -95 -24 34 -96 -90 -36 -48 -33 -2 42 42 -78 57 31 3 78 78 57 60 12 -18 -70 12 -9 -63 -25 -67 92 90 -33 84 -61 33 -21 89 -98 6 76 -48 55 -73 43 28 -71 31 -79 -12 -53 24 -93 39 60 24 -47 -77 -8 -45 96 96 -34 -88 65 50 -86 0
-45 -15 -16 -39 22 -5 42 78 -68 -23 -43 63 20 26 18 51 -18 25 -38 -25 15 55 -66 -44 7 -10 -36 -100 19 -64 47 34 100 -47 -48 55 63 -75 -83 95 -34 16 87 68 22 39 100 -7 39 -84 -43 -7 98 -27 15 -97 -83 76 -65 79 -100 -94 46 5 -42 -45 37 44 -15 -39 -93 26 -75 -73 52 -5 -73 -88 -60 -11 -75 -51 -61 -94 -11 22 30 -82 67 -74 0 -23 -13 16 15 -33 92 45 -77 20 20 20 52 91 -38 75 4 -21 -26 -90 -19 44 -40 -40 44 2 -43 51 82 45 23 -92 -99 82 -54 -97 29 -29 -1 58 -65 -66 -50 -96 -12 68 2 -83 12 -10 -97 89 36 -6 42 54 -78 65 88 -70 28 -30 81 -93 84 51 19 27 -18 -65 97 -15 -11 7 24 39 -71 -16 68 -32 4 11 -84 100 40 89 69 36 -90 79 70 -99 21 -26 9 48 98 -44 81 52 53 -55 32 -99 -98 3 85 -90 51 -40 -5 -78 -3 -23 -16 85 -29 32 -71 43 15 -54 -89 9 -66 -41 68 -93 -84 49 -36 -66 -75 -36 71 -52 -90 -16 -52 20 -79 47 33 31 -13 2 7 18 -18 80 70 34 92 69 -67 -13 9 -72 85 38 36 89 -7 98 100 -56 15 92 0 -23 -86 -93 -37 -91 -96 -41 -44 -1 -53 -87 82 -85 13 25 59 48 62 -74 -45 -28 -89 -21 -19 -10 65 -23 48 -2 5 -85 34 -57 55 -94 1 -75 -57 -61 -20 67 -13 -54 28 37 -73 -87 52 -36 -42 -11 67 86 11 43 -64 71 -67 -3 -12 62 -73 -30 35 75 53 -37 -79 89 -3 42 -7 43 -83 -13 -33 90 20 -80 -4 -83 3 8 11 56 -41 -92 7 41 -70 -12 -95 27 -42 95 -24 16 -63 -28 58 31 90 24 -81 29 3 -68 -74 18 -6 -63 -8 25 -6 -77 -31 -86 81 50 34 -42 16 24 79 60 94 65 -34 -59 -91 40 39 -14 -80 -69 17 53 11 22 98 -17 -73 -99 27 12 -52 -57 59 78 -1 10 37 -71 63 94 98 -5 -68 89 36 74 -83 78 -78 46 69 68 32 -29 77 31 -85 26 -19 -69 -55 86 88 83 59 -40 -48 18 26 -12 57 14 37 10 -2 -12 64 -86 65 -85 71 -56 33 26 97 31 -1 -71 -66 -15 -57 97 -4 59 -15 -6 -7 65 83 -99 -22 70 27 -72 65 -67 -47 -77 75 77 -2 37 -76 51 40 19 44 -44 -89 68 34 27 13 -12 -48 2
-22 -8 74 -33 57 -99 18 -34 0 -24 23 9 33 -92 -66 -74 34 19 48 54 12 21 98 58 22 19 -7 14 47 -78 -32 5 -43 -43 -12 -67 -75 -66 -35 -72 70 -52 29 -21 37 8 47 99 -17 44 -3 31 94 -13 -57 -76 -9 0 -57 54 -39 42 8 -17 -48 49 -36 -95 86 8 -55 49 -66 -23 -78 74 9 -11 96 -95 59 4 92 9 38 27 -83 -68 -13 -68 -50 -9 70 81 37 69 -8 40 42 49 6 99 -73 91 -79 -30 26 10 40 90 -23 -52 -92 -29 5 -35 -6 39 -83 -15 50 33 22 86 21 66 56 25 97 67 -20 -64 27 -6 100 97 -55 -41 40 80 25 68 75 -6 -42 43 -22 4 50 -38 28 49 -12 -85 -35 86 15 14 23 39 -7 -80 1 12 -51 -25 -66 -53 13 63 -41 -42 -97 17 -58 42 -91 32 35 95 75 -81 27 -73 34 71 76 45 62 17 83 41 -23 -83 29 64 -63 11 -12 31 6 -6 -9 -48 -26 62 -55 76 -71 80 85 97 35 -79 1 37 2 -25 25 -20 -97 -53 -28 -3 -29 76 24 -54 6 33 96 -54 52 -97 8 -86 78 42 -12 -71 39 75 -36 -83 10 58 -69 2 37 -70 -31 -73 91 0 86 68 -8 -86 82 31 72 -71 -34 -91 -75 -82 93 -44 46 -59 78 -70 -69 -55 -53 75 -3 -86 72 -89 78 -57 -35 15 -82 -51 -5 -3 -54 87 71 30 -97 -47 51 99 35 25 -28 -7 -39 100 84 81 -24 -67 -47 22 -39 -29 -94 -56 -46 21 2 -61 -63 30 19 87 -58 27 87 -79 16 35 22 -58 -25 -23 -2 22 -76 -82 -22 -45 13 32 -80 -9 -21 -52 55 -22 -87 -13 -32 59 -10 -33 -5 -50 79 -27 -21 64 -58 19 -46 24 -40 -45 70 43 15 49 -90 58 -27 79 -22 -95 43 -90 -80 -89 -79 -16 -100 -81 100 46 -71 -77 73 -76 41 67 -59 -62 -31 -78 -25 -91 -5 73 -33 27 75 11 -16 -47 -41 -60 86 -96 47 44 13 93 -94 39 9 -18 -24 13 10 72 17 -80 -70 64 64 -57 18 16 -83 -56 -60 -74 5 0 56 72 3 94 8 -25 -13 -73 31 31 -71 6 65 -24 4 80 75 -95 20 5 33 -2 76 89 94 5 2 -61 -89 59 -17 -33 -41 58 52 -81 -21 -45 100 7 31 25 44 -11 8 55 21 99 1 -91 -85 98 -51 85 -26 15 -34 96 79 33 15 25 76 7 -74 -97 -69 -23
47 60 13 96 26 -19 -41 31 53 64 7 39 -66 0 67 -88 19 20 0 -78 -2 -77 75 -89 19 -95 0 -60 58 18 79 -76 -37 14 74 -42 32 -83 50 -99 -77 14 37 -96 9 9 -46 48 -17 -66 9 -47 -49 -40 55 -44 99 -12 14 45 83 58 -85 -80 -3 82 -78 -61 -5 -17 -66 -19 43 47 -5 -75 97 -69 -60 31 -81 -69 82 -3 15 -92 -34 -23 26 -22 95 -86 -16 -67 -21 26 80 -51 -8 -73 -74 -76 98 23 88 30 -65 -28 -89 46 26 -25 71 -20 61 -34 -12 -5 -28 -12 -60 97 -95 72 96 -14 98 39 -42 -6 60 -56 -41 3 71 20 64 -69 -73 -55 94 29 18 98 -18 68 32 -96 -49 -6 -61 -66 -9 -93 15 22 72 2 30 -41 4 70 97 85 -51 23 -3 75 38 32 80 -90 -26 -88 -68 -72 59 -44 -76 97 18 -90 16 54 14 55 -4 -24 -98 -87 7 -16 61 73 11 -31 4 -73 -12 22 -33 67 0 23 -6 -4 76 -68 86 -85 -14 32 16 17 -15 67 6 28 62 13 17 -47 -86 58 -55 4 -8 19 100 96 69 14 87 95 -35 -63 70 90 76 -37 45 20 36 89 -48 32 -11 6 61 -75 81 -5 -46 23 -94 -48 -13 13 -73 73 -85 -95 16 79 -33 -55 37 -34 -23 92 48 -33 -50 62 -28 -53 -14 8 72 39 50 -36 32 66 30 65 -2 23 89 89 -62 62 -12 43 -48 40 28 -72 -40 -63 -67 34 -51 -60 69 -48 -1 -93 -35 -34 -89 -44 -24 -68 -37 -81 -53 -24 -37 35 -74 -59 65 19 -11 -48 54 12 -75 -23 -78 8 68 10 17 51 75 -29 -9 -74 -38 -67 46 89 40 86 18 -87 -3 41 -71 -88 60 44 -100 90 13 -52 91 31 76 -80 -61 -87 -25 -11 -18 -94 -3 -50 -19 60 -49 15 -35 -58 36 -63 -74 57 -97 -12 -16 -75 -85 8 -10 100 -76 -47 -15 -4 74 -28 91 26 -51 28 -40 46 -68 -49 -50 5 -22 32 68 -18 91 -31 -84 -43 11 66 -37 59 -53 71 -14 -76 -71 -39 -22 -73 99 -73 32 63 84 -90 1 -97 -53 -90 -81 -22 -66 -52 -72 -66 -55 53 -99 -53 81 -42 69 -47 -36 -73 -42 -23 40 9 -47 -22 29 71 7 -74 22 -19 -70 70 -13 49 48 -26 65 36 96 69 80 44 -22 56 -69 -51 98 33 -62 98 61 98 4 -89 -42 86 85 40 38 14 -9 25 -54 0 -73 75 -46 96
-51 -81 28 -33 -73 77 44 88 36 58 -65 3 -98 73 43 -65 70 -23 50 -4 -33 -16 -33 -45 76 27 97 24 69 54 33 -86 0 45 50 -96 40 24 -69 -42 -39 -27 -70 42 -49 -95 -32 8 -26 44 -67 -20 -23 -41 65 -70 16 81 -66 -20 -77 -42 52 -39 64 52 -9 98 -80 27 46 -94 -28 65 21 60 -74 12 -37 35 4 19 -48 -44 7 -10 54 77 95 -67 -79 -74 -54 73 10 -82 62 -1 -64 -11 -37 90 -50 -5 10 20 -86 -68 -60 -61 -47 -60 -23 -6 -89 96 4 -73 47 -3 -38 -17 55 28 71 -58 -2 -18 -39 97 -93 -29 -20 -61 33 67 5 28 -18 69 -7 -79 -98 8 -38 21 13 5 27 -67 -18 -64 26 -31 10 22 48 -84 -7 -6 -96 -25 -8 24 -43 85 63 22 -44 26 32 -70 -97 98 -29 82 65 100 -67 -6 24 67 11 39 -15 -20 4 11 58 38 -53 -34 -95 -45 77 70 -59 71 58 3 33 -48 45 48 -40 100 -27 50 -6 -13 -61 -50 -42 -16 47 33 -13 38 -51 95 -14 42 -84 -88 82 -19 -74 -56 -57 -11 -83 -84 -96 87 -92 -77 -16 -69 51 -83 92 -96 -87 -8 29 -89 -42 -85 12 83 3 -63 -49 66 -44 37 -86 -52 50 -27 40 -19 87 -60 -76 31 -24 100 -67 -53 -81 -52 -31 48 -81 92 36 -20 99 95 80 -40 -7 88 52 16 -87 79 28 -42 6 11 -79 -43 -78 59 -84 55 -41 -64 -40 -54 63 92 -97 -5 -39 -70 8 -11 -33 84 8 -41 -36 -53 46 28 84 90 -63 -41 -70 -12 12 11 62 85 84 -26 -45 43 9 -79 55 20 -1 44 88 95 -58 100 69 -34 -80 60 -25 -100 57 51 -74 -71 85 47 -92 -74 40 -86 5 37 -61 71 -87 4 69 -93 100 29 65 -73 -73 -46 -43 -28 -91 -78 18 -72 37 -98 -63 -87 -22 67 69 93 22 -40 51 96 -77 98 -34 57 33 27 -95 -55 -83 78 49 -55 75 90 24 -1 -84 31 98 17 -28 -44 -74 38 -88 49 -11 59 -63 31 -11 -36 10 59 -60 64 43 90 -41 36 83 26 -70 -75 49 14 1 79 -87 -92 -37 -47 -99 23 5 -29 -92 -11 72 37 15 -67 68 -9 -52 49 -37 -93 26 97 -62 -89 90 5 -60 80 -95 -60 -88 71 -75 -72 -41 -98 100 -83 -37 52 52 -55 -23 -63 -79 -25 11 58 58 -21 12 -94 -90 69 38 -16 -8 -75 -82 95 42 64
53 -60 -43 60 -46 -11 -55 -65 73 -93 -64 93 45 -31 -59 89 6 3 9 37 -58 -69 -76 -45 72 -86 -85 -33 -75 -78 18 74 -47 -17 63 -31 -70 -65 -19 -74 85 26 41 80 -30 -2 11 11 20 -74 65 61 -95 -71 -95 15 45 14 77 -59 -96 -38 -96 49 12 91 12 -54 46 26 97 85 42 -76 -42 -9 54 25 -82 -74 97 -76 55 -71 -3 19 28 0 49 11 72 -33 -80 -25 64 57 42 -67 6 -95 83 95 -78 38 43 26 94 62 -40 -47 -76 75 57 98 97 -80 34 93 56 94 -20 -83 98 -57 -20 -33 56 11 57 96 70 18 42 -25 -78 49 -81 -64 -58 45 -70 -29 5 -71 25 11 -62 8 -59 32 -79 -95 35 -86 49 -28 -76 96 -16 -35 13 32 94 -16 89 86 -52 -48 20 96 73 -2 -13 88 34 81 6 25 -46 -95 19 -38 -25 -26 74 -52 23 33 -94 -37 9 -40 -94 78 67 17 -35 -35 28 85 -94 -25 81 -54 1 92 -20 72 80 51 -14 64 -90 -28 -81 -25 -77 70 38 9 -40 -79 -62 -88 -28 -41 15 72 38 42 86 -19 -94 -10 -40 -95 -84 -90 -40 13 -24 -2 -60 -22 -64 65 -58 64 17 6 60 -34 27 -37 72 -51 94 17 56 -22 -99 -39 29 -84 88 -62 66 6 -78 -65 43 50 66 -97 -16 65 -87 66 -6 -93 -66 -83 -29 -85 -25 16 78 21 36 85 -43 99 98 -80 -24 86 -33 17 -74 83 93 57 27 34 -57 -80 -47 85 14 -82 -5 -4 39 -69 21 23 21 -62 -66 -55 -29 -5 26 99 -73 -100 88 92 -96 93 18 -77 -77 27 -44 -49 93 -52 97 33 19 35 36 40 37 17 30 90 -55 -27 -96 -22 -82 -81 3 -5 46 -95 84 -84 -43 -48 55 60 5 36 46 -9 -26 -20 71 -22 -47 -24 -77 -17 15 47 -82 27 -20 -70 98 -44 -71 84 27 -70 -23 -7 67 49 -100 89 76 13 100 72 -15 -67 93 -97 -83 -42 -52 60 34 -36 96 -94 -50 5 -55 -26 -9 -78 99 24 22 -25 10 99 21 -40 80 86 -58 37 66 27 -81 83 5 -69 21 69 -30 84 33 -94 13 -53 -96 40 -53 57 88 -7 76 -15 57 82 -93 -41 75 -37 -63 -73 -20 15 90 15 90 45 -3 95 -87 -66 57 -46 70 -28 65 -1 -52 51 -60 91 6 -43 49 -59 -31 89 95 33 -78 53 97 -54 -16 82 -64 -51 47 73 6 19 -55 75
-51 -66 26 62 -21 -75 -80 67 67 -80 6 -18 -18 -31 46 -52 86 -74 17 58 65 28 52 -87 -45 -52 -12 -50 51 66 -60 -23 -50 48 -100 -78 -27 62 0 -73 60 -51 -92 -51 1 22 -2 -83 -19 9 43 82 89 52 -63 68 47 67 12 -46 48 -96 7 73 -2 -43 0 8 84 -58 71 -50 9 -61 -43 -22 80 76 -89 -9 -41 84 -18 74 2 -12 67 -3 -6 58 -5 -14 2 -91 92 50 -83 -14 15 -11 -8 -49 27 85 97 71 88 90 13 -9 -2 -60 -60 -100 61 -61 97 -34 19 -76 21 69 88 -54 -97 -86 47 -78 -37 27 12 -42 79 -8 -59 -9 -28 76 -10 95 -71 36 46 -65 52 66 -28 42 37 -50 -83 -59 10 -61 -17 -29 8 60 18 -64 -39 -24 51 -87 -94 17 71 56 85 50 64 85 -35 -40 58 -8 -49 56 -30 71 69 12 85 -31 -60 97 46 94 -35 -86 8 -46 -90 87 39 -1 -95 -56 -81 -3 66 -76 -56 -63 -40 79 -37 59 -43 15 13 -65 -77 -75 -26 -27 -36 -58 75 -75 36 8 52 -86 -58 48 -3 14 68 -97 -20 32 -68 64 15 3 -65 -86 73 -71 -52 -85 -55 -96 -91 -100 -25 1 76 -43 -59 -43 50 -61 64 84 2 -73 -40 51 52 19 -9 58 42 100 -68 -89 67 -53 62 -49 77 43 21 70 3 -77 -97 22 36 -18 74 -24 -19 51 -64 43 -78 17 -43 41 4 -22 -20 -72 77 -3 -65 -64 100 49 29 -62 92 -100 100 32 50 -43 50 90 -37 4 -46 5 12 -83 1 84 -33 -42 -33 -76 -94 45 -8 -46 -44 -85 77 -31 83 5 45 19 33 82 24 -98 6 50 96 -25 -19 -78 -50 -55 18 3 49 -66 -45 -22 -3 32 98 79 83 -69 -92 10 -40 -48 14 87 -18 82 22 -22 76 60 20 -86 -94 33 55 77 21 -66 29 51 99 -93 42 55 79 80 5 -54 29 -35 57 -75 -70 -35 92 54 0 9 -86 95 -92 69 86 28 45 -70 62 -72 80 -62 87 20 72 -42 -2 -36 10 51 73 -52 59 9 -74 -26 8 98 43 72 90 71 17 -30 -76 -37 -91 87 68 9 86 -69 -42 -58 99 -46 10 -85 -10 63 40 53 97 -70 -8 -25 41 -68 61 96 94 67 -58 -66 43 51 -85 -59 -78 -19 83 -90 26 -76 -49 54 -98 20 -97 60 60 50 93 25 -70 -33 -55 20 2 -98 -87 75 -75 90 73 21 94 16 61 -59
-52 -80 -34 92 -88 28 -21 -12 16 -55 -33 -39 26 84 -5 -63 -15 98 -13 63 -98 14 31 -77 -34 -54 74 8 -33 -1 71 14 95 5 88 39 40 -18 65 -94 -100 97 -42 -47 -94 -58 -97 96 21 17 -88 -53 64 -20 -67 98 -47 10 55 87 46 -72 -18 5 -90 -75 -23 -21 -84 -52 -20 -50 67 -90 -36 -80 91 -36 53 -88 75 84 -70 71 -34 -1 38 44 58 -29 23 75 -68 -52 -63 -28 -20 -63 -63 -82 40 -87 70 -33 -97 -91 -76 8 -22 25 17 37 46 27 -63 -28 47 -97 -75 1 -81 -27 -67 79 -24 -82 18 -51 35 24 30 -64 41 -83 -88 -92 30 -4 -7 -90 92 13 14 -23 16 53 -96 -24 99 -88 62 -50 14 -57 -21 7 -49 -13 -67 66 96 -27 -24 -36 31 10 7 42 6 79 -42 -25 -64 -51 -59 -11 -20 74 -68 -90 -69 18 -89 11 93 73 67 -81 85 50 -23 -34 -75 -78 -68 0 -82 52 -4 98 54 49 5 -98 -90 34 53 -98 -40 -21 -32 82 -6 -35 -13 -27 -27 -93 7 -99 92 59 27 61 -75 10 37 -90 57 -94 39 49 95 92 -80 1 22 65 75 78 -25 -28 -6 28 84 76 80 6 -50 -26 -23 -89 -90 6 -96 -95 36 9 -64 56 96 63 -2 -68 -67 37 6 16 -100 76 -54 97 79 -78 -71 -82 48 -83 60 -10 70 -76 -85 -14 98 -28 -7 87 -23 74 -98 95 65 32 -41 -80 32 5 53 57 84 89 -35 -95 47 -84 84 -5 -98 -53 69 -57 52 88 69 42 -72 -48 46 -45 -28 -78 46 -67 -87 -51 67 -18 -77 -57 -29 -15 49 -80 -80 41 99 79 -48 54 -60 -26 98 28 -46 -65 -78 -79 -18 8 31 94 21 -42 32 2 -57 52 37 -41 8 47 -43 -26 52 -53 39 -89 93 -90 42 -27 -35 67 55 -39 60 -18 -42 93 -71 48 -43 -74 0 -68 46 38 -76 1 -53 35 61 -23 -41 91 34 -65 -93 8 8 25 -28 -1 57 -68 54 -6 -13 -75 -72 83 -77 -57 -30 98 49 79 -26 39 -28 -66 64 79 -18 51 82 75 18 48 77 -92 -17 -37 4 -39 -98 -63 39 70 -12 -54 39 -38 -70 48 59 -99 76 -66 -67 94 -45 -29 -18 -49 -73 15 -32 75 -76 84 -43 44 61 60 88 -55 -17 -67 25 23 17 8 -97 -31 94 -56 64 -15 -83 59 1 -68 43 29 -62 -17 88 83 -37 36 -23 -15 20 -91 7 -58 -26 -43
37 -66 -77 -84 -68 32 -70 -40 66 -100 31 0 57 -77 -87 12 -88 16 -46 -14 -68 -97 14 11 0 68 -19 -4 93 51 32 -26 58 47 72 65 -39 40 -69 -17 86 68 21 -93 43 71 99 80 -98 92 63 -30 37 -12 60 26 -3 20 -48 -81 48 -81 -60 -98 -26 -70 -59 80 90 19 95 39 -30 17 85 -14 -9 -16 -30 -99 15 -27 -88 85 35 42 10 -46 -76 -94 13 83 -88 71 16 -86 -12 -21 -39 -86 4 6 -57 96 -52 -77 -67 94 26 81 -63 -7 -53 14 -24 -16 44 -100 32 -30 64 18 -25 40 10 82 24 -60 -16 -27 -82 85 -80 54 -90 59 -33 55 42 41 -7 -27 -99 96 21 46 75 7 97 -96 -49 81 17 -78 78 87 31 78 47 -68 6 -72 69 -12 -41 80 -90 -84 -45 96 -13 94 99 27 20 25 -23 -64 32 -54 13 72 89 -83 -27 22 63 -31 -16 83 70 24 64 -10 -4 43 90 86 20 89 82 -57 -32 54 34 89 79 15 -62 73 -40 65 -16 -81 -93 -41 -50 -5 -93 55 -69 -21 64 97 87 -68 86 -74 -72 -31 78 -88 -98 -87 -12 -30 -98 92 -78 3 85 -9 -66 79 -36 -64 -79 -35 21 -46 49 42 70 -49 18 -24 48 -33 34 -63 98 67 -8 -81 69 22 -96 -42 -38 0 -91 18 9 -79 -63 -67 32 -12 -46 56 -88 -33 -95 31 -58 -30 63 -20 35 13 9 -55 34 -24 35 47 31 -10 -8 18 -40 28 -82 17 50 63 -34 -26 43 45 45 32 83 -45 -53 11 -65 -8 93 95 -93 -98 -90 72 -100 -32 26 76 -47 -71 91 -73 -65 -85 -13 39 66 10 25 -99 -42 56 -62 93 78 90 65 45 32 74 38 -100 -15 3 33 -84 -38 29 53 -87 -53 -26 -11 -77 43 -23 82 -24 41 53 -90 -70 80 -58 88 11 25 37 60 40 -24 39 66 -40 81 -96 -39 -40 11 -83 16 40 25 29 0 -57 36 90 71 -56 46 59 -100 -56 69 -83 -8 13 -46 -38 -61 -58 33 -49 -32 -1 -85 -74 -5 -44 -70 -34 -34 100 62 91 -57 -2 -78 -5 -2 74 85 -31 61 6 -87 98 -45 -56 -23 49 95 -84 -38 7 30 -17 -37 31 -3 16 53 6 -44 79 86 -54 41 -26 66 -22 -31 22 -97 28 9 -55 -59 -23 73 -40 -100 -17 -52 48 -99 -37 13 -80 3 29 2 -20 30 49 -2 88 93 11 1 95 14 73 38 74 -44 22 28 -58
82 77 -10 39 91 96 -46 -61 -75 -72 90 49 -44 -4 57 51 -51 35 -90 100 -22 -23 28 -6 71 -75 -28 99 54 14 -77 -38 23 -15 -42 30 -57 7 -95 97 -79 23 -5 -53 8 87 69 -75 -82 -36 79 20 15 -50 -14 61 -23 79 -60 39 68 -51 34 -47 -61 -8 84 -50 -100 -83 -27 -56 -31 -24 49 -58 41 32 -65 -42 -30 -64 -25 -12 53 26 25 -92 62 93 -59 -89 -5 22 -79 -4 -55 -63 -74 70 30 -6 -76 96 0 19 58 74 85 -73 7 -2 -38 -42 84 93 -60 80 10 85 30 24 -63 94 -70 75 39 -71 71 8 -64 38 -9 -2 -15 -97 -14 -99 -38 -34 91 70 -34 53 37 20 -15 24 76 1 24 1 12 41 -93 -58 -11 -13 11 -74 -46 -49 77 -52 20 53 -14 97 -73 -35 -89 -90 7 -67 -63 -35 -82 -98 -86 54 89 -2 13 82 -72 45 -11 -15 -76 83 91 41 93 82 -93 -48 -77 -1 -57 -46 78 -8 -84 44 -73 60 56 -87 -6 -29 72 57 -16 -69 -39 86 93 52 -86 5 56 -59 75 -4 64 -34 74 96 -39 49 -58 78 50 -40 -75 -8 92 14 64 -72 -17 -45 90 -24 -12 64 -33 25 -86 72 34 67 -88 55 -37 -29 92 -69 -10 58 -57 45 2 94 -8 -58 -45 68 31 -2 -16 18 76 -51 -18 32 -47 100 55 -4 0 -31 -83 6 -93 71 35 39 64 16 -5 -94 44 4 -25 -5 -78 70 73 59 -98 20 -64 -27 -18 -81 -10 98 -70 -77 -92 94 57 72 -18 33 10 94 42 -76 -29 -91 -85 -44 89 -28 -92 -40 50 44 42 51 -44 -95 43 54 -51 -87 -55 -79 85 69 -16 -35 89 30 -34 -70 -30 -28 -78 -84 82 -15 -22 19 -25 94 42 -11 -13 -7 5 -71 61 -53 -5 -94 -34 -94 -68 -16 84 -48 -95 -15 98 -59 65 -6 55 80 44 10 -96 -38 -89 44 -22 -36 62 18 79 68 -92 48 47 34 -70 84 -48 -88 -86 -91 35 -87 -57 74 -19 -47 -57 5 -74 28 -8 -81 68 -52 16 -33 -62 98 -71 76 97 51 -60 -22 26 -37 24 31 -8 -50 -33 100 64 72 17 -24 -13 -38 -83 -24 -64 -90 -15 -89 55 4 29 96 22 86 11 71 -12 -69 10 -81 -1 46 91 -87 6 -57 82 -28 2 54 -52 -22 -80 -63 -53 -55 -26 -86 93 -3 29 -19 -40 85 -69 42 60 28 -85 -87 -66 4 17 -45 -64 -53 -35 -38 -57 47
79 5 97 -72 -43 49 86 28 -5 32 -57 0 -28 -73 26 -6 -39 50 -53 -3 33 -93 -74 -28 87 -69 31 -89 -95 45 -5 -53 27 18 -85 70 -61 13 -77 -86 33 -15 80 -60 47 -82 15 54 -1 27 79 5 48 -75 56 46 -42 71 -51 -84 94 54 -28 -84 -53 -63 -12 -32 100 -81 76 -18 74 85 29 -49 -99 -7 31 19 93 38 -35 -68 70 -81 10 -21 -82 7 -54 39 1 -5 -98 -27 11 -68 -79 83 80 -2 -20 -16 39 -39 -21 -98 6 26 -55 -51 2 -36 -84 -11 -72 -63 -91 1 -49 -14 89 16 -67 -60 -82 16 -23 -83 66 28 56 21 -65 6 -64 -28 99 39 -96 -90 -88 -8 -14 -69 -7 67 26 85 17 -89 -6 24 -10 -28 31 41 -84 45 -91 86 -67 43 78 7 34 63 -89 -77 -48 -24 96 -16 -3 -93 91 14 68 30 92 52 9 60 -23 46 20 44 -57 -11 -46 -53 1 -6 -47 -90 99 47 -44 84 -61 -10 47 68 -21 33 -3 59 -26 -14 81 -64 54 77 38 -34 -68 -29 -45 72 -70 -4 36 84 -18 48 -40 -43 49 94 -34 32 -84 -100 24 -94 -85 49 -14 10 -15 9 27 58 35 -97 -3 54 -45 -49 5 66 3 -13 18 25 -74 36 -48 -45 -96 2 -25 -7 42 47 84 -26 89 69 -16 30 88 45 -57 -49 -87 -74 74 -17 -33 -72 -14 -15 -75 -99 -47 20 8 -52 -74 -43 -84 1 -55 -36 31 -84 -67 78 -76 46 -83 -85 -77 -76 -45 39 13 -9 -52 -41 -72 -13 -26 -37 26 -15 2 39 -2 29 69 -20 16 -4 54 71 -45 56 29 -78 -20 -100 45 97 -38 -89 -100 52 -68 8 -64 19 -98 -73 99 36 -67 -52 72 61 16 -47 -11 -31 -100 -17 94 30 -42 -66 -63 20 15 -80 46 -51 -8 -13 -80 -13 -51 83 -75 -59 51 35 33 -82 55 -2 30 95 -2 32 35 32 0 -3 -14 21 -86 26 -53 -13 -73 -73 -1 34 -45 30 -54 66 71 -90 -75 0 67 51 93 70 91 -18 -37 -56 -50 -100 -57 -39 51 -39 -23 19 47 -76 57 81 -33 -7 26 35 51 -73 -56 43 77 -99 -52 21 62 -94 20 -83 32 -57 -64 16 59 -17 -41 52 -23 -49 -40 -22 -64 -28 -33 -16 81 -79 80 -36 84 -100 100 88 100 40 64 37 20 -18 10 44 50 23 -93 -50 46 -22 26 85 81 -29 -17 24 41 14 94 -17 84 60 44 98 -60 -54 -46 40
26 -53 -82 -63 42 30 18 -78 -87 91 0 50 -86 -30 7 14 63 -37 -46 -7 46 50 -2 46 13 69 -2 15 41 83 85 -21 62 71 79 -93 -48 55 57 18 5 -61 -56 -3 96 -57 31 32 -73 -90 -76 90 4 -16 -43 -41 67 67 72 -25 -14 40 -18 21 -31 -47 -21 74 -5 65 4 89 79 -80 -42 -86 -44 80 -4 39 3 83 35 -14 -66 80 9 -95 -21 -87 -42 -41 -60 -78 89 -71 77 19 -55 -99 30 51 51 98 -74 -79 -42 -13 77 -49 14 -5 -84 93 14 -60 -31 -29 29 -25 13 -20 -49 65 5 -11 98 84 -50 44 73 -36 47 91 75 -93 12 61 96 32 -69 90 45 12 48 97 -17 18 -2 56 -99 -94 87 67 -74 -94 51 74 -98 98 -15 11 47 -94 98 3 54 -62 70 -61 18 7 26 92 58 -92 2 -72 -52 -24 -88 80 82 -90 28 -59 -74 -7 57 98 -73 34 28 28 -62 100 60 -97 70 21 -90 -92 89 0 -42 50 -48 89 -32 -38 69 -55 -86 -83 -11 -21 -30 -65 -41 -80 -65 -57 10 10 82 89 19 73 34 1 -50 61 2 -28 -11 -69 75 -99 38 56 -40 27 10 -76 -51 3 -18 96 41 47 66 56 38 85 -93 92 -30 -36 -90 87 31 -75 83 -24 60 -69 92 -32 -97 46 78 -75 -65 -24 53 -5 35 12 26 -46 50 -33 -41 -89 23 34 55 -42 -70 56 -36 2 -60 -74 -14 26 52 -84 72 61 2 28 -14 -78 60 87 -61 -32 -74 -29 40 63 64 16 -24 48 -99 55 -8 -5 56 -39 -55 42 78 -25 69 -49 -59 -27 0 27 68 -92 -77 -4 57 -48 -20 15 -14 99 61 -22 45 33 84 14 -37 74 -70 -65 -98 -24 9 64 28 89 60 -95 82 -14 -73 48 80 19 -11 59 -32 68 -45 34 -66 66 -4 56 59 -61 87 48 -91 -97 42 -9 -89 95 -17 -49 -55 -10 72 60 -25 62 52 -15 69 -100 3 22 82 -64 31 79 -86 -63 88 31 -16 -53 -70 8 -41 79 78 -24 17 -55 -72 -66 86 74 12 -9 49 23 -20 -57 -87 -34 -86 -2 -72 43 38 86 85 -66 96 84 91 30 26 -8 14 -18 96 51 23 -98 74 95 43 18 -31 -51 44 77 12 -26 29 -82 -68 -54 0 75 66 -27 57 -6 14 -55 51 -67 86 34 83 73 92 -76 -44 88 6 -66 -33 -34 51 83 -88 -23 84 -88 -31 -61 -22 -73 96 32 7 29
-6 3 33 6 63 90 -67 52 54 -70 -91 39 10 -63 -56 92 10 45 -42 -46 23 -80 -37 56 8 20 -4 13 48 24 7 -51 67 32 -61 20 -86 43 -84 12 60 10 60 71 21 -53 92 -50 27 10 2 -25 -72 -80 46 -37 54 87 -9 16 59 -48 67 -62 78 -61 -97 -20 86 -16 69 1 -7 87 -56 -87 72 -11 18 90 100 76 -24 34 53 11 11 -16 -86 -45 89 24 95 69 -2 65 59 28 68 51 -73 -56 -8 -26 -74 98 -73 12 -99 25 -51 66 -27 77 -85 11 -95 37 52 73 -11 -6 73 27 65 44 -46 79 44 -47 58 96 -86 -1 -16 88 -8 74 44 70 -12 11 -22 -17 -10 47 -49 -7 64 -83 -57 82 57 44 50 -35 18 -41 64 10 5 18 -88 51 -23 -82 -95 -63 3 -30 83 58 79 -81 28 -5 10 -9 -73 -66 -43 -77 -62 28 -23 -47 86 98 -85 35 34 -7 -86 -9 55 88 39 77 26 63 71 -24 37 -43 -82 -25 -17 95 -46 -44 -10 78 -16 -5 -9 -83 83 98 -96 -94 -66 11 74 -76 -19 -24 -74 -12 -34 38 84 65 73 -19 -68 -3 87 19 88 -31 -43 -93 -73 -15 32 99 84 9 98 82 -53 -72 -52 58 -17 -53 18 -55 -51 -92 30 -2 42 55 81 11 -72 10 -3 -79 -26 65 -49 75 3 6 -18 -74 -36 -27 32 64 -30 -99 -64 46 47 -69 -13 41 43 -50 55 81 -8 12 97 -82 25 -84 77 -20 56 22 73 38 56 61 -52 62 -31 -5 23 17 21 -88 92 75 -88 17 -9 2 4 19 18 17 62 96 -20 25 -71 49 33 -52 -8 -42 -28 8 21 60 -96 5 94 73 -59 32 89 -68 4 50 -20 74 36 12 29 -47 31 78 66 39 -26 -70 54 -34 87 -8 30 26 21 -78 76 27 12 -99 -51 -84 -57 67 35 93 -25 81 24 -62 -57 -44 -89 -50 -34 -49 -96 -26 -7 -8 42 -100 -66 45 20 -78 -3 -99 -56 87 4 -4 0 -35 7 -11 -63 22 -70 20 -82 2 43 -16 89 -58 -87 26 -6 78 -12 23 13 -18 24 -39 -55 -94 -67 -1 81 6 -17 -82 15 21 13 100 -73 70 -49 78 -84 1 77 79 -95 -29 25 -46 -58 -67 17 -36 88 21 0 37 96 -89 3 -2 -56 -54 5 -15 52 -77 1 -44 -38 -12 86 54 -82 88 45 -58 22 -18 81 79 92 18 45 -3 23 -43 -76 -49 88 -63 -57 -48 2 89
-63 30 14 -42 -60 63 -46 -67 21 20 -29 48 7 -21 54 49 -7 39 -80 -37 -77 -40 -25 -39 99 19 -59 -58 -30 42 -21 60 -68 45 87 99 100 -98 -66 -21 -27 -75 26 51 -80 -1 -27 -16 -61 -35 -38 -61 63 -26 -2 -26 -77 -4 -3 -2 -41 30 25 84 72 78 -95 78 -39 65 -11 66 -74 81 -46 -50 67 -12 -96 36 37 93 -44 -50 79 60 -35 -32 90 41 15 93 -89 22 -8 77 48 85 -49 -14 -71 3 82 -10 -1 -93 27 -80 36 -60 -7 66 21 -41 -57 -36 -18 -16 -16 29 -98 -68 61 19 65 85 -45 18 55 19 41 4 38 -17 26 -35 3 72 -39 -42 81 78 53 -67 99 62 -51 19 40 79 56 61 -81 51 -81 3 12 -41 -19 0 -86 -56 -40 -88 35 16 -10 -56 97 -93 -86 72 -17 42 -31 21 -7 44 -67 47 -29 89 31 4 -88 -48 16 -39 62 -40 -81 43 55 -87 32 42 8 66 -9 22 -17 20 63 67 -79 7 -39 -69 -44 -39 -30 70 12 -2 18 -44 41 -47 29 20 -3 77 -35 22 46 -44 67 -89 -15 78 -34 -27 22 15 15 -22 60 -44 -25 -38 -91 40 -46 -10 -82 -80 70 54 75 92 -80 52 75 -55 0 90 -67 -39 -93 2 44 -56 29 96 73 -78 68 92 52 -89 -94 30 -16 -19 -18 -98 24 59 -59 -55 56 39 -32 -11 79 7 85 23 39 -91 74 -89 -64 87 71 -80 45 -63 95 -62 -40 33 44 68 -20 96 7 -30 65 33 52 64 12 10 -65 2 -84 -10 34 55 -1 -87 -28 -19 35 -58 61 -55 -65 74 12 89 15 48 -87 -81 18 -82 53 -66 -9 -46 -65 58 -29 13 93 50 -60 2 8 -97 -28 -26 50 -36 -43 -52 -63 85 20 -21 40 -47 85 -82 33 15 -7 -50 -11 19 95 -48 72 23 62 78 -55 70 25 -40 -90 76 37 -93 5 -16 100 -88 60 -29 -31 -11 20 -48 -77 -12 -7 -90 -73 90 62 33 -33 -95 -92 -72 94 42 40 -10 -14 60 1 21 -30 36 -15 -52 -71 -10 -21 29 39 8 -46 -78 25 16 -48 78 50 82 -31 -73 70 64 -80 -6 -56 -33 53 -34 -19 18 -67 -49 36 -54 -78 87 33 19 -28 -93 32 -69 12 -40 86 -16 45 92 68 65 -35 -48 -71 53 -48 56 -88 73 19 -64 -60 -62 -100 -76 -31 45 75 5 -85 -41 -89 -10 -19 47 -91 99 -53 -43 -65 80 -28 35 21 -1
25 -78 87 -13 98 -45 46 -13 -97 48 -74 6 -45 89 -6 -89 -26 -47 -39 47 44 -21 -73 -22 51 84 11 -95 -98 41 48 1 39 32 -22 -67 -53 -43 -16 91 52 -25 13 -2 -46 40 -17 99 80 50 -50 19 -8 37 72 69 15 57 -75 38 -68 -33 97 -5 -96 -46 14 87 -11 -37 57 -54 -68 99 97 39 -4 -7 36 -9 -53 -73 20 -1 -91 -68 -81 89 -98 34 -38 12 73 46 47 18 -46 -96 -78 -21 79 -80 5 23 -25 68 -18 94 -44 49 72 -34 -44 -61 -41 72 20 -91 -89 90 -40 -19 -43 -15 -20 -73 54 38 38 100 -6 -6 88 29 79 100 -57 -90 6 -39 -76 89 97 -45 -25 75 -75 11 13 -16 -58 -81 4 -43 97 46 31 -50 -55 -5 72 30 -13 -9 8 -54 -47 73 -21 -9 -36 -58 -48 13 -82 -91 53 -83 53 9 76 -83 -44 90 -30 56 95 -67 -92 -87 -42 -98 97 89 -36 -32 -20 -12 -68 -28 -63 26 23 -57 -87 49 93 -85 78 35 71 -89 -28 86 57 52 -5 -7 16 -78 -72 -95 -10 -34 43 -42 48 -5 86 -61 -13 57 48 94 53 35 -65 29 30 78 -64 -58 86 40 21 -44 -15 -74 -87 41 -58 0 -75 0 -1 -29 100 8 -33 90 -67 9 -33 53 71 71 56 37 -8 4 -20 70 97 91 98 1 26 -94 -27 84 -22 50 -9 -13 -44 85 -29 45 -26 -58 10 57 -18 -44 32 23 -93 -47 39 -97 -47 -75 -44 -89 -93 38 -90 -44 49 -1 -51 6 -12 86 -60 -86 -76 -78 88 -4 -18 -38 18 50 -72 31 80 -81 78 -94 59 0 -23 -49 68 4 -28 -54 -65 -18 -26 24 89 -83 -58 -4 3 -46 97 97 30 8 -2 -61 89 70 59 -56 10 -74 54 6 -55 70 88 -69 -16 10 4 9 -73 69 59 50 14 40 -41 59 85 17 22 56 -83 -50 -4 -71 -49 80 11 -48 2 -90 99 5 72 98 -1 67 4 -22 -25 -87 -17 -23 -80 76 -7 -55 41 65 -99 -9 -78 58 5 -70 -12 74 -84 -86 67 28 -30 19 64 -80 35 -46 -36 -50 6 33 87 80 -4 36 -30 3 21 -96 -51 82 86 4 -44 0 -43 74 10 -68 -34 4 -72 -7 -70 83 -8 -45 -44 -88 -16 -82 89 33 -2 59 15 78 -6 -11 42 39 27 -31 91 -41 -90 8 97 -93 -84 -16 94 75 -66 -96 -71 -57 -89 4 -98 43 69 82 75 73 42 -83 -33 -72
-22 -33 -77 51 49 88 50 -1 -26 11 53 91 -56 72 38 -3 69 67 -11 4 84 -73 -95 -62 0 26 91 45 88 -88 84 -96 -35 48 -59 -45 38 -70 -50 36 -72 71 -89 96 -1 81 22 -43 87 -92 6 15 37 73 -6 -50 17 86 -45 -96 5 55 -60 36 -76 -35 -13 58 76 -78 -49 -84 48 -7 -82 85 39 79 87 41 8 -31 94 13 13 -74 62 22 -68 -31 43 -4 -44 3 -23 -37 -93 -70 -96 9 28 -33 61 29 18 70 35 -61 -17 24 -61 83 84 55 -62 -74 -51 22 50 17 -91 -52 -94 35 70 -88 2 25 61 85 -41 66 83 58 1 21 61 31 -48 -15 0 -30 42 91 -48 -49 -29 48 39 93 85 54 3 2 85 4 98 -65 -52 -77 75 -23 -91 84 35 -51 69 -74 -54 10 -84 44 -34 -100 -53 7 -66 66 -28 66 -23 -31 47 42 57 4 16 -25 58 -88 75 -91 44 -30 91 -52 99 56 0 36 1 88 -69 -72 -39 87 -26 65 65 -34 68 -74 -67 -29 -59 11 83 -96 11 96 -47 -5 -50 64 35 -84 -72 4 58 -65 70 99 35 85 62 65 -19 -53 -10 50 -51 -17 74 -48 -17 40 33 22 33 -61 57 36 79 5 32 79 37 -55 2 63 20 -39 76 -48 81 81 -2 -73 21 52 93 19 -86 -14 12 -39 70 -56 26 -57 -9 -25 37 -88 -39 67 50 -35 89 -47 -31 -47 62 4 -81 65 -76 4 -85 85 -87 46 52 36 -65 97 -3 -51 -13 51 -79 55 21 -8 -14 -36 13 -42 15 30 19 -24 -98 50 26 -80 -31 33 -72 97 80 75 -15 -49 -83 84 -50 -72 78 -94 9 -1 4 -33 57 95 -58 -1 63 15 69 89 66 96 -74 60 -9 -78 -88 -61 73 -2 55 -59 53 70 31 -9 89 90 -37 29 -42 96 -25 54 -58 -69 25 99 52 52 86 29 -88 63 49 16 33 -71 -2 -69 84 35 -98 -23 41 -97 -92 -62 14 40 52 7 73 72 84 -86 98 -51 11 76 -94 62 -30 -25 -49 -55 -56 65 -52 74 82 -54 73 27 65 81 -94 -81 52 -34 -94 -85 99 14 -94 -65 -51 52 -58 -46 -96 20 -12 -32 -14 4 -48 -56 67 48 66 90 -60 27 42 -88 -35 -1 -39 -61 -54 87 -13 92 96 -66 -75 -41 39 -95 -45 -7 20 32 -33 -31 15 -64 -69 76 13 73 -2 44 -25 -36 70 92 -47 -54 73 -91 39 53 -19 69 -96 -70
-52 -51 64 15 -33 -7 -75 -71 -19 74 -78 -71 60 -5 -59 -2 70 -41 31 -62 -40 -78 37 76 -61 -52 -27 -93 -61 31 -42 36 82 4 22 40 -5 -15 -66 37 59 -95 56 14 0 6 -32 -8 12 -58 27 -52 -34 -74 34 -40 55 96 54 80 88 13 50 32 64 -48 -64 75 81 -9 -52 -7 100 34 -39 89 99 22 -69 90 -83 -6 5 20 -48 -87 -21 69 16 -88 17 50 -49 -78 89 64 94 21 42 -42 58 11 52 -14 -2 -86 -33 93 -100 96 -69 -87 -51 25 -38 14 -2 60 95 -10 92 91 -33 39 -22 -47 98 -19 28 -78 -24 8 -2 41 32 -82 74 -34 88 -32 -97 48 57 -37 69 26 -1 77 92 -22 42 -30 84 91 -45 -62 -1 -15 -1 -8 -65 96 -98 -50 -16 -55 7 30 40 -38 -88 -82 21 36 -74 -19 -48 40 -33 68 -74 21 -21 57 -89 32 54 -79 41 -24 72 -3 63 -80 83 -73 52 81 37 -50 99 -46 90 75 90 29 57 -72 -97 -25 -47 -90 36 47 -93 87 -1 73 54 -6 56 -27 99 -54 87 18 -22 -7 51 67 87 -30 18 -7 13 75 97 40 -54 57 25 7 78 38 -66 -83 -60 -23 28 32 -70 51 -65 -37 -36 -19 16 -80 -39 -46 54 -52 -94 -33 75 62 18 -10 59 -21 -92 54 75 82 -29 -91 77 -42 -36 46 32 -95 98 86 -71 25 -63 54 60 -88 -11 75 -68 7 37 -47 -92 94 20 -67 2 48 -50 74 13 34 48 57 5 -28 69 -11 41 -55 -14 87 -14 -77 33 91 75 -73 27 35 -30 -89 55 41 -80 -63 61 43 12 -77 -51 -59 -99 -80 26 -68 68 44 -28 86 -100 27 75 42 -6 13 -83 27 -34 33 43 -100 57 -36 11 28 -96 -24 3 -8 3 -73 31 -17 30 84 30 31 47 -47 9 65 96 -78 50 -29 81 -62 54 -96 36 -37 -26 91 10 -28 24 93 4 4 88 32 -90 -87 43 -96 -57 -65 42 82 81 -81 -33 55 -22 -10 88 -6 29 11 -13 20 -17 11 20 -56 -72 -33 30 33 -18 -42 37 10 34 49 60 -97 -82 -12 27 -87 23 -40 13 18 32 79 65 14 36 62 84 54 -96 -83 -77 36 -85 -10 79 0 -69 -72 -49 -83 27 28 -69 -91 -79 21 65 -18 87 94 52 -12 -99 -44 13 -81 -29 -12 -84 77 -85 65 16 76 80 -1 67 98 65 1 -40 53 15 71 96 7 90 24 -21 -34
-36 79 69 -28 -62 -90 -55 -55 -35 18 -55 -28 -67 -11 74 72 -10 -73 -39 -73 -11 95 18 -90 76 34 48 61 -39 -71 86 14 -20 -66 39 79 -16 -3 71 72 -25 -73 -83 95 -68 -71 -33 -76 -43 -11 -58 -19 -86 40 55 -67 14 46 -9 51 -6 95 -100 95 100 53 -41 -58 64 78 -4 -58 39 70 41 -20 -95 21 93 -47 100 -59 -79 -100 -48 50 60 -22 -19 90 64 88 89 16 -69 -95 -13 30 17 60 76 39 -42 18 59 97 38 36 74 70 -31 -27 80 84 -59 18 -53 79 -4 -98 87 21 -95 96 39 -49 -31 82 27 42 -41 90 -19 99 -25 -43 30 78 -84 -32 61 34 -84 68 -27 82 -53 -3 -59 0 -70 -37 37 -5 -75 -100 6 55 -85 25 -86 71 33 -62 24 63 -66 -92 2 -92 -50 -33 42 -18 74 23 63 -41 46 80 -98 19 -19 52 -18 -38 40 -99 -39 0 30 100 -100 20 -9 87 -35 1 74 5 66 -58 21 -51 -67 -80 -43 5 38 -54 -63 -73 41 -4 90 82 91 40 61 -78 21 -33 -80 40 43 86 86 -50 72 -24 -41 -3 96 0 20 43 -76 -50 -97 -84 -25 -51 -91 54 72 100 -85 0 7 -45 -70 91 49 60 -9 100 -87 -42 -4 -78 -7 78 -65 63 51 -60 2 -35 67 2 -24 58 2 59 55 44 60 82 -48 74 -48 -32 -62 83 48 -42 86 -51 36 -85 -64 -86 68 -48 6 -3 4 51 -13 -80 -32 15 60 35 59 81 -25 97 -37 63 -81 -8 -61 56 -81 -70 -20 21 67 32 73 14 32 80 55 3 -62 -29 -92 7 -66 -14 67 -86 -33 51 -33 -98 21 22 95 -89 -24 -50 -8 56 -30 53 -95 -22 -54 49 3 3 -15 5 -92 -79 -99 68 -55 -78 -1 -2 90 -69 76 89 -10 49 -57 8 0 -14 -40 29 -38 61 28 -41 -52 -50 -88 90 77 -93 68 -46 -13 -79 95 -49 18 28 -27 -40 -36 65 -72 -33 56 -40 -40 14 -42 -90 -23 98 13 -36 -87 78 93 -87 -7 -7 -100 -41 9 26 52 -77 30 -99 -95 -93 -33 -72 -56 -99 84 39 17 -29 -96 -68 35 -59 99 -5 91 51 -5 -94 -86 -55 36 58 27 -74 -56 -22 -36 -3 -83 -64 79 -2 70 -65 -31 19 20 -2 77 40 -8 8 2 39 -25 -22 23 80 -51 5 11 62 -41 -36 -4 -47 58 0 -54 3 77 -82 16 92 -92 -10 -93 49 -88 -85 -7 -100 40 20
-21 -25 -41 32 -44 -91 0 59 48 -2 -39 -58 48 49 -75 -81 5 4 18 -5 29 -83 100 -3 -73 -47 57 -13 62 18 -50 -19 64 59 -19 79 77 -41 -89 -54 7 -57 -68 51 -9 56 56 -69 -34 -19 -93 99 46 86 -53 88 77 -35 95 -37 54 8 -66 57 70 -23 -87 84 14 75 15 80 -10 55 71 40 91 -51 -37 13 -70 -6 -1 45 68 -84 58 73 77 100 -39 -45 -83 58 -25 11 -27 -95 83 -6 15 62 80 -21 -51 36 -99 6 -91 -50 -71 -82 69 -80 82 -77 -60 -3 -36 -65 -16 3 -59 62 -77 -54 -60 68 43 -98 24 -9 -59 90 32 -40 11 88 -82 -54 92 -27 -9 -61 82 49 -67 3 55 58 77 65 71 -27 -69 -91 27 -70 15 -98 -12 90 22 -23 20 -17 84 -57 8 60 -37 57 -8 -4 -62 -83 84 46 77 15 -23 12 -3 94 -46 71 -12 88 -81 -86 71 86 -95 -9 10 -91 -93 -92 68 -73 93 -69 79 58 41 94 -80 -8 96 41 78 -42 72 -30 50 43 18 -49 -79 32 -72 23 88 11 -14 -77 7 -12 50 -54 -88 -59 93 77 37 -31 -69 -6 84 -4 -38 10 -80 -17 48 -74 -51 -15 -74 -40 73 -24 -32 7 -6 -8 21 21 -48 -67 -19 71 -4 -84 34 71 4 69 7 -7 -76 1 94 -21 -33 15 -57 17 -45 44 72 67 93 -9 65 -13 -42 -50 34 -30 -22 -98 24 -71 -67 -41 -72 -5 -23 66 20 -44 50 43 97 60 52 91 -79 38 72 14 -41 15 7 44 -34 24 -21 7 -88 -26 -23 -67 -29 -26 72 97 59 -47 12 -87 -18 77 -7 16 -56 -43 -63 -70 -66 2 -21 92 -77 -88 -44 -62 -60 84 51 -13 76 -26 58 71 10 -46 80 -9 -99 -71 11 -54 -95 -14 61 -50 94 -56 23 -32 -70 100 16 82 -13 28 64 -22 -83 50 34 70 -7 -1 -24 -9 -63 -7 81 58 -38 -38 -73 49 46 -18 64 86 -6 -98 54 97 19 26 92 -6 -16 -91 66 -44 -60 -61 36 89 -55 5 -41 88 -33 -18 -13 7 47 64 79 -14 42 39 -59 70 -50 -36 -69 9 11 -85 53 -62 -43 -69 -29 91 24 -26 -57 82 5 -8 61 -66 40 -18 -10 -68 80 -26 -22 9 77 97 -33 -29 -80 42 89 100 -88 -73 -16 -77 -25 -13 23 41 80 88 9 -88 100 56 75 35 63 -96 9 -56 -82 67 -46 50 -54 -7 31 47 52 -33 -87 -66
-70 87 -78 -14 72 20 39 -25 -74 66 -48 -3 -32 97 -46 -95 -1 92 -21 -62 -10 33 53 -12 12 -17 -33 -18 -5 -37 40 84 -87 84 -61 -19 78 10 -65 -77 -97 -13 76 -77 -20 -30 33 55 94 57 40 -51 46 -97 -26 60 -73 48 59 98 -35 -48 80 16 -87 95 -97 -45 -1 -23 31 51 90 74 -50 65 72 41 44 -95 -46 -78 -13 -6 74 -57 -24 -98 -69 96 -50 83 12 -48 59 14 -42 22 13 73 41 -50 57 -61 -74 45 -53 -70 -18 63 -5 38 -9 -94 65 -43 -40 -5 78 88 -28 -35 -94 -15 -32 7 98 86 88 15 -51 95 -84 -80 53 30 68 -29 -38 87 -18 -37 11 24 -23 31 69 43 22 57 -94 -29 65 66 -60 5 -12 87 79 -72 -98 55 6 -68 94 84 3 -25 35 -2 -9 -83 63 3 65 65 76 24 40 -70 53 89 22 -44 38 -41 0 -17 6 -91 63 42 76 54 83 -35 5 86 89 -44 58 95 0 -94 68 21 68 100 -68 -60 -22 93 60 -83 -57 47 -85 29 -47 22 62 43 -87 -10 -83 -28 51 46 29 -75 36 -97 -19 -93 -26 3 29 25 -95 -29 -50 -79 30 98 -7 -98 -1 11 88 27 -87 -36 -98 -12 -5 25 -10 -62 11 25 96 -83 86 -82 -47 -77 63 94 0 -27 52 -44 -39 96 -21 -28 16 79 -8 -31 -84 -8 26 36 31 3 90 -65 -17 44 -22 46 85 -47 -33 47 -79 -86 -57 -70 83 1 15 22 -34 -98 28 82 -6 59 -27 -31 67 -99 -66 -49 -86 -43 -6 -53 19 -68 53 -75 0 63 -37 -68 28 7 19 70 6 53 13 -52 27 82 -22 66 -75 52 75 92 -55 -94 74 -93 92 -53 -92 -100 1 -44 -52 92 86 -23 -67 23 84 -78 21 7 -56 7 78 99 94 16 -29 -70 -42 -47 19 35 67 -45 31 76 59 -63 -21 -63 -53 -27 -39 -100 -77 91 9 46 -45 -10 -21 -60 38 -12 27 95 56 13 -46 25 -13 -79 -83 10 14 -15 81 73 -63 -51 -8 28 56 -52 -28 -39 9 90 -7 62 31 -26 -95 -80 46 -94 53 48 -98 73 11 25 -31 54 14 -36 20 55 0 -61 32 -63 -11 99 4 -90 -39 29 -88 -67 -34 -62 1 84 7 -8 74 22 -51 62 29 51 44 -37 -60 -35 -16 7 -27 -66 -80 -36 56 89 17 39 59 15 -25 -72 -81 64 54 -16 26 -30 68 96 -86 -57 -81 76 61 -68 -43 -53
-67 38 -62 74 -62 -13 -58 -78 67 -57 52 51 83 74 72 -44 41 11 90 -41 52 -59 -35 18 45 23 33 100 -70 -87 82 -5 -76 -54 49 -66 83 44 -52 -32 28 7 84 72 -5 -72 -25 -43 49 -46 78 -17 49 48 -25 -17 -85 1 14 55 15 -82 -71 -62 -64 -82 -42 43 92 45 -49 -22 -18 88 -31 98 86 67 3 -25 -51 57 24 -73 -17 68 85 44 -19 94 19 27 73 -37 60 -11 -12 -83 98 26 -62 8 -15 -55 -67 -32 -73 7 -59 70 -11 97 40 -96 -100 63 -71 80 -21 -100 78 80 -94 44 28 41 -43 64 72 -18 11 -1 74 -74 95 63 -5 -2 100 -10 57 -32 1 42 43 93 57 -91 -62 79 -23 100 91 -53 -91 -29 -68 9 -59 -84 -56 25 -78 12 -96 -27 -4 -28 46 33 -52 29 57 9 77 -16 -71 -90 -98 35 45 42 3 -86 -16 -41 62 78 34 -17 -37 30 -71 30 54 75 98 -37 -47 -60 35 -57 -1 93 59 35 -22 -78 -1 56 -25 53 -40 -3 49 12 54 87 -40 -20 -30 2 -92 35 22 -68 -9 73 -35 4 -16 -27 -63 8 -75 59 -83 -13 -42 -30 -63 -99 8 -43 -88 23 2 -33 49 44 -61 -63 -29 16 -74 -78 -93 96 85 -6 -35 92 15 22 77 78 66 -95 56 38 -55 -31 73 15 37 60 -39 88 -21 -84 -74 17 45 -98 30 28 -36 93 -38 -16 94 45 -71 -5 1 28 -96 3 91 -19 85 23 -67 93 77 -41 -39 24 -85 -20 -84 11 62 -14 -37 -73 29 -10 6 41 23 79 -71 -1 28 -67 6 51 77 79 12 -70 -70 36 -38 -100 -98 -39 26 -46 -21 -57 -16 77 -40 99 -79 -66 60 -35 -65 34 -77 -37 21 15 -48 97 -62 -27 -90 -99 71 66 87 12 36 31 89 -33 -58 -21 -93 -32 24 -71 -27 -91 41 71 -1 27 30 -27 -96 -60 -91 69 -33 -60 -98 -56 91 80 -89 -67 -46 31 39 9 20 -48 80 36 21 -69 31 16 99 -39 -17 -84 71 56 74 58 60 -8 -92 -67 4 41 -8 -100 23 -63 39 43 99 96 4 -70 2 -15 -68 -83 -23 -32 91 100 22 6 62 70 94 -33 32 38 -13 -51 -50 -87 -37 -76 91 -66 -34 68 31 64 91 20 31 44 -30 -42 15 71 -1 -88 -21 -96 43 -73 -20 74 74 -98 5 92 -39 99 -80 8 -26 -60 -83 -48 -22 69 77 80 32 -42 -29 -78 -97 -48 -1 -42
17 -27 -85 6 50 -44 -90 -55 88 37 61 -52 -82 -70 34 -51 -16 82 35 74 25 0 -94 76 61 -18 -43 -96 -5 -89 67 23 35 -96 -93 26 59 -18 28 -63 4 -56 -48 42 -44 -26 35 -42 -40 72 93 -49 60 46 -80 -65 50 -64 -99 97 79 -55 -14 -72 -24 -25 -69 8 -53 -83 90 96 40 81 96 -33 -90 7 -43 -63 64 -96 -20 43 24 7 52 10 24 31 -79 65 -72 15 13 87 -97 67 45 -60 36 78 -33 67 -51 96 59 -76 -90 42 26 -70 -35 61 14 61 3 -29 39 -34 -4 -21 31 -78 72 -45 -11 -29 34 42 -5 28 18 42 -91 43 83 -48 -55 -5 6 -76 -57 98 63 -78 -7 -76 -85 -15 70 72 -37 35 45 87 -17 -77 -90 4 -17 19 -24 61 59 22 90 54 42 25 -42 53 0 79 -13 -63 -33 29 76 -81 33 -49 -30 -71 -58 25 57 -8 94 20 59 -4 16 25 -11 80 -84 -69 -54 -50 -82 -88 -23 59 12 -50 -69 -48 60 95 -35 21 2 43 -20 0 16 30 -43 67 55 -93 -48 68 -86 1 41 -1 -40 86 -98 24 -90 -78 36 -83 87 -22 -88 100 95 52 36 -5 -3 54 85 18 74 -57 -49 -87 79 78 -40 53 26 59 -30 37 -13 -78 -81 -42 100 -55 94 -71 12 -41 -86 55 11 -81 53 70 -67 30 60 11 36 -10 56 -93 -78 82 90 18 59 81 -51 52 -30 100 -78 73 62 42 -33 29 98 52 100 90 -25 -82 -95 98 31 72 76 -21 -10 -51 15 98 50 -61 46 53 41 -24 -86 37 -22 7 -11 29 -54 85 -26 -83 61 -90 -17 -9 -95 -23 -27 -66 13 -29 33 -24 33 -38 -83 -18 -19 -88 -79 37 84 31 -50 53 -65 83 -80 11 0 84 -48 -93 79 -71 45 -63 17 69 -77 39 -55 28 51 -17 -68 -43 -61 93 1 -25 -20 -35 90 -58 40 -66 -66 96 -79 43 60 88 -24 7 -66 -25 -92 -25 -66 82 -92 -82 27 92 -31 39 -85 71 61 -2 41 60 -56 95 65 -20 80 58 12 43 -37 34 40 11 33 79 88 47 -37 -96 84 -73 -13 -76 -22 28 56 53 -72 62 -33 -15 -15 -15 19 -73 -28 -97 95 58 81 21 4 21 -13 14 -40 -26 87 -24 -2 -40 -70 15 29 -74 86 22 -43 53 2 -61 -98 10 25 -11 69 -46 66 6 97 -21 22 -33 73 -94 -16 -30 -4 -84 79 19 15 -68 -89 9 15 83
-94 -8 28 5 -16 -90 -10 -57 -48 16 97 -32 -90 11 23 -82 -90 -15 -70 78 65 -71 44 -96 69 -33 -81 39 52 -14 -84 -28 -17 -63 -7 48 4 -81 59 -90 -96 38 -98 -7 64 66 44 50 -64 -54 -48 62 -78 -9 -24 48 24 -72 -38 66 54 -2 -79 -76 -33 -100 -19 96 74 -84 75 9 -2 78 -5 10 71 94 -37 32 93 44 91 99 94 -34 -58 -69 -93 54 -37 89 56 48 -76 11 -25 63 -61 -94 -76 -7 -68 42 7 29 -17 -68 91 23 31 -18 -53 52 46 25 24 -15 -39 -99 99 13 -12 -81 -35 47 78 -91 -65 64 69 -89 40 15 76 -73 -16 5 90 87 -87 -42 -52 25 78 44 75 -21 77 -6 96 98 -6 97 -73 1 74 29 0 -14 -46 -79 82 72 -49 18 -58 0 -49 -45 -41 69 44 -53 71 -49 -13 49 39 40 -31 33 -55 5 -67 12 -87 48 -43 89 88 -45 -98 18 -40 4 53 4 -83 -83 78 -91 -83 26 66 44 83 -94 50 -89 34 54 -18 -30 -63 -89 26 10 78 -32 -12 48 -85 -7 -67 6 62 -40 74 -100 -100 -88 55 -7 48 74 77 29 -11 74 64 89 4 -66 -50 -33 -99 99 91 76 -94 -97 -15 -68 -16 -45 -16 76 91 -4 17 84 43 64 -38 76 -35 -20 67 -34 91 47 -40 3 73 -80 -48 66 -44 -17 43 -87 -51 56 -22 -31 21 -97 -22 -56 8 63 5 -35 0 34 26 -62 8 77 26 -16 42 87 53 -23 36 51 5 47 -54 -37 -18 -89 6 -55 49 75 -35 -26 -67 94 95 -57 76 77 -92 -8 49 16 -98 -76 12 -96 -99 17 -63 -69 11 -8 -43 -69 11 -98 -35 -66 75 -89 22 -60 -35 63 -82 10 41 -17 28 -1 95 -24 12 -41 83 16 -46 -1 -24 78 -31 -25 -42 36 69 -61 38 -2 39 95 -93 -68 5 37 29 2 63 -39 -10 -81 32 -77 -18 97 58 10 10 10 29 11 -20 13 80 -58 -26 -75 38 -1 78 83 -5 4 -49 -79 62 63 -26 -20 -57 1 17 7 -28 16 25 92 -49 85 97 -96 35 2 67 -75 -17 91 38 -57 -68 -85 24 -90 19 -26 71 -88 63 95 46 50 -69 84 45 24 -80 53 -56 -88 -5 36 -6 64 -77 -97 16 -49 45 20 12 -49 16 -99 48 11 70 -5 -76 9 78 92 86 84 77 22 -91 9 96 36 82 86 1 26 32 -72 -68 -39 50 -62 71 32 53 -93
-9 74 36 -30 -22 -76 -81 -54 -61 -43 22 -24 50 83 69 86 13 -26 -57 -62 77 5 -3 14 -81 -79 54 58 -38 -47 -42 -24 60 -73 58 -11 58 -25 -44 100 -92 -12 68 -83 -86 -23 20 24 40 -97 -43 16 -33 -7 50 43 100 39 74 -10 -78 75 -24 -84 -92 32 -64 -16 -29 100 -3 64 -85 -21 97 -87 -93 1 94 44 4 -42 -60 54 -27 -95 69 11 -95 -18 50 97 59 99 -52 87 -5 96 6 -34 -37 31 -49 -75 -63 93 63 4 -81 4 -67 73 -76 -32 -45 15 -27 -59 -63 -8 -93 10 -36 -6 -73 35 100 49 57 -84 47 84 -65 -57 -5 -39 -8 -91 65 82 82 -50 62 24 75 -20 78 46 14 7 18 75 21 12 -26 85 94 42 -84 -48 -28 44 31 -97 45 55 90 -60 73 -59 -33 87 16 60 -4 -69 -5 -96 53 -23 -8 -61 -79 83 -13 -54 -34 100 27 -55 100 21 41 92 -6 16 -21 -41 90 66 -66 33 -95 -97 91 -54 62 76 46 -86 -65 7 -58 20 66 -22 -44 15 31 -70 -83 73 -71 36 19 -91 -12 -59 -93 34 51 -7 96 -86 -2 -63 -30 5 -13 -61 75 81 -7 72 47 -74 -9 18 -46 28 85 -62 0 52 -50 26 93 12 7 90 55 49 -60 59 53 -8 77 -43 -27 -12 85 36 18 90 -98 -59 -21 -16 -31 11 -82 -93 -44 71 -91 -41 -34 -24 -64 -74 64 42 -79 46 -30 -27 11 -96 89 88 14 46 -63 -78 -82 11 42 -75 -89 -64 -77 25 7 -13 95 -44 100 4 -75 -78 96 73 -97 -6 -60 80 -32 35 -40 -61 -72 -72 -81 59 -53 56 -99 79 -14 -66 -72 95 -43 -25 -47 -1 -15 5 -6 -80 26 -85 74 65 71 47 -25 25 -31 -8 83 6 -35 27 -4 96 -88 -15 -97 19 -96 -87 -60 -64 -5 -15 -38 -44 9 78 -47 66 72 11 -33 37 30 66 -16 95 -5 94 6 -85 -100 80 66 -47 -12 -98 -35 -51 -59 97 -64 25 -49 -20 -42 -60 -11 -3 -30 42 -54 54 3 -1 37 79 48 58 -54 -2 12 -4 -11 76 -98 10 71 -75 73 32 2 -81 77 100 -23 -13 -16 -91 83 -27 28 73 22 12 34 68 18 19 -2 -34 -85 -28 -76 51 -43 -81 -67 -29 83 -18 -74 54 64 -10 -60 -60 15 62 17 -68 50 -60 -23 38 -26 61 -57 -5 -98 73 -50 39 -73 92 32 -83 16 -7 -54 -69 0 83 -56 -97 21 77
61 75 -73 47 -78 -85 -13 99 -36 48 -38 25 -60 -67 54 94 76 6 18 -39 40 -62 -16 -97 -35 -99 28 -95 25 15 14 24 -32 -94 69 -52 -31 -93 -16 -25 -33 72 -30 52 -65 -28 -95 -54 82 -47 -23 -91 -80 -98 83 81 -40 -28 -94 -60 96 32 -53 -98 67 32 81 70 -64 7 36 -11 -73 -23 59 39 45 78 81 -6 -62 -2 -59 55 -21 -48 23 84 89 -1 81 20 -82 36 60 -15 16 -36 89 36 -17 69 -71 44 94 53 -63 -51 62 71 -26 -26 34 16 44 -61 63 96 44 -52 -18 -30 80 74 56 68 94 -67 98 85 -28 -97 -85 -86 -54 -12 -39 27 37 75 72 30 -77 65 3 -58 -21 73 -37 -23 51 -7 81 -13 -30 67 5 100 10 45 -8 22 61 85 -80 -30 35 79 63 -56 -75 63 24 -79 -41 -68 -27 -39 38 20 99 -68 -42 26 18 96 96 -1 35 50 -14 92 -92 90 -88 47 52 25 -90 100 -39 58 96 39 57 -77 78 -72 41 0 -68 -92 -18 -30 49 -34 -21 38 14 -30 -13 25 98 -31 56 49 -3 -96 -14 -79 68 -37 -49 -44 40 11 27 65 20 16 -14 -34 -92 -22 -26 -12 50 29 -55 -14 42 -61 26 -20 -7 6 42 -35 -21 -90 45 75 -70 36 9 -49 21 -89 -43 -67 -15 31 1 -66 -82 -82 -23 -81 -68 -64 8 -47 -80 -23 -63 -13 28 -3 -42 -85 -81 9 -96 21 84 -48 -2 -45 -39 -28 -61 -68 31 -7 -83 -64 98 -13 -19 73 -77 18 -32 33 -8 -60 46 68 98 7 3 27 80 64 -60 7 33 -20 -6 -76 26 -41 45 85 -90 20 23 -47 15 -50 9 34 -69 -44 -77 -34 -34 -25 -83 -6 64 3 86 -46 -67 -100 31 -75 -6 9 -55 -81 49 -58 -79 -64 -5 -38 -13 23 -87 84 40 -27 -54 97 -100 -100 51 4 58 -35 75 89 -31 -18 -58 26 60 -55 26 -85 -10 37 3 -87 23 -6 81 -44 -86 -39 79 43 52 -24 -44 48 1 2 73 -50 -30 34 84 15 12 84 -58 41 -13 -98 -57 -78 -31 -25 -48 -68 80 57 8 -39 -44 46 11 93 80 -23 77 28 -72 -31 -26 -94 30 8 -53 -78 48 -24 21 69 2 31 -11 -34 -8 62 43 -95 72 89 30 -56 28 -48 -50 -43 -14 72 -13 57 -25 -77 82 -84 3 75 37 -43 3 69 20 8 -68 -28 60 5 65 31 37 17 62 -58 -62 -26 -97 1 -56 62
-28 76 19 45 -56 56 -33 -84 -80 11 -77 -23 99 -40 -4 3 -19 -50 39 13 -16 19 -91 11 -16 -33 55 -28 41 -2 -34 57 95 -100 -51 7 36 -59 57 -1 -30 8 35 -87 -60 95 73 -24 -57 -93 50 25 -22 42 71 -77 23 -51 92 -69 38 80 -51 -45 78 -1 -63 79 -89 45 -81 15 -47 -65 89 90 -55 1 -55 72 -89 34 62 -5 -77 96 -51 23 29 88 -41 20 -86 -32 -33 74 -5 -59 -16 -69 -60 -78 -88 32 86 -2 -95 31 19 -6 -68 71 61 -75 -14 16 4 -10 82 26 78 -68 -35 83 8 49 74 96 94 73 -70 -55 -44 66 -66 -54 45 15 -11 -93 7 45 -48 99 92 67 30 -26 66 22 -82 -19 22 94 7 -30 89 99 24 53 14 -78 37 -10 -12 -55 -56 73 -20 12 -3 -59 -82 84 0 -69 -58 77 -2 36 -44 70 14 60 -62 -51 23 -34 20 76 81 33 -47 35 -77 15 98 -20 59 -65 -24 -94 -68 -79 -39 85 35 -82 -16 -73 -19 -53 96 -51 -31 -44 -63 91 -1 86 86 13 65 -29 -34 14 71 -78 67 29 -38 -54 -25 -93 -71 -17 -30 -25 73 100 -1 34 -12 46 -32 5 -34 8 -90 -85 14 22 80 -2 38 99 -89 5 -51 -24 62 -32 0 12 34 93 43 -79 90 100 21 -11 59 67 80 2 -46 -53 79 -91 79 -68 38 26 80 -1 -12 -91 7 -16 -33 -41 55 -44 -24 92 19 58 0 -73 -66 38 -74 51 6 56 -86 -30 -16 -31 52 -49 -57 -19 -21 44 -72 -5 -34 -50 -35 5 31 -53 -3 2 86 57 51 -95 68 -79 -54 -77 4 97 -7 -38 -26 6 -91 43 -55 -50 -100 49 -52 -25 99 90 -12 -43 -50 -58 -32 -74 92 -58 -95 -65 -50 86 -23 50 80 -99 13 -40 75 24 -57 -44 -41 -95 -91 4 -33 67 -11 53 34 -45 -2 78 68 -46 72 -68 19 -11 -51 39 67 46 -42 31 -71 -71 20 -45 12 -13 4 -95 74 92 -31 -94 -65 100 -7 -1 62 73 -20 -66 60 38 72 68 -16 15 45 -84 74 67 3 -55 -44 -26 -38 70 -100 11 -37 81 -29 55 35 83 -62 8 70 -42 -26 34 33 97 -89 0 -28 84 77 -23 -49 72 48 2 -87 58 82 25 -34 27 19 74 72 -66 66 -54 -13 -41 -4 51 27 71 76 -87 91 85 -53 -4 17 -76 80 23 -34 95 63 -87 63 36 70 -44 -45 -53 100 -73 -19 3
87 -63 -34 49 35 86 77 -71 -31 -90 -89 64 -16 -30 -67 -78 -22 -90 -44 59 36 -33 -5 -64 85 -49 88 -53 60 -40 58 46 -86 92 -5 -62 84 -2 -27 50 -53 -2 52 32 45 66 22 -17 58 4 -93 -50 -33 44 55 -26 84 -46 25 -91 -27 -16 17 -39 55 20 -16 47 -2 -65 -80 -9 33 -86 11 -26 97 -38 -50 30 -62 74 53 -53 0 55 62 -49 4 16 19 15 89 35 92 62 -9 49 -44 -72 81 66 -40 -24 61 -19 -55 -41 -97 -38 -7 3 -16 61 -6 -40 15 -83 0 -71 20 -67 86 62 40 51 -43 -19 -82 1 74 -84 -80 7 -14 -70 64 -99 49 87 84 89 -15 66 12 3 25 -58 72 37 50 -100 -84 61 -50 46 -6 -76 68 80 29 -48 -8 14 -33 -59 17 -16 41 -19 -51 -96 56 -31 -68 9 8 10 -80 -25 5 -68 50 -18 86 -37 13 22 57 -64 42 -38 72 -18 79 72 40 83 -10 -4 59 -59 -27 -5 23 76 28 56 36 -29 -97 -76 80 -80 -28 90 48 -21 37 15 70 -63 -2 44 54 15 37 -94 -76 -92 -93 96 -63 61 56 -2 -40 28 -50 9 6 -93 -67 -79 -16 73 4 -19 3 -54 -93 97 37 -51 -45 -4 -96 15 58 -89 75 -97 -16 38 -86 7 31 -11 -74 -1 -22 24 6 -37 91 -94 36 -83 26 53 -13 -71 50 -97 -62 -72 -12 86 -49 -54 17 -64 -50 -33 -80 79 5 38 61 96 -2 -83 95 54 -33 -19 94 -17 -94 97 79 -60 -66 6 16 77 4 96 -52 -18 86 68 -66 93 71 55 8 90 79 13 -65 -27 59 -58 20 48 87 25 51 -13 23 9 68 -2 -78 -59 63 37 46 -73 1 55 84 -90 87 -12 39 -54 30 51 -48 -82 -24 47 -93 -66 -61 85 55 -62 8 -12 -53 0 5 -48 -74 62 69 92 -62 78 -24 -62 -12 -6 -16 68 -7 -18 -37 -25 4 16 -82 48 12 81 68 71 18 -63 -35 12 -17 72 52 -50 -5 45 78 -81 -72 -96 56 -55 11 78 -80 -27 46 -31 89 41 -13 -39 -50 -91 73 -39 37 -100 28 -32 25 43 -25 -85 31 -17 88 -91 -43 -79 -13 -10 -82 23 30 82 2 -32 -64 23 -65 -50 60 11 32 68 -100 -32 -62 -42 -71 -68 -86 -90 -39 -5 -67 50 52 -78 -8 95 40 70 2 -63 -16 -52 37 -25 36 -20 -89 58 7 82 20 53 90 -94 93 36 -94 30 43 -91
-25 -58 79 -30 4 -32 -80 17 55 53 -55 87 43 98 21 20 -92 35 -18 97 25 -24 -10 -41 -74 31 18 -3 -70 -91 26 62 -47 -61 -24 -87 -55 68 -17 -70 100 -44 79 40 81 98 6 -96 -61 -67 27 44 61 47 44 -24 3 -21 89 63 -8 99 29 25 27 77 -6 -72 -50 48 -18 73 -9 82 -57 43 42 -77 -2 -87 51 -97 -20 19 -66 74 13 80 57 -10 -84 -71 89 71 9 84 -27 -92 -96 -59 -45 -14 -32 68 44 -57 -38 72 -41 72 -4 -55 -31 -83 -69 16 41 -82 -2 80 -81 -90 12 3 34 -57 70 -33 -67 -45 79 -8 -70 36 31 -44 29 -1 61 -17 35 70 98 23 70 -41 -36 -11 13 65 -20 -8 -95 29 -20 64 36 3 -16 1 -85 73 -79 -83 -63 -27 -45 -100 -28 -43 31 7 -11 -98 80 -71 -15 -57 -40 -31 -13 -79 -78 75 52 -66 -50 -10 -33 27 49 21 27 33 95 0 -75 -8 -11 -82 -38 48 88 61 -16 2 58 -10 74 -3 -56 -39 -42 11 -39 -75 -54 62 -12 54 45 33 47 -62 -22 -74 77 -20 -64 -26 22 -70 -24 37 -21 -33 57 -7 -75 -66 -37 74 -100 -60 45 84 52 -58 -24 -82 11 -36 45 13 43 -17 77 -37 -1 -9 -83 5 19 -96 -95 44 -64 25 -84 9 -32 -73 36 91 97 22 68 86 -43 -6 59 19 35 -52 32 -9 73 -45 2 -80 74 1 -17 -72 -39 50 82 95 -84 -70 -77 -82 2 -7 70 -49 37 -30 43 29 89 -7 -18 55 62 66 98 54 56 -47 35 51 85 -69 34 5 1 11 99 72 -17 64 99 87 -49 34 -46 -30 31 -31 48 50 44 -31 9 5 36 34 -84 -68 -83 -48 56 30 32 -66 -17 27 -65 -88 52 -90 14 -30 67 -42 11 29 95 20 32 -58 37 100 54 63 92 -35 -60 -70 -36 -54 15 -5 21 -1 63 -72 6 -40 -93 33 81 92 -99 19 34 77 99 18 61 -92 -91 69 -67 53 -33 -66 37 100 -6 60 -29 53 -53 71 2 67 -38 6 39 42 37 -19 65 37 37 66 20 -71 89 -42 12 59 -75 47 -55 54 37 65 -22 -56 -20 78 30 -6 11 38 -100 71 -65 44 25 -3 67 80 -81 -66 -4 -95 59 -44 -3 28 -75 -90 -31 78 -98 0 -36 40 60 92 28 -61 90 21 -23 -86 50 -33 19 -32 -33 -50 -5 -28 -42 72 47 -34 35 11 -26 -86 -99 -69 32 -19
-55 12 3 -77 -66 -75 -58 -67 -55 66 -45 72 64 58 61 -25 8 -21 13 -31 62 60 34 21 -13 -2 -42 8 79 98 -59 92 -54 50 36 -39 -51 -25 -44 62 -36 9 -49 -48 93 10 -82 -58 70 25 -98 41 -7 -95 83 35 1 60 -83 6 90 -59 68 -62 -29 100 -3 10 20 -82 32 97 -72 55 -82 27 61 50 50 94 -31 28 83 82 62 84 89 1 58 20 83 -17 -73 -53 -58 52 3 99 17 -9 97 -61 -12 -9 16 -46 89 57 -22 -88 -68 -45 13 -72 17 5 19 -49 -29 28 -61 43 -19 -22 37 -77 -36 69 56 -91 -14 46 -66 -41 -88 -4 51 -58 -2 -71 11 -23 59 -87 4 -62 3 10 -58 -63 1 -8 -68 28 95 45 19 -90 -79 -29 75 -69 46 -38 -98 -52 89 -62 -36 -89 -19 -61 -63 -87 61 -41 -83 81 34 -39 -21 32 37 -96 -96 -94 80 -87 -31 -50 -5 81 71 -15 60 2 -65 22 -34 -6 19 -26 65 -99 73 28 98 -90 48 31 -31 -41 10 74 -85 -22 -18 94 99 -43 -28 -26 -89 11 33 91 -73 -43 -92 -26 -63 1 -45 -86 14 45 -63 -75 -97 -81 93 -85 -72 68 -71 -48 -96 99 -73 63 -10 -73 0 71 -16 -72 22 -48 -67 76 65 -55 24 53 83 -1 81 58 -97 -16 36 -63 -12 28 35 -76 89 30 76 62 25 29 3 9 68 59 48 -73 31 57 -40 -84 28 -44 61 73 -41 -56 -46 82 3 -18 45 12 -1 -100 -79 -9 -93 -56 -97 -19 -51 2 -29 -68 91 53 -18 -40 -46 79 55 -81 0 90 -99 -73 -3 59 22 -100 5 -50 -7 -75 30 49 -76 -39 18 -37 13 -53 72 -56 -33 89 -85 -83 -46 72 -15 -99 -55 87 23 -12 29 33 22 -42 -13 -48 -54 54 94 -82 -51 -16 -19 -82 -15 -86 -72 -9 16 -97 97 100 -18 98 70 51 -39 -22 -2 -92 -85 -12 65 47 -79 75 -53 64 -100 25 -28 -91 75 86 -59 -55 60 5 80 23 98 -36 -1 59 12 -38 -13 41 35 63 20 66 20 21 -43 -19 -29 17 -65 -63 -9 -17 -48 8 83 27 14 1 -37 -9 83 -78 31 -95 42 99 -50 42 5 -82 -59 -33 73 -59 30 35 -23 -53 -56 -73 89 47 -34 38 15 -42 84 10 -13 31 -26 -67 45 -67 18 31 -57 76 70 -59 -23 -97 -55 -2 -90 68 -45 -20 -17 -27 23 -5 4 43 31 -79 54 -63 93 70 87 -22
28 22 -62 -10 4 79 -29 73 21 -9 -45 75 -59 49 -69 33 -9 -82 -60 -76 80 92 -71 28 70 -89 -10 -71 -43 -70 31 -62 -69 -61 32 -74 69 -100 -85 7 26 -89 83 -70 -97 89 38 -74 -46 -19 24 51 -92 1 20 91 -34 -33 -24 -51 -77 -48 91 -28 96 -18 -5 -68 -11 92 84 31 -14 83 -93 75 -96 -55 68 -97 85 14 -14 91 -70 -20 -17 90 -9 -90 13 34 -33 -80 -78 -82 -62 -13 -17 -23 23 24 38 -91 3 81 -71 3 -100 85 68 33 79 -84 50 90 -9 36 -80 47 -13 -33 40 -85 -28 15 -94 -18 68 -89 -85 95 -66 -52 94 -73 -37 6 96 -77 -1 -73 17 36 45 -45 14 84 96 -12 -3 14 54 68 92 12 29 81 22 -42 -33 -1 -33 -5 -19 46 2 26 -44 21 -3 84 -78 51 -83 83 89 91 81 -45 -12 -54 83 -18 50 -62 -15 89 35 -37 27 68 -49 54 -25 -91 -38 -31 -91 -76 -3 96 1 -9 89 -51 14 -75 -78 -63 -58 -87 52 -11 -98 57 93 -39 -5 -31 45 -71 68 44 -98 -7 5 25 -2 59 48 -65 10 -16 -86 -85 -33 69 -12 -76 -13 -30 20 -61 49 24 9 -11 -90 35 -10 99 23 63 52 -46 61 24 -48 -63 -42 -86 68 -25 50 55 -50 -86 14 -28 55 37 94 8 13 -45 99 -66 -21 -26 78 77 -24 -38 -17 -69 -48 13 -85 13 -21 -83 19 49 -35 -88 -7 -99 11 96 38 -9 12 9 88 32 11 -14 75 -94 -78 40 23 -62 88 -11 70 64 85 -70 -52 -99 -99 10 -97 -70 53 -13 95 3 17 53 94 9 -86 66 -3 -3 -11 -81 -28 -17 48 -94 74 9 19 2 -98 51 72 43 71 -72 90 -66 16 -5 -91 75 -99 -21 8 -41 39 -61 12 21 -89 -42 -68 6 -32 -76 37 -98 52 -70 -27 -68 98 -5 12 -52 88 0 -30 66 -10 96 37 6 65 38 22 32 -27 73 81 16 64 94 -9 66 13 40 8 99 -3 -90 -44 82 35 -7 5 -4 87 40 69 -83 85 23 -93 42 -60 -30 32 -8 -88 -87 -6 -23 7 7 28 96 61 -64 89 -33 19 53 52 -66 -33 86 14 -38 -27 -45 -91 73 -14 63 -87 77 37 27 96 36 -99 -82 -13 69 67 86 -44 61 88 13 56 -26 1 65 -62 -62 16 -34 82 -42 75 29 12 67 -63 -18 -60 -100 75 -97 -31 49 -47 -88 -76 60 -79 -53 9 52
-7 -14 -91 -99 86 26 -79 -59 -48 -10 -16 -25 -26 -14 -31 -22 -69 -76 -29 7 67 99 36 44 60 -94 -34 67 92 59 -62 16 -33 37 41 73 73 -66 4 92 1 77 -5 68 -76 -24 -51 -22 -1 -74 -64 48 -46 -96 -62 -76 -63 82 -4 -36 -75 -64 86 -61 35 37 78 -2 66 -48 -25 -100 81 24 -60 55 -91 -10 -98 33 -96 61 -42 52 60 -84 -40 65 54 36 -97 0 11 -74 73 87 20 21 -68 -92 37 19 28 77 48 7 36 50 7 30 -14 -95 76 -46 -48 39 -85 -26 -73 -74 -81 -61 4 22 82 24 30 -28 82 -10 -54 2 -23 -78 -53 64 -34 10 2 -92 -8 22 48 -70 80 -22 94 41 96 -79 -96 54 -77 -62 -16 58 -99 58 76 -10 25 -90 76 -57 91 -56 35 42 93 91 16 25 3 -31 97 8 -42 80 -41 -67 83 -80 -21 -75 12 72 15 -24 98 -54 22 68 -60 16 -34 -85 -100 -7 89 -26 -91 -58 89 -13 32 3 65 -91 41 85 -33 -32 -60 82 18 -77 34 -78 45 -34 87 -87 -79 -59 -3 -39 91 88 -29 -83 94 -87 43 66 17 99 -43 87 99 -70 -42 -11 85 41 -43 60 -66 -70 -19 41 -100 15 38 23 3 -48 99 74 -93 98 -18 23 -93 65 2 72 15 -21 29 18 92 -89 55 48 -8 48 76 13 -13 -39 -46 -65 -16 95 65 -89 86 -30 37 48 87 37 -20 72 76 -21 15 51 -1 81 -91 22 7 79 88 41 -5 -6 -94 -75 -33 59 95 52 47 -89 -48 -20 21 88 -9 84 8 9 22 71 -97 -9 98 6 -55 -24 7 63 12 84 -5 -73 -35 27 -83 9 19 63 -27 14 71 66 66 -89 29 -73 53 -8 -90 4 -90 62 -40 79 -61 -42 -88 -30 27 -39 -87 -94 -15 54 -82 6 -93 -90 32 20 -55 2 11 93 -11 96 88 56 49 -32 -96 -6 36 -73 -42 -54 18 -26 -86 -42 27 75 -79 3 -62 -91 -67 49 -83 -26 -39 1 43 68 -42 -67 -95 -77 -71 7 99 -48 -55 11 30 -99 -84 -76 -92 -97 -59 -97 3 43 18 55 20 58 -96 77 -98 18 87 62 65 17 41 45 83 10 90 -37 18 -100 -22 -24 -54 -23 -40 3 4 -79 -18 -10 83 -96 -32 -67 26 -76 -2 -49 -55 31 89 80 -38 20 17 96 -89 -53 87 4 65 31 -70 0 59 72 -78 16 43 -56 2 66 -48 -7 -18 -5 51 65 -31 51
-51 -24 18 -45 98 -5 72 -38 8 -85 -42 17 -34 -37 -21 24 51 -2 77 -1 43 -9 -15 77 -5 60 66 -67 -75 69 -17 72 47 79 37 -79 -12 -55 -62 -51 62 0 83 -10 60 91 -25 -5 -31 -91 -76 82 -41 -71 95 -16 43 -24 80 -69 -87 -30 -16 -53 93 87 -99 6 -53 -86 18 -20 -19 -11 55 -70 -90 -100 57 9 -21 -21 5 46 -77 -74 -33 30 92 51 69 51 -19 -26 62 -26 21 -72 95 44 -90 18 -50 34 83 92 0 82 -34 -50 -51 100 -35 87 97 -27 69 94 83 47 91 -62 -42 25 91 9 63 -42 41 -14 62 42 -94 -35 -30 -82 33 -7 56 -76 45 -72 35 21 -15 84 -87 -71 59 -60 71 -93 -19 78 2 17 71 46 -1 -41 92 84 -29 34 -16 -56 64 72 48 40 -29 -59 -44 85 73 69 40 -45 -4 -55 -3 33 -14 30 6 73 39 37 -91 73 47 64 69 -2 81 83 -34 43 -68 -63 -64 94 42 -51 -90 63 -89 17 78 -13 -17 53 21 -81 43 38 71 -28 -45 -79 -42 64 -28 -74 -52 -48 -9 27 -87 100 7 -69 31 -21 31 -52 81 10 71 30 36 65 -9 34 -58 8 36 54 5 -92 77 -6 42 -79 1 41 -42 -45 -27 -22 -16 -25 -76 100 -92 27 34 55 -46 -9 -23 52 42 50 -1 -9 80 45 34 -59 -23 65 -91 25 2 20 86 -14 89 23 12 -31 -71 -47 -47 -52 29 -22 76 20 11 5 75 -47 13 41 -96 89 -34 100 -24 -83 79 21 -82 36 28 19 17 1 -70 99 -19 -90 51 28 60 -34 27 80 17 52 -90 -12 -20 -36 31 35 55 -48 -87 -90 -30 -20 34 16 12 78 -60 -14 -87 -62 85 -13 100 -28 21 10 -90 12 47 17 -15 51 55 94 37 27 48 16 65 -4 -46 36 -59 26 51 -82 -41 -51 -82 -34 -58 69 14 62 -23 82 -64 -58 52 -11 -43 37 -93 -85 -61 8 -60 -5 -35 58 -64 52 24 38 49 66 74 81 -39 24 -81 -85 17 39 -44 71 9 89 -87 -33 -7 -71 -61 96 -54 6 -81 -17 47 -13 95 14 8 -100 71 -23 89 32 52 42 -62 -33 9 -58 29 -28 -73 30 -86 26 4 -36 -6 -54 -34 -96 85 54 -16 12 84 -48 -47 35 98 29 69 -57 66 41 -75 3 82 20 45 86 -75 -100 63 92 -9 -18 23 -74 -89 -54 33 -49 76 62 82 37 11 20 -59 -15 74 4
-58 -97 41 29 39 -76 -26 32 -30 3 -16 26 -30 97 71 -76 96 48 100 -20 61 83 93 2 82 12 20 12 7 43 91 -94 -86 84 7 -38 -53 17 -95 47 3 27 -85 6 16 -4 76 65 43 -20 -53 76 -37 4 32 2 24 25 -3 95 56 -72 -100 32 26 -11 58 62 51 -21 -75 49 99 -79 -43 -75 -5 -72 -16 -55 93 -30 69 81 -10 66 52 -44 -87 36 5 -71 33 -48 -3 -85 -45 93 89 -94 67 -57 -2 -63 -17 -44 22 -87 -60 -72 27 -44 6 -36 -21 -39 74 -94 73 60 -78 10 47 -5 55 39 24 6 -33 94 -15 -49 -28 -13 99 -27 -91 -22 -13 -42 13 -10 55 -49 63 87 -72 40 -67 93 28 -51 -85 55 59 -60 75 7 -5 47 -38 -88 -50 -77 -59 -47 -23 -80 -85 41 -2 -71 44 83 -94 52 1 24 -66 -54 -99 100 -58 86 21 92 -26 -15 -37 44 44 -51 -88 28 79 -81 -92 87 39 -52 26 66 -22 -72 -41 72 -27 -62 -84 -70 32 69 23 90 -84 -46 -95 20 -69 85 -36 87 32 -22 -27 23 13 -39 -34 38 36 -9 -7 -2 80 -65 13 78 71 48 30 -45 29 6 6 -65 -82 -12 -38 34 68 42 61 -72 41 58 37 54 65 -56 95 -13 71 2 -50 -97 -100 -72 99 26 23 15 -87 60 36 22 -5 41 -66 -15 29 -46 73 -64 32 69 -25 21 2 61 -1 -28 32 -42 -9 -51 54 79 -17 30 40 47 -70 -100 23 15 56 -9 -45 -41 -38 -75 -91 69 -37 90 -89 -21 13 -12 28 28 44 -90 99 -79 63 54 -42 36 20 -11 -3 -38 -18 -59 96 -55 50 26 95 -43 -87 73 19 43 37 -71 -4 40 5 -83 91 99 45 -52 -6 -30 -37 40 26 90 24 -75 -19 -80 96 -80 -53 34 -95 64 24 45 11 -95 -58 -16 -8 39 -89 -89 11 -52 -62 -81 67 28 77 -44 -31 76 -87 -99 -47 -77 17 90 59 -26 -26 -62 3 -39 14 -4 -86 -69 -20 31 7 15 -50 63 -21 -33 90 46 4 69 87 -59 9 16 7 -5 75 53 -23 -53 -41 42 53 -62 32 49 -62 -18 -56 18 21 -48 43 45 -31 30 27 89 93 -33 88 16 -52 99 46 3 -33 85 44 95 17 77 75 46 11 52 -98 26 47 -89 35 18 5 7 25 28 50 83 14 -5 99 -65 54 -23 56 97 -89 -68 -12 -72 -56 35 63 21 87 -7 -28 51 -45 -69
-91 -47 88 55 58 88 17 -58 5 31 -79 -54 -100 -85 -3 71 72 19 26 -12 -1 42 25 -72 -97 78 -15 -87 24 76 51 -88 -97 -64 -42 -10 97 -96 5 -27 -27 39 -79 39 91 37 19 -61 1 70 -22 -12 -4 94 -25 -98 86 83 -51 3 45 -34 86 51 42 83 -50 -92 59 -27 77 -78 -81 -88 -26 40 51 94 68 -48 -34 13 65 12 -37 92 16 48 56 -78 -50 54 92 -2 49 -79 90 -17 -58 45 74 60 -81 31 -73 -72 -16 80 100 -43 -36 -57 88 -51 -4 63 90 34 48 -71 -12 -82 58 66 91 -56 73 -31 63 67 -54 -80 -49 48 57 50 27 22 -51 -16 36 -58 42 98 44 -40 37 -59 39 12 99 26 32 -49 -26 -90 -62 -42 14 -62 65 -94 -41 55 27 -42 -6 74 -37 80 -38 -42 68 -60 63 46 2 88 -67 -17 82 33 21 -92 50 73 0 -65 -81 -39 58 -9 -18 92 -87 -85 44 -63 -84 -63 -9 -43 72 19 -16 -50 84 93 -65 98 4 22 -73 -45 -26 39 49 -98 26 30 -93 -8 -4 -78 -78 -16 -98 -52 42 -100 -32 83 33 -72 -65 -46 -81 -59 88 -9 1 -81 53 -4 57 -98 21 -17 5 -93 92 -85 -91 -50 -66 -71 21 75 82 -40 34 78 68 -81 36 17 22 93 -15 -74 21 41 61 53 -70 22 -14 76 68 -34 -68 29 22 -9 -64 -82 -30 -20 1 -51 -68 58 84 -64 63 82 66 64 78 -34 34 -84 57 24 26 -93 -36 94 -33 -44 35 -23 -78 -23 -52 84 -87 -71 26 -67 -25 -46 78 20 59 75 3 32 0 -46 -67 -21 76 36 -57 -38 -92 -91 75 -90 -65 21 0 42 -74 -76 -88 -10 -6 11 81 -57 51 11 -49 97 -96 -4 4 18 -62 65 -58 3 -70 98 -66 -82 14 67 7 39 -51 86 -37 20 84 -85 -70 30 -31 -78 11 -46 10 -6 0 -24 -29 -23 -42 -55 -70 87 -34 -67 -20 26 15 -20 28 56 -30 63 69 86 -18 72 89 -40 -49 45 -68 -24 -15 -96 69 -27 -9 90 -78 29 -58 91 13 92 18 -17 -68 9 -69 -80 -76 -39 -92 -8 10 23 -16 18 -13 -100 44 -26 -59 -2 54 -33 34 18 95 78 16 -7 -71 65 38 -51 -47 45 -54 -68 -91 63 0 49 -54 61 95 -52 95 -93 -49 -6 10 44 75 74 -2 -17 -30 69 55 -53 75 62 -39 -88 -48 -34 -67 77 98 -1 -29 -91 95 -21 74 -70
9 80 -72 -83 76 76 69 35 90 -62 -45 69 -78 -18 99 -59 -26 -43 -32 -67 -37 -9 -75 41 -14 -57 -27 76 -69 30 66 75 18 -89 -13 39 35 4 -78 -72 -22 -1 -20 36 -16 -49 80 -49 -13 30 40 5 -49 -8 57 76 -33 -13 32 22 -68 -94 97 84 74 46 25 95 -99 99 -51 -53 31 -56 50 66 55 35 -20 -11 68 32 56 -27 -98 55 -96 12 78 88 43 43 10 60 -42 54 41 -57 66 89 -91 5 -97 8 -31 -19 -2 95 78 36 -4 -43 -43 -30 3 68 44 -39 -32 79 100 78 28 79 -51 0 -98 28 12 -47 -55 -45 -48 97 -28 -56 -66 -19 39 69 62 1 -40 79 -73 57 -38 -47 75 -99 -42 45 10 -33 76 40 95 -44 -75 -39 19 -11 97 44 91 -46 23 0 66 51 -83 -80 95 -100 77 -47 -60 -22 -40 -57 41 27 -21 98 -13 -61 47 -79 -52 -74 15 -84 -40 82 -56 -39 -76 49 87 75 61 -79 -38 90 -1 -28 19 16 39 -85 43 15 69 56 -51 -92 -83 -66 -59 -66 96 -59 -62 -75 -56 36 -8 97 97 46 30 1 48 29 -27 69 72 91 73 96 98 2 66 -52 -52 -25 -85 26 -20 -4 20 13 71 -10 40 96 53 -46 65 91 40 64 -23 53 -35 -24 64 -27 57 89 -78 -56 -62 98 31 45 -5 68 17 -10 56 -49 26 82 -69 7 -93 41 -49 -17 39 -89 -41 -3 11 91 33 44 -69 -2 72 -28 24 48 -34 53 61 16 62 60 2 -70 -52 30 85 -48 84 68 -42 -65 -61 -29 21 19 67 79 65 88 -98 -41 -78 7 -58 60 42 -37 36 89 -43 77 -45 -73 -30 -40 99 -12 -4 -32 21 35 -45 97 -74 -2 24 -60 79 -55 0 6 13 -54 -44 51 -75 -68 -47 50 4 6 54 88 -71 -52 98 66 99 -55 64 -68 -3 23 91 -59 -54 8 72 20 -51 -47 63 -35 -69 -31 17 -74 83 94 65 44 -75 97 -10 82 48 -69 -88 -24 -17 20 -79 68 42 57 -15 -67 86 -30 86 18 -22 64 -37 -39 -48 -19 96 44 -47 63 60 -47 100 -92 68 4 98 -41 -66 -28 -66 66 11 51 80 60 56 28 44 -42 79 69 -36 -92 97 24 76 -84 24 -75 88 8 98 83 39 68 42 100 10 62 -18 87 -76 7 98 -78 -58 -42 -85 76 96 -22 82 -41 -22 53 -56 50 62 74 -42 -81 34 100 58 -61 -58 83 50 -40
93 -20 43 -40 100 -74 96 32 32 46 -18 -33 6 -92 54 8 9 -65 -83 -53 96 -7 96 32 54 14 -55 30 -100 -98 -100 76 92 -97 -1 -92 80 85 -57 -13 -46 -85 66 29 94 94 2 2 -19 -73 26 16 -18 19 -22 -75 -23 -94 -65 68 -95 -91 -50 92 63 76 -83 -52 -72 60 65 45 -5 53 -71 -66 -70 -30 64 7 -78 44 -90 -22 -78 13 -77 37 22 26 71 -27 91 -64 -85 -71 -83 34 44 -7 -36 -27 -21 53 53 -29 -59 -92 -15 -68 3 92 55 -42 50 -21 -29 -74 53 80 37 -52 68 -66 41 -24 -50 26 5 95 -45 60 88 -33 50 19 -89 37 -51 -3 -70 -3 74 13 -36 -97 5 90 56 -33 33 -6 63 -95 72 60 -14 51 -32 -33 -72 -3 -83 33 36 80 59 -5 -21 53 84 98 -63 86 -85 -95 -99 40 -70 -4 7 19 -38 -15 12 -47 66 88 91 -23 16 27 -87 -62 -74 99 48 -83 25 36 25 -23 -57 -24 -15 41 60 46 28 -57 -94 -25 19 -82 18 98 -84 68 48 -27 42 -1 25 30 85 -15 -97 -95 2 88 11 65 -77 94 94 -55 -78 33 8 -85 -51 -31 9 85 46 9 -29 10 17 -51 43 37 6 -5 34 67 -8 73 26 70 -9 87 -58 -28 -11 85 -17 -86 -16 -69 -28 -53 7 97 98 94 -20 39 -85 76 43 5 29 -46 -28 26 -6 90 97 73 51 -26 57 50 -48 -71 81 16 -53 -27 -53 -5 56 58 -12 66 -80 -16 53 100 -91 -51 79 86 71 -41 91 5 26 -25 -87 92 -37 -10 80 52 -49 75 19 81 -25 -13 12 -54 70 -82 18 68 -36 -91 -60 64 -95 -76 -94 15 -53 -74 79 34 31 98 -40 93 48 54 -93 -69 51 -83 22 -18 -3 -78 77 -97 -47 -2 -96 70 -79 -44 32 78 -36 72 84 -1 88 43 -28 -53 -32 85 37 -30 -22 -8 78 21 -30 55 67 59 -26 -42 -63 94 -10 2 58 -9 18 65 8 94 98 -81 71 -7 6 58 -3 -34 93 -61 81 -10 -11 71 57 32 29 56 35 8 3 -88 100 40 3 18 -86 27 59 -69 -14 30 -89 -90 -92 -83 8 65 33 76 -58 28 -12 52 97 -23 11 -46 -4 62 -12 74 -90 -90 -62 -29 -54 -6 24 -87 -84 -91 21 -26 51 26 75 68 5 -77 -80 -69 -27 -99 -94 -46 49 45 96 -53 38 -88 1 -12 -31 -6 -21 -33 24 73 45 11 -5 -63
41 74 -75 -42 -82 -82 -60 -24 91 -36 15 -15 -3 -77 -87 -41 5 -98 2 -93 3 71 -98 -27 -77 58 48 -73 -58 -96 -47 27 98 27 -18 -97 -58 -27 -85 56 22 1 -70 -18 -24 2 -3 42 -75 -33 -100 -83 45 91 -83 14 56 -78 50 65 73 18 -40 75 55 -34 -14 51 -48 -3 -29 19 95 -90 41 -7 32 62 0 71 58 44 47 -31 -48 44 -37 -34 -71 -92 51 -84 -21 39 58 -16 -100 -51 51 -33 43 68 31 8 -85 -13 -44 -1 -59 -36 -31 -59 -50 -26 -80 -8 6 -33 -16 -7 -96 39 -98 -10 79 -83 2 74 13 17 93 -35 23 28 21 -19 69 2 24 28 -59 -60 31 3 58 97 -16 -77 84 -68 -64 -97 -49 26 32 90 22 -59 -75 -76 82 50 -97 -54 -89 85 -38 -39 76 91 46 71 -84 34 -97 -56 -14 -99 54 54 -16 56 22 -13 40 46 32 44 -29 -23 97 85 -25 47 -89 56 20 -70 -25 -45 23 90 45 57 -67 66 -16 -18 61 -100 -81 -43 100 35 21 57 81 -50 26 91 26 23 89 -96 -2 55 21 36 -14 71 -34 96 94 79 -83 -20 44 -9 -85 6 1 80 35 -75 -27 -94 78 9 -35 47 -1 8 -6 -54 -62 -58 -97 60 97 -84 60 63 -40 65 -62 86 -77 94 -16 -98 33 -7 90 -49 4 -36 35 -13 -31 -79 54 5 94 5 -60 27 -80 8 44 9 5 -12 -79 26 44 -36 -73 -31 -57 -98 -52 13 -30 34 -18 -20 61 45 -55 -79 -49 -59 -8 -58 -72 -2 -16 -85 4 1 98 -39 -29 0 -39 88 27 -70 99 85 19 -79 56 -52 -52 45 29 33 82 -13 8 37 -13 -16 -83 -62 -42 -75 11 64 84 51 79 82 -61 -7 43 -27 71 -99 -43 14 63 84 -4 -94 -45 -90 56 -28 -28 -6 97 -90 55 -14 -68 -68 87 -50 -93 -29 64 -92 95 -83 -7 -97 80 -54 28 96 8 91 -57 87 69 -7 66 -38 23 -87 62 87 -61 6 42 -92 65 97 -99 -99 -37 -9 -33 86 -61 -40 26 72 40 94 -86 -12 74 -52 -57 87 -26 95 39 -2 11 13 -35 -46 -68 100 91 -45 -2 -76 54 91 32 98 -38 40 -71 88 -77 10 -90 -12 -18 32 62 51 51 -98 -55 46 -54 -49 53 -75 19 -80 -97 11 66 79 67 -97 13 -87 -83 21 -76 96 -38 58 45 21 71 -91 -82 -21 -32 -99 -87 -10 45 67 88 -18 39 -5 -9 -11
-35 32 -32 -45 -81 66 -16 21 18 -68 -32 -33 -36 -39 30 -31 81 6 -52 80 -50 8 -25 -77 32 -9 46 -18 -2 -59 53 -27 -85 91 -14 -5 40 -53 -91 -99 -50 -2 -94 53 -85 20 -27 49 -72 -84 -97 4 -34 -54 -94 94 -90 21 76 65 37 96 87 94 -40 19 36 -27 73 2 49 -68 -70 -46 -43 -81 -57 -97 41 -97 13 10 86 22 -59 60 -61 -17 -97 -80 -82 -32 62 -48 28 4 -42 12 -45 -54 19 89 97 32 7 15 1 -99 21 -15 -30 27 -3 74 -3 61 -69 81 80 -91 -12 -97 -72 -5 72 -29 44 -93 -15 9 88 48 -93 66 8 88 -45 99 -97 54 -33 100 23 -61 -13 -34 -95 21 66 -54 -84 17 14 100 86 100 -40 -87 -90 28 -36 88 37 61 -88 98 -50 62 -52 -50 97 52 42 93 78 -65 89 39 -78 -66 -11 5 83 -84 82 38 -74 -1 -96 81 -41 -60 20 70 -40 88 -5 -60 76 31 -95 -91 -66 -33 -97 -71 63 -1 -53 30 -7 -80 71 32 10 -80 3 -58 34 -3 80 -12 -47 6 -70 -45 -1 -76 -14 -81 -78 -73 -76 44 83 -26 69 -56 36 78 32 -22 60 -19 -93 1 43 -56 -30 51 26 71 -1 43 -78 -63 84 -62 75 90 41 62 -19 -85 51 41 -63 -81 66 -1 -61 82 -79 0 -25 95 18 38 63 11 -20 -16 78 100 -68 -46 88 95 94 -88 -28 -67 88 93 -36 -48 81 31 -90 52 -9 25 -79 -79 93 58 96 10 -5 38 51 1 -96 -82 54 -45 -33 -44 2 -71 -82 -43 64 59 -58 8 98 -15 -65 -37 -49 4 -14 69 -74 79 -82 4 -33 -3 -42 -20 -7 21 -98 52 69 -48 3 81 87 64 -54 -54 25 100 -7 -65 -47 -44 67 20 -30 81 83 87 63 30 -82 73 -7 94 58 -83 -96 82 -44 -39 19 -22 44 -85 12 -50 -51 -47 70 25 69 -95 77 74 34 14 -92 -42 -5 17 -10 20 85 2 38 76 -61 -100 1 -28 -84 18 69 -9 52 92 -82 99 88 -66 -35 0 4 -28 15 -58 -5 -29 -55 -29 63 26 -78 -86 96 88 -67 -33 95 80 -33 9 8 88 -20 6 -43 77 -90 83 -15 34 -14 -35 -5 -60 81 -38 71 53 -90 -39 -11 -83 43 49 51 -23 -15 -60 -93 2 -55 -73 -93 89 -94 -62 -15 -40 -95 95 -64 81 83 0 68 27 72 -69 -11 -98 99 26 57 14 -91 -11 47 -100 -96 80
-92 -95 75 17 -96 -4 -97 -61 42 41 9 1 76 34 -10 -78 12 -9 -95 3 21 49 51 91 -47 -29 -98 40 76 84 -71 -26 -98 5 -90 -34 -37 -83 -71 -28 -17 28 -68 54 70 -87 -45 84 54 53 -82 -99 42 -46 -26 23 77 -76 7 62 -2 97 7 67 -13 75 -19 19 50 -96 -91 73 -93 -44 -73 -22 45 -26 -99 -38 26 -3 52 60 -42 48 17 16 99 -79 -86 -92 21 -91 75 5 -10 30 -49 -13 -47 -18 4 40 -57 38 -51 -53 -7 -79 -33 -10 -93 11 100 -12 -99 -6 -27 -37 -16 91 50 95 31 67 -45 -72 -58 6 7 72 -22 18 -47 -73 -19 -8 14 66 78 -61 15 -71 -68 36 -9 15 -10 35 46 -44 44 40 -94 53 33 3 60 86 -3 -7 -96 -18 -91 -31 44 74 -99 82 75 77 41 3 55 15 -91 -31 79 -23 42 65 -2 19 -40 -89 97 49 16 -15 36 -45 -66 -9 -16 75 -14 -4 42 53 -37 -62 61 -42 77 78 -94 -82 -20 -94 -50 -83 -62 65 -33 21 -16 -49 -56 89 98 21 -79 -45 -18 19 67 -67 69 24 -31 -79 -66 -43 73 81 -47 50 96 3 22 60 -79 -3 -13 98 -94 65 -95 59 92 -44 23 -62 -67 -63 6 81 -30 9 -25 -20 -38 9 -37 -31 -61 -31 84 19 19 54 -43 6 1 52 -40 75 -97 92 -11 -2 67 -68 60 30 -49 90 -92 -9 -81 -66 60 -70 97 63 66 -81 -90 10 77 21 -50 77 30 47 39 -89 69 50 -70 93 -20 -99 -13 20 18 -20 -31 -88 50 -64 57 -34 14 -99 65 94 -100 -36 -41 37 94 54 -62 -69 67 23 52 -77 15 28 48 57 6 81 -70 29 87 -5 1 -41 -98 -90 -61 -74 43 -82 -58 46 -93 98 34 2 73 -67 9 6 51 -64 -73 94 41 -1 -56 35 39 -11 -30 27 -75 40 -78 -14 -45 -44 19 -30 -75 -22 -5 -5 -48 78 -54 75 -91 -54 92 -97 -3 2 70 12 2 -77 -87 -8 -20 -98 10 -19 0 -84 70 -100 -43 -20 61 85 -18 0 87 -46 -48 46 -60 -64 18 86 -60 80 41 94 59 63 -21 23 93 9 -2 -5 57 74 90 55 -84 -21 10 71 -58 29 -83 56 -31 -33 68 -51 51 -75 45 35 64 24 31 -75 47 -23 84 -59 -82 -27 -40 4 -22 8 20 -94 34 100 53 46 48 -68 17 22 -78 -34 -41 57 -34 66 -71 76 10 28 -72 0 -27 24
-34 -77 -53 29 67 19 -24 -25 51 -99 79 -23 74 19 -91 -49 68 -87 -70 -52 -19 52 76 -92 -48 -29 56 60 -75 -47 43 79 -46 -64 -88 -12 -52 -85 -99 -24 -70 -40 -35 30 -34 -74 -56 -1 -90 73 29 -28 -1 34 -94 -59 -9 97 -63 -19 -19 66 16 8 78 84 74 83 -18 -58 74 15 -85 48 -55 -6 56 90 17 -14 60 1 -10 96 10 -2 0 -79 -65 -21 -56 87 69 58 48 -23 83 13 88 54 4 34 -57 -74 51 97 82 71 95 92 17 -97 62 -77 72 45 -52 -18 -48 100 -97 -93 -31 60 -88 72 -42 46 63 -69 -26 -61 59 27 12 41 -47 -44 -90 53 33 -31 -50 -40 -10 65 17 66 92 11 77 -38 24 -94 67 -5 61 -33 45 -3 20 -91 -24 34 30 31 67 42 75 89 9 43 88 57 -75 -9 95 47 -61 58 22 54 61 11 -86 43 -64 29 33 82 -64 16 -2 48 -2 34 -4 -49 93 34 71 37 57 -22 -87 -28 -23 53 86 41 13 -5 34 58 -14 55 58 53 74 -17 42 0 7 59 83 -30 -15 -52 -36 80 -4 73 55 -26 -52 -13 -88 -74 -16 -52 -33 64 -4 69 -50 54 -94 -18 70 82 45 -98 -68 64 -15 59 -6 82 92 -12 -41 52 -10 24 -1 -66 2 83 -96 -36 26 52 -73 100 -86 -70 -88 -82 -50 54 34 92 -35 71 17 -10 -66 21 -50 88 -17 -36 -97 60 -11 36 32 -46 -69 -45 47 38 -88 -52 5 52 -83 -56 99 -97 6 -89 -74 -3 3 -88 -82 -6 -54 88 -67 -88 78 16 -43 95 -10 -12 0 64 38 -48 -3 -55 -82 81 24 -67 37 14 -88 79 -33 30 -76 50 5 58 -50 97 60 -28 90 -55 80 84 19 10 -69 77 90 10 -80 94 30 15 97 -37 45 76 67 -93 -84 -97 -28 28 84 20 -85 -88 -14 32 -32 11 99 -55 60 -37 5 -60 79 -49 -84 -75 98 -76 100 27 31 -57 88 8 17 -43 47 -23 -100 -33 33 -56 37 71 -51 37 -80 40 16 43 -55 -65 -27 52 -49 6 11 -7 26 6 -74 -58 65 -42 -18 -78 -87 -31 13 -88 27 78 -80 -15 51 -46 -100 41 58 31 -70 -4 -90 78 -92 -94 -50 15 -41 -8 52 64 -34 53 94 51 2 -69 -11 -87 59 -9 -97 -18 -20 -2 -8 -23 -63 57 -79 -3 65 -98 83 -98 37 88 76 48 34 -24 -40 19 -84 80 9 91 38 -77 65 -75
23 -6 92 57 -8 13 -80 -8 18 -82 -94 80 -64 -49 -72 -29 -35 -4 26 -66 29 37 -23 100 -2 67 86 38 -47 38 93 96 -98 86 5 52 53 -69 72 -88 -79 47 83 37 -11 73 -36 26 15 -58 86 -15 42 -40 -8 50 88 -59 72 18 27 -54 -65 -38 -41 1 33 -58 11 24 -73 -85 -73 44 54 11 -22 57 100 -60 -56 -100 75 24 -46 5 -90 91 -16 -28 0 -9 -92 -33 16 -25 45 -39 3 42 -90 59 -95 35 96 6 1 -11 -33 65 18 -6 -3 13 99 90 13 -7 -66 20 -19 32 95 26 -75 8 63 43 25 -70 -91 70 -11 -99 79 60 21 -79 90 93 -36 79 -80 45 -14 86 40 35 92 88 54 45 77 37 86 11 -41 85 92 -55 89 41 -19 -5 8 -59 99 -4 45 0 45 68 -53 -74 -85 -36 0 -79 -66 -13 -3 -42 28 15 -70 3 79 -39 99 41 25 -74 -10 -3 -86 -41 -26 49 22 45 -13 -73 90 34 -61 75 63 13 -96 52 -73 -66 -13 94 -20 55 -7 89 20 -60 64 -62 -87 14 -23 -9 16 12 -88 -21 -21 -99 46 -74 -45 11 -61 -58 6 81 83 -11 43 95 5 -79 -22 -12 -80 -3 -51 -51 -6 64 33 17 5 44 34 58 -34 14 28 -57 -95 25 -88 22 47 -83 100 51 55 -66 5 12 -24 -25 48 -93 -56 87 -39 18 -61 -40 -76 91 59 -84 5 -78 -44 -70 3 -37 -35 -31 -5 14 46 83 -24 73 -44 83 -61 23 91 0 -86 -50 -94 -20 -44 81 36 52 49 27 75 -39 -93 48 61 97 -53 -65 84 -52 34 -58 41 86 63 -26 -85 96 82 31 -19 70 49 -48 -69 -43 28 -3 -45 14 -4 6 5 -49 -61 -6 1 -64 22 -31 44 -10 41 100 -51 63 -29 -37 79 -3 -27 -55 17 -78 13 100 -21 51 13 89 19 -59 -15 43 -13 8 -11 -52 -17 -95 -5 12 -90 59 50 -70 68 -73 -73 9 -59 -79 -12 38 -12 50 -23 -100 -83 -13 -60 60 77 -21 9 5 49 12 -59 -20 -6 46 36 73 -16 -98 -25 -70 78 -84 13 -21 -56 25 -68 -31 -17 24 -28 43 -24 67 -57 72 10 -92 49 -39 78 -84 -36 28 80 62 79 -5 -2 30 -92 98 -73 88 -48 53 5 94 67 39 -58 -65 52 74 -56 -57 36 16 45 -17 84 -74 42 -69 -67 -96 -47 -32 -38 43 -8 69 -47 -95 34 25 -8 -7 64 72 0 58
24 -30 20 72 97 44 -32 6 -54 8 77 -60 71 19 -5 -2 -68 -30 57 45 35 -6 4 83 32 -48 5 -50 -1 -30 -18 -78 54 56 58 22 19 -22 -62 57 36 21 64 90 -14 -45 41 -93 -5 -99 -30 -16 38 -80 -77 -6 -71 28 -10 -18 63 36 74 -98 -13 32 -15 75 14 -8 -61 -46 -7 47 -55 92 81 41 95 -93 -89 99 -79 -21 -6 -5 -12 46 26 33 -38 -72 11 -48 26 -91 57 -68 -64 24 92 -37 15 -78 65 -55 -92 35 45 55 78 86 98 -29 23 -46 65 -33 30 69 -57 55 4 60 23 -22 86 16 -82 16 -65 86 -79 25 -48 -86 96 -68 -26 49 85 -34 72 -49 81 -30 -60 -97 -41 -10 45 -5 -33 -60 76 -21 -88 -37 -88 -83 -21 -2 66 43 63 -76 -14 82 -60 54 -62 43 86 -6 41 -32 -61 -42 -68 23 -49 -44 -58 -26 -18 68 -46 -41 -14 87 -5 71 -23 71 -22 9 31 76 11 41 -75 7 -30 -70 -11 -8 89 84 4 -22 29 89 13 59 80 7 -62 39 -75 -95 82 25 -8 -58 100 -88 46 26 -42 -90 5 24 38 69 33 21 93 65 -62 -33 52 -71 -91 -25 -95 -99 -56 -28 -6 -11 -74 39 -36 13 34 -65 -11 -68 -47 89 6 48 -13 23 -23 69 17 -8 -80 -57 45 3 -86 -4 90 -93 36 81 -23 21 -59 73 97 16 45 16 -89 -71 71 49 13 -25 -30 44 96 -1 -36 34 -1 -43 -42 -52 84 12 45 -19 5 92 -16 -38 -74 9 15 -46 2 4 13 -38 -77 77 -30 -24 91 44 49 -55 65 84 49 87 -24 80 -25 -13 100 9 -89 81 -81 46 86 -93 -31 -48 9 87 0 53 -81 -71 22 -65 -40 -24 20 53 -71 -5 82 -88 -64 91 -8 -75 52 15 -72 6 98 -82 74 17 -58 59 5 4 -4 31 -66 -57 -76 -72 65 -45 13 97 21 -51 -11 -86 -45 47 -74 -66 54 90 -20 46 49 26 -77 8 -28 59 64 90 -82 24 36 -20 -70 17 76 18 -9 -74 71 53 -52 -22 -50 79 -81 -67 65 60 -44 -52 6 -92 32 82 -43 -97 67 -28 -60 33 -55 -24 -22 14 -14 76 47 100 -83 11 99 -52 -44 -60 -65 11 -7 57 13 -61 -33 32 -85 35 25 -6 53 -9 31 -91 31 -73 -13 62 50 65 18 -51 58 14 -67 13 -72 -86 -42 92 47 -53 -44 -36 -63 -17 57 95 57 97 -32 -77 94 2 -20 -98
-38 -92 69 0 73 -62 -97 -79 79 18 -34 -97 -66 -79 83 92 91 61 36 26 -81 -93 7 32 56 99 -11 -69 -9 -52 26 2 77 20 39 83 86 -31 -23 -59 -8 51 34 -57 -87 -66 -41 -26 -52 -49 92 43 10 -16 12 35 -100 -94 -87 -50 75 -100 2 27 27 -75 23 -31 -66 80 -47 89 -29 -27 -44 -42 51 -91 29 -21 95 43 -86 96 -97 18 -8 -70 -16 -95 -26 -1 -52 -66 -57 47 -17 -72 -72 -7 -12 73 77 13 -83 -84 56 -17 21 93 -37 -14 54 66 26 50 -35 46 -35 84 100 25 30 29 -5 -39 88 8 83 32 -3 -68 79 -87 -17 -36 -44 65 30 -100 -49 49 40 -74 74 85 60 -7 -52 -70 47 70 -97 78 7 39 -99 19 50 -55 79 25 -54 61 95 -77 -5 -75 -70 -14 61 -49 -91 74 28 -16 70 87 -68 -19 46 -10 57 12 73 61 -56 -32 52 -13 -50 24 77 -12 -91 88 -4 3 25 -49 -17 6 -47 28 41 -37 -32 -51 -97 -89 -19 34 -19 89 98 59 -5 73 97 -67 1 93 -32 17 3 95 29 -18 78 -34 -43 -23 15 -39 -48 30 56 -18 -57 -5 -82 -1 -22 36 9 4 82 18 70 48 80 -3 64 22 4 29 79 82 13 97 -33 -77 -78 37 -82 67 -87 36 4 95 -69 -62 -70 78 72 -31 -62 19 29 57 20 4 32 -53 -47 -32 53 -52 19 -11 27 -9 18 -19 34 55 28 -64 53 12 -30 78 -90 -80 -35 -54 36 -91 10 38 16 -49 -4 -19 -68 97 40 92 -32 96 68 -41 86 -35 45 14 27 -54 -32 -69 -42 8 -78 30 99 1 32 -15 76 -36 8 -39 24 -71 -100 55 -28 -36 -62 78 -53 38 43 -42 69 -26 54 -43 -69 20 88 -17 4 63 -5 73 14 60 33 62 62 83 -30 -87 -9 3 -50 -33 7 -99 -56 19 -47 4 2 51 -4 -82 -98 95 -20 -95 66 -75 96 5 87 69 28 13 82 81 50 56 -22 91 62 69 95 59 -94 86 -58 -65 75 94 14 -45 22 49 -100 -83 71 -52 -61 24 91 76 -37 0 43 26 12 -54 20 86 14 82 55 59 -85 42 63 -7 -23 64 -73 46 -6 16 -31 17 -51 -80 -70 -86 100 28 63 20 -48 -76 -12 -54 23 5 -41 -31 -89 80 -56 -60 -5 91 -96 61 -77 18 44 88 68 46 -75 79 -56 69 -84 -21 52 -79 37 74 -89 -98 -48 57 90 20 -78 26
80 -70 -10 -71 0 60 34 -26 21 -21 14 73 97 -57 62 -76 -82 -32 -76 -45 35 -49 -18 -44 -24 38 63 -67 -81 93 -78 17 44 39 85 23 27 -55 -34 -62 -73 -44 52 -75 91 8 60 72 -61 68 -13 -45 99 70 -23 -9 -87 26 -19 -24 41 -56 -74 -21 -66 -17 -19 3 4 19 76 95 -97 14 36 -90 6 50 -86 1 67 -7 44 -77 -10 63 -24 -46 91 -41 -8 7 -46 52 17 -6 70 -51 -19 80 15 82 -8 74 9 -80 100 -32 -17 -7 51 95 1 1 -82 9 13 97 74 -43 -54 -34 91 31 81 -8 93 81 -85 -86 65 34 41 25 -40 -74 66 94 -44 54 -63 -52 -36 -78 -13 -13 -10 -3 -73 -60 -98 -19 48 -70 10 24 -60 41 -76 46 -87 -63 57 -57 -66 74 -47 78 -71 -76 76 -83 94 -78 -49 -71 -100 -87 9 65 23 -58 -30 -30 39 -34 61 97 11 18 46 -37 65 -89 -82 -76 7 -31 98 24 -19 -92 -31 50 24 -92 -96 -65 -59 -4 79 39 97 -28 29 82 22 71 5 -27 80 96 -8 -22 -32 86 -47 -61 -4 -7 -55 -88 -43 -39 -61 -99 20 90 24 52 -25 1 -67 79 29 100 -60 67 -32 -74 91 11 -24 -21 6 -98 -99 -88 2 82 -87 62 18 -3 -41 -73 15 -23 97 -32 -80 -84 20 91 79 -29 -49 63 -90 -27 60 57 -75 30 97 73 35 -78 41 33 -34 59 -48 70 -37 -15 -84 44 0 96 46 -27 77 28 -6 -32 25 -59 -83 60 44 -16 -95 -30 -29 70 -75 40 9 -75 38 -100 67 99 -38 -14 81 50 81 -57 68 6 -45 65 -61 96 25 37 9 -99 97 13 -18 65 82 -50 40 -37 -42 84 64 75 -75 -92 -81 -75 68 -37 -91 -68 -70 70 -9 58 -21 -19 20 36 82 -82 53 12 -33 93 -10 4 24 21 6 -5 -10 92 -42 42 90 -34 39 46 -91 -84 -44 91 45 9 41 -99 -5 -61 2 -11 -44 2 -100 -49 -6 79 82 -44 0 -13 -6 65 -64 -94 -71 67 56 39 20 -61 -76 47 40 -31 39 15 -34 -27 -59 -89 100 41 -56 12 61 99 12 -15 -63 -22 -15 -99 -51 -7 93 -94 -41 33 -80 -95 -92 -29 -26 69 32 23 -56 12 61 46 44 28 -49 41 9 -37 -79 -36 66 -14 -50 24 -21 15 -59 80 85 -22 -78 99 59 -57 -38 -60 49 3 1 -96 -21 -26 80 -70 93 26 11 -48 60 -54 -79 -80
95 -74 -34 68 92 63 -83 -51 45 -68 -94 -99 18 -93 -16 19 -27 -66 -100 -69 44 27 -32 -66 -87 -54 -38 89 -97 4 -73 19 22 -61 73 -57 88 -90 85 2 -73 63 -90 -98 -44 29 85 84 91 100 -7 -26 83 -88 35 6 -3 -37 -71 70 93 -39 -34 41 -80 5 -96 62 79 57 6 77 17 34 61 -57 77 87 82 43 68 -41 35 30 -77 12 6 -14 -69 2 79 -82 48 -21 3 92 94 58 -98 -17 -93 90 -60 10 51 -47 67 55 10 41 -75 -62 53 -22 -1 -45 78 89 -61 -46 0 -2 92 -48 -97 96 77 30 13 -29 3 31 8 7 94 -95 93 -33 18 28 -16 73 -78 -35 -74 -72 31 47 -70 14 -76 15 32 -27 91 -95 -79 100 -18 -66 0 30 99 43 56 -47 -19 66 -51 -34 -55 18 26 83 -37 -45 -38 77 11 -99 -4 27 3 -63 -72 -17 54 -46 -47 93 23 100 -57 -25 -17 13 9 47 76 -13 0 -98 -5 87 -55 37 -47 36 74 48 -67 0 -59 -97 -21 10 54 20 -74 76 4 -91 53 -5 85 -77 -92 -80 91 66 82 79 46 -10 31 -35 13 11 28 5 53 88 -79 94 93 18 7 30 42 34 -36 93 46 90 -6 62 16 81 25 -84 89 -87 -57 -99 -55 100 -32 71 -56 -68 -51 80 83 65 -44 -25 -91 -8 75 -12 -14 -62 -36 -51 86 96 -21 67 32 -73 95 -75 71 26 -30 20 85 -89 -49 -62 -28 7 -4 -63 71 -8 40 -87 -74 -22 -15 71 -20 89 -97 -95 -65 91 62 -3 -19 34 57 -52 -2 35 -11 23 8 -89 91 63 -61 -94 81 -87 -82 -34 -61 14 -57 -4 25 -52 -1 -92 -59 34 6 22 -91 -83 71 -56 -46 -14 24 -78 -82 54 -34 -28 -99 62 7 -98 81 -3 -93 -85 -41 -52 25 -3 -11 -39 -38 -63 -56 -47 60 50 25 3 16 -51 26 -49 97 51 44 76 9 56 50 85 -96 60 50 41 -83 -95 86 28 44 43 -8 68 -17 66 -46 28 52 -100 -8 -99 -4 53 69 -81 -54 -8 62 -74 90 -82 4 -97 0 32 -96 34 -75 -70 -95 46 5 -52 14 9 -41 100 3 75 3 27 -69 -33 85 -54 5 -30 35 -17 -91 31 59 -93 35 -81 -100 90 80 -13 76 -8 66 17 91 66 -89 99 -66 43 31 -68 45 -91 24 -40 65 -87 99 74 100 9 96 -67 71 41 -61 -20 -1 35 10 16 -82 -54 -42 -4
-33 74 10 15 -16 90 -83 38 62 97 -65 -94 -68 7 97 -96 -92 25 90 72 94 -54 51 5 -20 80 -19 -91 19 -15 -36 -16 -30 -40 -57 -85 -25 -34 -39 -84 -37 65 10 39 -73 70 -53 56 61 55 3 19 -99 35 88 95 27 21 -62 10 -95 -61 -59 -97 27 -30 -34 -23 -62 -40 33 90 81 -88 -74 96 39 83 -90 -48 43 74 58 33 24 -13 -45 91 64 -100 -69 -2 -16 -55 -32 77 -62 28 32 41 9 35 -78 42 -63 -85 -7 80 -7 30 21 -44 -62 63 83 59 21 -35 -82 -11 -94 72 -12 47 78 13 98 -53 -66 81 -31 80 53 -61 79 -37 -49 -65 81 -97 53 97 -7 26 86 63 23 70 81 24 37 -91 85 -53 -35 85 -75 35 -29 -5 -81 89 -97 -26 -92 60 45 -82 33 78 39 65 -6 0 18 66 4 -73 40 -25 39 -77 80 79 100 95 -29 -5 -43 100 -51 -25 92 -74 53 67 -25 51 84 -38 -25 -41 -87 85 5 -98 22 -10 60 27 -2 68 -8 89 -63 14 88 -57 -13 -38 87 -76 62 92 -25 33 -2 -12 -71 20 -24 -57 -65 -70 13 -12 -16 -4 77 28 74 -62 46 -61 20 23 16 -74 -50 88 59 78 32 12 24 85 41 91 -60 69 -32 -52 -22 -58 -11 50 30 25 -5 98 -17 -8 49 -66 -32 -1 69 19 -24 71 69 61 -73 -52 25 -54 -95 -95 -92 -72 87 89 -45 -6 -1 -18 -53 -1 -27 52 -68 45 33 -79 -31 -11 -39 47 -50 -55 52 7 16 -48 -60 33 -68 -23 -93 60 86 -22 -57 -83 46 -45 53 -10 73 -36 -16 50 -57 92 -49 98 87 73 -48 65 -35 -43 -75 96 -70 66 -5 74 94 -93 -8 47 -70 17 -28 53 -4 58 -17 -66 -26 -72 44 -75 -9 -96 -54 94 -78 -38 2 58 -37 47 -36 92 -45 33 -4 46 30 23 11 93 97 -76 -84 86 59 91 71 -18 6 -56 82 22 92 78 -79 -92 81 49 -89 9 -18 50 40 57 76 23 12 9 71 56 -75 43 29 39 -38 -7 71 -19 33 -37 7 44 -30 -77 51 -21 -10 -81 54 32 -4 91 -49 -95 -62 -13 -54 99 11 26 -97 -11 -89 -57 -86 100 8 -74 55 -42 78 -26 -3 -36 -17 1 70 23 94 -15 -26 85 -68 -76 -82 94 -5 -5 26 9 68 -34 80 51 -22 -4 -87 -30 14 68 69 44 -29 -4 28 43 -45 -74 60 -34 -94 -81 -4 -48 89 -34
-64 -17 64 -98 -94 -34 -85 -74 76 62 10 56 -96 96 -93 78 41 60 -6 -70 -95 -54 64 -5 30 71 -6 24 -59 29 -77 -16 89 2 -73 -11 52 -57 -51 35 85 23 35 -12 45 4 47 21 5 -70 -7 56 -12 -40 -83 50 44 80 1 -96 -36 79 37 79 -17 69 -73 75 27 -71 11 -81 99 -26 -56 -69 33 80 -63 15 33 -33 68 -97 -75 -80 -62 28 -18 99 37 -27 45 -57 57 100 -8 83 -97 -91 -69 48 -52 -3 -8 0 -72 -88 -44 84 86 4 24 -53 -79 -93 92 62 -52 -30 -39 34 56 63 17 100 -58 80 -18 98 -44 49 75 -40 -95 72 97 -50 -18 -27 100 44 85 93 43 53 -23 -39 23 68 -8 -1 -36 -32 56 -23 -73 66 16 -20 -57 29 -34 -52 12 90 -1 -74 13 62 64 51 15 65 -92 45 1 -57 -93 -92 4 57 71 7 74 50 92 63 8 -26 -6 9 -58 -97 -71 -18 -66 -94 -87 23 88 -70 9 -30 18 32 -48 48 13 9 -38 65 100 31 -95 25 -45 92 -83 95 74 -3 47 11 -24 33 23 -34 89 27 51 61 -19 -70 82 -31 -66 16 59 71 -64 45 -28 85 82 91 44 51 63 -13 28 7 -48 -6 -38 -16 -81 8 -71 -40 -92 64 2 -75 -9 52 -27 -9 76 -95 55 -49 26 61 86 -4 -61 92 -58 26 -14 -57 60 -37 91 -25 75 100 -36 -85 -77 -9 -8 -32 87 2 99 21 -50 12 61 -42 95 32 70 -92 32 -64 59 -68 14 59 42 57 -86 -4 27 -22 43 85 53 7 3 77 64 -38 -85 15 75 65 -64 25 38 -68 -31 87 -29 -85 70 80 -17 -33 76 -82 -96 -28 74 -23 -87 90 -61 -32 -6 12 -55 6 -71 -43 15 3 -66 -29 -96 -86 -13 2 44 79 -83 -11 -1 -6 81 -7 31 4 67 -86 -91 -98 30 -29 6 -26 -3 51 29 15 53 44 64 6 27 -65 -9 -17 -26 -35 -39 28 -56 5 -27 -60 66 4 -10 -10 92 47 -13 14 -82 -43 -91 -91 97 25 27 -37 69 -99 -8 89 -13 -78 -41 49 -25 24 25 97 29 96 61 39 46 62 9 23 54 7 -24 41 -25 -22 36 -12 4 91 -21 21 8 78 12 89 -40 60 48 2 32 -71 7 80 17 -99 -35 27 97 6 59 38 8 -43 -76 -86 38 -1 92 -60 10 43 26 -40 -30 -96 -88 -17 -23 99 29 97 1 -83 74 40 -7 10 13 89
-4 -35 25 18 32 -61 87 61 -69 -82 -98 -25 25 -1 -48 -66 -67 -23 10 -36 89 -60 53 38 88 91 -92 83 22 35 -70 -43 98 23 -4 33 98 -45 93 -79 67 -27 93 96 -86 33 93 2 -6 48 68 -26 76 -36 39 99 15 29 13 -21 3 38 72 -48 -86 14 89 -25 67 -92 -24 34 70 -12 53 -12 -34 94 67 -60 -99 -48 -23 -86 -20 -82 49 -88 -96 97 79 -95 53 52 6 69 18 50 86 -63 -4 -67 -80 -45 -40 -14 48 62 75 -87 12 5 -67 -35 -53 29 52 -17 47 -68 20 -60 -45 -64 38 93 100 -88 -97 7 -40 -99 -82 -41 26 36 -91 -25 25 -38 14 43 27 -95 76 57 99 -20 84 -85 -54 -85 -60 11 37 6 50 -69 -6 70 5 -72 1 -72 38 -95 63 -25 -80 96 55 22 -77 26 -85 -92 12 -63 40 83 36 28 -41 46 91 -53 -13 38 38 -30 -51 51 -97 18 -53 45 92 52 39 -46 -21 -14 -93 74 -9 -96 99 -14 29 20 -63 45 -42 36 -16 -71 16 67 38 21 -50 -16 39 -42 33 8 -10 8 -20 30 -91 48 79 -35 -57 -57 87 -55 85 -97 77 -89 -23 41 89 22 5 -70 95 37 42 31 -63 61 -70 -84 -75 71 74 -11 74 -21 16 -43 -39 62 40 -68 -71 -54 67 38 74 77 38 81 -29 54 -88 -86 -100 -82 65 8 -80 -9 1 16 -29 77 -21 -24 67 -76 19 34 66 6 -80 17 -24 36 -73 41 51 -67 51 -40 13 -66 -78 92 100 -67 2 38 -93 -100 38 -56 -89 -31 -85 68 -43 35 -11 98 -17 96 -77 20 -72 98 -98 23 68 95 -83 -36 -99 73 -36 89 41 58 95 19 50 81 34 -79 -2 23 53 72 -95 -11 12 -42 15 -4 68 7 -68 54 58 -72 39 -33 85 61 30 -89 -1 95 -49 38 -83 91 -46 87 28 -19 44 -42 -38 8 58 88 87 51 -95 -63 -39 -18 25 13 61 -60 -43 -40 26 -83 33 -64 96 -44 41 -44 40 -81 20 55 17 -38 92 -36 70 44 91 -60 39 -53 -89 57 -47 -100 -27 20 -21 22 -6 -84 100 40 -98 60 -71 -24 39 -6 84 24 -71 61 44 -26 40 -31 39 -26 71 59 67 74 82 -30 52 -75 38 -25 13 26 -32 -87 60 40 -50 16 -33 23 34 -47 -90 0 -40 -61 67 -23 -44 99 57 -44 90 69 47 9 17 10 -39 6 76 -29 -1 81 47 -37 64 73
-60 -22 -45 -65 -61 -1 31 -93 36 -33 -47 56 -82 -86 17 40 58 -1 -82 -40 2 7 -37 -40 91 -98 -20 -30 47 1 85 61 35 -50 82 -99 -20 67 -75 6 -82 98 -31 -57 88 -91 11 63 20 -39 86 55 21 29 -35 72 71 78 10 83 79 -41 -88 -4 -13 -10 15 17 72 97 -10 -44 -93 -56 81 2 32 -11 71 -75 73 -11 85 89 55 60 15 75 -31 -100 -17 0 3 21 -71 -1 -5 -98 1 -30 -46 -32 4 42 93 92 -95 -51 58 -91 7 59 -14 -14 87 49 -14 -40 69 -82 -12 92 63 -57 2 -95 83 -53 -11 -10 5 -50 21 92 -8 7 -66 -85 -28 36 36 -86 70 -43 -97 -95 -8 -58 94 96 -7 -36 -12 73 -22 -45 -6 78 31 -41 75 -29 -73 39 -1 37 -57 17 98 -81 62 2 16 43 82 98 -47 -40 17 -46 -100 -16 -30 76 -27 -26 -45 85 64 11 -30 99 61 59 96 -71 93 94 39 -24 -45 93 -62 14 85 -37 -20 50 58 58 -38 -96 -80 -71 93 0 52 -32 -67 5 -7 -96 9 -49 3 44 66 10 -93 -69 -83 -97 8 -9 -87 -86 13 61 -81 46 -64 26 -90 -29 80 4 30 -74 -67 65 -100 19 53 26 -27 84 -53 -8 -47 -22 9 9 78 76 -73 -95 -39 -37 17 -55 -9 -25 66 51 -99 -80 -80 100 -32 -40 71 11 -43 74 -50 53 -73 89 -54 -91 27 -36 -83 -84 -61 83 80 -96 58 -61 62 -81 2 36 23 12 12 -85 22 0 1 11 93 87 -59 5 -73 5 -18 14 29 64 -45 -100 -35 22 45 -83 -12 48 93 -95 78 -39 85 49 58 94 -55 25 -11 40 -81 -90 19 -30 0 11 -59 -94 27 -9 50 46 -22 17 30 -16 -53 47 -13 -58 -80 60 88 84 -92 -42 61 -91 5 -68 4 -30 -25 99 75 -82 94 15 -45 -74 28 -21 -95 -51 51 33 23 69 35 2 19 -55 -70 -42 -31 -30 77 -13 -30 -36 3 10 3 -27 -36 68 -11 43 76 3 -18 10 -13 70 82 -1 51 79 -17 -17 17 -10 50 -21 43 44 12 -95 -18 38 57 -1 -97 -21 50 41 -46 -87 75 66 90 -3 23 4 23 0 99 28 -39 -18 64 -85 -96 85 89 -65 5 48 -91 -89 -32 -37 -14 37 8 27 87 90 34 55 -78 -46 85 53 -66 99 -59 -41 29 -86 100 -98 -51 78 -81 7 95 79 -56 17 -99 24 91 -87 30 77 -98 -67
-69 46 52 -49 77 35 61 -10 94 -46 -53 88 52 -24 15 -30 -19 -12 -27 87 56 -38 -65 -36 13 -72 70 35 -46 44 -57 31 23 67 77 41 36 -52 -96 62 11 -4 54 -28 26 10 -15 -64 -8 1 9 -19 20 37 84 -61 61 69 52 1 -80 -64 87 96 3 19 79 -53 65 -66 38 59 77 33 18 35 94 90 -53 -86 55 -46 45 -68 9 -13 -98 45 -15 68 59 -58 -47 71 -60 -20 66 14 2 -68 -40 19 79 -96 -88 -4 -16 83 -33 28 76 -40 -26 -75 94 74 38 67 -88 -94 27 -28 -48 -9 -81 -79 -10 -72 -10 46 97 -66 45 -5 -2 38 -90 -99 -16 -2 -8 56 70 9 -25 -88 37 -30 -76 -29 -25 -25 -71 -41 40 -94 19 -90 -17 90 -23 25 -5 -61 -44 -62 94 -66 -81 87 14 12 19 -77 60 90 10 98 -37 -60 -47 -10 45 16 21 70 99 -26 61 7 -23 2 59 1 -56 11 82 -16 -49 71 -90 77 68 45 -83 -19 -86 -85 -7 -37 -56 5 37 79 99 -94 83 52 99 50 13 -79 -98 -2 66 15 -77 -28 -75 -28 -35 -30 97 -89 -84 -82 62 -88 -95 85 39 -62 25 -31 45 53 -5 90 -41 9 15 -25 -11 -63 -79 -35 45 75 -99 -95 94 -76 -39 14 -47 82 -6 -94 -86 20 10 -44 -84 -70 62 -14 -44 -48 81 7 -38 -28 42 -43 45 25 80 -63 75 94 59 28 -59 -61 38 79 -79 92 -57 15 9 -65 -35 30 93 -52 13 -66 -93 -38 -88 45 -92 -45 7 13 -2 87 -69 -87 32 -22 -78 13 -26 87 72 93 85 27 -98 -68 -78 27 76 -76 6 11 -55 15 49 76 51 -29 87 -12 35 14 11 -10 -90 29 -86 38 -50 15 -46 95 -60 -62 3 28 69 15 -92 91 -2 77 4 2 -73 -60 -86 85 3 49 -83 10 -26 66 -27 -7 -18 -34 15 15 -8 29 3 67 0 -94 -17 56 100 98 18 -43 96 -45 49 -59 -71 53 21 -7 86 37 2 4 93 97 91 -83 60 82 -44 90 -69 2 52 68 -41 -78 86 -28 29 -38 37 53 -99 -78 4 -48 -57 44 -27 -95 37 77 26 -82 -33 -33 -9 59 1 70 85 33 -98 55 46 -82 33 91 8 -74 20 73 -33 -99 44 78 20 -49 -28 -87 12 -74 55 -59 1 -14 4 31 95 54 -72 -80 -41 -75 -15 93 -41 -73 -92 6 -54 -34 -67 7 63 -80 -95 -84 -18 7 23 66
63 -13 66 -38 -22 11 20 45 81 -50 -75 44 -86 24 71 -24 -19 -11 -53 6 7 -80 20 92 -54 16 77 -48 64 20 6 38 8 -45 -7 -91 -65 -78 -27 -10 60 67 29 86 -55 -12 -58 -57 -91 90 41 -27 -32 25 23 2 47 -15 0 49 -42 11 30 35 96 25 70 -73 -31 -21 3 73 50 90 52 -39 -63 -22 -3 89 -78 82 14 1 -65 68 66 49 -21 -68 -53 -92 -1 -83 38 -28 98 -32 94 51 -9 52 -16 -93 6 -37 51 77 -1 -76 -34 32 -62 62 69 83 83 -54 -44 53 -28 -83 -91 28 50 -53 -77 34 69 -89 -24 16 -55 39 -1 -21 29 20 70 62 -46 16 56 63 20 54 40 -44 31 -54 69 -13 84 -64 100 -90 92 38 -54 92 -79 23 -78 63 -23 -95 21 -33 19 62 84 42 -83 76 82 -29 -19 -1 -16 98 -71 92 18 33 -47 67 -30 51 3 -89 63 -22 -28 -51 -73 2 85 43 -100 14 94 96 5 1 -9 61 -85 -79 51 16 70 68 -89 4 4 -5 69 -56 -47 22 -11 -80 85 -34 28 90 54 53 -52 -81 95 50 -84 3 -9 -53 79 -40 -35 88 56 17 -10 91 -29 -84 49 -94 -4 -97 26 -53 73 76 -40 13 -64 4 -45 -58 -26 -92 -42 4 19 4 71 57 -68 51 -57 26 -46 96 31 50 -84 14 27 73 -80 -91 79 -4 38 41 -25 9 -75 74 60 -72 -36 12 -67 27 38 -5 60 -92 79 -79 -80 66 -46 65 98 0 82 -75 6 -93 48 -84 36 -64 -97 -15 -25 70 11 99 -50 45 -25 72 82 74 21 -60 84 64 -58 76 -78 -36 22 50 65 -26 53 47 85 73 92 -62 75 -79 38 -75 -65 12 -9 -61 59 -2 92 -56 57 -25 64 45 15 5 83 -73 88 89 3 21 -31 15 -33 -78 -23 92 36 -46 26 89 -85 -65 24 -36 25 -71 14 78 40 40 55 -29 6 -18 -77 96 43 -100 72 -52 97 -72 45 77 -1 20 76 88 -11 40 84 57 -89 -30 54 69 -84 -82 96 17 -8 57 -7 -54 -86 -50 -84 58 57 -15 -45 -65 -94 -67 -31 -92 48 -1 17 -36 46 1 46 60 -4 -73 -13 2 60 -55 46 -10 -11 4 50 -46 82 19 -77 8 71 -12 80 -16 36 38 -38 18 -13 -11 27 74 -74 30 -13 1 -5 86 -94 -90 -17 -74 88 26 -89 82 18 -95 -34 -67 -48 -28 99 86 3 70 48 97 4 41
72 -32 -83 -45 64 38 -53 -56 -73 26 100 -97 -63 46 58 41 -10 27 -15 -66 4 97 34 -70 -75 -70 12 -91 -86 -22 -93 72 37 -53 42 -6 93 82 -51 32 53 3 82 -93 -63 -28 -88 -29 -26 -51 62 73 94 65 27 -88 16 -88 15 66 -26 -38 64 88 -69 -34 77 -25 -71 43 -28 -86 28 17 -14 -15 -5 -67 14 58 -88 -22 -85 -85 58 36 -41 25 21 -51 50 62 -19 41 77 77 -74 -40 84 4 62 19 44 -79 76 4 52 67 -43 83 85 92 44 25 8 57 -54 25 -31 33 23 21 -76 -77 -83 -15 -82 -28 0 10 -8 67 18 -14 -53 24 -72 72 83 36 -2 -48 -57 -82 -71 96 -51 16 -76 -71 55 -68 88 -99 44 -70 58 -5 -16 -73 -2 -44 39 88 78 -38 -79 48 -25 -99 65 4 95 62 55 -21 -6 -51 -16 60 56 -72 -48 -36 -76 -55 -91 42 -50 -72 36 -91 -29 28 49 18 -11 -78 -40 -58 83 68 34 -3 -42 26 62 -18 21 -73 0 -31 -26 -38 -59 28 25 -21 15 16 -9 -70 60 -100 28 -96 -58 -11 7 -48 -75 -42 59 -56 52 -5 -20 -58 -76 -100 -100 -42 62 92 43 63 12 98 -49 75 -20 84 45 -24 -87 -72 -9 -28 5 -79 17 38 77 -6 -13 -8 77 21 16 -29 -59 -5 37 -64 -68 68 -57 73 -76 -60 91 -46 -91 -7 26 33 -85 -74 -42 -9 -21 -69 -6 80 18 74 -69 -27 42 -62 -61 -57 -72 74 52 98 -42 34 43 78 -85 71 90 -79 -24 90 -42 -11 -83 -93 15 -78 -23 28 24 65 -63 -68 -26 -86 72 91 -9 -98 -55 64 42 -93 67 50 -45 68 8 -58 71 -43 45 84 54 19 31 -73 14 -44 -19 13 3 51 -71 32 34 100 28 -84 34 -30 88 3 56 -69 -69 -44 -35 6 -64 -100 -69 -2 28 29 -38 82 1 -6 31 94 14 -66 -25 -86 -55 -63 -78 31 -19 88 81 -50 -80 89 -41 47 -79 -28 51 -47 -9 61 6 15 29 88 -3 -92 -82 -71 52 49 27 -98 66 -7 31 -4 -68 -35 39 -13 16 69 98 18 74 20 23 79 10 39 -76 -49 56 -53 -15 62 -4 56 -21 68 -74 -81 87 -100 -15 -94 36 -27 -41 -42 -34 -65 15 -72 -51 18 64 11 -44 -37 91 76 100 -9 -66 -12 -43 -12 29 -78 67 -42 -45 -49 38 -23 22 95 75 9 36 -92 -80 -97 74 17 91 48 72 -90 45 -34
59 -48 73 82 34 -42 -100 -31 -70 -37 -82 91 74 71 -39 2 -79 1 58 52 77 -64 -79 -14 73 91 67 -73 91 45 -77 -44 -78 -60 93 41 24 44 -68 10 -62 27 -77 -92 -60 2 -81 -89 -66 -20 -11 -90 -62 -94 -41 98 -14 88 1 84 43 25 -45 -18 -73 91 -75 72 58 88 24 -77 -22 81 54 86 72 -20 40 27 10 48 2 16 -47 -19 83 87 -8 -78 -9 -55 23 -83 41 61 -58 17 -56 49 -30 100 19 -2 -48 81 59 -41 45 -28 26 76 10 -70 20 -36 13 57 -37 -56 -74 3 46 -42 74 -7 62 -99 16 53 18 -27 59 94 62 32 -47 52 22 28 -52 88 -7 -39 71 -84 79 72 97 -30 -52 -95 -45 72 9 -35 -72 -74 73 -17 -51 42 92 -99 -58 76 -4 9 56 8 -53 -57 31 78 31 100 -83 43 22 91 32 34 96 -96 -87 23 35 -96 -7 85 -53 76 -27 -37 -67 -72 -77 22 71 55 -18 -99 -3 -16 68 -22 11 83 72 73 -97 -56 71 15 72 -54 -88 -91 6 70 1 7 -53 -81 -90 -79 -25 46 -41 74 29 13 -47 87 58 73 -86 -19 -17 -41 -32 54 95 -49 -28 -13 6 -8 6 -52 -22 33 -2 -71 -11 60 36 -21 -89 32 2 -88 73 15 60 -94 57 -73 87 100 24 29 -70 -92 36 91 -88 72 -84 -43 -95 24 64 36 57 93 87 88 22 27 -83 45 23 -88 -22 -68 -24 -79 -76 -22 -24 -26 -31 -49 7 17 -84 -88 58 -5 55 -27 30 94 -9 -60 76 1 70 52 -90 1 -3 89 1 64 49 42 69 78 -76 -1 97 82 20 21 54 24 8 -95 64 65 62 -58 -19 46 -22 18 -16 -20 53 60 81 10 -16 -48 -9 8 24 -22 -73 -88 -16 -24 -36 85 -29 -61 57 -54 40 23 -68 -67 -20 90 -5 -27 50 -67 87 -66 97 51 -11 -43 -72 -52 -46 -51 -49 -41 -91 53 -93 -77 9 64 -58 30 50 -81 52 98 -70 97 -69 -10 -57 74 13 -82 -85 -95 -10 99 23 72 4 31 53 99 -64 42 17 -91 19 -68 67 -33 10 8 -8 19 -52 25 -11 15 -51 -29 -93 33 83 -83 21 63 88 -9 -84 -32 -27 92 1 -13 1 -42 98 -52 -64 24 -68 -83 44 91 59 95 86 -19 -64 53 -62 73 -27 60 19 10 -39 -58 84 100 83 50 85 97 15 19 10 87 33 -18 -95 -65 50 -67 -25 38 34 -68 -72 -1
-33 54 89 -89 -33 27 57 -90 -49 11 82 -45 -38 100 13 15 -31 12 41 -51 -46 98 -30 89 21 -13 -95 70 91 72 14 73 91 29 14 -9 98 -2 95 -5 -5 -62 24 -38 -90 -78 98 -82 -86 68 98 -3 40 -43 -11 -14 1 38 -37 -76 -31 -23 89 96 -20 12 -93 26 -59 -10 49 39 -84 -63 34 2 97 -51 36 57 -50 63 -45 -66 -55 66 -2 87 52 86 -44 -55 -13 7 -83 -70 -60 -4 33 -78 40 -29 11 -22 98 49 69 47 24 -61 18 -31 -69 -42 -51 -29 37 81 43 94 -5 -93 -11 -74 -31 -67 6 22 -60 97 14 -55 35 85 -81 -1 -28 -96 25 -16 45 99 -2 40 -73 26 -54 -16 -42 72 -50 70 12 -11 39 -37 18 77 100 34 -20 -97 56 -47 80 -7 48 -21 -61 61 -38 -26 -45 -2 89 -60 -21 -91 61 40 -22 11 -38 -39 49 51 63 35 -32 -47 -2 81 17 79 54 47 47 -78 -81 -4 -75 40 97 11 -68 -96 38 -63 -44 -57 57 -56 71 70 -44 -55 -15 -50 -15 98 -60 -94 21 95 45 -13 -36 -13 -57 68 -43 -38 46 21 22 5 -5 -13 -87 -9 47 1 64 76 73 -9 69 63 56 -51 -21 18 99 -76 -47 -77 -77 39 81 -43 57 -56 -71 56 91 94 91 -14 -48 58 63 94 -60 -31 -49 39 20 -38 -71 32 69 80 77 -80 -84 65 62 42 35 11 -67 -93 -67 22 -6 -60 19 -95 -99 93 71 41 20 -90 -36 -16 -51 19 42 -36 -80 90 41 -82 -26 80 -67 -68 -67 -65 -94 -43 79 26 34 62 -37 -7 -17 94 47 -23 -50 -64 -96 91 2 -49 74 -97 -26 -72 46 -98 -37 4 43 85 38 -24 80 28 90 -81 -94 80 4 71 89 -32 -5 -49 -20 27 -48 100 68 -15 -12 71 -64 -85 17 -1 43 41 97 52 -56 6 -12 46 27 10 30 24 -86 -64 -6 53 -84 -98 -83 32 71 4 94 -86 4 -82 -50 45 87 -2 -29 -80 1 -34 -27 -75 67 -77 82 -61 72 -55 73 -25 88 12 65 -49 94 86 -78 62 77 57 -53 -13 76 -82 -15 57 20 100 16 -17 -34 -36 70 19 76 27 -17 82 -10 -45 1 57 -27 2 -24 -78 88 -35 -53 6 79 -88 46 98 86 -5 60 -18 -69 -50 -42 -30 -13 12 82 35 -64 -89 19 84 -15 -33 19 -24 -66 -51 -36 -80 90 -96 52 25 -9 71 5 -23 -77 68 -75 -30 86 88
-36 -87 -5 -66 -20 12 -26 92 -65 -91 13 8 21 -76 67 90 -88 -33 50 -5 77 -55 29 94 55 -42 16 -9 54 -56 -83 99 88 2 -10 -9 -92 90 -86 -42 -35 12 -28 21 64 -74 88 -24 -83 73 -80 67 72 -49 -87 26 73 93 -61 -52 -16 12 -14 -27 -20 -62 17 22 -55 -15 -3 -67 91 99 56 -68 100 16 -19 42 -43 51 95 82 96 -94 -77 -73 66 23 -80 -71 60 -21 0 -33 -99 -21 96 88 66 92 96 83 -14 34 -14 47 -24 45 -65 1 -18 4 89 -32 53 72 -57 -6 -91 -100 98 -94 62 53 -47 -67 41 25 82 50 33 -13 -46 -51 -14 -49 57 -48 18 -17 -75 87 -1 -61 29 1 22 96 -46 -13 -13 -79 64 -78 -86 -28 -38 78 -71 19 -99 -100 44 -27 29 73 76 34 -15 32 100 -39 60 64 -95 -60 66 -51 46 -34 96 30 50 -77 -1 -11 -44 -48 17 62 89 -63 -56 65 -85 -3 -42 -73 31 56 -16 -57 -56 -7 -49 10 53 -15 -45 -19 45 62 82 -81 4 80 66 -95 59 33 73 -57 94 89 -44 72 21 -96 -99 -60 -11 -27 -97 -70 -99 -1 -88 32 88 92 3 -47 0 90 32 -76 39 87 41 -41 -67 -87 60 63 46 -90 78 -77 93 1 -88 -12 -74 -49 66 99 -67 -37 40 -30 92 29 -6 34 -23 92 64 -9 -54 -63 26 -33 93 -49 -54 -68 72 79 44 63 -19 13 12 -20 -20 -53 71 -40 86 53 44 -96 4 9 81 94 15 -24 92 42 86 -26 39 -49 85 -83 -23 -4 12 -71 98 -95 24 -24 78 60 22 -35 -61 79 -95 -18 -92 -30 70 -49 -6 -14 -45 -9 16 -33 -67 -54 -28 84 99 -92 66 -26 -18 18 -67 -22 -60 84 -94 17 -50 -16 -3 -11 -71 -35 75 -6 -71 25 22 62 -33 -86 79 -26 -54 -20 64 69 28 75 -75 -49 -53 52 -90 62 -88 -30 46 -30 -8 11 -63 -64 65 -93 -36 56 46 -63 -45 -8 -100 -97 80 58 75 -90 27 -96 -8 -47 -85 -17 -71 36 56 67 25 71 97 77 62 47 -59 72 -31 -76 -61 17 -44 -42 -70 69 67 -45 -11 21 43 -14 -72 89 25 -60 -64 -93 73 64 22 -53 -97 87 68 -48 -61 -4 50 -54 28 43 7 -14 96 -82 -12 75 41 49 -91 -25 -65 80 -15 72 -96 -81 -51 -12 -66 -6 57 -19 -55 36 17 87 -32 15 76 -53 1 35 -47 -44 69 92 22 -46
-55 20 -89 59 -53 -88 24 -29 61 32 -29 -1 75 56 -17 -54 18 37 -51 -88 32 2 -54 -23 43 -24 55 -36 63 55 -66 57 28 81 -70 -69 -33 93 -32 -61 13 -1 -32 -12 29 15 -21 26 -85 -75 -36 30 19 -91 -38 57 -35 -46 -39 -92 37 -3 -61 -19 -72 93 24 -78 48 -67 42 -5 3 50 59 99 -89 8 99 -9 3 -16 50 -42 -87 9 -94 -82 -21 81 55 -82 -50 72 -17 -88 12 -70 -81 53 34 -35 15 97 -39 -62 -95 -46 -100 -19 57 -78 -85 -99 -53 96 -81 37 9 17 -28 58 85 -14 -49 94 87 14 71 -99 82 -47 20 37 -66 22 -24 80 89 -45 -3 -13 83 -39 98 55 51 -66 93 -66 -94 -37 -96 2 69 88 66 2 -1 1 2 -82 -1 -68 -76 -69 -74 90 52 27 95 -83 81 87 68 -77 7 47 -37 -20 67 53 42 -55 98 -78 -51 -49 -59 9 23 -31 63 -30 79 -52 -64 -76 92 29 -69 -24 60 13 -9 11 12 42 -6 -24 -11 88 -46 30 25 61 -4 -27 -87 -67 98 -14 -36 38 -57 -76 -73 70 -99 84 -17 -48 84 88 97 51 -91 49 4 81 -46 -93 30 -11 68 29 95 25 -60 5 -61 -71 54 -10 90 97 -45 -32 19 -62 -95 -79 47 7 -79 20 -8 -89 -79 62 -64 68 1 58 -50 -55 53 10 -38 -81 -37 -49 -68 51 -23 -43 -80 24 59 -54 94 -42 36 -75 -30 27 -83 40 37 25 -100 52 11 -64 -50 -30 -7 -35 25 50 -100 -13 60 -42 83 -28 38 73 -72 -76 -8 -20 -62 -46 -19 -38 23 11 87 60 -17 13 -3 17 13 85 -13 71 -49 86 66 61 41 -62 12 -14 8 -100 40 -83 -51 -88 -33 -25 88 -25 22 -80 -82 45 43 -65 87 -57 -72 -39 27 -88 24 49 -56 -83 22 -80 45 -56 12 -2 82 -53 2 92 64 89 -100 64 -74 -76 -88 66 28 -66 -26 -3 -84 -3 -17 -22 -77 -33 14 -92 19 83 -56 -93 -71 80 -33 85 -37 23 58 6 -11 -13 8 -42 86 89 23 9 -22 -17 -85 74 -79 -58 -59 -52 83 -41 -34 76 -24 -86 16 -59 -44 -1 27 -28 85 20 -51 -76 8 -7 8 19 -34 -28 32 54 29 19 -51 47 -95 -37 -89 -50 41 -86 -94 83 20 20 62 -35 -33 -86 -10 10 -53 -97 7 23 -58 -29 63 69 0 84 54 -33 47 86 85 -16 20 36 -51 60 -57 66 -48 77 -26 -16
-81 3 -79 72 78 31 1 3 81 53 3 15 -65 14 8 -39 -52 -39 -28 47 -43 38 96 -51 92 -5 -53 -89 -6 -2 49 -70 75 90 -82 -5 -40 10 93 81 -41 73 41 75 18 4 39 34 -59 35 -92 6 60 -13 -26 12 -58 16 6 -60 37 -1 92 -90 -51 3 67 29 12 83 -98 82 -95 -83 67 18 55 20 65 -32 -24 -34 52 15 82 -26 86 33 6 -82 -80 -63 6 45 -3 -95 -44 -39 60 -19 71 -93 26 -52 26 -80 34 -87 73 72 -22 83 -27 -19 -90 99 66 33 42 -8 -14 -23 -11 -41 50 23 19 -99 -89 78 -75 -100 -32 -79 47 35 35 -40 96 -73 -91 -34 90 21 72 26 39 -65 -71 7 -57 -47 54 5 -94 64 98 42 -87 -90 21 -31 -18 -24 28 54 82 2 85 83 -52 -81 80 -98 -30 -87 -13 -54 56 -20 -30 -29 -54 84 -8 18 -49 37 52 97 -13 78 -98 87 -65 54 -9 -25 -88 -32 -13 -34 93 -79 -63 0 -56 30 95 -95 -14 -19 -11 -77 77 -94 67 -16 -15 8 6 85 -27 31 -63 96 -21 -56 -60 52 -3 7 -10 42 95 71 92 58 -3 -66 -16 76 -86 -52 85 39 54 -78 -38 -15 35 83 10 37 51 20 -53 -43 -64 -43 -98 -73 -30 61 55 -97 -69 -30 -24 50 -2 7 -64 1 -91 43 56 35 19 3 -56 -7 46 -62 56 66 86 97 -31 -55 -89 -32 3 -50 23 -14 -49 81 11 49 -51 87 -21 -30 -42 16 -100 70 27 -66 31 82 -86 -18 -75 18 40 -19 18 81 58 99 -94 3 71 62 12 41 34 20 96 -86 33 76 11 -50 15 -82 -80 -2 29 39 -93 97 -39 -91 -28 -35 76 22 -13 -67 93 82 69 -55 -50 73 -82 45 29 91 -42 -1 36 71 71 78 67 33 49 88 93 -82 61 100 -81 -85 -69 -56 -87 9 5 65 98 -40 10 65 7 -66 78 28 0 -66 -78 -60 -87 -80 -91 44 6 44 89 7 -11 72 -40 -76 15 -45 -88 -78 -4 -46 -38 40 17 -48 -76 -66 -17 39 -3 -94 86 -46 -28 93 -58 -36 -59 43 84 26 86 44 -1 60 41 3 47 -35 32 92 -25 -4 -37 -99 -67 81 21 29 -20 -47 -22 3 -6 -34 -99 79 -30 99 50 -12 -82 -74 85 -89 -33 22 98 19 -21 -71 35 -54 -54 35 -68 44 24 -22 -97 -55 -45 -27 -40 -12 -38 65 -26 -70 42 58 -25 41 -30 5 -15 -60
-98 38 -2 79 -37 -23 -56 -53 6 -57 -81 30 -31 19 -7 -60 53 -99 -2 -55 22 11 -57 58 73 -85 -47 -87 -75 8 54 -5 -99 -70 21 84 -92 14 -10 -48 -65 -87 88 -1 -39 -47 100 -9 63 -92 36 43 -53 -15 37 -81 3 -14 90 7 -37 -67 -41 54 28 74 -50 -43 -92 -3 8 27 -79 78 46 76 92 65 -42 65 -3 -55 6 6 52 1 24 39 84 -20 18 84 57 -92 40 51 -53 27 22 25 -74 16 -53 -20 13 -53 46 62 -49 41 -43 -79 49 51 22 62 -7 -54 -15 -16 -28 -11 22 30 -75 78 30 42 57 -51 -75 16 -81 -66 78 -69 -52 -69 36 62 -49 -58 -22 -51 0 -94 -65 -58 62 45 -80 -42 79 -91 13 -16 42 41 19 -48 -18 14 -3 0 -52 43 12 -30 96 -31 -73 39 33 18 -68 -19 -92 70 -1 -68 8 7 -9 -76 -10 38 22 -9 -91 42 75 40 98 82 52 72 -38 22 -4 69 -21 -52 18 34 62 -95 -86 42 58 13 54 54 95 83 -33 82 11 70 -61 -20 7 -11 84 31 -21 98 -81 -22 11 -70 55 55 44 55 -28 -90 46 59 -28 33 42 7 -70 -76 -31 92 24 -86 -15 -26 -19 -84 9 -19 -9 -88 68 48 -43 28 77 51 36 -73 73 -96 -7 -100 46 63 94 90 -77 72 63 55 57 19 4 75 0 -83 -36 -56 -91 51 24 -47 -100 -78 52 87 61 -2 84 11 6 63 45 70 -74 68 -79 15 97 88 -52 -81 -97 95 70 43 -81 -92 97 20 -30 -82 69 52 67 18 48 30 -13 45 57 39 -27 -70 -59 71 91 42 -79 41 -41 -26 -26 14 28 68 22 -52 -22 4 -79 99 -61 55 71 -14 -1 12 82 -67 25 8 -25 97 -57 -79 -25 -92 55 -41 -59 -48 -85 -27 -44 -59 9 41 -13 -91 38 64 21 10 66 -71 54 66 82 -19 -65 34 -92 33 75 76 33 45 40 -19 -68 -27 -85 61 -67 26 -53 99 -73 11 -65 -70 50 -25 -43 34 97 31 -38 -50 88 28 -63 -26 -48 -29 98 -17 53 -5 67 -2 -70 -80 -88 -10 55 -80 72 34 -96 35 64 65 94 -70 60 -45 -93 -3 52 61 45 -80 -66 36 -76 85 -81 100 -93 83 68 97 -23 -61 -47 -35 -65 48 -3 60 -66 -1 89 -81 -15 -99 96 -24 -47 49 -43 -36 -53 -53 66 63 -17 69 50 84 45 23 51 -18 -100 41 -3 -29 -6 49 22 32
-8 41 13 -11 -69 55 86 65 38 21 -99 33 53 -41 14 100 95 39 27 -19 97 -1 36 -96 54 -88 -52 75 -80 61 16 -22 8 91 -37 -96 -49 -93 -99 -79 85 67 -91 26 -84 -84 79 51 -94 -37 51 -10 -30 -29 40 -38 19 48 63 47 -98 21 -15 57 -28 -32 -95 84 21 -89 -94 21 -10 14 -71 89 -53 8 55 7 47 -27 64 79 -38 -38 -73 93 -82 -8 29 83 -51 95 -52 -28 -3 69 23 -49 9 63 -20 -22 65 1 -89 47 -24 -78 16 85 92 -39 -92 -68 -16 -17 -3 -99 -62 -67 -53 85 -7 71 -3 -85 -25 -90 5 -6 61 64 3 22 62 -14 51 -12 -15 57 -53 -14 -85 18 -89 -13 -18 -61 -52 79 84 89 -17 78 -18 93 -76 -83 92 -78 -82 37 76 -35 72 63 -64 -37 -97 -9 70 -52 19 -84 -45 -65 16 -39 33 -68 84 -57 89 -83 -9 12 -61 30 85 99 -66 -6 -83 50 20 -30 85 -54 10 67 -1 76 -92 -68 -9 -62 81 8 -54 -26 65 14 39 5 90 -17 -9 -84 -20 25 -92 7 -45 -36 59 -29 -19 -26 51 -38 -56 20 92 -20 41 -40 54 49 -75 -1 87 51 11 -13 -35 -66 -12 100 73 -65 82 -15 -91 -100 -90 92 -23 60 95 98 24 4 95 86 -22 2 -38 -86 -6 -64 87 48 91 86 25 25 -60 16 -81 -48 -53 87 4 -38 -13 76 -76 -55 78 10 -74 90 -84 -99 84 -20 18 18 54 -20 50 -18 86 -64 37 95 3 -97 -38 -86 -48 56 98 -22 -52 10 40 -77 92 56 20 -11 23 3 41 -34 -57 86 -89 85 -45 44 55 59 70 51 -96 -7 -27 -80 -26 -3 59 -5 -76 -95 0 -48 -91 2 52 87 -35 72 28 53 -3 -31 -38 69 19 32 -38 29 -9 -81 -73 -27 77 25 -15 43 33 -33 34 84 84 81 21 -45 58 -95 -10 -39 -62 95 61 70 -8 -61 1 84 72 -88 -24 -26 -60 -94 64 22 41 55 -100 -22 -54 45 43 74 81 86 -6 27 -56 31 1 -99 -25 61 -96 44 -93 -21 26 32 57 5 -12 -76 -48 -39 -7 -95 -36 78 57 34 86 -96 -35 53 13 -89 -28 -73 -89 -77 93 -14 -46 18 66 -62 -79 49 67 -18 70 6 -6 -11 69 35 -73 45 -98 72 83 -77 -46 -30 66 54 99 100 71 -84 90 -37 10 27 41 -70 97 -49 34 93 52 100 -33 -42 19 -33 37 -49 -47 62 -88 75
24 60 -29 -2 32 58 96 -56 67 -10 85 -17 -72 7 58 57 -39 -32 -37 56 49 65 44 56 11 22 15 92 20 18 35 13 -13 25 59 -3 6 -39 41 26 48 -34 27 -32 -13 -49 -44 -67 -24 27 27 39 6 39 40 -60 -25 -79 97 -50 32 -73 -23 83 68 20 -90 -39 -63 -81 39 -51 49 -38 -32 -22 59 -36 81 26 0 -88 57 45 -11 6 -66 -58 -41 -45 -59 -48 -12 31 40 -74 -53 100 17 -57 81 58 79 68 -83 34 77 40 23 57 -79 -21 51 -27 91 32 28 -61 -14 -9 52 71 -30 -60 31 -61 -88 -44 24 27 -26 -3 44 -96 87 27 89 51 19 73 30 14 -99 -53 -68 -89 86 -72 -13 -24 36 56 -97 25 75 74 89 79 -57 89 -23 -74 -33 -28 -36 -42 -88 -63 45 -37 -44 -71 -50 37 -21 -49 -31 99 -3 -30 -86 89 -63 -14 -80 -73 69 -75 12 -59 -13 -83 -55 90 -11 -4 53 -3 79 8 -28 -92 37 47 -54 48 -47 28 -69 -21 12 -71 25 72 63 0 -18 72 11 56 -29 -46 -96 9 40 -15 86 95 83 33 67 -71 19 -11 56 -10 36 34 27 -80 -43 -41 -71 5 51 -58 99 43 42 -89 -78 71 -33 62 96 61 68 20 -51 95 -5 -82 45 28 -56 11 70 -24 62 75 85 -40 15 7 24 90 -28 100 -100 -73 -14 -63 -73 -3 -1 68 -60 28 -9 -40 -23 -41 -84 -21 54 -91 -100 38 -2 6 12 45 85 -7 -16 56 24 -15 -61 9 -93 -47 41 7 8 -60 -82 60 11 -78 -84 92 12 33 -37 42 -15 -86 -25 55 51 25 -99 13 -44 -92 54 -8 55 -5 25 20 35 -53 55 -43 -37 -76 -47 24 -21 -82 84 9 -68 96 70 -19 35 47 14 20 3 36 -43 22 -16 -85 -74 -85 -20 -71 -68 -24 9 38 -100 56 57 -40 23 97 -29 -63 -79 85 96 -31 -84 -9 6 69 44 77 84 -27 45 48 -95 -12 24 84 30 -60 -88 62 68 -100 28 -60 -68 8 -82 -52 -50 8 -47 -13 -90 65 -7 -51 -33 -14 90 -65 -79 62 3 37 -80 72 65 53 86 34 7 -19 34 34 13 12 17 73 63 21 -77 44 -46 86 -90 22 87 -65 -87 -63 98 -98 -44 5 -2 -23 -73 -27 -55 38 -61 -95 -89 -78 -16 34 -58 -15 48 89 41 -22 30 98 30 -36 36 -83 70 -45 -82 33 -29 -93 -62 -38 28 63 1 8 59 72 3 75
92 42 -82 -86 0 30 -48 36 100 -14 -27 -59 35 -46 39 90 51 -54 -33 -3 25 -16 23 -1 -84 90 -24 -51 9 -89 -57 51 55 1 -73 58 -66 -29 35 75 31 -26 -45 -38 40 7 85 5 90 59 36 -96 51 -43 -88 53 57 74 -52 25 10 19 67 -4 -46 28 -26 69 20 -46 -57 -13 22 -92 63 -92 0 -93 -26 -80 15 -87 69 98 -55 27 -47 -39 -53 -84 19 -39 -89 -66 -60 93 45 41 -68 -60 6 40 80 71 -41 -9 12 29 -78 -70 89 -86 -80 28 3 -84 -57 -88 -46 -97 -55 6 58 63 -50 -45 35 91 39 16 9 83 95 -15 -39 72 67 -6 -50 -23 -10 -21 87 -26 -43 71 -65 37 -13 86 11 -48 -14 -87 -3 48 -35 81 77 -43 -5 -17 -54 34 -19 74 -64 -48 -99 -48 16 13 92 62 79 55 -87 -25 -75 96 99 83 -87 19 -72 -59 -30 -59 11 -82 -3 16 85 89 55 -83 -84 43 36 -8 25 -47 -14 -37 6 88 -94 91 -8 -51 -22 -40 32 33 33 -68 -30 61 87 -64 -40 -75 -47 -50 -57 35 67 16 -92 26 32 -83 98 69 -39 47 -56 -61 99 -67 24 -1 -62 -32 27 -71 -73 -11 -51 -8 -4 -49 99 13 59 46 -61 60 -70 -23 -8 21 -15 -87 33 -12 74 -47 90 -59 14 -31 18 -65 7 -23 -44 1 22 -96 -67 74 -50 11 2 -4 -39 -95 42 -23 -30 78 15 37 -41 -41 57 -71 71 4 -97 -88 70 -31 -22 -95 -42 45 -45 -1 -20 -51 -74 -50 77 -59 -42 12 -86 -31 17 -2 29 59 55 -83 77 -79 28 80 -57 -82 -81 68 -81 27 -6 -88 2 -59 69 -73 -30 90 -52 -38 -41 -47 25 78 -7 57 -25 23 -64 44 95 26 -49 16 98 27 -92 4 -99 -76 -27 70 -22 -79 -71 -4 -63 46 48 -80 -94 -24 4 5 -24 -89 30 100 13 44 52 82 -10 -19 -87 67 83 -65 66 67 -11 -99 -58 -89 -85 59 26 66 -88 -7 -61 -52 79 58 54 -97 -12 9 -4 9 -3 100 33 -59 -72 -78 36 6 -91 -41 -28 -54 76 -59 -99 -96 63 -90 -55 64 83 7 100 -80 98 18 -56 56 40 11 51 64 35 -19 62 24 -37 -80 -36 -93 -66 99 36 -74 72 7 -19 30 -52 24 -91 -79 -20 34 -16 -100 -69 -64 -25 58 -69 81 -30 -30 -49 -65 36 76 -48 -12 36 -37 -18 84 -20 -57 -69 63 -35 79 -61 -99 -22 23
-66 -17 -29 -75 77 7 -18 -6 -12 -60 78 62 -38 94 19 -2 97 1 44 -96 65 -13 -61 57 91 12 49 94 -84 60 39 40 64 -34 27 -15 -13 -39 95 21 28 -4 -19 -89 60 46 6 -9 -76 -26 -91 -90 -88 93 25 24 -33 -36 -91 73 54 -35 50 -49 29 39 -97 45 66 -4 -79 -16 54 -78 -97 -49 -63 24 -92 17 -2 -22 6 -37 -26 93 -65 51 88 28 -40 64 76 -88 5 -1 -40 -15 79 51 -50 76 -43 76 29 42 -38 64 49 29 -33 14 -17 -31 -70 85 -9 -63 46 36 -57 68 40 -18 15 -44 68 -95 82 -69 88 54 21 53 -86 15 54 31 -92 -23 2 -91 44 -55 -91 46 -45 -57 -29 45 89 -75 -77 -10 -3 32 31 -64 42 -41 -64 -41 -16 100 36 -41 40 51 -39 -93 -23 0 62 46 -2 31 -68 78 91 73 82 66 76 -9 -49 59 -54 13 -9 -96 5 -56 11 87 18 35 -28 -70 -71 -40 97 -88 -62 -98 91 59 100 79 -71 9 -93 41 -100 82 -67 70 20 32 -60 93 9 -15 -65 52 -95 96 -62 5 -88 -17 -85 -77 59 79 -19 86 43 -82 -43 -61 30 -5 65 -90 -88 -5 81 81 -98 72 60 75 89 -92 28 3 11 -15 -74 -99 -86 62 30 -94 96 -36 56 17 50 45 12 64 6 -97 42 -86 43 28 -81 12 28 -37 -65 68 -60 -100 67 30 -86 -58 -47 -17 -94 -86 74 85 -89 -20 55 -73 78 14 72 97 -99 66 -4 -66 -76 28 -23 -46 39 -66 -15 6 68 50 -97 47 70 40 -60 24 -82 -5 5 -49 -27 -19 -27 15 76 -65 78 86 -19 51 -99 43 33 -90 -23 89 -89 18 -37 -29 90 -37 6 95 -72 13 -56 29 82 13 95 94 -64 -95 -41 -33 83 21 -33 -100 -53 -26 -23 -24 -53 25 25 -35 12 72 -39 70 85 25 86 56 -20 -52 -42 -62 42 -34 27 -100 -93 -99 32 7 -44 50 85 -87 23 56 72 40 83 -25 -44 -46 30 -5 -43 45 -81 -30 -82 31 -80 64 -31 -49 -92 -56 -71 35 -18 -91 -90 -54 -99 33 37 -42 93 -35 21 -99 -59 -86 -62 73 62 -100 -43 -84 23 -92 0 -66 -30 -9 -85 59 -58 -44 48 -75 74 50 73 -64 -1 96 -40 -52 76 23 29 79 -82 1 8 -93 -73 18 23 57 -96 -93 30 62 76 37 -15 56 -6 92 25 14 -85 -57 -45 -70 -75 -72 -60 76 65 18 76 -32
-8 -27 -94 44 24 -19 -84 0 65 -39 -1 -28 14 -75 96 69 100 97 75 -41 93 -18 77 47 4 26 43 -92 -20 67 63 -90 -18 -10 97 44 -10 -51 98 -28 -49 85 -48 30 43 -29 74 -24 -9 -94 54 -17 2 42 -94 -26 -17 60 -62 0 18 -2 13 -26 -79 71 -4 -67 -39 -67 87 93 -85 82 57 10 -5 -57 96 -98 72 41 -63 95 -95 -57 16 -66 1 80 66 19 -23 -87 -60 65 -67 -10 -3 87 27 22 46 -90 -85 27 -29 -34 66 10 91 99 65 -13 3 16 -81 -83 -70 -98 33 55 29 40 -48 -85 18 2 2 -88 -11 14 -100 -4 -95 50 96 56 24 18 -60 15 99 -84 -42 -80 37 -99 -63 25 57 70 33 19 53 31 31 -40 -44 40 87 73 -21 -20 48 99 8 -81 -95 -99 -72 -44 -36 34 -34 35 21 -8 55 47 -2 -5 92 56 29 68 -8 -37 -79 -92 -71 14 57 -33 -44 94 -60 90 98 53 23 -100 -68 -36 -46 62 -9 -68 -65 -5 -34 -86 51 -71 -22 -17 22 -39 48 16 54 -59 -2 87 -95 17 -28 -94 98 -82 79 17 86 -36 -16 24 25 -85 44 -38 70 -41 -52 26 81 -52 68 -73 43 50 26 -34 -70 8 -9 55 -64 49 -1 -9 35 94 -3 37 -91 82 -87 68 -48 65 44 81 59 97 28 69 77 20 100 59 -95 -13 -42 -56 82 74 -15 -21 -83 55 -75 64 41 -87 59 -62 86 -49 -45 -82 -41 -65 -6 57 -43 -64 -51 68 1 -76 27 -24 -91 -63 64 87 62 93 -47 65 -43 33 27 99 -83 -89 39 63 62 41 13 86 -30 -74 -38 91 7 83 -1 -95 -91 -61 100 44 87 -48 -93 -10 -62 -13 17 -37 -49 77 44 90 49 65 -91 -30 92 98 0 -35 77 95 53 -42 -26 -69 -13 8 74 36 97 -3 -93 44 -29 64 54 -50 -4 -3 26 48 25 -90 -98 -68 92 58 -9 -75 86 -12 27 79 -26 -69 13 -48 17 -34 45 71 1 84 -14 -66 37 21 99 -96 -83 50 54 -60 -38 -61 -61 -86 -84 -41 58 -34 -48 -44 -39 -94 41 38 -41 -84 -90 -65 82 73 -98 54 68 -11 -42 34 -99 10 66 -76 86 -53 -39 97 -93 76 89 -11 -57 74 -15 -13 8 -6 -40 80 -89 -20 -83 -26 -41 95 -11 -89 74 95 63 -51 -38 -88 70 50 -60 -68 -91 24 -100 55 -8 2 -39 21 -2 -69 -51 47 35 -15 -48 -41 -3 13
84 -89 -79 1 -13 -42 92 32 13 -41 71 -3 -52 44 11 51 -44 -10 -84 -33 -53 -99 -41 -29 69 -96 58 -51 -66 74 -90 -3 79 41 68 71 46 -3 96 44 61 -66 -58 -95 -13 -83 -70 94 75 62 60 -28 -83 -53 -41 -23 -56 -2 11 78 78 -7 -30 -45 33 -40 -62 -58 -71 -31 -47 -88 -32 59 -37 -79 97 41 -94 -5 -31 -42 79 -14 -77 75 -33 8 45 72 -8 -91 91 10 -40 5 71 -83 95 60 -28 -59 -3 87 10 -47 -40 38 -23 -80 -10 -44 24 34 38 71 -89 32 40 14 -67 -7 93 44 51 -100 6 -51 -79 42 -92 -33 86 -57 -12 60 7 -16 -29 -88 44 81 10 -79 -95 -1 -65 96 20 -51 -86 -92 97 81 15 99 -2 3 8 -54 42 58 20 -76 -36 52 -36 -51 -12 30 -99 14 -57 -83 -68 -27 83 -64 93 -21 5 -75 -79 -23 -24 67 -56 -51 -46 -74 -86 -70 9 -25 61 -85 49 -16 69 56 -26 -81 90 -57 -87 8 -89 45 -49 53 -2 10 -67 57 12 -64 -23 86 92 -65 -3 98 29 -44 64 41 73 -17 71 -100 -12 -80 2 42 0 26 68 2 98 93 -93 17 -19 -71 -13 -24 -81 1 59 -12 -55 25 -16 -11 -70 -97 27 -66 57 -96 1 21 -11 -25 92 48 -71 -88 67 -57 38 86 -32 48 -44 38 -42 35 61 96 7 -15 40 41 -73 3 96 -51 -53 7 54 -78 3 -93 -72 -75 -5 34 73 -52 8 -68 -32 41 81 -69 92 -74 -88 39 -53 7 34 75 50 53 41 -39 79 87 -1 44 -16 88 -51 -14 -74 -93 10 -18 61 -57 66 76 27 -8 -76 48 47 -90 48 21 12 42 42 -1 -28 -36 10 80 46 91 -32 -37 79 65 60 -84 5 -71 -5 -71 -66 -84 40 -43 91 87 25 9 28 -64 -93 88 85 -61 -25 65 -65 81 64 100 -96 -78 -26 86 13 71 -68 -48 82 -32 52 -26 57 -34 81 -52 -10 -11 -57 44 -90 86 42 79 -99 36 -41 -54 -8 -20 -37 52 -100 -39 30 -20 -58 9 -56 46 -2 31 -29 -16 -86 -79 8 68 92 46 68 27 68 -46 -36 -14 -84 31 32 -30 40 36 -4 -66 -61 27 22 -72 54 -85 85 89 42 88 -56 -97 98 33 -87 21 60 -75 -6 25 8 -28 12 -37 -98 82 -7 -21 53 15 12 92 -81 -6 43 91 94 15 -75 -34 22 65 49 77 -95 89 92 50 53 85 -60 -8 7 -78
50 86 -24 73 -9 -16 24 -28 -73 -4 28 33 25 7 52 -23 -47 -44 -26 91 91 -52 -3 -63 -22 -20 -67 72 31 4 -25 34 -67 -54 38 -20 70 44 -21 -39 65 2 -99 -15 16 66 18 67 16 -22 -13 -16 -27 -51 -74 17 -79 -35 17 2 19 -70 32 22 96 21 27 70 1 70 32 -63 92 -58 -42 -18 -53 -68 -37 37 1 90 99 -18 -65 -37 -24 70 -63 -18 -1 -84 -98 54 -89 20 -88 33 -43 -53 46 57 67 -78 -13 -81 -83 54 -55 -84 -93 4 -62 99 53 4 -40 54 -95 28 -36 -72 -88 48 27 80 5 51 32 -20 56 53 -60 -64 31 -70 -34 -85 92 -87 25 71 19 -38 -92 -41 -73 42 -9 87 62 62 62 -93 -24 43 81 -76 -81 12 -68 73 79 -57 20 -81 17 44 -20 -19 55 -94 12 60 -79 76 28 12 -24 27 11 -67 -96 62 -66 -44 -15 -98 -52 -6 -94 -74 25 -35 46 -48 80 -80 -65 26 78 35 14 -100 -47 -15 -49 -2 37 -99 65 -81 42 -53 26 73 8 43 71 -7 -85 73 -51 74 -51 -27 49 15 24 64 4 82 -40 9 81 71 93 100 58 -55 84 -18 86 89 52 -9 88 50 -25 10 -1 3 -28 8 -48 -80 57 51 84 -52 44 82 51 49 8 75 92 21 -71 98 45 82 23 -8 -89 -28 -72 -4 83 -23 -11 -17 47 58 46 -25 -100 26 -74 28 -99 67 13 -85 -28 73 37 -13 26 -19 95 77 -71 41 -25 -84 -94 50 -100 0 66 53 17 74 55 16 55 -53 -49 -68 -4 90 -3 -11 33 16 87 78 -26 50 54 -46 99 -89 -57 -45 94 -30 -34 89 -91 23 49 -100 44 15 -28 -77 -63 -70 76 -6 34 -2 -3 29 82 -67 -24 -23 -13 -90 -15 15 86 -21 48 37 -1 -48 54 92 20 78 59 42 -9 -68 -76 73 -52 82 -46 -67 -30 58 -91 56 7 -60 -29 -92 -49 -48 15 37 56 90 -21 52 -95 -62 -81 -35 -6 73 78 -50 -16 -59 -65 -46 60 46 89 24 -58 -34 20 -69 13 65 63 -80 -94 -65 72 -79 -73 -17 22 27 -12 -9 79 -73 52 -23 -16 -72 45 -42 87 53 95 93 -100 -21 30 9 20 -55 50 19 20 16 84 -99 5 -85 -94 58 48 95 -38 -96 -6 85 -69 83 -85 -75 -5 84 -28 81 -3 24 -84 64 51 -86 -89 64 94 -27 -76 29 -35 -82 -64 42 69 -31 72 -55 79 78 -17 -37
-50 22 79 -52 -5 66 64 96 -54 -7 53 -62 61 38 20 87 -93 41 67 35 -26 28 -86 32 -81 18 -62 -35 80 -11 88 -91 27 -88 56 -16 90 35 -100 -19 64 59 -65 16 83 -52 -17 -95 -67 -82 21 48 79 71 66 -98 80 -6 -13 75 90 -64 0 15 13 -24 -84 70 -16 3 35 -1 78 -20 -63 47 -78 90 23 40 -77 16 63 24 74 -68 20 -43 -96 22 84 25 -67 -4 51 -6 80 -5 -18 96 68 -58 -31 64 -72 45 -2 1 0 -33 -94 56 31 -7 -85 -9 51 55 -66 43 7 -7 4 5 -54 -10 50 13 22 -33 -16 86 -99 67 -84 -85 -11 -4 11 28 -90 -80 -78 42 -94 -100 -47 -35 -50 51 -91 59 -86 42 -43 -57 -72 -31 -38 -82 -67 29 -87 83 6 -84 -21 25 -65 -90 35 -26 -65 96 69 -76 80 -37 -4 -71 -58 -87 95 80 13 73 -5 -40 52 -91 35 24 -67 63 -77 -83 12 -29 7 -14 93 -42 -72 -94 -51 89 14 -11 -55 -76 87 87 -17 41 -31 -97 63 -60 0 -6 -38 65 1 37 -79 -82 -51 -8 -57 -39 95 -25 25 -14 71 38 47 16 2 41 78 31 -9 -60 26 -15 -95 -42 -41 -17 3 67 3 -85 96 68 -80 -8 49 -20 85 -91 -45 88 -16 -90 38 10 31 -23 -9 -18 81 -86 8 -94 39 -93 64 -57 8 98 64 76 13 -33 17 -100 8 -98 67 -55 -67 83 -99 -53 33 -87 55 74 -84 87 -3 -75 -70 13 -100 -1 29 16 -60 69 -49 -13 -40 -98 -72 99 -31 1 -54 -14 -76 80 43 -19 22 -2 52 -90 69 -79 -34 92 -78 99 -79 -28 -79 -18 -12 4 92 33 -84 40 -90 88 -63 34 86 -72 -20 -73 -5 -13 -16 29 -96 -8 -91 21 -38 -79 100 14 -48 -81 19 94 -55 -51 -71 44 40 -27 -100 -92 54 -31 -19 64 -45 -14 97 27 -91 -36 -72 -33 55 -31 -87 -73 -71 -13 -73 0 36 17 -93 -47 -96 78 98 61 -99 6 -34 81 62 -93 32 -41 -14 83 -47 11 -71 -86 -62 -59 -62 16 13 -44 49 13 -87 47 86 85 -46 -97 -69 14 49 -25 4 1 49 14 0 -79 73 65 22 -47 62 36 80 69 39 84 22 -89 24 6 90 63 49 62 5 -89 -12 14 2 -35 42 -68 83 -60 16 -16 -9 -66 41 -13 -98 -65 -44 65 41 -10 62 -2 13 -69 13 16 -16 94 82 -35 -35 30 -87 89 -70 -31
-80 74 -42 40 74 -64 27 41 84 27 -91 -7 -4 89 -7 6 45 -19 94 -10 67 62 1 94 69 5 -68 -14 -48 -36 89 15 -73 25 55 -4 -40 92 -52 -6 10 -3 54 -75 53 41 92 98 32 -79 63 -92 64 59 56 -56 -4 -97 -94 -56 -100 -64 -86 -64 -76 28 17 -48 15 26 24 69 53 78 -91 -35 -27 -78 -44 -80 -74 -15 89 43 52 -18 -91 -76 -86 83 50 64 -1 59 28 22 -67 -49 -21 -58 94 64 6 -25 14 -61 -59 78 72 -88 -28 28 42 -77 50 -52 59 -7 -86 31 88 54 27 4 95 34 -67 -21 -43 70 -24 65 -25 99 63 -38 -42 28 51 30 -54 68 60 13 -65 90 -24 70 6 84 65 -81 -9 22 53 5 -13 -63 31 88 -25 19 -13 61 45 -91 -86 -41 84 -91 8 13 -21 34 68 74 93 -13 -62 -52 -39 85 -73 7 94 -70 20 21 -63 -12 33 23 -68 34 -84 -72 -45 -38 97 94 3 46 -81 32 47 -88 -35 -51 -24 -85 98 -18 -37 18 50 -62 56 -12 43 -24 -88 -89 92 -85 -30 19 -53 -43 -9 -13 -36 30 30 87 -65 -21 12 62 -95 -1 -79 -14 -51 -30 -3 -74 -14 -30 -13 9 -79 21 68 -38 67 46 6 -62 -59 45 -13 -91 -2 19 58 92 -44 41 -22 71 92 51 91 -22 -89 -6 -2 -48 -18 -46 3 87 -47 -3 -21 -73 77 21 42 -83 -2 81 99 -32 -5 98 -45 -24 -86 -7 -31 4 31 -92 14 2 64 -34 -97 -20 -58 26 -93 51 32 -81 -63 -23 -23 -83 -15 61 -51 49 -89 13 -26 84 9 8 -75 2 14 82 24 66 39 -38 35 -97 -70 21 0 -78 36 -85 -23 9 20 -91 90 56 25 37 3 86 -13 -26 89 -99 71 -54 97 -84 100 -82 -33 -29 9 75 -41 -47 74 -7 100 44 -60 80 50 -82 -93 -7 66 84 12 60 -14 61 36 -9 -31 -100 83 -93 -10 93 11 -77 -31 -19 -92 63 -17 95 11 -49 54 41 -16 -63 -10 85 -7 -100 90 -52 65 59 -41 -54 -2 -100 17 -68 94 20 -100 -31 6 -82 39 17 34 64 -67 -79 -5 58 78 -78 13 19 -96 -24 11 -98 -45 -77 -44 86 -27 -27 72 60 -21 -88 -44 51 -17 -90 -75 19 -95 70 -57 83 -1 -88 75 -9 -24 -23 -98 -83 38 52 -43 87 -23 73 -76 -38 21 39 76 -13 97 -35 81 -45 -62 43 -62 -18 91 -57 -83 -12 3 -69
-24 91 58 78 14 82 -43 -79 56 90 -55 -17 18 99 -26 17 7 -91 70 71 -40 -40 100 -86 22 -46 -45 85 -24 -90 -5 -80 -2 -2 20 80 -13 11 -13 73 33 -6 -24 -55 -25 88 44 -2 -96 -9 -91 46 55 55 -89 -17 86 -97 65 -82 88 90 54 63 -72 -63 -62 26 -91 34 -28 -12 -83 -67 27 53 86 -69 86 25 45 42 -48 19 -23 22 80 34 -91 -59 6 47 -23 -79 30 -99 97 31 70 -39 -45 -54 -30 -99 34 55 -11 -86 16 18 3 60 -58 -14 99 54 -18 59 84 21 55 23 8 -12 39 -58 35 -18 90 97 -23 -35 -37 87 39 79 -36 -79 92 -29 89 -91 -52 22 -5 17 -25 61 -24 -45 -67 -93 98 15 -11 9 -54 -74 -6 55 -36 15 61 47 -69 -95 71 -40 77 3 93 -62 65 -6 24 -62 -15 -62 -30 -69 -86 -88 30 92 69 -45 30 47 -50 90 -55 -78 -62 85 36 86 39 -42 93 19 56 11 -66 -96 84 -50 -77 -82 38 22 -64 -97 -51 37 91 -92 17 92 28 80 17 69 6 55 100 6 8 8 -73 56 -85 77 -11 60 43 -21 24 -87 -2 -64 69 -19 7 40 -66 -20 -74 -2 -64 -49 -51 16 42 -10 21 -50 -91 -47 -27 -95 0 67 2 -77 26 67 -83 -22 -14 -64 -98 68 -27 83 -73 -66 19 -29 -93 -21 -56 85 -37 -35 -64 -20 -41 67 -69 -6 -70 23 35 -27 7 96 -37 -94 22 21 42 87 -31 5 22 36 14 -74 78 24 14 -21 69 64 55 79 99 -48 73 -54 67 51 -89 47 -25 89 71 -9 -63 -12 16 63 -63 -19 -37 72 19 -60 -15 -41 84 -79 -30 -100 73 42 -40 60 -26 79 92 -84 85 21 16 44 -74 65 -45 -50 13 42 -97 32 -68 30 -2 -76 27 70 -99 4 100 -81 -90 -63 35 59 12 79 74 97 76 87 -81 21 74 -75 50 -80 -57 -35 -10 29 -80 -70 2 -19 93 2 -74 -62 -13 -40 -14 -48 -62 73 -28 -78 78 31 -64 72 -67 91 -50 -5 34 -27 -53 -20 -35 30 -9 43 67 -71 89 56 89 51 17 -11 31 -59 -85 28 53 54 -42 90 -15 -73 -20 61 -97 -95 -68 83 54 -23 -69 -36 24 -88 1 -98 34 32 -4 -26 -100 -29 -96 76 -51 -50 -92 72 -84 10 -25 15 -81 -9 -65 63 82 -46 -28 65 -84 42 -34 51 -92 22 32 72 98 44 -73 -86 71 94 -32 -85 47 22
60 80 -26 7 -81 -92 -40 -89 -46 76 23 -88 70 -100 -43 -87 66 -57 87 -96 92 -15 -59 7 72 38 100 -4 -84 -56 -91 -94 30 -15 32 92 -76 -31 -65 -85 19 -37 44 58 -42 24 82 -73 72 15 76 89 58 -93 -31 -80 -4 4 -30 -79 -67 35 -87 -68 12 -91 -57 -94 -43 -62 62 -75 82 43 24 -69 70 -17 10 47 68 -93 -14 82 -16 41 26 28 47 72 40 -22 -56 -30 -81 52 -8 25 65 24 75 -13 26 80 35 -94 0 -26 -1 -85 -72 87 92 -62 -91 -12 -71 -19 20 28 -12 8 -7 -8 -42 44 -67 28 80 68 -98 33 59 84 -10 -99 -98 -18 34 -7 -88 93 -92 66 55 98 -20 23 19 -3 -66 -28 -86 50 91 -6 -1 72 80 -79 -49 -14 32 -18 54 -78 -88 -81 84 34 84 64 -63 -96 12 -65 87 -67 80 43 48 -86 81 49 17 -49 -21 -51 5 -2 -52 17 -79 -64 -29 9 -91 75 -73 -96 -24 -43 63 92 -75 -32 67 14 65 62 -78 -86 23 58 88 4 75 -26 -10 25 -23 -74 18 -80 48 18 -77 -29 5 65 -97 48 28 -71 77 -71 -100 91 22 -17 -12 -12 39 -37 -68 -32 82 60 42 24 63 28 -41 43 88 48 -28 -70 -51 34 51 -50 81 -67 -82 89 69 -57 17 38 -47 74 -87 42 -54 9 -44 -65 -29 -13 -19 16 -28 25 -93 49 -5 91 39 28 37 6 32 61 2 -52 59 29 14 10 -88 -41 73 60 -7 46 76 30 53 -11 -16 -16 -49 -4 36 30 4 5 -77 -27 32 79 -18 -47 86 -40 70 90 99 -25 92 -20 10 26 -64 35 78 6 -58 26 -59 -39 84 -18 17 74 -18 43 13 -82 1 53 -66 -76 27 91 83 61 -85 3 -100 -55 76 -15 67 99 -37 -72 28 -24 24 31 63 40 -10 -53 50 46 4 -41 69 7 -55 4 3 91 10 53 -71 87 -27 27 53 0 -30 99 -84 65 88 -34 16 -33 20 -19 84 -43 -91 31 -57 96 -42 47 -13 -78 6 -5 -40 64 -23 10 3 60 -1 55 98 -23 32 -68 32 -74 48 -3 -45 -82 87 12 7 85 -68 -64 85 8 -7 34 -74 5 21 75 -63 -93 37 -19 55 2 61 -100 -97 -56 -38 83 -68 98 -34 93 86 74 -62 47 28 48 -66 92 -52 -69 6 13 -41 -99 -62 -40 -48 35 58 -80 96 -20 -30 53 26 -95 -50 55 2 41 -3 -28 -14 -30 -82 73
25 -10 71 7 -71 -39 -45 -7 86 -11 -92 -46 97 80 -42 -86 -61 3 -100 83 -14 -57 -93 39 54 28 38 -76 -61 -90 -17 -27 -64 -8 -71 -25 -16 -47 79 -47 28 -55 -73 -9 -73 28 72 5 -12 -43 37 91 -39 -82 -64 94 -20 -91 -35 96 -61 -25 -80 -36 -94 13 59 91 -14 39 -12 -84 1 84 70 -15 56 4 95 -21 21 -74 -67 55 -7 -89 97 -9 17 94 -92 7 73 -88 20 -49 12 96 88 43 -2 30 -6 -54 -93 4 93 -82 -92 -33 94 67 -60 -69 -95 65 38 46 76 -54 52 -67 -48 -78 37 18 -8 -74 6 36 85 -61 8 30 47 -44 0 49 67 100 53 -75 30 -67 35 55 -80 80 34 14 73 74 50 20 8 -63 -56 28 19 -100 61 -89 57 -84 -64 60 -56 -85 38 -61 -83 57 72 -26 3 -89 56 80 100 -6 -64 -70 -46 68 -50 -46 19 78 -30 -8 -42 57 33 4 38 -94 -44 -44 -26 -69 27 76 29 -96 -40 -6 39 29 13 -53 -71 -100 29 43 -74 76 -28 58 -58 16 -29 34 -21 40 4 42 76 10 -87 40 78 -10 -49 8 10 -67 93 28 89 -56 -15 7 -11 -72 -14 86 7 64 -40 -70 60 44 -28 -66 -80 -75 -92 21 -95 -86 -5 40 -82 -84 -46 -37 -76 -82 -98 53 68 -98 -58 52 -38 70 -14 -7 -47 -64 -15 -10 -68 -91 -28 16 37 94 -17 -36 -46 -99 -38 45 82 1 74 -39 2 74 34 -35 42 -22 -55 -45 -5 -48 -31 10 -82 -43 65 -63 89 -48 -43 68 -64 26 54 34 -8 73 -1 39 -22 80 -41 -10 -84 -4 61 21 -9 -96 7 87 -55 74 -43 -13 1 24 76 69 -71 79 76 -17 -45 -1 18 52 -74 -55 -46 66 -25 27 -8 4 -80 -53 35 -88 14 86 54 95 34 12 -57 -31 95 62 -27 -54 9 13 -85 -3 44 40 60 -3 -36 37 20 -23 91 64 36 -15 32 99 -74 20 51 6 -67 38 -5 -58 16 -55 28 29 -72 -49 -83 75 90 -26 -57 1 -72 -84 -66 54 51 -67 -68 -74 -40 93 -5 59 56 -54 -39 46 2 58 -48 -69 8 13 -10 -72 32 69 76 77 82 12 78 -66 -3 -65 -78 -45 51 -37 -84 -17 22 49 -72 63 82 84 -31 8 26 -61 -48 57 -51 -15 -40 54 46 4 87 97 8 39 -19 -79 1 -69 -90 21 58 -5 -27 2 81 3 -23 -75 -33 -97 -64 -59 -55 -8 70 -85
98 44 -10 -67 32 -11 67 88 61 79 -92 -91 14 -98 22 -42 -26 37 -57 63 -79 -2 -63 60 -31 -10 -78 11 86 2 -1 -88 99 25 -86 -29 -19 -7 22 84 -38 20 48 -69 40 19 -10 55 4 67 -21 48 -59 0 53 74 21 -43 5 85 -94 -4 -8 -5 -59 -67 -71 75 -90 50 18 -38 87 57 19 -99 -10 75 -68 75 -84 93 -49 68 28 56 90 84 48 -92 22 -97 -3 51 -93 -90 34 37 81 -10 89 59 9 -21 11 13 98 52 1 -86 -96 -61 -65 40 -43 -28 38 -35 64 -82 -53 30 86 -75 -34 25 54 -49 -15 41 -57 11 -77 52 -43 20 28 -71 59 45 -85 11 6 -15 -47 -30 66 93 82 16 -99 96 -83 80 33 22 -79 40 -82 68 99 -60 98 57 -32 -16 -64 96 -21 52 -46 -85 -70 -71 4 -13 69 -71 -3 63 -18 80 -64 80 -49 4 98 -88 -11 -17 66 -29 -96 46 -10 18 80 82 -38 87 28 -42 -44 -42 17 -21 71 -19 -88 42 94 -68 -97 -22 6 50 14 -85 43 1 80 -94 46 43 84 42 10 -3 86 -23 -47 -21 65 65 4 -76 71 -78 83 -70 65 -43 82 67 93 -16 -61 28 -61 30 -65 -80 -2 -4 19 -23 -6 -45 50 100 13 -39 30 -37 23 27 52 -32 -78 -33 -65 -25 -3 -14 -86 -87 -79 -85 22 62 30 -51 -90 32 75 99 6 -2 -31 -70 -8 56 -2 75 9 22 64 78 98 -34 -58 57 100 -95 89 65 13 93 39 -21 -40 9 -76 -64 69 79 92 84 87 -49 95 63 -93 8 -45 26 -42 -21 -73 82 4 65 -82 -52 -13 -14 28 93 -89 -65 27 75 -73 -98 87 80 -13 -35 -31 -6 84 -41 34 -5 -89 38 -40 35 -92 20 -54 -54 60 63 46 92 47 -20 -20 76 -96 -32 8 -1 40 15 97 46 -91 99 -7 80 -38 23 0 36 91 -49 9 61 -31 85 -49 -74 -9 5 -34 -45 70 62 1 -53 -30 66 58 -38 80 -89 -21 94 35 -7 -90 71 7 -60 77 -56 36 70 -100 -51 49 30 61 24 -25 -35 38 15 12 61 4 -49 27 86 -77 25 12 -69 -82 -45 -53 -23 -70 -31 -41 57 -11 20 53 6 -24 50 13 -41 34 91 47 -56 -68 -5 -11 -8 32 100 -99 32 42 -30 62 -69 -92 -16 -41 -32 -36 -51 56 61 55 -37 -34 -24 96 -21 33 75 -71 -31 -67 15 -14 50 -93 98 -8 45 -37 51
14 63 -77 34 43 49 86 -8 27 43 -59 -68 -58 -8 11 -41 58 6 53 52 12 -36 48 -11 59 57 -44 57 -91 23 -89 81 -14 64 -4 84 70 62 80 -28 -4 17 1 -99 -87 -91 7 -51 27 -90 47 -47 40 -6 -22 -54 -91 -79 23 -32 27 -26 27 66 -19 -37 -71 18 35 15 24 -83 -16 -11 99 5 91 -45 48 -39 73 -16 -88 100 85 -52 17 72 -53 -17 -75 29 25 45 25 -90 99 42 87 40 35 -69 -69 -1 44 75 63 -28 59 -4 -21 -72 -19 -27 73 75 -67 -94 -98 -42 86 91 -11 98 45 21 34 96 75 -59 43 99 -67 -62 1 67 -80 -87 75 39 -58 -31 58 -78 -54 -85 -5 89 -8 -30 -29 43 29 -2 -21 44 66 26 12 49 -86 22 8 -81 46 -96 -13 51 81 -91 91 74 89 -30 84 -64 17 35 40 -51 -28 49 68 -54 -98 26 40 -41 58 77 -2 19 48 31 -62 95 -62 68 10 61 -88 -41 69 2 -74 86 -97 68 42 -23 -34 83 19 60 71 20 -94 12 -60 -15 -88 27 14 16 78 -70 -33 3 57 80 64 46 -86 -8 49 -86 58 -79 80 25 60 67 -63 -97 7 3 9 -28 -68 70 66 -24 -63 77 45 22 98 37 25 51 37 -8 8 -24 0 96 57 29 -35 -49 -46 0 3 95 -46 -78 78 -84 64 -61 -56 100 8 -32 90 -25 79 44 79 -60 -12 -2 -3 -20 -83 21 84 0 65 -37 -69 75 48 -47 -55 48 -88 44 -16 34 -38 -26 65 0 -59 54 -67 84 -65 9 -64 -62 86 -98 -18 -57 -51 42 -79 -63 79 92 71 96 -63 2 56 -52 -10 46 98 -89 90 -10 -68 -33 51 -93 -99 61 59 -62 43 -83 33 -94 -42 6 -32 37 -61 59 -90 -84 83 46 90 62 -84 -10 -96 -10 64 -6 -69 32 41 -38 95 -7 50 -18 20 94 -42 95 -21 27 70 74 43 37 -89 3 69 -27 5 -9 36 -61 11 -9 16 -85 34 3 -66 75 29 -19 -53 -76 -92 16 14 -58 57 -28 -87 88 -18 -86 58 -91 -18 -43 -84 -37 -74 -92 18 30 1 48 -7 -53 -54 21 -63 99 -57 29 -29 13 94 30 52 64 91 -8 96 -17 63 22 81 26 43 -40 32 70 66 63 2 -40 47 47 -20 52 64 70 -1 22 96 79 7 -82 21 13 65 -42 37 15 -16 -81 52 20 -21 88 -10 -12 -1 90 -39 97 26 -60 57 15 -38 -75
-92 13 -44 47 -95 100 -19 -67 -94 40 -8 64 -52 15 -39 94 90 -71 -17 -31 40 -86 37 91 -67 -54 59 49 -79 50 31 1 -99 18 38 -73 -78 -95 53 16 51 24 61 34 27 82 70 -80 -29 36 -82 -83 -62 54 80 95 -57 -37 5 76 47 -97 74 -75 -95 -22 99 83 -13 -52 -10 98 30 -76 60 76 8 -11 -49 64 21 93 -90 -46 30 66 0 -59 -92 -89 20 68 100 19 -77 8 73 -98 27 80 -71 96 -37 49 31 76 33 6 37 46 -71 -28 47 94 -15 -5 5 -9 -25 7 62 42 -48 -26 21 60 23 77 89 -66 21 -12 -82 95 -13 -73 92 -33 -24 47 54 -95 79 -60 31 30 -1 77 63 -84 47 -45 -19 27 -57 63 -11 85 -1 56 26 -40 100 89 57 -52 76 40 -64 10 12 23 90 -15 -74 -47 77 -52 -82 -10 46 -57 -76 -85 -31 62 -77 -33 57 11 30 31 56 31 28 -31 -15 -67 -23 -8 28 83 -50 47 -38 52 -8 22 -9 47 -49 -75 78 -1 -6 34 80 -89 92 21 17 -37 -28 28 27 82 90 -61 -15 -28 -52 -58 -7 -14 35 -1 -77 28 -74 69 50 -26 42 100 -99 13 81 14 -18 -30 59 64 -80 0 72 86 80 -25 -50 15 -87 -34 -57 -52 -18 67 41 7 45 78 80 -88 -78 -66 18 79 -33 57 27 59 60 -98 -45 -82 39 -16 -38 -11 -89 54 -47 81 -88 80 16 26 69 -10 44 81 -29 -13 39 35 90 58 -40 56 13 26 -89 15 17 -1 29 -52 -31 38 -91 -99 -75 42 9 49 71 8 -13 40 10 30 -83 36 68 -16 24 54 25 -93 88 68 -94 -57 -6 -18 73 -99 53 50 -52 75 -53 -29 -38 63 18 96 17 -79 32 4 -73 69 74 -86 -17 -41 -23 -18 -21 99 68 -65 3 -6 87 -99 -86 -61 -57 24 28 35 -33 -34 -82 5 -87 -63 83 -96 -71 94 -14 45 -78 69 -78 34 56 -84 -37 49 -72 17 39 -89 -5 -72 0 -54 69 -91 0 93 82 -82 14 41 69 -52 3 -7 52 75 -6 46 -54 -47 -86 -24 -14 -24 -53 99 17 -7 -81 -56 8 7 94 -70 -74 3 -27 -32 -81 5 17 31 59 6 59 67 48 72 -25 -16 52 -28 78 -62 -86 -67 41 -10 55 -14 85 43 -100 -5 6 -6 -76 -29 51 -93 -64 -66 83 54 -49 -51 18 -35 -65 -25 -13 -93 11 39 3 3 91 25 -53 -49 -63 37
-67 -8 -68 -61 -30 34 9 100 28 35 58 -94 51 -39 -2 -16 46 -76 47 73 22 21 -93 -96 -9 99 -21 -48 20 -86 30 -62 -26 13 85 57 -40 -72 48 -50 -56 65 -9 -71 -42 -56 -39 -61 -28 -19 -51 53 4 -85 51 -84 -21 -73 58 -29 -16 76 -31 21 -35 -23 -13 59 49 75 -58 -70 -24 37 -53 -34 -44 42 8 50 8 0 31 -16 54 82 -21 -67 -17 -45 -23 29 66 -97 -55 20 -62 14 -82 -49 50 -72 97 -31 -83 -89 40 -56 -15 87 -87 37 71 -99 -2 65 -62 17 40 -53 32 48 -27 -74 67 -92 -29 -10 23 62 21 43 -11 90 66 -22 -54 -77 -74 -9 70 -8 29 -51 -64 -37 50 -10 86 -100 83 90 69 -50 -27 62 82 65 44 -52 33 -95 -44 45 -70 18 76 78 19 -63 76 -59 -27 1 -58 -11 -3 25 58 34 -4 -18 65 8 29 -75 -81 46 -50 14 72 -11 -34 17 -23 96 7 36 -81 -21 44 96 -8 20 5 11 62 16 -36 19 70 46 57 -69 28 -45 52 40 43 -6 -27 -96 -43 -2 58 63 59 23 -91 -67 -41 88 -39 -78 -34 73 57 -66 -26 38 9 -2 -12 -46 -45 -27 80 -91 25 11 8 -75 11 -37 -90 64 -12 -20 22 -21 -23 -49 -77 97 52 -12 62 -57 38 -23 17 69 -24 6 99 -10 -74 -74 -7 22 -49 77 14 -97 -20 -9 -85 78 10 -83 33 43 59 -65 -55 90 47 -32 -36 27 -97 3 -25 -34 33 -87 37 -32 -69 3 -38 -7 40 87 98 -45 -20 32 -3 94 87 -32 80 -52 11 -32 89 36 84 -71 -80 -30 84 13 78 -20 -61 73 26 -85 -51 23 21 13 48 -39 10 2 41 -58 -1 42 65 -42 -88 91 -31 -98 -84 20 97 -51 -45 -28 82 6 30 -8 93 -7 19 67 -56 27 -92 -69 -24 96 -88 -50 4 11 -38 -26 -51 4 -35 -48 -90 81 -20 78 37 -77 -60 -37 90 67 92 -32 -9 100 -21 60 60 -97 43 47 26 -77 -99 -93 -62 -1 -36 -32 3 -66 -60 72 -92 10 11 -81 -21 91 30 89 -88 -50 -55 55 26 62 30 -19 -13 -19 65 46 55 -70 -10 -57 58 -67 33 71 -84 -70 97 36 -16 87 -61 0 -31 59 37 -45 73 56 -68 0 58 2 22 -66 60 84 -36 -38 72 -33 6 -7 80 87 -24 100 37 -55 -99 99 3 40 -7 75 -21 27 -79 78 22 -89 58 -47 87 83 -77 -36
-73 -99 -16 64 45 13 -92 -62 11 12 58 -96 -94 18 -11 -82 65 -52 81 -34 90 7 -50 -41 58 -64 34 -24 -62 37 0 -36 -5 -66 -25 -13 -92 69 -69 -43 73 4 -13 69 74 58 55 98 -65 -82 3 10 30 94 -70 -22 -70 12 1 61 -50 -87 22 54 49 -60 93 -90 89 -83 98 -73 57 24 78 -13 76 82 -97 -36 8 17 74 88 -30 88 -6 -69 4 98 -8 -72 -52 -52 -18 -37 -60 -6 -61 -48 43 -96 68 78 35 26 33 86 59 13 -83 74 -75 100 -50 97 -39 47 6 -39 -26 22 28 2 23 83 -83 75 31 35 -20 -42 -83 -74 95 -51 -8 -8 61 24 99 85 13 -80 88 87 -49 14 70 -73 43 -47 -78 -82 51 23 12 -39 -62 -30 -96 -18 79 89 -33 76 -7 -78 -35 -11 -23 23 35 -11 -12 -63 -79 13 -88 44 -18 61 -22 32 -17 -90 -44 -98 -19 -17 100 77 -64 74 74 40 70 -85 31 -95 -79 -50 33 -21 92 96 -50 65 65 15 -19 -59 70 20 -68 -31 -98 14 -73 84 20 69 -15 -56 -93 80 66 -47 55 -75 3 17 -88 -75 -33 -66 -9 -38 68 -64 52 -99 -73 -92 92 -5 0 -33 -66 79 -55 1 -25 7 25 -68 -55 -48 20 71 -43 42 42 -58 97 -84 40 60 49 43 50 -11 -52 -41 85 33 -40 35 83 -90 53 -98 -43 67 93 82 -78 -76 81 -72 -8 -90 73 -26 -90 -97 54 57 -30 91 77 -49 -77 -38 9 -16 -64 46 -68 23 28 43 -43 -22 63 87 -23 76 52 10 57 6 12 41 -18 -56 -72 73 92 -88 -3 10 18 -42 64 -3 -62 -7 -45 52 61 -78 22 -46 -58 -80 58 -57 -92 -58 31 -64 28 69 70 2 -71 -2 -77 47 55 62 98 4 -39 32 -83 96 44 33 70 -86 -21 55 7 -77 -100 -72 14 59 -36 67 46 26 7 -24 -26 29 -1 -16 -7 -44 -45 82 -39 -3 -52 -93 -2 -53 -48 23 35 89 -86 -7 35 -1 75 -76 -1 84 42 42 71 0 -58 40 98 -31 64 78 4 -47 -50 2 -48 -46 -85 -94 12 -87 -96 -85 -58 -50 20 10 -16 -88 -2 -89 8 -14 -28 -92 89 -98 -47 -1 17 81 -59 97 -62 0 -63 19 42 84 -33 -63 86 -92 -98 -54 -85 52 67 53 48 -44 69 97 17 5 -79 81 -51 84 -97 -70 -71 64 10 -49 -75 49 -87 23 61 63 38 -93 -40 68 43 -95 36 45
-75 -13 -98 59 11 -37 -46 99 -26 33 100 2 58 -42 -73 -68 -33 93 -88 23 -60 -9 -56 -81 57 78 97 0 -21 -60 -19 -24 -93 47 97 -87 3 78 -93 13 82 -11 66 -100 25 23 -36 -64 -85 49 76 90 -66 -79 97 3 -16 -45 18 -76 94 50 37 -44 -17 19 31 -20 80 66 -92 60 -79 -54 72 -75 -68 -98 -11 -76 -95 96 67 66 -33 -53 -1 -81 39 89 -24 44 87 49 14 28 -58 49 -61 64 -4 58 -71 -86 54 -18 -33 74 -64 21 -1 -9 36 -100 -3 39 81 40 1 93 -20 27 -88 63 -42 -51 57 2 -86 -54 -95 97 51 56 49 70 -13 30 6 -96 -53 -68 -47 81 -24 -91 52 80 -13 2 8 -51 -57 95 -55 -51 -73 0 -1 -59 -54 -49 -72 60 16 -52 -57 73 -62 -86 -17 96 51 39 96 -94 -61 6 -9 25 87 -74 -57 35 -84 19 -49 -3 5 -1 42 23 12 -69 68 17 94 59 -61 82 60 65 -84 -8 60 95 20 -17 -79 70 -4 -66 -64 -10 -76 80 -5 78 54 -21 -66 60 53 26 90 -95 56 99 86 -44 -5 60 43 -47 54 35 92 29 -96 -100 -44 57 -92 28 -25 -97 35 -51 -69 -64 10 68 -65 8 -25 35 56 3 86 17 -86 -71 59 -39 -71 80 38 -76 87 19 71 -44 -66 100 -52 64 12 78 -88 50 -54 -31 33 -6 -66 -89 -51 -91 32 -11 -57 100 35 96 5 5 16 69 58 15 -97 6 80 -50 -31 90 -72 3 72 89 43 -35 -3 90 -87 -31 20 -57 -93 62 -63 45 64 77 64 49 11 -91 0 95 -90 -40 45 -40 -64 13 -57 -46 34 -90 34 52 -50 89 64 80 12 -79 -78 -29 -67 -66 -74 -1 71 -31 -21 90 77 -27 -40 -86 49 22 -34 31 -79 98 -94 -98 -92 -38 9 27 9 -80 10 -43 -13 56 16 -43 21 -98 -14 -35 17 -90 64 4 21 -89 73 -53 -35 -35 -30 28 -55 -87 7 -2 13 -11 -100 -71 -73 86 68 -79 -39 -35 37 46 30 60 -88 -28 -20 91 -9 -74 21 32 -72 -5 43 -26 -22 91 -42 12 -88 11 59 -36 61 89 13 63 86 -26 99 -45 57 66 -5 90 90 15 80 -36 -38 66 22 33 -63 -43 -48 -36 58 -32 56 -1 74 96 36 -63 -87 80 52 61 13 76 74 12 67 67 -6 -14 31 -16 -83 44 12 57 -82 -6 73 46 85 -48 7 -92 -14 80 39 5 -92 -19
-41 -98 75 49 -72 -37 -36 20 -52 -36 -2 67 91 84 -58 91 34 35 27 51 -47 -21 36 -85 43 -75 41 15 54 -82 66 -10 -30 78 75 -16 79 64 53 -91 -49 -4 -8 -58 -96 -27 -20 45 -87 -41 -11 -91 -9 54 45 -38 -34 -32 9 38 83 -31 -98 65 4 74 -67 -71 -89 -11 16 26 48 -1 -15 71 -39 -67 -46 19 10 12 35 -16 94 -97 -76 -25 57 21 -12 -4 -72 -20 0 29 2 -38 -90 59 80 -69 -48 97 64 -77 59 16 3 91 -62 1 -70 -25 -2 -22 -73 -67 -38 -82 17 26 -84 -10 -94 28 -99 33 -17 92 -45 -24 -75 79 69 97 -40 -38 -68 66 -75 -79 -59 87 70 58 -19 -9 90 -6 22 4 82 75 2 70 -80 -16 -64 -7 30 -24 -78 18 53 8 -54 -27 1 75 -82 42 -8 21 -90 -73 -59 -14 42 -61 -29 -35 -87 59 -92 -67 -45 -13 -3 -14 97 -40 98 2 11 42 25 -11 -70 -97 -66 -77 -1 -97 -63 43 -41 65 7 2 12 -94 51 71 -55 -35 74 -57 -28 53 -79 87 -15 30 -9 76 -46 27 -24 -92 50 46 -6 -22 -79 -38 92 77 43 -56 9 -42 -26 71 84 -97 36 -10 77 -56 100 -41 29 41 -26 42 -17 -60 -90 96 -83 -62 79 -58 28 1 -14 48 100 -42 -7 58 -37 71 53 92 70 -23 84 68 7 -1 -20 -50 1 -19 13 -12 44 76 6 -73 -98 -24 -53 28 92 -25 -91 -91 -6 1 -87 -59 97 -73 -34 15 -36 -50 -76 -79 -54 -1 25 28 -42 -11 -94 29 -51 33 -7 -18 -85 -3 -40 19 14 -24 12 -26 10 -71 -63 -58 33 60 -51 50 78 -40 50 -58 -35 -3 79 70 22 43 100 21 -90 -80 -59 -27 -73 -35 -18 18 53 23 -69 17 -44 -90 -20 28 -8 -92 64 5 -52 -50 -28 -72 13 -53 -41 16 28 83 -22 9 -71 67 -31 -15 53 -43 62 -48 95 83 -69 34 100 -65 -31 39 23 83 89 -9 83 62 -85 -72 -32 -1 -23 32 -60 77 94 -48 87 29 62 14 -76 82 -68 70 -7 71 -44 17 -51 95 -82 -53 -100 34 67 -69 -65 23 -5 -63 52 34 94 -66 -51 86 58 87 69 -28 80 68 -72 20 0 -11 37 74 -51 26 -98 90 -38 53 36 -80 -92 28 -8 8 -3 61 -76 -63 30 -34 35 37 95 10 -55 -62 34 12 95 -53 -51 -71 20 -66 -30 32 -2 92 -92 -42 14 60 33 55
79 -67 33 -2 -58 -29 -100 -18 52 78 -67 -99 -3 66 45 -31 -37 55 7 -58 52 -87 -85 -69 -82 -18 -54 9 -78 86 50 83 30 31 45 21 28 62 -50 57 -93 15 -12 -93 -12 67 -9 -83 99 99 54 91 -4 37 -62 -40 96 75 -37 4 -9 -93 -63 -11 -5 62 -31 63 10 4 -84 53 -20 -28 -44 90 -75 50 -55 -91 100 -77 -18 35 -43 -2 -1 -22 -73 49 91 -68 11 -38 44 -56 -91 69 89 -100 -87 83 -36 -2 0 96 -52 88 -18 -21 -10 73 3 -79 78 36 -5 -2 -9 -61 16 -20 -78 96 -14 -46 55 50 -77 -90 -17 42 23 38 44 44 53 -88 22 73 -57 -99 -54 32 -20 82 26 76 92 50 -25 -21 45 31 86 -66 -2 42 2 2 -18 22 -67 43 55 -19 -29 96 -65 12 79 38 -36 -26 71 -52 -32 14 83 60 100 82 3 88 28 37 14 65 -12 22 -9 -32 -59 88 -72 -45 -5 -46 -6 -4 63 -88 -94 -43 48 -14 37 -41 -87 65 -50 54 68 -35 -18 76 -66 -63 -94 66 -62 -50 52 58 -64 58 56 83 -77 -58 -45 70 86 4 -8 2 -24 35 10 1 91 -64 83 -8 -30 -69 -87 -96 -43 5 -82 85 -61 23 17 46 11 -63 -3 31 -66 63 -11 28 -25 15 -36 -2 -28 -21 4 85 -86 -13 90 -21 71 -94 98 34 16 -65 -54 -22 -29 32 69 25 -46 -63 -18 -90 -48 73 -26 -18 -5 51 65 87 -23 -68 77 -6 -16 -92 90 -17 -19 34 -89 72 -42 -93 -2 87 5 -46 -8 -32 -54 -91 -26 33 -31 -96 -73 72 10 15 -85 65 -85 37 64 -25 -90 -41 45 39 0 -93 13 86 97 -84 52 -73 -28 -100 51 -62 -40 93 -82 65 24 95 66 27 -68 38 -84 7 -75 56 9 51 -89 55 -99 4 -73 23 -34 17 -81 82 57 -81 -69 27 -86 -74 32 94 -5 -82 1 82 18 -19 10 24 -21 64 81 8 17 -90 12 -88 -31 82 -99 11 -79 -96 27 -22 59 -16 -80 79 62 -47 -96 -75 -20 86 98 76 -70 26 4 55 86 -42 -70 60 -65 -68 -87 15 84 -28 0 -36 -5 -21 25 -56 35 -75 74 50 -59 38 -11 46 27 -65 1 99 -92 -14 59 -76 -10 -13 -29 7 33 -11 54 -18 71 92 12 -19 51 -15 -17 27 66 69 89 -41 67 66 31 58 22 74 16 -2 -2 25 88 -15 17 -99 84 36 89 -49 -21 -81 -92 -95
23 48 -66 48 -31 52 -43 3 97 100 -84 -9 24 -67 -70 -87 -80 -80 54 22 -97 50 7 -27 58 66 21 -75 72 2 78 35 54 90 54 -38 -30 65 45 -22 -26 -22 57 9 -9 82 -62 37 -58 -72 -44 -54 -97 90 90 -67 -18 62 -6 65 -99 53 82 66 -87 88 -96 27 10 -16 -89 96 -53 35 -94 -48 43 -56 86 -70 72 64 -65 -74 19 -65 86 22 -41 -15 10 -4 13 48 40 -42 31 60 56 5 29 51 -75 25 44 -68 55 79 13 78 -61 -53 47 -72 98 -20 51 2 41 -95 -75 -59 -20 -9 -69 12 63 -89 2 -27 2 -65 35 -18 -68 -81 -89 53 -80 4 -57 -38 62 -34 55 60 36 -83 73 -91 -60 71 -63 -9 48 -38 48 -28 18 -77 0 -91 61 90 97 -86 4 -45 -42 100 87 97 -6 -97 75 -61 9 -69 88 -23 -26 -73 53 -85 -86 -16 9 33 -4 81 98 77 -48 71 -89 91 38 -40 41 69 -88 88 42 50 13 -99 -64 -96 -18 71 91 58 -92 33 9 -56 6 -48 -84 -78 -30 -7 100 68 77 -74 -85 -31 -16 -71 12 -50 -53 92 -19 -27 52 98 17 -94 -11 74 -35 -56 18 60 -42 -15 50 -36 -4 -11 -89 -33 48 62 100 44 -34 9 9 -65 -82 -19 -16 88 -89 -43 -80 -72 82 11 64 -38 -36 44 7 58 43 6 70 -56 -19 71 51 -86 34 56 -76 -69 -58 34 2 64 52 2 63 86 -36 62 -29 84 -22 81 -12 61 -14 45 94 -52 -86 43 6 94 28 -20 7 -21 -94 -1 91 21 -60 40 2 80 98 53 -20 -64 49 -25 -77 89 84 37 -38 -38 98 -97 -95 60 -92 74 -26 -60 71 -72 -92 -57 -83 77 41 91 -40 29 -81 24 79 54 37 -51 -79 90 8 99 17 78 -15 42 46 45 -35 55 54 73 -70 92 44 3 99 -95 41 68 24 -20 -7 55 66 -15 31 -95 -28 81 70 -70 -96 -37 -5 16 -14 32 91 -16 51 -60 -97 -10 -77 33 -21 -47 -12 94 -6 35 -63 -92 61 -49 82 -35 -70 -80 80 90 -47 59 75 64 -49 79 21 -12 23 -48 -83 -75 32 -91 81 83 -91 40 5 -51 25 8 75 55 -20 73 85 39 -27 86 96 -67 -39 38 15 -50 59 53 -25 -31 -16 13 -92 67 -25 36 -2 9 31 -70 82 40 -28 71 16 96 18 26 -16 9 -59 40 12 98 20 -10 -8 -97 -32 85 -99 19 -39 -85
69 65 -12 10 58 -75 22 -17 48 -34 -81 85 -14 5 68 -91 -93 -28 -80 -33 61 27 75 -61 41 -64 7 86 66 -54 -36 32 -28 45 -65 10 98 -5 -69 -96 34 28 -72 -91 -7 66 -76 35 -19 71 31 9 52 -31 66 16 39 80 80 36 -69 36 -3 44 -89 -36 -62 -82 -98 -31 5 26 -77 -93 35 -63 -51 20 28 -87 -26 -45 -73 6 -80 51 15 62 -6 48 -57 73 -7 6 -49 -20 71 86 85 42 64 6 42 6 3 13 12 -67 -37 -71 -12 -10 6 -76 -25 -48 82 16 98 -88 24 33 -72 -12 -70 80 94 -1 -64 -37 10 12 -30 36 15 -87 -40 12 2 -70 0 -85 42 13 73 73 -33 -61 11 -98 42 2 37 -78 -2 -12 55 -18 -18 38 -76 99 20 -82 -81 -92 90 -59 -50 -53 -91 33 -69 79 -14 -79 31 9 77 79 -88 -27 45 -30 22 34 25 35 2 32 -100 -93 -53 -1 14 -11 30 2 -21 27 44 99 23 -72 73 -25 80 16 -3 -77 -40 -76 57 -60 -26 98 21 -86 -1 -57 92 92 78 3 8 -96 62 -73 13 91 19 -73 0 -27 -48 31 -3 -2 -46 28 71 21 55 -53 84 11 -19 -57 -35 75 55 73 -96 -55 82 3 -26 38 -23 23 -37 32 84 -75 -38 55 12 43 61 -68 30 -17 -80 -34 -67 -4 73 -1 57 58 -83 -26 53 -8 -59 68 16 52 74 -6 -59 52 -83 25 8 95 62 -90 40 77 -99 96 97 -39 12 -28 45 72 -57 -35 63 -65 74 27 -24 79 16 62 -73 -18 58 -29 -76 -5 -6 -38 47 -56 91 8 80 27 -36 8 -87 -21 69 -88 -35 21 -1 61 -12 18 -66 -12 81 4 -46 3 91 25 38 -34 -96 -40 -82 -100 60 85 88 -63 -97 -9 56 -55 92 -72 70 -47 73 91 8 -20 -52 -1 14 70 6 72 83 51 -78 69 18 -48 21 -21 -59 -3 -63 -21 -71 -57 -22 -99 14 87 89 -77 56 -42 13 46 55 28 64 13 44 -60 -18 -13 1 96 6 -15 -3 -86 -63 74 -5 36 56 12 -46 -23 -81 -37 -32 78 83 91 26 82 65 -46 84 70 86 89 48 92 -51 4 -80 69 25 -64 81 52 32 -53 -94 59 -99 47 40 51 78 34 -58 46 1 -78 -48 68 -5 -51 3 25 35 68 94 -2 -84 -63 51 -36 -71 -98 35 75 66 -27 16 4 6 52 78 26 86 -85 -47 -25 40 -44 11 -48 13 -44
6 23 -31 6 -70 37 -2 -92 19 83 -73 -20 -60 -25 4 56 -90 -70 66 -73 -44 78 3 73 -31 -64 7 61 95 12 -26 4 27 64 -35 6 -85 -69 47 -68 -53 92 -6 -85 11 -83 28 -62 -17 -82 -38 -95 61 -16 -100 89 -6 -40 25 3 46 -77 95 -47 -74 30 -94 -96 25 -34 36 4 -33 -32 4 42 -18 16 -18 25 54 -29 29 11 -42 7 -33 12 -34 -21 48 -3 -99 96 -14 90 -1 -57 40 2 26 -98 -21 38 -83 -35 -88 -38 -66 33 70 -14 -44 0 15 -39 -56 70 77 -30 77 26 -61 18 -16 -66 49 -7 -36 -22 83 -75 89 -97 80 -56 -95 8 56 -36 -30 -90 -12 -67 64 -19 -47 -75 19 5 76 44 17 35 -15 -74 66 100 -3 7 -12 73 -36 52 -15 44 -32 61 -32 -67 -18 74 -68 -82 60 0 95 -28 1 83 -88 29 -67 -43 94 51 -67 88 86 -7 -14 37 -99 20 41 -100 -49 34 -20 16 38 43 0 -49 -17 -74 -75 -12 -27 -64 -79 -44 -17 24 19 67 98 36 -13 100 -48 6 46 -7 -86 51 51 -5 91 -1 -29 -17 89 13 2 -19 2 27 -41 83 36 -72 40 12 77 0 56 99 37 -71 31 15 -48 -51 72 -9 -62 -12 -57 -98 -70 55 -26 -76 23 12 -74 -50 -89 23 -16 58 -15 -58 34 77 49 -24 -26 -84 98 43 38 19 -97 -4 -53 92 35 94 -48 19 -97 -76 -41 -58 -95 46 -43 28 61 94 -33 71 -48 -26 48 -36 95 -5 18 -17 -85 -52 -89 -63 -86 65 0 22 -95 71 -4 -66 57 42 15 -94 40 84 48 13 -75 -23 22 46 -91 -25 -53 55 -12 22 42 23 31 -66 46 31 -63 -32 95 -89 45 82 69 63 39 70 -96 3 78 4 -25 79 -94 37 -69 93 -68 19 31 93 -48 94 57 29 -38 19 1 23 84 41 44 -3 44 -80 30 -92 12 -50 68 27 -6 -26 -94 -7 -6 -97 84 39 -39 19 -18 4 28 -98 16 38 41 -37 30 -31 -15 -65 -21 -43 22 -67 -40 -13 88 86 -89 61 -44 32 73 47 -6 -3 -17 47 -99 -52 87 -72 6 10 25 -99 15 43 -59 68 94 -32 -25 80 80 -51 -32 14 80 35 -79 -37 62 -57 17 1 23 43 -74 -93 -83 89 -24 91 88 16 83 -71 20 42 15 -43 -95 22 38 -8 -8 -29 77 -90 -31 30 -65 95 -85 9 26 -42 86 9 7 -89 45 -3 44 8
67 5 -58 -15 12 24 -42 -28 -84 -96 -8 -50 -52 -16 -86 98 -60 19 15 9 -20 -29 20 -1 35 5 -12 84 -38 -68 7 -20 20 69 -86 76 99 9 58 67 -81 -71 -26 78 -89 2 -41 98 -76 49 -93 -35 -72 -55 -32 -93 -77 -67 58 71 -80 4 8 65 30 -31 -37 -79 -94 -42 -59 -84 77 39 -71 -86 -98 17 -43 59 -21 -64 60 13 -71 -25 8 -39 -83 -95 75 0 18 10 42 -98 -97 28 -30 -17 81 -46 46 4 -82 -34 -31 -30 79 -31 92 85 85 24 92 32 91 -80 -47 -61 -38 26 -83 10 15 67 -8 50 19 6 -27 64 -72 32 10 92 54 -42 46 81 44 79 -17 -9 -16 92 12 -29 -96 62 86 22 -64 9 -77 -10 91 -60 97 41 90 -8 16 77 -16 -39 97 -86 92 43 -15 1 -77 21 51 90 86 -20 -85 63 -65 -54 -36 -48 -63 80 -19 -4 63 33 55 59 -100 -94 -99 -100 -69 -73 18 -71 -5 58 -85 100 -89 -82 80 -22 -21 -100 -22 81 18 -91 -98 -34 -73 -81 -4 65 19 42 92 25 20 71 50 98 19 30 -26 -19 99 -87 49 54 74 98 63 91 42 -38 26 94 62 -2 19 32 -9 -23 15 -18 -82 -60 -7 48 17 25 -61 -16 92 -10 -88 -79 85 -84 66 -97 -70 -43 100 8 -12 -29 -2 22 86 -46 -39 -44 100 29 10 -12 84 9 -51 35 -58 -78 -78 -99 -11 21 -24 -29 -10 -43 -17 -75 33 100 -85 88 -10 66 76 9 -70 68 -84 -32 -99 63 -22 -40 51 43 5 -100 71 -83 13 9 -2 -91 -88 2 -29 56 -92 0 -93 -36 32 -50 19 -45 36 -72 -34 83 29 99 85 -40 -77 76 51 80 -67 14 58 85 64 -78 4 34 -73 -83 -1 -15 -36 100 2 75 86 -70 -87 -98 75 22 -58 -48 93 -73 17 53 -53 35 42 87 -38 80 4 4 -67 100 69 -19 54 5 56 59 52 -1 71 -5 14 -44 49 -71 -17 -25 81 -97 -66 98 -83 -47 41 18 -90 -25 -62 24 -88 26 70 -65 48 -3 94 21 42 98 7 74 7 88 -71 100 -36 -4 49 55 -69 -21 -91 -25 -28 -65 -5 -93 -93 -2 75 -15 73 -4 -52 -49 95 -11 49 100 38 -53 66 -26 -67 -10 -4 60 -6 -82 36 -4 52 -11 -74 83 30 87 62 -78 76 92 -75 94 -22 -34 -81 -79 -66 -90 -99 7 -65 -9 -86 26 -9 53 -8 -49 63 62 17 -87
-27 -83 81 -27 64 -23 55 -64 43 -95 64 4 -27 -17 88 -81 21 -35 29 -32 73 27 -20 11 -40 40 -20 -61 -37 65 -3 41 87 -33 34 64 -19 -15 20 -46 3 40 -26 -94 87 80 -54 78 -55 96 -68 -18 19 68 -8 -37 50 -7 -64 0 90 -94 -74 66 90 -50 60 -8 34 -79 1 -26 -68 18 -45 -42 49 94 -15 -57 -50 -7 36 -30 84 -53 19 -60 11 69 -81 -90 13 -54 79 -68 12 -5 68 42 -2 15 -46 -9 51 -13 -94 20 12 -53 67 -47 75 55 97 80 71 18 59 -31 50 45 -95 49 -67 -50 11 90 63 -70 -73 -82 51 -96 49 -45 48 -52 89 91 -39 -15 -39 10 48 41 87 -68 -15 2 -59 17 95 44 44 -97 40 85 -56 45 83 -56 2 46 39 70 -56 -12 -29 -14 -44 10 0 45 31 33 -86 22 -41 -2 64 -49 -16 -52 14 6 -94 -49 56 -87 -100 100 100 56 1 -77 -27 -60 79 18 0 -10 8 27 80 57 -94 39 79 4 71 -1 -98 -17 96 -79 24 -89 99 -18 65 -55 -32 -87 9 -57 -5 -25 -72 15 -27 -25 -31 64 -82 32 -35 -28 -12 41 -19 79 -69 78 71 -61 -85 87 -87 -8 -17 -1 17 -96 -27 97 19 20 -63 98 -67 -31 -1 30 -27 -9 96 -29 -99 24 -48 -63 -44 -88 -83 20 -92 -12 -62 46 -64 -68 64 44 -5 98 -42 97 -86 55 43 89 -67 37 -75 -59 12 72 72 -16 -31 8 -82 -62 9 -35 25 -52 51 89 99 42 -12 55 -1 43 64 -69 -12 -70 86 24 54 -8 2 93 -95 -74 -85 -36 -85 77 69 -72 79 -6 90 65 54 -82 85 -64 80 -75 -36 -7 36 98 -37 -57 -26 88 86 -84 -52 94 -57 -57 18 76 -94 -30 1 -9 13 -85 -72 62 26 59 74 -80 73 -66 -48 80 -35 57 -57 -48 -93 -15 98 -16 -51 -19 -84 13 55 -33 -62 -15 -2 61 -16 15 98 -74 -12 97 -11 33 60 -18 13 11 -76 -75 -67 25 -31 -3 -66 26 -56 27 -96 2 72 -99 -20 -97 17 23 -78 13 21 71 -92 -78 -42 86 -79 -67 -9 -71 86 -100 8 -6 -66 11 23 -82 45 0 57 41 -34 100 -60 -51 94 -59 -20 -27 89 74 -60 28 -34 -63 19 92 -65 26 32 -4 -33 39 6 -74 76 42 9 -45 -5 -85 88 -79 -99 25 -98 -27 16 31 53 39 -7 -81 10 -11 5 97 -23 80 1 81 99 45
30 11 -39 56 95 37 -88 2 -64 15 -37 -20 85 13 -92 72 92 11 29 -93 -8 34 60 -78 44 89 -7 -28 -100 -52 54 93 1 36 -84 -9 89 40 91 -68 59 80 84 -64 19 14 -90 57 42 -38 52 68 -4 7 -2 17 -30 36 -55 -56 -40 -20 -85 43 50 92 -8 36 62 -83 -3 -8 -8 11 -12 -99 77 -42 -54 59 -10 -54 50 1 54 -27 73 20 -36 62 25 23 -41 69 67 -61 8 -99 -30 -45 -30 -14 -15 10 -96 -87 39 -77 -17 74 -21 -38 -7 54 17 -94 22 22 -69 22 9 -77 74 -34 -94 39 -11 -63 100 18 85 89 23 76 62 -70 65 -40 -98 27 14 27 -21 87 -28 12 44 39 -43 -44 -76 -80 -2 -16 95 -13 -11 -74 -79 56 -44 -43 -23 -29 58 73 -38 -9 -27 32 56 26 -90 -1 9 59 58 40 21 94 22 93 34 45 -26 -12 89 63 87 -25 81 90 3 26 30 89 3 59 81 41 -51 -56 -49 -47 -54 -38 94 50 -20 -22 -33 77 91 1 75 59 -91 18 63 -62 96 66 13 95 -30 91 -60 -95 44 -20 -23 58 60 85 62 84 -64 98 -76 92 -20 -31 31 -16 -97 84 -68 57 -97 85 54 52 -51 76 -86 3 -11 -98 -78 -16 -66 -49 -94 -11 -10 -37 59 -85 -50 32 -28 -85 -58 39 -80 -25 -61 92 -34 -79 -6 -14 -97 16 1 43 -31 31 -25 -69 65 29 61 -44 22 -85 20 88 -8 13 29 -15 -79 76 -60 91 -69 82 69 95 -64 1 93 -87 -41 39 99 -97 85 -38 -28 72 60 13 27 -37 20 -51 34 -70 -43 -36 -33 58 -72 29 39 -41 -9 94 -58 -12 -76 -8 -35 -82 83 -21 -72 25 -82 -53 27 83 -69 -23 25 -93 59 79 -25 -60 -74 -41 90 -42 -35 -21 95 -3 6 26 -10 49 70 36 16 -58 59 -5 -36 38 -25 -23 17 -60 -55 -1 -94 54 -94 -46 -53 -89 32 7 -71 -71 79 42 -91 -88 -92 67 -60 -76 -84 61 57 50 -66 96 -9 65 19 -74 24 54 -16 30 16 16 -9 -76 80 7 10 -31 -59 -48 36 98 -64 10 32 -59 9 -89 19 -10 -74 89 69 -34 -44 58 24 10 -82 75 -95 -56 24 27 -72 88 99 -19 12 79 54 92 65 -50 -49 37 61 60 99 -12 -53 -76 -60 16 -67 57 -96 -93 50 30 -85 87 58 65 77 45 74 49 64 -46 66 96 -33 -61 -75 86 -63 -53 -47 85
-8 -28 -94 -19 26 -94 57 95 -93 40 54 -47 86 25 -81 59 44 -4 20 99 -42 -17 -82 69 -41 77 -64 22 -70 -88 47 -81 56 20 -55 -74 56 0 -100 -42 -14 -96 46 79 22 23 -6 -49 -14 -11 76 95 60 56 -60 87 -6 36 27 32 -58 -57 6 58 -37 -13 70 -69 -36 10 -69 71 4 8 97 -16 80 17 -74 -61 33 43 55 -84 68 73 64 -8 33 -94 -39 -87 81 -81 72 23 89 67 -53 -60 -3 5 -33 55 41 -32 -37 70 -5 -16 26 63 -74 -61 38 -95 -24 -59 -64 71 -68 -31 29 -73 5 15 -82 47 -8 -28 57 -9 -88 20 93 -43 81 44 -72 -66 35 -46 62 77 8 92 -8 61 -78 72 55 74 -43 52 68 -84 -24 -11 85 21 86 95 -15 3 30 -90 -80 -49 -2 -91 -97 -60 -80 -8 69 44 14 73 18 -4 -23 26 22 -79 -19 -22 -71 -57 65 52 99 41 74 10 -7 -67 -14 59 64 -54 74 -52 -88 -73 -48 62 -27 97 -51 28 -50 91 -31 -55 -24 -19 86 -20 -54 15 7 61 94 -45 50 -89 72 40 78 -20 77 96 -23 11 71 100 31 -24 64 81 -96 -100 -6 38 -20 68 78 -4 49 -82 0 20 40 -24 87 -57 13 -4 -43 96 76 -23 94 12 2 -39 -99 65 27 -95 5 18 -39 94 -3 -75 -57 -99 -43 76 81 -86 13 -52 -33 -75 25 -5 -61 -17 7 -40 71 -15 27 39 71 61 -10 34 5 16 29 77 -23 34 -8 -70 24 3 -77 -31 44 26 -96 -41 -68 26 81 77 -75 -97 26 -24 -71 -89 -28 -78 -17 -41 88 -90 54 19 90 100 -58 41 -33 60 -87 26 -52 63 -85 25 38 -15 83 -48 -31 -11 51 86 -80 58 -85 45 50 59 -53 -29 89 -70 -21 -52 -21 -24 -4 36 60 -77 -80 41 -67 2 -71 41 88 -25 -100 -15 49 -90 83 -13 -89 0 -26 -36 -74 0 -70 -9 25 48 59 24 16 69 -11 54 97 60 -46 14 49 15 21 26 -93 45 -93 76 51 32 90 79 -5 55 -35 35 -69 84 -91 79 -71 94 4 37 47 -84 21 73 -98 -96 -97 -83 88 1 24 5 -15 -41 -52 14 66 4 -44 95 64 -70 -86 -11 84 -83 -89 -36 -48 2 -66 -57 33 -15 -76 18 -13 45 86 45 -38 -10 1 54 -3 -63 -52 -44 -9 -87 39 -23 98 -15 -70 91 -57 -33 -56 60 97 -58 -58 32 49 -65 75 -4 43 20
-86 3 86 -55 81 -30 -11 49 -95 -1 -100 -8 -84 22 -38 -63 13 22 -59 70 -64 100 63 -62 35 -99 77 -82 -29 81 19 -79 -19 100 51 71 -47 -11 100 -4 35 38 -6 -36 62 -100 12 -71 -94 -71 -63 -6 5 -74 -18 -64 69 -4 67 12 -18 57 64 -61 -64 -6 -67 -52 -19 -33 53 11 -36 -72 36 -71 48 -53 18 49 -33 -17 74 52 -40 75 52 42 -80 88 -94 34 -21 -81 -11 49 28 27 -74 -8 27 37 -70 26 -12 -20 47 86 79 54 -43 -13 36 62 42 19 26 -86 -97 -82 -40 -91 35 45 -96 -79 15 -14 -70 -64 -57 4 -40 57 100 83 -76 -76 47 -18 -52 -80 -65 53 -30 -27 90 86 31 -8 76 99 37 60 -87 -10 5 81 5 0 -7 7 72 56 -63 88 -16 -17 -70 19 -76 -51 5 -1 1 -10 -16 31 75 -40 -48 -19 49 -64 61 -88 7 88 -96 23 93 -26 -97 -51 -86 66 -64 54 39 -30 89 21 97 -44 -31 -64 83 58 -51 -45 -65 91 -10 -46 88 10 11 88 -34 -67 51 36 12 -18 -83 -49 -75 -35 -26 33 85 -6 -5 97 -60 -30 -46 -9 -10 46 -62 -3 -80 -41 75 -78 30 -7 -64 -84 52 53 -15 78 81 33 -100 -3 -17 -14 -50 9 -24 68 -23 -17 89 51 66 12 -52 -36 19 35 10 47 40 60 60 87 61 5 13 -14 -75 28 65 23 90 -14 31 -97 29 57 -79 -22 12 -92 73 0 -73 -55 -10 10 -78 26 27 15 69 88 88 11 -84 99 -34 82 -19 -46 57 53 -42 80 -99 13 6 6 63 -57 -46 2 77 -17 54 96 -71 53 -73 1 3 -86 72 82 10 -6 4 -83 -68 -39 -14 -62 -83 2 -94 -35 -90 -7 -28 28 -31 -64 -55 33 77 96 -2 58 43 -12 -7 41 -48 -53 48 -44 11 -15 3 -59 28 -1 36 35 -18 46 -93 77 65 24 73 -82 -78 -45 17 -33 18 30 83 53 85 53 21 57 36 66 92 90 35 -47 77 93 -86 -32 -87 -11 -72 58 69 89 -28 1 9 -38 85 11 74 -78 -90 65 -68 -80 -41 23 74 100 -56 -18 93 6 65 51 -99 -25 -35 13 -48 -66 2 -38 -98 -21 81 83 -87 7 -39 -82 -35 -100 86 -47 -92 -13 -21 31 30 -54 14 -34 100 -26 -29 94 -22 -61 69 -52 -34 -17 30 26 -82 7 -74 23 68 -72 -74 63 -89 -77 0 -48 -25 34 67 -67 41 38 4 -97
61 94 17 50 -54 -50 -40 -89 82 71 2 -59 8 -21 92 63 -9 -48 -82 43 7 -96 -86 -77 14 39 -63 -71 -34 -60 -19 9 96 15 26 -73 13 -31 95 -24 -64 -95 -86 -77 68 -98 22 -96 -27 30 7 -59 88 -36 -77 -15 -43 26 -50 -52 -3 75 -8 -10 74 -17 15 97 -30 -44 -35 -63 65 8 65 19 47 -75 46 -46 65 75 -74 98 -17 -59 51 18 -90 -48 38 -62 17 -42 26 -33 26 -100 -21 59 -30 -5 -99 11 86 19 25 24 -46 -50 -14 21 -46 97 -66 62 -2 42 88 28 15 79 -67 99 90 66 3 -8 -42 -91 74 -90 -46 -79 -45 -30 -92 -8 41 7 36 -35 -59 -43 -10 -35 -70 83 84 6 -28 86 -72 -12 -80 -46 13 -5 -3 85 -83 95 94 21 3 8 -5 64 46 -12 -74 -9 -64 42 75 56 26 -60 -98 97 -21 87 3 -89 -62 58 -69 -21 -67 57 32 8 -87 79 -57 -18 33 88 -35 60 -64 -96 18 14 -93 -34 -70 -70 -46 -33 55 -53 -8 -4 54 -37 -39 96 -25 -73 54 -14 -23 91 -67 -6 -50 -42 94 -14 14 -40 -51 -77 77 -62 12 2 24 -44 -85 67 -59 90 95 51 9 -64 76 -1 64 55 -47 -68 -17 -43 42 -100 48 -86 -12 69 6 6 -57 97 -75 77 -38 -88 87 30 -94 -25 -93 60 -94 -42 -27 68 96 63 -95 98 1 79 -77 35 -2 -41 -3 -11 -99 11 61 30 74 46 70 -59 -80 92 -33 -22 83 -50 -90 -73 23 54 -17 17 -60 -40 3 -47 -60 -51 93 37 -37 24 72 -90 -17 -57 -66 69 48 29 -91 -74 81 5 -56 60 96 -42 -60 88 6 -85 -71 35 -72 -67 -2 0 8 66 85 10 -19 22 -71 -100 84 -47 -80 -72 77 49 85 -22 -35 16 98 -83 -40 -64 94 71 -30 2 67 -43 -27 -25 -14 -73 40 -57 82 -24 59 56 -36 71 -8 -29 -60 -22 -54 -84 100 53 13 49 15 -81 -95 -1 -89 4 -26 -71 -31 6 -65 -84 59 -73 -54 -75 17 -25 85 -55 -37 -78 91 24 -72 -27 -44 -19 4 -34 78 70 80 42 -36 49 27 -95 -52 80 61 -44 29 11 -32 -7 -17 -36 -71 -75 -9 82 66 67 -74 -47 59 1 -79 -58 -62 -51 70 -22 -20 -30 30 77 77 -94 -88 44 16 -64 -42 -4 52 -15 -28 60 -15 23 -42 57 -77 40 42 -58 91 -70 72 40 -92 -71 -96 -19 30 79 -44 -42 -21 -68
-70 -92 62 88 -89 -85 -20 80 -24 -17 52 -9 -79 84 -28 44 57 7 -61 64 -77 -69 88 83 31 98 85 -13 -46 -42 36 10 30 -99 -30 41 31 97 63 28 81 54 -34 -14 13 99 82 -90 98 -7 45 99 -97 -96 -63 90 -60 -10 68 47 80 50 -9 66 -58 62 73 11 -34 -95 -81 -48 50 68 -59 -15 -89 -41 -87 6 57 77 71 3 68 64 39 -77 -78 -41 -98 34 76 -9 24 30 10 62 95 -76 78 -47 -89 -12 68 66 32 74 -82 -61 71 -38 -91 46 -23 85 -53 31 -24 20 -41 -14 23 96 -22 23 2 -85 14 28 26 72 -1 51 -69 21 -16 -28 12 68 56 -82 -91 28 -15 -61 74 8 -15 75 63 -89 -90 -19 39 -8 38 37 98 -39 -22 64 -55 39 49 -73 -52 8 26 -64 13 22 44 68 63 -86 -60 -41 4 76 -67 -40 -20 77 43 98 63 -86 32 -77 -76 -54 62 74 80 -51 14 57 84 30 91 -54 42 -52 -77 33 21 -41 64 60 -13 22 -45 53 -2 -87 -51 -11 -10 -55 90 18 1 24 -38 82 64 10 25 -76 -5 100 -27 78 52 -73 44 -46 66 -56 -31 -61 -75 -77 99 81 -69 7 -53 -36 -43 -92 44 -60 -78 64 -72 30 -50 66 59 81 46 42 26 63 -16 29 50 42 29 19 28 -72 52 77 36 -54 41 -46 -79 -64 70 -71 -53 74 -14 -63 20 -55 -90 -17 -8 -2 -98 -34 65 -32 74 -98 -8 -87 -66 39 32 -26 -37 85 76 85 -24 87 -44 22 -81 8 -4 -7 -57 86 3 0 64 64 19 -53 62 -86 -13 -78 99 98 -24 -14 34 -2 -46 -37 -10 -66 21 9 12 86 20 33 94 -32 -56 -39 99 -47 0 -79 35 75 94 59 -11 35 43 42 10 2 -86 -56 15 95 84 -75 97 -97 -77 -70 -22 11 -82 -33 -93 -64 -92 -31 67 -19 93 -49 -51 -68 -10 83 -66 58 -83 71 38 -86 60 -86 -43 -69 15 -93 -55 53 -27 -91 -72 -80 74 73 72 -78 -11 72 76 11 -93 -83 -49 -17 -80 -38 -36 27 93 -42 -1 -78 95 89 -13 -85 26 -82 40 -64 74 -41 -5 78 -58 18 65 -81 -20 3 -13 71 -8 -89 13 100 -73 24 35 51 21 97 -64 -24 -42 -59 63 -18 -11 34 52 -76 -55 81 -80 -80 69 -63 -86 -25 -29 1 -88 21 -58 -31 1 2 -4 21 18 86 99 -79 -31 26 86 81 59 -94 -14 -91 89 -16
52 97 84 -29 -4 -78 -55 74 31 75 55 33 42 -50 -6 54 47 99 14 18 14 -34 -30 19 58 -80 -33 -67 -77 56 74 0 14 81 -92 97 8 24 43 -50 7 -68 94 -38 -54 30 -100 -79 -16 -5 4 63 -97 -71 12 16 -1 48 87 -58 -88 99 3 -29 59 14 32 -50 60 4 51 26 17 -84 -58 83 34 83 35 -65 35 67 19 32 -37 -40 -81 72 -88 -30 78 66 81 63 27 -92 -1 -49 77 6 95 56 -60 -18 -80 7 96 79 -71 -71 -20 98 -31 -38 69 -84 -70 32 -87 -39 -19 17 56 67 73 87 -30 -6 76 -73 98 74 -58 -80 4 0 -47 33 64 -53 -86 -6 16 51 -16 -34 -16 22 33 -62 92 91 87 51 47 -89 -4 -18 -26 78 12 12 12 81 -46 -78 62 95 69 84 -31 -24 -42 16 -59 1 -6 20 39 100 -11 19 53 -41 -99 56 -30 62 73 4 54 -14 30 88 -52 7 22 -35 -8 79 44 63 -97 54 55 -5 -46 -39 10 63 -75 50 -75 -53 -13 -97 22 -41 -63 -54 -43 12 -60 15 35 40 20 46 -56 58 76 90 29 90 75 -90 82 -84 65 -60 -9 -75 79 13 -58 62 -60 16 -58 24 -52 30 37 -88 -48 -60 -1 32 70 -8 -84 -76 94 75 -53 -40 -17 -46 -15 -60 13 -69 83 -51 -56 31 45 -94 96 -73 -97 39 51 14 5 76 41 -15 -53 -48 -27 -63 -90 17 65 13 -7 -32 -44 61 -84 -48 -65 -16 -75 78 39 60 25 93 41 89 -25 72 57 29 19 83 15 72 -86 73 -22 -14 -21 44 -43 48 78 1 21 -14 69 -48 -63 -70 -27 7 44 44 -17 -2 -65 19 8 -80 50 -9 45 -90 -50 69 -38 -40 62 32 33 -21 -15 -38 -67 -34 -96 -81 -38 -39 67 11 -84 -88 49 -99 -94 -21 -43 1 -45 -49 -85 71 -5 72 21 -86 -33 37 -94 -8 13 75 93 19 -47 -66 -60 -4 51 -68 6 -3 -28 -74 -40 17 60 -45 -77 75 -30 54 -2 62 88 -60 80 -61 24 -80 -80 67 18 -15 -66 -1 58 18 15 -10 88 85 -9 94 -24 64 -15 -89 -35 62 -91 69 28 100 -88 -21 -66 -6 5 -47 -65 68 37 -59 48 -85 -38 80 -21 -14 8 -32 -56 26 78 67 -58 -89 -92 -68 -10 30 18 -45 92 72 -80 35 86 91 -61 -38 79 -65 -32 -56 33 52 -59 -17 -79 36 -43 70 9 -16 -69 48 63 -47 -30 70
29 6 -57 -55 25 -29 -8 -82 82 64 -44 38 29 46 21 -80 -60 33 49 58 -60 64 35 -31 -1 55 59 -56 13 45 72 -28 64 -28 -53 91 -40 91 -89 24 47 -95 -25 25 7 32 96 34 69 21 36 48 -22 -23 -73 80 -21 34 5 -84 7 -23 -40 -76 2 97 0 -93 91 36 38 -48 88 77 -65 -42 35 -29 19 -50 82 95 6 -83 -16 -16 -51 -43 64 -63 -89 76 2 3 -23 -34 -1 87 59 -16 -81 -35 18 60 56 29 19 -43 -1 -98 -31 -90 5 -58 -46 88 71 -62 -83 -92 -28 15 -94 70 67 44 54 -52 -72 -24 -84 60 -45 -31 -25 -30 40 17 -54 -46 73 -98 -73 -33 -42 44 -8 -3 -85 -79 -25 -78 72 19 51 -69 60 28 62 61 16 42 -84 70 -24 -76 64 -90 -43 40 -16 10 -30 6 -59 85 61 -19 50 -4 100 92 44 -84 92 -87 -47 -32 -53 -47 -87 32 78 -50 68 89 61 38 40 -20 62 -59 100 -54 -52 11 -50 -92 -93 -36 -21 -10 52 29 -82 -30 63 -1 93 -75 19 3 44 -23 47 -96 30 98 51 95 21 -83 -89 -7 41 32 -27 -18 88 -94 -53 3 34 -55 19 42 20 -87 -18 89 39 -30 59 48 -44 -22 -5 -30 -57 -80 -44 -22 -56 -76 20 -77 -1 -90 25 -25 -19 -96 31 63 28 83 61 47 73 -46 -25 -13 64 53 -97 51 -98 51 66 84 -92 -13 23 -75 32 -57 53 69 -16 30 -74 -99 15 -63 71 78 19 -16 -12 58 -6 57 9 95 -89 81 -43 51 -19 -47 64 13 -81 1 20 -4 -48 85 -13 -64 -12 -81 56 5 -52 57 37 100 -55 -56 24 46 -76 54 85 -41 -8 97 -38 21 -20 50 78 33 80 -38 -18 -30 17 -16 -47 -10 -90 50 58 -49 -21 -31 30 38 -45 -7 42 0 -40 -96 -34 82 51 54 72 65 -23 43 -48 -53 -3 1 -66 78 -87 23 -90 43 70 -33 11 58 11 80 45 -89 94 -3 -60 -48 -59 10 71 39 -38 93 -99 11 -10 73 -52 -69 -5 -19 -11 -35 -51 -87 -9 -40 5 -20 -7 54 -59 -50 -10 70 -70 54 -16 -74 -71 -40 95 -65 -22 15 46 77 -7 65 -37 -41 -35 69 -75 13 0 -70 -95 -78 32 -72 12 -15 -48 -30 100 -8 -38 -86 -31 -29 -71 97 -45 22 -16 15 -45 10 -41 -71 -96 53 78 -77 -27 -47 62 13 -68 -14 51 -83 -70 98 78 28 60 28 -59 -15
-75 -14 -95 -97 13 -31 -29 -97 -12 -14 57 91 28 24 82 -81 17 -57 -11 62 -13 -73 -95 -55 -24 15 82 42 -88 85 40 90 62 -79 6 78 63 21 42 -50 -80 88 52 -64 16 -72 -55 -98 -65 -87 17 -44 -43 23 -49 21 -12 -89 5 62 -51 69 -98 -89 68 -72 -43 -26 46 -10 -61 -64 -19 82 19 40 -68 99 -93 -28 -36 2 -72 84 -90 -19 100 61 -77 -25 -44 -41 -40 -60 3 94 -64 -76 -13 -28 -60 -20 69 1 70 -76 73 85 -83 19 28 -10 71 3 96 -21 -54 -15 42 90 -15 -24 -67 -31 -50 -13 1 29 6 42 -80 9 39 35 -19 72 100 -79 -98 -59 -7 99 -94 28 91 43 18 89 -87 35 -13 -67 -25 0 -93 86 -62 26 -79 47 30 -73 -4 75 20 -35 78 -8 -15 62 3 84 -52 33 53 -30 -86 -75 85 -22 59 75 -86 7 17 100 -26 60 -16 -27 71 -97 -78 -77 95 91 -28 20 -6 59 -87 95 18 -40 -1 -74 -67 37 -35 -85 -97 -100 7 -23 -2 79 46 -66 -62 68 -55 -90 -82 32 -62 99 80 82 48 53 -73 -63 11 -71 31 70 91 79 -21 -97 17 62 38 -52 -99 -41 53 29 -17 27 -15 35 51 29 29 -11 -36 7 -33 -82 26 -76 -29 27 -92 -21 6 3 -77 67 40 -25 -16 -85 -51 -31 82 -8 -77 -30 -32 46 -29 66 97 38 15 14 83 97 -70 96 62 2 78 -94 18 23 -62 -11 -38 -51 -12 88 -81 63 -42 89 6 68 2 28 97 79 51 -61 -25 -84 79 -55 -62 84 91 -28 99 35 12 34 -66 98 -6 -43 -22 13 14 100 55 69 86 64 -81 -90 -72 33 54 31 19 84 35 -57 8 72 67 38 34 96 13 -70 12 42 26 -47 -44 -36 29 -76 -52 34 29 -27 -43 0 -94 52 -67 37 35 5 -83 89 47 40 -46 84 80 32 27 30 17 42 27 -82 85 -20 71 53 -75 -86 29 -83 12 1 -52 100 26 41 52 70 41 -48 -5 43 -58 48 -86 -68 44 -92 -29 64 -95 -74 -98 -60 -64 -21 66 -9 84 91 74 -52 -65 46 -85 -66 -55 19 -15 -60 96 -26 -72 -90 -61 -97 73 -41 -23 -3 54 57 -70 0 24 -52 -80 17 30 29 -18 20 -91 56 -89 -95 27 93 -51 -1 -37 -10 98 -55 -12 78 -59 -24 -19 -1 -57 27 26 -48 17 -98 89 -91 75 60 1 0 22 -59 -96 76 52 -1 80 91
-94 -53 46 44 88 3 55 -20 -71 -41 -57 -15 75 26 58 -96 -2 43 71 56 -88 -26 5 12 69 78 13 -47 93 3 54 17 76 35 96 3 -14 -17 -44 -79 -60 38 47 -3 13 -40 99 -24 43 40 -51 76 -77 12 -77 -87 -78 11 54 -52 26 0 30 68 -26 -47 8 -100 -22 15 -39 -3 41 -34 -66 -42 -81 51 100 -86 43 -79 79 -78 -53 93 28 99 57 -99 96 -40 -73 -87 97 34 24 -82 68 79 -16 86 64 -44 48 -36 75 60 -86 57 -72 -83 87 -74 2 -1 -55 16 30 -6 -98 26 -70 -71 14 28 94 -60 13 96 81 28 -68 16 -33 49 -73 29 -90 -63 -43 -58 -93 84 73 29 31 95 -44 -66 -53 8 -3 -6 61 11 54 -14 -80 -32 -64 48 13 -39 -66 40 0 -23 33 64 -16 29 -72 -42 -53 60 -9 70 68 14 -58 4 79 -81 67 75 14 -57 -24 -44 -97 12 30 -26 -50 76 -93 -36 -57 42 -52 29 63 -15 -47 -22 -98 -47 60 43 15 -83 -9 -13 29 90 -67 -55 86 33 -22 -79 -11 59 9 -35 15 85 71 59 -82 20 45 62 -99 50 -93 -28 -12 -40 9 79 -66 -21 -13 -85 95 -59 -38 -52 -57 39 -16 4 97 -76 -95 18 -34 -3 20 -71 41 95 69 17 82 31 -46 56 -95 -97 25 -33 -76 -99 -34 -87 -12 -100 -34 -7 -69 100 -35 -98 59 23 -23 27 83 -38 27 10 -92 9 -7 2 59 1 83 -24 -19 -23 -59 -36 8 3 -94 96 -13 65 13 -92 22 -93 -13 -57 -28 -43 36 -78 95 42 -46 -4 72 -80 -75 42 -99 39 77 -22 -50 14 -41 11 -46 -25 -36 64 52 -69 48 49 89 -41 56 -47 -13 -43 -96 -89 23 -51 66 8 63 92 -39 69 -57 59 63 -61 -5 -81 92 -17 -74 25 -79 26 -65 94 -72 -89 -41 -2 -43 20 8 33 -41 -43 -9 -19 75 -18 4 78 40 41 44 49 -18 -19 62 55 -92 67 48 -50 73 89 -55 22 -48 -94 62 -33 -83 -85 -29 -10 -89 -15 -37 85 36 94 94 64 3 -72 91 60 60 97 88 35 14 35 -36 82 -95 -5 48 64 18 46 -25 58 96 -67 53 11 -95 -74 94 -59 -92 -89 -40 13 35 91 25 -35 -3 78 11 -94 -51 50 -97 -89 91 -17 87 11 -99 47 89 -44 70 5 -100 80 -39 -31 -95 2 57 -7 -20 -92 25 23 -15 5 66 64 -19 56 -96 -35 53 77
-24 -35 -23 45 -7 -30 -37 38 61 -26 -63 86 1 93 3 0 12 27 9 74 4 -47 -33 -43 -71 49 -10 39 -61 47 -98 42 24 8 -78 57 -15 42 -1 -46 -3 44 -62 42 -34 98 -4 57 54 -38 88 95 59 -83 -75 -59 45 -35 1 63 -60 8 8 -63 -23 94 85 -21 -23 9 22 -47 -95 -57 -71 -33 -60 -68 44 86 -50 99 -99 -48 -82 74 -14 62 66 35 0 92 -84 83 -62 -18 -35 -5 29 92 -77 -77 -91 -36 92 -54 97 65 -100 -84 36 -10 -24 81 44 24 18 -50 -97 19 10 -57 -50 36 -80 -60 68 -51 65 -64 43 -45 58 25 -78 -77 -27 -23 -58 72 -84 -89 20 -34 -15 -14 77 54 -6 78 -52 -1 93 -44 -14 42 -5 3 -91 -57 93 -41 92 99 -68 14 -26 -56 -89 49 57 -58 37 -30 -96 -11 -51 40 -84 -100 0 35 -77 14 68 13 -4 27 -96 9 -94 97 68 30 -44 -42 92 -100 11 8 -48 68 -24 -72 -28 -31 -35 45 88 54 -40 10 62 -83 68 27 -3 -74 40 -60 53 -14 96 5 36 -83 -50 -81 63 16 -60 -81 -80 -12 -28 16 78 28 -99 -86 71 -99 99 -66 18 25 15 59 -19 -92 42 22 -49 -38 30 -44 -55 -7 -58 36 -82 -19 14 -48 91 -15 47 31 -94 -11 -91 -9 58 87 -33 93 100 81 74 7 35 41 22 83 -58 -81 98 42 -19 -19 19 2 -22 89 6 41 9 20 10 93 84 -53 74 -31 94 -96 47 -88 -56 66 -14 -70 -90 -29 71 -81 -92 82 -86 -65 -17 -57 -53 -43 1 43 -38 47 -39 56 -79 52 1 13 -8 -60 -44 -26 -51 -9 -88 26 30 1 -78 28 72 52 -38 49 86 29 -70 -38 86 -97 -20 55 -21 0 11 -63 97 35 -11 28 -93 -98 69 -51 -17 81 -12 -15 70 -69 69 -3 -65 4 96 -28 -66 -53 60 63 -28 -68 -38 27 63 -86 24 -35 14 -22 -15 26 87 77 88 -96 14 40 17 -98 13 -30 -93 41 -90 -45 39 -5 86 64 -65 -40 -45 -10 1 89 41 91 -92 97 66 82 -12 -2 72 -20 -23 -74 89 36 10 4 49 76 -16 -34 -90 -75 -86 7 -84 -19 4 80 64 -65 21 -99 -20 -48 -100 -27 -89 -31 41 50 65 100 -43 81 75 -55 10 41 -45 73 -90 16 -74 25 -51 -56 33 30 -22 36 49 45 -54 18 -75 90 -61 -47 41 -16 -68 14 -45 2 56 -81 91 32
86 -28 40 100 -21 -4 40 46 -5 -66 84 -38 43 -80 85 -25 29 -64 -81 -22 23 -49 -10 -100 -15 98 -87 -89 60 -19 24 -96 -68 10 26 65 -28 -74 3 -43 57 -77 -26 -16 13 -3 -25 -18 -4 -76 69 -37 33 74 40 -7 92 84 -59 89 45 29 60 45 2 6 -98 20 26 -86 -3 62 89 -72 -29 48 26 -100 75 -18 -44 -29 -55 -45 28 79 5 -44 -79 84 -16 33 -39 34 49 -24 -55 -60 90 -37 88 91 -48 26 -82 22 93 -27 -38 46 41 -43 63 48 8 16 75 11 -19 -78 -81 76 -16 16 0 -94 -34 18 10 -74 -22 52 -59 59 43 -80 66 15 74 59 -23 28 94 -9 -86 -61 -62 -51 29 -71 -59 91 0 -86 -57 62 -41 44 -40 71 -91 94 -63 18 -32 39 -29 -16 -15 -32 -87 -72 -91 -22 80 12 22 84 -60 -3 -43 26 -32 24 -32 -52 -68 57 15 4 53 -75 43 49 -100 70 -61 33 39 -59 -73 -77 -70 -59 68 23 21 -65 11 86 26 -47 -23 -99 73 40 72 -7 -39 45 32 -8 96 -53 -49 29 18 -95 -53 38 -42 7 -33 -1 82 -25 71 -54 100 -78 -68 -95 -26 94 95 -16 -44 -37 5 83 21 -65 -27 30 0 -28 -90 13 75 -77 -95 22 -15 29 -73 78 20 -8 45 86 73 -13 -16 23 -30 52 100 -93 49 -78 -32 -73 27 15 16 72 39 -87 70 -24 41 -84 -55 -5 31 20 51 -38 -69 -9 99 -60 25 28 39 -9 61 -53 79 -21 61 48 66 -75 -15 94 74 -8 76 -15 -68 34 25 85 4 -37 -34 84 99 22 2 96 56 13 -49 38 -17 87 75 -4 -21 89 -75 -68 -43 85 53 18 12 -96 -52 -82 28 28 65 15 6 3 -83 26 -32 -65 44 16 -68 46 74 -76 80 37 32 -90 -85 19 -65 97 24 99 26 11 18 -72 5 -89 59 -35 -6 -74 83 47 12 -6 91 6 -41 39 1 90 -24 -46 46 -43 -10 -47 -71 -97 50 -57 -63 -81 66 -87 9 -10 -46 -100 -38 82 42 55 -84 -37 -100 -64 35 -70 -85 -55 89 9 55 -10 73 -51 88 -60 50 75 96 -25 21 45 -88 -24 93 88 33 53 34 73 35 -57 -80 -100 -54 27 32 -48 23 32 -73 16 -79 74 69 5 19 -3 49 -42 79 79 62 -88 -65 47 -95 100 -39 21 53 90 46 -61 -29 59 -10 54 13 76 -34 -15 -85 -53 -21 79 33 -63 -81 -24
81 -22 -42 73 -24 55 -54 3 -45 -46 40 -37 48 89 93 63 -31 -41 -75 100 45 -9 99 51 -98 -8 -69 -17 -3 23 9 -37 -81 27 -79 63 64 82 -27 -66 -81 52 -10 -30 58 77 51 -87 -52 -67 -68 52 -22 -38 68 -59 -63 -37 16 21 -49 -60 -70 -65 -55 -48 -55 -44 -55 60 -50 78 -39 -89 -56 60 38 25 -86 -91 30 22 74 -59 -70 -98 -45 -37 28 6 21 19 -83 -93 9 65 -70 44 -21 87 13 64 -13 91 50 -66 83 24 -88 97 10 -44 19 85 41 88 73 -63 -50 50 0 -47 57 38 82 -80 42 -68 25 48 -45 6 -76 -67 -4 94 -84 -7 -47 55 -32 -71 7 -88 59 99 1 -54 51 -90 88 -15 -7 -49 -90 -5 48 43 -12 -12 67 73 36 -26 5 70 -36 87 69 42 -13 91 -88 2 7 23 30 56 -49 -64 -49 -84 38 49 48 -80 15 -87 49 -6 -77 -94 -22 12 59 81 -65 -29 -63 44 -60 21 -37 32 67 68 -56 -80 59 -42 -71 -7 88 -94 71 18 -67 61 3 -47 -55 47 64 9 83 -7 28 -64 -73 -100 29 96 -18 -4 -63 35 71 -63 9 81 25 -19 -37 100 -20 -29 -63 30 37 9 -41 -33 85 -61 36 9 -4 -100 -47 -42 -25 68 78 82 89 -39 47 -16 -7 -19 -71 61 -41 92 22 86 25 89 -67 -21 24 -84 2 -21 74 47 -90 -85 90 20 -46 -5 33 -83 -39 -52 -80 -46 -24 -79 -37 -7 -21 -93 5 57 -91 -80 -54 0 46 -59 -54 100 45 -64 80 85 -31 -6 -74 60 98 -39 50 47 61 -92 -44 -48 17 -82 -59 56 -54 46 98 -77 2 5 -68 -89 47 85 -6 -53 -30 -32 40 -14 -41 40 -46 45 34 28 94 55 2 -93 99 37 76 39 93 79 -87 -96 -6 83 -83 82 -77 -80 -93 48 97 52 10 -96 14 -77 85 -64 -9 88 82 89 45 74 26 -1 8 41 18 36 32 57 33 75 79 23 -82 -46 42 -7 88 62 4 24 87 87 -37 5 -83 -86 -63 96 -25 69 -43 75 -3 -7 95 -7 -86 89 -56 -56 -11 37 16 59 -13 -25 -17 89 76 -53 4 56 25 -95 -61 -64 59 -70 -31 29 -15 45 -3 53 94 68 47 29 87 3 75 -9 -100 -24 -97 -97 -3 -14 -75 59 54 -75 44 12 -21 22 99 35 -64 98 -64 -41 87 31 -12 -78 60 90 -15 -19 -46 -28 58 -99 86 -93 81 -16 -93 66
-39 47 -69 -14 -85 -69 -100 -96 83 67 -2 32 -39 59 39 71 -83 -28 40 3 -30 -44 3 -54 32 -42 -49 36 60 16 43 32 -2 -76 88 57 38 -51 -8 50 56 20 78 92 76 -50 -68 -25 75 86 -69 -23 67 81 -69 -89 93 -48 -61 19 -99 49 45 16 -70 -54 -79 14 56 83 -100 84 73 -8 71 40 41 69 58 -47 7 -94 -28 23 51 -21 48 92 29 52 -60 -3 39 14 -69 40 -54 72 4 85 -97 -73 -86 31 47 -64 82 -14 -9 -14 -19 52 -79 -4 -23 -90 -49 32 -70 62 -31 -51 -88 -84 -93 20 94 -81 -49 -54 -27 94 -19 -49 -10 10 87 -56 80 -11 -94 -5 87 -56 57 -12 6 15 -38 22 -14 -2 33 35 -95 -6 63 -63 -20 67 56 -22 -42 30 -68 -43 -53 61 38 -69 -37 -8 -90 -36 -59 51 -46 69 8 53 54 -19 6 -34 -37 69 4 -15 30 -17 -60 -89 33 98 -13 -25 -67 -71 53 27 -97 45 -55 -75 -18 0 -56 5 88 99 60 -98 -77 67 -32 -39 -30 57 6 64 -14 13 -59 -30 -24 -35 27 76 97 55 60 -14 -38 -12 8 -25 51 -27 37 -60 -73 -10 88 60 -36 -72 -65 -2 -7 14 -2 -73 45 74 -3 61 -20 91 78 -88 100 88 -43 93 71 30 46 72 36 12 -88 -95 -100 -32 -100 92 9 48 -44 -63 95 56 27 -71 -75 76 -69 -40 70 65 -66 35 12 -90 26 29 47 24 -45 -95 3 4 94 -34 8 -99 -36 3 -54 -54 -34 -16 24 74 97 -22 7 68 26 35 85 93 -13 40 -47 20 -26 -79 -27 47 -21 13 -46 -28 51 68 -9 81 -69 28 -89 55 20 -70 -84 17 -5 83 -84 44 -75 -76 -26 22 -86 5 85 -18 -97 -65 -56 68 56 62 22 26 -72 3 -76 91 1 -11 52 66 45 60 -18 -47 -14 -44 -15 16 -70 99 -13 75 -13 19 -84 -50 21 22 -83 -18 73 0 -42 8 -99 -12 -23 -94 -49 83 39 -32 50 -86 -30 70 53 -99 61 12 86 -56 76 -23 -56 71 27 -95 -84 100 -24 39 2 22 25 7 -91 -47 11 -95 27 60 -13 -53 31 91 83 -38 30 6 85 78 -15 -93 70 48 80 -25 56 -8 -32 31 -97 99 -85 -19 31 -3 -15 18 41 -34 -65 -94 54 -44 -79 -23 37 7 49 69 71 81 -65 -45 59 4 -45 -36 95 -36 92 -27 -100 -29 12 86 -21 -24 -62 -95 -47 -64 -38 -18
4 -45 33 -85 92 -28 -19 -70 67 -70 -28 49 53 45 -47 -32 -91 50 89 0 -13 -29 82 76 15 -70 50 45 24 13 -19 72 -33 33 -49 4 -23 -34 -79 -31 -34 18 -45 -46 -76 -100 0 92 -69 30 82 88 43 0 0 27 -79 -60 -52 80 -88 6 98 -18 44 -47 -53 63 -26 5 -18 53 -56 74 -4 -36 8 98 -89 -19 -95 -67 95 -97 50 45 -79 -14 80 64 82 36 -79 -26 -20 53 -3 -66 -39 29 -39 20 -36 83 99 -2 33 -50 -35 25 -14 -89 -47 48 -27 -43 -62 -29 -91 -62 -35 66 70 9 95 -86 -47 -28 71 75 42 -34 70 67 69 -29 33 81 91 59 39 64 -67 -2 61 52 71 24 69 89 -22 -75 61 -86 -52 -95 -2 -69 39 58 20 -2 -12 -16 9 -71 41 -19 61 -93 85 -13 89 -19 -12 -68 52 30 -88 -67 -80 -81 30 -53 43 66 -49 77 -18 49 3 52 37 48 68 58 -77 50 43 -3 49 8 -14 59 -52 -96 -13 -49 38 79 -74 42 -45 -18 -76 27 25 15 -17 -23 84 68 -53 -87 0 -5 -87 94 69 4 59 29 -19 -43 -88 -53 79 -62 24 -36 70 -10 -89 -89 -1 14 -35 71 -71 51 -50 26 -32 55 87 73 37 -78 15 5 18 -35 93 95 32 46 60 -62 -29 31 -42 -50 -35 -31 -40 68 64 19 14 36 -58 -77 2 -21 -86 73 -74 97 53 14 -15 -5 -23 -63 46 -11 -44 -39 100 -55 40 -66 34 32 -48 72 15 -91 34 -42 77 -36 21 76 -65 -29 -56 -43 19 21 63 -60 88 -36 91 -17 59 0 16 -77 98 -55 -62 28 50 -78 -81 -51 50 -25 100 -96 -93 -85 100 -53 46 -61 -78 -36 53 76 -100 50 -43 69 41 -48 77 -45 -51 20 42 -95 -44 -78 -68 95 -97 82 -74 -87 82 65 -85 79 -99 -46 -91 99 -27 -66 -23 26 -75 -29 26 -85 -88 -32 -82 -80 -52 88 25 -4 -25 -47 75 -89 -93 77 -90 99 6 -94 91 -59 72 -33 70 -89 18 -47 58 74 -90 40 7 57 90 -21 -89 -20 -39 52 85 -74 97 97 -18 42 29 -5 84 86 77 -12 -43 -91 92 21 -10 84 -3 -71 -89 -97 -24 -71 9 -86 -70 75 86 43 42 -36 80 67 45 68 -95 -99 97 70 71 53 3 -21 -77 -46 11 53 83 50 56 1 -92 -16 -83 -54 -51 54 100 21 89 -86 66 11 76 -33 -7 -95 58 4 86 66 -98 -17
89 -70 -94 -29 -79 24 -59 -44 32 75 73 -82 -66 98 78 -47 -3 -97 53 49 40 -97 -82 -39 -82 -5 54 22 -30 -35 -13 84 -56 -94 19 -50 -78 -14 -30 5 22 -3 85 92 100 19 15 -89 -88 87 74 49 -13 42 48 83 90 -79 -40 -84 76 34 83 -40 -33 -45 -85 -18 -36 59 -38 19 -44 45 48 -94 -95 -76 10 -13 26 -13 -60 71 -41 -22 85 14 -57 31 87 4 43 92 43 85 -47 71 55 29 56 54 -17 -40 36 80 -69 72 -66 71 -59 -82 -83 51 -88 -42 -93 45 90 -11 61 -89 -21 75 -43 70 4 85 -11 -34 99 -56 67 7 -72 -23 -26 21 -44 75 -73 22 -40 46 16 -41 -38 -38 -67 50 -1 -76 91 -34 -47 53 0 99 -4 81 15 52 -31 96 9 93 -69 93 26 -68 -62 4 -54 -49 77 -59 -20 -86 51 39 95 -16 59 71 -27 14 78 58 75 -5 -87 -95 -71 51 68 -50 90 -54 31 -41 -91 51 94 17 -34 77 52 6 28 89 -93 41 74 -64 53 -37 -93 5 -65 -8 -48 -2 -95 -54 39 25 -37 51 48 53 92 34 71 5 38 28 44 92 -23 84 -36 -33 -84 61 -55 11 3 -61 91 25 -84 -97 36 42 -5 -81 5 -88 73 13 34 -63 -55 78 -99 76 48 34 -29 -17 -39 85 -1 -15 -12 9 51 -79 85 -78 26 -16 57 72 90 -14 -18 17 -23 60 -1 37 -26 45 65 78 19 51 9 -87 -32 58 -23 -94 3 -46 56 -86 68 -93 93 63 -5 -7 -14 -13 -7 -74 60 77 80 6 -91 -13 44 -44 -90 -59 92 47 10 39 -64 -69 0 21 -5 -47 97 -58 92 33 -62 97 -89 -30 -78 -56 -32 96 10 88 -99 -38 -41 1 -17 -24 58 36 -51 -37 32 73 60 58 -13 47 -94 87 70 -27 98 50 16 -28 25 -33 23 -74 10 63 -92 -82 -83 71 57 4 -77 27 40 72 -40 -95 16 -41 -64 -38 -61 -12 13 12 96 95 -38 -59 -57 -92 42 6 -50 76 -16 -35 -29 86 -12 -94 30 99 39 68 41 -77 92 94 39 74 -93 -54 -100 46 -5 -71 -72 -22 49 -76 81 -83 -3 22 -37 -89 -8 -87 51 96 27 -19 25 84 48 -52 -27 98 -42 12 -26 70 -85 57 -69 -86 20 10 40 29 78 59 23 56 -51 -34 52 -4 -96 97 23 97 29 27 74 -97 -79 -85 -75 16 71 -47 -71 -18 -57 48 13 72 -82 -93 -51 -51
49 -17 6 35 37 -49 -93 -36 39 -63 -85 28 15 81 -7 39 20 8 50 -48 -31 -60 12 -34 -49 -36 -7 -58 100 -91 -29 70 20 -2 -23 -21 -22 17 98 -30 -53 60 -9 22 59 61 -51 -17 76 -94 46 -41 84 51 -1 31 -81 89 -32 88 -85 -14 -53 -33 -99 71 -92 72 91 9 -75 60 -72 -54 -14 -97 82 48 18 -36 -92 -23 -26 1 44 0 7 -39 -33 -74 -73 97 -36 47 87 -64 30 28 -87 15 62 8 -91 -62 44 60 -41 77 -9 57 45 -86 -96 -30 0 -70 68 74 18 72 89 61 -70 -19 18 54 -82 -31 37 46 53 23 3 -68 -70 -69 20 22 -44 -18 65 -68 -62 -68 -81 48 -38 -47 31 -67 5 90 0 -87 -76 11 -83 61 0 65 27 38 -81 -39 27 -64 70 -66 -47 -68 -27 28 36 -12 34 -53 69 -19 -7 -44 34 -56 -39 -26 1 -65 -51 -63 -18 61 85 -35 54 -38 95 48 19 -84 -40 -47 34 11 -61 69 -67 -34 45 67 -6 38 -18 -47 -15 -100 -2 -53 -42 28 80 -17 33 -11 59 4 11 -92 -89 44 -62 -76 19 76 46 -95 -6 -58 -40 70 -24 -64 -48 19 91 74 67 -8 100 -55 12 -42 52 15 67 -41 55 -21 95 5 -54 32 75 59 -94 -10 16 77 -85 -25 73 75 -87 -78 59 -74 -5 5 66 100 91 -31 2 43 81 -73 -25 -57 -78 3 -60 -38 90 94 -80 -31 13 80 35 37 30 -95 94 -10 54 -54 1 13 -83 31 -3 94 42 -72 -13 -52 22 27 -71 6 -55 100 53 86 -7 -82 63 -46 -14 50 96 -98 -8 -84 -69 63 79 89 66 23 24 98 64 29 24 -7 -57 0 85 -93 4 76 -26 92 -84 -14 -60 -61 30 -52 -49 -63 78 -8 89 -53 79 77 75 62 96 87 41 -68 99 -5 -18 73 -4 76 -97 0 96 -20 -61 8 -18 19 77 33 -18 98 43 -70 -80 -39 50 -9 -43 -91 56 96 -98 16 -51 96 82 71 -90 46 31 1 90 63 62 15 -41 74 53 4 2 19 -19 -33 67 81 -88 34 30 -36 62 -97 -78 15 82 67 91 -75 10 83 34 92 -17 65 58 3 -21 -35 -64 -36 83 -67 -15 -84 -47 -4 -64 79 -78 71 12 33 -59 -77 12 89 -49 -58 -45 67 22 30 15 4 -70 75 28 69 -77 -23 -70 69 -3 91 13 58 -96 -57 39 -70 -41 4 61 -65 85 -67 76 64 -72 -65 -16 -86
100 -31 25 68 -12 33 -41 -98 85 17 -50 14 -84 -24 -73 -15 -38 -30 -15 55 3 41 -86 64 -22 35 -74 40 -72 -6 -26 38 -40 -73 30 59 72 65 -77 73 86 -48 -20 13 89 53 -61 -89 2 -6 -84 93 100 14 -10 -87 -64 50 79 -89 91 -37 -24 64 13 -23 71 -53 84 -65 74 71 12 -70 41 -9 45 69 -81 -11 -69 -41 -72 -38 85 -17 11 -32 -82 -21 -42 -46 -100 24 80 2 -55 71 -22 -37 -6 -75 89 58 -87 25 -100 -9 -23 -87 2 -15 -56 -6 41 93 -54 -50 -49 -97 93 -93 -98 13 -99 -60 59 -40 -71 -55 75 47 76 35 67 12 -52 99 -100 -37 7 95 -30 -42 -97 86 66 6 43 -88 -5 -69 60 -57 -18 -75 49 2 -6 48 -73 -93 45 15 -93 0 -69 -44 93 -39 87 79 -79 -83 -6 -3 95 -38 -4 62 71 76 81 88 -54 -87 -80 -28 -58 -20 84 -40 73 13 -28 -74 -70 86 -14 -80 -92 -1 40 20 -5 42 5 28 -16 -77 -24 92 55 -18 33 -12 81 -58 -37 20 16 -30 -3 -78 64 11 -98 -62 -58 -98 -46 -61 99 29 -56 79 -67 14 82 81 -13 64 45 -6 -88 -69 -80 33 5 -98 -69 67 25 -69 -22 -90 -60 24 48 53 -72 -26 -41 -1 56 56 -1 20 -30 0 18 17 36 -20 -40 -51 68 -4 61 28 -37 -85 89 80 80 32 -59 6 -30 -75 40 -83 16 -4 78 85 -73 41 -35 5 -32 16 -63 17 -8 -74 -95 60 -88 -63 -63 88 31 21 -12 2 -21 0 22 -32 -61 -17 -63 -36 -44 66 -34 -76 -85 -15 -32 -52 49 -79 98 28 -50 -44 19 -90 -30 -74 -8 -11 2 -8 30 -78 42 -15 -18 -55 89 -78 -58 -71 -27 -52 82 -60 10 -6 -60 28 -4 44 70 -26 20 -28 -59 -43 93 -62 100 -33 -90 -89 -84 18 51 -87 -24 10 12 -77 -3 30 44 -77 -94 -35 -10 9 52 61 -25 87 -17 -100 89 82 -22 -41 36 -77 -58 -50 50 76 -98 -56 76 35 -32 45 -3 11 82 -25 95 -80 -76 -52 -27 59 -12 83 -98 2 -31 -97 -15 72 2 34 12 -37 95 44 -51 -94 70 -15 -36 67 -62 -49 -89 83 -19 69 -86 2 25 -90 -39 97 20 77 31 31 0 1 -57 39 -86 -69 82 3 -53 -48 -41 -2 8 18 -66 -12 -49 88 -67 7 90 -92 -84 -9 91 -39 57 -10 99 77 -12 90 -23 20 -86 66 -10 -47
-41 -17 28 -72 91 -59 76 70 -81 -14 3 53 29 39 -98 -30 10 -64 7 -48 81 9 -45 85 -94 -16 -89 60 -50 37 26 40 7 45 85 87 -100 74 -78 -72 -10 -90 -79 -79 -22 -89 -60 79 72 -20 -44 -78 5 -94 -91 63 -88 75 71 -50 -43 -87 -45 69 46 87 13 56 -55 9 -34 -90 -24 -89 -52 -35 -18 29 46 -27 100 22 47 0 -81 100 55 -98 -17 12 -74 -5 29 64 -63 56 -46 96 -77 16 -5 73 68 69 54 -91 -29 10 -60 90 78 -4 -23 -65 -23 -48 -48 82 25 99 -72 -59 13 -50 -35 -73 -80 29 -40 9 -76 -84 -31 -51 -49 0 28 56 28 -27 42 -28 -82 45 -12 -89 -11 60 49 -73 -6 -23 45 62 7 3 -24 71 92 -72 81 -48 61 -99 -54 60 -65 -1 -47 -27 14 -20 -52 43 80 23 -89 -49 65 77 41 17 -54 -47 40 -6 -5 -9 -8 -81 -39 -58 16 20 58 -15 10 82 -91 -77 -14 -52 19 35 66 42 72 -8 -8 62 -95 34 100 77 -35 -83 -83 90 1 -4 84 -69 87 -85 -8 5 -81 -63 59 -4 16 14 2 -94 -74 11 -17 72 -49 77 -81 -72 -74 19 -96 29 54 13 -75 62 69 54 38 -47 -66 20 96 -61 15 -84 24 89 -34 91 17 73 -63 -30 94 -64 50 -12 -80 91 -66 -40 -20 -34 -1 -32 -53 -53 -27 90 -53 70 70 -62 90 96 -79 19 11 78 29 -81 -82 -7 53 41 100 -13 -69 14 48 54 52 -31 -74 31 -44 -70 -37 -30 69 42 41 17 62 45 -85 -39 -1 -98 -51 -89 -71 -100 30 75 17 89 -82 -68 -67 -8 48 54 76 -31 4 -64 90 9 -6 -61 84 -96 74 -4 18 -7 -1 -48 87 7 -5 -27 -6 83 -92 99 -90 45 3 51 53 -23 5 -11 2 46 -21 -93 -94 -16 -94 -95 69 -6 75 -38 -32 -67 -71 -9 -60 5 -10 94 26 -7 57 82 -86 -34 8 97 81 -48 -56 -94 34 93 18 39 48 -39 -57 5 31 74 -4 80 -55 26 17 -18 91 -64 71 -56 36 41 40 76 95 -79 40 -22 48 -99 -76 -27 29 87 -98 38 57 -95 -2 2 5 -42 48 -74 84 -37 -41 25 52 -62 57 11 35 -100 56 -34 -45 -25 -7 -75 42 -15 -82 -99 -46 -49 -100 -97 77 -4 81 41 17 -41 57 -6 -68 28 -28 -71 8 -28 -65 -100 -4 -20 61 55 42 2 70 98 -76 48 -76 -82 93 88
86 -18 21 -73 -28 -1 48 67 92 5 22 -3 -69 -16 -45 -86 37 -89 19 20 -5 64 -23 -95 67 24 -6 14 99 89 -51 52 -77 2 -71 -29 58 -87 -72 -87 -23 30 94 -75 17 14 -35 44 -23 44 -42 -39 -76 -35 86 95 -75 -40 54 -36 -46 -14 -48 -58 -97 96 36 73 45 -79 -22 -81 54 70 32 58 -57 81 -65 58 89 -90 87 -27 -8 -25 47 -45 -5 -75 43 8 -81 28 82 -100 94 8 -16 63 -65 29 -6 -14 -41 11 -33 -47 -88 -72 -84 5 89 14 37 -71 25 88 -2 58 -39 54 -81 -14 -65 -78 23 9 -64 5 -91 56 -13 -88 -20 -43 -2 -75 -11 -9 -75 58 26 -26 -100 14 -12 -96 -24 -33 -30 42 -58 8 -80 19 5 55 -87 -10 -19 86 -8 -49 -84 -65 -12 -49 49 -13 58 -8 75 -80 6 -88 29 -20 -4 47 -19 -61 24 -46 75 35 43 -1 29 -80 -7 48 20 -23 57 30 -93 -6 -38 -41 76 53 -8 66 -28 94 11 -44 67 -77 85 55 -58 -13 55 -76 -70 -13 -76 54 94 14 68 81 78 33 6 93 44 -82 77 56 -24 -44 49 -87 -45 37 -41 49 -6 -82 -10 -79 4 23 41 60 -98 -49 10 9 -57 31 -20 71 50 69 -43 21 58 65 58 87 -46 -53 65 32 -48 100 26 66 0 38 9 -81 -29 79 -53 80 -21 -92 -28 98 88 -84 80 78 -45 -88 -33 74 62 -57 94 54 -30 71 76 20 -70 -92 31 80 70 -89 29 74 68 37 -76 -94 -92 -3 2 80 83 -52 1 -28 -96 -17 -25 78 -33 -70 -53 -56 -87 -31 -62 -75 -50 51 89 96 -61 -60 -71 -39 -74 -94 21 -55 -33 22 97 45 98 78 -94 -39 72 82 1 43 66 13 74 37 -98 -97 46 -88 -40 -96 72 -9 -21 -65 -35 -21 -66 -92 83 82 75 3 -38 -33 1 65 -90 90 67 32 -80 -89 77 100 -89 -7 -19 61 31 -34 36 12 -27 42 69 56 83 71 -1 17 -20 44 -56 -45 89 -29 -72 0 -32 -97 -28 -50 -32 20 -44 -79 89 -43 60 69 -99 91 -85 89 44 29 -79 67 3 -77 -40 -52 71 -75 95 77 -79 32 -83 35 50 7 93 33 50 28 -64 -35 12 -8 54 -86 -27 -95 9 -81 27 38 -76 -41 -62 24 25 -5 -98 -29 54 7 -92 4 -82 98 -11 77 -48 22 44 -77 57 -6 -2 36 -5 50 32 -99 -98 -43 6 -60 59 -68 -74 80
-49 -52 9 34 -2 -76 14 81 11 -64 14 -89 -4 3 15 -68 59 -44 56 -56 91 -37 -55 -52 -65 55 36 74 -43 23 24 -53 -87 -44 99 -82 -46 -8 43 88 -10 36 57 -51 -6 -68 57 3 -57 -57 -19 44 69 48 -90 85 92 -75 -94 -31 -39 94 52 -32 10 10 -19 91 -88 -8 -78 27 38 18 -49 -43 -17 -44 58 3 -77 -88 -62 -79 91 -2 32 10 22 17 -7 7 -52 38 -62 -53 98 -26 81 -54 48 -18 -23 92 36 -95 31 58 -96 6 -68 -27 -13 -92 98 27 -24 -68 -98 26 -54 -59 82 16 -81 72 -81 56 -6 92 -38 -36 30 44 -15 20 0 -54 43 -40 -10 -6 30 -34 35 -84 15 69 -52 -48 13 55 -83 -45 -91 15 32 -36 -36 -43 89 -82 69 -37 -46 -27 66 -67 26 79 -93 88 -61 -29 -79 95 86 67 -76 -56 -53 93 -40 26 12 91 20 -78 32 -49 -27 -21 -65 48 -14 -89 77 6 93 -71 97 -26 -12 9 69 16 -48 99 91 -20 -76 25 -84 4 -27 -1 70 48 -23 23 76 59 5 79 -93 -81 41 -42 -33 91 -2 35 53 92 47 14 -27 -57 -50 -20 -98 70 -90 -53 47 -22 -49 -65 52 9 45 71 91 -34 27 -35 -2 -63 15 -97 -20 2 -84 -77 -31 3 53 -21 65 55 -12 22 28 -36 22 -32 64 83 5 55 -5 99 6 -7 97 78 30 -2 -17 35 -64 -5 -45 5 -4 37 16 97 77 -67 89 68 91 73 -5 48 -13 -8 43 13 -57 61 91 82 7 74 5 4 54 -81 -52 -90 61 -67 -87 80 72 84 97 29 -55 -81 11 -25 -16 -13 -59 72 4 34 18 19 -73 57 45 -22 -27 -96 72 -61 91 -67 97 3 97 98 -33 50 -16 1 2 47 86 -29 -100 -73 -21 -93 -8 68 17 -1 -41 49 -95 62 76 -83 55 72 90 -69 87 42 68 34 60 -31 -23 -96 7 26 -59 -64 -70 6 -79 56 -92 0 -64 -42 -42 72 26 -19 -74 15 -12 68 -43 -79 80 -98 43 -16 -81 -46 -36 51 -76 72 30 38 -21 -11 -17 -46 -79 48 -62 -18 -66 -1 79 49 83 49 28 -95 89 -76 -37 -90 -39 -56 42 -59 -64 -69 26 -39 66 -4 -91 -18 38 -10 30 77 10 57 -17 58 -48 -95 -34 97 -41 99 76 16 3 -73 -1 -35 -71 -70 -26 -42 -62 -7 -96 -15 1 82 69 -77 -84 73 44 33 -62 85 -85 33 12 78 -90 -32
68 62 24 10 -71 -85 -42 92 -3 73 35 11 -84 -42 93 -65 -69 -41 66 86 35 -32 -67 -83 -49 88 -10 -59 56 -46 -17 80 21 89 -51 -50 36 -55 18 -38 14 -40 69 84 47 7 -39 46 -72 100 -99 44 41 -40 -99 -60 -87 50 -51 39 -63 55 -67 69 72 46 67 -13 73 33 -23 47 -38 -35 -34 -65 -55 -46 -69 -16 -26 -22 -79 -32 19 10 -21 -49 -29 6 -77 -49 -72 -3 -8 -90 -19 75 -99 30 -82 -2 65 -83 -36 -77 -27 -26 60 36 75 12 27 -62 -16 16 68 44 -50 88 54 -46 76 13 42 89 63 16 23 19 -29 87 -14 93 -97 -66 37 -60 -89 51 42 76 9 80 -75 50 -2 -52 -51 -29 -94 62 -92 -41 -17 43 73 -98 61 -64 -93 72 -58 -47 68 -19 72 18 -6 30 -24 69 51 36 -17 37 23 -23 26 21 20 48 -33 -64 -23 35 -1 -87 51 1 -93 66 68 50 -5 39 -53 -8 -60 2 96 -32 24 -20 -3 -63 11 -42 62 61 -1 -53 6 84 51 87 -78 -4 6 69 -95 -55 19 -39 -93 16 6 -85 40 42 -98 39 95 -45 -2 -42 -44 13 1 87 -28 36 -6 41 -83 -47 65 41 -41 24 84 38 39 -69 -36 79 85 -89 -53 22 -32 21 -31 84 85 43 -85 87 -78 -47 100 -8 20 7 -14 -38 53 30 73 54 -15 -82 -22 -20 45 27 -64 38 -25 -17 -68 -50 -29 -34 -18 10 -86 91 -32 63 -2 87 90 -4 -60 -40 -37 -90 74 -55 9 7 -19 -94 -25 37 -56 27 72 93 -79 58 50 -59 3 -98 -24 -32 74 70 44 66 18 -52 84 -32 -79 -64 68 55 58 -89 39 65 67 51 46 -91 -22 65 -81 -57 -50 7 -37 7 73 5 18 -66 -50 -6 8 83 -24 -69 -100 -68 -44 89 -74 -65 25 -66 3 -18 71 -83 52 -14 61 -99 23 -48 9 -35 -56 8 -63 -93 54 64 8 -36 97 66 63 -77 -31 -7 93 90 98 21 59 -90 -80 -47 39 -15 95 49 -82 3 91 43 16 -86 83 -23 -17 70 -52 -85 -15 12 74 34 18 18 51 65 -14 41 -43 -12 0 68 -53 -5 -53 -24 -5 -31 -18 -87 -57 71 93 81 60 87 -30 -88 1 -41 26 -68 71 -9 -94 -52 -63 43 -66 43 28 -7 -50 14 76 68 -78 -1 2 -29 -7 43 89 -98 4 -44 -2 -49 74 -71 -27 73 31 -74 56 -11 -50 -85 -82 -23 35 -94 -30 91
43 -94 26 -63 70 -82 84 -7 -13 7 85 55 -22 -34 94 -89 -96 -20 -43 38 78 41 39 -21 -72 -99 -24 -72 73 1 1 -1 -6 -42 -3 29 -69 86 -32 -33 10 81 75 85 -15 49 93 52 44 30 77 79 -41 -62 -73 97 -77 20 -88 -49 -19 12 98 -51 92 -24 71 -85 44 -45 30 92 69 77 -73 -54 52 -21 14 84 8 -32 -53 -55 -31 -70 -27 58 5 35 33 86 15 -17 -13 88 73 -14 17 99 -52 -79 -76 -18 -65 -18 -16 39 -51 26 27 69 12 -79 47 56 22 -43 61 100 -26 -79 65 56 -97 12 28 -18 -84 -84 36 95 53 -53 79 48 -1 13 79 88 -100 -34 -99 -42 64 -22 -81 72 -9 -88 -13 14 66 -22 66 67 -93 11 -92 19 -24 -60 30 -4 32 -70 71 -80 5 84 41 -31 -53 75 -67 84 -71 46 -100 -9 78 3 30 -24 48 73 -73 -99 70 92 -64 -22 -52 -54 93 47 -69 26 -24 65 95 87 -48 -61 -34 -54 79 -55 -33 39 -53 -5 -88 -94 16 45 62 2 58 87 -38 -41 -19 -32 -39 -89 -86 96 -82 -25 32 28 -95 56 80 31 -61 -59 20 64 0 -86 -44 69 88 63 -36 60 -54 63 -47 51 -53 43 -18 -74 33 -29 -57 -22 27 -97 83 -15 -52 -4 -51 97 55 -69 -53 51 38 84 56 -65 -91 -85 62 57 67 -43 76 58 -86 -30 96 41 -1 -45 -65 -47 60 94 28 62 58 -18 1 94 -70 98 14 -9 41 34 68 18 -52 -83 49 -37 22 -48 -99 -1 66 52 -6 -47 -5 79 62 92 -19 43 -46 8 41 4 38 52 -75 65 61 -78 85 -83 -95 76 -87 -41 61 -80 -33 -39 29 -92 -94 -38 60 -91 85 -55 -83 -30 -17 14 -54 63 67 24 -1 -44 11 -58 74 -82 98 35 -15 70 48 33 -77 -91 -12 42 -53 -4 -55 -60 94 -30 78 -19 -25 -30 -44 -83 -92 -49 -34 86 -34 77 -92 -9 -96 -33 29 -17 -41 8 -6 -83 60 -97 -38 91 -76 -45 3 -94 -50 49 -22 52 -31 -87 -29 -47 87 -95 54 79 -70 39 52 -64 -36 -43 86 49 92 30 44 45 -42 -2 -44 1 -33 96 76 55 8 -24 -60 -75 -78 76 58 -27 -1 -97 6 -8 2 33 83 13 20 -74 -57 -39 38 37 -43 59 50 89 88 62 4 7 -60 -71 -94 7 -13 70 -64 -52 -6 -74 -23 -87 30 76 -83 -24 25 6 -20 28 -50 46 88 -27
28 -93 15 81 -62 64 55 45 21 27 -57 -12 -78 9 38 44 91 -64 -85 8 -10 95 -54 -87 -31 -89 60 57 -70 8 76 19 0 -70 55 -41 99 -18 -54 55 -95 -88 -7 27 81 53 1 27 -9 82 92 -94 74 -47 43 -37 -49 50 63 59 -80 47 -59 -34 -48 42 33 10 -29 65 33 -91 -27 80 -30 19 -60 -53 -69 -76 90 12 -61 83 -87 10 -97 4 55 -96 -60 60 73 49 -76 0 35 -60 -76 72 -90 -19 2 -34 40 67 -50 -15 -34 -70 -31 69 78 52 -95 -22 -69 18 -86 -56 86 -97 7 -85 12 -43 -98 -24 -3 -55 5 54 -75 82 -78 -44 88 -6 83 -93 -81 -45 73 38 -90 51 -83 18 -100 -94 -16 27 33 -22 86 65 -9 64 80 -87 -32 31 -21 -52 -56 -67 50 -1 96 -44 57 -38 89 -63 -49 -20 -79 -38 61 10 -46 14 -40 49 -1 -75 -38 -11 -74 -37 73 63 -59 -13 -82 6 96 41 53 22 -9 -24 -66 61 -92 -54 31 -57 77 -73 -53 -96 -12 32 -58 -58 95 82 18 86 87 -67 94 -20 26 28 -75 -61 78 -37 82 -58 -64 53 77 35 -1 -62 92 -45 -25 -73 -64 9 76 97 -21 65 83 23 -57 -27 27 49 14 45 -68 -82 78 81 -41 94 95 53 38 94 -26 12 11 -13 -39 -76 -11 -34 -15 31 -74 -63 -67 -43 21 22 96 -45 -73 -77 1 -35 29 -29 -30 28 -4 97 98 -55 71 42 -79 -71 -6 -94 -15 28 8 15 -99 -52 -80 27 -56 84 -65 -87 29 56 82 -48 78 79 76 32 31 -15 -95 -71 51 22 57 33 -7 -19 37 -34 -81 65 -20 -17 61 -36 -12 -65 11 -30 92 62 19 93 -48 -81 -4 80 -92 6 -73 44 29 82 -67 -3 70 16 -17 35 -37 -1 -66 -90 13 -47 -59 20 42 22 -62 5 -11 82 0 57 -80 52 31 -52 -30 -15 79 32 29 80 -70 14 2 -73 -39 -58 51 17 -74 68 -53 38 -33 -15 -15 26 -36 96 -89 -24 -22 45 89 -72 71 14 -60 -61 -77 36 43 9 -13 -30 -93 -3 21 -52 -70 -78 9 41 -98 88 -78 -84 -95 93 -69 -91 29 99 -82 7 -73 98 -28 91 -89 82 60 22 97 61 -70 -93 2 -51 88 -11 -77 47 32 94 74 -91 -80 84 89 -49 -64 13 -72 -47 6 23 -85 49 62 -49 18 -54 61 84 -35 70 -1 44 -73 13 9 -95 13 -61 -35 -57 -99 76 -85 95
-94 9 -71 -89 61 77 -42 85 98 -36 88 -72 -79 -94 -96 0 -39 -39 -17 -42 35 28 6 -17 -37 35 -12 -64 -61 -89 75 -58 -80 -55 99 4 -21 14 82 -65 90 -57 -12 -56 81 71 100 63 70 -14 -58 -49 -68 -30 -92 52 -59 -45 -46 -9 18 -4 64 67 18 -86 47 -41 -59 88 -50 48 -26 -31 -15 -58 -14 -82 -94 -78 63 -76 69 -84 82 -95 43 -66 49 30 58 -59 40 -17 19 -13 35 20 51 85 -36 64 -66 13 48 5 93 73 25 -26 -65 -5 9 -73 -69 -33 81 66 93 -54 -21 30 41 -44 22 55 24 -62 24 -10 11 -50 92 82 96 -95 99 -22 43 -63 -59 -60 24 78 95 75 4 57 61 23 20 63 -22 69 32 -38 -90 59 -98 -20 -39 -48 91 -59 100 -28 53 96 4 4 45 56 -63 5 45 10 -11 -81 81 25 -66 -91 91 -22 -4 71 -26 99 44 -38 24 7 15 4 82 -98 85 -49 -9 -4 47 -29 -12 63 -57 81 -47 7 -40 -61 58 -78 37 57 -64 -67 52 -48 -38 88 -3 93 6 6 -75 -80 84 59 -36 -31 33 -58 26 -6 42 -72 -34 -43 -66 2 25 -71 -61 55 -44 84 0 -45 26 -44 -41 72 12 70 -30 -87 -74 -90 62 13 -62 -67 -90 7 -72 -74 -38 5 -84 39 -75 27 -60 -73 40 45 -57 -22 -88 -79 94 -36 -41 26 40 -77 68 -5 -12 64 91 -16 1 -88 15 -26 91 -100 25 -58 72 -54 72 47 -78 -56 -29 -5 18 -83 55 52 -34 37 -84 56 23 -10 22 24 13 75 -23 -35 -99 35 12 -67 -55 -67 -16 52 14 -59 30 58 28 -91 83 74 -100 -16 -98 -23 87 -14 -38 -57 26 12 55 -17 -67 -17 -61 -71 -29 -53 10 -41 5 46 -1 64 97 88 72 44 -81 36 -13 42 -6 86 23 -40 94 -64 -84 66 -56 -27 -28 -96 97 100 80 26 32 65 -53 33 3 -18 46 -11 -24 -60 77 69 -6 16 90 38 33 2 87 80 -64 -41 -28 -33 -46 36 -1 -2 -84 24 -78 16 41 -5 63 43 64 49 60 -94 -88 -94 26 -81 -68 82 76 16 38 68 -21 66 -9 -10 -38 3 99 58 22 -97 64 87 -35 -97 -42 22 -78 28 17 -19 13 -70 -3 -25 85 20 -63 46 -73 71 -18 -57 27 -59 39 -31 45 64 -6 36 -46 -62 19 -30 82 -51 -75 -25 -25 -60 86 -75 48 56 59 55 88 -7 -4 -32 -9 15
11 27 82 -93 94 -87 8 93 79 21 -44 -34 6 19 -75 -57 63 28 5 -34 -71 -13 -22 -11 -24 25 -35 -56 54 -22 -14 93 -37 -91 -52 -96 71 -63 67 -98 27 -24 -10 -14 84 -56 -94 75 2 44 94 -38 -23 47 -14 70 82 -54 -51 5 45 -79 -51 27 -91 77 90 22 95 14 -29 -63 1 -30 55 -81 61 -10 -69 17 22 -99 35 -86 41 -76 -99 -48 23 77 -64 -1 98 -2 -77 85 -73 54 44 -62 -69 50 85 -35 -82 -90 -41 -72 -7 -66 64 10 -68 94 -66 -17 -14 27 -27 54 -56 -21 78 -46 -30 58 50 94 -98 -65 42 67 -25 43 25 53 61 84 4 87 -54 89 23 89 -89 -43 -2 2 18 44 -14 -98 -92 10 67 -78 -53 55 57 -32 -58 31 32 -64 89 99 -91 77 -84 61 78 -7 -34 29 26 26 89 87 67 89 89 96 -7 66 -80 -77 -54 61 -20 95 -39 -90 76 59 40 50 53 -82 42 61 -10 34 82 -71 -40 17 25 -48 67 -18 -33 -78 8 92 68 -83 48 84 13 8 59 21 46 -20 52 -28 -36 -86 83 -86 2 34 60 88 83 -23 53 64 -83 80 -51 -52 -61 -43 -70 80 32 90 95 19 -83 -42 24 9 -25 -25 62 -69 97 -49 -40 -100 86 53 13 49 -79 11 -74 21 -33 7 52 -26 57 89 60 89 66 -22 -84 24 70 55 28 39 78 79 7 10 99 -12 65 97 -68 39 13 97 13 -88 0 -65 -45 -14 -98 -36 -86 80 92 -7 -99 30 -64 -74 -50 -60 -67 -40 -75 63 26 24 35 -76 -38 -41 -58 -65 36 -84 -39 -28 -95 -78 -99 -43 -32 -14 0 -30 -94 -19 68 41 -100 92 -93 -22 5 59 17 -80 0 -12 29 -31 -55 -67 25 61 30 -84 32 77 76 -79 -25 93 60 90 -15 78 -51 31 5 95 45 -66 57 -87 -67 96 -32 48 39 23 36 -5 -5 8 65 51 65 -1 -82 -86 -44 -69 -77 73 2 54 68 -10 -44 -94 3 -91 -64 -72 28 -3 75 -62 53 -15 21 -84 53 -54 15 86 -97 87 -58 50 48 -27 -45 59 54 75 42 7 -100 -21 82 93 23 7 77 -86 -40 80 -54 96 -91 79 60 57 -17 -96 -76 8 -71 -64 86 45 34 -16 31 60 -67 58 -21 -52 -47 21 70 2 76 12 -87 -47 -98 80 52 -62 -97 9 78 44 -6 93 56 -46 84 12 7 -41 -90 -62 -8 72 -3 8 -80 -68 -100 -63
-80 -32 75 86 -67 -35 -6 -61 86 -22 -68 -40 -57 -12 43 -9 25 -13 -57 43 -45 38 55 27 -77 -36 73 -60 6 73 -63 -23 18 36 -60 22 74 41 0 93 68 -27 -11 61 6 98 79 -2 -39 35 -51 -69 63 -80 -35 -90 30 59 -38 -61 -31 11 90 80 -85 -1 53 32 -70 -60 77 -2 55 -86 -41 -78 -27 51 -44 20 -62 6 25 -56 -96 -43 6 -4 45 -82 -78 -3 -25 3 5 -97 -78 -43 74 15 87 28 -2 13 16 13 -7 58 76 57 -33 91 -79 -44 40 79 75 -33 -98 33 -93 -78 32 -24 44 -94 -11 -59 -98 88 16 2 -48 -58 -93 30 -82 31 55 43 -49 12 37 -2 98 -10 60 44 -85 97 -10 70 37 55 -87 -60 -96 -40 -33 15 -23 69 33 -14 -59 -11 -60 -80 98 -28 -23 72 -19 -23 -77 73 64 -22 -83 36 62 -58 -90 81 31 29 -46 -89 -13 -91 20 -61 -84 88 -13 76 -6 -98 15 26 69 -96 87 31 9 60 0 -56 -38 72 41 22 -72 69 -86 46 -78 57 -86 31 -48 73 59 69 28 24 71 -22 -42 -9 21 -1 -26 4 -86 -27 26 -66 -72 -52 -90 31 84 -17 20 -83 -74 -56 -65 62 -17 36 12 -93 -86 73 -73 7 74 -81 24 -91 80 48 12 -61 -4 2 72 -27 -73 -100 -81 54 78 -17 70 -86 -94 89 65 98 72 -56 -17 -10 91 -29 78 61 55 -30 -66 66 15 -34 -67 -32 -3 10 -87 33 -9 -20 94 -74 15 28 96 -21 -56 80 5 -43 17 -55 -32 71 74 -42 80 57 -1 -1 14 -33 62 37 -99 -53 -79 -70 -17 94 63 39 -60 22 87 47 -12 57 24 57 -68 -89 22 -31 -50 -95 64 -71 -93 -6 68 -11 -45 -72 -98 52 -44 53 -54 49 -79 57 12 -87 -21 50 55 -37 56 75 -50 79 72 41 62 -90 52 55 -94 10 58 -57 25 -12 14 -84 -34 89 94 -70 4 8 17 -67 -92 51 61 -61 12 -98 24 60 93 26 75 -4 -49 -92 -73 55 -100 73 -46 92 -48 -83 86 66 -22 66 9 9 -68 -55 -43 7 91 -23 93 -87 -82 96 34 -12 8 33 -30 -87 -76 81 -21 -88 73 48 -38 77 26 -77 -46 64 11 63 -93 -40 44 99 -9 81 -23 -7 -92 7 100 96 -61 -62 -18 -10 -56 -60 0 -79 -37 -46 -70 -8 -84 76 51 -40 9 56 41 50 58 46 -10 -25 74 -62 34 37 -41 -6 48 87
71 -89 69 -52 94 93 -21 3 9 -5 65 -19 24 68 16 -78 -8 32 -52 -32 -92 40 73 -50 -45 -13 27 63 -73 -17 -94 82 71 -23 98 -58 -89 -89 -37 -5 10 76 -31 42 -13 41 -64 50 30 -31 -19 -32 -38 29 -18 41 -62 -83 -63 -29 62 -71 18 -45 36 43 82 -64 48 -11 33 81 -48 82 -94 68 -9 -1 20 29 -28 -41 57 41 -28 -25 89 -43 39 22 79 -33 9 -18 -39 50 -87 -52 64 57 66 69 46 -100 63 -90 5 96 64 -28 73 -52 -9 -30 -56 -32 -16 53 81 11 -98 -64 -82 63 -96 87 -80 85 95 100 -99 -59 -95 -14 96 -27 -65 -75 -79 -57 -58 -19 -80 -52 -38 -26 29 -51 92 55 -70 -33 -41 13 74 -100 -100 74 1 16 -96 83 -25 -69 20 -75 59 8 -1 46 -9 -68 -55 78 -31 -90 78 -60 1 -85 -57 98 -45 39 -76 -37 -16 -54 47 8 -25 59 93 92 -25 100 -65 40 -48 26 -60 -25 -2 -33 4 24 -22 39 -47 64 -99 -9 70 -20 41 96 -4 -15 53 -4 -25 4 -49 -30 37 11 81 -36 -75 65 -25 -2 -16 62 -66 60 94 -27 -41 17 -13 27 -47 74 93 -12 72 20 39 -60 98 -63 -65 -31 -17 77 96 -75 -98 -66 12 22 -20 -93 -94 11 -97 25 20 5 -44 97 -66 3 87 68 1 68 80 -37 92 -13 55 -85 45 2 -45 -9 45 -59 12 -100 70 -15 25 45 29 54 32 -78 -1 -68 -2 94 -17 66 78 -22 -57 31 85 -1 1 30 -51 -96 17 58 76 63 -90 60 -71 68 -10 -53 -92 33 4 -8 78 31 38 -97 -40 81 25 56 -39 32 -21 -95 85 28 -38 -80 -12 51 -17 11 17 99 -41 70 -100 83 -7 -76 -80 98 -39 31 43 78 47 61 69 79 -98 -38 33 -71 63 48 33 -54 -43 14 -34 59 -49 -23 48 34 -52 13 66 -20 23 -98 -96 -67 -86 33 -81 -88 -62 83 95 -92 -78 90 9 -78 75 43 -15 98 -100 13 69 53 -48 20 -11 -16 -5 -56 82 85 50 67 98 60 42 -20 -9 -76 54 6 43 10 -87 -54 -34 -4 57 60 -83 -64 4 24 -14 29 -30 -2 -24 72 19 -52 -6 -75 -65 -49 49 -9 21 -46 79 -25 -96 20 -21 4 12 57 -78 -4 -61 -32 -65 -24 39 69 -97 -20 52 -6 23 76 92 93 16 -47 17 58 48 36 -44 -46 -75 -56 40 65 -87 19 -42 18 96 -14
-13 -14 2 67 -44 -39 -89 -78 92 41 83 -27 88 -9 44 -49 -58 20 78 13 68 -7 95 -47 38 47 -48 10 -48 22 -86 -8 -54 70 -43 -36 -73 43 6 -92 -83 74 92 48 98 40 -63 -24 -97 87 -35 -44 -61 -86 46 -24 1 89 -84 -90 61 65 -93 3 -44 91 53 -43 5 -92 80 84 -61 50 6 -43 -48 -67 85 9 73 95 92 34 8 -39 -37 4 60 34 89 85 -87 -16 79 30 24 57 -47 56 -63 85 -45 90 16 51 37 2 65 -84 -29 100 10 -79 90 37 19 7 -50 28 -9 -75 14 59 -67 -7 60 -57 53 -57 -88 69 49 72 -17 -16 -81 86 68 45 -44 30 -80 22 -34 84 -73 -70 -19 51 -84 41 73 -7 -64 -72 -82 53 -72 73 -38 -28 95 83 -55 61 -8 -30 -31 67 30 -1 62 -15 6 -52 -71 -66 -67 69 -12 -91 -28 -2 78 3 2 25 97 -67 -5 47 -81 78 10 -92 -30 64 56 -17 31 -60 -30 -10 -68 93 100 56 9 -37 31 75 -27 86 79 -13 67 32 -94 -73 -53 24 9 91 -76 98 27 19 62 63 -65 60 80 35 30 56 -23 -30 84 -18 69 34 -31 -96 -42 15 11 8 45 -80 -33 -30 50 -18 38 95 -70 80 -27 -17 92 -37 -44 72 -53 -57 84 25 85 -37 -79 -54 87 -41 -41 10 43 -63 -62 -23 93 94 32 56 53 57 -5 64 30 57 51 -42 48 60 55 -34 96 -90 74 -2 -41 -24 -75 19 -5 -67 65 -51 -85 -26 -84 98 -75 -50 -73 77 -71 -75 -71 81 -95 86 32 32 -2 -59 -62 98 16 -46 42 57 21 16 96 35 -78 -51 42 53 -64 -55 -43 -37 79 -24 5 41 -6 -7 -50 43 61 -82 78 52 6 97 -34 -49 -77 67 -68 87 30 -10 83 37 15 -90 -71 -93 -52 -51 60 -81 61 -7 -8 -19 -54 -55 -23 -74 53 11 87 20 86 -56 -51 -43 -93 58 -87 17 -56 3 -96 16 92 90 -75 -7 2 13 -59 -72 74 -76 -63 83 12 90 -30 51 14 -56 -11 68 -35 -51 70 6 -74 58 -30 -39 -91 100 73 -94 96 92 54 -87 -89 -89 76 95 -35 15 77 89 41 39 85 14 28 -69 64 89 6 92 50 44 -20 -24 2 80 20 -76 -80 45 -64 30 -79 95 -18 -53 61 -17 40 -64 -17 65 27 -99 -11 7 -84 13 -10 71 -37 -97 -64 -78 -84 -15 99 72 -97 69 5 2 -60 2 98 -70
-36 68 70 77 -88 30 -66 -21 10 -58 10 18 87 -6 91 -51 37 -43 55 91 7 -82 -53 -12 61 41 -55 60 -96 45 20 3 -90 98 -51 -60 -2 10 20 34 61 -84 -59 -38 -70 57 -66 -95 9 -24 -97 63 -59 57 -78 77 72 -7 37 -2 -24 50 -77 -61 27 -46 -93 -14 68 26 -45 -24 -2 86 97 21 -33 -89 32 -61 -47 -93 -32 -95 36 -75 9 48 38 66 -46 -26 -16 31 -88 -95 -45 4 -4 1 70 3 33 -40 -56 43 7 -27 -29 99 -44 18 40 24 -98 -73 22 -78 -72 95 38 97 63 -71 83 48 -67 -60 -48 -88 -86 -88 -99 -30 1 -13 -39 23 3 -91 20 23 -71 -42 32 -29 -56 50 44 89 33 -26 -70 100 -22 -17 -22 58 -39 22 38 -79 -27 46 -98 -2 3 42 50 47 83 -59 -87 -50 22 65 57 -35 65 -52 19 58 50 0 -92 -26 24 -22 -94 24 71 35 39 60 -90 -91 83 63 69 79 -74 72 76 -62 -79 62 -90 31 17 -90 -88 81 -12 58 63 87 -30 -76 -85 3 -78 -1 -56 69 -89 15 46 -74 10 71 5 -67 -19 73 65 -1 40 -93 -97 -23 -52 -94 -15 10 -71 66 -74 -56 -20 -78 62 30 19 -36 22 -95 -10 -50 -3 19 82 86 6 -13 64 -6 -99 -57 -86 -16 -22 -75 -100 -76 54 65 -40 -70 -66 -98 -16 -96 95 16 -45 -78 -41 25 63 -7 39 32 36 10 63 38 49 -14 -43 -26 50 11 79 -81 1 79 -7 6 100 70 -60 -43 68 -70 -45 24 -39 9 -77 60 -71 -41 -84 39 -12 -24 51 -70 73 78 0 83 67 -25 17 -35 38 48 35 -67 -28 7 91 -85 -68 -36 -78 -6 -97 4 32 -93 58 -5 44 59 -65 -57 8 -29 69 -35 -20 31 5 24 -77 -4 92 -36 82 93 -88 -74 61 -45 -29 62 -62 -2 54 -59 -23 71 88 53 83 -41 -38 -41 -30 35 87 -33 40 19 0 -6 -96 -35 67 25 -21 -96 -32 39 73 64 -63 74 -80 79 -40 -1 -86 -12 48 25 -58 -77 -60 24 21 -46 13 -96 66 -88 56 -24 62 -30 6 43 14 27 61 61 89 -38 -88 98 0 27 -55 80 -49 -32 68 -98 -76 -25 6 61 60 -50 -96 49 -99 -29 31 -38 28 -6 -84 -65 69 22 29 69 64 -10 42 98 94 -81 58 2 -75 61 -41 -66 -38 35 -20 11 58 43 -67 -16 93 39 8 48 -7 -16 4 -36 -77 -18
-92 -82 6 -23 90 -36 43 -80 -22 -77 4 63 19 12 38 -81 82 81 10 55 20 6 96 -51 33 -25 -45 -23 17 -48 100 -97 -47 -72 8 -38 -55 -9 -27 -88 45 11 -5 -79 48 22 36 78 11 -55 -97 -96 89 -80 38 -69 68 -12 -58 -52 58 18 78 -80 40 -21 -55 18 -61 36 24 -85 43 -97 44 50 49 -3 -69 -58 -54 -23 -66 81 -69 -84 -6 11 69 -78 -49 53 76 -13 -65 0 68 63 -96 7 5 -62 -87 -61 48 65 -100 51 79 -100 85 -87 -29 15 1 -2 -88 -36 -62 40 83 -36 -42 -42 41 -5 -69 -89 51 78 -19 91 19 -61 13 43 40 -19 -63 -88 96 -74 -38 -3 13 -7 25 -59 -19 66 12 40 -43 -65 -81 39 95 21 -92 -30 45 71 7 -27 -3 27 -41 36 -91 -79 51 92 33 -21 35 -92 -7 -45 -2 -66 -68 52 100 25 -91 -92 37 58 23 79 -69 55 1 -48 -95 5 45 -39 71 67 70 34 -41 66 3 -38 -55 -78 88 76 -78 -22 -73 61 -6 40 -34 -56 -79 -26 25 -11 -54 -54 78 -78 90 -95 21 -64 -23 -87 0 -10 -73 -42 -61 -23 37 85 53 -85 -74 -87 -97 -79 26 4 53 -63 81 61 9 -93 -11 -96 -94 -76 -50 61 -97 24 42 -97 -90 29 9 -7 41 -91 67 21 16 -15 -59 -64 -87 -81 96 -48 11 38 -66 -15 -36 42 -22 57 -2 -18 18 -86 -9 75 -73 19 11 79 -54 -25 52 -58 -46 97 55 35 -81 62 -57 26 -40 -84 -31 39 -12 47 -89 -10 18 27 19 48 94 -2 70 43 -99 -32 -14 -64 -51 -81 -76 -87 91 87 -49 -69 75 -71 -31 -9 70 55 -81 88 -97 12 90 -67 -1 -92 -40 100 -71 60 46 53 91 57 -39 41 -39 -56 72 8 -68 71 37 -64 40 -34 1 -64 83 -52 68 -48 1 -25 -84 -20 -19 -43 -60 63 -25 -59 -43 -33 7 48 79 -11 -48 71 -36 -11 -12 -29 -74 -82 -91 -81 99 -42 -92 20 -6 90 78 -68 -58 -62 -87 -19 53 58 -36 -33 -99 -97 89 36 100 -52 -54 -53 -17 85 -55 72 -24 -1 88 -42 -97 -21 -59 -65 -40 11 97 48 36 40 15 -33 -34 75 -26 43 69 88 -29 26 87 59 87 -27 -7 66 17 -76 -68 7 -31 48 71 -63 29 60 43 -40 -90 19 -99 -97 70 27 -36 -18 52 -24 -73 99 -1 72 10 -72 -36 74 -81 41 86 -3 6 -33 36 90
81 -2 -21 -69 -3 13 -29 -23 -38 22 96 77 -7 51 -36 -41 -16 19 -54 86 21 -45 33 85 28 -54 -6 50 4 -8 -51 -65 81 71 -19 -6 63 -64 -32 37 -51 86 -81 10 -51 -60 -32 95 -64 44 -87 -1 14 81 -39 89 -24 -30 -40 -30 -14 23 -2 6 46 47 -72 -57 -13 -34 -84 40 85 34 -15 -5 5 -80 100 -14 -96 -96 0 35 -98 48 -88 -17 -88 12 -52 64 94 -39 32 -14 32 25 -41 70 -50 10 -89 -96 60 -81 37 -34 22 -94 -17 41 18 -85 87 -93 55 52 -29 -37 -42 -80 -13 45 67 -31 0 30 -46 44 2 -35 74 71 1 31 69 -68 40 58 -78 99 -6 -99 -42 -39 9 -6 83 -67 -25 -18 -39 7 23 15 -54 29 32 55 -81 -70 -22 -72 -18 64 -89 56 -66 7 -81 64 19 23 -81 -32 -3 59 -66 39 -56 -66 85 -33 -2 90 61 -71 -59 31 -6 34 -1 -38 52 38 -84 38 55 -55 92 6 39 24 -19 -83 38 34 -95 -67 -100 30 -39 -19 -25 77 -19 -75 38 -8 54 -5 7 -39 42 -23 88 -51 78 23 25 -34 -51 -62 44 -95 -95 -35 -78 -22 29 82 77 -11 33 80 76 30 -93 84 81 23 40 -36 83 33 -82 -29 -74 -80 74 83 23 2 -33 -27 -63 15 -84 -78 12 -47 49 -40 -13 69 -5 -33 90 -56 -25 58 1 -46 -15 51 66 -18 -54 -44 -12 67 -57 -55 98 -63 -76 40 -25 -13 -58 20 -82 81 -27 73 -97 1 -2 -93 -29 -76 -76 -47 10 38 23 33 60 -43 -48 78 -42 55 -77 28 65 -71 51 -9 32 -27 60 38 -46 15 22 13 -49 66 41 81 74 -45 5 10 19 68 24 43 77 -19 92 -36 13 -5 -19 -19 -45 59 51 71 90 7 -15 89 -95 -14 62 3 -35 -62 4 52 47 -58 -71 18 -76 -87 -19 -46 1 -81 78 49 91 91 -68 1 14 31 84 73 5 -17 32 -72 44 -93 98 86 -65 -95 -98 49 -71 16 53 37 36 34 0 54 -47 -57 -2 -85 93 -5 -21 7 30 -56 81 -33 -10 -77 51 90 29 86 42 -52 28 -82 -77 65 -36 57 -82 -90 -8 -22 -64 -89 84 28 -79 58 38 -79 -11 -16 54 -9 -71 -48 51 54 88 56 -81 31 -92 -35 -14 -46 86 -60 11 -64 -87 -100 9 85 29 81 -40 -91 -76 -78 -76 86 -11 -25 -30 98 92 54 23 43 6 41 58 -15 84 -20 52 -27
13 27 55 -70 -55 34 88 -49 -46 -48 89 -86 -85 94 -95 19 -32 -51 81 -63 -100 21 -52 -59 -13 -74 34 23 -92 62 -52 26 -9 -64 -32 -24 20 36 -4 2 -82 -51 -86 -52 -28 79 -53 76 -53 13 76 87 92 -6 47 86 -59 -74 -32 83 -12 38 -85 2 -58 84 12 74 4 73 78 5 -72 -8 61 58 -96 72 26 73 -94 26 61 -35 89 -98 13 -58 72 54 1 1 4 -38 -80 79 -33 -36 -55 -30 70 59 11 55 -95 -63 49 33 -1 -68 23 -54 56 84 0 -24 -84 24 -2 34 -79 -96 19 63 -69 86 11 -42 -97 -49 -29 85 84 -14 -51 -69 -72 -3 -36 13 -3 -35 -65 -81 86 63 93 33 10 8 -37 -23 -49 -45 55 44 -65 48 -31 98 57 -79 -32 42 -35 -81 34 89 55 85 79 91 88 -90 65 -84 42 37 -74 -25 57 -13 13 -35 46 57 -86 27 -52 53 -1 24 -72 -90 35 -29 45 67 10 -4 94 -55 44 -88 11 88 17 4 81 91 -100 -95 -17 -89 -7 78 81 7 -34 -47 -26 44 -13 14 -35 80 -53 -83 -98 52 -79 8 -70 26 22 -65 -46 26 54 -48 -80 81 -42 74 -34 18 -33 -81 -64 -71 88 -20 36 6 -57 32 -55 -13 22 5 12 94 -57 93 -86 -89 -71 -31 -44 -14 -94 -82 83 37 -82 -31 2 74 47 22 1 30 72 -22 -27 17 -42 -9 -60 22 42 -7 66 -55 -96 -4 24 -11 2 -31 48 92 93 -16 27 -31 97 -35 35 14 -45 48 9 -82 -31 57 59 -43 -58 6 29 58 -59 -95 -61 -18 80 -57 -51 -72 32 -57 53 -71 -65 31 -73 -50 -99 -85 50 42 42 -8 -62 18 -4 -28 76 -25 -93 50 16 -12 27 10 34 -97 -80 -82 -11 -55 -61 26 -90 63 42 74 -33 -4 -13 69 -81 -38 -81 -22 -40 74 21 65 -47 -25 -12 -90 35 -79 -99 33 27 49 69 -67 -35 67 -30 52 -72 -80 -18 -95 -14 23 -16 49 -80 23 4 -62 -61 -63 -83 78 22 -88 -28 -57 55 -14 -64 55 86 -4 -90 52 39 90 -75 8 74 -84 57 3 -80 15 87 98 87 20 -24 -53 19 -5 -35 49 -50 55 -35 -31 32 31 -97 62 -11 -64 16 -22 -93 -4 -50 62 20 -54 -6 40 -3 21 -50 -36 -12 -14 -62 91 44 -2 36 67 15 83 34 24 -69 -10 -6 73 98 8 59 41 -91 87 -51 82 8 -44 60 -73 -87 -41 56 20
8 44 -5 -87 -4 74 -52 83 84 -73 -12 24 37 44 -88 91 -64 -36 -21 -70 -87 83 -92 85 99 -33 -31 -15 -71 28 -88 -56 -69 -2 -30 42 -57 -20 -100 78 98 -27 -36 65 -49 -31 81 -54 52 -60 -92 -16 -67 -39 9 -96 87 69 -5 -74 -76 -91 2 -75 -14 -20 -82 -69 -9 -22 0 -7 67 -79 -25 -75 -56 -46 6 -25 -1 -100 -31 67 6 -5 18 99 -51 -55 35 -64 45 38 -83 13 -87 -95 -18 69 28 -31 -83 83 15 83 -35 35 53 12 -78 59 40 20 58 81 32 47 -95 52 38 -38 -70 -44 100 96 16 -24 -39 24 55 61 12 19 84 77 14 -6 -20 -34 -26 -84 -71 -33 88 -7 -76 0 -6 81 72 49 35 -7 77 -9 10 39 83 63 32 -64 48 23 -37 63 55 24 55 33 6 55 -81 93 -97 65 -71 4 11 -64 58 50 72 -9 -74 26 54 22 -5 -93 -11 100 46 2 -88 27 -93 -21 -22 95 -76 -60 78 66 -33 19 -5 -67 -32 70 -96 -42 73 -53 24 -83 -63 -43 99 -34 19 -64 23 46 -69 43 47 13 -48 -68 -94 -24 -34 0 -33 -90 82 45 63 61 36 57 43 88 2 73 -86 -34 -71 58 18 14 39 54 60 33 6 -38 30 84 34 -22 -4 57 -60 -100 -8 -12 69 -67 49 39 -30 46 29 -16 -91 44 14 -56 4 21 47 86 -95 -55 31 -44 -30 -76 66 -57 90 32 71 60 31 -96 -80 62 85 -63 78 -61 21 45 21 -83 83 16 -1 -40 35 35 -19 43 -14 0 -95 12 29 3 85 30 69 47 -17 80 -44 -91 -77 -56 -7 71 60 -29 10 -12 -61 10 -68 -28 97 12 77 64 60 48 -35 87 99 -77 -35 -75 -70 -59 -46 7 -6 14 7 -63 -28 -47 66 -21 81 -42 6 -69 12 -48 -6 -90 36 -55 40 28 -30 -42 71 -17 -96 92 12 -56 -67 -86 -82 87 -16 -79 -51 -71 2 86 16 -23 90 -69 40 73 -60 3 83 -15 64 -3 47 -73 91 -80 -41 -4 97 16 16 56 -7 -53 23 73 61 -24 -8 13 87 30 -76 -61 29 -42 10 -89 94 19 -51 -61 87 80 -70 -27 72 -19 5 -73 85 4 -21 56 75 11 18 4 61 -15 -36 73 58 26 83 13 63 24 43 -37 -70 -82 77 -50 3 93 -92 -29 -56 -46 13 93 7 6 15 98 29 -60 21 37 -72 -51 -83 -49 34 -62 -64 13 -29 -49 40 81 -71 10
-89 -24 -57 84 -51 -92 62 -53 47 -61 -46 -57 -92 -27 87 51 -59 59 -52 38 6 -29 -48 9 10 51 3 -21 66 21 -23 37 -49 -45 -48 68 -19 62 -64 8 -74 -65 -25 -90 44 -63 33 10 93 4 -8 -68 57 76 -6 -19 -73 51 -75 36 -32 -32 -14 -82 -25 -19 -91 -13 -48 53 -27 42 39 85 54 42 -49 -19 -76 -4 64 -66 26 -79 -28 31 -80 -78 90 -85 42 -56 52 -92 -30 -33 40 63 3 90 16 66 -73 -90 -6 -89 95 79 -53 23 -98 -46 86 -2 35 -70 32 29 -72 92 -21 63 48 91 -81 35 -8 -33 93 0 66 84 -64 21 97 68 46 61 -98 43 -86 56 -10 20 96 60 4 -32 -4 -64 49 49 -10 17 51 47 -71 -73 3 87 64 72 -78 20 73 18 87 70 83 5 -32 -92 -93 -43 -41 -83 15 -89 -11 94 -76 -25 -7 54 -26 36 -10 -34 -89 -59 -1 54 87 -99 -18 75 -81 89 73 -38 -56 43 97 43 -70 -12 -67 -6 -19 -34 24 13 -24 -97 9 11 17 -96 -22 -78 -60 -41 66 14 57 -73 -67 24 16 37 -69 -43 -8 47 64 30 63 -77 -27 -79 75 -79 17 51 28 68 44 52 0 -31 23 74 -70 -70 44 -63 -11 -64 -97 -17 25 30 -47 58 -25 -21 -68 -57 -58 -78 -30 -35 29 -77 -16 -9 -61 5 -74 41 40 -64 42 56 53 -57 -51 -85 -45 -54 22 -35 57 9 89 94 71 -28 -51 50 -63 -48 46 86 -91 16 -80 57 -50 -25 80 -37 70 -72 -78 -28 -17 66 40 -74 -18 20 59 65 -19 100 -16 30 -57 -26 61 -16 -42 -39 53 42 -40 2 -15 -42 20 -18 -40 -14 -42 -8 -6 -76 -64 18 87 -17 -97 -67 -35 10 -52 95 -94 -5 -54 62 -17 -68 -91 -51 -1 43 -5 82 4 42 54 19 67 -54 30 -39 7 73 -55 -11 65 -73 -54 88 20 84 -58 35 21 -35 -31 -36 -49 58 52 -98 32 -39 -72 9 -29 -100 18 -8 -13 -36 78 16 17 16 -99 86 12 34 68 -19 -100 63 45 84 -10 48 -53 -43 59 30 -5 86 36 34 -86 -56 48 -22 10 23 13 -1 71 34 -82 13 24 -14 -11 9 -43 51 -57 33 24 -14 -96 -8 89 -25 82 -89 75 0 20 66 56 83 90 -90 15 -85 -84 -65 -45 -92 78 92 -80 7 -38 -3 44 50 19 -73 1 -52 -53 -58 -28 -62 -40 -41 -67 -16 -84 -33 56 75 -90 7
-8 94 -92 -23 52 12 -33 -40 -74 -58 57 74 10 -92 1 72 -37 19 52 -68 95 -9 81 -32 -7 -46 -53 25 -51 -46 79 -45 68 -89 19 6 -50 36 -83 99 -79 58 -25 92 -13 74 97 -30 -5 -71 1 55 19 52 -55 -87 -81 -13 91 36 -67 28 -7 53 -87 -83 -52 -7 -74 -63 -63 -4 99 41 0 -53 -77 7 64 22 -15 67 -8 -2 -19 0 -92 43 42 -9 -71 -19 -86 -74 -19 69 80 -56 4 0 74 39 1 -77 3 -22 -22 100 -22 -4 60 43 2 -68 -85 -67 -45 29 61 56 27 -59 63 61 63 -85 13 96 -39 58 10 -54 57 65 -39 -22 7 58 -63 -60 99 -75 -62 26 60 31 -17 -100 -87 -15 -12 37 67 -93 -77 34 -21 -4 45 12 35 -64 88 -6 -63 -43 98 -28 32 -52 3 -60 27 39 66 -45 -23 -59 81 -2 -84 -88 5 -67 -13 -93 -72 -15 81 -96 0 -30 -2 -47 44 -84 -91 25 -66 93 65 -35 -52 -6 77 -97 91 90 70 -24 -25 34 -21 31 -78 46 -27 70 -38 -36 66 -78 -30 2 -4 67 68 -48 -26 34 -97 -61 20 34 17 93 -32 -24 89 -27 -87 8 5 -67 54 -97 -66 35 67 -79 -39 -59 71 -100 -15 15 -78 -17 -18 -53 -95 -89 92 17 94 -77 14 45 98 -63 86 -100 -31 -32 70 32 100 14 94 -58 71 57 62 -71 -38 52 -58 -16 1 37 -100 36 -20 5 95 18 -98 -41 -44 87 43 -55 -87 66 -17 12 -37 -67 -100 -37 -50 58 31 45 41 42 30 -51 60 -14 49 -80 -61 -93 78 -82 37 51 -56 68 2 -46 34 -97 59 87 10 -73 32 26 -79 79 21 -53 80 -93 -86 -58 22 67 37 -73 57 -79 21 -76 -63 51 -23 -40 7 -26 -100 -67 -35 51 13 96 -77 -61 35 -91 -24 -40 20 4 6 36 7 -58 -61 -42 -74 -86 -25 -1 -53 80 -21 -88 -97 69 62 52 20 25 32 89 5 93 -37 98 -21 29 -85 -96 50 45 87 20 11 -3 -49 -29 -25 51 30 20 -27 -54 78 29 84 -74 -97 -79 60 94 71 -65 -96 -68 -60 73 44 49 -65 55 -49 9 -18 48 7 -12 -59 -4 -93 -35 -99 17 -76 -82 -75 46 -55 47 6 86 -82 -76 -95 57 -74 -26 -73 60 39 15 75 -9 1 38 -89 -50 -52 -10 -71 11 8 90 48 -9 -25 24 -98 54 -36 -97 -69 18 14 -23 -81 -17 -6 -45 96 100 -14 -62
-74 -82 -31 -20 -96 61 85 84 -54 -62 -77 46 -55 -56 39 -23 -56 -7 73 -62 -90 37 -64 -91 18 99 99 -59 10 44 6 -59 -5 -39 -48 69 42 -85 48 -42 39 -57 -36 81 -65 88 93 -98 -89 99 -49 100 73 36 -76 -89 -24 46 31 15 -81 -79 -45 75 -55 -5 51 -60 0 87 32 69 -51 -64 34 -75 -100 31 97 -87 75 -70 -53 -1 -67 -78 -77 -95 -35 52 -42 -8 -20 -96 -42 -91 -19 52 44 54 -81 -68 -2 -65 -4 -100 -53 88 -89 -70 23 99 -73 -38 -19 -66 63 81 -47 30 70 37 47 -36 -63 50 42 -31 34 3 -68 22 -40 66 28 27 -25 -67 -58 96 64 18 9 22 -71 -65 -38 -32 -26 14 -15 45 -20 -76 -85 5 82 47 86 50 -6 -17 -23 87 59 51 -82 12 -86 25 38 -69 100 70 66 48 -73 46 38 30 19 -11 -6 43 -78 96 50 49 20 91 34 43 88 -68 16 44 61 63 22 45 46 88 99 33 -11 51 83 -35 -18 17 -31 -2 -6 35 -27 41 -31 -68 -29 72 -1 67 -49 83 60 -81 30 -43 -64 -79 55 -39 3 -71 44 -13 4 -20 87 2 73 19 -10 10 -28 9 -4 53 42 -99 91 -6 80 90 85 100 5 5 24 -76 80 78 61 99 -25 -72 98 -77 80 -91 14 26 21 67 45 -50 57 -53 30 -32 88 -98 -94 -76 -59 43 88 -82 38 -68 57 84 83 93 54 32 96 92 91 36 -67 99 -70 -1 35 52 -72 -33 76 26 -32 1 78 -81 84 78 -23 -55 25 32 41 4 -67 -53 -67 80 -44 6 -43 3 40 100 63 23 -61 -3 0 -50 -12 48 -97 -21 22 25 -72 -100 -21 -42 89 58 -58 51 -61 49 17 86 20 18 -33 26 -43 24 -31 92 -8 69 -18 77 -22 -46 -35 -61 47 -10 -62 -53 -92 -58 9 32 40 -13 -72 10 79 72 81 -88 12 86 -38 7 -40 75 -35 26 16 42 49 -71 -86 -69 42 42 99 -72 51 -10 -8 -69 3 -43 -67 50 -61 31 9 -60 -4 65 53 26 10 91 89 76 -79 -83 80 20 -44 98 4 60 -84 26 58 -58 -52 -55 -44 -48 -34 -59 -39 96 -7 5 92 4 24 -51 -6 11 -60 29 62 100 -3 49 23 4 10 -8 -44 -3 -11 96 -86 48 35 -87 73 33 76 -80 -13 73 64 57 90 29 -85 28 66 -31 71 18 -2 -96 -94 19 -20 70 38 -39 -61 -36 32 55
48 -95 74 -39 4 -20 -25 -18 78 -97 90 51 -88 90 35 -52 -73 -32 43 -47 96 50 -2 29 -24 43 96 23 39 16 70 -24 -57 -78 71 46 36 -71 71 67 -61 -21 12 4 10 88 -77 -98 -99 -33 -98 -14 -6 -71 -89 -97 9 98 -7 69 84 -47 -75 2 -33 59 25 -97 12 34 84 62 23 -60 28 -8 -23 -47 30 85 91 44 49 100 -26 -35 53 42 -23 -12 -46 -60 88 1 98 -6 -30 28 27 -5 47 -91 -78 62 -4 65 31 83 -61 45 74 -65 -39 -32 4 14 72 3 6 -68 -91 -29 -25 26 -92 -87 -52 39 -32 51 -25 51 -72 -38 -59 -71 11 61 93 44 -5 72 -32 -100 -3 37 37 -44 6 -69 45 -5 -70 -36 38 31 27 -38 -18 -61 -55 18 19 61 -32 49 -70 -22 91 52 -93 -83 -54 -49 -41 11 -76 95 -35 11 99 -34 79 69 -97 29 64 -15 -67 60 -91 78 29 87 19 99 -51 -93 -71 -32 49 63 10 9 11 70 74 -80 51 38 -60 10 16 -10 89 34 -29 28 -34 76 -92 71 -7 -73 86 93 -29 -25 88 -65 84 -94 50 17 91 2 53 56 -100 72 -89 91 17 -37 50 57 -19 -99 88 57 -36 49 28 31 76 -71 90 44 -3 35 43 66 -27 63 -17 56 38 18 -9 -19 -15 -8 96 -46 -77 53 42 70 44 98 -14 17 74 41 -97 95 57 -22 19 -22 68 -31 13 -48 43 60 -2 59 75 -99 43 -16 -91 -30 -9 49 -72 46 -65 39 -55 18 5 83 24 -55 83 15 62 -68 81 74 8 -81 56 11 23 -35 76 94 69 -5 61 -12 -22 28 67 71 -47 -47 2 -85 86 -30 99 60 -25 40 -99 -67 31 -96 -21 75 64 -80 86 46 -71 82 43 12 30 46 25 -63 -72 -93 6 76 -1 -62 -50 28 90 -49 77 57 -92 -97 -76 -49 -70 64 -70 -23 86 77 -74 -78 58 12 -16 10 50 -62 6 21 -10 11 44 -41 94 -73 -42 -27 -77 -6 -24 80 -91 13 -3 90 48 20 -53 16 -23 59 55 -99 -19 51 98 -51 77 21 -50 -47 19 -42 -4 -84 -92 -17 21 65 82 88 44 -41 -55 61 86 24 48 66 -16 59 -83 -1 73 82 -77 -8 -65 65 44 70 83 -53 -78 -68 -43 78 5 -69 -5 -82 -57 -43 -76 51 -74 -100 -75 -99 84 14 16 -43 36 -90 -32 -72 34 31 -35 35 72 -30 11 93 29 1 7 36 87 -91
-89 85 9 51 60 58 15 -52 -29 93 81 53 85 -56 69 -10 -32 -71 -81 84 15 34 5 -92 61 -94 -64 -9 5 -36 21 -81 40 -94 -71 -7 -12 -16 49 18 -96 -91 -57 19 61 -33 12 86 -50 98 29 -64 45 -83 -9 -86 -77 1 45 -60 -32 -91 85 -81 25 21 -4 -85 66 -80 -68 -69 79 -66 37 76 45 80 -46 -12 -16 31 11 39 89 -75 26 -43 -62 86 -9 -62 -91 6 -54 -50 80 10 21 -82 67 37 73 11 84 38 -87 11 -65 44 27 94 -50 27 77 82 53 -95 38 -53 93 85 53 -84 84 7 -22 7 28 52 84 -33 48 42 -58 -26 -18 61 74 -85 95 -52 6 26 43 -15 8 -55 92 49 58 -18 -3 51 -60 44 -38 60 51 -98 25 -45 32 -62 -59 54 -94 10 100 -46 -97 14 37 -40 -18 -41 -32 -37 -9 -58 76 -74 64 -54 -40 68 38 88 -30 94 -72 2 -41 22 -32 -43 46 65 -20 94 50 -88 -96 -3 28 -100 26 -29 -9 -67 -66 -61 17 45 37 19 16 55 -51 -2 -9 -27 -90 -40 26 29 56 93 46 -58 -7 4 44 -40 -66 -19 -76 -64 48 69 7 10 -67 16 -49 71 -11 44 69 76 -27 -13 -85 -39 -100 98 -8 92 64 93 46 29 70 -6 94 1 -10 -57 80 9 -1 27 -40 33 85 36 -71 -71 -35 -38 -8 -10 -69 35 14 -17 84 20 -4 79 -71 54 -9 3 -63 -15 25 -19 -30 2 -53 27 7 99 11 33 -30 16 -75 78 -29 -9 1 -8 -96 50 34 -11 94 31 -60 -13 67 18 63 17 -68 5 -90 -64 15 -70 -73 -41 73 14 62 -72 67 11 27 25 20 -39 89 -25 65 36 72 51 -9 42 -9 -100 71 12 -68 62 -63 27 -20 40 -82 39 -88 78 27 88 96 91 79 96 -28 94 82 -13 67 85 35 -78 17 1 19 76 -26 -82 24 -20 -55 72 -60 -42 4 -21 17 22 -94 -61 -92 2 41 49 -26 -41 72 4 -84 96 67 89 9 31 26 -2 -61 -89 -84 97 75 -14 -77 -63 37 -84 -19 20 -93 68 38 43 15 -73 -96 -87 -99 -95 84 -78 55 -99 -37 -46 -91 -49 19 5 -74 57 52 68 32 26 -45 -62 -83 54 -83 33 7 55 -65 95 45 22 -30 60 55 -77 -83 -53 63 33 -78 31 -1 5 -70 -9 35 33 54 97 22 -71 6 44 -99 47 -48 93 -76 8 98 95 9 38 -52 -21 -58 -8
70 -22 -58 88 28 -22 98 32 -62 -42 -48 -39 63 89 77 98 23 -9 -45 -99 68 58 66 -34 72 -39 17 6 73 -59 46 3 95 98 -76 -66 82 -62 -57 -58 -36 90 -3 -39 46 -11 -5 54 49 91 -22 54 89 59 -79 2 -53 70 31 -78 -61 4 -54 -96 30 27 35 -19 -6 6 1 97 15 96 -87 22 -80 14 -62 -57 -49 -17 50 94 34 -90 64 -9 -34 -83 17 -53 6 13 99 3 -39 -29 80 43 -32 47 -66 -88 -53 19 -8 -73 -95 16 -76 -6 -96 93 -53 38 87 42 -44 25 76 -66 53 -4 70 -18 13 -20 -42 -80 -26 -86 99 -74 -6 -35 -54 -62 -7 9 19 -78 70 85 44 50 -39 -21 60 87 -55 -49 39 3 36 54 67 37 18 7 -85 -20 52 -34 -26 49 67 11 -54 -60 48 -2 24 43 -8 -53 28 51 -4 17 -33 21 62 87 -58 -76 -12 -3 48 -96 28 93 17 0 -67 -41 -10 2 91 24 -2 -15 42 91 -82 1 -33 -53 -53 82 71 -74 86 13 -29 -21 52 62 2 -9 19 0 98 53 -56 -87 -37 10 84 -38 -37 -56 -16 -76 55 -81 100 69 1 5 23 19 24 74 97 -1 63 -84 92 -83 20 36 48 -8 -18 -67 -62 82 -100 67 50 -41 -96 25 -62 48 40 -44 -100 50 -49 -92 75 -59 -28 63 -95 -90 15 -85 -68 -39 39 91 -7 -39 -94 -27 93 -89 40 33 -70 -84 98 -43 -19 87 53 50 -44 79 42 7 -75 53 52 -6 32 25 -82 86 74 38 79 -27 86 -55 38 -35 -74 76 42 83 46 10 43 -17 -88 2 92 54 -67 -99 -25 -64 72 43 -12 80 62 -62 -88 25 -74 89 -40 26 -17 -84 -75 16 -14 -43 19 -65 36 78 64 -40 -60 42 62 -85 -63 -80 -34 -48 -40 68 70 37 4 -78 55 -48 54 -79 16 -14 -16 3 53 -68 100 81 -90 7 -27 48 17 -49 27 35 -51 41 61 23 11 -30 30 -97 29 -95 94 28 62 29 16 -63 -34 -36 41 81 -19 -79 85 88 24 -25 -10 -45 -69 -71 -78 30 -62 75 17 -63 -96 -10 76 82 -39 47 53 51 -75 65 -67 -8 97 -38 96 -70 29 -13 65 16 -31 -87 78 70 -65 3 27 -22 22 -13 56 -19 -61 -1 91 -12 -60 -6 56 73 -35 42 63 -38 22 -41 -46 96 -36 70 -5 60 86 -56 85 78 42 -49 -48 38 -46 73 -82 40 91 -87 72 72 -32 28
-2 54 -77 -88 76 -24 78 -12 96 4 -10 -22 21 21 -67 32 -64 43 76 75 -100 43 -61 98 -26 53 -95 14 -26 -65 10 8 -61 25 21 88 99 -13 53 65 27 70 -23 -42 -92 -6 -11 -16 81 -88 -46 11 -53 -35 21 -38 44 90 -43 -93 70 40 25 -27 -3 -15 76 -70 4 13 35 -52 -49 42 -14 -56 -20 98 76 -67 -90 -17 88 -78 100 -31 88 72 21 44 5 41 67 91 -43 -6 -73 -59 2 92 31 69 85 74 -93 -30 -19 20 -41 -95 -14 10 -63 24 -17 60 88 -17 22 -88 -44 93 35 -58 -50 11 14 4 94 -97 1 42 77 19 -79 90 20 -98 43 30 -70 -5 32 36 -21 31 -68 -7 9 -96 29 -16 54 -77 -5 63 59 -63 -14 -89 68 1 3 80 -83 15 -99 57 -64 -15 84 76 -22 31 87 -47 -91 -32 -52 -83 -34 66 51 -90 -87 -77 -12 97 -59 2 -90 -89 44 -35 74 -8 83 65 19 -47 -43 -15 -26 -39 -50 93 -21 9 42 82 -100 59 18 23 -13 -19 -66 21 -36 92 17 -88 50 24 -37 56 62 9 -35 12 -15 14 25 5 63 85 -18 -64 95 9 -80 83 31 20 45 21 -91 -25 96 49 53 39 -93 -48 -12 -49 14 -97 32 -61 76 -87 74 89 45 77 -1 50 80 -5 -77 77 83 1 -92 -70 82 -99 100 -99 -91 54 25 -20 -19 -84 10 35 -17 -100 23 -1 29 67 18 -96 -65 -29 -26 77 -45 -52 33 -86 46 41 72 84 95 -19 -85 -53 89 -92 78 24 45 -59 -34 61 48 -95 -46 30 -10 -85 -87 14 -87 42 -82 58 93 81 -17 -52 31 -87 68 26 5 58 -94 18 -18 -27 -17 -89 83 -86 91 -90 70 12 65 -82 100 18 -31 82 29 3 1 90 89 -91 10 -8 72 -85 -90 93 -16 -2 -50 -13 -60 -99 69 57 74 -84 42 16 43 25 25 56 4 54 -81 -73 -56 -77 24 0 100 74 80 81 34 -14 -1 50 -58 -98 97 13 10 -48 80 -87 -68 -32 92 -45 44 -71 83 1 -40 74 -31 -3 73 22 1 17 -19 -92 -26 54 59 -22 -58 71 100 62 62 75 64 -51 30 -100 71 -41 -70 -34 -94 100 -70 92 3 -87 77 -8 70 91 -65 33 -66 -36 -53 33 -70 -36 -86 -28 96 -27 -54 21 -78 -71 -52 81 87 8 42 -74 -64 -67 82 69 68 -94 -13 99 2 -52 -70 72 -14 -54 96 -35 37 -49 -4 46
54 -47 18 32 -34 26 83 -84 36 -2 49 28 -37 93 -17 88 -2 -64 95 -16 78 5 12 100 -72 -77 85 0 -53 -25 -47 86 74 -27 -10 87 -75 85 56 -50 -25 66 -54 19 48 69 -37 -11 -95 -71 96 62 -48 -39 -43 15 -29 -17 -30 -88 -77 -15 95 39 -72 89 29 -33 -35 89 -62 -47 48 44 -75 53 67 7 -76 17 -95 87 -65 79 -90 -45 0 6 47 29 -100 -16 15 -34 -82 -81 33 -62 82 -41 99 -70 50 72 28 -47 -2 61 -1 15 -17 66 13 -13 21 6 -97 3 67 93 -98 20 72 18 -21 -2 -97 27 -76 -1 -3 -32 84 81 -60 11 -76 -96 -36 86 23 -9 17 -56 19 90 -59 -43 47 -58 -100 69 88 -25 -18 -23 17 -51 -29 95 -28 -66 -54 -12 52 78 -74 77 -81 -72 -16 8 3 74 70 33 -91 94 4 -30 76 43 -99 87 -3 93 88 -45 -24 16 -40 -69 -62 75 20 99 10 -54 -80 -71 -1 28 14 57 79 18 -83 27 78 25 84 19 79 -79 12 53 -59 -75 -47 27 -22 -93 74 -95 84 -88 56 -38 -66 76 -86 -3 46 -19 -77 -58 -5 -36 -72 98 97 -81 -6 -29 -45 -1 24 54 92 74 25 50 44 -94 71 -90 -75 -25 14 -1 -40 -24 9 -73 46 -42 -100 -88 77 59 -77 -14 -92 85 8 39 -46 -52 76 87 -94 96 9 97 -77 -49 -72 70 14 68 -73 64 32 -100 69 58 10 -93 -24 27 -12 -52 -87 78 -24 13 -7 90 -77 81 -12 -10 -2 -26 86 31 92 -49 94 19 -28 74 8 -29 -61 -57 62 -13 3 -58 40 -48 47 -8 88 -75 -8 -72 7 40 -13 9 24 -99 -61 37 -16 23 -91 -27 24 81 59 -85 -35 28 98 1 -99 47 -37 -98 82 -25 21 53 72 -48 49 76 -56 52 17 23 -47 -49 40 52 -92 -11 -76 -2 -74 72 -97 93 -3 -63 46 5 -98 82 -77 -100 -23 48 73 68 -7 57 -100 -24 95 -48 0 55 22 18 52 50 -3 94 27 -33 8 51 -84 64 -74 -48 -19 62 75 -88 -22 -3 81 48 82 16 41 -92 78 73 20 -61 84 10 -43 85 22 -60 -65 15 -31 63 -4 100 57 -7 49 -82 -35 71 11 48 4 74 -34 -33 -98 -93 11 72 -26 -1 76 -82 90 55 55 26 -99 0 37 -19 -37 21 60 78 -78 87 -84 14 26 19 -36 40 61 -29 62 -23 -11 98 55 63 -36 82 -23 -90
37 -91 -18 -30 75 -52 -12 -42 -33 19 46 -49 -7 65 13 62 -8 43 75 -44 -75 -62 -16 33 -87 -48 -10 -41 -11 -86 93 -36 -55 93 -86 -51 -12 -23 24 77 42 46 68 -21 -10 8 -96 21 81 -7 81 57 91 45 -42 -35 70 71 -99 100 -35 -8 78 14 95 55 -77 -71 -55 -17 -87 -29 -16 41 -75 -96 -34 -25 -51 -6 -81 51 37 -79 -81 8 -79 -81 9 -60 -38 73 -26 76 67 74 59 1 23 -1 -65 -87 72 -22 -51 -91 -14 28 46 35 87 -3 -33 63 -25 -16 -60 78 -100 -32 -56 -84 -42 -61 1 41 34 66 62 -52 -29 -5 93 -87 -36 -67 -53 -38 93 -8 -16 14 -70 57 33 -70 54 -26 45 -54 41 -10 43 21 59 -88 -10 -41 75 -72 31 -30 55 3 -37 22 95 62 -30 19 34 59 96 45 11 -85 65 -65 59 -87 -2 -19 -63 19 18 51 52 -44 18 -76 -72 -13 -24 95 -76 97 -8 -38 -95 -49 -70 72 -34 18 74 -82 82 -82 7 32 28 85 -72 29 19 -3 53 90 -86 51 -46 -51 59 -53 -3 -62 -11 5 15 31 64 59 84 17 29 -26 -91 99 15 97 27 -93 82 35 82 -2 85 99 -35 16 -34 47 92 95 -84 -67 -86 95 46 5 58 -34 -83 -9 -21 50 -29 -60 99 28 -60 -30 43 82 -66 -22 43 -82 1 -94 -60 42 -75 -84 58 -5 -29 -83 49 -7 28 -67 -81 -84 27 59 -87 -99 -11 53 -1 51 -2 26 85 -72 -4 -92 -55 -21 -84 -87 95 35 -48 71 -74 8 81 87 26 26 -16 -60 39 -6 70 53 0 20 73 -69 -37 -93 -68 12 -85 80 -53 -16 -89 -8 6 -82 99 -10 31 2 54 -48 -3 -18 -58 -88 -36 -84 -90 -64 15 99 93 -70 5 -73 67 -64 -47 -38 -14 -55 -55 61 -7 11 -85 3 -35 63 14 32 59 1 22 -50 -6 88 -8 56 -25 85 -17 93 -62 -61 54 -72 -38 -34 -45 -56 -92 18 22 90 -52 -80 52 73 49 27 6 48 42 -47 -84 35 74 -70 55 -74 -34 -83 -87 -2 -23 -17 -28 -1 15 -31 61 -32 -38 -55 88 -18 0 -48 34 -21 -78 7 93 -6 -99 0 -1 66 13 23 68 -36 -60 28 87 -74 35 -24 -91 86 -55 -38 -32 30 -89 25 -2 -79 34 83 -33 16 -9 31 -30 24 94 3 8 52 -73 -2 74 1 -11 59 -4 -93 -52 59 71 -79 -75 66 84 49 65 90 -56 -29
-55 -43 38 51 66 18 98 -13 -32 45 40 53 24 -84 28 63 62 -1 -16 -37 83 -48 -59 -81 -20 2 -64 -33 0 83 63 -74 -20 35 -43 -56 -90 10 23 92 -62 4 -50 88 74 99 2 -77 92 22 -96 -32 -22 44 -9 -48 -74 -52 89 -42 -6 -3 95 50 27 -16 75 83 19 -33 49 -23 18 -80 -92 24 -43 86 -96 -47 -51 63 -16 -4 -62 63 45 75 -51 -56 -62 75 -31 -21 -69 97 -48 -81 56 43 63 -38 -16 -90 4 30 85 -29 89 -93 -27 55 17 -1 66 -55 100 57 50 -36 -93 -47 -66 31 -55 49 -13 -61 -69 26 48 46 -82 52 2 52 -59 -65 -60 68 95 88 85 -12 27 -100 59 40 58 -66 1 32 -35 -38 -99 -13 68 -65 35 -28 -52 11 11 26 -13 -19 -62 5 79 -62 38 -26 -31 -23 -78 99 -83 66 33 59 -72 91 16 91 25 -23 -5 49 34 -100 30 -82 -24 -1 -80 -24 -60 -65 -66 -68 20 -16 -35 -46 66 86 45 -61 79 -82 77 -48 -8 8 45 71 46 30 -44 -83 -59 20 -86 27 -84 17 -35 22 -92 91 64 -99 43 -87 33 92 72 86 -26 56 91 -38 39 -2 -74 -57 -17 9 -20 1 -10 -67 98 -30 -48 84 1 4 -28 3 25 31 29 33 -51 -13 63 -62 37 68 18 -52 -74 7 -61 81 -54 -20 -15 4 -84 -40 -36 71 94 -94 55 -12 49 -34 33 -74 30 -87 -22 75 4 8 -79 48 43 4 62 -35 -100 69 71 -75 93 -66 -83 -25 25 78 5 23 -91 11 92 -19 96 -42 -71 -73 -29 67 -20 5 76 62 22 -63 -47 59 -5 96 -6 19 41 7 65 -12 19 67 -66 66 31 74 71 24 -51 -96 -43 -96 80 -46 -60 0 45 -91 -68 -92 81 5 99 77 3 36 75 -98 -41 -8 -39 -16 -57 86 29 -26 -53 -87 -96 66 81 25 -93 49 40 -72 -37 61 -51 85 63 6 66 -8 56 -36 89 -54 20 -37 -86 0 -39 88 65 42 -14 -96 84 -13 15 41 -6 24 -24 11 70 73 57 63 13 9 -25 77 38 22 25 41 4 -92 47 -12 -89 91 59 56 18 -22 -15 -32 32 21 -24 -65 69 -35 -9 51 -4 -37 100 -38 44 -3 -87 14 -11 -62 -28 64 66 -65 69 -74 -98 -25 -56 5 54 -12 27 19 99 98 -48 -86 -7 30 27 28 -73 -17 8 -2 -39 84 89 54 -9 -50 -26 55 -69 63 -50 -13 20 48
-32 -93 87 99 47 -53 -92 2 75 39 -13 45 -50 -89 -99 94 -79 -32 11 -63 29 -35 -7 -84 -61 -10 -99 -28 -21 93 -6 -38 87 -17 -54 97 70 -28 49 -36 60 62 88 -27 8 -41 -27 -92 -19 -29 -77 26 33 -20 -64 50 -25 40 72 -91 -53 -92 -7 -36 -77 -97 91 23 -90 33 -50 22 -20 -53 -96 60 65 72 79 -23 37 -83 54 13 67 -62 -45 24 60 68 -18 -56 -29 50 -38 39 -10 -100 -41 -21 -52 6 3 -62 59 4 -23 80 -71 20 67 -71 70 -83 -27 25 39 52 40 93 31 90 29 86 6 27 -47 6 -53 -65 93 68 28 41 57 -21 -64 -65 29 -15 -27 34 -63 52 -66 41 52 56 -32 -42 57 43 -31 98 -4 -39 -52 -52 -37 0 -70 31 54 12 -48 87 -5 -91 -12 21 57 72 0 42 -17 -87 -96 -11 -12 74 87 -59 -10 -71 -98 50 -2 15 -90 -53 -77 -32 -2 -26 32 -88 -21 87 32 -29 72 59 -97 -3 -75 85 -51 -29 -95 -36 -95 -25 47 84 77 -84 91 -8 -78 -16 -65 60 -68 -79 52 17 -61 41 28 39 76 61 -66 -78 54 76 -6 -31 45 -7 27 -8 -77 -41 -100 52 51 93 100 90 95 63 -28 84 81 71 -29 32 2 4 -47 -66 -54 65 85 3 17 34 2 -11 -88 -87 16 24 43 -7 18 13 -98 7 91 53 29 49 -62 -30 -14 97 -46 83 -43 68 -63 91 -56 -66 39 73 31 54 -60 48 -26 -16 -23 58 74 46 81 -54 -44 -80 -74 -55 -100 84 24 -32 -20 -12 -93 -90 -4 -32 27 -32 77 21 -87 -95 79 -43 52 50 23 96 -65 -95 -5 -90 -40 44 41 8 67 39 -69 100 61 -97 76 33 69 -41 -69 -10 -96 -97 -19 -93 -14 8 -80 -84 5 82 78 64 56 64 71 55 -21 36 34 -70 92 10 -37 95 -17 -48 66 -76 100 -91 49 44 -48 13 68 37 37 -74 -31 -68 84 81 -30 15 50 9 -48 10 46 -9 -87 -31 -94 38 -48 -37 33 69 68 -84 15 -93 69 -81 14 59 59 -46 76 77 21 -58 -95 42 -100 79 -69 27 -40 40 40 63 -5 -26 38 39 -6 -83 3 -59 59 40 3 -70 -66 -99 -37 12 32 58 78 -63 5 -39 -93 -5 91 7 4 -35 -91 -80 -73 -98 -61 31 99 -16 -53 31 -81 -12 18 -21 -74 75 47 -58 -53 39 92 -4 -43 -97 16 30 8 -90 11 -13 -42 28 92 45
-93 -94 3 -27 48 85 86 -14 17 80 -64 -59 34 62 95 35 -70 -17 -31 -81 -26 -31 -95 38 37 -78 5 63 96 62 -34 -35 66 -59 20 -55 39 -10 -22 24 -44 -57 -76 85 -50 -86 56 -21 -10 -40 -16 96 -20 77 18 52 74 -43 85 100 29 -7 48 7 -31 50 19 -58 41 56 -4 -12 -93 -64 -29 16 -27 -86 -46 -93 62 68 -57 -74 -52 -47 -15 -56 68 -65 58 57 16 -4 -91 -40 -91 72 -69 -93 -89 28 -63 48 -5 50 -27 -96 95 -41 17 73 50 73 48 -73 -58 50 -7 70 -1 96 79 -60 62 38 -47 -26 -65 64 -97 37 -67 87 42 53 78 67 57 -77 -84 93 -12 -5 47 37 89 -21 -44 14 -57 -99 35 81 -68 -71 -97 59 -96 -40 -96 -31 32 -21 -89 -22 -83 -2 15 75 -41 24 69 72 16 -94 -72 80 21 -45 -44 -81 -69 38 -62 -48 97 0 36 -87 99 -66 -8 -52 -100 17 -28 95 53 36 -30 70 -97 52 -82 44 33 12 -100 11 30 41 -42 -55 -52 63 -74 31 -69 -52 29 -88 59 -83 -73 44 -90 -51 84 -81 43 -55 10 43 -37 -5 -93 87 -51 78 -60 54 45 -41 3 65 62 8 -94 -69 69 -11 88 -15 73 24 -31 10 -77 28 22 -45 72 12 -45 -73 77 29 24 85 12 -17 92 -33 -22 82 -14 51 19 85 -43 -73 47 3 -1 -7 -55 -43 35 17 70 -85 -47 -36 -92 -54 64 90 -3 -42 79 49 -94 49 -96 65 -42 -12 4 -12 -69 -82 90 -33 67 84 -9 32 -88 31 44 25 -45 52 -2 -51 46 -32 -14 41 -54 1 97 8 42 -71 -96 28 31 -52 95 46 63 65 -51 -35 -30 51 -30 93 -21 44 99 -11 -34 73 -14 -32 -86 70 4 -27 -94 -44 88 -3 -53 -46 63 68 -99 -98 48 37 -67 3 84 50 71 -23 -63 -50 -59 52 -79 86 51 -73 48 12 -64 30 -58 81 83 4 -32 67 -74 32 -72 86 -94 92 -3 7 19 -55 -16 -70 -66 45 -55 -35 -83 -28 75 -17 -22 38 -20 51 52 54 4 -74 69 -63 69 -14 -33 -57 66 42 60 98 94 -48 -87 81 -82 35 2 -17 -100 93 92 94 81 -63 -75 -92 9 96 -13 -81 76 100 21 31 88 -43 1 -44 37 -31 -45 -50 7 -90 63 -84 57 -47 41 67 -75 30 -90 44 78 67 79 80 -38 14 20 43 -25 -37 99 31 63 -20 52 85 85 -29 -36 43
60 -94 -76 86 -36 -15 23 -56 -38 -62 -48 56 74 31 -93 39 76 -86 50 -49 73 28 31 -56 -81 61 77 -96 65 -80 -53 -24 87 -19 -11 -84 45 -35 -26 -61 -16 -13 74 -41 84 -6 97 -67 96 75 -67 -69 1 93 -81 90 6 -81 27 60 -73 -88 -44 0 1 -35 -10 -87 95 -15 64 54 -74 -21 -98 -55 90 42 2 98 -87 -54 2 10 36 -10 -43 91 49 -41 6 -55 11 -76 29 42 -40 -40 97 -28 76 -22 36 -40 0 -35 44 -83 99 4 -27 95 100 -9 31 100 2 -41 -80 12 44 87 26 7 -37 -98 90 -99 -100 -22 -66 -20 97 73 27 98 93 -53 69 24 -12 7 80 -100 -81 -41 -24 84 90 3 -73 19 1 -82 40 73 84 -91 56 71 -51 -29 -95 68 36 73 -26 16 -88 -33 -80 -71 -8 77 -47 -62 -30 -6 55 -78 18 9 96 84 -54 84 39 40 60 -48 47 -63 -98 -18 82 47 3 -59 -50 -68 -34 -56 -68 81 -93 97 74 48 -64 -75 66 -19 40 -43 60 -4 -42 38 79 -62 36 -19 75 -3 89 -57 -48 35 24 32 75 45 66 45 85 -6 12 -93 38 -13 20 -78 -61 -4 68 59 -75 52 48 -44 96 43 -22 -57 94 4 80 31 31 11 95 80 71 -70 -5 -87 72 73 -24 18 81 -40 98 -59 -47 -28 76 -17 74 -97 -37 42 97 -15 -80 67 -53 -99 -31 92 1 68 -55 -55 -29 34 2 82 26 45 19 65 83 -21 52 15 -73 21 -42 21 -3 16 -66 82 -94 -90 -54 11 -85 20 -47 17 -87 55 33 52 69 43 92 -17 -41 77 -72 -24 76 49 61 100 94 -18 8 -10 17 91 42 58 -50 -49 -29 46 61 -47 44 -34 -13 76 62 25 3 86 -97 -75 -88 -76 -95 1 -91 -57 16 -20 -41 -89 42 -31 19 67 -3 -49 -20 -5 47 -5 -89 -42 14 -83 -99 66 11 84 -12 32 -13 -83 -55 -55 68 25 48 -23 9 4 -51 97 -5 -42 17 61 90 -55 80 74 59 16 63 43 85 70 97 28 90 98 -100 -91 -31 -11 -20 -23 47 83 90 -65 -15 64 49 -50 78 70 36 -24 -95 88 -8 -47 -5 85 48 20 -37 24 -18 -91 5 -97 29 -66 2 -63 97 -50 -97 -83 -48 -45 76 -21 56 -58 -44 85 -63 64 55 -56 -15 -54 -24 93 5 -36 29 97 -17 -8 51 -37 -38 -44 94 81 -46 67 58 35 53 -45 -88 40 61 69
-96 3 -46 -5 -43 -73 30 -80 -3 43 -63 94 65 -46 -95 -27 83 22 -93 72 -83 39 -60 52 -4 -56 86 88 83 -90 -18 86 21 -25 -45 -87 -22 18 20 -82 77 69 -65 11 22 61 -46 25 -86 -56 -49 -2 -46 36 -47 84 41 62 38 -92 97 -95 19 -8 18 43 -8 5 90 -55 -37 5 92 -6 4 -85 -71 89 -58 49 50 63 2 12 85 -53 96 51 18 47 -37 28 -84 45 90 68 51 -76 41 92 -73 59 31 -96 -78 21 91 -96 74 4 94 -66 7 5 51 -42 -54 95 -95 -34 -52 -84 38 -98 -86 -3 44 -58 52 32 -15 -17 -93 -62 -13 100 61 34 -61 -50 -68 46 4 -51 66 54 98 37 68 -68 80 -11 -77 88 39 -21 -80 -37 -82 -80 56 42 32 26 23 -75 76 85 60 20 14 -69 59 -68 -17 -56 -87 37 73 14 73 49 20 -45 29 -20 56 77 -25 -59 -40 -40 -75 -3 9 66 9 94 81 -1 -35 -20 29 -95 46 -50 62 33 -13 -53 20 -71 14 -33 -30 100 -13 -52 53 3 97 88 43 41 90 -68 -3 31 70 78 -12 40 -88 26 -75 94 11 -44 -99 -8 -44 -84 -16 -37 -55 -54 42 42 56 96 -89 -76 -56 94 11 92 14 -65 -94 -70 -28 -41 26 -69 16 -31 10 76 -77 -28 -81 18 -38 -77 63 -67 2 73 -76 -11 -1 1 82 2 -61 -27 -7 -100 12 70 15 -62 57 -72 -65 16 94 -25 -97 67 -73 -63 9 18 42 22 65 -82 -97 33 -13 -32 -74 -75 -6 -6 -93 49 -100 -76 -98 -69 -28 84 -49 27 76 -82 -50 84 59 -4 68 33 19 -81 -31 68 -14 -65 -90 73 -45 -64 99 -51 75 12 11 -71 -92 -68 96 -74 -88 -60 -53 68 1 -78 -9 -93 14 94 55 16 24 57 -25 -81 13 -70 71 -23 78 7 -82 61 -67 90 -5 95 22 64 -33 64 82 -66 -7 -53 -4 56 49 4 -52 97 22 -76 -63 31 -2 82 -87 61 -70 -58 86 -53 -73 -61 -38 -63 -26 -33 -89 -87 28 69 -3 57 62 -3 -23 -62 10 92 8 -40 75 97 -90 -100 -11 -98 -85 46 18 84 -4 -53 40 -68 -52 -95 -82 3 -98 96 72 -33 -46 53 -32 95 24 5 -40 22 -68 -66 45 -65 5 3 85 47 -30 16 12 97 -35 62 21 -52 63 -66 6 -41 -82 -82 -53 -15 -24 -54 93 -22 -90 -91 -68 -11 43 -69 74 93 92 -25 -8 -29 90 -13
89 51 -8 54 67 35 -55 -39 -48 21 23 64 23 68 23 78 70 34 -46 93 -57 -20 23 9 94 39 46 60 -13 -52 12 51 -100 85 -42 91 90 -84 -50 -10 -85 43 -56 19 31 -74 100 60 79 89 -10 46 37 8 85 -46 96 20 8 64 -36 -24 -27 -22 31 -83 17 57 -90 -9 -38 79 89 0 33 78 -21 -93 -54 -25 33 5 59 30 23 18 -73 95 73 94 93 79 -36 57 72 -42 -100 94 -96 -21 56 31 25 -99 10 -62 -13 93 -81 6 -49 24 -77 65 6 -20 -80 -51 -75 91 -76 59 39 -50 -36 -58 5 2 -6 -36 -7 -27 -36 -80 -52 -17 -56 71 -42 77 98 -84 -82 -84 -48 -44 -32 63 62 -34 98 30 -62 32 -34 -80 74 98 -7 59 43 -65 52 -30 54 84 79 -19 -52 -19 -38 28 -63 29 43 -14 93 50 6 88 49 3 -80 2 -53 64 -67 27 42 -21 -7 86 79 22 49 -87 19 -20 -16 60 -59 87 -15 17 28 -19 7 -28 55 9 64 55 42 5 -84 79 65 82 -59 -36 -96 -33 -31 74 -92 -20 38 -20 -56 -28 -41 -66 -4 -90 -20 -99 20 2 -98 -70 31 -41 27 -100 16 36 4 -1 77 71 19 -30 93 55 72 13 15 -53 35 -20 97 -12 94 -4 8 93 -58 -40 -96 -39 -3 22 44 -52 -85 -19 6 -68 69 79 76 75 -17 90 -94 -88 64 41 -84 56 -19 51 -85 -51 92 -9 -71 -6 -65 11 98 -21 -68 -19 9 -79 50 4 57 -58 53 59 -47 0 57 94 -85 15 71 -35 -1 -7 51 51 79 75 -54 -51 -15 0 43 80 63 26 -85 -9 -67 44 22 -91 67 -65 -52 22 37 53 89 26 -39 48 -9 19 53 -24 37 -28 -18 -9 -94 2 -82 -6 17 -74 23 40 32 -99 -6 53 27 97 -91 -5 41 64 96 34 -20 -21 -89 -28 51 5 -33 -17 -22 0 -67 92 -65 -95 -74 -50 -62 -82 61 -3 66 8 70 -53 -13 -77 96 69 -65 -46 -86 -86 14 79 -90 66 71 3 -50 -66 -8 -39 80 -36 22 -4 -36 38 87 -18 24 55 -69 77 -36 -85 -31 -43 -50 -8 65 88 27 -24 80 24 93 79 30 69 -30 -60 -37 100 -43 -74 -10 -98 47 61 -50 3 28 -7 81 -36 13 56 -78 -24 -47 -90 -29 28 -72 79 59 52 22 48 43 -34 -80 71 -74 -55 17 -12 63 -30 -86 -17 -27 70 -32 -10 -5 -12 53 -92 -17 -97
65 -49 75 -22 -65 62 86 14 -41 -46 -19 92 -15 -60 -89 -70 57 72 -12 -91 -65 -47 44 -92 -49 -36 36 -91 -10 -49 74 95 6 84 -60 5 93 82 29 83 34 67 30 67 53 -44 7 18 35 70 89 -69 -44 16 32 -76 38 23 57 67 24 -89 -1 -54 57 29 28 -34 83 -25 69 50 81 42 97 -47 56 13 6 -38 27 -67 95 -8 18 35 -42 -52 -100 59 -37 -72 -75 87 -83 -27 -58 -11 -13 -68 -49 -40 99 90 2 -74 -97 37 -4 -72 -86 89 46 -55 8 -73 93 -5 2 39 -28 48 50 96 0 1 95 47 88 48 78 -24 3 -76 -76 29 -92 -3 37 -4 -32 10 4 51 6 -54 100 0 33 39 97 55 -66 61 87 99 20 -52 63 28 -2 66 28 94 90 69 12 -44 28 -41 -6 75 43 6 -62 -17 -51 32 -67 65 84 -53 100 -4 21 69 -84 31 -49 73 -48 23 -52 54 -63 -9 39 -94 75 -74 81 43 -51 75 -55 -5 24 32 -95 58 6 11 -60 -57 -56 -46 -23 79 79 54 3 42 -51 25 -38 56 -16 22 51 71 -84 56 86 -32 -17 72 -11 -24 53 60 -48 30 -98 74 -68 -99 100 -16 -28 89 -13 35 62 18 -31 13 19 -85 34 83 -54 -10 65 -67 81 -1 -85 -85 67 -23 -57 54 45 -38 -98 -53 -78 -82 -50 -9 28 -2 80 -14 -96 -79 -82 -96 67 -88 -96 27 -91 -24 25 70 -11 44 -32 -2 -36 70 -3 -20 34 60 -57 19 80 -11 77 -15 35 63 90 -52 -7 58 -82 -29 38 -84 -88 48 -9 73 -4 -54 -21 -4 -84 47 -31 -66 -24 67 76 -27 -53 63 -28 86 27 -40 40 -50 -86 80 79 56 7 74 94 -64 -42 -23 93 -45 67 14 -13 -7 -65 -49 -95 -12 -86 78 3 86 86 -91 -21 0 -75 9 -12 -12 11 71 74 46 0 36 61 40 -76 -94 -57 -5 -2 91 -38 -17 93 88 -1 13 -37 95 100 0 19 -84 5 -98 -24 -27 69 63 -7 -53 -3 -43 -6 -12 68 21 -98 -44 6 21 10 -52 79 7 19 -35 56 -86 28 91 49 -64 27 17 69 -44 70 32 -43 45 -17 -81 37 -99 -36 84 97 -41 9 -22 -31 -33 26 -23 63 -43 -5 -66 -66 71 -81 -95 65 -37 -24 -59 -57 50 -64 -15 5 33 -67 -13 -69 54 86 -22 -32 -6 58 -97 -52 14 -41 25 -4 -14 11 44 93 -66 40 8 57 -74 80 94
8 13 62 -42 1 -13 -4 4 -53 -86 -83 -19 99 55 -72 90 66 -71 36 -11 -28 11 28 -67 88 48 -23 -86 -54 61 38 -7 -6 37 57 50 25 -51 17 -46 -70 -78 -61 67 -3 -84 67 19 51 85 85 -20 89 56 -89 -20 59 -43 68 -66 -80 -99 59 62 32 -91 84 81 58 -90 -24 -13 60 -5 57 64 -21 -47 -79 21 12 52 18 -92 -91 -82 93 -31 10 -73 -75 -54 25 -2 43 28 12 -75 25 -50 98 73 26 81 44 20 48 10 49 17 37 40 -51 25 -17 78 -59 53 21 -41 -34 -57 -12 1 49 67 3 69 75 19 -36 -41 46 -84 -78 23 -73 77 -1 4 -61 6 -77 84 10 -86 82 -50 36 -83 -8 95 -93 5 -9 60 35 -85 -31 -3 13 -80 -46 67 -96 -43 22 -68 62 -35 -33 68 -23 -37 -16 -2 -95 -65 47 -16 -29 25 85 77 -42 -52 -57 100 56 -72 -87 -37 91 55 -42 -47 63 -62 -96 96 82 64 -52 -79 29 89 59 86 -25 68 32 -5 61 -15 54 -82 -100 77 -85 66 -83 77 82 -95 9 18 95 61 -86 -15 84 -82 -98 -97 21 -39 64 93 -93 -37 -30 -31 -33 -76 -13 -83 -50 -58 72 -4 2 -73 -95 11 -56 70 80 -44 100 -25 18 86 28 86 -28 64 -15 75 -70 -29 -30 -41 20 62 28 84 -8 -6 66 -37 -7 -95 -28 82 -8 43 85 -35 95 -86 -81 -39 -66 -76 -74 67 -53 68 89 -79 71 30 3 0 -93 54 -42 -3 34 -10 -3 -65 -17 -49 58 71 93 53 -36 -51 9 35 77 73 -58 -46 -96 -2 94 -91 4 62 33 31 -39 7 96 87 -96 67 96 37 -20 36 -23 -43 1 10 34 1 32 -29 9 -84 71 -34 71 86 94 84 -75 -29 -98 46 49 57 -71 74 76 74 -52 -58 -50 21 47 58 -17 60 -22 99 -71 -45 67 86 97 9 -30 93 -4 72 -57 -76 36 -62 -88 -36 32 80 54 10 47 15 -50 -20 -32 -26 -88 6 -38 81 5 13 6 70 -55 75 70 78 91 52 -95 44 99 -67 61 50 -24 -77 64 19 -62 -29 -81 14 35 -72 -72 -31 36 39 20 76 14 16 66 -84 -64 -18 -56 -30 76 97 -52 -84 69 2 51 78 -7 -65 73 83 33 93 -1 27 99 -38 19 91 -24 7 -64 -11 40 49 80 -33 77 65 53 86 68 -7 62 -52 -2 1 -91 92 2 36 40 48 -19 56 91 -46 -44 9
81 -13 36 -13 -49 -25 7 52 8 61 -47 49 61 -68 18 -73 -41 69 42 54 11 4 94 -90 -67 -36 -97 -64 41 -97 27 6 53 41 -35 99 45 88 38 29 -67 -86 30 85 -81 2 -12 66 -86 -31 -14 -100 -59 -6 5 -20 -49 70 80 16 -65 -42 53 75 68 -72 74 33 94 1 -92 88 70 -80 79 -44 -69 28 39 51 -58 75 -31 -97 -6 91 -43 82 34 -12 94 25 53 -22 21 68 92 39 13 37 77 85 -64 -14 -5 81 37 -54 -96 7 19 -18 46 -3 -27 17 30 77 -98 -89 -54 4 27 -91 79 -30 -26 -52 -88 -10 -1 63 41 -80 80 -40 19 1 65 -12 -69 -1 21 43 77 47 -9 -13 -8 -67 57 -17 27 -62 -96 -52 98 -56 9 59 -16 -46 99 16 -22 37 85 -76 -79 49 -25 -38 -69 -89 -97 -68 27 -46 -60 82 69 -66 -73 45 -19 95 -23 5 93 -47 24 -29 67 40 7 52 39 -59 74 5 -18 89 43 70 41 35 -73 -89 40 -7 -15 9 -18 -43 36 -89 -14 74 -68 -29 72 30 -64 -57 -1 24 -8 47 0 -66 18 15 -7 15 27 -78 94 98 -10 -4 68 76 0 6 -29 42 -94 -76 93 -16 -41 40 -43 3 42 -21 -55 -82 50 -2 -62 -41 16 23 53 -43 -42 3 -43 82 -3 -26 76 31 91 14 -61 -77 -45 -25 -96 -10 15 -50 100 8 66 39 71 -27 39 66 -75 34 -50 -59 87 -81 21 57 -52 -55 -71 56 -98 52 83 18 76 0 88 65 27 17 29 -30 -86 73 -60 -1 1 93 -95 98 61 -12 -97 32 75 -85 68 -54 -2 -58 53 -67 -77 -24 34 -49 -41 28 -52 85 -2 77 -88 51 4 96 27 64 -11 83 59 8 -63 -6 16 32 -5 75 62 86 35 -31 -32 11 42 -46 62 -93 -2 30 54 0 -33 47 21 41 -17 8 23 -22 -24 -62 27 54 41 58 55 -41 -54 -10 48 6 87 -47 -25 85 60 97 37 28 81 77 59 -86 12 52 41 20 52 94 -99 96 67 84 62 -70 -93 -98 44 95 -68 -83 25 -23 -94 -93 -57 -84 -76 85 -75 -78 -13 -52 -80 59 4 45 39 -13 -62 -39 77 -42 55 -66 16 44 -38 -44 14 2 -2 -78 -86 10 -49 -75 -19 87 44 35 28 76 18 -72 61 -20 93 -64 6 -9 0 48 -96 -60 -5 -38 62 -87 60 94 -83 14 67 77 55 -85 -87 55 67 -78 41 -36 49 81
22 69 -65 54 -58 41 -47 11 18 -97 26 58 -3 93 -74 11 -3 -7 -26 -33 20 -23 67 -43 -45 92 -27 74 34 19 98 -9 68 -56 -36 -48 83 57 67 -25 5 75 24 29 28 49 9 -55 -52 -71 17 -72 -28 91 70 20 -20 -50 -32 -86 47 18 -20 25 -89 20 53 -4 40 -8 66 18 77 30 -47 -24 -89 9 92 1 -100 77 -15 72 -57 -73 85 -48 43 85 -54 31 -30 -97 37 53 20 71 -14 -47 -29 -99 -17 -4 -85 -56 94 57 -63 -68 50 -45 -38 42 -38 19 27 -7 -58 48 69 -30 -33 -61 -100 -61 -23 0 25 -99 94 63 -98 -44 -38 -54 47 69 86 8 76 37 16 -29 -24 100 -68 -59 -56 -88 -78 100 91 -24 -82 75 -46 42 -70 97 94 32 -34 -50 80 -91 44 96 -39 62 40 -73 13 -82 64 38 -52 -32 -5 30 43 21 89 -6 -20 -81 31 5 -79 47 2 -67 39 95 -84 95 30 -7 31 78 -59 -72 87 5 26 -75 93 85 -74 -7 -26 16 -94 -57 9 13 -8 -73 -31 73 61 26 14 7 91 48 -18 18 71 87 68 94 -30 -100 90 94 -55 -65 88 -47 -61 -23 98 -62 -98 73 23 52 13 67 75 -81 -37 69 80 88 16 -61 -82 -52 -98 -62 -39 89 -26 -11 27 48 21 17 -51 -33 57 -17 -96 -1 62 87 -75 33 -45 -68 -90 49 -32 -54 -19 34 40 -40 -32 32 31 44 39 23 -10 -51 -79 91 52 48 88 97 -82 16 -20 -28 92 -67 -69 16 -80 81 52 46 20 -7 21 -24 -38 84 42 -92 3 -2 47 8 -68 -45 34 11 74 82 75 -72 29 -42 -89 -20 47 23 50 93 90 95 69 49 -23 -64 -22 -32 37 51 -48 9 -6 -41 79 13 20 33 80 68 84 34 -62 -57 -31 31 15 62 -74 50 16 -53 -96 -58 73 5 -76 84 18 72 19 26 84 91 43 43 -57 -76 46 -66 -43 75 -80 -54 65 39 -20 47 78 -5 92 -58 -69 28 47 -63 55 -52 -19 -80 73 -65 57 61 -28 -53 12 -81 19 41 -48 33 -95 24 -94 45 -40 -18 -88 56 -58 12 -87 85 50 87 -62 -48 23 -5 12 1 -19 66 -2 -99 -59 17 32 -32 -14 100 -70 78 -18 -22 -34 28 -93 13 14 84 -48 -21 96 8 71 80 79 39 61 32 95 97 -3 97 64 46 57 -72 -40 -6 -39 -60 -45 62 -92 -17 68 5 27 35 -51 -36 7 71
-3 -8 30 -62 -95 -56 -84 -17 -49 -9 -22 -62 -91 -41 -90 -34 -70 65 -20 -89 63 -90 -66 48 87 -59 -27 -51 94 -59 75 -14 -32 -5 49 -35 -32 -87 -40 -97 -73 47 3 2 -83 -45 -36 76 -86 -52 -47 53 86 84 -16 -61 56 47 85 -28 36 51 43 58 16 95 -31 -66 47 6 90 -67 84 -4 -32 37 -87 78 -9 92 -99 -84 0 -51 -80 -12 -80 69 -12 -92 -92 -54 -77 77 -78 -69 20 -23 82 -78 38 -20 -78 -17 -14 80 -100 36 -49 -92 73 -4 -4 77 -36 17 15 82 20 43 -100 -67 -70 -21 66 -35 -38 42 -57 87 -20 -8 -92 51 -28 60 17 -74 12 8 22 -89 -83 95 13 -62 50 -49 -86 -68 94 -29 -82 -6 98 -63 68 95 86 46 37 79 81 -19 -49 82 -4 -24 84 -63 30 -95 9 -79 -56 -81 -34 40 -53 -29 35 74 -28 -70 75 -21 -12 -16 19 -85 -6 -81 33 -56 22 -77 -38 17 100 -73 -77 -95 -9 -48 2 47 -41 61 67 2 -61 3 -57 41 -80 -31 -19 42 -65 -84 -41 -41 29 -14 62 -61 -83 -61 1 -80 -98 47 48 -10 6 -85 37 28 16 -53 -67 46 6 -60 -32 80 -77 -87 13 -32 8 43 -24 -99 -82 -33 48 83 -10 25 89 1 -64 -40 -93 -81 19 16 81 92 -84 -52 24 -94 22 81 100 -89 14 19 17 0 73 -94 87 -26 -29 3 -52 57 -74 86 -83 56 -93 1 46 100 71 71 26 -86 -19 76 -52 -28 -48 74 99 -41 31 80 -88 96 75 80 -57 -13 30 26 94 73 35 -5 -6 -100 -13 -21 97 22 14 -3 -65 39 -84 1 -59 63 21 33 -42 -13 25 74 -97 -51 72 71 -2 93 -4 27 53 -28 -46 47 70 59 48 -16 75 21 11 69 -17 -56 -32 27 19 -47 -38 -52 -58 40 -24 -85 -59 -39 -89 -43 -69 -15 -80 -12 65 61 1 62 -59 -68 31 -99 -47 -71 6 10 36 12 -78 -68 -27 45 67 -33 -86 40 21 21 22 -59 100 64 -81 48 -86 -88 96 71 -78 98 60 3 -60 15 -49 -44 48 -90 9 -56 -36 56 -7 32 50 32 -76 -97 -39 -86 -52 -88 0 51 84 -54 -65 74 -69 -19 95 -54 -68 -11 14 3 28 6 36 -16 -92 22 100 -63 -41 -19 26 -87 30 -48 97 -83 -33 -90 -92 93 -39 21 -37 -16 -14 23 84 49 -78 51 3 -58 28 31 88 -36 -32 72 -57 91 -2 62 -81 -57
-29 -87 -91 49 -89 98 11 0 41 -91 -39 -33 56 84 68 85 -38 -47 71 -66 -28 55 95 -60 47 -93 60 43 26 68 -92 57 45 35 -19 -34 -36 51 22 16 82 30 7 8 64 -29 37 35 93 -36 15 90 55 -43 71 50 -44 15 3 32 -83 39 -13 -32 -98 40 -23 -88 49 -82 -5 -66 -24 51 -91 35 17 26 -58 25 89 25 55 -60 -5 25 -9 -95 27 0 -65 -68 -21 -61 55 -61 52 74 98 -98 92 21 5 -54 -46 70 68 -91 -80 -73 62 53 54 -53 26 62 39 -89 58 63 41 28 73 91 -8 1 80 5 -82 -6 -28 99 30 26 44 -25 -47 96 64 -4 13 13 98 -62 -17 -42 -46 3 -77 91 62 -21 36 -38 -26 29 64 -41 73 50 -58 -74 -18 74 6 91 -43 85 -57 -54 -68 24 -67 26 56 -75 1 24 31 14 16 8 33 -91 -98 -94 -8 4 96 82 -65 13 -46 -22 86 -33 -75 23 92 85 23 -75 65 -2 11 27 71 51 68 3 93 48 38 79 62 58 -64 64 -65 -47 19 -74 -69 -50 23 -18 -4 -65 47 67 -90 -100 -22 -2 46 56 56 -28 -10 19 -16 -23 -39 1 -8 -95 47 81 -63 78 -43 -32 -67 -92 -23 -22 25 -84 72 94 44 49 -96 43 -3 -70 33 52 5 43 76 99 -24 -70 71 29 62 59 41 16 11 17 -49 -33 23 82 41 5 -24 89 70 -11 77 -7 -91 -30 13 -10 2 12 34 89 -1 -89 -16 -39 26 16 -4 -64 -7 -22 52 -67 35 -70 9 -48 24 -48 -46 9 -35 -35 -33 -59 -31 8 3 71 45 -28 70 8 14 21 40 9 -94 -74 11 -28 -51 33 72 -23 -5 92 -34 26 -45 -81 91 8 -83 6 46 -18 96 2 -38 64 -19 -56 30 -30 38 38 55 29 27 -42 88 26 72 0 -32 54 -66 -16 89 -44 -11 44 -32 63 -97 -69 42 -51 60 73 93 31 -99 66 38 -50 33 83 66 -51 -91 80 81 45 55 84 -19 -14 22 83 -95 -21 12 -14 52 -25 92 19 4 -25 -90 -36 -87 99 -20 82 -75 -42 20 -99 37 12 -28 -98 -43 -74 14 36 -16 -65 49 19 12 36 -19 -25 5 -17 32 -69 -62 -70 79 85 -27 44 74 33 -99 9 -72 -54 44 -34 38 -22 41 -65 -16 -38 -62 -64 -2 -46 -37 64 -11 25 -75 -82 -38 -62 57 -37 -38 -83 -29 13 -36 -27 -68 -88 74 31 8 -94 -71 73
-22 -73 61 64 37 -19 -63 -77 -38 -76 43 53 -7 66 -31 -27 -88 8 -19 32 70 -60 67 78 36 79 53 -41 86 -67 94 -66 62 -58 58 16 30 89 99 -83 -72 -15 62 49 -71 -35 98 -42 -91 -72 -30 -44 -41 15 -8 -79 45 -75 52 -23 13 11 -24 -35 -84 -77 45 -18 10 84 -92 -69 41 92 56 -67 92 41 55 -49 68 12 2 -69 34 -46 -2 -38 -79 44 -23 82 -61 83 84 67 -49 15 -86 1 12 45 -86 20 -39 -1 -54 39 -25 57 -27 61 -7 -44 86 -84 11 80 70 -18 -9 -78 46 17 -80 -63 -9 100 -4 7 -51 0 -18 15 19 83 23 -53 -50 -60 51 -24 19 -16 85 -35 20 -33 36 -31 -63 11 27 -98 27 40 85 -41 44 33 -11 25 -66 -45 -17 15 96 -36 8 53 -36 0 81 -47 -83 -73 53 -66 63 47 -63 94 36 -58 80 -27 28 78 45 -32 -90 84 81 -98 -59 2 -75 -73 -6 61 75 49 42 24 -28 -32 -93 20 -41 81 -60 -27 15 47 -47 -63 71 95 -78 -28 91 26 -78 -97 57 88 78 -42 88 -94 86 -73 98 45 -15 68 71 83 -27 13 14 58 23 100 36 -92 -79 -16 65 95 -89 -77 -3 -27 32 -79 -36 10 63 -79 -89 36 -45 -15 6 -98 -77 56 39 54 10 13 -29 -92 -60 -90 37 -55 95 -67 96 -35 44 -90 -15 -60 -33 -76 -49 97 54 -51 7 -100 49 -83 58 76 19 -78 33 -83 8 79 -18 -97 -49 -87 -72 -98 8 -87 -29 -65 80 2 96 -82 -96 39 42 88 -93 0 -82 -19 81 -41 -46 -40 -38 14 -63 86 -50 -68 -85 48 60 36 -57 -45 -73 1 -58 61 43 -61 7 -59 -78 -71 -92 -11 59 -86 -41 99 -85 91 41 -11 0 40 -27 -62 -1 89 -92 80 -65 61 31 16 50 94 64 -90 13 13 8 -58 71 -60 -93 -50 -24 49 -14 37 -54 -95 46 -52 -26 -96 70 -13 -61 -11 -53 -83 -93 -72 44 -85 93 51 -14 18 -79 -42 5 96 -31 -23 -48 64 60 36 -85 99 -42 42 -8 5 10 62 100 -78 18 13 -77 -89 84 -71 -44 -56 -28 81 -95 73 74 -77 7 -26 42 -3 -83 70 30 -26 -30 14 29 -61 53 -80 -82 23 90 91 -34 58 -67 24 -50 -36 98 45 97 -55 90 84 -21 81 68 -66 3 67 44 -61 53 -29 -41 -64 39 -48 -69 -99 56 -78 -60 -86 -29 38 1 -98 10 -22
29 -31 -29 45 37 96 8 -11 -93 20 11 -95 -3 -56 14 -55 4 71 23 95 28 -5 -16 -10 -70 -86 -31 -19 -46 78 77 -99 71 -52 -55 64 -94 45 49 77 -14 50 43 -28 -90 25 93 -17 51 -34 88 -63 47 3 88 97 47 -8 47 -88 -71 -60 11 16 43 60 3 43 29 48 -60 -18 64 2 -31 66 -29 20 -36 63 -19 -45 -73 -34 -6 21 84 0 46 30 13 -47 34 78 -76 46 -90 -13 47 -92 -90 -91 -6 80 -41 95 -87 15 -23 29 15 19 57 15 -98 -38 -70 36 -76 -24 -77 -30 3 -56 -62 84 -55 -3 76 24 -87 59 -86 64 -20 -24 -52 50 34 -28 -8 -45 -29 -51 -24 96 78 -1 64 -77 -20 -15 -24 61 0 56 -28 -47 -70 3 94 52 -29 41 -37 35 9 91 44 12 -33 34 65 25 -15 -17 -100 89 91 96 82 15 33 -45 -65 64 -94 97 -37 11 -47 37 -73 33 -14 -3 -20 -20 -59 41 8 70 86 -52 28 100 -70 20 20 89 86 -54 -68 -88 53 -56 -77 39 -1 77 2 -13 54 56 65 -35 -52 57 -24 31 31 -40 69 -81 -84 62 79 -39 -33 -59 -4 51 -76 20 -52 57 29 -54 -64 86 11 -93 -36 -69 -62 -45 71 39 -41 -90 -30 -17 -34 -19 -92 57 -80 -25 -20 70 40 -67 -36 -12 -9 16 -1 -4 -4 -11 67 -12 14 -85 -7 2 5 37 44 -58 -59 4 -7 -90 -85 -92 91 -95 -87 0 -8 -47 -31 54 -8 46 12 -45 -28 -86 3 -63 -5 -33 43 100 49 90 38 76 -66 54 -34 -78 -94 34 76 76 69 61 -81 -49 -39 97 45 -89 -97 -90 -22 5 -28 30 83 13 -86 23 -1 -22 -95 52 -81 31 -22 -87 33 -18 97 -6 -75 58 12 63 80 -20 -49 49 49 88 12 2 -74 -16 66 94 36 -89 33 41 -44 7 78 15 43 20 -62 49 53 -61 -81 -72 -85 -96 -93 92 -82 88 68 -50 69 -81 5 -99 -20 50 -6 -51 2 -7 24 24 82 45 31 66 -30 -3 80 49 -39 71 -68 -62 66 -63 -73 -86 -46 -76 93 71 -95 10 21 74 32 -14 -62 -48 76 -40 12 -42 96 76 -18 -55 46 7 26 -85 -51 -55 -30 -20 -31 -96 73 0 86 37 -35 -59 73 92 -11 64 11 -18 -36 -92 33 -90 -96 -44 98 92 59 46 -54 49 -90 -76 -86 -18 -42 78 45 -43 39 -71 -86 -73 -56 -79 37 -70 8 11 -62 -58
-54 28 2 -93 -18 22 -65 -46 -24 -71 7 -36 -13 43 -15 -69 -24 27 -26 -41 32 18 -90 -67 -76 19 17 19 37 -50 -30 -22 -67 27 -25 -40 -53 49 -96 -19 80 -14 84 -8 20 12 9 -46 -68 43 -57 -73 -84 -5 89 -30 32 49 93 37 43 -65 21 -43 45 -99 89 -31 -46 -14 -66 23 -63 74 -63 -14 -62 47 94 -89 89 -24 94 -46 -62 -69 -7 36 -60 -29 93 37 11 91 -84 -58 64 -53 31 53 37 99 -68 49 -2 97 45 -32 -83 90 -79 -50 -66 -24 45 82 9 -48 0 -4 -42 52 74 4 -96 68 -6 41 -78 -22 -59 -11 -60 -70 -49 -23 15 2 -34 -56 -2 -67 -43 -35 62 -80 1 0 48 -95 45 -39 -70 46 25 0 7 -79 70 22 2 97 4 51 -90 -39 -16 -95 -72 -58 76 9 99 -39 -96 -78 50 -9 -53 -30 -87 49 40 35 -23 -66 21 -42 86 35 27 -33 -9 -82 -20 31 -93 44 78 22 -98 -35 75 -28 -33 -70 38 -31 -61 -91 -81 44 40 -14 17 -23 92 -34 -77 -30 31 -74 -30 92 47 46 99 94 -38 61 -79 4 9 32 -39 -93 69 -82 -40 35 90 -29 -63 -92 -7 41 -64 40 -92 -52 -62 85 97 31 69 78 94 50 46 -51 31 -67 -89 23 86 0 52 -29 -13 -26 -97 61 51 -5 -4 -1 45 -61 -9 79 77 -42 -55 65 78 -18 27 42 -64 -83 -84 49 -3 -16 36 -35 30 39 -88 9 23 29 -41 -21 23 -91 -53 41 -86 33 -82 55 9 51 44 -14 -70 -23 47 -20 100 100 48 4 91 82 85 28 -52 -25 16 -5 72 48 -78 35 -95 64 -34 38 -5 0 -14 62 49 -23 -55 46 68 -5 -84 79 -33 -59 67 -24 -70 52 27 -25 13 77 64 -71 0 1 16 -93 57 -23 -65 47 0 29 -20 49 -55 19 -48 -78 -99 70 98 79 43 -44 100 -18 86 8 -67 -82 -52 36 79 6 11 -74 51 98 -64 -49 -1 88 -37 -63 -82 -71 33 25 -67 -70 -67 -74 -46 78 98 44 -13 44 -39 48 -33 -14 -60 -64 -45 10 27 -84 36 -4 -29 76 -83 34 -83 28 35 -90 88 -75 -55 -70 72 -24 27 -52 57 -42 -6 -89 23 25 -33 -100 97 90 -5 -65 -26 -54 29 -73 73 -8 4 76 -73 14 -14 2 -4 -72 -56 -20 18 -43 31 -31 -52 64 -54 -34 -84 4 46 74 -73 47 -39 -33 98 48 64 29 -11 -53 73 -69
76 100 12 -80 -98 3 -17 -59 40 9 29 44 -31 -26 -10 -31 16 10 76 -92 -67 41 -56 -10 -18 -34 33 36 -96 74 -93 -29 41 16 -72 -21 39 -84 -73 -67 -83 -50 -48 66 -51 36 34 54 -46 -9 -2 78 -58 -39 55 -37 -59 22 31 21 78 -38 73 -31 -38 37 -55 -88 -60 77 -94 -88 7 14 -48 -90 -59 -20 -19 46 -84 0 -43 -79 -49 -86 -79 -43 14 45 -49 25 4 90 -77 -45 -19 -11 16 23 -6 5 50 -82 -99 73 -17 61 -16 -85 36 73 63 -62 84 16 -74 -41 22 -69 74 -3 -65 51 61 45 -16 -55 94 -23 -19 66 -59 80 70 -40 72 -67 -75 73 -57 -77 -8 28 -67 0 -13 -36 -90 11 34 94 -42 -38 44 -90 -11 47 -13 -58 -23 -75 -89 39 76 42 -21 22 -40 -71 91 13 -38 4 -59 22 -41 -19 98 -55 -31 -4 45 -58 -60 -97 65 81 94 -68 -21 -56 44 56 -43 -23 42 61 60 77 56 42 -54 -52 -18 53 -86 80 -45 -31 64 -19 -60 53 42 -50 53 -57 53 63 -32 10 -62 88 -7 -34 -96 94 -36 73 45 88 -49 -51 -99 18 -98 -100 -25 -15 -44 28 -79 84 -88 58 -20 -48 -95 -82 -28 22 -10 -21 -1 -38 17 -14 86 95 75 61 32 -88 4 34 -88 -79 -29 56 -77 42 77 -83 -56 75 -92 -66 64 21 28 83 -58 -86 -78 84 -56 7 94 -28 -100 4 70 68 13 66 -81 93 -13 67 37 60 -6 94 8 17 -40 -30 72 -24 8 -17 -23 24 51 38 -74 79 52 1 47 -42 31 -60 88 -93 72 -79 -20 -31 -27 -48 -28 73 -40 -54 70 -27 25 35 -25 -7 -3 -87 28 -63 -94 58 -89 86 30 -43 61 -1 61 -100 -46 -84 24 -60 63 45 -6 62 -95 75 50 75 -13 -84 -36 54 67 24 84 -43 -19 36 -11 -94 -97 -92 -69 -4 -81 51 16 41 86 -86 33 52 95 -29 55 49 13 -73 8 -77 28 85 -45 -25 68 20 -4 63 78 44 48 -75 51 -84 25 59 7 58 -51 25 -14 -35 -18 -48 -9 -13 -14 -58 16 68 -22 -88 5 -74 -83 -17 -55 0 32 -29 15 -41 -64 -32 100 69 34 -99 12 -24 50 -79 68 87 63 -59 76 7 -80 -23 -99 33 -83 53 -2 13 -17 -76 10 -8 24 -6 26 -71 25 45 -88 -97 -47 50 3 62 52 81 88 -70 -10 -8 -28 -7 -56 -74 65 39 -32 60 -63 55 -84 -38
54 -49 5 45 -84 54 -12 -80 40 67 66 -18 -97 -33 81 86 -77 99 -42 100 50 -21 -26 -30 -36 94 -25 -14 34 30 -97 36 -98 47 -90 -28 -43 61 -37 -13 6 -37 -55 -9 -94 -33 89 -8 22 6 -83 57 -100 -74 -32 23 76 -86 86 75 -92 40 -35 5 -51 -3 -70 -22 -87 23 23 -41 -27 -28 69 -80 89 -6 -75 -9 -42 58 63 -79 53 96 69 -32 28 48 43 14 47 -16 84 42 49 -29 93 34 -38 51 -72 -38 70 -76 -49 -11 -2 87 -83 -33 -70 68 -51 65 89 -58 28 57 43 69 99 -63 -36 2 -46 -30 -94 -41 -77 73 48 -73 12 -37 -27 94 -23 -74 58 -5 60 -27 57 -76 -82 -37 43 84 62 -52 -4 42 33 11 -92 -20 89 74 38 45 -85 -80 40 -41 21 99 70 14 41 59 -27 24 -56 -11 -23 61 6 30 -33 59 22 -77 2 87 76 -5 94 63 -37 -95 -24 -28 -1 3 -55 -83 3 -32 -52 20 47 -70 48 -9 81 -20 -33 71 71 -86 40 89 -44 -14 35 -66 36 18 -24 75 74 78 -47 -92 -35 79 81 13 31 51 70 90 4 -11 35 -21 -11 -39 -24 -14 -18 1 -97 44 60 97 -32 -54 41 20 -96 -20 26 -100 -67 12 -88 23 43 -51 50 35 -16 -97 -37 37 39 77 1 39 -31 -16 -33 50 72 53 -3 -34 42 -42 -56 95 41 59 65 88 -84 -11 45 51 -48 -34 68 -34 -55 84 43 78 -94 31 -45 17 -87 -39 17 50 39 -60 0 -31 23 -56 -72 35 -35 72 41 -75 -58 55 49 -30 86 -24 6 -24 84 -61 99 85 -36 -43 -69 -91 37 85 -98 62 66 -64 35 34 73 49 -2 2 37 72 44 -28 29 -58 79 -60 54 -20 93 59 -57 -25 -83 -89 50 -87 0 46 -29 94 -85 98 -38 -80 -20 55 87 27 81 -28 -95 0 38 67 -35 -8 -41 6 24 69 59 -64 -93 71 77 75 -44 98 86 -33 51 32 -14 67 -77 93 -77 99 20 78 26 -18 -37 46 -53 59 -23 -100 6 -36 6 84 33 -45 -21 9 -79 58 -37 -79 54 -24 -95 34 20 -19 29 -58 44 17 54 42 76 -79 62 71 0 29 24 -89 -56 68 -21 66 40 55 40 -15 5 -9 -63 -61 -5 29 20 -33 -10 74 77 67 -26 23 67 -58 -32 -55 -65 94 -25 -33 -8 -33 24 -85 -42 -11 -26 -19 82 -10 -95 -35 71 -6 31 94 -67 21 73 62
28 -37 98 51 49 -35 58 -31 82 55 84 4 59 -72 -4 -38 -61 -36 -54 -28 34 70 -92 -33 99 35 -89 -21 69 4 -68 93 -79 54 -50 82 -15 -73 22 -5 43 49 22 -23 -80 -76 10 -45 90 38 95 88 83 72 -62 -32 5 -61 -20 40 -71 -67 -18 34 35 24 32 11 68 79 -3 -43 -90 -65 72 12 -50 75 27 79 44 -21 -85 1 -74 -71 -55 -8 -31 35 49 -69 -27 20 91 88 84 43 -79 -44 31 56 5 84 73 -39 47 -26 -45 39 -66 99 -93 86 17 -23 90 -4 46 71 97 88 -50 -92 55 -6 45 -60 -7 29 -70 -85 -36 -46 68 27 -44 66 42 -93 44 55 -48 -100 27 85 38 96 78 62 -86 -64 -37 67 16 9 -78 -63 -40 -43 71 -88 -77 44 18 -69 -4 62 -23 -82 61 24 76 47 -90 48 -75 -96 -49 70 -52 -98 -45 52 84 20 14 -37 -80 63 -40 -98 91 22 87 26 -7 -81 -97 -74 -71 70 31 -24 28 52 90 -2 -79 3 -53 -33 78 -54 -50 40 92 23 -84 -63 18 -47 -97 87 11 25 0 -18 -100 -96 52 -36 -69 61 26 84 95 -44 41 57 -33 -3 8 -48 -67 92 76 -92 15 0 -26 -32 56 -60 28 -27 36 -29 15 -30 26 42 20 -16 48 -90 -35 -51 13 63 -30 0 62 27 -57 47 -32 93 70 -69 -63 -96 17 10 1 31 -63 -7 29 67 -93 39 52 18 -68 -61 41 -100 -48 -4 -43 -52 -36 86 60 59 -15 -7 74 99 -34 -75 17 -44 -64 -80 7 -41 86 -98 10 7 26 20 -38 15 84 -51 65 -70 -24 -63 -97 40 57 27 -66 -78 33 60 -25 -5 -70 -21 -32 -27 23 -87 -14 93 36 7 13 97 -1 48 32 80 -52 16 -65 56 -28 87 39 70 94 -35 6 12 34 -39 -11 12 27 -23 -74 -10 -26 -71 -99 21 98 -10 -15 53 73 7 -54 77 4 -22 -86 51 95 65 95 73 -71 88 6 -80 35 8 83 24 42 58 -85 -46 -24 -68 64 63 -40 83 -73 -19 -20 88 -22 49 -81 19 -7 42 58 -16 98 -27 -23 94 -37 -54 46 21 -32 54 78 40 52 -48 0 91 -57 16 91 68 3 39 8 28 16 -47 -44 -17 42 84 -79 -70 -88 -94 11 -6 -74 -5 68 75 9 85 78 -54 -58 -1 42 3 64 25 64 6 -53 97 35 -19 -50 68 92 -95 28 -8 -51 -20 -7 59 -9 -69 34 -85 -69 -80
-75 53 -1 92 -87 36 -14 -46 -80 43 -67 4 10 -38 87 -87 33 -73 -98 -22 -29 57 -32 87 69 -45 -71 2 -65 -30 32 -85 -18 -50 15 28 -80 55 -94 -87 10 43 -53 64 -19 25 37 12 -43 -98 -52 -59 24 93 73 -84 59 21 35 -65 59 6 95 95 -86 -49 16 92 91 88 -93 -82 -14 36 -12 -34 27 -5 65 -38 -30 53 -94 -43 60 -52 -88 -21 -81 62 -46 5 -47 7 91 -86 -30 29 -55 -55 3 22 2 -79 -17 70 45 -28 -17 -62 35 16 -61 78 21 32 -71 49 4 65 -48 54 32 -90 82 -66 90 -99 60 11 5 -2 -59 -47 -14 45 34 -22 89 16 -1 -49 -20 30 15 71 -28 -98 94 -51 -35 -55 37 17 67 -38 -93 -36 -88 88 -61 75 -5 -39 77 90 65 3 -7 -28 -49 94 -77 -91 62 -8 5 -47 28 27 18 -23 -41 -78 -25 -94 -21 73 60 40 86 96 42 -6 94 91 -53 10 -25 67 86 -48 6 30 52 -33 56 6 10 -3 -89 -81 88 16 70 30 87 8 -66 44 -27 51 24 -63 -21 8 -100 10 93 48 -72 24 75 32 34 -86 21 65 -85 -45 62 94 86 51 95 53 -99 64 -51 -22 42 40 50 66 99 -73 -32 48 -95 -62 -85 46 -33 -57 -74 86 -40 11 70 -49 -13 62 1 80 99 -70 -71 -98 -90 100 -94 99 -36 -87 -52 -40 19 -45 22 -74 97 22 69 -47 -71 42 92 -15 29 -75 -81 80 -88 -1 -65 -85 -72 52 55 69 -28 26 -71 50 62 -50 -19 -94 -21 -84 -59 -57 -8 99 8 -23 -60 -55 89 -59 -10 -89 -52 -69 35 54 -47 38 92 -39 -93 22 -37 -36 -26 25 -15 1 35 -27 -68 -24 -85 -8 -95 -11 49 -82 79 74 76 -14 19 7 -84 2 45 -77 93 -78 -93 -97 55 -79 70 23 38 -83 -89 47 -87 73 -43 22 58 -29 2 78 -31 2 -59 -81 5 -80 -19 -37 35 81 55 1 -92 71 2 57 -20 4 6 -23 27 45 53 68 -51 -53 -61 -12 -48 -35 -16 -41 -63 -78 -51 69 70 -55 -86 82 -67 88 40 -61 -45 -70 -88 -57 45 43 -2 -9 54 77 -100 -49 -61 68 -56 23 -85 -95 49 -68 -4 -40 1 93 -22 -36 8 -88 -72 -81 -23 34 62 89 -48 2 48 -22 -13 64 -41 -70 -75 46 -20 76 15 -43 73 -81 6 53 88 -89 56 -100 3 75 -90 46 88 -47 -46 -36 -100 -39 -41 96
-61 57 32 -60 -63 10 9 -94 -37 91 -66 98 -48 -35 -34 -81 -54 -97 32 37 83 48 -25 88 39 -2 20 71 -78 -57 -23 80 -3 -25 64 -66 45 29 77 -50 89 9 -81 46 -43 -12 60 13 -16 -36 -19 22 -86 66 24 -33 -67 74 60 79 50 60 -68 45 -85 -66 57 77 27 -100 -55 93 -34 17 -94 23 2 -26 12 -61 -10 -76 68 -62 -55 -6 52 -55 -73 5 51 22 44 90 16 -40 -40 -12 -36 83 -68 -13 43 -19 -66 3 92 98 99 -71 24 -6 42 -61 -8 100 -49 -71 -36 -61 5 -33 19 30 -90 -7 -75 41 -55 -52 -73 -94 98 60 50 96 -16 88 96 -98 25 -4 -16 -99 -54 -69 41 23 -53 -40 54 81 97 -40 94 75 -28 82 -91 -100 75 71 45 -25 -55 -96 -2 -60 39 66 53 -37 44 -15 80 59 89 -17 -80 -53 71 68 -61 -15 -59 -71 75 88 78 42 -32 -78 -58 22 99 92 -68 84 -20 -14 -9 11 -20 -86 64 -96 95 -7 -58 -47 88 -88 42 32 93 -91 -79 -17 -65 -65 29 43 -77 -68 65 -28 45 89 -30 -2 54 -36 99 84 67 -63 -100 -35 9 -42 -1 -43 -86 40 -65 -71 11 66 -86 79 -26 30 -48 42 65 -47 22 100 27 -26 -29 -20 -23 60 -3 56 98 59 83 -53 -28 32 21 -61 -37 18 -79 -9 -65 22 9 7 -98 -16 4 -62 85 -14 -81 16 22 92 99 -11 -42 -14 52 -94 18 86 4 86 -4 60 36 55 77 -60 -62 -86 -8 45 -99 75 40 80 -76 -46 -2 -71 14 -35 -72 -20 79 -98 75 -80 15 1 17 -49 -99 85 92 -87 -86 40 50 -27 -81 -4 -9 61 -20 39 -13 -13 -60 81 27 84 -38 -87 9 69 -74 17 -5 36 38 80 -13 -71 -63 39 10 100 55 -6 13 25 88 -60 -80 47 4 -84 44 21 -84 87 27 -80 10 -79 -63 72 -45 -71 25 -47 2 99 72 -52 -27 -86 -72 56 91 18 -29 44 -51 -15 -79 65 70 75 -83 -25 -7 27 71 -92 2 -62 -10 7 50 43 58 7 -23 22 -34 -12 -97 83 54 -12 -91 49 -66 -79 49 80 -66 -3 5 24 -28 17 -66 -56 23 -14 -52 61 53 47 -13 -27 -100 9 -11 78 36 42 -34 17 -55 75 -15 84 -65 -25 -28 70 78 -92 98 -64 -33 -15 -71 -42 -29 -8 -83 -21 -12 4 80 22 87 29 -86 53 37 -45 63 -71 -9 -69 -42 -53 -61 -76
10 100 -44 -26 82 60 73 -50 29 -90 89 61 36 51 -92 -39 -62 67 -65 -45 59 20 58 -98 -46 -91 19 -88 -93 4 -19 -30 -23 -38 -17 -66 0 -24 -47 99 59 -97 45 12 67 -61 -25 -25 63 -77 -89 -82 -79 5 -55 6 15 77 74 -90 89 -13 51 -34 48 71 11 48 41 54 75 58 78 69 -36 46 -52 59 -28 11 -11 -15 -65 12 -97 10 -44 85 17 -75 37 45 98 -21 64 81 1 27 -79 54 -65 -90 -80 -71 15 81 11 58 5 86 -43 46 92 72 84 -68 -38 94 -88 16 45 53 50 -37 -48 -7 39 45 -41 -43 49 67 63 5 -19 -98 -68 -18 -41 30 -28 -39 49 90 -32 5 -73 87 98 77 61 -67 -80 50 -64 -99 -83 36 42 -80 -29 15 54 -7 27 -45 20 82 14 -13 49 -52 54 -56 8 -39 57 -89 37 7 -86 79 -8 -29 7 51 -17 7 -64 -46 -43 -90 -78 15 48 -48 -48 -82 -80 -90 -25 -21 -66 -98 -75 -39 71 -52 -87 -72 -11 98 -15 -94 48 17 0 1 -16 -61 82 -6 -95 13 5 4 -44 73 93 67 -51 87 -56 30 -99 23 -86 -67 -46 -71 51 53 90 -62 34 57 -46 15 -24 41 89 64 -94 12 36 36 -66 93 -41 -21 -58 75 -8 -37 84 -8 -72 -7 66 6 56 -41 -86 -56 11 79 54 -15 86 -71 7 -54 8 -41 -20 92 -97 -37 0 9 -41 98 -90 -84 9 31 -100 -91 -81 84 -23 -76 96 -39 16 34 -52 -75 -57 56 -78 -2 45 73 -62 87 93 -17 47 4 -61 -42 48 98 41 -7 29 -42 -43 40 -93 -21 -37 -38 58 -16 -11 -53 -45 31 -27 -31 -82 -18 -5 -33 41 86 -56 32 -20 -62 72 -10 -3 -75 -92 -88 26 27 6 85 99 -48 81 -87 -42 89 -40 85 -44 7 82 -37 75 -29 84 -28 -27 -55 -59 3 -40 90 -92 5 -71 88 54 16 -80 -69 28 59 -58 41 9 -54 -100 -60 -77 -81 57 67 85 27 27 -96 17 11 77 -61 24 1 -98 -48 100 -63 -86 63 -51 29 67 66 49 -62 -45 14 9 -98 75 -62 -4 87 92 23 -93 -27 -66 -100 -29 73 -12 24 5 5 -71 61 43 64 -9 -27 -24 47 66 89 40 26 -70 -90 42 84 -54 100 -69 -81 45 80 -41 -72 -45 21 17 -42 -80 82 -19 -92 -56 6 -86 -95 -30 83 53 49 -1 9 63 -70 -60 11 82 -6 -65 -6 -52 -33 -56 7
-99 36 -40 -89 4 6 65 87 61 -77 2 96 94 13 -39 40 2 -37 -89 27 -45 -97 -91 -68 3 -48 99 -99 -27 -85 40 -59 67 -99 80 68 -40 -41 56 -42 -56 72 4 61 59 -10 -15 -61 -8 10 87 -51 -91 -52 20 -43 66 29 -3 5 50 17 -80 -83 -49 3 72 -99 -78 -26 60 -23 -100 41 66 -36 64 -35 -36 -90 43 -69 20 -9 5 40 7 -26 57 93 84 89 -70 -83 87 51 46 -54 2 -85 -88 61 -50 -32 96 -43 30 -54 5 41 -41 84 42 -87 -19 -91 24 -99 -59 98 -99 21 83 0 77 -78 99 -81 -14 86 -100 -32 26 70 24 41 -24 67 -81 -35 -64 89 -14 -40 -86 -4 -41 -48 85 -26 -44 67 -40 86 -36 48 7 68 -86 26 -56 21 36 -23 -38 -50 -44 13 89 74 19 87 22 52 -27 60 -3 98 8 -78 -7 -47 -94 -91 -49 -56 25 -51 -92 -45 78 5 -68 -31 96 -63 73 -34 -40 72 -19 96 92 -99 57 54 81 -23 91 93 -30 -64 -32 -81 93 43 -14 34 -92 -70 -92 71 -9 64 40 82 -62 -42 -28 31 70 -83 83 -54 15 37 -24 72 79 -65 -33 -93 -42 30 -49 -48 -25 -41 -26 -8 -1 13 20 -63 -34 -34 -83 7 73 -95 99 -79 94 -75 74 79 -64 71 62 -52 -48 -1 -82 66 40 -37 -37 33 -67 -91 30 -6 74 32 34 8 -83 99 22 -36 -96 -4 -44 23 36 -45 -65 -69 78 -71 48 -77 55 25 38 -92 -83 -9 65 -31 -63 -7 -91 -9 36 -81 52 -71 -100 63 -62 -45 -14 -97 76 -96 56 -53 24 -11 33 -46 43 -58 4 73 -60 -84 -84 -75 -3 -61 80 -20 -76 70 21 -78 -9 75 -43 77 77 48 12 -29 13 91 1 -58 42 -8 74 -94 -8 96 -40 -29 19 8 28 84 -67 -20 -15 80 74 7 80 23 34 88 81 70 -41 82 -4 70 86 39 -15 7 -40 -84 57 -94 -95 -60 63 -29 96 -3 23 88 -84 -2 97 -32 40 36 100 21 59 -87 -37 60 -27 61 -44 -35 -20 -47 72 -12 36 31 -8 -74 -37 30 97 85 -41 -71 -67 -48 -81 -67 -64 84 98 -98 -34 -67 -36 8 65 3 60 52 -47 -69 26 54 -59 5 82 90 -45 80 53 5 16 80 33 40 82 -99 -53 55 35 93 -76 -84 -32 48 3 15 -82 86 59 -36 60 -64 88 21 -98 -21 63 -28 -69 -93 69 50 -34 -78 48 82 22 88
-53 23 -14 66 -25 13 34 -52 56 -28 87 -81 -12 -43 68 -57 35 -97 -45 32 7 15 -27 -78 -56 42 -60 15 -3 -35 -93 -75 74 98 -48 -58 80 96 -49 -43 -52 -50 26 58 -7 8 19 63 69 -19 29 78 97 -50 -89 -14 -67 75 -13 -39 -26 -13 -49 52 77 35 4 -64 -58 98 68 -80 -42 98 61 -38 -97 -82 65 45 -34 -4 -38 28 98 -93 46 -85 -94 -60 46 -89 0 85 -9 -14 -91 96 -16 60 11 13 -8 -83 -80 -7 -74 -72 -30 -51 -60 -59 16 -42 98 -20 -24 74 -4 58 -16 -69 -30 2 -26 -58 47 39 -97 3 -25 50 -89 -2 -57 93 -48 -21 -64 56 19 -5 21 46 35 -41 71 45 -62 30 -68 -26 -26 31 77 48 82 15 97 -67 76 15 -28 -50 -91 48 -57 -60 54 73 72 -27 -80 -98 -12 50 -77 32 -22 63 -75 92 18 -24 26 35 60 50 -52 17 39 41 -35 -17 -23 93 100 46 -64 -63 -42 29 -51 -24 43 10 -92 -100 97 96 -37 74 25 -29 -53 92 -12 6 81 28 81 -45 52 30 10 -34 92 63 -7 16 -66 -35 96 98 -40 8 54 -8 -81 -52 92 4 -36 -61 96 54 -2 -33 97 97 77 -6 -51 43 -73 77 -15 -74 -78 98 -69 -98 96 -87 -51 31 -31 87 4 -19 51 100 60 -66 87 83 38 -62 13 45 90 -45 94 24 83 -85 12 18 -73 -29 -53 -45 -58 35 -71 92 27 -2 -89 -80 -17 -17 71 52 69 88 -65 19 43 72 75 -2 -51 -78 -72 79 26 47 70 -51 85 71 -22 -73 -84 2 -22 40 -28 -37 -37 -20 -6 58 69 -40 82 56 -77 12 -60 -61 46 -3 46 -6 -53 26 -23 13 -44 98 15 -28 -85 -69 76 -86 22 -35 -100 89 14 -51 -77 36 93 37 10 -88 -37 97 -54 75 -33 -21 -80 -67 -53 43 34 -54 -30 -87 99 -73 18 4 -55 64 97 27 13 75 51 94 0 74 60 12 72 16 -15 77 22 -73 51 -31 45 20 54 -77 19 62 28 -41 -62 23 76 84 -20 68 37 18 43 14 82 -57 -75 -87 -21 88 72 90 -70 2 38 -74 -13 37 -51 98 -50 100 92 87 2 -21 -83 77 -96 38 -20 59 -56 33 47 -70 94 31 23 -12 -8 75 11 -82 -11 -63 -3 -98 88 -71 70 81 9 89 64 57 91 -90 -53 27 -77 -28 52 50 76 98 -28 6 -86 17 38 6 8 -91 -60 3 35 7
-59 -35 82 66 36 -21 -37 60 32 -68 89 -51 78 -11 -54 -49 91 57 79 -99 39 -94 36 13 -29 -7 37 -20 -25 71 7 67 30 -58 3 49 -61 -80 -6 -99 85 -32 -28 98 -10 -24 -51 -51 -82 46 42 97 -64 28 -94 11 -5 9 -84 -91 -77 32 99 24 -30 -52 18 -63 -26 -86 -84 22 19 13 -42 -15 -61 -62 -8 71 85 -68 -95 70 -62 -19 -7 -6 -61 -85 47 -40 97 97 31 29 13 100 7 -48 86 -97 0 -40 79 -32 22 19 -70 -95 97 34 -93 37 -13 -38 19 69 64 88 65 74 -9 -64 37 -36 -8 80 -92 -42 76 -62 -13 77 -46 -32 58 55 41 3 22 75 -87 22 35 -50 71 69 42 -89 -48 -58 -79 74 -90 89 -53 -61 -22 -77 -40 68 -67 71 79 -46 18 -48 -37 -98 -14 -28 92 -5 -83 8 71 -100 -99 -44 -55 49 -41 41 3 -97 4 53 46 51 -1 6 -91 -50 -81 56 4 32 95 -77 40 63 62 -40 12 -56 49 -80 77 35 70 -55 54 56 -35 -66 62 79 -46 -24 -24 43 -55 49 -52 -100 24 -9 -76 -24 -69 -70 -14 -47 65 72 -14 76 -8 -14 18 -87 24 -16 5 -16 -84 -73 -57 -33 64 85 82 -56 3 49 68 83 -44 29 -22 92 -26 -48 12 64 35 54 -55 -60 -34 -89 94 -43 56 46 46 -4 -51 -28 53 76 -44 72 53 21 92 -48 -70 -10 95 23 30 -21 27 70 -72 5 96 6 -2 -93 47 50 22 54 -56 73 48 -48 -43 63 -6 -94 -84 -71 25 10 -93 90 36 -48 2 -3 -44 -47 48 -85 -15 -3 -57 -6 -95 55 74 58 -47 -15 60 -11 84 -37 -88 46 -72 21 27 -64 68 74 55 28 -81 -72 25 55 44 58 -52 -39 -7 -66 -48 94 -73 -27 -74 -45 24 -46 -41 14 -80 56 72 0 -97 40 90 27 68 51 -57 59 79 -27 52 88 -40 32 47 94 -83 -90 -85 -29 67 23 -64 -79 86 -87 51 51 -89 27 -43 -29 -66 89 -32 -58 -59 100 -7 41 -49 41 -98 58 -21 49 47 62 -90 -20 45 -72 -9 -46 66 -93 -67 82 100 -30 14 -90 28 10 -28 -82 72 -90 -53 -25 -33 -43 29 -27 -56 -94 56 59 -82 77 -25 68 -30 -25 20 7 -10 39 -87 -15 -49 4 -55 -95 -11 -81 94 25 40 0 -42 64 39 -2 65 18 69 -20 73 22 -52 -35 82 -22 -74 -67 -75 51 -53 18 98 -35 22 96
-20 64 -78 46 96 4 92 88 0 -15 88 97 19 -33 -65 -30 -99 25 -24 23 -61 9 7 12 -11 -7 -6 -56 87 90 -2 -64 -56 -40 84 -85 -44 -99 -70 26 21 8 -84 2 65 -44 -75 -48 -74 21 43 -83 83 -84 -45 59 99 36 -69 -27 -43 36 -79 11 45 84 -88 59 -80 64 -69 95 35 27 -82 7 -36 8 -26 79 -28 83 88 -6 -87 -72 68 -82 62 88 -56 53 60 -69 -20 17 93 -96 -78 38 -86 -66 -73 17 74 37 -90 -32 -12 -92 25 -53 -77 -11 -79 -99 -51 -88 -100 23 -13 -3 50 11 -1 63 61 62 -91 -39 -34 29 56 -61 70 -9 -79 60 45 23 -36 -64 49 58 -32 -92 30 -13 -94 41 -53 -65 90 74 -52 53 27 26 80 -5 15 42 -5 -12 -55 -93 -18 -9 -97 -34 -19 -98 -48 44 66 80 -52 95 51 6 -51 17 92 -66 44 -52 92 79 -56 -97 -39 2 88 75 89 -41 -50 -9 87 -16 -9 30 9 -49 98 39 -33 -43 50 47 -97 9 -25 45 99 82 86 1 25 -89 78 -69 54 27 -44 95 -97 -33 -1 -92 -38 84 -51 81 -43 -32 -82 68 10 83 6 75 -95 -37 -43 64 -47 69 23 15 98 -11 -74 -65 18 97 75 -51 -41 0 58 -89 27 -13 -56 -70 17 -81 2 9 -84 -84 -83 -65 -72 -3 -33 91 82 -57 -85 -34 64 17 -81 -88 -45 -68 82 18 27 44 -16 54 57 -56 -15 13 -70 69 70 80 -21 -35 2 77 -4 34 -95 -37 82 57 -53 79 41 -51 3 -85 36 -12 -1 -71 31 -67 88 1 -11 54 -11 25 -13 -3 18 49 -35 -100 -6 -33 -48 -99 6 63 95 99 60 28 -97 -30 -18 -45 -49 -30 -13 -57 26 86 60 -90 50 -14 -52 -47 -52 -73 51 -95 -20 -22 84 -3 58 3 73 -46 -94 -93 27 70 -65 41 23 -89 100 -32 65 6 -25 -29 -39 -54 68 68 -94 -34 20 -62 -24 61 95 34 68 -77 80 94 -2 45 -74 -92 -26 40 -29 25 62 -25 -36 -18 -84 -29 -18 -64 15 -14 87 3 -11 -59 70 87 -39 -55 91 -79 -84 -18 50 -57 -43 -23 -3 1 10 -22 55 -65 -6 91 -20 73 9 89 41 46 -44 11 16 -68 76 -50 85 -21 99 10 14 -47 -50 -90 -74 -68 -85 6 -63 -58 -34 85 61 -99 72 13 70 93 12 94 -13 17 -55 77 -100 28 21 13 -69 74 -72 -30 -6 -3 96 -38 57 24
44 -57 -5 -16 85 51 2 -100 2 -64 65 65 86 -67 -50 76 5 99 -40 47 -82 61 30 96 -20 48 67 65 28 -29 0 1 -33 18 -1 64 -24 -67 -26 -95 31 16 93 -6 94 18 62 48 80 -79 -67 88 -29 22 -59 -57 67 -63 10 -31 8 62 24 -50 -72 -13 25 -53 -21 20 -30 -75 -78 61 -40 -81 32 27 15 68 80 86 92 18 -6 52 95 72 11 28 10 50 -90 32 -65 -25 8 -75 -30 4 -47 75 -83 42 -60 -39 -79 20 -64 -24 96 -2 -82 -7 93 -76 95 4 -44 -80 75 -58 91 38 33 -32 -42 31 -13 -11 -99 -77 20 -90 -67 -18 23 100 -23 -6 52 98 91 -40 33 78 -43 6 22 -82 91 27 -49 70 -95 71 -99 72 74 -82 4 -37 -54 30 87 64 -68 -66 -16 -75 46 11 -6 -27 4 95 67 -46 23 -20 -42 -80 6 48 -22 43 6 10 -53 -3 16 -72 6 -68 79 -58 -34 50 -88 11 82 -84 -40 -79 -22 89 -69 -95 9 46 60 85 87 80 21 4 -98 54 -31 -27 93 93 0 -77 19 61 -99 30 -39 -48 -64 49 -52 -48 -69 -79 44 8 -93 -37 -7 -13 -72 -49 50 -82 81 10 53 -9 -26 40 -51 97 36 2 -51 35 -49 97 73 -52 64 -91 -45 -69 47 -39 -54 -13 -55 -17 36 98 25 25 70 -32 -80 -75 93 -63 86 74 -92 42 -93 81 -30 -4 46 99 -17 39 18 48 82 76 -39 -99 52 -76 78 18 44 -58 63 -60 35 -96 49 36 -91 -66 -11 -44 -98 -70 -3 -73 -49 11 -77 72 -50 19 38 65 42 -28 63 -94 31 -11 -66 -10 -62 -61 50 -97 80 68 -87 -60 -89 43 -32 54 28 55 8 52 73 27 48 -28 77 -45 17 98 6 64 -47 96 -14 -96 35 -86 14 80 47 -70 -79 20 -5 -32 5 21 96 58 -38 88 -99 99 55 21 -67 -72 43 74 78 -52 79 -77 -90 57 -29 16 -80 28 -17 84 89 71 -11 77 -91 52 -21 -50 26 52 -70 99 15 -70 52 45 -27 -56 3 -81 -79 -99 83 29 -11 -82 74 -86 -45 -85 -80 -67 21 9 -6 49 19 -43 -69 45 -44 66 -97 99 46 -83 49 -2 82 22 -57 -59 -7 -3 -70 -37 -93 -10 47 -66 40 -77 -8 79 -42 97 -91 -71 42 -24 -14 19 13 -74 -16 -76 47 11 16 48 -26 87 26 29 -79 73 63 -21 49 76 77 29 18 -32 68 -4 -60 28
-35 -41 -52 39 26 -89 11 87 17 -62 71 -36 -96 40 94 -77 58 -99 -18 54 20 23 -82 -37 33 65 -94 23 -27 -33 -41 64 89 -67 39 49 -99 -86 88 -55 -34 -8 -54 -8 -57 96 22 -40 42 49 -38 48 -23 -54 95 95 81 -29 0 -35 50 -4 19 47 38 81 -63 -35 -80 -32 -38 57 -2 -56 -18 8 3 26 43 70 63 -87 24 32 11 -37 38 -54 -17 75 78 -64 -99 -64 65 -63 -97 -15 68 -67 -92 35 -52 -100 -67 96 -83 79 25 -8 -13 -12 -1 9 -30 -59 -51 25 -81 -78 48 -53 41 13 -49 57 -81 -78 -68 -62 -72 50 33 -57 9 -45 55 36 53 18 12 1 -94 -4 -7 -68 84 99 37 100 -5 29 -97 49 -25 14 -31 -5 24 4 -30 -6 69 27 38 -43 -45 97 -76 -56 -56 -1 54 19 50 85 40 86 42 -64 -1 -65 97 -7 -3 91 -86 16 -37 -23 22 -39 -27 4 -45 81 -69 -7 46 -18 -71 80 63 60 -13 -37 -17 -94 65 80 36 100 -6 23 -57 -58 -93 -84 -28 -78 -37 79 -59 -84 1 95 56 50 -14 96 0 -75 100 89 -57 -32 -75 -5 -48 51 72 -34 -50 -78 24 -37 -93 -26 -23 67 71 73 25 -97 56 -46 -73 -18 50 -17 -32 98 67 -57 -19 -56 91 -60 58 -75 -46 -86 -39 48 -83 -12 -99 74 59 3 -37 34 -13 -21 84 67 -21 27 -99 93 94 7 71 -94 61 -16 -92 -46 20 0 -85 -99 -89 52 -24 10 87 33 -37 -51 20 -69 94 79 21 -84 -82 -45 -26 -24 -3 -68 -31 -54 65 -98 8 95 -29 -97 -60 33 -58 -45 -31 26 92 71 41 64 93 -26 94 29 -31 -58 -30 -98 -45 21 -59 7 -17 96 -19 53 -38 47 66 -45 -48 -96 -94 -71 -25 34 -73 41 0 33 9 -19 81 68 -75 -83 80 -49 -67 87 -56 -3 17 17 60 -10 33 -19 89 87 7 -69 23 45 -93 1 11 -50 -42 9 -59 37 98 62 -79 -44 -39 -12 93 -65 84 -47 -85 42 -51 -39 -50 -51 20 -46 32 49 67 -100 18 70 -10 29 -76 -57 51 -43 12 -16 -75 78 50 -37 -83 -8 82 -95 -56 -70 67 72 -47 -13 -71 -62 -72 -35 100 -90 20 0 -41 24 56 88 68 11 -83 10 73 -31 -44 -50 -81 -1 -78 62 -77 49 -48 -34 96 87 -68 -33 -35 -48 -35 5 68 22 64 -6 -34 28 -7 -41 -10 63 -68 -82 50 -67 -43 -27
82 82 -45 47 50 -27 -41 53 51 71 -76 56 90 -81 25 48 76 -84 44 3 87 93 10 96 -88 56 5 -27 12 10 27 52 95 78 -32 16 45 16 86 -40 70 35 -49 5 -44 -97 -63 -11 -29 -76 -16 -63 33 -81 -23 87 51 -31 -17 -53 70 -82 19 -72 -36 5 90 8 -48 43 8 97 33 -73 54 40 -56 77 44 99 22 90 55 -13 47 -26 99 18 66 19 -12 -55 -99 -3 -55 54 94 -30 56 -68 -24 97 -97 -1 87 -28 89 95 60 0 96 -27 -92 -33 1 22 100 -32 -79 -92 -82 72 -68 -5 3 -50 75 -87 58 46 9 -44 62 -57 -89 76 -79 -98 89 -93 4 12 71 -9 38 12 88 37 -10 37 -70 31 15 40 -20 -19 53 82 -92 -10 54 -43 -88 -76 62 85 55 -27 60 -89 -78 24 1 -71 72 56 34 -98 -52 89 -38 -39 -15 92 -89 81 69 -53 -70 10 44 97 -81 -45 -9 18 -78 23 -21 -2 50 6 -66 -100 100 3 31 -93 94 -50 84 18 91 -81 -88 -85 34 1 -7 -54 74 -57 27 -75 -7 17 36 50 8 9 16 33 -57 55 52 -47 -55 69 67 93 87 57 -75 89 71 -37 -52 25 -35 31 -16 67 -32 91 -2 -58 14 0 -52 -22 87 -45 -37 93 -37 -99 39 19 96 33 68 69 -30 25 59 59 35 11 -37 -60 -13 66 -11 99 13 90 63 26 16 -21 -77 -71 -28 -51 27 57 -32 -92 82 90 67 -39 -36 30 -10 79 -74 29 23 -15 43 -67 2 -51 -66 59 90 80 73 12 71 21 32 69 20 -75 -74 14 26 30 69 59 60 41 89 -60 47 -100 -85 -52 -90 97 -21 -71 11 8 36 -88 86 87 58 60 -60 -95 -18 -97 14 -94 -86 -94 -81 -23 -53 -41 -61 87 33 -55 -55 33 -38 17 22 6 -87 -33 -13 5 -19 -64 -59 -97 -67 66 64 4 -95 10 -36 8 -91 94 -18 -99 74 -67 -96 53 -89 -25 22 94 -9 -11 -33 -81 92 3 6 80 -75 70 27 -96 2 -48 96 8 -89 -86 -43 -88 44 47 73 32 -90 18 -4 58 -11 -30 63 -79 51 -75 8 -75 5 54 32 -81 8 -41 -82 67 -85 25 83 -76 -48 53 96 15 -90 15 80 -29 51 41 95 33 100 -7 100 54 76 15 43 -92 -6 -95 -6 -42 91 -61 75 -80 88 -22 12 5 93 16 58 -1 39 3 14 53 -36 14 14 79 -55 -27 -81 64 -54 80
79 45 -96 -7 95 -47 -34 -98 -98 -92 -41 34 45 0 -10 1 -62 51 19 -85 40 -1 -50 -96 -2 -78 -4 23 7 4 79 18 -11 56 -81 -100 18 45 -46 -46 -66 -20 31 38 -4 44 94 -65 -15 17 8 75 81 -35 -67 -83 -22 75 -1 -11 -10 89 -90 71 -5 22 79 91 77 -100 -71 -33 63 18 -10 73 -14 -70 92 -5 -31 14 -46 -43 -21 -15 54 -71 -57 -91 17 -81 -80 47 -24 56 -11 29 -27 -27 16 69 28 45 -25 -33 -38 -63 -43 69 -43 47 85 -49 -80 -62 -43 -61 91 72 -96 78 88 21 -79 69 -28 -19 -72 50 27 28 29 -25 -30 -70 -74 -67 80 -84 -16 -51 -97 -13 54 59 8 -1 89 53 51 4 -56 33 -35 92 96 75 -52 87 -10 -71 81 34 -42 8 70 -20 -46 -2 -64 -64 -41 -83 17 -61 60 43 -47 3 -15 -54 -28 78 97 50 -32 61 -36 33 43 82 -53 -34 72 71 -61 -95 -42 8 28 31 65 27 36 -31 -58 97 78 15 -33 22 -55 48 88 69 91 -62 96 99 -75 85 61 63 17 -36 66 -75 -70 73 80 99 -94 -76 5 -93 38 -35 -55 -11 80 -22 76 48 -61 -95 47 58 35 21 67 -80 -23 -10 -62 54 -57 -37 -88 -52 60 -57 -36 -6 -34 -46 -41 -11 3 -8 -75 -54 -43 -69 89 54 -19 97 36 79 14 -56 -96 -89 21 -17 5 -89 67 8 8 -39 -35 61 -93 43 -25 15 -77 -3 1 0 62 -18 31 14 -12 -60 94 -95 -90 -27 -85 68 -18 89 31 57 65 50 -39 -97 52 61 -97 28 95 89 87 38 42 -63 19 19 20 -66 40 -94 38 -17 -4 -23 -49 -4 -49 9 -46 88 65 89 43 25 87 89 -48 58 71 19 -61 -63 -86 32 -72 -89 -69 -80 -15 -78 10 96 29 -53 1 81 -70 -89 -60 -16 6 -63 -92 -69 -88 -32 -84 35 78 22 83 -22 94 24 -90 -100 78 1 31 -54 94 18 47 -63 84 50 3 10 -19 -56 75 -90 5 42 -55 96 60 91 -84 5 90 54 -75 91 49 9 -11 6 10 -15 27 -86 80 15 -89 14 -64 17 -60 2 32 -65 -90 -86 3 51 -63 -78 83 -4 77 29 -50 68 98 -52 92 -97 -71 62 -79 6 99 -69 -30 -89 -13 56 85 18 -68 -1 -100 95 -12 25 78 -53 39 -56 -21 -87 38 95 -58 -15 -47 14 -16 65 100 29 64 -99 -84 -90 41 -24 27 -50 29 -77
-21 17 -97 5 -35 2 -46 15 66 -10 100 22 -33 51 -62 78 47 46 30 -3 3 55 64 -67 35 -9 -46 7 57 -75 -29 1 -87 -6 -68 86 -56 36 46 83 -39 -89 -47 -65 -68 -87 -56 -15 -81 -23 -42 99 -50 20 -50 92 4 91 -57 8 -90 -96 39 56 -88 -100 -18 -39 -98 -65 90 77 27 -74 5 65 25 11 -80 -81 -60 -30 33 26 90 23 -73 -62 16 -44 -36 -43 47 -11 -81 100 14 27 3 -44 -71 -91 -63 73 -64 60 -20 -22 17 -90 66 41 82 -30 -78 21 64 8 69 -26 -71 83 -34 53 60 79 90 72 78 -15 25 50 75 64 -83 -58 71 -26 -86 97 -5 -82 88 -17 -51 -85 34 59 24 14 -56 93 -35 -65 48 13 43 -59 77 95 7 -90 82 45 14 -31 -84 76 -86 -25 -2 -68 2 8 -51 -21 60 -15 59 18 -24 -59 92 -2 41 -10 -44 89 -55 -80 54 -89 76 -62 -2 25 -70 -52 26 52 -64 -77 -78 -64 -87 -55 22 4 -19 -82 -69 10 45 -69 82 -6 81 -43 15 51 20 -28 -28 31 -50 27 -34 -30 -82 48 -31 71 93 73 29 68 -77 11 5 19 -70 86 -62 -37 91 -54 -8 -76 -36 -92 -97 -6 9 60 -92 -48 -67 -43 26 -40 -24 -34 10 52 -62 -8 -92 -66 -84 -15 67 -37 21 16 -59 -95 -28 30 -48 92 74 32 -91 22 7 -35 -58 -31 -53 3 91 -7 9 -96 -47 27 -10 -13 -83 -59 93 -49 71 -20 55 28 18 -78 -29 87 43 -23 3 -16 -92 -57 -42 68 41 -10 -100 -15 61 85 -80 -81 92 -93 -95 -87 15 -22 -76 99 -87 -94 -66 -85 39 -7 -86 63 80 38 86 75 -27 -49 -1 -99 58 -33 -32 46 -1 86 -58 -14 3 6 23 5 -41 -91 -21 88 65 69 95 19 39 -12 -47 28 -65 -64 7 98 52 25 14 -50 28 40 17 79 81 43 19 37 -42 -49 -70 17 -7 10 77 -8 53 -14 -68 -87 51 -72 -84 23 27 57 98 -31 -96 -94 -68 -43 7 -2 -72 40 -88 -61 76 23 50 84 -21 48 15 20 -78 -32 74 94 -74 -67 98 -41 32 -99 -54 33 59 -55 -93 -21 -60 0 2 48 19 29 93 47 86 -80 -21 45 -10 24 79 2 8 79 -4 37 -80 7 -62 87 58 -36 -81 -62 1 -58 18 49 27 -11 55 100 -94 88 -75 61 19 -54 49 60 72 79 13 -14 78 -93 40 -56 61 75 -57 -46
-59 33 -88 82 54 -25 -32 -57 -90 -43 -19 -69 -63 -18 64 -67 38 15 94 -99 54 -33 -89 95 71 67 -66 1 -69 19 52 49 -10 -56 -77 74 -19 78 -7 64 -8 -35 -79 -21 -10 -20 76 -88 -69 -45 -15 -94 62 80 35 12 -65 -90 -12 11 1 82 89 76 81 69 53 -12 -54 -62 -4 -90 -48 75 -10 91 80 -23 -37 -81 53 5 -55 -60 -83 -74 -99 20 -52 -22 22 -57 -23 15 61 60 66 9 72 46 51 -34 52 -8 -4 80 87 98 50 62 67 -4 65 70 84 54 100 58 -6 -26 -59 -57 9 -71 5 -10 10 75 96 -9 -92 -43 -23 -67 -92 -68 -48 92 -2 -14 82 -39 98 -40 -93 3 -92 90 -80 -73 -65 40 -9 70 41 3 -63 54 -4 -7 -18 30 -27 -77 2 -5 8 -83 -54 16 89 -37 -50 10 -82 39 -23 -88 -45 64 92 -96 75 -40 58 8 44 92 -90 -48 59 -78 56 21 -95 4 -11 7 -24 77 -95 -80 24 -65 -33 18 -33 -45 -93 -1 -56 -45 -98 -47 -14 -28 94 -23 3 -87 -31 63 -70 58 32 -92 72 6 -8 52 54 -84 -75 -90 -80 33 7 -96 -30 82 -97 54 -82 -6 70 -73 -22 -34 -50 23 -6 60 -6 -19 -36 92 -68 53 92 0 -75 66 -84 92 -81 -65 98 -50 -9 -96 71 -83 -53 31 -79 42 -46 73 -21 -37 63 27 -73 -80 -87 28 -46 -57 28 -82 89 -3 26 -100 -9 97 32 -62 76 2 -62 57 27 46 66 51 -70 -18 -47 -73 38 59 -2 -63 -21 -48 74 0 -36 76 -6 -33 39 7 44 -99 3 73 -2 -86 63 97 54 -12 82 -9 70 58 46 98 -89 59 -91 -9 73 -83 91 45 -15 -80 57 -99 -78 -27 26 43 33 20 63 28 -1 -66 -29 -79 40 65 -89 11 93 20 97 -25 4 -66 86 98 -97 -60 89 -61 -74 52 -99 -48 -98 44 9 4 -71 -73 30 17 -1 98 -42 -10 37 -22 69 -70 -46 -61 77 92 15 -36 -39 36 -55 -8 -96 88 80 99 -76 -51 -10 -71 5 -100 -15 -5 -7 -52 85 10 -59 -56 26 -13 -53 -99 26 1 44 -26 -10 -47 27 19 59 -90 0 -23 -96 -32 82 27 -55 18 -76 32 30 -87 -92 -31 37 100 -86 -23 85 14 51 -23 -64 -37 39 -81 -36 -31 -79 -15 -96 -80 -56 41 -4 -95 -96 -31 -13 -86 59 -39 17 -45 96 66 19 -74 -61 -61 91 -31 -26 -92 -18 32 -41 35
-10 -80 -37 96 -13 53 77 -17 -39 73 -59 -69 -74 78 -79 -72 35 -96 23 -5 30 38 86 100 -70 -79 82 -61 14 -10 -13 49 -87 -89 94 17 22 83 -2 58 -6 91 20 96 -14 97 -16 -7 -93 -81 50 -19 97 -46 -69 19 -40 95 92 -88 90 -83 40 79 61 -34 13 52 -2 60 -74 -4 -23 -100 -10 67 -49 -4 56 14 43 92 86 -71 98 -71 21 85 68 -89 -46 -38 62 49 12 -72 57 -60 51 61 43 86 85 -80 1 -78 4 64 67 -9 85 15 -4 52 32 45 97 -55 -29 65 -99 64 -83 21 -58 85 -61 7 47 57 51 -72 -39 -98 -48 -81 -85 -48 18 13 12 -9 -67 -78 48 -99 -49 -31 25 -62 88 -9 -12 65 -33 79 -21 26 17 -27 -62 93 -57 -77 3 -57 -59 17 -13 70 66 -29 -70 -87 13 -87 50 -36 7 10 4 83 13 -49 -85 -24 32 20 -41 -22 -25 40 -53 -6 80 -52 51 -39 -30 15 30 40 81 62 -100 -82 77 91 -46 -5 -90 100 37 29 75 -25 50 -94 -86 -7 -2 4 7 -53 -47 86 -69 -60 -96 -27 -59 -69 -24 69 20 -96 -30 58 26 5 -79 0 74 40 75 46 38 -13 -65 5 -83 50 20 23 83 88 -58 -82 94 -45 3 22 93 -45 -90 67 -76 -92 18 -7 98 25 -72 93 -54 -65 -91 68 15 -2 -55 78 -10 49 -61 -30 -79 22 -21 -45 -37 87 39 -64 -49 -59 9 32 0 -42 83 -25 -5 17 -9 1 -30 -21 37 21 -2 -85 62 -68 13 -90 -64 26 42 -8 10 72 -12 45 68 77 15 17 32 -9 -86 -41 -96 46 -68 53 56 -43 -67 79 -32 -72 -80 -17 15 44 -32 1 57 -99 39 -78 -4 29 -58 63 37 -85 -50 -21 -99 62 -27 85 -23 -49 60 -77 -62 9 -18 -17 73 -95 97 -73 100 -34 27 -17 -38 -2 64 27 -49 -89 21 99 -12 17 -2 -35 -56 90 38 56 65 -96 -73 70 19 -78 -5 86 -60 92 61 21 -35 -68 -49 76 79 63 37 -88 -48 -83 57 47 89 -27 25 -11 -25 88 22 -91 33 -70 -70 53 81 18 -99 81 74 3 -78 10 67 29 -13 68 -73 42 -61 -49 31 23 -96 10 66 57 100 -63 1 -91 56 87 65 -90 36 -30 50 6 77 46 -76 41 -35 -2 -6 78 31 79 42 67 -13 97 -20 89 26 -61 -53 -85 -46 84 38 13 -18 11 79 -72 9 79 -34 65 -7 -36
49 66 -76 -76 -39 -7 51 -75 22 20 -96 -96 -56 90 -55 -24 74 -63 40 1 -14 89 69 10 -85 -64 -23 0 78 58 19 -44 37 2 -52 57 98 -79 66 -3 -64 -66 -65 -14 -11 -95 94 -71 76 13 -52 -31 91 -77 -47 59 -21 70 71 11 -4 -26 49 -82 -23 35 24 47 -49 -34 22 83 -33 -75 5 -88 -92 -38 97 -76 -27 65 21 -32 -32 -57 -14 53 -6 -4 56 -49 -78 59 -83 39 -77 31 -54 -3 -34 -50 39 -78 -24 15 56 4 -18 -58 -79 10 -96 -52 -11 -22 -37 -73 -4 -83 -43 -78 -45 -36 -56 39 -57 -57 -3 -79 52 -26 95 -84 -58 -8 -13 -100 -25 -52 79 23 62 17 -15 9 47 19 -65 -34 86 -32 -69 77 67 -5 44 -8 62 91 -43 -7 -94 97 35 -27 -5 -89 -79 -94 -3 36 -88 -20 12 -76 -16 -66 100 -84 8 -87 81 13 -57 -21 -93 56 -47 -12 -90 -16 67 -6 76 -99 76 -27 50 63 -23 -6 -16 -30 9 -70 -94 74 -93 89 -100 6 89 8 -41 -72 41 -79 65 -55 -100 -1 -96 -29 -71 80 43 -77 40 -43 65 -20 -67 77 31 -21 36 58 -25 -79 97 -75 96 23 -71 -51 53 -19 0 22 -60 -21 -70 15 -43 17 57 98 50 26 35 63 -10 -24 -69 -59 -78 -100 57 61 -22 80 -1 30 -40 -33 33 -93 -62 -37 33 77 -61 -50 61 -83 -91 -76 -30 51 45 -45 -40 -79 -44 -71 95 9 -17 -20 -3 96 48 -14 -66 39 59 -80 -61 -70 -75 35 84 78 6 21 11 -1 -45 -34 -26 68 -88 85 48 -69 -22 -16 67 -98 -99 -71 -3 -94 -43 -65 2 49 81 71 -64 60 -25 61 48 37 43 27 -82 16 22 79 47 29 -56 100 -86 11 29 60 10 -30 31 85 -22 91 36 -71 72 9 60 87 -17 81 41 29 88 -95 2 -9 95 -69 -35 -35 39 4 45 -96 64 -1 -82 -97 -90 -3 77 -36 25 -24 -7 -29 50 -70 100 -20 65 100 100 45 77 69 91 27 64 89 52 -26 89 85 -56 9 -17 -63 -20 87 39 -64 -97 34 -5 -85 -1 34 4 14 -76 -70 -75 23 53 43 -12 -57 -2 -60 -88 -84 17 -93 -10 -96 -85 -32 -86 -86 99 -88 97 -76 25 -29 57 -57 39 54 43 50 -51 52 -11 64 8 -25 69 35 94 58 88 -47 83 50 -9 -37 65 47 77 -30 -57 20 -57 75 94 2 -59 -71 -82 -64 -74 -93 -34 -88
-18 -88 -96 -11 14 -52 14 48 61 -83 35 18 -88 -45 10 15 47 23 66 68 -57 -38 -81 -62 -2 59 -9 70 -33 18 7 8 -14 -94 -45 52 1 89 23 46 86 -48 2 63 88 -42 56 -6 35 -15 37 -81 48 -56 -91 -53 -68 7 61 -21 25 -89 -14 39 17 -74 -26 -48 -51 31 -59 59 -19 -64 -93 55 -73 -75 68 -47 -51 -77 49 -90 -29 82 -3 58 89 41 26 8 -8 18 71 -79 28 -89 -74 93 -55 -83 46 -88 -98 19 -34 99 -61 -19 40 -19 84 -100 -65 -94 17 20 90 -43 -9 -59 -42 42 -72 -3 -83 51 40 70 -2 -47 26 -93 24 40 0 38 -99 1 88 -72 36 -79 -57 14 7 -84 -19 49 15 93 5 -53 -68 -62 -24 -51 -75 -74 -5 -9 51 73 36 81 -18 -76 -72 43 64 -50 -1 -28 1 27 62 -41 21 57 -61 55 94 72 69 -86 -8 -97 -62 -3 -52 72 93 -93 30 -87 86 -61 94 59 79 8 47 -97 6 -41 -57 55 -59 35 32 78 17 -87 74 -47 90 73 -63 72 28 25 -26 77 -30 14 -48 77 -82 -45 73 60 11 42 75 -27 -30 57 99 58 -24 -43 -80 42 -59 4 -97 -41 51 90 98 88 -67 -26 30 -75 -20 87 -20 -43 -11 -60 -78 -72 91 -53 70 66 -86 -72 49 91 67 22 -8 -46 72 -71 -73 86 -36 -87 100 -71 83 41 -75 -2 -83 41 -17 -89 -9 -74 76 -50 -6 -80 -23 72 -17 -16 83 -36 -19 66 1 45 -27 -12 18 -37 10 31 69 -88 21 -48 92 26 12 60 65 -56 27 -4 -71 -33 -85 -8 -74 75 -37 -71 -13 74 28 -23 31 -31 -72 -73 -6 24 -9 -44 19 2 3 41 60 -20 80 94 46 -58 60 48 79 -83 49 -43 -44 -1 -57 -63 -82 -27 26 16 5 5 -75 47 -43 51 -84 86 -96 -39 -5 -94 73 29 -72 -72 37 -39 -22 -14 -41 -47 50 -5 -34 -20 67 -60 73 69 63 -5 -84 -80 -39 47 -8 -82 45 86 -19 -72 -58 -27 59 -89 -30 59 79 -1 13 -77 13 -71 -66 69 42 5 -57 3 57 2 -67 61 -98 -71 38 27 -86 16 -1 -96 3 -78 -91 -16 -26 58 71 31 -55 69 75 15 67 -93 -17 -93 61 -21 44 6 -14 65 75 -67 45 -46 -8 35 -9 -36 50 71 76 37 -97 51 -12 65 45 57 -28 -58 88 -75 0 89 -51 -54 25 -70 40 95 21 26 61 -15 -90 -80
29 -65 -67 88 23 81 -57 -67 3 -24 86 78 88 -3 88 14 44 -20 -83 -64 -19 41 -46 -72 24 -80 -33 -35 -26 87 47 31 29 93 98 93 36 78 19 26 -42 -35 83 64 70 -82 -16 -33 9 34 -97 99 27 1 -65 -84 -73 -28 91 -79 33 -74 -100 -14 88 -35 -36 -50 71 -37 53 39 8 -45 52 11 -20 46 -1 60 82 -79 -28 11 78 -76 23 -28 -15 44 50 65 46 -38 10 21 -27 -51 86 -93 44 98 84 10 91 47 -81 -75 -71 87 -42 86 49 -35 -47 -71 56 -78 -32 2 -39 -79 -89 7 -62 -73 -15 52 -52 -33 55 -96 18 -3 84 13 72 61 13 91 -62 -1 -56 6 -100 74 -16 46 -62 -24 39 -59 97 96 -79 65 21 -54 -53 86 91 59 -7 86 50 19 -42 -44 8 68 -52 -92 5 -72 -98 23 86 -82 -4 82 -19 -54 -68 73 10 -7 76 -64 86 -65 41 -63 82 -82 45 -87 42 -12 93 18 -1 89 59 -71 -56 42 58 52 3 -3 18 -71 37 -76 -63 -43 72 22 25 -48 20 -49 -82 -6 51 -4 -70 65 -66 30 10 -93 88 -69 -50 71 44 -100 -4 23 8 74 -65 74 -94 -11 -3 6 -65 48 -81 -61 100 7 49 90 3 30 80 -2 -59 41 83 36 -85 46 -56 90 38 -81 68 74 78 -81 89 -100 35 -9 -26 52 61 -60 8 -18 -7 22 38 -53 37 -9 -92 52 -22 -65 -47 29 25 82 -14 -82 46 26 -16 -9 -41 80 38 47 -52 22 30 93 -34 74 -3 -94 -5 58 -42 28 -99 88 -23 28 -41 -20 58 48 78 -75 53 30 84 2 -71 39 -16 78 -54 35 -97 -8 -80 97 -53 -23 -37 -36 -18 95 -70 38 43 18 54 -75 -68 88 -88 -71 44 56 33 59 -58 39 -49 13 48 -79 -70 -17 28 36 53 85 -33 35 -51 -85 -10 -32 51 63 18 74 -95 10 -46 -18 96 81 53 -46 28 -48 -78 68 -88 -87 35 21 -49 -90 35 18 -2 2 -91 -51 -11 62 -13 -39 12 -33 77 -63 -63 40 99 -46 47 64 -5 -56 -64 -89 -18 94 34 47 -39 -84 66 59 -6 -5 -14 15 -43 -22 -64 14 -60 35 -72 -24 -9 -7 -88 86 -70 68 86 27 -89 87 -12 34 -63 25 10 34 -87 3 -94 -75 19 79 68 -76 -36 36 -83 -85 53 -33 -37 -22 59 19 -77 37 10 -97 -83 91 89 10 90 85 92 8 -11 70 50 46 74 66
-85 11 89 22 -64 47 47 28 -75 -68 -86 26 -12 27 28 80 89 34 32 -45 -19 -72 4 18 63 -96 64 -82 59 -10 98 62 87 -38 15 -69 24 -67 -63 -51 71 53 50 -84 -15 7 87 -54 91 -57 82 -60 -9 49 -27 -18 52 100 16 -65 -53 -67 -60 -33 51 -84 -70 -13 25 86 50 -57 62 -81 16 -82 -45 24 -44 -35 79 43 -86 -36 31 -85 56 -55 -1 20 -51 21 30 46 89 88 92 -64 82 61 78 70 -69 -28 -7 83 -81 70 66 -74 -18 13 -3 93 -87 -15 -21 -37 -66 -62 32 76 -32 58 -20 -68 -52 -62 -50 -94 88 -85 -66 76 -6 -5 15 -96 75 66 30 86 -94 55 63 58 36 -85 7 37 89 64 78 23 6 -74 33 60 -99 33 26 -13 -30 -56 -62 -32 88 58 -59 51 15 -2 65 -58 24 -81 63 -94 -86 -53 -41 14 -36 -18 -61 -48 59 1 77 23 9 2 -45 38 85 -48 65 30 -83 0 -45 -49 37 -86 76 -52 42 18 6 -76 74 -88 -62 -66 7 -5 88 56 98 7 93 84 49 -25 63 7 96 19 91 -11 18 73 -59 -1 -8 30 52 42 20 -53 39 1 72 57 33 -75 33 -5 100 -55 -100 -44 -50 70 54 84 -42 -65 -57 24 -79 -17 28 54 -47 -2 -68 -52 8 27 44 -89 19 81 22 59 -25 -28 -21 1 -47 12 -42 -87 -53 -39 -59 51 -31 26 -21 -2 22 -63 -60 -66 -99 75 62 30 -41 5 51 95 48 2 52 -74 -100 49 -96 -71 -19 -79 -23 40 -96 44 68 -63 81 -13 -82 -88 78 33 88 25 -13 -94 -27 18 -100 -71 39 97 -24 -28 -31 86 7 -20 -10 56 -12 -53 65 47 -87 1 39 44 21 91 31 -1 22 91 -93 -87 7 10 -95 53 14 54 -12 72 -19 77 95 41 21 -37 -73 -36 56 -20 -26 7 -29 94 30 20 -1 -66 -63 10 -68 -78 -41 -14 63 -3 -32 -37 -95 61 -98 -31 -50 80 -55 -8 -36 -80 79 64 -26 -28 80 -97 -83 -66 78 -15 -67 -47 64 84 -80 29 97 38 -87 24 -90 -51 23 45 -43 43 -27 -55 26 52 -62 86 18 22 -62 -44 -62 -63 -6 92 -19 80 82 -66 -35 19 80 -66 27 -81 -77 80 -12 65 46 -83 -82 -91 39 -58 -60 21 -60 5 -91 77 25 88 74 -28 -64 -12 41 80 97 -39 60 42 32 -20 71 24 93 43 84 -43 19 49 70 -88 -98 79 37 -27
92 53 8 32 -27 -67 89 58 71 8 -73 46 -38 90 99 -16 34 -85 -49 -97 47 8 -13 -24 28 -98 68 61 95 57 55 -98 35 87 -12 -17 50 88 -45 88 -4 67 -52 40 -3 84 30 39 -22 53 65 20 -55 -31 -49 -63 -62 47 35 44 17 99 -82 -61 -69 -69 46 -91 -78 62 -81 15 21 45 62 -91 0 -85 58 65 55 79 -83 -59 12 -94 68 93 -2 -62 77 12 -48 18 -100 83 23 -7 -11 -66 28 -99 49 -85 -39 -100 94 -56 9 89 56 92 44 -15 -55 36 11 46 73 -94 19 59 58 35 46 -98 -41 -88 76 77 -62 85 53 -67 -86 68 -53 56 -60 -25 32 100 47 -43 -5 13 -34 82 -80 83 5 -22 -61 -94 38 98 31 -18 -14 -24 58 -43 83 25 13 2 -22 -51 78 -57 -52 35 -81 -31 -78 -30 65 -70 -70 34 -49 98 63 -17 15 29 -82 -18 -10 -94 -17 -45 81 58 -43 62 -41 89 25 1 -63 67 70 -9 -99 73 -24 -3 90 74 -77 -56 43 61 -87 -21 51 -53 40 89 -57 12 13 -58 65 -68 -93 -78 58 -29 -97 2 -90 25 -82 78 -45 54 -29 -40 55 -93 -29 86 -53 -96 -36 -71 -12 79 -18 82 -51 -14 -13 37 25 -10 52 -13 -61 -83 -53 -20 38 60 24 30 -41 -97 -35 -54 -4 -67 -6 38 93 45 -27 -24 -39 -10 20 -21 55 -60 15 -74 80 19 -74 66 -45 -96 36 84 -78 -41 59 -29 56 -34 -12 57 -96 62 77 71 -52 36 3 6 -77 46 86 -30 83 78 -35 0 99 96 95 -66 3 74 16 83 -45 -28 37 -97 88 -56 16 65 15 -43 63 -63 -65 75 56 -69 8 -41 -3 76 18 -22 84 -74 14 70 -31 -12 5 5 -73 -13 97 62 92 7 -72 -15 -66 91 22 -59 -60 75 -83 -32 -36 95 71 -67 -53 -21 -83 -75 36 71 -73 -59 -73 42 4 -83 21 -85 20 -21 -60 5 -23 46 50 23 -56 22 2 35 -39 -46 -58 -17 -50 84 -99 -64 -28 89 23 -84 -51 83 -23 90 -62 -1 14 -53 30 40 95 59 -38 51 71 57 7 16 46 -45 -17 -59 -91 -90 -81 61 60 -67 25 -57 -81 55 8 11 -42 38 38 -96 -50 75 -85 57 -97 91 42 61 -21 -54 -42 76 60 -77 77 -55 -27 16 -91 66 -48 -5 -22 -56 58 47 -72 -65 -32 -90 -98 88 -55 -65 -21 83 -95 -96 89 82 -69 62 -33 -57 76 -87
-34 -64 41 55 8 -38 72 -20 28 22 54 5 -27 44 53 57 41 8 -92 -10 -66 99 -100 -75 33 57 -72 -53 -16 -11 -5 81 -52 12 23 78 11 -45 20 84 0 -7 -26 -97 -72 -72 -16 9 -58 28 -68 -17 12 -65 -9 59 10 -45 13 -60 63 -15 -46 27 -36 70 -35 40 -52 -10 -44 -22 9 -48 96 -64 48 11 19 23 82 -84 -54 28 -16 14 -62 -56 59 -7 16 -84 -76 -53 57 -67 -5 47 27 -42 -98 -4 34 -47 -36 -45 -21 -3 93 91 -19 -3 -4 26 53 14 -67 -68 -96 100 -83 20 -73 73 17 -85 72 95 -38 54 45 -28 18 96 67 -39 -60 -23 -82 -4 51 -98 -48 54 85 21 -87 97 40 -44 25 12 20 -60 74 2 84 -35 -34 0 7 -94 87 11 58 21 -46 92 93 -63 -31 -55 34 -60 82 -84 89 -89 4 -39 30 87 0 47 -60 -94 86 57 72 62 65 -73 2 -99 81 -9 -13 -20 46 2 -22 31 -1 -92 61 -81 55 24 94 37 -50 51 -35 -7 -14 -84 -26 -70 -57 22 100 29 -41 98 39 2 -44 75 -69 -5 86 16 17 -85 51 78 -26 84 -64 -93 -83 99 60 9 23 -7 -40 -79 82 12 33 -68 85 -47 40 29 -68 -31 80 17 -39 -35 91 -89 -71 -44 67 -22 3 -49 -48 -79 49 0 45 88 -58 22 99 -8 40 -87 -35 30 -89 97 -49 52 10 45 -73 -65 9 66 45 -2 -96 -83 -85 78 39 -85 -62 -62 -73 -16 99 37 -47 -22 -81 39 -53 -91 99 -94 -17 27 99 74 -61 -87 -10 76 -57 67 -87 -26 8 55 41 10 -93 -40 -56 -90 -2 49 -97 -33 -97 -47 -5 -23 -67 55 -8 -73 -56 -1 -81 -94 16 79 -31 82 -56 -16 -81 85 85 -81 -10 95 63 77 36 -11 -14 -100 42 -8 17 12 12 -10 -18 -55 -83 -11 41 -4 35 38 14 80 87 3 93 -67 -11 -96 -58 99 59 -71 92 -84 -66 42 -58 -23 -90 65 9 -15 42 -51 40 1 60 -46 12 -32 -48 -5 20 -64 -43 50 9 77 -65 -3 98 -3 -49 -100 -22 13 78 -63 -66 4 -7 33 -36 16 -43 -9 96 100 4 -82 82 -100 2 74 64 49 85 27 43 -6 69 46 66 -55 -96 70 43 73 62 55 -5 16 19 -26 -46 33 97 -72 9 87 -66 -80 -61 -98 -7 50 -8 56 -75 -66 -48 39 -54 82 -37 26 -51 -77 -88 25 54 52 -96 -99 -10 3
-62 14 74 -27 91 -40 92 73 -94 -56 -57 65 -15 19 75 91 71 -28 -36 94 77 12 -100 37 -54 61 88 -92 63 -81 94 -45 15 -47 -36 -80 -85 35 -32 -56 -50 -37 -67 29 16 36 -76 63 -29 4 59 -3 -8 -3 64 1 -37 -81 6 50 36 -17 87 -61 -74 -92 0 -39 99 42 13 99 31 7 15 66 -90 36 58 33 -91 -57 -44 -82 -41 47 66 50 -46 -81 -30 10 39 41 -24 -45 -11 -90 22 -100 -76 46 86 14 -92 68 83 -68 -75 -83 -17 -17 65 -23 -21 25 38 -99 66 -30 -67 -18 26 -30 5 66 -18 40 31 -9 20 96 -51 96 94 -84 -93 -29 -80 -95 -73 -97 -30 -26 -52 -67 6 -100 90 -44 -82 -29 -50 52 5 -41 -15 89 88 -100 -37 18 -65 87 87 -84 5 76 -3 72 -91 21 -32 -70 47 -60 -73 71 37 -30 -89 35 -10 94 55 -70 -46 3 12 -42 61 63 5 17 -44 45 -40 58 -60 -17 -47 -73 -94 -16 -36 -99 47 94 -83 73 -84 0 -23 100 82 71 76 49 51 29 -57 -93 18 74 70 1 -78 52 -3 59 25 59 33 68 -11 -18 -85 23 -38 -91 -28 -82 -90 48 87 21 -18 -53 49 -73 67 -22 -87 29 -13 -3 35 -84 -100 90 78 -71 87 2 -31 -22 -8 78 -42 35 -52 68 -23 72 -55 81 42 -82 75 70 25 -25 -85 -61 -58 0 32 -53 -50 46 -73 -11 -12 -95 62 88 -7 57 -64 -7 95 -66 78 -42 -2 -96 -32 9 51 -23 -6 -30 -70 58 42 45 -88 39 -60 64 -60 4 -54 97 -19 -11 32 -4 40 49 -31 -19 71 3 -76 79 -91 -48 -34 -70 51 94 -4 -67 -27 -41 16 15 -45 95 -62 20 67 -58 -98 58 -24 80 92 62 -28 -52 -83 23 -4 92 -9 -53 5 56 31 -26 -44 43 70 3 -69 -85 50 56 -77 21 70 55 -91 -5 -40 84 75 -91 -74 -44 -96 -60 -80 65 64 -30 39 -73 28 -97 9 -63 49 -88 6 60 -22 0 -69 -85 -26 -41 -70 -35 -16 -68 75 -51 -97 -48 15 53 24 48 97 30 35 -29 -97 -27 -60 5 -66 -1 -55 -32 -47 -24 100 55 72 22 -54 82 94 21 35 -1 -59 35 -43 -9 45 -40 22 51 54 38 80 -46 52 62 -64 -1 -4 59 88 -88 9 90 92 84 94 11 22 94 -48 38 -21 -26 97 -77 -44 -6 71 78 93 -13 -46 21 -65 -46 91 -68 -47 -42 58 -1
-5 14 57 67 -18 45 17 -15 -34 97 17 -75 -41 0 -60 84 39 -37 50 25 78 -22 77 19 11 -28 81 -33 21 -95 22 5 2 -98 -42 61 7 60 37 76 -17 -30 5 40 38 16 -58 22 25 -86 -71 -42 37 -98 -78 49 -65 -20 17 -63 15 -82 45 -51 52 -49 -45 54 -24 -59 49 30 61 45 -38 -75 83 9 -3 -2 6 -100 -40 -83 -65 -25 13 -4 53 -48 -56 12 -62 30 -43 -19 59 -40 36 65 -77 62 77 55 57 -80 32 -8 97 -5 22 -18 78 -70 -2 -98 -21 -19 -92 -44 -20 -70 -89 -35 -71 -4 86 -25 65 82 41 87 -76 -81 -44 99 -20 44 82 80 -5 -70 31 51 -36 -92 -73 -59 -79 -42 -12 98 -23 -39 59 -15 96 39 -19 0 91 39 74 5 72 -86 65 -18 -83 -33 47 30 35 61 34 -76 37 -46 -85 26 52 -62 55 -72 97 -27 76 -35 -2 21 -66 -41 -27 37 76 -52 80 76 -25 25 71 94 64 65 -10 -27 26 28 78 80 1 -76 8 53 65 7 -98 40 -19 -37 69 -26 79 31 -3 -36 11 -8 32 -30 -55 39 -37 -76 74 24 32 -61 59 42 -41 -98 31 19 -13 -41 12 47 -5 25 -27 44 22 94 21 94 -17 -24 -91 95 -39 71 -38 22 89 -6 96 -11 28 25 27 -83 78 -39 -92 -24 -12 33 -27 50 9 92 -82 48 -74 -14 2 -82 51 51 -100 -99 -66 -91 -87 23 -44 72 30 -30 -59 -19 -71 50 23 57 15 -75 62 98 39 87 -20 -99 21 -46 97 37 95 28 -54 -25 92 94 -89 16 -93 84 -10 2 62 45 -25 -32 87 -25 -18 89 -49 4 -16 5 63 24 83 -65 78 -74 47 8 -69 -66 31 80 24 -74 97 -72 6 93 -50 -60 42 -12 -25 -8 -96 -33 -28 -56 -64 85 -31 -7 19 44 27 -96 56 -85 -26 93 -41 -57 28 13 38 56 -27 -65 -35 99 96 -9 92 64 19 -31 -44 -94 -41 36 21 52 76 52 54 -89 -18 5 7 14 81 50 38 24 -36 15 86 -15 61 -96 43 -20 23 -66 -72 77 25 23 17 -49 18 -52 -48 -39 -27 -76 -80 71 -59 -75 87 73 -58 38 -53 65 -44 -13 18 94 -9 -47 52 54 23 47 -77 -12 47 17 12 -94 -37 -79 74 -19 18 -64 63 67 -22 -67 -49 -90 -86 -24 -4 -45 93 -78 19 25 -25 68 -17 18 22 -75 -41 -21 -70 64 21 -50 -93 10 -13 35
-3 96 -91 90 -98 -2 -26 37 -24 30 82 -90 -90 95 12 -67 -8 -20 -14 -46 79 -8 55 -5 -32 -55 -52 100 10 32 -80 -40 -33 -86 -90 22 -82 98 70 33 45 0 -21 100 13 -49 59 -86 57 -86 30 -78 67 -7 -48 83 -59 -96 -42 -65 -91 -54 -25 70 16 83 -37 -38 -96 51 91 -45 98 47 42 -78 24 -62 -76 24 81 49 -5 -74 -96 1 34 29 -52 70 52 68 -60 -56 -19 85 59 41 76 -25 -51 -77 -12 -73 -91 18 67 -29 14 55 -75 46 -59 -16 91 28 25 67 61 73 32 81 -70 -12 30 -90 -11 -8 24 -19 5 84 -1 -79 -84 16 -98 -10 79 78 -21 64 91 -47 10 -57 -2 53 68 -22 49 24 -64 99 75 -13 -33 65 26 98 98 -82 -6 -24 29 -80 44 15 -61 -22 44 -92 43 23 7 -29 -86 1 44 28 -97 45 77 -32 -20 80 -76 -73 8 65 30 -25 -6 -88 -66 -83 -69 15 15 -30 87 72 -65 78 66 -33 66 -70 -46 8 -100 4 71 -73 67 -77 72 39 -13 100 -42 28 -34 -45 -4 92 -87 87 64 98 51 40 -42 98 13 -88 -24 -35 59 96 46 -32 -77 14 49 -2 -43 28 -9 41 -87 -67 -9 97 -24 -95 51 19 23 -9 -8 9 -37 -92 -65 93 57 -9 -63 -90 90 94 21 81 -6 -6 53 -77 21 100 50 22 47 95 9 -87 96 -18 74 30 -72 -81 -64 64 -96 4 21 -21 95 62 93 -86 59 84 -6 -43 71 94 -7 -27 74 91 -32 -13 8 23 -22 71 -49 -9 67 24 68 17 -25 15 -36 -80 -59 38 63 -51 -19 48 25 26 43 -73 -76 -41 28 -7 -87 3 58 78 -99 -64 -36 -19 -51 59 -75 16 -67 51 96 -76 -16 76 -78 90 26 0 -38 -54 100 -78 4 -39 78 -28 33 23 -17 71 -82 90 92 87 15 19 38 99 26 45 33 -9 -53 79 8 -38 57 59 -10 -29 -48 20 13 -8 55 -39 -47 94 -24 57 48 12 -86 -73 1 -27 -21 62 2 -98 -46 -13 57 75 -100 -39 -64 -77 81 -17 -89 -32 -92 -56 94 -20 -87 47 41 78 -91 21 79 65 61 66 19 99 -38 5 -20 85 -60 -26 70 94 -29 -6 75 19 -38 -93 98 -88 -89 45 1 90 25 6 81 -85 79 -62 -44 -16 -57 22 75 -64 -1 11 92 48 56 16 78 -4 66 67 -61 44 75 66 27 -39 47 94 -94 84 56 90 -43 -68
52 -99 -33 -14 67 89 24 50 -61 37 57 -42 60 30 53 79 40 59 -98 56 45 79 54 -51 -55 -71 -8 49 -58 73 87 76 -32 -65 11 -66 2 28 -93 -93 48 46 -41 20 -10 -75 -70 -87 62 -51 59 86 -54 45 19 10 -77 100 -94 37 -97 -53 -91 -11 36 -75 -69 -97 80 -87 -33 -65 2 11 1 55 78 -75 -48 -63 28 52 77 13 -78 29 98 -27 77 -72 -43 0 -66 -41 37 -15 -48 -74 39 -13 8 21 32 -46 52 98 -23 -47 31 47 73 67 -31 -6 98 82 11 50 24 -81 17 -7 85 -80 44 88 -18 -76 28 1 -21 -25 -21 -82 20 25 -35 88 -97 87 21 50 91 98 -67 78 -51 -70 -44 -37 -18 -62 74 -74 -57 -27 16 37 58 -80 91 27 -14 -38 67 -70 -38 -76 -95 -92 78 -25 -52 -70 41 75 14 -79 82 -34 -41 -22 -31 9 -22 -88 71 19 52 38 -29 -80 7 13 56 47 91 40 -29 30 -5 72 73 100 -86 -38 -1 35 75 -9 -66 30 -88 99 43 70 57 -75 -3 56 93 97 -62 10 -19 5 83 13 -48 28 -50 -60 -19 -51 -35 -16 -29 94 93 87 98 18 -94 -53 -77 84 21 13 -37 25 34 35 -55 -66 -69 -8 -81 -75 61 -22 -39 -75 -7 50 -26 16 -29 -26 -67 -72 67 100 99 -65 -100 -91 -57 52 20 -95 61 -90 -48 43 72 15 29 64 43 74 83 -95 56 -41 54 -94 -59 -44 54 51 -71 -39 84 74 -74 -43 80 15 -24 13 -90 43 -63 -63 -34 -7 -91 -47 -14 -24 -28 -31 41 -43 -9 -92 85 89 -75 -95 -78 -97 -89 -51 85 6 61 -17 -68 88 19 31 44 -32 -51 -88 -98 -26 -8 -73 -38 -4 57 -57 -58 -34 -40 -86 -32 -35 -86 38 24 -31 36 7 -86 18 6 -6 86 -74 -28 85 25 60 73 95 -24 38 -86 -92 41 60 34 -7 -56 -82 30 38 -74 4 85 -8 -43 22 67 98 -20 21 78 83 98 -88 -66 0 -79 42 71 37 -16 10 -27 -5 -25 -91 46 5 -20 -53 28 -17 -10 -37 -4 -85 -86 72 32 -26 91 42 6 27 54 -13 -94 70 39 33 62 -56 22 48 91 -10 57 82 88 -63 54 -72 -19 -71 49 -94 -52 -77 -4 83 -76 1 22 60 50 52 -21 35 16 -20 82 52 -64 60 56 94 11 63 54 -78 -28 -82 85 39 100 -84 71 73 -6 -1 89 17 -66 26 41 -83 55 79 75 79
-78 -99 31 -92 31 14 -93 -13 73 -42 -42 0 10 14 5 13 -30 -81 24 -36 68 -64 4 -39 -62 17 88 31 -80 -24 4 15 -21 81 64 -16 44 -88 20 94 -3 25 -51 -35 44 29 -33 43 -18 -19 7 65 52 17 68 -45 56 43 4 48 -99 -36 -79 -49 -9 86 6 -45 35 100 3 -97 6 47 48 -47 38 70 60 -32 -12 61 -38 -76 -65 -33 -79 35 42 79 -22 -23 -95 -57 19 -98 -15 5 -30 47 -77 -11 29 -5 -21 54 65 -34 -16 -25 -68 86 78 -11 -98 -84 -66 16 88 -77 38 61 99 61 25 35 -84 -38 87 39 18 46 -27 -47 -45 64 95 28 -90 -81 -39 -36 1 13 23 -5 23 -48 -38 -30 87 -6 47 -85 -92 -80 -90 29 94 99 -88 -69 84 94 -39 95 -97 75 68 -50 67 -67 84 39 90 19 -33 6 -36 4 -31 62 -6 -84 75 19 -2 26 -85 -30 -61 83 93 12 52 13 91 -85 60 -8 19 -29 33 84 -25 75 74 1 -23 -29 48 80 -87 64 39 23 -18 -1 -21 30 -99 81 5 -47 44 29 48 75 73 46 95 -23 84 77 97 -5 57 60 -68 -61 98 91 -89 30 -22 85 50 -92 -49 58 8 19 12 -75 -52 -32 -6 71 33 22 -64 -70 100 -25 39 27 98 -40 -31 -85 75 -35 -90 -1 92 100 -96 43 -38 -75 -56 95 96 -29 -36 -42 -17 92 75 86 45 -27 -20 77 -72 45 -68 -26 -93 -49 34 -1 26 -7 -74 38 37 -11 -48 -71 -100 -13 -82 32 -72 -94 -75 -65 96 9 -97 -4 -35 -15 27 -73 23 -96 24 -80 75 84 -57 30 20 27 -50 -14 -32 -1 -84 -15 82 12 -14 -54 43 -34 -75 -65 23 98 45 99 -41 -26 -28 -52 -86 -52 -83 -85 -41 90 -27 62 49 38 -64 -10 18 43 31 99 -78 -66 83 -71 51 -82 -70 81 -80 -86 -26 13 22 -87 -13 -29 70 47 68 29 -5 90 45 -21 -77 -40 37 -79 -27 29 62 -90 66 12 -45 45 -47 -57 -41 90 -53 16 -86 -72 8 -51 -61 -89 2 -89 56 -37 -5 82 -40 5 -23 78 -75 -22 -55 56 17 52 22 -10 -66 -9 83 -8 -19 34 -9 -15 92 53 -62 -80 88 -81 -13 -88 10 74 38 59 -41 -49 2 36 77 82 31 -53 -26 -79 48 29 -98 22 -91 -45 41 -71 -28 54 -51 -12 -82 -53 11 93 -90 39 -46 -42 -80 2 -75 -21 94 -88 4 -34 -60 -72
-12 -67 28 -76 -46 56 -34 23 25 -31 67 -41 -31 46 74 -61 98 -7 -83 -64 95 -90 42 -17 -85 -64 -20 -74 -38 21 94 78 24 -16 64 44 89 12 32 -75 -73 58 52 -31 -34 -83 -93 -97 57 -58 -48 45 56 57 13 3 54 85 1 71 96 -70 -47 76 6 84 86 -80 -77 50 -34 25 28 94 -62 -55 -91 -96 26 15 -76 -44 -59 -14 8 11 -34 1 -60 89 -51 -52 -71 -28 62 71 17 -19 -5 -77 28 -81 62 34 12 39 -39 -52 79 -8 -70 73 55 -55 31 -5 -21 49 30 -14 15 3 -96 52 -59 -67 -59 -39 59 36 32 -64 62 95 -75 22 65 62 100 -24 35 -43 94 -57 -67 -83 76 -98 71 -25 96 -11 48 88 49 -99 45 73 54 84 -14 58 95 98 48 -25 16 2 -78 -16 57 -64 -57 -89 3 -62 41 -68 -8 -68 -56 13 35 57 -20 -99 80 -19 10 -22 77 -52 -14 10 -34 -30 57 -10 77 -90 29 19 -54 -65 12 -54 -14 1 62 -18 7 -80 -49 34 9 90 -60 -45 -18 71 -79 -76 -74 22 22 65 51 -78 31 70 5 -94 10 34 -16 -61 -32 89 96 -18 16 64 6 -91 -4 29 68 35 -17 26 -91 83 30 -60 -32 -17 -64 -57 -41 2 93 24 -94 15 -93 76 -92 98 5 34 96 -6 88 -61 -29 37 -83 67 46 81 -59 57 70 62 -72 -73 -68 -12 40 2 16 -75 -100 82 23 -7 66 -15 94 -45 59 84 -46 82 -36 -94 44 -49 28 7 -48 -40 90 -87 -16 61 2 -64 97 68 22 27 -45 -5 22 -96 9 55 91 33 7 5 83 -12 -45 -7 69 -21 -24 48 85 65 -60 -3 -83 -49 44 84 -78 -75 -33 -85 -7 -17 -51 -4 55 26 50 -83 9 71 -89 -42 73 -69 3 -32 -78 -52 -96 -3 16 -68 24 57 -61 80 17 0 37 -11 35 -82 23 31 -79 55 -15 -54 43 11 -74 17 -53 91 -88 28 -58 -81 14 -25 80 -51 82 56 -48 40 64 -65 45 32 -95 16 -74 39 -43 53 -66 0 87 98 -67 -2 -70 69 21 -13 -47 -90 -83 0 98 -34 -98 74 22 19 -66 -40 -33 -34 81 -20 -32 80 26 -96 48 20 35 -79 16 -5 56 -60 -80 -89 35 -36 -98 -60 19 -77 -90 -6 1 -27 43 4 75 41 31 -53 87 -95 38 -14 49 -16 85 -16 -52 32 -85 67 51 -82 80 -44 39 10 94 -56 39 -42 14 22 -28 -44
97 -85 -63 80 -31 -82 62 -35 30 -58 -1 56 -90 -55 -95 97 -33 0 -27 -48 93 -32 -52 -34 67 48 -60 62 -13 16 -64 -68 1 79 8 -36 87 -44 94 -4 17 -50 45 56 76 -74 95 -44 -28 -21 99 -17 51 -45 -57 -96 39 4 -78 -89 76 -18 92 -84 54 -12 -60 -67 -63 -59 -48 10 -26 -34 -95 40 -10 -20 -44 17 60 -94 49 -28 46 32 85 96 42 16 -29 -84 61 -15 62 53 47 26 29 -6 -89 61 60 31 -73 12 -9 -4 -91 85 69 -35 34 6 78 -9 -41 8 88 93 -41 23 71 85 -75 -100 86 96 84 18 -71 38 -100 -61 37 -42 -8 16 95 12 60 0 0 54 -93 1 -9 70 -21 -48 41 -98 73 7 5 -61 62 -33 -97 53 -12 -15 -10 74 -83 -43 17 -51 -80 97 14 -80 -56 -43 -48 12 74 56 -59 65 -27 25 80 -7 -79 -54 -55 -2 83 93 45 48 93 -47 23 -39 -20 14 -71 -93 11 96 2 14 -15 -14 -52 84 -19 -8 23 -39 -48 -100 22 -56 -23 -25 13 91 -56 -87 -92 -36 -24 88 -82 -80 -8 -58 -52 20 -66 -14 -2 68 54 45 97 -3 -18 -49 48 2 -29 -64 89 40 4 -18 25 -35 66 63 -19 61 -84 58 92 -6 5 -80 -4 54 -68 28 -92 -40 -49 -85 -13 -9 -26 -10 -13 40 19 11 31 -21 -13 39 20 48 -46 -39 78 -81 -6 -26 -71 -90 -50 77 -38 8 -33 5 -70 95 25 10 -21 95 85 -77 57 -18 52 88 10 100 -90 77 21 -77 -87 -75 66 48 82 83 40 -94 -99 -16 -66 -78 74 33 -65 -98 17 14 71 5 -38 13 -82 -6 -77 36 -54 -19 -78 82 78 67 26 -68 90 60 -28 2 -61 98 57 -78 85 -12 20 -39 -31 89 69 -97 29 81 -40 26 15 -83 -23 -25 67 65 100 41 41 86 7 -44 75 46 33 75 55 6 70 52 -84 32 69 59 74 13 15 -25 -75 3 18 49 -57 42 -65 20 96 -12 5 -22 -34 82 91 99 -4 -65 2 -1 15 50 84 -9 47 -3 -52 -84 -31 -2 -86 78 -64 -87 6 52 56 29 -19 -88 98 -69 88 46 -74 53 25 38 85 -9 41 56 -84 -82 35 14 45 78 50 63 -82 83 -85 -100 18 -16 -64 78 -29 -22 42 -66 19 -58 -49 -40 64 94 -9 -16 -68 -91 81 5 79 87 -66 76 53 -65 95 7 -10 -51 -61 -92 81 -49 -54 48 58 26
20 -50 -71 -19 -10 -15 -92 -92 12 -23 4 66 -45 67 -66 14 96 -66 44 35 86 84 -37 -7 89 -100 -5 -8 70 -17 -94 22 -1 -46 -55 60 -90 -41 54 -42 66 -90 13 83 -46 -12 33 96 22 60 32 -25 -27 -7 -5 -93 4 -79 -22 18 83 -30 63 -3 23 -2 11 -61 68 -8 -23 -22 -19 11 77 -35 43 22 99 -73 -54 -82 87 53 -12 70 -17 66 90 -67 63 -36 23 -89 23 -67 -39 64 47 -80 89 -4 81 97 -95 -44 92 5 72 -39 40 -86 -60 22 3 -28 85 -86 -28 22 -67 -61 80 57 32 7 -54 50 -23 -96 -54 33 62 -73 -59 83 54 3 -14 -96 5 -80 -70 -7 74 -39 66 -73 12 74 66 22 -50 94 -71 -15 -73 -14 -62 82 61 -83 -78 -48 4 56 38 50 -90 -78 88 80 55 -85 93 -72 84 -9 65 -2 -24 39 -20 5 70 -74 50 -67 -88 -89 49 -2 -42 65 -45 13 86 25 17 -22 -23 25 -97 -18 -64 -76 -26 32 55 -44 -41 -66 47 -86 22 34 -97 80 35 25 -5 26 -28 56 -65 27 93 -79 75 -51 9 -30 24 26 51 73 -18 37 72 16 -20 1 82 58 3 4 67 26 -99 73 -70 -40 -89 17 -14 -69 -79 53 -80 -63 8 79 48 -57 -69 -38 16 90 -59 -5 -86 -66 81 66 91 -17 4 99 -98 65 65 73 67 -33 -62 -96 -43 89 33 -21 14 -7 -58 -80 90 -99 13 79 -21 -65 57 -91 59 -97 7 -4 -94 -47 -41 -7 80 -39 82 26 58 82 -81 -43 98 -2 45 11 75 -71 58 0 -1 -23 -62 -58 13 -86 -19 74 -98 -40 -54 95 -5 92 77 -27 -19 -84 40 29 -57 -81 86 -26 40 81 57 46 -71 -73 1 -90 -14 10 -1 99 -69 -99 65 -9 7 50 45 69 -72 13 9 -41 -11 36 40 86 84 60 1 41 -39 -63 64 -67 -81 -35 -43 29 -14 36 30 3 -16 -67 69 -81 89 -45 -83 41 -66 64 -85 -63 33 -27 73 -99 -14 34 -69 94 -92 -90 60 72 -99 88 -99 58 -97 62 -77 -73 65 -82 16 34 9 -34 49 99 -82 72 24 -77 -94 -24 -30 -89 -64 -19 74 63 11 51 61 31 10 -95 -48 -91 52 -52 75 -72 67 -46 -34 0 70 -16 91 64 13 -71 86 86 -40 21 82 27 -75 15 90 22 -58 -40 35 -19 47 -100 -99 -28 -77 -25 90 64 64 13 39 -70 -11 0 -23 -16 -70 -11
-91 -90 82 -83 -76 96 87 25 60 -9 64 -45 -14 -51 -39 -16 -22 73 46 -53 17 -47 -13 -73 88 -75 -91 -46 37 -94 72 -3 -58 71 1 -91 -38 -40 -39 -25 -93 95 -76 -63 12 58 30 -27 -97 -4 73 -59 -35 -28 -91 -31 95 58 -55 -29 14 -51 -67 25 51 10 36 -92 35 -69 -23 -72 -5 -70 59 -24 44 48 -58 -10 73 -8 -44 19 -44 -70 -35 -12 100 -53 61 -26 18 -61 -24 -23 88 56 4 21 21 25 -56 79 -77 81 79 -71 -50 1 16 45 63 -59 -24 100 -26 -41 -4 -58 16 43 -23 -41 51 -67 -26 39 -55 48 -100 -80 89 -59 -52 46 76 -71 -31 89 -7 51 -4 97 -31 39 34 -56 -44 58 -42 61 18 -45 45 -1 -80 92 49 26 30 -35 -17 -67 -76 -51 -85 31 -49 60 -51 -69 -85 96 43 -97 99 35 37 4 57 0 -18 78 -51 -58 42 -84 45 8 -97 19 16 68 -7 12 85 -53 -100 -42 91 34 38 10 -54 -75 -98 57 -38 51 87 -24 54 -54 46 91 -31 -65 -56 -10 -55 -89 59 18 -79 -81 90 -49 -60 -52 6 52 -66 -64 -100 77 -83 72 0 -41 -32 57 2 -11 44 -34 -10 -60 -76 -32 85 2 -13 -97 59 86 -87 68 87 46 8 7 40 70 84 9 64 48 87 -64 32 -35 10 90 -50 -82 70 -22 -70 -68 -52 43 21 -7 94 -98 -40 43 -96 -24 -64 -75 -74 -65 60 -95 -56 -98 55 69 46 -36 69 -7 52 -14 49 -19 -89 -16 13 -10 -42 -84 51 99 -10 8 -79 -12 88 78 -100 -58 81 84 7 69 82 -30 -17 -59 77 -55 -89 -76 60 45 -6 -72 -41 -34 77 -98 34 -30 63 45 46 31 25 -50 -91 42 24 -93 -81 -65 47 63 -28 23 48 69 -83 59 88 -47 86 85 -67 5 -19 -64 54 46 29 -40 -49 49 44 -8 85 16 -50 79 52 -66 27 -77 -11 56 11 34 98 -12 62 -60 62 40 -85 31 -8 -29 -17 92 -44 -31 -99 -45 -64 -53 34 62 -99 -86 23 60 41 56 81 43 -92 12 -2 -31 85 -20 -22 100 94 29 -99 19 -70 -82 6 85 31 -3 -49 9 39 -12 -62 45 22 57 -31 -24 47 32 15 -41 80 8 -89 44 -26 23 21 93 -78 -46 51 -57 -95 44 -38 -74 76 -34 -98 -93 -71 -22 62 79 35 48 -44 20 46 -73 -70 22 37 26 -77 78 -83 -73 81 49 -62 48 96 -41 -20 83
44 87 33 -10 -50 -35 -99 32 -55 -88 -88 -42 -66 -60 4 -22 46 41 19 16 -86 24 -29 -57 61 -55 95 -2 80 -43 -9 -49 -50 -24 91 -9 12 44 -79 -32 -38 -72 -77 -89 47 61 90 16 48 -99 31 55 -23 -84 75 -12 -2 24 40 -55 66 -31 -62 -24 48 -75 28 62 81 80 -39 43 -86 36 8 -14 50 72 0 15 37 68 -14 -70 58 -56 69 -21 1 -73 -23 74 1 24 70 84 -74 20 -53 -37 39 -23 84 -70 4 77 50 -83 -69 2 -24 -9 54 -31 47 -97 -26 -28 71 -17 -23 -44 -34 -28 -36 73 74 -17 78 -78 -88 -71 64 80 -38 -89 88 -23 -47 99 -1 20 85 -39 53 -90 66 -83 -49 -47 0 3 19 26 1 94 -33 -8 -59 -87 19 -66 -59 -47 75 28 83 -1 4 16 62 49 -81 -29 -59 32 37 -31 -77 -76 1 -30 -52 96 -78 -68 22 24 -20 -95 54 -58 -76 -60 100 42 50 67 -37 -53 56 47 -10 -30 72 88 3 -34 -86 39 18 -58 78 -68 -70 -55 7 -50 -18 -12 -93 55 -36 -98 -94 -15 -84 4 -62 -52 15 -87 73 26 15 -25 -67 76 73 18 70 88 -49 77 78 21 34 -62 79 83 13 13 61 -92 5 -98 -2 -3 14 53 82 -73 96 26 9 -76 -23 55 34 -75 95 74 -18 17 -6 57 84 7 97 -93 50 -84 47 79 37 84 70 41 65 70 -32 -80 -81 12 -92 10 52 95 33 -51 32 76 -4 -47 86 24 -6 45 59 -71 -95 -8 -61 70 -98 94 27 4 75 89 40 10 -83 65 18 50 9 54 -5 17 -22 52 -28 -64 35 -43 23 90 -80 -59 -28 -51 12 28 -75 88 31 -30 50 81 -17 78 24 90 95 -14 -88 -43 -29 43 -50 84 -68 30 -24 -32 66 -67 71 -99 -16 54 -7 54 64 23 -7 -77 -17 -25 -51 39 -10 3 -21 68 -26 16 57 -100 5 74 -57 -21 46 -88 -91 99 69 -26 55 13 -23 -10 -81 -42 77 -61 92 -76 32 57 -15 88 -42 70 -13 47 29 -70 95 86 39 -44 -71 44 27 16 -14 17 52 -67 -91 -97 -44 62 -53 -58 79 -15 -15 -72 -22 -3 17 57 53 70 -92 -49 5 -1 -38 53 46 25 -93 -35 30 -38 -8 70 -22 -25 62 86 -78 47 60 89 7 38 -68 31 8 -60 4 -65 -33 81 38 36 65 -60 -51 13 14 67 -25 -59 -95 -66 82 -86 -26 73 12 -8 2 72
-50 -38 72 27 -43 33 97 -1 59 55 45 -6 87 65 96 93 -94 -38 85 -52 77 -45 -37 -92 -38 -3 -6 -1 -2 88 73 90 -33 26 -87 -1 37 59 4 8 46 -95 15 36 -60 60 1 73 -76 -13 -82 1 71 -6 64 -42 -26 -15 -43 4 45 -55 35 -39 32 61 -67 65 28 -65 73 -15 3 -7 72 -27 -85 -54 39 36 36 16 -80 17 -68 20 41 -57 -20 -85 100 -89 50 -87 92 65 -27 -47 -2 37 15 -71 96 78 98 -84 41 -55 -10 25 44 64 -18 -40 98 -94 -28 22 60 28 -17 -66 17 -55 87 97 28 -4 -56 -65 9 85 30 18 -38 -99 -22 -44 92 -24 -74 -57 1 -92 -60 5 55 -27 64 -47 61 34 21 74 99 -60 78 -69 10 -80 85 85 -8 -89 27 79 62 -99 37 -54 -92 71 66 -43 -60 19 14 -18 61 0 4 24 36 -42 20 44 6 80 -22 -80 91 84 -95 23 -83 -63 -80 -24 -60 -80 87 59 -13 -78 -81 62 54 92 -32 93 0 39 -22 -2 38 18 -35 21 62 -32 2 -33 90 14 96 69 65 -30 44 -12 62 -39 -37 -59 27 -72 40 -24 63 78 98 29 25 -66 -9 -75 59 96 -62 -19 -16 -78 19 -9 -98 42 -83 4 -13 -54 83 -67 -1 -43 65 -98 80 77 -68 -51 -100 2 -98 -77 -86 56 -24 -2 22 64 96 99 87 -47 -89 -83 -32 34 92 19 28 -25 -70 -43 -76 -21 -8 -47 -47 -7 57 47 56 28 2 -2 -74 -39 43 -97 72 -99 -14 -79 30 79 -77 -5 -69 25 -90 -57 22 98 -89 -10 100 -79 -4 14 76 -87 -21 64 16 73 57 82 -13 80 -13 -14 57 61 59 -67 -7 -15 77 11 14 78 95 34 -11 -25 -57 -39 -37 19 -56 -84 -1 37 -50 90 -71 -25 -37 63 19 96 -53 30 53 -96 2 29 -70 80 85 58 40 -56 22 22 -54 96 -57 -65 11 70 2 34 41 48 -41 64 -97 -29 -28 -31 99 14 -22 13 -81 73 15 55 63 -83 15 65 72 78 -93 -74 46 -63 50 13 -7 -71 22 -3 17 -29 -16 16 95 93 -37 -40 -63 -17 40 -4 -67 -85 -41 -59 66 99 -21 53 82 78 -78 -5 -27 95 97 -17 78 -32 14 -25 2 38 -3 1 -29 -61 -22 32 -61 -80 35 -17 69 67 32 65 -12 -15 -66 1 75 -14 -7 52 -23 73 78 63 67 -39 49 -31 32 25 51 64 79 -67 -91 -32 61 88
84 76 -89 -88 -11 -64 -79 45 45 29 9 91 -9 84 15 43 -57 -77 86 -9 85 68 -92 -60 90 13 80 6 -32 -85 -71 -60 55 -92 37 -76 8 -27 6 83 79 -52 20 64 -28 -48 -80 75 -35 6 -12 33 -33 95 -1 20 -50 -19 -54 17 40 -83 -87 -5 -3 -86 57 -62 -83 13 -27 -58 62 -50 71 -43 0 6 26 47 -59 -74 -18 27 57 37 32 34 96 61 51 -10 -31 84 -54 -38 60 76 -72 53 -37 98 29 29 -57 14 -74 -28 79 -66 92 56 -58 -50 -4 -76 -38 81 48 -39 -46 -34 -100 15 2 -9 -31 35 -22 98 -42 -47 26 9 -5 94 0 62 -17 0 -24 -85 -16 28 78 97 66 25 16 39 83 -66 -40 36 98 82 23 -54 11 -83 -91 24 -69 46 -77 -47 -97 -22 -57 -59 -27 -11 -76 74 -29 48 79 47 75 1 32 99 -55 -55 -87 57 7 62 -16 53 47 -46 -44 17 -20 50 -13 62 -86 1 -51 92 65 63 -94 55 -79 -65 -9 -31 -100 19 -43 -13 -95 37 -81 -12 20 -23 -94 -84 -95 -54 84 19 -94 90 -96 -91 -73 -64 -32 95 16 23 -90 87 43 30 63 67 -48 -32 25 93 -29 -55 11 -93 -87 36 -18 -75 89 -65 69 -32 52 99 1 22 -18 -43 -29 -95 61 26 65 -6 -25 80 -58 -11 -7 -8 77 -55 74 -94 -39 90 -66 -27 -8 -69 -94 -63 60 98 61 1 59 79 75 -91 -95 63 -93 83 95 84 95 -99 46 -27 18 -15 -37 -54 25 87 -80 -38 18 -48 -96 33 -23 32 -66 -7 -99 -91 34 28 5 -44 91 28 81 72 -2 65 -82 90 -63 -9 34 61 11 -23 -17 100 100 10 95 -29 83 46 -54 -33 40 12 -95 -25 -31 21 -59 -75 9 90 -54 -62 11 91 -60 42 -14 42 -12 34 -74 86 -66 68 -65 -10 -61 89 96 46 -40 -49 58 86 72 28 56 -45 82 83 75 67 -86 -8 63 -10 -45 -51 -27 77 -54 -9 -88 -63 -35 26 -72 -68 17 25 1 -46 74 98 -30 78 -22 -26 47 -36 -98 14 -19 -53 -100 -4 -36 89 30 21 61 -26 34 -81 -23 79 -26 -25 80 44 19 -12 73 70 78 3 48 14 64 26 42 0 -98 -78 -44 14 -95 -9 -9 -28 93 -81 49 53 -15 -64 -66 -84 53 44 87 15 -53 -61 42 28 -41 30 29 87 -29 72 -37 5 72 54 -74 -11 74 -52 5 -87 -76 -2 16 59 21 -2
-11 20 84 30 -41 21 59 70 0 96 34 -80 0 -87 73 42 -40 78 29 -80 55 15 -82 43 -75 91 49 8 -62 -96 75 67 59 -31 -13 34 -43 -98 72 22 -18 48 -20 -33 -6 -27 -35 -56 -37 12 -38 45 49 69 91 1 -27 22 -56 71 30 79 22 -24 73 12 10 6 40 -21 -55 -95 30 33 34 -52 52 77 98 95 36 84 91 -25 2 97 -94 84 -24 1 -84 46 45 44 -77 75 -4 58 -2 -47 76 -49 -18 -8 34 54 67 -23 -38 84 34 4 -22 29 37 3 -14 -49 -54 -39 -4 -57 -19 -14 92 -86 99 -18 -48 -12 82 34 -77 -93 84 -67 15 -34 -46 -7 -98 -22 -68 -75 -71 7 99 -38 30 -5 -99 -45 61 23 -82 -58 -1 -75 2 -65 -59 90 2 54 -4 93 69 63 -79 68 63 46 21 3 90 100 -95 64 38 96 -44 6 -75 -38 4 -98 8 -33 31 17 -87 15 25 78 -19 -70 74 -90 -77 -5 8 48 43 17 15 -19 -88 -100 -14 50 -55 -36 -89 5 -50 -57 -68 -10 39 -9 98 -84 85 -38 -12 40 -82 63 -15 -22 -70 48 -46 51 -38 -52 41 96 -66 -36 40 22 -22 58 -17 71 0 94 -57 -35 85 -39 -34 84 5 21 -27 -16 93 -53 78 85 14 36 58 64 32 0 10 46 -96 -78 -75 -40 -41 -48 88 -17 -89 -2 25 -69 42 61 -26 69 -10 48 -14 -48 -37 -28 78 85 44 86 29 38 -72 16 -36 -37 26 69 26 76 -33 55 84 -45 -33 0 -66 13 -93 -50 -69 27 52 22 78 7 -83 19 -40 2 -44 69 -52 -24 42 72 64 72 -90 -98 -73 -98 50 -74 22 -16 84 -63 82 -62 71 43 -19 -8 -36 15 -60 40 -68 84 -24 55 -75 -58 -6 -5 41 -89 -8 -24 85 -35 -38 -94 27 90 -37 -76 -3 -89 68 44 75 39 -64 -99 -44 -19 31 11 62 -51 85 2 -4 31 -75 98 37 -85 -69 -31 1 -98 69 45 -69 -57 -79 -56 41 -31 -23 -76 39 40 27 48 -6 -37 -97 8 90 -66 -36 99 10 72 -85 63 -33 -28 -12 63 99 -71 50 -80 -42 60 -19 56 -49 -92 -19 27 -39 2 38 61 46 8 -20 -60 -85 -25 75 -38 75 -93 78 -56 -23 -10 -40 19 -92 18 -92 70 17 7 36 6 -42 -49 -52 -15 39 -90 -84 50 69 -78 -50 -9 -15 38 98 -52 94 98 60 -46 -61 92 -53 67 97 97 77 12 -81 27
-32 -46 -51 62 18 -12 -49 -62 33 -28 41 87 -52 -50 -73 -56 -11 -27 -92 41 -37 34 55 -90 -27 89 -18 50 73 46 92 13 18 31 -84 -21 -92 37 95 17 -60 83 25 16 2 92 -79 -50 -24 -17 -25 -40 87 75 27 98 -31 -51 76 26 -47 27 -35 56 -65 26 72 -88 37 -84 -53 -78 -80 69 -29 25 38 -75 78 -12 -31 -95 -32 46 -36 83 54 -35 20 -4 -25 42 24 -2 -29 34 12 -28 -6 11 -70 -27 -41 -14 7 18 -3 -58 -32 -9 16 59 97 60 -79 -55 29 -72 -61 -45 -37 27 78 91 -75 -81 -26 17 41 79 -6 -68 -26 23 -79 -14 42 55 -60 3 17 82 12 42 -96 -58 -39 94 -4 -23 -48 36 48 -82 65 -98 52 28 76 12 78 24 -35 71 7 51 -56 -73 97 -18 88 -21 22 1 -9 41 -11 -79 -98 23 -56 10 37 29 -84 67 50 19 83 -14 -19 -85 -43 12 -62 11 47 10 17 97 34 -54 -9 2 -15 -85 70 -37 25 -86 74 53 87 92 54 -77 -28 -77 51 43 -79 -85 93 -72 -4 69 21 90 -48 -65 41 -69 72 78 -11 14 82 66 12 -40 84 99 -92 14 -55 18 -28 -61 22 -90 49 -72 9 -8 60 -34 68 17 65 33 75 -21 4 -78 -43 -25 24 -31 20 53 -11 -73 -25 -46 -39 -33 13 -53 24 12 16 7 -49 1 -13 -95 7 64 77 -40 -80 1 32 -65 61 86 -18 -2 44 23 76 -29 -36 -27 -73 -53 -27 73 -49 -4 -10 76 25 -15 -45 -12 -95 -1 -56 41 98 94 35 79 40 51 -34 -14 53 14 70 -78 -72 -71 7 -54 -82 -89 -72 81 39 96 34 52 34 52 77 80 57 -14 10 91 -55 7 70 13 -28 -13 54 -15 1 -26 18 67 -80 82 79 -35 -90 -93 59 24 -76 97 13 50 80 -26 -74 -9 57 17 -33 -34 51 -26 45 57 -99 -96 98 15 -74 -78 -34 17 -47 35 84 92 51 86 -47 -64 28 -95 -91 -37 -3 -96 -13 -26 -47 -65 -72 97 -86 49 93 -99 -10 -6 -61 77 89 -47 76 38 17 -33 -37 -66 -47 11 55 19 -98 -99 68 78 -28 -40 -62 -8 -53 -33 19 -87 11 36 93 -69 -24 24 55 42 41 41 -69 -44 -76 4 -3 -32 -68 57 -85 74 -37 2 49 1 -21 -95 11 -63 -47 -9 15 57 58 -32 -6 2 42 25 -29 -8 -91 -92 80 79 -36 -80 -84 11 -25 24 -53 35
-29 99 21 23 -48 -62 62 -31 28 -86 77 3 89 -38 -44 56 9 -88 -52 43 -88 -64 -18 49 68 12 57 -28 45 63 -44 64 87 94 -95 40 41 -25 -6 88 98 -96 42 -41 77 80 -6 -77 -90 39 -78 -71 69 -39 57 94 -38 -69 23 23 -51 -44 38 -18 -45 -93 60 9 84 -3 -55 4 -65 72 84 -40 86 -89 -61 69 66 -55 -75 78 90 18 50 1 25 -45 -52 2 61 -27 -40 90 -20 14 -16 -25 -41 -95 23 -28 16 -16 -90 48 32 26 13 -80 -65 91 -90 -74 29 -85 -59 88 59 46 94 -78 96 16 -33 -9 -54 55 28 86 -38 -47 -66 -8 91 -89 67 -24 -80 -92 -8 37 -65 -98 -71 84 -71 -4 -71 85 35 -85 -36 74 -47 51 -35 4 -61 79 33 -44 -67 -88 79 41 -11 -36 34 95 55 20 -84 95 -26 -65 -56 -71 14 54 -72 74 68 -29 21 40 21 -92 2 -42 49 -3 59 58 -83 74 35 37 -94 76 24 -53 -30 90 -19 -83 -54 -85 -95 14 57 43 6 -29 -5 -5 26 23 94 -11 19 76 82 -86 6 1 -18 1 -70 1 -88 -81 68 -99 43 -4 -4 -89 15 57 51 -22 -14 -46 26 86 -28 -27 -7 8 35 5 -74 -54 5 58 -24 -94 35 87 19 72 31 -16 -82 -9 -55 -73 44 -64 84 -100 68 17 -15 -38 72 -58 -95 -9 71 89 -90 10 47 0 79 54 42 22 -55 -67 -18 -32 -71 -29 100 84 -48 23 -95 86 25 -79 -41 -69 86 89 45 87 39 89 -68 22 -62 -32 -64 11 -73 -38 -71 27 96 -47 -14 -26 45 -17 -70 -51 32 -35 66 85 47 82 72 11 -22 -26 -86 -65 65 60 -96 81 86 -74 68 48 32 44 -47 67 -51 70 -45 -51 -77 33 -92 -13 -43 8 -15 -78 -24 -72 -70 -30 100 33 -7 85 6 26 92 82 8 -85 15 15 4 -6 6 -82 92 21 57 41 89 -71 -85 60 -49 62 48 -79 -61 24 8 26 73 97 30 3 -95 55 62 -41 -89 20 -100 81 -52 14 27 25 62 6 51 -93 10 83 -49 -44 -76 95 -92 15 -67 25 89 -44 -88 100 46 -65 88 58 -26 -22 52 -16 -14 -7 -52 67 -6 -23 37 67 -31 -53 -61 -16 -40 -95 28 -7 83 21 -75 -38 64 2 -70 -81 64 4 89 -68 90 94 4 85 -62 25 53 34 -76 54 87 81 57 -26 -33 59 -68 -52 58 -15 55 -83 100 14 77 -62
19 20 -88 -71 -4 -81 24 14 88 -78 -28 -32 26 -22 1 43 -96 -67 91 -42 26 75 -9 17 -7 -30 -10 61 -35 -65 16 -64 3 -29 -26 45 -44 -62 -66 46 -96 -52 -21 -81 -63 58 37 -38 -28 -40 -82 -50 -11 86 42 3 83 -9 -80 24 -58 58 55 62 -71 -96 -95 -33 16 -34 -92 16 59 -17 -99 -57 45 85 1 91 -75 30 -53 2 9 15 41 68 92 -59 99 13 -10 -15 -95 7 2 96 -41 95 18 93 -51 41 -78 -77 83 -7 -10 51 44 87 -61 15 1 -60 -48 -44 60 3 -5 32 74 44 -22 -12 97 -96 -24 -1 -39 -32 -3 -11 27 -2 15 87 67 -98 -36 -69 47 -34 85 -49 50 67 -91 -94 -96 -38 76 11 -76 -38 -41 -30 89 82 35 -23 66 -66 -81 -48 -4 19 81 45 58 68 -8 21 -66 99 -95 7 -39 -88 41 72 63 -1 -98 13 -56 -3 -89 46 -24 29 45 28 -60 12 -42 -28 -65 14 16 41 47 -16 -42 19 10 65 -10 -29 -91 36 -42 52 -42 89 -79 61 35 -36 60 -86 -96 -19 -5 -79 75 -66 -55 -37 -12 -26 72 85 15 31 48 48 62 15 38 81 84 30 97 -77 -24 -6 92 -52 75 -99 -13 -4 20 26 -70 -21 95 -97 -71 -89 57 44 75 8 5 -56 -41 -29 -64 73 -94 -33 -41 -30 1 39 -6 33 -57 -82 -2 12 77 57 52 18 -2 26 -77 25 -41 -63 -16 2 -13 -32 -20 -91 45 -53 2 -23 94 -9 -18 -93 -35 -77 20 5 65 -28 -42 -87 -91 79 -73 51 95 -43 -82 -33 53 75 1 54 91 81 89 -6 -29 69 -70 -97 80 -6 -33 37 -22 39 -11 -66 2 89 -67 31 95 96 -34 -61 -57 68 -3 -92 82 15 35 -72 -58 -36 97 -40 -15 -88 64 -37 55 -95 36 4 9 81 -12 39 60 -84 71 -36 -95 -7 36 81 88 -100 67 -20 -29 -10 92 -71 -25 -54 -55 -72 -51 7 25 -25 -85 91 -90 61 32 49 19 -16 -10 38 -64 -65 -78 13 41 76 -54 22 57 -24 -73 89 2 81 7 -96 -66 -88 -10 89 21 84 -1 14 6 -27 -75 -53 -33 -34 78 -87 -78 -79 -82 -48 -22 -84 -95 -62 -10 40 83 -6 -69 59 -1 28 -95 77 74 -80 10 -28 -9 94 -29 60 98 -6 -41 77 -26 -26 -31 -98 -38 -32 33 -95 -13 -34 56 -45 40 14 16 3 2 33 -100 91 -31 71 26 92 -61 -44 -95 53
29 44 -81 -12 -49 79 -10 58 88 -81 57 -80 1 62 -97 7 32 -65 -53 -39 -97 35 8 -10 23 -100 -28 2 -21 42 -81 -73 -13 28 25 -26 63 9 59 -14 -80 27 58 -81 -35 -58 -57 13 1 -4 63 54 62 -80 -41 35 73 -75 11 -83 39 100 70 45 -6 98 -74 96 -17 -22 56 70 -59 -57 -84 -93 2 29 75 -34 -9 -37 -94 -96 -62 -28 -76 31 -4 39 52 -89 -93 75 5 69 -67 61 -46 4 -72 59 -73 -15 43 94 26 -77 -66 -52 -90 -91 93 2 -31 -36 72 -1 63 -64 100 76 -50 16 -84 34 86 30 45 -29 28 -71 -10 80 -53 21 19 -28 7 18 85 47 80 79 84 58 -15 22 28 -57 48 92 -67 -64 -86 -88 65 -70 75 -10 22 -22 -42 4 24 21 66 -10 90 -78 -31 -33 50 43 -42 28 -50 39 64 73 -84 13 24 -16 -66 -3 88 23 63 80 -42 -37 -63 95 -29 -76 65 59 17 0 -51 85 73 -15 81 -30 -34 50 -29 83 -3 -1 54 27 -57 36 47 86 -98 -40 44 28 47 74 28 86 -14 57 -59 58 18 -53 -66 18 89 -98 37 -18 37 -23 -70 -75 -47 70 -87 6 -35 -47 67 27 -10 92 60 72 5 -6 -30 71 80 -91 39 34 -1 8 -67 54 76 -99 91 6 34 -27 -3 -11 -73 68 40 87 -63 57 53 -64 55 52 43 88 -65 -97 -65 8 -69 -3 -79 34 98 35 -24 10 83 -16 -24 -30 48 83 -77 -71 -76 -16 -22 -33 -12 11 41 -40 -33 -94 -46 50 -58 -53 81 68 -90 -31 -30 43 -95 36 -45 79 63 73 -13 -30 50 -80 -33 89 -66 79 93 57 -48 4 -44 72 -47 40 -19 -100 -45 -11 41 -31 25 69 44 94 -99 -59 -71 -13 73 -48 -39 -50 39 100 -62 70 -97 -74 -43 -47 92 56 -59 -20 -2 36 -19 -68 -92 -85 17 48 -75 -9 -58 44 -89 81 94 -36 -58 45 -15 -23 15 10 96 81 36 -20 -42 15 -98 -71 23 -57 68 65 -12 15 -39 -46 55 -76 33 -82 54 -45 -92 -92 72 -63 -63 -49 -22 -13 -32 -49 59 10 97 4 37 66 73 19 -26 22 -50 -63 -72 -33 93 -56 32 12 -53 12 22 99 -95 75 -81 53 93 65 -59 30 -95 17 -44 14 -46 89 -24 37 -17 15 44 11 3 99 -70 48 -83 32 -37 57 -86 -100 -16 -58 -79 -12 -25 -10 -60 -42 28 56 93 -46 85 -13 35 -42
-47 -24 26 5 -40 -17 18 -50 -70 -11 -52 52 -95 46 21 29 -82 -10 96 12 -37 89 -79 -26 20 85 -60 50 -82 23 87 0 40 -60 -21 72 60 -100 -39 -79 -6 45 56 -72 -41 -37 -72 -18 6 -86 -99 83 40 -37 88 53 50 30 3 -80 19 -12 -49 -42 70 32 59 -39 89 50 6 -5 -55 -2 -56 25 -18 4 96 -89 15 -71 98 55 98 30 -38 81 77 -74 -60 31 27 44 36 -86 -23 43 22 -59 -87 71 13 -99 14 55 8 88 -56 78 77 -18 58 96 62 -51 -80 10 39 -46 -60 -22 -46 -59 77 -2 26 51 -69 87 95 10 75 36 -49 -51 -65 49 -55 -96 -19 -44 28 16 -60 -96 92 25 -16 -83 60 -56 -10 34 -64 4 81 46 -45 51 -60 -94 -89 -40 87 -93 -79 -83 15 98 36 -98 -94 -42 -56 61 93 -100 1 92 75 -91 24 35 -38 92 -52 86 59 -20 -69 28 -27 65 -57 -21 65 18 3 -76 14 -66 -85 29 -50 -77 10 34 -80 -26 -100 40 -23 -28 12 12 86 -18 40 89 58 53 -92 -30 55 5 -100 91 94 -67 -31 41 -5 23 90 49 50 -72 -11 -11 -4 -49 -85 61 -66 87 62 -56 41 -32 10 9 -12 92 -94 95 12 64 -58 21 42 -15 -78 -94 -8 -95 15 84 92 -85 -49 -66 66 -41 56 -25 -23 -27 23 -64 -17 -67 9 -31 -16 -75 86 92 73 69 40 -38 46 9 -10 66 -68 65 35 -25 75 -82 38 -11 10 55 30 62 -26 7 63 -8 10 -74 10 34 -78 -96 26 -85 55 95 -82 63 71 -7 54 -22 -37 55 -63 10 64 -16 -16 58 -36 -26 -17 36 67 97 14 17 -100 32 36 34 20 42 -48 -88 -80 -95 -89 3 69 91 41 -29 -61 1 -55 -76 -59 -88 -50 -69 12 -7 -21 -64 60 18 70 47 83 21 -28 -75 52 92 91 -39 51 -79 15 -21 5 -64 84 15 69 -93 72 4 26 60 2 -70 -50 -73 31 -36 -81 16 -54 -29 77 78 -65 40 18 75 61 -67 45 50 8 -50 -49 50 -60 -55 68 57 -44 42 55 73 84 93 -64 37 -55 -91 38 -26 61 -41 -13 86 -44 -98 48 -80 59 -2 -93 84 80 -83 -98 41 -80 -40 92 -91 -37 -20 -57 24 52 51 84 33 98 -18 83 51 87 52 54 -94 -77 -85 -60 -57 -22 -16 35 41 84 75 12 -100 -61 60 30 -66 -45 62 -25 -97 13 87 55 -23 10 -16
1 -52 -21 -96 37 34 55 38 -56 -64 -64 62 80 -57 14 -48 61 -43 -42 -75 41 -30 7 43 96 -60 53 83 -49 -48 3 47 95 -11 -7 -60 -5 78 19 -50 100 92 22 -82 51 95 58 -24 -60 -63 38 -71 69 15 22 -33 -26 -98 91 -31 65 -68 3 54 -97 -87 -92 33 -62 90 -49 33 35 40 -25 87 -36 91 -97 61 3 -61 -15 -17 -98 19 -39 -3 -92 14 43 -79 1 77 -30 -89 -21 73 89 51 23 -6 74 4 -84 -24 -23 -33 40 -49 -50 -31 -39 -98 44 88 50 25 4 77 -62 -3 37 -6 -89 93 66 43 92 86 31 -97 -95 -44 -27 -98 64 94 61 -78 -86 -72 -85 24 -44 4 94 -99 54 65 74 -34 -44 16 81 22 27 26 94 -98 3 85 -69 25 -30 52 59 56 86 82 86 89 88 70 46 98 30 -93 11 -63 6 -26 -44 69 -16 10 57 -50 55 98 -65 60 36 -67 30 21 -41 -1 37 65 -7 -98 18 21 86 -72 11 47 -26 42 59 69 -36 28 33 -97 41 -75 -78 -81 -36 -46 -62 48 -74 28 -62 -86 -19 58 -18 -21 -66 -21 85 63 35 -59 -78 48 32 91 92 -75 -66 35 16 -51 90 44 24 41 28 12 -79 -54 -82 -53 -8 -48 -20 88 63 -35 75 -82 58 1 13 90 95 9 -25 -22 -3 62 35 21 -93 27 -74 84 9 -27 -72 -48 -47 30 -37 -99 97 3 -50 -34 54 85 -22 32 96 -3 -77 14 -50 -64 55 -54 53 28 11 12 -95 24 94 87 64 37 49 -45 -72 81 65 -28 58 -14 -69 -6 61 31 71 17 49 -85 -74 50 -31 -48 -25 72 54 29 33 45 55 1 9 -86 -41 4 -63 20 -9 15 -12 97 41 -68 94 39 -84 18 -3 80 -16 60 95 6 26 -66 24 13 21 7 -16 22 6 8 -3 -11 -27 2 87 -48 -59 -78 83 -27 -53 -41 68 15 35 48 -9 44 65 36 -6 -26 -67 82 -37 63 99 37 57 -42 94 80 55 3 22 -100 -34 6 19 31 -77 62 -61 -34 -16 -75 -67 -95 -66 -44 72 72 -18 -75 69 91 -14 1 16 20 -41 -38 10 91 -50 53 -6 50 -95 63 -24 -84 93 7 -76 -35 65 -87 78 92 -16 -61 -25 -97 21 46 80 -88 60 4 21 44 -29 7 43 -54 7 76 75 88 98 -74 70 28 42 -61 -22 -38 -18 -65 66 -40 29 95 -92 58 54 -72 85 -19 -78 -44 -25 16
22 25 -4 14 27 13 35 -92 88 -35 -45 -35 -91 58 36 9 -76 55 42 58 48 86 -81 -56 26 -30 -21 -16 -1 23 64 72 62 69 -60 81 66 36 -70 47 -16 46 11 -29 32 19 -32 -7 8 13 13 96 88 -65 68 -97 85 97 74 49 -57 -77 36 -87 79 0 -58 -55 69 -92 -80 15 -12 96 -67 13 7 -81 83 -53 -53 63 11 54 60 40 -94 -27 -62 -55 50 23 61 28 37 -5 -20 -19 -43 98 -4 -33 -19 -4 -68 97 4 88 -51 84 87 41 31 96 -31 -89 5 -47 -21 -93 -24 -20 62 -11 86 7 84 -24 -82 -35 49 -60 -85 34 34 -43 28 -18 68 -90 -7 57 100 -91 -35 -97 45 -82 -92 76 -83 13 -51 39 0 -26 -72 53 -8 -16 86 -62 -40 48 -41 86 -64 2 -2 58 60 -22 84 62 80 -85 -7 98 -64 -97 94 -56 -34 -59 8 81 -35 -31 42 -65 90 -90 17 -33 75 54 -93 73 53 -74 17 -79 -13 -74 64 84 -77 -97 28 90 -55 56 28 77 22 -83 -100 -90 -14 52 -43 -45 54 41 -46 32 8 -44 -19 -51 -79 -21 -28 11 28 -32 -90 95 97 -23 -79 -57 -32 -8 -91 -73 -56 -68 -71 -89 84 97 -89 78 -57 -13 -3 -75 48 -32 43 -50 -59 31 -89 1 54 7 43 -43 6 -60 16 -34 -100 15 -75 1 100 68 -48 18 -83 -70 67 -98 -9 20 89 -43 -42 88 97 45 44 97 -4 -40 -2 17 -78 16 -95 -60 12 -36 66 -95 -79 25 -90 -88 80 32 50 26 -85 -83 58 -44 -65 100 91 76 82 -8 -50 45 69 10 37 48 -1 -41 -39 -57 19 83 37 43 -39 -11 11 -8 6 86 -79 -43 -94 -18 -11 -90 92 30 56 -21 -81 78 -32 -56 -43 7 50 -63 -31 62 40 93 64 84 91 84 69 -13 36 -56 -20 21 -76 -5 70 -7 -12 1 -20 -12 67 44 -52 84 12 -16 11 41 45 -35 5 -67 -2 100 -2 82 42 46 -94 69 -95 -14 -98 -8 54 -30 48 12 -23 66 -81 89 -55 -92 55 67 -39 -80 -84 12 -12 -55 26 33 52 -81 94 53 -74 -96 -31 94 69 48 -1 -92 100 -16 -80 -47 -10 11 -70 -87 17 38 -65 29 -53 43 20 12 62 -43 -58 92 -52 73 -81 -76 29 68 -18 -50 -93 -38 77 16 -92 14 -76 4 89 -36 -99 48 -52 90 -16 -57 -64 -70 28 -76 30 -57 35 -83 97 -41 -28 -28 95 68
43 72 -52 -52 13 50 5 -5 -31 -96 98 -44 11 98 45 38 -63 -13 -2 -97 -93 84 73 -10 -9 -74 -31 65 -23 -79 9 36 -100 -90 -1 -44 0 55 -25 12 32 54 -36 -32 22 57 28 -61 11 -95 73 -17 -84 8 -99 -35 -89 -55 -15 56 77 61 100 -70 -37 -85 40 1 69 60 34 27 33 70 68 44 96 -80 -62 12 94 80 53 -27 -74 -41 -5 60 -79 66 95 -44 6 -26 78 74 -32 -88 -65 74 -38 59 83 -40 -59 72 -50 -84 16 6 -32 75 19 -48 39 59 87 31 -94 93 -99 -86 -49 -89 -22 -33 34 -37 -40 6 -31 -99 7 -57 -74 78 67 100 -51 95 89 25 66 -42 16 -42 -46 -44 55 62 -22 90 -84 60 -23 14 -30 -30 -27 20 79 -12 69 2 -68 -21 -49 -3 37 75 -4 68 -47 61 43 -2 -2 -50 41 -84 -56 34 -35 -52 21 57 -42 95 20 43 96 95 35 33 84 -86 65 -13 -83 -80 -40 91 -25 71 -18 19 49 80 47 -90 -61 -99 -19 30 6 66 28 42 14 38 27 -98 -34 -93 -91 4 -81 60 82 -3 76 15 -19 9 -35 55 23 11 14 42 80 -78 46 100 -13 32 -83 -47 -4 5 37 86 -37 -42 -56 -46 -31 3 -36 93 24 47 38 80 -71 51 -68 63 -62 7 -56 81 47 -6 40 -35 -77 40 67 -33 -81 89 7 35 13 -86 24 12 51 -77 55 -18 71 91 15 -20 -35 95 -96 8 -43 71 39 100 -24 -49 -17 -53 -62 23 47 -33 -35 94 -94 -38 -26 5 76 -65 66 -62 -38 -10 38 83 -97 -21 -14 63 -88 -14 27 -96 -19 62 23 7 -38 65 20 -82 -14 17 -81 55 58 83 -59 79 9 94 -42 12 84 -20 -69 9 -89 -92 -87 -73 24 29 -72 57 -99 -75 90 64 -44 -94 -46 -74 52 -45 87 -22 58 55 -44 -1 76 -22 27 -10 48 -65 74 -63 -12 -48 54 51 -70 95 -62 48 79 44 -54 14 98 21 -58 -4 -53 -11 -17 43 -99 51 -7 35 68 -70 43 -83 51 50 19 98 3 65 -31 57 -50 2 -90 94 63 95 -97 68 7 -34 98 -98 -100 57 17 55 49 14 3 -100 95 -84 -73 38 -75 -96 -48 -37 99 10 5 97 -73 -69 78 -36 78 100 -8 -40 88 92 45 95 -71 60 14 -44 -13 85 49 52 99 72 -95 -85 42 74 8 -79 49 34 -85 34 87 56 -40 -76 79 -98 18 55 -88 -42
-91 -21 -54 82 99 40 -40 86 33 27 -17 -14 -41 -29 46 -9 79 11 -93 87 98 21 68 -82 -68 49 22 -29 32 91 20 -90 -38 44 7 80 -66 -37 -16 -39 20 -29 -9 -56 59 -82 -89 -17 48 12 -49 -72 54 48 29 0 -6 31 -82 -61 -53 55 24 -72 12 25 99 10 66 31 -59 -86 -55 29 1 -78 14 73 -28 -72 52 66 15 15 70 91 39 29 42 1 97 -68 43 16 6 64 -76 -10 -50 33 59 57 77 60 83 -37 -98 -84 9 77 27 -17 -77 88 -16 -24 96 -62 67 59 -60 -61 -90 41 98 83 30 -42 30 63 90 -60 18 1 47 43 -19 -53 -6 42 -41 62 -45 41 -96 -14 -30 -10 -40 -72 96 -73 -42 24 89 55 34 -70 27 61 26 9 -67 -26 40 -43 -20 -30 26 -39 -6 74 61 3 -1 -17 -26 96 77 -29 -73 -91 34 41 36 61 94 28 -82 33 -24 -28 67 -70 29 95 -98 -86 12 60 -2 52 -96 26 22 -28 -11 78 -19 11 -78 -78 -46 -70 8 54 32 49 56 81 0 58 33 6 -99 -12 78 51 -86 -23 -73 -90 -31 54 -23 -96 55 34 73 -23 73 -33 82 30 29 -94 90 -91 57 -86 85 -75 -14 -19 1 -3 92 80 -7 -100 43 20 45 -61 -68 45 -22 -76 25 94 -44 -59 -16 87 53 80 25 -17 -46 -3 -67 -7 95 39 40 33 55 -81 38 83 72 2 2 -16 9 -97 -56 72 10 -32 42 -99 49 82 15 57 18 -62 -69 59 31 86 -4 -30 2 -20 -8 85 -96 -45 93 82 18 -86 -92 -32 59 -81 -26 -89 -32 -3 88 65 41 -36 -35 -27 -53 -82 54 82 58 71 -14 -92 86 -34 78 83 -83 -49 -83 2 83 -92 28 -65 33 -15 -3 -63 26 -65 99 28 87 96 6 38 15 -19 -17 -65 -46 -68 83 -15 -1 -45 13 6 -100 -95 -64 93 84 -29 -32 -56 85 -33 -58 31 61 31 24 -91 6 -27 91 -48 -90 29 -37 53 55 -20 82 68 21 -30 92 -34 -47 70 -69 -43 -6 -77 97 -13 48 -3 7 -58 57 11 33 78 -58 88 -24 -26 -75 -60 51 -38 54 -75 55 -58 -34 90 -16 67 -1 9 -95 -22 -67 17 27 81 33 99 -82 29 -35 91 75 -1 38 82 47 23 20 -77 -45 -63 85 -68 88 -98 -33 -99 -3 -38 9 -52 -95 -54 -55 46 83 -61 -42 49 -59 -4 -62 -15 65 3 -17 -33 80 43 -77 -44
-36 -5 -75 -4 73 66 20 -62 -20 79 29 -51 7 64 -39 84 -39 60 -61 -95 -61 98 76 79 -46 -63 64 9 -65 53 95 24 -35 -42 -78 -75 43 43 12 -14 31 55 66 95 -10 -15 93 22 24 -89 -24 -38 91 64 90 -72 43 20 47 67 -97 -77 -85 83 75 6 -7 -56 -52 50 2 -68 22 78 -51 -33 78 37 7 -89 -31 23 -64 55 20 90 -90 -52 -31 -73 -50 2 -3 91 54 67 -73 48 -60 22 60 4 -19 -85 -62 -90 96 -79 60 86 -14 74 -53 38 30 15 36 -96 -65 6 84 -44 11 82 -4 -87 69 -65 -75 -52 -75 -85 -40 51 -51 -36 63 51 -90 -78 -84 -51 -91 -80 -32 -81 69 -65 29 -78 26 72 97 -18 -3 -72 -65 58 -70 -57 83 -10 74 47 34 -98 -96 78 91 -46 84 -61 -45 31 -4 60 -85 95 33 -69 -77 -85 10 65 -17 100 86 -84 -71 -24 64 -55 85 -45 62 -29 5 -18 58 -32 89 92 -51 55 -9 -75 72 100 27 45 -80 -8 100 81 23 -96 -19 25 100 -2 -89 -15 8 -83 40 37 -57 -63 51 -2 -9 -33 -53 29 -93 78 63 -33 7 -47 46 54 -3 -30 -17 27 16 24 39 40 30 -80 8 19 -11 21 10 39 82 -8 56 93 -95 -29 39 54 -14 -37 68 -77 -81 85 80 -24 -70 65 56 41 -67 -21 71 -12 86 -57 89 -33 -33 -59 -55 20 56 -32 99 -5 -23 -34 -45 100 -31 -10 -7 63 16 79 36 98 -91 -20 4 64 72 94 -68 34 25 -46 -60 7 6 31 -86 -12 30 16 -43 -80 -15 52 -97 -21 42 -41 -10 -17 -18 -83 -37 5 -66 -39 4 -27 -20 -79 -35 6 -95 -97 40 -45 52 10 -83 -7 97 -26 22 -56 -60 22 53 75 22 -30 20 -17 50 15 9 -58 -37 -40 34 88 -46 -81 45 -12 -90 -86 89 76 -10 64 -10 -54 -33 -48 6 62 -76 -7 4 49 -85 -5 43 -71 -6 85 -15 97 67 53 49 -20 -54 81 90 -56 -43 38 81 -24 -63 71 -93 -47 58 -87 -69 55 -56 -25 72 42 98 40 66 79 54 -5 -4 -22 93 -76 28 27 88 -60 -92 -74 82 -94 68 69 27 41 -39 -37 -75 23 -96 82 -10 -42 -37 22 -51 3 22 26 -93 84 -43 -100 -69 -78 -9 -31 89 69 -34 64 99 81 -75 84 -33 -29 48 -22 -42 9 42 -86 -17 75 57 -60 -40 51 -19 -61 53 89 93 40 14 52
73 -1 47 23 48 -44 81 -78 69 87 14 -21 32 -65 98 74 -6 -30 -49 -71 -65 56 44 -22 -37 -38 70 96 -42 40 58 73 -37 -43 -51 -93 -100 -79 69 77 43 36 -88 -23 -62 79 -26 22 -58 -58 -46 -75 -65 -80 30 58 54 -86 -99 -12 33 34 21 12 35 -11 4 6 96 54 52 86 -1 8 -69 89 -92 -78 9 -22 -31 100 -87 65 -93 31 -44 -61 -69 55 55 57 70 94 47 -73 0 26 30 27 37 25 -42 67 -42 -27 -70 -17 18 34 -100 84 15 8 29 76 -4 -14 8 -49 -88 54 6 -14 -38 -42 1 49 -18 -3 -41 -6 14 -57 -48 22 -74 -75 21 -94 48 12 -4 52 -7 -95 -9 -17 -76 -6 97 -63 35 75 -25 46 -6 -51 -36 49 -90 -8 -95 88 -78 40 75 -44 34 41 -3 -96 84 -65 -49 -8 -11 1 -33 37 74 57 81 22 69 46 62 27 -31 -83 95 60 56 -86 -44 -75 100 -92 -57 -27 20 13 -20 43 -78 -48 -24 81 80 42 39 -28 68 67 -30 69 -18 -90 -42 -83 -83 -65 53 -33 -22 72 -21 -27 -1 48 39 16 -74 24 -58 -84 -96 -30 22 -99 -65 -57 -89 -44 57 54 38 -63 30 -35 -26 -64 -24 17 9 12 -5 85 -34 -33 8 15 -60 84 20 -36 70 25 -56 -34 1 -18 51 -44 96 -83 4 -6 81 -41 -96 86 71 42 -12 38 13 67 16 -74 98 -96 -28 -23 -83 -23 -84 -52 5 19 -46 -39 -94 -1 80 -9 33 8 -36 -53 -25 57 -11 -69 17 -79 85 -34 71 85 92 -44 63 -30 77 -100 -32 -78 52 -83 -35 -57 64 40 41 16 -12 10 33 -71 28 2 -40 57 -61 43 41 34 -51 44 -21 84 -62 -1 -94 68 5 81 33 7 49 -85 89 46 66 -36 -42 -43 1 -39 -27 -12 -66 97 -48 45 -21 -92 48 89 12 96 54 -10 3 55 12 -80 -25 25 37 -65 51 -30 86 66 -55 -19 -65 -10 -78 -54 42 92 -18 -54 1 3 -4 11 -66 45 -94 -91 -88 -98 67 22 -28 37 17 -77 37 -99 -82 -82 -10 -89 -95 34 -47 18 45 -80 -71 -71 -7 -28 -1 81 -46 91 58 -22 68 -1 50 -1 -87 -7 59 -89 56 -79 73 -65 -95 -8 15 -14 -87 63 57 -76 36 -91 -66 35 49 14 -8 4 76 -43 -65 10 79 -69 76 -98 8 -33 -49 46 -38 -61 8 4 -87 -71 92 92 36 -47 48 34 4 8 -94 40
-98 91 0 12 -71 66 35 3 55 84 -74 51 -64 -50 -95 71 81 22 -43 87 -81 -54 -30 -31 4 100 9 -68 -32 -31 -90 69 30 61 13 -37 96 80 -100 -99 -98 -53 36 43 18 -73 68 90 21 5 -93 34 -65 43 66 57 -20 97 -88 83 35 28 -95 -46 50 -70 -42 -94 -92 -66 32 -71 -41 -9 62 -79 -93 -20 -35 -56 4 76 -19 -64 7 32 32 59 76 42 -86 7 -34 96 -77 -76 28 -5 63 17 24 -7 -74 -100 -1 -22 93 -20 -77 -89 -38 -77 -63 -31 -88 -97 -46 -72 48 61 59 73 42 11 52 51 91 -35 -32 93 -40 22 87 -30 -50 30 62 -3 -36 43 -24 -61 72 91 -2 32 57 51 69 -63 91 -89 -67 -100 39 70 -59 -86 40 50 -55 95 9 -56 69 -57 92 -53 -78 48 96 -96 41 -46 -32 -72 23 -65 -46 21 1 96 22 -65 -10 91 45 -34 27 89 56 13 -39 -30 -38 -41 -56 -70 56 -53 0 55 12 33 -63 -40 97 82 -7 -83 -32 -21 87 -91 81 -53 94 -74 -99 18 60 -6 -87 61 -65 73 -48 54 28 -25 2 52 100 37 97 -39 37 97 -10 -83 23 48 13 65 4 57 52 -72 -97 81 -38 51 -85 74 -64 -44 56 4 20 21 -29 -72 23 -68 93 -55 -87 -79 -52 -86 -20 -35 -5 38 -69 -23 -23 31 53 -46 61 -5 -59 9 -43 -75 -52 -87 -11 -64 41 55 94 85 -75 -63 -52 39 74 -86 24 -81 11 -6 -5 -77 18 86 39 -98 11 -34 -55 -63 31 91 -27 -21 67 20 -86 -7 81 -7 -66 -29 51 -8 -44 77 -28 -40 -17 -11 15 79 -35 7 -83 -47 -30 -35 4 -35 60 73 80 83 -84 -56 91 53 16 9 -63 -25 82 -81 14 -30 -97 20 -15 -63 73 -34 59 -78 -41 -77 -35 87 -42 -48 97 -28 -40 -63 -51 6 -81 -57 68 39 -69 13 28 34 -95 -36 12 27 -8 89 24 -60 36 27 -41 23 55 -32 -44 85 9 39 -94 -8 64 -61 -17 -58 -40 81 -96 -89 43 -57 88 49 93 -13 87 57 96 7 -68 -70 75 14 6 -39 -26 -30 42 -16 15 -21 -62 -98 -62 71 64 -65 -94 46 -62 -3 19 -63 73 -84 24 94 79 -4 79 -4 53 -46 -80 80 66 8 -89 -4 54 5 -95 -63 9 -3 -79 -37 -31 -36 37 -9 -91 -13 96 -89 93 -5 -93 -99 61 -29 21 -26 36 58 -57 46 -30 -2 -61 -32 65 22
18 -40 -100 5 30 -73 15 92 93 -45 79 -79 -67 66 -6 4 -19 0 -32 84 64 -53 53 -51 54 -61 -72 -74 -58 7 19 28 -51 -30 26 -16 -42 -96 67 -68 -46 3 -92 -53 62 -49 -58 -88 13 -83 -91 21 44 56 58 15 43 30 -2 -90 -69 95 -78 -96 59 17 63 -12 -31 100 -48 41 10 72 -40 -77 -11 88 38 98 -29 -23 27 -47 100 -79 -48 -29 31 95 44 -14 71 -11 36 -68 81 98 -83 49 51 28 -35 -45 -58 39 -82 -85 39 -13 -45 -69 72 64 -46 -33 36 18 0 -51 -58 8 -34 -51 91 44 75 9 -94 -72 -91 -19 93 -91 71 -51 9 -11 -34 78 -80 -69 -26 8 -68 -58 71 33 -58 88 -73 48 -82 -58 59 -93 20 -56 -8 50 -23 84 -90 34 57 -9 -35 59 -88 17 -61 -23 -72 -54 2 -10 -68 17 -90 2 15 79 -32 -33 -67 38 -43 -44 -68 -94 -97 21 -90 37 98 13 -66 49 98 42 -57 -63 50 -14 78 -98 75 83 -91 -80 -32 -96 -45 51 -43 71 84 -69 -56 -46 57 60 43 46 1 -92 -31 -92 -65 6 -30 10 6 -84 -49 -94 7 2 19 94 84 62 -9 -5 69 38 -30 96 -33 58 25 51 91 -35 -96 61 -96 48 65 -37 -28 -7 49 62 81 82 -57 -94 -40 -85 -54 -15 -40 -37 25 -20 58 54 46 17 -64 -34 94 61 58 -98 85 83 -30 57 94 41 55 70 -97 84 -4 100 -62 -23 47 26 -53 0 -47 -72 -2 34 48 -40 61 51 -73 -93 -46 -71 23 35 36 57 -46 26 -2 1 -43 88 -36 44 -63 71 2 -49 -42 -97 83 47 4 100 33 86 -72 38 77 -74 92 28 92 -52 -68 57 33 19 34 16 -4 97 76 99 -74 -39 84 -83 13 48 97 -62 46 -48 -50 -28 -38 65 0 16 -63 24 91 -3 29 -62 64 10 82 -15 -11 -9 85 -73 60 26 -87 100 -53 -66 -98 65 -98 -75 72 -41 1 22 75 -30 11 -64 67 0 -51 49 34 -59 54 -94 -77 39 55 23 74 46 -95 -92 -51 48 -94 -23 26 14 6 -63 28 -73 44 -84 47 -35 34 -61 -91 -77 79 -98 71 -99 -19 6 41 -45 50 -39 16 63 24 68 7 -8 40 37 -70 46 22 59 -42 -20 -96 31 -41 -74 68 95 8 -80 -85 60 -96 1 100 21 3 63 1 24 60 8 80 -74 41 -39 96 -69 -87 13 -24 66 83 -28 -11 -33 -96 -71
-92 -5 41 98 -70 45 -56 -35 88 16 -42 86 46 -59 14 -68 9 -74 -80 -60 49 42 74 -16 -20 -7 48 -54 -51 82 45 -24 -42 37 -82 -27 -39 -90 69 64 -68 97 41 88 76 -99 -66 42 18 37 -29 30 25 53 90 69 17 -16 25 -93 -14 -60 23 8 32 -9 96 24 9 -21 -37 60 0 99 60 -49 57 67 8 53 56 -66 2 78 -10 -58 -9 94 -89 -2 -87 38 75 -97 -67 51 82 -44 88 -54 -5 31 28 82 4 -1 -34 -10 39 31 26 50 -96 61 -23 -8 -82 48 85 -76 24 -79 -31 63 -30 -45 -75 1 51 -15 36 -27 54 -21 68 -63 -72 -84 24 15 -62 -17 64 -98 -99 34 45 -52 -78 -57 -11 -57 74 62 -60 51 48 -60 -4 81 44 -86 87 23 -83 51 -29 -27 38 60 -46 53 7 -61 -78 -8 -6 -86 -84 91 51 -78 -7 -29 20 70 76 51 -38 96 -54 81 44 -82 -18 -93 64 -11 -69 -70 -17 80 -16 49 4 76 -15 4 14 32 -43 -4 -79 -99 42 14 6 -12 8 -53 -31 -94 -6 12 97 -99 -90 47 -67 -96 -7 92 22 54 -19 -74 36 -9 -8 80 -88 16 10 29 -51 99 37 19 -76 -52 54 -39 -47 51 -74 -69 -72 19 1 49 47 54 2 -7 57 78 47 -78 -42 82 76 -76 25 -21 -41 13 16 -88 -65 95 0 73 2 34 -15 -52 -4 39 4 -47 -76 -52 30 -35 -24 -72 80 85 24 34 8 36 -39 -58 16 26 -85 -56 -98 -48 -50 -89 -97 -3 -25 84 37 92 17 1 67 93 -59 -49 62 85 59 83 -55 -90 2 -55 98 86 -18 -51 -40 51 45 -57 52 -43 3 -14 -60 34 -49 -51 18 -35 98 84 99 24 8 53 1 67 -4 -33 83 72 -59 7 90 -68 -25 -77 87 8 7 -90 44 80 -79 1 -76 14 66 82 27 -31 31 50 56 -51 66 -19 35 -10 -76 -46 39 85 10 -15 89 -22 88 -76 35 -75 -88 -59 -40 -6 34 -51 -26 53 -34 76 -18 36 -13 -6 -96 -19 -5 58 73 -77 -67 72 -83 -13 14 -90 -25 -89 19 11 6 35 -32 56 -41 -49 28 29 15 -77 88 58 -50 -54 89 1 9 57 -16 83 18 -13 -43 -50 23 83 -84 -9 -14 -59 42 77 38 -87 -14 66 -71 -62 -30 -3 -21 -46 37 8 -81 -78 83 77 -80 -34 -64 80 76 36 52 10 -27 15 -99 67 32 64 -72 -77 23 -84 -100 62
13 -74 68 69 -21 -22 38 -39 57 -82 1 -18 -3 -65 -91 13 -75 93 -19 48 -82 -74 26 -53 -34 46 -67 22 -7 -80 -95 -56 -77 32 73 54 39 62 -51 -9 78 60 -77 -44 -86 49 -66 97 -7 -49 -87 87 25 31 91 -99 81 32 21 33 -49 -91 -10 -55 -97 44 -50 96 -12 93 37 -1 -12 -36 -17 -89 5 97 -72 -17 41 74 93 -70 25 100 -1 59 66 81 -97 53 45 -34 72 -83 55 -24 37 -28 -88 -70 -92 94 -90 -30 -22 80 66 43 4 6 -20 -97 33 99 31 -67 76 37 -76 -81 34 23 -4 -86 -24 22 -60 45 -84 51 -36 -83 100 38 -20 -29 28 -46 -62 -34 -20 62 -54 -88 -24 3 -32 -95 89 28 -83 91 -97 84 86 -17 -44 -71 -65 -18 96 22 -87 39 -87 55 16 38 -36 100 -24 100 16 -94 -40 -28 -91 56 55 100 -54 -22 -28 52 -14 -88 -35 -56 -8 -76 -74 58 25 -36 90 -88 41 -49 -6 53 -80 98 70 54 -51 -100 -92 -90 72 -61 19 -66 6 40 52 69 -10 -91 23 -29 -81 87 22 -32 -45 -49 -97 71 -17 48 28 -11 -66 -61 -99 81 -76 97 48 -56 -75 55 -74 69 47 17 56 100 -43 -87 30 19 2 100 -48 17 -68 -33 90 -87 55 32 -52 94 47 70 -81 13 -84 60 96 85 95 8 -86 39 94 -47 44 -68 80 99 -57 -98 -65 -39 77 -60 -18 3 48 45 -29 -39 88 64 -80 40 -83 78 -28 -8 55 25 61 -16 31 40 24 -94 -97 -4 96 36 -50 -32 -65 -19 27 -28 21 79 49 -6 47 55 46 52 -39 56 39 -79 81 -2 -52 72 -40 -77 21 55 3 4 25 -22 99 -41 -26 -72 -64 7 38 86 -25 -60 31 55 60 -4 95 -94 35 -76 -58 80 -40 20 -95 -75 -88 -79 -46 -41 -29 57 -25 19 15 -80 -46 -60 11 -84 96 -38 -7 0 74 -6 31 -47 -64 -38 -31 -91 -52 -68 -62 62 -7 46 86 -57 -41 -72 57 -43 13 -31 -86 -46 79 74 52 87 -53 -100 77 95 -97 85 72 13 -21 -21 -45 77 81 -96 79 -94 85 -72 97 -88 -45 -45 8 -25 -94 10 33 87 -98 -9 60 -77 90 -11 6 86 -92 -81 -100 38 11 -32 28 68 -29 -82 -33 -9 57 33 52 13 -41 -98 32 69 34 -91 -5 9 48 62 -1 97 87 44 46 -42 85 -93 44 -5 -78 -86 16 -15 -47 52 -10 39 76 35 -47 -84
-15 72 50 -59 -83 -60 8 -72 -50 -88 65 8 27 33 -67 89 -52 -1 -31 -55 -89 76 -89 72 95 86 -15 56 -70 12 61 34 -96 -44 71 -17 97 -47 -75 68 79 -54 -94 -52 17 85 97 -23 -3 31 26 56 -43 -65 -100 -11 -57 -40 74 36 -84 -59 -62 84 -66 75 -92 40 30 14 -8 46 16 77 -36 10 29 14 54 26 75 -40 49 39 45 -99 51 77 63 -45 62 5 100 -19 89 -81 -26 39 30 83 61 5 92 -65 3 18 98 -83 -91 -12 -33 71 74 67 -97 4 55 -90 -20 20 -89 79 19 93 -89 17 41 100 -17 20 78 90 -36 -19 90 55 -73 26 -60 -88 93 84 17 75 -29 -65 -9 -18 92 3 85 -69 -9 -10 58 -13 -50 -78 88 98 -82 64 -17 -93 66 -97 64 73 -73 88 -85 79 -88 20 95 30 -37 -70 20 20 82 85 -30 -1 87 85 -47 -27 35 -46 -76 -12 6 76 -54 76 20 -45 -84 -6 24 -75 -15 -31 -51 76 78 -12 6 -32 -11 36 -43 25 -44 59 -11 -71 52 -29 -23 87 61 46 87 72 -89 77 -37 -26 51 72 -20 -1 95 -15 -6 46 -65 93 99 71 -32 -90 11 48 -76 -19 7 89 -35 96 -75 -78 -60 61 -16 17 -61 49 41 57 -19 -70 10 -35 -68 74 -68 -60 -64 -56 -85 12 -69 69 -22 -29 12 71 87 -100 -5 45 -50 46 -54 76 37 14 59 47 -73 -90 22 82 -42 -63 27 49 -68 26 94 -10 -6 -68 75 -69 88 -37 11 -4 45 -36 76 87 -83 99 22 71 17 98 -6 -4 -51 -84 10 19 33 -31 99 -90 83 -26 -55 -73 24 -19 -48 37 86 46 -93 -87 92 -95 89 -63 81 32 89 -53 -59 -31 31 55 85 -73 -29 100 -72 -36 -89 -22 16 -29 -70 22 26 3 50 -22 -76 3 77 54 -21 -45 18 63 13 26 -45 58 -25 -81 89 -90 9 -29 43 58 -19 40 -44 -25 75 37 95 -77 79 -79 94 -78 -84 38 53 17 8 65 -13 -19 -86 -73 -95 95 85 -3 -30 58 -39 -70 5 42 -92 42 -62 89 -9 -61 -34 -17 74 50 -62 -12 25 45 11 92 -40 -51 90 -93 -13 -84 -18 56 57 8 -53 -44 45 -100 68 -16 -37 -29 43 -54 -28 59 49 -35 99 -60 72 -19 52 -84 13 22 89 76 -58 -63 -97 61 -16 -36 76 -33 -56 93 96 46 -75 -6 -37 31 38 97 -81 -32 47 27 -7 -43 89 -66
45 17 -57 -33 83 55 -21 -88 -90 -17 -65 -93 96 -35 -28 42 -81 13 85 -83 -4 -29 -69 84 18 -70 -56 -21 -92 -17 52 -61 84 -16 15 -40 48 -66 -52 -19 22 -21 -8 90 -17 -10 -3 -37 10 48 -24 13 36 16 -43 24 -34 -86 38 -54 -69 72 0 62 -25 15 -53 68 75 -64 14 -91 41 -53 28 80 -95 -4 -25 5 -50 68 -99 0 -88 23 -82 -53 17 68 25 14 -62 98 -23 -87 -47 -50 -10 -37 -66 -80 29 -19 4 26 2 30 -57 -2 -79 -22 -72 -79 13 -40 -50 66 13 84 -55 60 54 96 -35 -51 -8 56 57 67 -67 -89 71 -69 87 -70 -93 52 4 -35 -83 -73 -45 19 39 -19 24 -70 -87 3 99 -1 -67 19 -51 75 -70 -10 -63 -39 -69 -10 83 -37 -4 -56 -24 43 2 -33 97 -20 74 -27 -75 64 -24 -27 24 -71 -91 43 23 93 9 73 -48 69 43 10 80 94 24 93 45 -5 69 -36 -76 36 60 -70 -94 -44 50 81 -19 65 92 -92 -23 89 -16 56 -73 58 -43 -12 -30 -99 -36 -33 -61 69 94 -63 -14 -73 -58 97 -81 60 38 59 90 -37 -43 76 -68 9 -100 -47 49 -95 -80 83 17 -66 63 22 89 -17 24 -93 -17 17 -98 10 -32 -24 -6 -100 42 81 74 -66 12 -24 -21 -63 -37 65 37 -89 -65 -26 -20 -76 70 1 -86 81 -98 -80 25 -4 8 -47 90 -28 57 88 -92 15 7 29 4 -59 -85 49 2 71 -77 34 -60 -68 -39 -29 -7 -80 11 -49 96 -88 -79 60 39 62 22 -83 77 57 40 -81 -9 22 -91 7 -14 46 -88 -33 82 42 -67 40 21 -43 81 -65 94 71 47 -78 100 12 -26 40 -28 -13 -41 33 19 41 7 37 56 41 -62 -93 -93 -66 89 98 51 -55 72 -82 -88 1 -75 -3 -17 63 -72 -95 -24 11 67 -69 -10 -17 29 -98 -53 -23 -97 13 48 15 -11 60 -29 88 -61 73 5 84 -96 14 20 91 -90 -2 63 49 -48 85 94 -67 81 6 35 -49 -13 15 71 8 -16 -13 45 7 75 56 -73 -54 -26 55 16 72 17 77 -92 29 46 -52 -58 -31 -42 -26 65 -7 -66 3 -9 39 85 -61 71 48 -57 26 22 22 78 81 -6 86 -73 56 -3 76 -25 16 -19 66 53 16 95 89 33 34 -51 83 9 6 -47 76 39 80 -36 -78 42 -88 72 -31 90 -4 62 24 57 25 44 32 34 39 -1 -69 -10 82
-40 99 -48 -95 -24 -97 -96 -38 68 -83 -62 -38 81 49 -69 35 -29 -62 -22 -56 -9 72 -77 -44 14 80 -86 81 63 46 7 72 -13 -39 71 -99 62 -20 -16 -56 -56 56 62 -83 -40 39 20 55 -22 -33 48 4 29 -32 -22 57 86 29 21 6 96 -27 16 10 -47 -84 -19 -19 -67 -36 68 -31 50 77 -34 -52 -10 -58 44 10 -72 -86 -26 -6 -16 -38 -48 -92 -36 28 -41 74 -61 -80 -23 53 -23 98 47 -86 -63 62 -37 -45 7 -43 29 -2 49 77 -39 74 86 -90 43 48 83 -86 56 14 -35 16 -94 19 11 100 -93 -31 -42 -72 -11 16 6 28 33 76 -52 -58 55 -63 -77 8 -64 -31 85 -7 -15 49 51 -1 -20 -87 -21 -86 -67 -3 -57 -75 7 -75 12 48 56 15 58 -99 91 -82 81 57 -23 99 77 -73 31 80 11 66 -56 85 -9 -50 -81 -82 -30 10 89 -41 2 96 -2 -66 58 -92 -10 40 -35 62 -93 -79 57 21 -90 -56 35 -91 -75 20 -84 -78 34 6 -29 38 28 -22 90 -33 -4 94 -21 28 94 -9 -86 51 -63 92 19 -46 33 35 -77 18 -93 91 11 69 99 -21 2 68 12 -17 -37 -74 10 -73 -88 12 -10 -71 81 -98 71 -13 -91 86 -15 -4 34 100 -3 14 19 47 -80 45 68 -7 70 -45 97 99 -70 -45 45 99 -1 -9 -58 93 24 55 9 -4 -38 10 -34 -10 -9 20 57 13 94 4 -65 23 -30 41 -94 27 -32 -54 -4 68 19 64 74 16 -34 9 -86 -35 -53 -62 12 37 -76 -19 52 9 84 23 -50 97 75 -91 -62 17 -9 -87 27 26 -79 53 -73 47 -67 -31 -86 8 32 48 -70 69 23 89 -73 -23 9 77 -43 -91 9 -9 36 85 -24 -56 85 30 -64 -95 74 93 0 -70 33 -60 -46 -10 88 71 7 -21 -88 -32 35 -79 59 -8 21 99 78 -97 -85 -1 71 -88 66 -36 21 -80 -86 -43 29 72 -24 71 12 -11 -90 15 -47 -94 3 82 84 81 -38 2 -14 -49 61 99 -84 47 -29 -86 27 68 54 79 -15 68 -60 70 54 100 67 33 -92 90 -48 91 -37 -48 68 28 47 -6 -62 80 52 -42 85 -48 -5 99 -65 -17 -56 -36 -97 -26 -79 84 -72 42 22 -61 90 -54 -61 77 72 55 -53 -32 26 -62 91 -53 -84 68 70 0 -88 -48 68 76 -72 4 90 -16 -8 18 -95 39 7 -24 74 -79 99 -59 26 49 27 65
19 -51 91 28 51 77 -47 20 78 9 50 58 69 96 -72 -8 78 -72 -88 -7 29 -55 76 62 -74 18 -61 16 53 -76 -70 37 -51 28 5 41 -54 92 10 -11 -51 -8 -86 64 82 -3 -37 10 -80 -88 -37 -25 -14 85 -42 -22 -95 67 18 98 48 -97 -100 -25 44 -27 68 -67 -74 -82 -83 -2 -63 25 -2 6 60 -1 26 37 -24 78 13 9 -78 9 -97 -45 -25 -86 -11 29 21 83 -34 85 -54 -77 39 96 -7 69 30 0 20 21 -22 -96 -32 58 55 16 -91 -8 78 94 66 75 -83 -65 1 53 -3 -53 76 -8 17 33 72 -27 85 -41 86 25 47 -81 67 89 -43 -42 -85 -86 -9 -8 52 49 -2 92 52 -15 61 -89 -37 -34 85 79 26 -69 -19 64 58 26 54 100 -31 -53 79 92 -95 70 93 -85 -66 31 -47 -97 35 91 -78 22 -45 -62 2 85 -63 -91 53 65 -1 -46 -15 54 28 -27 -39 59 43 -5 -46 28 -28 -13 -6 28 -16 -98 -24 58 -43 -99 -96 18 5 69 94 -87 -87 -80 -69 -58 -5 6 -40 -18 26 -91 -51 -78 7 -17 67 97 -27 -3 0 -46 96 67 -43 71 -73 46 -39 8 -87 29 78 100 13 91 39 26 -100 57 -11 6 -64 -11 -25 39 -48 55 70 70 1 70 56 77 -26 68 41 -82 77 78 57 -95 -58 97 9 -81 -46 74 40 25 -72 -12 18 -18 14 8 -92 -65 42 -47 -90 51 31 57 22 -5 91 -93 -43 -16 -56 8 27 67 -51 -16 6 45 20 35 53 9 50 1 42 -54 69 -96 -90 79 77 -18 -44 95 -9 65 71 -67 -61 57 14 32 -4 -37 86 74 100 -32 -60 -75 -76 78 50 -54 -3 -54 -63 32 91 88 13 -67 82 68 40 -91 35 66 4 -66 20 76 94 66 -29 10 -92 74 96 -96 12 -34 -70 60 64 -18 47 -58 -4 25 4 -13 -19 27 -12 -71 96 22 32 39 53 22 21 56 -43 71 -55 -63 57 -71 40 -84 96 -74 99 59 1 31 -76 -58 -62 -47 -67 -76 85 42 38 -55 87 -53 57 -29 14 3 -12 -100 -70 -4 43 -30 8 74 3 -6 85 -19 0 90 11 60 65 88 -66 -40 -22 -39 -29 -3 42 38 -16 24 -41 -40 -78 -70 -86 -9 -62 -66 68 -84 39 69 -24 37 -25 -82 -61 -93 80 -43 -6 45 52 94 -69 -82 65 14 12 69 90 29 -70 24 -80 53 -77 -69 4 40 -88 65 68 95
-53 19 -47 -41 -11 35 86 -3 20 -78 -37 -47 79 86 -36 -29 24 3 -81 42 23 -25 -75 -57 -16 -23 -54 -32 49 -86 -96 -88 -40 -59 1 -50 35 82 90 26 15 84 -42 -47 -89 -16 -28 -13 77 7 70 -80 46 -95 -44 -36 -55 -54 25 16 70 -88 21 73 70 40 47 -76 -31 -63 73 -78 -25 31 7 12 65 13 52 -84 -69 11 -68 95 -44 85 62 -24 12 -76 9 60 -45 -79 -28 -40 -26 80 32 96 -33 -42 -10 -9 5 99 95 -43 60 40 22 65 71 -59 -47 40 -5 92 -33 56 -23 -36 52 76 91 -55 -59 4 82 -61 -88 -80 -72 -76 -27 41 38 12 29 28 -51 9 39 -60 -86 31 3 99 80 76 72 48 4 -91 95 61 -38 -55 86 26 43 -28 62 73 -35 -49 -28 -97 -58 63 47 -55 46 -19 -20 45 14 -44 -84 10 -66 -95 -21 16 -46 -91 54 69 -87 91 82 64 -27 83 -69 6 -50 32 91 40 49 71 65 -20 92 -78 -36 -26 54 45 5 -71 50 -7 -78 -77 -84 -66 24 -24 -99 18 -55 -49 -60 7 -53 -13 93 48 68 85 -41 -34 -6 13 13 -33 93 66 -35 100 57 -8 96 82 39 48 -51 1 62 3 26 -46 -3 48 -37 -25 -41 93 33 97 64 10 67 88 45 2 -43 -46 -1 11 25 0 -31 100 1 -51 12 -12 34 -21 97 -79 16 83 85 -9 -83 -42 -4 -26 -93 64 15 5 -29 16 34 -70 24 88 49 -99 52 11 -48 75 -21 39 39 -72 -81 -59 -77 83 19 9 22 73 84 -93 -53 49 -65 97 41 58 56 66 3 -6 14 24 -64 -44 23 -92 50 87 70 -31 91 11 -58 65 49 -27 -56 -24 88 -22 11 -93 -91 53 -11 -24 -34 86 -75 -65 -54 -13 26 70 -82 55 99 8 35 -46 -13 18 -17 -56 80 43 -75 -53 56 -75 72 -9 -39 24 10 -31 -61 -17 -97 100 -79 13 -46 -30 -26 84 13 -19 -45 36 65 -16 -67 22 66 58 -93 -54 -24 -18 5 -51 8 -92 100 -67 -79 5 55 99 -27 12 -49 58 -6 -88 -87 90 13 -36 -85 -26 44 -36 -99 -16 -30 -15 16 97 -51 17 96 -18 -72 -66 67 24 -8 79 -89 -84 -92 82 16 91 91 -38 68 70 -32 -50 -86 -60 33 47 -57 -80 86 2 76 46 -65 25 22 -51 -40 -68 -89 -30 22 7 75 -87 43 65 12 -18 34 73 -4 14 42 56 -42 60 -88 56
61 4 69 82 70 50 81 -87 19 -91 91 21 82 -95 -30 -12 -87 -70 50 -52 50 54 -32 -77 -86 17 33 -95 82 -17 36 9 37 5 -15 -65 -98 39 91 36 88 -56 -64 -78 6 11 98 -95 9 43 -13 -63 98 46 -63 -22 42 -36 -4 -35 63 25 -14 11 -22 71 -59 -96 -59 -33 36 -44 -33 49 3 -34 45 14 47 13 -8 73 26 82 6 32 -60 -67 6 88 -14 -65 -70 -71 -60 -92 -25 -17 39 -43 -35 16 -55 -37 93 94 15 61 -34 -71 -67 13 -97 84 37 8 80 -49 -51 -5 62 32 81 -31 9 -27 -29 -21 90 72 -32 26 -2 -4 2 -62 45 -22 62 67 -27 2 -83 -37 88 49 -92 -65 16 18 -96 13 89 20 -87 -45 3 -39 -91 -67 -85 34 1 -18 46 68 -88 57 11 32 -7 -23 -99 46 -97 -75 -82 36 38 43 -14 -88 -98 -10 53 99 27 -20 84 46 -2 17 -88 41 -42 -46 96 28 -7 69 48 97 23 74 34 -8 -2 -71 32 84 54 11 45 37 29 -35 -89 -50 -91 -81 -57 -77 86 -58 -22 99 -41 5 -25 -43 -40 40 -69 -14 67 -81 82 -56 20 -70 87 -34 68 -59 -76 -89 -90 -40 -99 -47 62 16 -27 31 -11 18 23 -51 -37 60 -22 -20 -8 26 -68 84 -39 1 -94 8 92 7 -27 -86 -14 -87 28 -86 -25 -9 67 37 -50 40 14 39 -39 -25 86 -62 -92 -42 -53 0 9 51 51 -25 15 -14 -45 69 56 -11 91 22 70 -36 -36 83 -32 72 60 -82 -62 93 -70 0 69 39 -68 62 34 49 90 -10 90 -99 -18 31 -28 93 -81 4 -54 28 67 53 5 -74 -15 34 71 84 37 18 -91 -63 -32 64 37 -57 -20 -18 79 15 -31 94 48 -21 61 90 41 53 94 10 -8 -49 84 24 -44 39 89 -47 -25 -89 -84 84 -79 -66 -31 2 -68 57 -95 -78 -85 71 -64 97 59 -61 98 -50 -85 12 -68 -82 45 -72 28 -7 33 35 66 61 8 20 -79 -87 -91 -72 -84 -46 9 97 52 45 68 -90 -12 34 1 -21 -15 14 -11 -61 -57 63 94 76 31 -64 63 84 37 -97 -92 -38 -84 -57 41 -2 -97 18 54 31 -51 -69 56 -46 -72 0 -58 6 -32 -25 53 61 47 -16 79 51 26 -76 76 0 -86 32 97 37 -88 -72 -24 -39 -89 90 -42 -36 -8 -75 80 38 -7 -64 -46 -72 12 20 -29 51 -78 6 19 46 -5 -41 -84 57
27 -83 -46 -69 29 -83 63 -98 -58 20 95 9 -69 -35 16 -1 -13 -88 2 51 -65 -81 -7 -87 -23 -18 -15 64 15 55 -95 -97 40 -4 -79 80 66 73 -52 -7 34 -23 53 88 -46 63 2 69 -44 -50 -35 79 -76 -31 20 -67 -36 19 39 -81 44 65 -32 52 -50 -39 92 -3 -74 -72 -68 48 92 41 67 -14 76 -27 70 -52 85 -11 54 -77 -82 75 -91 11 60 0 -84 -26 -39 -37 -47 -74 40 81 49 -97 77 32 83 -53 4 -59 0 96 -63 97 79 23 77 -59 -14 7 -26 66 95 -63 -48 49 29 24 72 97 -35 -75 24 28 -26 -20 40 35 -96 85 29 59 18 24 -93 -59 -34 7 -7 51 87 -48 -74 73 5 16 -68 88 -44 44 1 -44 59 -41 -2 -93 100 73 -45 -57 2 32 -21 38 -48 67 78 94 3 21 1 78 -90 -12 44 34 93 -91 -65 -40 79 23 -100 -86 75 -50 21 -79 70 -69 58 52 -36 3 -98 -88 74 42 17 -59 -29 29 21 -13 -87 28 0 -20 -71 24 -62 -63 11 87 -92 -11 -28 -97 -92 -1 45 25 16 -58 -28 47 97 -94 -66 -14 -86 24 29 96 92 -92 7 85 16 16 30 -69 10 -28 -39 26 -9 36 -15 -18 3 -17 88 -53 -84 -7 61 -1 -16 -39 15 37 -84 -13 -14 -43 77 70 69 -2 -6 -4 37 -63 -52 -33 -22 82 24 28 -38 11 18 5 -99 15 41 -68 -38 20 -27 43 -56 -80 -48 66 -34 16 -28 -99 71 -74 -95 -28 20 -12 48 -63 -28 -13 44 42 8 99 -100 42 -2 -89 -90 -33 -60 -16 -53 -51 53 -10 66 37 -44 19 96 -21 93 63 -74 94 58 1 -78 67 75 9 73 -64 -42 29 -4 40 58 -28 91 -74 -83 -91 -5 -86 -55 -39 92 -8 64 11 -35 -44 -71 54 90 96 41 56 -56 60 25 -59 86 87 -42 -34 -2 -100 -30 -81 91 -45 58 -96 -16 -3 85 -56 -75 59 -36 -84 -24 -65 86 -2 -75 92 -35 55 70 55 13 -15 45 -4 92 -13 -89 2 -65 -1 -62 -51 99 -3 -70 -19 -23 -29 -11 87 49 1 76 12 -3 98 -83 28 -93 77 -23 33 86 19 -23 -44 66 -39 -36 86 -12 -85 -38 -11 -54 49 52 -90 59 20 -41 -76 -4 45 -93 13 -84 -31 66 -15 8 85 -64 -57 41 -7 3 -25 83 -83 66 -59 -83 31 1 -7 -49 10 -44 93 -30 -23 13 -50 -29 -75 78 62 -77 -46
74 -94 -84 -51 62 -34 -11 -19 11 7 6 19 25 -52 -76 37 -2 66 31 27 -53 70 -99 76 87 8 63 29 53 20 -39 -61 -98 77 -71 -9 40 49 67 60 28 67 -67 64 97 45 -5 -24 -91 -61 20 1 89 -49 92 35 57 100 -89 -18 2 -47 -71 -59 39 -29 22 16 -98 -23 86 96 -22 -39 91 -49 -74 -42 59 76 -3 -82 -23 30 63 -8 -32 95 -70 2 28 28 -90 -90 -62 -47 73 -13 70 37 8 98 -2 -95 -65 -12 -52 -34 96 21 62 -54 -85 39 96 88 -7 86 76 -39 -10 -76 33 -88 88 30 -84 86 -46 -63 36 -50 52 49 -85 15 56 13 88 67 -34 92 -28 -13 98 49 -20 -56 -82 -39 88 -13 -12 -54 32 -34 11 -70 49 87 -28 56 93 -22 -88 -19 -53 -93 -94 -66 -7 -16 -84 67 -91 49 32 26 -40 -3 -62 78 23 85 -93 70 -21 51 77 12 66 -69 46 -22 -95 -54 60 85 -63 86 22 -95 77 8 -69 -24 31 -48 70 -20 100 -48 -21 -64 -17 48 49 -61 -74 81 -53 -38 -87 -92 -21 -97 1 18 91 -52 53 -92 -80 100 -85 -73 22 76 47 -50 -17 -97 3 -92 -71 19 -99 -69 -20 89 -5 34 -54 75 0 -50 -94 5 76 9 -12 -21 -5 -76 -81 -1 10 72 73 26 27 1 67 7 50 -76 53 71 -1 40 -49 -22 93 -26 -78 32 -8 -95 -85 26 4 -31 18 91 83 45 39 -22 -63 49 -58 -87 97 54 13 25 34 12 -33 93 -52 10 2 -40 48 8 52 -31 -72 49 1 88 -53 4 -76 30 -2 12 -5 39 63 72 37 73 -88 38 14 46 -39 -91 -20 -85 58 -65 83 -31 -24 -87 13 56 -89 59 44 -20 -30 11 84 -85 -59 26 27 -14 62 -62 -42 -79 -100 67 86 16 -70 -45 -100 86 17 -82 -26 -98 51 -14 -33 -99 -43 38 55 -32 4 -81 -25 60 -97 -11 -1 39 12 -20 67 -5 -64 84 -23 19 -59 -66 92 42 -34 -29 42 -60 21 76 48 94 -59 3 -33 -26 17 84 58 -64 39 -57 -35 -92 4 -96 -47 -56 4 -20 30 -39 5 39 39 -88 -80 -48 -57 34 -49 -61 97 -20 18 66 71 -29 -81 -83 75 -55 34 25 55 1 -60 -19 -21 -73 25 42 58 16 56 89 -22 -45 -96 62 -83 -98 91 1 27 71 65 57 95 -18 82 1 19 61 -86 -7 35 -55 -66 17 -3 -5 71 82 -10 -57 -64 -52
15 77 -3 16 56 -86 63 80 -40 49 -49 -34 -39 -28 -83 75 -6 88 -15 -45 -100 23 38 26 36 98 52 -2 -63 80 -41 -57 48 -77 71 -51 12 82 -59 5 -88 -59 71 94 83 -95 -75 -2 35 -86 -12 -70 93 45 23 64 -60 -48 21 -13 36 -56 -97 53 -86 59 -95 33 44 -24 24 47 -96 -95 86 2 -58 -60 76 -10 86 51 -57 68 74 58 -23 -73 22 97 -90 -14 -54 -73 -100 -17 34 5 96 41 59 -47 -30 70 -55 59 80 43 -6 5 -19 93 43 87 -20 44 94 20 -61 77 -70 -31 -82 40 -70 16 48 -99 55 67 -36 73 -62 -23 63 -18 31 98 -58 -11 -56 -34 33 -41 -45 38 -59 24 5 -75 -84 48 -5 57 2 22 -89 -45 74 84 -72 55 -96 -31 52 73 95 -3 -12 10 27 -14 82 -72 -92 43 -2 -42 68 -93 -50 20 71 -37 -25 72 -1 48 -4 31 92 -78 15 -74 30 57 89 -46 45 -20 -20 18 31 -35 -31 -22 97 84 -65 36 22 -17 -62 99 -60 78 43 -90 -33 -62 35 -92 -87 -99 -60 -50 -91 -43 18 74 -84 25 54 -47 -35 -40 1 -71 71 90 -73 -99 41 -40 40 -52 69 -85 45 6 88 -70 -95 -57 -11 -95 -29 47 79 21 -36 17 22 58 -91 -81 30 27 -32 40 -65 6 1 29 -98 -95 65 86 -97 -60 4 -47 0 20 83 -27 -51 71 95 -82 -35 41 -47 -13 7 99 19 -69 -55 -64 -60 16 -24 55 -38 71 -56 -8 -15 -9 -29 54 15 28 -87 25 -89 24 -89 58 -21 4 84 -23 -74 82 56 3 22 38 53 -65 35 -43 15 -28 -23 50 -53 6 45 -32 63 -18 -59 -53 -81 -8 6 -94 -11 51 93 -88 48 -8 -35 11 95 70 -70 -2 57 -45 -46 -20 79 -36 -16 15 -90 -55 93 50 70 -66 94 32 -79 -38 -6 -57 33 -44 -69 82 -75 34 52 -53 35 -74 -75 12 -49 -100 -44 -73 -27 -44 57 -1 -79 -28 11 72 -16 53 -36 -65 -49 65 -66 -19 95 2 -82 30 60 -70 50 -11 -10 92 -94 -80 -11 29 80 -79 -5 -17 -58 -94 -87 -71 72 -17 41 94 44 81 -14 97 95 5 -62 -61 7 -7 98 -99 -22 -4 31 -99 78 -82 -6 -35 96 68 -8 -25 25 8 -34 -80 -91 2 50 -78 -72 42 13 70 -8 24 28 -75 32 92 60 -33 31 35 -81 -62 -22 1 -90 1 -60 100 90 32 -69 -5 -90 84
20 -9 2 -49 -44 46 48 -61 69 -97 -1 -37 -37 -72 99 -48 41 -54 -39 -39 23 -12 -65 39 25 79 5 -32 -70 62 56 -23 -15 -55 61 42 -9 -58 -17 -76 -94 -6 44 98 38 -69 -98 -1 -34 -62 -28 -67 -99 32 -44 -100 26 28 87 81 -44 -6 -2 33 -22 76 -31 -62 13 89 67 45 -79 48 13 -99 -14 15 -89 -51 -38 62 -88 -1 -52 16 -9 -6 -8 90 31 66 25 96 48 -97 -53 -24 7 -2 30 63 -4 -3 -57 39 -20 58 -2 49 -98 -65 -90 4 -77 -59 18 -73 30 -33 43 -61 28 85 -52 -75 -2 -73 -57 -35 40 32 24 -96 -55 97 -90 43 -8 -78 0 14 65 -3 24 -6 -18 59 49 -76 -45 -81 -28 -58 -40 41 15 -85 -33 80 8 82 100 57 -82 82 -37 -95 -32 -76 30 -48 20 -88 73 35 -28 -25 -53 -25 -63 -11 28 -76 -58 -48 53 -12 57 40 46 -53 87 -99 -98 -86 -98 100 -15 -67 75 89 22 46 -37 59 -64 -82 26 -25 9 -83 13 -96 -94 -86 1 -99 47 2 -58 93 -55 -24 -71 -44 -86 -87 16 44 -69 87 -90 -35 15 84 -16 23 -46 -26 62 -48 19 42 -62 -24 -59 -46 91 -32 56 95 37 22 -54 -7 -73 -3 -10 -74 -52 35 -2 23 99 -98 54 -43 -91 -44 77 78 51 7 68 -100 -56 75 7 -82 -46 -4 -1 -90 -73 -57 57 -32 -9 -56 42 45 -9 -63 -98 -94 37 18 -94 81 49 -91 -15 -73 -83 96 69 -24 -36 -8 59 30 77 14 81 63 -4 -22 -50 -73 79 -55 -30 67 33 91 57 -66 73 29 51 79 79 71 66 -73 -43 -99 90 90 0 -43 38 -55 30 41 -70 61 -59 95 9 30 -61 26 -93 -47 77 93 93 60 -29 -90 26 -93 92 -38 -83 -14 22 99 -5 11 30 -31 8 2 -84 -95 92 -72 39 -41 -86 43 58 79 -76 -3 74 9 50 12 88 50 20 9 -45 -87 -18 19 -88 21 79 -17 -45 -30 38 -25 41 -65 98 -30 94 22 -39 12 35 19 88 -99 -37 -38 87 -60 -27 -37 4 -29 -32 32 -82 48 5 76 -43 -57 -1 -5 40 -22 13 -14 -26 79 43 2 -54 12 69 -89 20 -5 64 -66 -8 -6 -36 78 -33 65 -35 -90 -50 4 -21 -17 87 36 34 69 10 26 -60 -95 4 73 71 93 -58 -96 -37 -48 -43 73 3 -14 -7 -76 79 0 -81 7 83 -100 -67 23 61 -5 -21 -90
64 54 -85 -56 -83 -95 99 8 92 -43 -93 85 -25 34 -58 -32 2 -61 -23 75 32 88 51 21 35 14 -11 66 -76 51 34 37 -1 -41 75 24 -23 38 -4 -81 -53 -36 -34 -28 -49 -28 -50 -18 86 48 -27 63 -99 -10 -2 18 -85 87 87 30 80 32 -54 -56 62 1 -27 69 -16 78 -64 60 -46 37 -91 49 17 -35 100 -34 -64 98 24 24 36 -37 -19 11 88 -20 11 61 -41 71 -32 87 26 -9 -98 43 16 -44 -81 -25 45 7 -76 3 43 -89 -58 -3 -6 38 -12 -15 22 -74 -66 -76 -22 7 17 -12 -88 73 -29 -96 15 14 -54 -93 -16 -34 -72 42 -2 55 -93 53 99 5 88 -5 -77 81 -64 -59 84 52 18 46 -41 -83 93 43 -98 -47 81 79 -45 -97 -33 30 -28 98 -75 -44 55 -35 79 -83 85 11 -95 37 26 53 -49 87 80 -74 71 -22 51 -62 98 80 -62 -20 -70 -72 -83 21 -38 -69 45 91 -15 28 -60 52 -35 42 -73 -5 82 -47 71 59 33 81 13 -42 -44 -63 26 -88 44 -26 23 2 -30 6 -38 -70 51 75 -32 49 89 -33 -63 -78 74 -33 52 86 100 7 -53 -49 65 13 96 57 98 -87 6 65 -71 -21 47 -49 97 -66 99 98 80 -76 -3 33 -60 71 -31 -34 99 2 -38 16 -100 -65 -55 82 14 -22 -100 41 -76 -72 -6 54 -80 37 -34 -87 -85 -61 6 40 7 13 68 50 -30 -74 84 40 -73 -59 33 -5 -62 -43 -45 -26 33 -36 -54 52 91 81 62 -97 84 63 17 -26 -36 -67 -20 19 -44 64 -82 54 15 -16 -3 -32 10 -18 -58 71 -69 19 59 55 43 74 41 -20 45 -42 61 -91 -83 -23 -12 98 -76 19 29 82 7 24 -16 -42 7 -74 -78 97 53 -69 -87 -55 25 -13 -10 13 93 -81 21 -91 21 -2 -58 -36 -72 -83 75 -68 -72 4 -9 39 -81 -39 1 -69 -47 67 34 -75 -1 11 -3 83 65 71 -88 100 76 -7 -36 42 36 -11 -88 61 -45 51 38 -49 72 -12 78 68 -26 -72 91 93 9 -19 3 -81 56 77 73 77 -33 51 -77 3 72 38 -92 -64 73 -19 -99 -15 59 -73 -4 -95 9 -69 20 5 -59 -38 -35 56 13 -51 57 19 -37 3 29 64 -36 -79 -75 -68 -26 70 -10 81 83 -36 -82 81 -17 89 54 -64 -99 24 -28 88 15 -76 -27 81 -30 -1 29 20 -37 -21 80 88 -24 -34 -49 -54 -50 -85
39 -19 -50 11 -17 -56 -49 -13 -71 42 -17 5 9 -42 -37 -51 20 37 -32 91 -15 -66 68 -20 -58 22 57 -57 -64 -6 10 62 -89 10 -81 65 -38 43 -49 -92 -73 18 -17 43 76 68 20 78 -69 -34 -99 -59 29 -34 77 40 -83 98 50 35 -99 -43 31 78 -11 56 -70 -61 42 99 -88 73 -79 32 84 30 67 79 16 100 -31 84 100 -98 7 -23 -82 41 36 -69 78 75 86 -27 45 43 58 16 -53 -93 38 -13 -60 82 39 -71 23 37 24 -55 -13 71 30 3 -39 83 -65 87 23 74 55 17 -48 2 -63 20 -68 38 18 92 90 98 -98 -4 -27 -75 -69 8 87 -89 4 3 -5 -66 -59 8 -87 61 -19 81 62 -62 65 -10 48 9 29 -48 19 77 62 -11 50 77 87 -68 -40 -67 -40 100 72 -61 55 63 61 83 34 -8 -25 61 -90 46 -61 -16 -25 26 92 62 49 70 -52 2 59 -72 3 -57 63 -54 -15 -98 80 -14 -84 97 -91 40 14 -4 65 -5 97 -23 -99 94 -95 -95 0 9 -34 23 45 81 -27 52 -68 48 75 42 -48 35 -76 -67 29 65 100 -97 -95 -26 12 -15 -63 -67 83 -16 -73 58 24 -68 -83 62 55 19 83 -85 58 -20 -45 -23 -79 47 -10 -96 92 25 -72 -15 27 44 61 -7 1 26 43 -53 -62 8 -61 77 -1 9 56 -64 -7 -28 -65 -71 4 69 54 -90 39 48 96 -79 -72 28 100 -97 30 -22 -99 -14 28 -97 -86 -15 -24 -25 -60 -40 -36 -89 -97 -32 -12 52 -79 94 1 -65 35 -3 47 -96 75 -92 -47 -84 46 -74 30 -23 80 -93 91 51 -68 -96 -61 21 34 2 89 -18 33 62 39 50 -45 -50 -92 -40 -69 28 -46 -84 -13 -48 71 -60 50 -42 3 59 -61 65 2 45 4 30 -29 51 -74 40 81 33 -56 -51 10 -68 -74 -3 -97 42 98 -54 -2 -27 -72 -48 -58 -71 93 -65 9 -65 34 -99 54 0 -89 85 70 56 -14 -15 44 96 -51 -84 -100 -19 -14 64 -67 -41 -14 19 -36 -8 69 -12 -88 11 68 -88 7 -30 -29 95 -21 -74 33 -76 9 26 -85 -53 -33 96 -33 80 -11 66 3 -91 95 93 -5 72 47 -56 -5 33 29 -64 70 79 -21 -78 70 76 5 -48 -61 41 -78 86 25 64 -44 -2 82 -97 -1 -73 17 95 -57 9 50 -41 -59 25 87 -85 50 -83 -61 12 -54 0 -12 -100 -9 -99 79 19 98 -40
-30 -25 23 -100 -11 -20 39 -23 -40 16 -90 79 -15 22 27 -72 77 -11 -35 2 64 -91 -42 -44 0 17 -62 -35 80 -69 85 73 -19 51 7 -17 -27 -62 8 -90 30 -22 -80 -66 -52 -89 -92 90 -36 17 -36 84 65 67 -11 50 -95 50 -84 -25 -50 94 98 75 -90 -51 33 -72 -9 5 -13 -10 47 52 -57 74 -11 21 -40 -17 -62 8 44 41 64 82 -27 45 45 -55 66 71 -70 -64 -93 -13 85 6 54 32 61 -11 60 6 50 -36 21 -66 62 -23 53 70 -33 -68 99 -24 6 -27 95 70 -80 8 -84 85 -53 -61 -94 90 -19 54 -19 -31 -94 64 -39 96 4 66 32 -93 -44 68 -79 15 69 13 55 34 41 -51 66 -24 -5 18 54 75 44 -87 12 10 70 32 -65 43 44 -97 -59 69 6 -5 -46 -15 72 50 -73 96 -89 -85 -54 53 -65 -43 54 45 -77 -97 -1 -86 83 35 95 11 -45 -16 -18 12 -12 -74 -42 60 38 57 28 -12 24 36 39 -68 94 -73 -91 81 96 46 -46 -59 38 81 52 71 39 90 39 -23 -41 -14 36 93 84 94 33 0 26 32 -33 78 41 -71 -82 -66 -6 1 -1 -72 53 3 -69 18 65 -10 9 97 30 -36 -80 66 -32 -72 -92 -55 -10 -16 -11 3 54 81 -10 -3 99 -28 58 -72 -56 58 -51 -97 35 47 -25 63 35 -2 -60 -76 35 27 -10 -76 36 81 -90 83 79 70 -28 62 77 -54 -42 89 63 78 -77 74 24 -80 -31 -92 10 -85 14 -44 -86 63 85 72 83 -80 17 26 21 -73 49 28 -18 0 -56 -24 91 74 73 -48 39 63 72 -40 27 -70 57 -100 -84 -99 -69 -32 72 -69 -21 35 1 65 94 76 54 -35 17 -13 -65 -89 -19 78 -5 -49 -97 14 9 -11 -33 -8 -10 76 16 -72 -67 47 46 -44 -27 -38 -3 96 -30 2 -56 4 75 -9 -42 12 91 -92 52 -59 -67 -52 68 -22 57 -82 49 -54 2 -59 -52 -61 -79 -70 27 -51 76 -35 99 55 19 -67 -49 88 14 15 -66 -6 11 -23 7 -91 -15 -93 34 -30 82 -60 -91 -16 85 82 74 56 -45 -24 -6 37 65 -32 -63 41 -75 -70 -66 -46 -16 15 -16 -44 -85 -2 27 16 -48 -26 70 79 45 -3 43 89 -29 10 -25 -86 51 -44 -35 -83 38 12 90 21 34 87 -23 43 -95 74 -41 -33 -75 -9 -22 -13 1 53 50 -20 70 -33 93 -39 56 -9 -83 -60
66 -17 7 -44 54 40 21 32 42 90 -89 -5 18 27 -49 37 -58 64 -12 -56 -39 76 75 -53 63 69 69 8 -71 21 67 66 -89 -31 1 52 44 -20 27 -73 -33 -25 14 -82 76 -47 -39 79 56 -2 33 -84 28 -69 -46 86 -66 57 64 -12 -88 71 11 -91 12 -88 78 28 -75 78 -27 92 25 -87 -95 68 -42 -88 -66 -52 72 11 -23 66 -53 60 79 91 81 95 98 9 43 91 85 63 -57 -79 -12 -89 -41 -54 -33 -51 33 97 99 41 -97 -28 100 -96 24 -56 -100 7 59 -91 75 33 -94 -53 41 77 95 72 -85 -42 -85 4 -13 49 -19 12 74 -40 -11 -14 35 -68 -53 37 -47 -93 72 48 81 -39 92 -60 79 -65 -45 8 -85 30 -35 64 15 -31 -69 6 -84 -88 42 -43 -56 -27 7 68 43 -59 -44 12 -81 17 32 93 -56 71 -66 -56 -58 23 28 21 -44 38 -7 80 -72 24 -92 9 24 -61 -60 79 -80 32 49 21 -55 -99 -60 32 42 -21 -44 2 -8 -13 39 -72 90 21 -62 52 -95 11 87 -82 -52 22 -72 40 67 72 -19 42 8 -50 57 43 -65 66 50 60 -52 -50 -58 72 55 62 60 70 24 -57 -38 3 -68 39 36 -49 -4 -24 -93 -1 50 92 -95 99 -54 -85 -88 21 67 44 -5 -4 -61 46 58 99 20 42 9 -72 14 -4 -61 -50 64 68 12 3 67 -61 51 3 80 -54 -94 6 8 43 -29 26 -19 -71 46 47 4 -36 38 -48 38 -30 -24 -15 -31 -17 -18 -54 100 31 20 73 -8 -85 -88 76 37 -97 -22 -26 86 40 72 -34 71 21 26 -59 -81 85 85 -36 58 -76 9 -94 79 33 79 -38 -41 -69 98 78 49 13 -8 -81 -32 48 8 -79 46 -20 -78 20 26 -18 -12 -15 42 42 -17 87 48 -15 -55 86 36 64 -34 -6 41 -43 6 82 44 12 -100 -6 87 -58 -22 -78 -15 52 -18 -62 -60 -25 -27 3 -17 30 -83 -42 10 -72 -13 11 -28 -53 -72 79 96 -41 -79 50 -86 -76 -95 62 36 -38 15 75 -72 80 41 -54 63 86 -28 51 -55 -79 -99 -35 58 -71 48 22 21 -65 16 10 -74 24 -60 23 -90 10 24 -40 -76 -91 90 -38 18 -60 -28 -99 38 30 -49 12 -4 -74 -7 -3 49 24 -10 12 -21 72 27 -88 -11 0 -95 -40 -56 46 -86 49 -72 37 28 39 -93 -38 44 94 84 13 39 -11 71 52 62 83 -64 44
-3 -98 82 -7 7 76 23 23 41 70 -65 -92 -39 -46 42 -56 -25 91 -53 19 73 -36 57 -8 -57 44 -26 -64 63 -44 92 -100 66 -37 -86 -30 -17 70 94 -99 -57 -43 68 -13 97 45 37 41 -41 16 20 52 -46 69 57 95 -32 71 -92 21 -22 40 -67 -2 -46 51 -79 73 3 31 22 -15 -42 -32 -100 -59 -32 -30 -42 -16 -87 -23 -39 -77 99 95 32 62 -36 -26 77 -96 -40 -75 71 90 -71 -57 -14 34 67 -42 -94 -38 -21 26 -58 -63 -66 -27 67 37 81 19 -24 38 -74 36 -71 -26 -81 -70 -14 -98 -40 -85 -99 -47 -55 -89 47 5 -46 8 -23 63 -40 75 -84 81 4 -12 77 -53 46 -19 14 -73 36 -71 74 72 57 -60 4 35 -36 -23 99 -45 -84 -94 -14 -23 12 -1 41 -61 92 -56 63 45 -31 74 23 -28 -98 -21 96 58 72 -30 100 14 -59 40 -17 5 -77 50 -31 78 -15 -33 -16 -88 -68 8 -3 78 -23 -77 -39 97 -1 -83 -50 33 -80 85 -82 63 -94 66 -55 49 59 81 -21 -22 5 51 49 96 -4 82 85 59 24 59 -4 -39 -69 28 18 -63 0 -95 -5 -39 76 -79 67 -19 -11 -67 -31 91 54 -51 -37 47 86 -27 57 -48 36 46 14 17 81 95 79 -52 72 -45 5 74 27 81 -5 -17 52 0 20 24 -71 83 -4 -51 -52 -31 -55 39 5 49 45 20 99 -56 -40 -63 -12 7 -68 -60 11 69 35 -35 -19 -74 -40 64 -50 35 -17 12 -41 35 68 -76 47 41 -90 70 -92 88 -85 -50 99 82 21 -26 93 -54 -67 -10 -73 51 -46 42 75 23 86 -66 -65 -44 90 79 -84 -65 -99 -75 -66 27 7 83 -65 7 43 -12 -58 100 -16 84 -67 -60 -74 94 -4 70 -20 53 -88 -41 64 9 -9 80 74 3 29 -90 17 -72 -53 63 -19 -7 32 -71 -14 -77 49 -24 -66 34 79 -37 27 82 -94 -92 -20 1 88 79 -89 79 -8 62 -12 -4 85 20 33 -16 -22 -60 -60 -83 -83 -95 31 -81 17 74 -51 -81 43 -30 37 -32 -53 -12 7 -70 57 30 -65 -2 -12 -83 94 -73 93 -91 -27 -84 -26 -92 11 -48 -73 -16 -91 -98 51 45 79 35 9 63 -78 -61 37 28 80 -53 99 6 27 32 95 -32 10 92 49 14 -85 74 -30 30 -64 -7 -85 97 -61 -65 -17 -91 33 33 81 61 -23 -1 21 -32 -75 61 93 -1 89 97 -15 60 -80 -78
30 12 78 -62 -8 -17 71 -96 -36 -3 -28 17 50 42 45 -90 97 65 -56 45 -41 -51 -37 -42 91 7 -87 92 43 13 86 71 -9 -86 100 91 -70 -11 -74 65 -39 -57 87 55 35 79 99 -83 12 74 23 89 -69 -14 -75 86 -69 64 22 78 53 -43 19 10 -88 59 -93 61 -31 -40 72 79 -52 59 -10 -5 -78 -95 9 -49 -76 74 87 -69 -86 -39 26 32 58 5 29 81 -94 36 -100 70 -97 14 85 -56 -47 19 -86 -22 -24 69 -67 73 28 87 90 100 -19 0 49 89 -44 95 22 40 89 91 -43 58 -49 -7 7 -12 40 -52 -34 53 49 64 -59 78 -99 -97 -31 35 -71 100 -32 -90 -81 47 -35 58 -89 27 -99 43 96 -24 -52 47 -62 -56 76 -31 -46 -2 27 6 -54 -74 -30 55 97 -80 -56 88 -87 28 100 -58 52 63 -49 21 42 43 20 98 -10 -50 -98 -45 4 -79 -6 -86 56 -94 36 -58 -96 35 -94 -9 -26 -69 58 77 -71 -40 73 56 76 4 27 -54 -40 -81 40 41 -54 -48 85 72 -23 -92 -62 97 35 -41 74 -88 72 95 33 -47 -17 -36 43 13 -34 -28 -53 84 17 -95 92 63 28 71 -4 67 89 -32 37 -67 -46 -13 72 14 -62 23 -46 12 54 -62 -80 98 -63 -65 -61 96 43 -85 -99 87 -58 16 -12 57 -44 58 82 -80 -49 94 -39 18 -36 12 -91 66 53 51 -51 -42 -86 49 -55 -43 -36 -50 28 40 -53 -95 82 -98 35 65 -75 39 -32 -71 -61 32 36 -68 -31 -64 20 -70 -61 62 -50 -58 -85 62 47 -20 -86 9 53 100 -15 78 -57 41 -91 -54 14 87 66 -18 49 45 88 -53 17 70 64 -72 -44 -13 -68 46 -2 66 93 -26 51 -3 71 43 -45 45 -8 -97 72 88 93 50 -91 9 5 80 -93 97 81 10 98 46 79 -38 -7 -57 -12 88 -1 74 91 -43 28 81 54 -12 -83 57 -30 95 -32 39 71 27 -43 -32 -87 -66 -46 24 65 90 56 -23 69 47 8 43 68 -77 41 -54 79 -34 -18 37 -59 -24 67 96 48 2 70 41 94 -42 -89 -36 50 -80 5 -57 90 12 47 -47 -95 25 76 -55 -77 -23 -7 52 27 27 -12 -46 -80 -22 87 53 42 -4 -55 82 81 21 58 -56 -2 46 66 -7 26 -84 -13 -15 -77 -21 -12 -65 -25 -45 96 -80 50 -69 91 24 76 -87 -54 -26 -73 -30 4 65 38 49 -50 -79 43 -13
-68 45 -44 -68 -34 -100 74 91 2 47 32 39 2 27 -50 -89 47 55 38 65 -90 95 -6 25 85 82 -47 -68 94 31 -93 -29 -1 -14 -50 -34 53 -33 61 39 74 5 -13 -66 48 -28 76 -12 -39 -27 -81 85 83 -40 -36 -60 -71 75 16 91 50 -25 61 69 42 41 57 44 -21 -27 -52 71 45 72 89 84 -100 0 99 19 9 54 -65 39 -4 0 -10 36 79 -85 15 66 -29 69 -55 76 70 17 58 -66 -59 -85 -1 -38 36 -40 -57 -53 36 -20 -39 84 -20 -27 -10 55 -52 -8 -72 -64 -59 -57 37 -85 -30 27 22 2 74 17 53 51 -2 -84 4 -52 91 85 11 68 70 -29 54 -40 56 -41 -16 69 78 -58 13 29 -19 -21 -66 68 -83 -68 -84 2 -37 -51 -38 7 47 -96 14 -88 99 -96 76 -57 46 -51 72 52 -70 54 99 27 -97 -53 -81 82 83 89 -72 91 36 80 12 -49 27 -86 -85 -27 26 -21 -80 44 95 -41 44 -45 2 60 -96 14 -78 -50 -74 -38 87 40 -47 77 82 -43 32 49 -92 -86 -68 15 93 -68 -66 9 -45 4 77 -62 -30 36 65 53 20 98 -18 26 -5 -86 -6 49 -55 -39 71 38 74 -45 -52 0 71 84 40 -34 -42 -81 -20 -100 -5 26 98 6 61 58 -25 92 -29 -88 0 21 -87 -77 26 -83 63 42 -55 72 31 -21 -4 -85 59 89 45 -6 -93 55 2 50 -50 -1 -19 27 2 -59 -98 78 67 62 38 -26 -81 -97 -34 -66 -61 58 86 69 84 -77 86 -31 57 -62 16 63 62 -43 28 -83 -51 -96 52 -37 81 20 -86 -16 -72 47 59 16 70 -35 -54 -92 -27 32 -16 37 46 92 -96 -4 95 100 34 -81 -28 -60 -52 -99 -48 75 -74 21 23 57 -56 -54 -85 36 67 76 91 85 -66 9 -57 -14 -35 -83 29 13 -9 96 71 -9 69 13 84 80 30 -54 -35 46 -43 39 9 -93 53 -34 19 5 74 7 71 -76 52 -78 -63 85 -72 -39 92 57 87 -99 36 -94 82 55 -67 47 35 -55 -63 -31 -1 -15 -72 -5 52 -20 64 18 -92 -81 -99 96 -61 -81 94 -47 63 -96 -54 41 35 4 83 -11 -56 73 69 -18 -68 89 12 -99 -73 -26 -1 14 -86 3 56 -72 -85 -96 58 -57 -19 -74 -39 9 -37 -46 22 -88 -88 93 4 22 21 71 -54 61 -52 62 65 -79 96 -80 12 -95 17 14 84 -25 -35 96 69 -45 -10 88
-18 -17 21 -36 66 61 25 2 20 16 58 75 -35 -34 87 18 75 78 49 -32 52 -50 -75 -21 1 -97 84 49 -85 -4 -7 87 -75 -75 -66 -2 -27 75 70 -22 20 3 -76 89 100 30 68 19 -15 46 0 99 -23 -100 55 -82 -13 -1 -1 -59 -71 87 -70 -38 71 -83 -74 16 -38 94 68 56 -65 -21 41 37 -57 43 -65 -87 -19 -37 -90 37 -40 -39 -69 22 8 79 -11 92 -58 -56 -73 -88 72 -67 -94 98 74 -79 -91 83 90 95 -49 -79 24 84 -86 -6 -40 -40 98 38 91 -5 -19 19 60 -69 45 4 -92 70 10 22 -90 -60 -12 70 58 -22 -15 42 58 45 10 30 55 51 79 -63 -30 67 -27 -72 -8 27 -98 34 -81 -73 68 18 41 -14 -69 72 -17 10 50 26 -15 -41 -16 -25 -3 66 59 20 17 53 -42 15 37 6 -57 96 -35 -51 60 -73 30 -18 19 81 -51 74 70 76 -55 26 -95 89 -48 -100 34 93 62 14 -82 6 -98 97 -74 -59 -25 -44 -10 42 18 -27 -41 85 -56 -94 98 -31 55 39 19 76 27 -57 -78 35 98 -49 -26 94 -31 49 -7 60 67 -8 -80 -12 99 -86 -48 -92 68 -82 66 -2 19 81 74 90 -95 -80 96 -50 30 24 78 21 -92 79 -82 -63 -21 55 57 -21 11 -15 91 -35 39 -19 23 -85 56 -56 -26 -27 64 36 93 -46 -49 24 -75 2 -98 -25 -100 38 -52 -74 -93 14 -81 -21 84 -65 -89 -62 -19 -15 32 -35 -70 48 98 -24 78 13 10 -32 -69 -42 96 61 -82 61 -15 65 -55 85 40 -24 -3 -57 -36 -43 -87 -16 66 31 61 80 44 62 33 61 -65 76 52 22 -89 -84 -15 -49 83 -27 -30 -3 -82 -87 -53 -5 -13 70 86 -49 79 62 -81 -16 -69 -37 -98 83 70 70 -78 -20 -75 62 53 6 31 62 53 47 35 -60 21 -78 -35 72 61 -87 42 14 -27 4 -98 -4 60 -48 -14 -14 47 -57 39 29 52 -79 -8 -90 -38 67 -40 42 -40 58 69 -58 30 -67 62 -24 57 26 40 35 40 5 -57 86 37 -26 -53 -48 -65 -24 39 -85 -50 -50 -9 26 -97 -50 -99 -69 69 80 38 60 -79 22 0 -60 51 15 -43 -45 93 77 -4 29 -92 -71 77 38 89 -86 10 -16 29 -93 65 71 56 32 -23 33 28 93 78 54 -48 -75 -14 39 -41 52 -8 -52 -88 37 33 -76 -88 -37 50 26 11 2 66 -68 -62 53
58 74 73 -16 63 -80 -10 33 48 84 48 -88 85 -24 33 82 -92 -80 -14 72 85 -70 -28 18 55 70 20 78 -49 5 14 -60 39 96 -7 43 74 4 77 -90 52 -57 64 40 52 46 67 -64 -80 46 -30 70 -47 -45 82 -98 39 73 66 -3 -79 54 42 53 -30 100 9 -47 -92 -56 71 88 100 92 -61 97 -8 -3 -37 52 71 -14 72 -87 52 -99 -39 -33 -88 -53 39 98 69 25 40 -65 27 8 -14 76 77 -30 -63 -61 -73 15 27 -49 -60 -35 47 10 21 63 -27 36 18 -92 85 -39 -45 93 -56 13 8 91 63 65 -90 -21 54 -82 -3 76 93 -17 95 98 50 94 -13 11 58 96 34 87 -79 28 -63 -51 74 -20 -48 0 -89 -7 -29 -36 -5 54 60 38 -56 -70 64 80 -58 99 41 6 28 -75 -83 -2 -80 18 -45 47 58 37 79 -3 -30 -67 -85 -33 -39 41 55 -100 -22 -30 17 100 -75 85 55 -84 27 95 -52 91 -10 66 -84 -44 -82 -74 -58 -98 39 -73 -5 -2 -34 -89 -9 7 1 -39 -11 35 -53 95 -34 36 35 -60 -3 67 16 -19 -62 -17 86 -43 -28 -85 66 30 93 -15 41 74 74 -37 67 80 37 -67 -43 54 -1 63 31 -58 -21 -43 -15 25 -10 70 -70 -69 51 50 87 -88 46 -10 -74 5 86 -55 -50 -93 49 24 -8 -64 -19 0 6 -28 -10 -3 -57 -31 61 36 15 53 -12 43 46 33 46 -89 56 11 91 -60 80 -11 -59 -1 9 -35 73 59 27 -40 72 95 41 -83 -25 -45 3 -33 41 -63 -73 -80 -12 12 78 -30 49 42 6 52 -72 78 -78 76 43 -36 44 70 26 -27 64 -3 48 15 -52 -36 57 -62 44 1 -48 37 2 30 -36 83 -48 -67 17 61 92 -91 -33 -6 87 -80 -67 44 22 -26 96 -46 44 -57 14 67 -51 -25 93 -17 -23 -82 -98 -64 -50 79 27 -91 -93 -2 5 46 83 -98 52 10 20 23 -40 40 -59 83 5 -83 67 -31 55 -80 32 68 16 65 13 -88 -52 -83 73 -69 -96 98 26 21 -15 61 -40 -3 -100 47 -26 37 -37 31 -43 -62 -21 38 95 12 76 47 52 49 -90 -42 52 72 81 6 22 -44 -54 93 -70 13 30 -63 90 13 83 -65 94 2 -60 -14 -3 -100 -56 40 13 97 69 -36 28 -19 -14 -99 -19 -75 39 -5 21 69 51 -72 36 4 -39 -42 -29 -11 15 39 -63 7 27 -95 -82 72
65 68 -29 54 62 -42 -97 -17 84 51 -89 -65 66 -77 91 -72 47 20 -5 -83 -99 41 -7 73 -23 69 56 19 -8 -14 73 -41 -38 -70 -95 60 55 95 -8 -75 -2 14 12 -2 -48 44 58 33 96 12 -37 -69 -84 -72 22 -63 22 -58 -8 -79 51 -70 -89 -54 -34 -54 32 8 11 -12 13 95 -68 -19 -39 2 17 76 -96 9 -5 6 93 73 94 -9 88 56 -1 -67 -88 80 -6 -32 -11 -13 -62 -28 8 -61 12 91 33 44 -32 -36 -77 -45 -71 -28 -18 -87 -24 -10 1 -91 83 -7 -89 -72 31 -61 -79 27 -25 -52 -79 10 31 -79 -39 69 -22 -17 -20 -60 -54 -49 -39 -97 70 -66 -62 48 80 62 58 -90 -46 -35 84 26 17 -22 35 39 -77 -74 58 82 -78 78 67 -94 -71 -40 -81 0 -41 21 -61 -87 -57 -80 -48 -20 -16 -97 -34 82 39 -45 -68 41 29 -64 90 60 -92 92 47 -27 -4 25 82 -34 44 -79 -14 81 -98 3 -66 8 -37 97 -21 -80 97 -91 87 -43 -91 -72 40 0 -50 -60 -15 -62 40 -29 -79 -69 -58 59 52 -25 -6 -91 -72 76 -80 -83 -57 -53 -80 31 4 -20 90 31 53 -48 -96 -7 15 32 -34 -19 -28 92 16 -73 4 -90 74 61 6 5 9 96 -13 -15 10 -39 -88 -41 -85 -1 17 -6 73 -49 -58 62 -96 -88 2 84 -88 -9 49 94 -65 93 -80 -52 73 -41 37 6 79 -57 47 -17 20 88 46 -79 47 -14 81 -37 73 43 7 -64 63 -23 -63 92 78 -63 44 93 9 80 -71 -69 17 -63 -67 54 -64 42 66 92 78 -61 -86 84 84 80 70 35 95 6 -35 -76 24 93 49 85 -9 -15 11 85 84 71 19 88 57 26 53 -44 -99 80 -21 -62 46 -25 -27 18 -50 53 -71 10 -98 -70 98 -34 93 69 -90 -58 -44 -3 -41 -54 91 34 -89 -47 -46 44 -49 10 -97 16 -54 41 -80 -74 10 98 32 -60 90 73 34 -92 14 -71 25 86 -62 17 -90 63 -61 -28 33 -85 53 -72 73 37 -4 -54 -60 65 -27 -5 -53 -68 -57 54 -91 24 -23 36 90 -67 62 71 -36 -31 0 18 -70 -51 39 12 55 33 -89 83 77 30 -30 22 79 -58 93 -55 -83 -96 -29 66 92 39 76 41 40 -65 -5 -3 61 12 -72 1 -45 48 -21 -85 60 26 -96 -37 -76 -93 -80 99 -19 86 -53 -44 -49 75 87 90 50 -23 -42 62 -97 33 81 -58
89 62 0 78 -67 -7 -18 -21 25 74 -7 79 -37 -21 13 94 -7 -69 31 -33 -11 -68 47 37 13 36 -80 -22 67 -81 -34 -67 -42 0 94 81 26 97 57 34 -36 59 23 6 -28 -91 18 77 69 -98 -63 42 -2 -42 67 -53 -23 -83 -26 -83 67 48 16 -81 72 69 38 -11 28 76 23 -44 -78 -50 -65 -17 11 -27 -25 95 -17 68 34 71 14 -66 -56 5 -98 -60 30 -84 -67 24 31 64 19 47 -55 50 37 56 -2 -79 33 -22 -1 -93 58 -5 86 -4 -52 -15 41 -29 -43 61 -56 90 52 83 81 38 -33 56 -58 89 33 -56 12 -100 -42 40 -97 -51 21 16 6 18 93 -53 -13 -84 -45 -60 41 41 -49 -70 83 -41 -67 -2 33 69 90 -32 82 -77 -80 -86 -3 29 8 92 54 -1 53 81 75 32 94 -94 67 -39 1 -54 4 40 -25 65 -59 25 -85 83 95 -62 -45 97 -93 -2 -69 2 36 67 -97 89 86 56 -93 -73 90 -10 -85 -81 47 5 93 39 -39 66 28 23 -16 -12 85 26 65 0 94 -28 0 67 -71 69 -57 -5 69 18 -66 89 -66 55 96 -86 -58 -44 16 100 -16 -37 55 -38 95 26 86 -16 -15 30 -53 -64 66 -21 -64 36 90 32 -33 -34 -43 78 -14 -14 -17 -3 40 -98 -16 -83 86 17 -74 -45 -36 71 -65 81 -53 -83 48 79 -41 2 -51 79 -63 0 -69 -3 95 -10 -70 85 -82 32 -7 -21 -75 42 17 -11 26 -9 18 -94 34 -27 -65 -91 -56 -2 -50 64 -31 -26 -75 -60 -54 46 -23 90 -40 90 50 32 -49 -79 97 15 -76 -91 -50 -95 -84 -76 -65 25 -61 -56 74 -83 -61 52 11 47 68 96 94 -33 -3 52 35 88 67 -44 8 -60 -34 85 39 -45 -87 -39 12 -8 50 -67 -46 -7 58 54 -96 -88 -24 -29 21 91 -94 -39 -10 -52 96 -4 30 -40 73 94 56 -81 -14 -29 94 50 64 86 53 96 -73 86 -58 -76 100 93 82 -47 -89 3 -54 58 -97 -78 12 -59 -19 -31 -39 -77 -10 49 -12 -62 -29 -55 -71 -55 57 97 52 -34 -34 -41 -58 -42 -38 0 -63 -91 61 75 -25 56 -45 78 98 51 89 -28 63 2 80 91 72 19 65 -36 -59 -31 -2 -89 -50 34 65 73 -59 -91 -85 3 -1 30 67 32 -6 -99 20 13 -3 18 44 22 16 -68 17 -17 30 -26 51 -100 89 -20 47 -13 71 77 -10 26 83 -20 90 99
-53 76 12 11 43 -8 66 55 -64 29 -76 56 -47 -72 66 51 81 40 -69 89 1 62 -70 6 -15 -60 47 -71 -95 32 33 16 75 36 63 -88 -42 -23 -78 -62 -10 20 -1 -75 -15 31 83 80 -44 -76 -48 33 51 65 100 90 -97 44 27 -44 -36 83 -5 -34 79 78 68 24 -12 50 -70 -69 69 -80 -92 85 98 45 63 80 3 -1 -97 -69 65 -8 94 73 64 25 32 92 -56 76 63 14 72 35 -18 -37 19 86 -7 20 -32 -64 -66 29 -99 -61 -44 -91 94 -69 -52 -49 -70 -49 28 85 -15 29 -65 23 100 -22 -100 76 -55 32 45 -30 10 31 38 76 95 -55 33 -76 -77 -24 66 42 91 47 69 26 -52 -5 -5 -41 -5 66 84 -71 -1 -35 12 -81 -14 -43 99 -98 94 -39 39 19 -57 15 -66 -23 64 9 9 16 75 48 -44 16 82 77 85 -68 28 56 -3 3 -29 17 -5 -91 -76 19 0 -93 74 80 30 -53 -61 57 -20 -11 96 4 31 51 1 75 4 55 11 -84 -76 -38 100 -73 96 73 64 -64 48 -43 1 -25 28 -48 -23 -36 58 -2 71 96 -96 27 -71 61 74 -21 -30 57 -16 -39 59 74 -18 -58 -15 14 -97 90 -67 33 81 14 46 -46 -71 86 54 -54 -18 36 -5 -93 49 7 37 15 -16 23 41 76 97 12 44 -82 -74 -3 33 56 71 -33 -53 52 -98 19 66 14 -60 -50 -22 29 -60 -33 97 30 -90 -5 -85 83 23 62 -98 36 -3 -38 -18 -19 100 -31 99 4 -38 48 62 -65 56 93 -98 71 100 -9 55 48 -76 -39 30 -78 -7 -86 -12 56 25 -11 -41 24 -15 13 -42 3 15 86 82 -51 85 44 -40 48 52 46 47 74 -22 -86 43 -34 30 96 8 49 48 35 25 57 -48 -44 -73 -25 7 -80 -33 30 90 84 11 20 78 38 -10 -76 -17 -36 35 -53 51 -56 99 -16 -84 50 -40 -52 -56 -51 -43 73 16 -95 -1 77 -98 4 -8 29 -49 20 96 -59 -53 -6 58 -33 77 4 -34 -4 6 -79 89 -87 -9 32 94 -25 41 -51 -79 12 -8 81 96 -90 10 59 85 61 -9 96 89 -17 -88 33 -73 52 42 -44 16 -22 91 -56 86 15 68 71 38 16 12 -31 -88 62 49 77 -7 -75 -1 -90 56 -47 -68 -28 -38 -93 -35 99 72 -57 88 -30 69 75 13 62 61 84 -25 -9 -5 81 25 22 9 -37 74 64 -42 52 25 -52
-77 -53 79 89 -58 -28 -98 -15 26 53 -88 -95 75 -88 91 95 46 -15 52 -64 21 60 65 -18 3 75 -87 82 -85 91 -92 -68 -44 -81 -47 -47 -38 -32 86 82 -48 34 45 -70 66 -59 23 22 2 38 7 92 44 -24 -13 47 -99 -31 26 -31 -39 19 45 -38 89 -73 45 -77 -8 -36 64 33 -68 -48 38 -72 -79 17 -10 58 -77 -13 -76 68 88 -36 -63 -87 -49 -51 14 -65 -4 -46 -95 -62 59 -35 -54 56 -32 80 -31 95 -13 8 -72 24 -28 90 -33 -80 1 -97 -8 -50 68 74 -51 34 -72 98 -24 -36 16 -18 72 17 54 -91 -93 23 92 -39 -48 40 41 48 93 -24 73 42 -33 -23 -56 50 -96 -29 -65 23 -90 8 7 -41 22 -65 -89 -55 -9 -32 7 -7 -4 -17 -89 -23 -47 81 -91 35 -6 94 22 22 39 -65 42 -46 71 -90 34 81 53 -66 -74 -79 66 -3 91 -90 8 75 98 35 -93 -81 -12 31 33 -24 8 -62 45 77 -90 -3 4 -56 93 83 -73 -9 83 -54 70 33 63 70 -85 61 43 -27 -61 -97 84 4 57 -50 20 86 -64 20 -91 100 73 7 -64 69 72 47 -79 -91 -55 -67 58 -22 -8 59 -84 66 -57 30 -76 -26 -44 -42 -20 -90 61 -13 -56 93 -20 -8 28 52 -92 -46 24 96 -35 -57 11 14 4 7 78 -33 4 7 -87 99 41 -66 -72 -83 -17 76 27 -7 13 10 -26 -24 9 -55 75 -72 -85 58 73 -99 78 -5 91 -16 -57 -81 53 98 92 -43 36 -97 -76 12 -65 17 -11 -32 -40 45 -23 -66 52 72 -53 96 11 2 -42 -36 -20 -75 -64 -35 -3 80 -90 -84 22 14 56 34 -57 -7 6 96 43 -54 -15 35 78 -9 -45 -53 -87 -72 30 55 -91 -51 -25 66 -62 6 25 85 81 71 -7 -7 -19 62 40 13 -8 -48 18 -32 -59 70 86 -5 -46 -68 6 -60 -24 -100 -6 19 14 -14 76 -55 72 8 -61 -27 -86 88 -61 -83 -27 16 -96 30 -53 -56 22 -97 74 51 -92 -30 59 -60 62 -16 -34 70 32 -38 -58 39 -80 -6 91 -82 96 7 30 -47 73 18 -74 -95 51 -2 88 -12 93 8 -36 49 -74 73 95 89 60 -41 -71 -99 -46 1 -68 -50 -4 -12 -80 17 59 -66 34 76 51 -13 -51 29 -30 13 86 72 26 -68 -55 41 -39 18 -36 59 -71 -88 56 42 56 33 81 51 100 -98 82 -98 -64 -24 12 67 2 40
-28 39 76 80 63 37 74 -70 18 -4 -94 -99 -97 -20 80 37 31 -5 37 -63 28 -33 38 80 -69 15 -11 36 -94 87 -40 -30 50 37 -72 -95 87 16 -3 1 82 -5 -79 75 -92 -81 79 -91 16 93 -40 -65 21 -49 -63 -49 43 72 55 8 54 -79 12 -48 -20 31 30 -30 -46 -77 -39 100 79 -92 -16 -45 25 -84 92 -19 -87 18 -72 69 33 -30 88 -14 -43 -49 39 -7 -43 -59 -78 -56 63 76 26 47 45 38 89 -100 91 21 -67 48 -13 -24 -62 -32 79 12 9 33 -63 77 7 39 90 -27 11 -72 -49 -5 -12 -86 -11 9 -13 57 -19 -36 17 -50 23 81 46 21 28 78 -4 64 4 49 -43 4 -34 99 -83 87 54 -21 96 -15 47 10 62 -95 24 -2 -29 2 -62 39 -15 38 -94 -12 -64 -100 80 54 50 93 -83 43 -52 -95 9 5 24 -85 -52 63 -54 18 -92 2 -53 -24 -68 66 50 -96 -86 85 12 36 -26 -4 -89 -93 98 91 -5 49 -89 -92 -1 -13 -62 34 40 76 41 72 -64 94 99 -98 -81 61 19 -64 55 -18 64 35 55 77 9 6 -22 -23 -26 76 -75 -44 98 -1 23 -22 74 89 -39 65 -7 -38 -98 58 -99 70 34 -29 16 58 -55 -87 75 77 -64 56 -17 -34 -81 -75 30 72 -50 41 11 31 62 -91 -73 22 62 -31 -80 86 21 -20 -5 20 -73 -44 21 12 -82 37 15 46 -93 -18 -51 -29 -9 75 -1 -56 36 -13 -17 33 79 4 -67 -52 30 -55 14 31 23 10 60 18 93 -31 75 16 30 41 -85 -78 -15 -15 -41 18 -47 50 2 -53 -81 -66 23 -84 -53 75 -35 -6 66 80 37 -94 -90 73 -63 -76 -38 -85 5 20 -7 76 -63 -12 -64 6 -6 -2 -29 15 93 9 -79 -95 -51 -74 67 93 -16 -8 -40 100 -32 17 93 57 -65 -60 -26 43 26 1 -28 23 54 24 -24 -95 36 53 29 -82 -22 -44 70 -70 -34 -66 -64 -23 -10 -30 41 -84 38 22 61 -80 95 -51 69 9 32 -56 44 -86 51 -68 32 -65 -79 17 79 40 -34 -30 17 -78 -59 41 30 -46 54 11 17 -31 53 -99 96 -51 5 -68 -87 52 -56 -12 -13 43 -34 -98 54 -35 -41 -18 -53 23 -65 99 43 45 -51 -65 -1 -96 -65 -63 66 -33 73 -94 -96 -15 67 39 -25 47 -98 -74 -40 95 -33 -28 39 28 60 -96 10 14 -96 55 -98 -93 15 22 73 -78
25 44 17 -42 -51 -37 69 95 -83 -59 -20 96 -44 -57 -42 70 41 45 -23 36 -21 -24 43 39 28 -8 -90 -80 -19 30 88 57 1 46 81 -100 -17 31 20 87 51 70 -13 -57 -38 -84 -60 -28 56 10 -99 48 -38 34 31 -20 62 -56 43 -32 95 -50 29 -43 70 32 18 -17 -69 68 74 -96 73 -54 -74 45 -36 -10 78 91 -60 -62 -6 -24 -38 94 82 -51 52 -8 -6 31 -23 -87 65 70 96 18 80 21 10 -65 78 -57 12 -97 -7 51 27 86 52 -27 -23 64 -28 65 55 -35 71 49 55 56 -16 95 -100 15 -17 -77 -24 -94 89 36 32 34 -97 -97 -19 -8 12 -78 -43 92 15 51 -59 83 75 55 -100 -47 30 -99 32 -48 60 48 86 -95 79 62 81 61 10 0 -54 85 86 -6 79 3 36 69 -59 -61 53 -35 3 -61 2 7 -97 43 -80 58 -8 67 -66 -15 -56 100 7 -84 0 -79 100 54 78 63 48 19 -52 52 1 97 -17 5 58 -57 63 16 -87 -71 40 -8 -81 -24 -62 3 -18 -18 -51 -90 50 57 43 -19 -70 -12 75 -85 45 96 -25 -84 -14 18 -61 19 57 52 48 76 -5 -74 -6 -38 -33 -79 85 -47 -21 93 -27 -1 -76 77 -11 92 37 12 -77 18 21 15 -66 -57 55 -90 80 88 97 16 -83 9 62 0 -15 92 -75 -76 -54 -90 57 100 -34 53 96 13 78 -27 -99 -55 77 -83 -29 16 87 42 -61 -70 -45 12 0 -100 -41 -79 -97 90 10 -61 -28 58 31 -82 -58 73 15 76 -29 31 -32 31 -89 -73 1 26 91 -26 -87 -26 -8 -67 -94 -36 -61 15 -31 -37 45 -61 -7 22 -65 25 -18 -36 -84 52 1 -88 7 71 97 -69 79 -62 48 84 -70 -81 17 -63 -42 -64 -75 70 -76 15 26 84 -86 -72 -86 54 -66 -32 57 -19 -91 39 1 -23 23 -83 -22 -55 -35 57 -81 99 47 68 -50 -88 -60 48 65 -60 -45 77 2 -44 -93 -3 84 42 -66 22 -90 4 34 75 -19 -70 -6 56 25 52 -93 83 -52 96 95 -9 53 24 -67 -50 -3 -76 20 -82 -46 -27 -41 -89 -76 20 79 95 -92 28 -6 -49 32 -81 -43 21 59 -40 -15 52 100 -33 -60 6 72 19 -13 30 -13 58 -83 -99 89 67 -19 63 -1 -42 59 75 -11 90 -93 78 -26 -20 -52 95 50 -43 23 65 -42 -7 22 6 -9 86 77 100 -99 31 -77 -75 96 -82 48 86
-96 -86 -71 19 79 -88 -78 4 2 99 6 6 88 -17 -63 15 66 -38 -89 -13 -68 22 64 39 -15 -6 -91 75 79 -72 -64 79 61 -36 -59 -21 -14 72 -68 72 -83 -61 -98 -86 68 -61 72 99 -90 -69 -16 -68 63 37 -33 -71 59 -94 16 92 12 -20 30 -15 -59 31 -7 -45 -14 -82 3 68 5 -37 -69 27 -86 71 -93 10 86 85 -21 98 -52 66 -54 -52 -71 55 82 11 -72 20 34 -52 11 83 -17 -27 -73 -5 -82 -27 53 80 86 -3 68 61 -33 0 46 -31 -99 -1 1 -44 -99 99 4 18 36 -54 53 72 7 -19 89 -11 -86 -36 81 10 30 -9 63 -18 -22 -83 -62 -10 -40 26 15 46 11 -87 13 48 66 97 27 -9 -70 82 46 48 -65 -19 55 63 -18 -76 1 -47 14 -3 19 72 50 16 56 47 -70 49 -44 -34 -38 85 -36 -68 -34 -76 -24 48 7 -33 -45 -76 -52 27 -83 -5 -52 78 57 -46 9 98 10 44 20 -92 61 65 67 46 -89 81 6 -32 -53 87 41 -3 -36 -47 30 -64 8 -5 -45 -73 3 24 33 91 67 26 -27 -79 18 77 -52 83 78 21 -87 -22 -94 -33 72 92 -56 68 12 21 -63 95 33 -70 53 11 81 54 92 -70 66 -97 21 -45 -41 95 -86 18 -9 -87 2 -34 74 -58 -28 -97 35 -45 60 -48 -79 -39 -28 -15 -56 -45 15 10 -59 -99 -85 -43 -24 10 90 -83 62 -67 48 -67 73 -36 -15 -72 18 -78 58 55 -21 3 -63 -4 12 83 53 61 -73 64 -82 9 -64 31 -36 52 42 1 -65 -43 -54 11 -68 -88 -53 -54 -26 62 10 25 19 -85 -35 98 24 -90 11 -71 -52 -48 -44 -55 -89 -8 -86 5 -77 -67 -30 13 50 -80 74 14 83 -87 18 -98 -4 48 -23 96 -29 -22 -21 64 -55 87 -90 -42 40 -14 78 -2 -82 -62 94 -31 47 -38 25 -16 5 -57 -97 -51 -76 -59 54 -83 -87 59 -63 -2 41 -71 -88 52 -49 4 -86 22 42 -51 43 -54 75 56 65 -81 -42 96 63 87 94 39 45 27 53 -30 100 -100 73 -48 -46 73 34 -22 -37 -70 86 -39 86 76 -95 -15 -83 -86 47 5 -80 -41 41 -39 18 -25 -23 -40 41 -59 -32 -42 21 -77 -25 62 66 -72 47 92 27 99 -7 51 -19 68 46 -19 -23 40 -21 -26 -50 87 -41 -10 -22 55 78 21 53 64 87 20 43 -68 95 -38 -81 -76 -60 97 -79 -67
-64 46 32 -36 77 -93 -26 -58 -80 24 -6 -86 -56 -81 75 -18 -18 -59 13 -36 35 -39 -61 9 -2 -73 -26 -61 100 -97 -43 -89 -18 -89 -58 0 -60 -13 -21 1 40 -83 44 -39 47 -61 -63 -35 -67 14 -49 32 -97 14 96 0 -92 77 72 -92 -2 13 -54 51 -32 2 68 55 24 17 8 -43 14 -100 -52 -94 -53 36 38 87 -71 35 80 3 5 100 -92 -5 -75 -88 -16 61 -47 -71 -39 31 96 -82 2 23 78 20 -83 -93 -81 -95 25 72 -20 91 77 -81 49 -67 71 85 14 -59 34 -89 -53 18 87 47 -56 -7 84 -85 31 -10 56 -9 96 -34 -11 29 -96 53 62 75 15 -82 -19 -57 2 -92 -43 -84 -26 -22 45 -60 -98 -56 38 33 37 46 -52 77 -78 -92 19 88 -42 -82 65 -48 -40 -55 -13 76 -42 80 -39 -36 73 88 -15 -22 -66 60 38 40 -53 51 80 -87 66 -21 -10 14 -26 17 -92 5 10 -66 -99 -100 45 -12 -72 8 78 83 45 -80 39 -49 -55 7 -70 -16 -37 17 76 -63 12 36 21 -89 30 -8 49 70 59 -20 57 -6 -52 -89 -46 25 15 -26 -37 -54 -71 -94 -27 81 -63 -82 -85 81 -29 -19 -29 6 -100 -6 7 80 64 63 20 -61 -4 85 70 35 56 -76 33 21 79 94 -31 -58 47 1 -89 25 39 53 71 -80 -38 -12 23 23 69 -14 70 -19 -87 28 54 -33 45 -89 -74 -73 -9 36 -81 28 3 -39 -60 -19 26 -84 -57 -76 36 -44 29 -64 25 3 -32 60 -23 -73 -92 -68 67 74 -16 -57 -50 71 4 1 54 82 -39 -59 100 -84 -59 26 -11 -44 -89 54 44 -11 -25 19 10 32 94 -7 15 -8 72 -92 -62 -63 -25 -95 -80 -87 59 48 96 3 99 -14 -47 14 76 19 -61 -88 -36 -52 -69 -11 -80 -11 55 -83 18 46 -69 54 51 66 -88 39 37 -40 56 -51 86 -29 88 -92 -90 53 -23 -77 -84 72 44 39 -58 30 40 -47 -3 7 -5 48 62 45 -85 90 29 83 41 -13 -1 81 28 -87 65 58 -68 -93 73 31 -39 -51 53 -31 6 1 38 -16 -32 -23 -32 99 -97 -11 -96 56 66 -20 83 -85 82 -35 60 48 1 70 -17 -94 -44 16 -54 -85 -34 -78 63 7 -24 -50 38 40 -51 82 77 -47 68 -57 -88 97 98 52 56 -94 -45 -1 91 75 -43 31 0 -22 44 61 63 57 60 16 -18 6 51 81 -39 -39 69 -18
-27 -13 100 50 2 -42 -69 -23 5 70 20 -62 53 14 66 -3 -17 3 -8 10 71 44 36 63 70 14 1 -67 -8 -36 -1 90 -47 50 -67 50 20 71 90 92 -34 13 -11 -82 22 95 34 95 54 60 70 -15 35 98 87 76 27 -86 -41 -15 -100 -92 -62 5 68 5 69 72 -64 -100 75 87 -30 -57 -59 24 -63 66 -40 -81 23 -60 62 -52 13 38 25 -5 72 59 74 -78 66 63 63 -46 -65 -21 -32 -35 99 64 -83 -89 48 81 84 -58 -43 -59 -50 49 53 89 1 -56 -91 -2 -52 -8 66 10 -19 80 8 49 1 -44 -10 -2 -57 -77 15 69 -52 52 18 30 -72 63 -22 41 91 -16 -94 25 -24 28 -36 70 -85 12 -98 -22 48 91 53 81 -46 -92 39 50 94 -9 -74 -58 -59 -5 -40 -89 35 10 59 75 69 31 -68 -83 69 45 86 33 -12 -96 -22 30 88 85 -17 45 -50 -20 -73 -67 34 75 46 -12 55 -46 68 88 -33 -90 59 54 40 -28 -82 81 61 14 99 -71 84 21 68 25 -39 90 -18 73 -60 57 -83 41 17 -87 -93 1 46 -81 11 -80 -77 94 100 71 51 63 -44 95 11 -71 -28 29 51 20 97 10 -63 20 -10 -83 83 16 -98 -48 83 -55 -80 -11 47 -13 -21 -74 79 -92 -74 4 34 38 89 87 69 34 53 21 -63 -72 -3 -59 -71 60 75 -86 74 -30 96 40 -16 48 -37 61 23 38 25 17 37 74 11 -62 83 -1 45 72 59 95 0 55 70 -10 -91 -88 -21 8 10 100 56 -35 -10 88 -57 48 56 -31 -3 49 -49 81 17 -24 -36 -55 48 -9 19 53 -9 -83 -68 78 -23 -100 -91 -47 12 13 -12 70 -88 29 -40 28 -15 -75 -32 -85 24 -42 -43 -75 58 17 -36 -97 -65 -100 16 -31 35 -32 22 -51 -43 -89 -40 19 96 -93 -9 26 -59 -48 31 19 -63 -7 2 79 -85 18 57 27 -36 4 -9 100 -50 -45 -21 30 34 80 -86 -76 41 -92 -40 32 -44 91 62 -54 81 -37 43 22 24 -87 62 -80 8 -35 -72 46 86 -69 10 0 71 71 -36 20 51 24 -93 72 83 -79 75 74 -9 -8 -61 8 -45 98 18 15 53 -64 -84 57 50 69 71 74 -69 -1 -92 -31 -77 -97 38 -71 0 70 69 -12 96 22 63 -23 23 50 24 71 -52 87 -56 100 -8 6 19 59 -95 54 20 40 58 -20 -4 69 91 62 -28 -54 -88 96
-48 48 -56 19 72 -66 -51 10 -24 2 24 69 42 33 75 45 51 -8 -17 -75 -45 74 50 -50 -48 -98 23 43 -1 64 -76 -21 96 -73 98 88 -95 -100 -93 -56 -20 7 47 -55 14 -62 34 60 -58 47 78 100 -40 28 -72 95 -60 -53 2 29 62 8 -89 64 -48 46 68 -22 16 -58 -17 -75 43 71 -54 -77 -64 29 -82 -97 76 -46 79 82 -91 36 -57 37 -33 -22 -30 49 84 10 -91 15 39 -88 -31 30 -47 -54 -9 35 -86 -89 55 -11 6 49 96 37 27 -47 20 67 -36 -53 -22 42 -94 -41 -56 0 -60 -75 -8 80 -39 80 -26 3 -10 -33 -92 -23 31 -88 56 -86 62 55 79 -60 36 13 76 -40 49 -88 70 85 -60 -66 -64 -66 -24 -28 8 43 -86 -73 -16 -32 -85 13 63 60 -20 -15 -22 38 -13 -24 55 -37 -43 -18 -31 -25 94 14 -92 -35 12 22 51 88 31 -82 100 61 -66 -24 93 -41 29 88 -44 12 -23 1 -29 57 83 -63 -8 -32 30 -5 53 18 61 65 -59 28 -10 -21 -78 54 -38 -64 93 -95 -96 -26 -64 -24 35 -93 -19 -53 47 -20 -41 95 -41 -72 -88 60 47 47 52 24 93 96 -79 51 -83 76 -71 33 90 93 21 56 39 5 -60 73 53 14 -49 -61 63 12 -61 17 -34 -13 0 -7 -90 1 94 67 -41 1 -30 14 31 54 93 -54 75 -13 7 -13 -84 -54 -46 48 -41 -70 -1 64 61 -20 47 23 -92 -51 52 24 -77 -70 -76 -63 85 67 6 62 28 59 -69 86 -76 -78 17 30 -62 -22 37 -4 17 -47 61 -76 -41 36 -87 67 -63 3 41 -6 -25 -38 61 -76 57 28 -31 4 64 93 -26 -17 -92 64 58 -21 -97 -33 -76 12 94 -80 58 89 -82 -46 -97 -44 68 -41 -17 -76 52 -28 85 48 20 -34 -67 26 -94 35 39 67 69 7 -64 68 -3 -94 54 -50 69 70 -2 96 69 -86 28 85 -75 -58 19 95 70 16 -28 -1 90 -31 21 -37 0 30 3 -3 -61 -51 59 -37 80 -48 -21 -93 2 57 74 -1 21 10 36 -48 45 81 2 -18 -34 -71 -94 -10 -11 -43 86 -83 -85 78 -61 71 -72 25 -49 31 48 -20 -5 97 98 -9 8 73 88 -84 84 -9 -97 32 84 -66 29 86 5 100 29 77 74 11 -35 100 -60 -99 33 27 26 -41 -93 -72 9 56 14 95 11 -81 62 -16 50 -4 24 99 81 36 -21 -30 -41 -75
23 -18 -63 -17 41 -32 -27 39 57 36 30 66 40 10 79 -26 -61 66 4 -35 29 51 -53 74 49 -18 65 -3 -93 -42 -14 -32 -5 -27 68 64 30 -49 -83 99 34 61 50 92 -35 70 37 45 -100 -7 0 -14 66 -72 -49 -51 -85 25 -6 -72 -66 76 -96 51 -53 16 -45 18 77 -7 33 73 -86 -59 29 -93 -20 -85 -2 -22 38 58 -64 21 -94 -2 -35 90 -76 -93 68 80 92 31 -14 -5 -50 75 73 21 -36 32 -31 87 91 82 -55 76 85 57 -81 29 24 23 88 91 -82 -98 11 90 -65 64 27 43 -5 21 86 15 7 -58 11 56 -46 -85 -56 3 -17 -87 -22 23 79 76 -46 78 77 63 63 -82 47 -48 95 26 -77 -16 4 -66 -9 -82 22 -82 -8 26 -10 -13 -33 26 -34 24 93 33 80 72 41 78 -83 -68 3 -16 8 2 -33 -90 -74 29 -5 -88 39 95 95 17 -22 24 -42 -43 93 -89 82 30 83 19 -93 -33 -90 51 14 7 -69 -95 -91 -83 19 -4 8 -100 -83 39 95 30 48 80 40 14 65 -6 -57 -12 0 16 -88 95 -30 -5 35 63 84 70 13 -45 0 -45 74 45 -51 -46 39 89 -34 -30 98 13 -75 89 59 -80 89 -12 -58 8 62 23 16 2 99 98 59 40 84 80 90 -84 3 100 -1 -72 25 -78 28 96 1 19 -32 -90 47 7 46 -46 -73 -25 13 46 84 -99 -21 -69 -16 -82 0 -4 -82 10 5 70 90 2 19 12 95 30 79 20 -19 38 -32 36 86 35 57 -80 10 21 54 77 100 -19 -50 31 64 2 -82 -42 4 -26 97 -8 34 2 -31 -31 3 -79 -18 47 76 61 -23 93 -60 -52 -30 -61 34 16 -88 29 94 5 29 -23 -47 94 13 -100 53 -1 81 28 -77 -89 85 -53 30 -2 8 -42 -42 -28 -59 18 73 -66 46 95 93 -35 -27 2 32 7 12 -14 26 -89 67 84 -26 59 -34 32 46 -3 37 -66 -9 42 42 -76 -46 -29 -98 -33 -24 80 53 43 76 -91 -85 -82 -95 95 -83 34 -10 77 37 -6 -71 -66 -63 -91 -47 -8 42 -86 -16 -77 -32 13 64 10 -82 -40 -47 -55 68 -46 55 69 -76 -39 82 87 -50 30 -25 -87 -23 2 -47 53 -62 33 -28 -5 -6 99 71 -27 -53 65 59 -77 48 10 31 -95 92 9 -71 -48 -10 -89 16 -68 -95 -41 9 68 75 -86 -80 61 -31 -7 18 39 1 -34 -45 84
-28 -35 -77 88 -85 -38 -38 0 -86 58 -71 34 60 39 -38 -17 16 -27 33 -30 96 -26 -85 -99 47 11 -73 -100 -76 23 57 18 60 66 42 43 -100 22 79 74 -10 76 89 96 74 -35 30 22 -42 -17 38 44 50 70 -34 -78 19 31 -71 53 -89 9 -68 -44 -23 -34 15 -24 10 -59 4 77 89 -97 -14 -27 90 65 -15 1 53 -72 72 43 -80 57 -97 10 11 89 18 -81 -7 83 -81 52 47 -54 -62 -53 3 29 22 32 -52 -8 1 23 -19 -97 -59 66 -89 13 -1 -4 48 -6 96 -53 -29 -11 46 -23 72 32 9 45 98 -2 100 3 87 78 -47 63 17 15 -16 30 17 47 -78 -44 87 87 -71 -98 40 -88 65 88 -42 47 66 36 -85 45 64 -74 -90 -32 53 74 -18 -51 90 87 72 -13 -43 -13 48 22 98 83 67 75 38 -36 95 12 76 -4 -41 -51 -83 76 -8 -34 89 -76 -45 -70 61 17 52 -33 -17 -74 -2 41 15 -52 -68 5 -97 -3 54 -95 15 -40 -94 63 65 -1 27 -62 47 97 67 -56 -28 -13 79 57 72 19 -82 -96 1 -95 -77 56 58 -58 -27 -55 -91 -59 -33 -2 43 -95 -53 -27 -18 -63 -67 -34 -20 -22 -84 93 -97 -68 41 -91 3 71 -24 45 -71 -38 -38 -6 57 1 64 52 36 72 -16 65 -90 -9 -3 34 -94 95 63 85 69 -52 13 94 60 95 -5 -49 53 -71 -62 -99 -10 71 -4 23 8 -11 28 65 42 -64 77 -69 -62 98 34 -64 -47 74 5 95 -36 -49 60 26 -38 46 40 -25 -24 -96 -36 -50 -5 93 -10 29 76 67 -81 100 60 10 28 32 -28 -61 -66 69 -69 -44 51 61 46 2 -30 31 96 -64 -19 -85 -23 -27 -51 20 64 27 -58 70 47 46 4 -59 29 56 45 31 -4 -14 69 -100 10 -1 89 -5 79 62 -32 88 78 -82 91 4 -80 -43 82 -27 -29 78 75 -60 99 -80 86 -41 -93 90 -50 -8 9 -48 -62 70 -84 -66 98 -30 29 9 48 -48 56 -7 -18 -39 -65 -96 99 -66 -96 -49 -69 -73 -22 -26 16 13 -80 -1 2 -6 11 -30 47 -35 2 -1 32 -77 96 -84 4 20 80 -20 40 -33 -94 -95 -56 -94 83 -9 80 -84 95 -85 -2 -85 35 83 -11 -19 -14 63 -26 -76 86 -61 10 31 16 -27 -86 70 4 -86 53 14 -26 55 73 -15 -95 -43 60 9 34 68 -23 57 -37 -23 49 -22 -52 -42
97 -12 -96 53 -21 16 -35 -33 9 -88 -51 -65 53 92 -21 84 94 -24 74 -60 -36 -10 1 67 17 -14 64 -78 75 13 14 88 -11 -18 -17 -16 23 78 -29 -47 34 36 -37 9 -97 -97 41 96 53 53 -29 42 -78 -8 -60 90 7 -92 -41 67 -91 -95 -80 15 87 42 -75 -16 -29 -67 64 24 15 75 -8 21 37 -71 16 72 45 27 -99 70 -69 -90 54 69 -1 47 -49 18 -28 -65 -40 66 -34 -67 -22 23 -7 -63 -38 -89 -88 96 79 -70 48 70 -73 -85 -45 -57 82 77 92 51 -27 74 44 -31 -45 90 2 32 30 -97 -89 79 -33 62 88 77 -83 -7 40 -35 87 -97 34 -16 96 -89 66 -66 50 -11 62 -58 -48 -8 41 59 -78 22 -9 76 -33 56 -5 95 20 -44 -18 95 64 -63 14 56 36 -81 -50 -70 -42 35 -28 9 40 -68 59 -1 -94 -91 -3 -99 78 50 -41 61 85 -32 -83 67 98 -89 87 8 -77 59 74 -28 -49 11 66 71 38 -61 12 -87 1 9 17 1 -14 -14 8 -79 -84 -25 54 71 85 44 -60 -26 -72 -42 71 -84 -27 -24 -75 53 -74 4 -99 70 -5 8 -14 27 -59 -4 22 -78 -27 20 -28 53 -62 -4 -1 -84 43 99 42 -77 49 1 -35 -75 -20 97 18 -19 11 -93 -47 32 76 65 -34 93 14 -98 -49 -95 57 -79 72 24 -20 26 -81 -16 41 82 34 -18 -17 16 -53 -75 24 -40 -54 30 86 57 -34 -32 25 50 31 58 -9 -9 70 33 69 -94 70 -77 28 82 17 8 75 39 -3 74 -50 45 4 35 -94 -50 -48 28 -3 -36 -17 -89 95 -76 -96 18 -38 -88 -79 51 -98 83 43 -44 -54 -52 98 80 56 60 94 -86 61 -62 84 -28 -32 -63 31 11 27 54 -98 -96 -33 -55 -48 -91 65 -93 14 -97 32 62 60 100 -22 -73 -59 93 -23 46 -80 -24 38 99 -94 70 69 36 -50 -92 59 33 92 -78 -3 77 -36 -9 97 64 -40 33 43 94 19 19 78 76 57 75 98 -90 -91 -51 -6 86 -26 -28 -48 70 -7 -28 44 58 42 -20 -12 -9 80 92 -82 38 -63 -2 -31 45 -44 96 -80 -7 -70 73 81 67 -60 58 -61 0 -60 84 60 96 100 84 -88 -48 -78 11 -10 54 18 -25 5 34 42 32 -20 -65 -29 -49 8 -16 7 -14 -25 78 -2 7 75 -76 -58 -40 52 95 92 50 10 14 -59 -98 -82 20 67 -96 -72 97
-39 65 22 -4 -25 -82 -88 -24 -33 -23 -36 11 95 -20 53 99 -16 84 -5 26 -82 -79 -70 77 -17 -34 -28 88 67 59 -40 29 34 66 6 77 44 -30 -26 43 -88 23 74 -42 -3 42 63 -15 42 26 -74 -30 -94 -29 -16 12 -8 -4 -83 73 33 7 -13 -54 -60 -38 -40 -85 -26 50 50 31 -37 -18 -29 17 69 -81 -65 -88 -53 7 -85 32 46 -61 -41 -98 -69 70 -3 14 -95 28 85 68 35 -66 65 12 18 61 44 55 -21 -1 8 -77 15 27 67 36 -67 -27 -23 78 -23 -59 62 -9 82 3 -3 -75 -46 -31 -4 15 100 85 0 89 -85 75 -51 73 48 -49 -22 81 64 -28 53 -95 12 -44 25 85 -28 96 -93 39 -40 -67 -14 80 -49 74 85 -64 -72 6 2 42 51 56 5 39 71 -28 -70 -52 -40 87 57 46 62 26 84 -64 20 -12 -62 21 -65 -35 -24 -24 -18 -50 65 -57 -28 -90 -64 -31 -58 55 -98 34 -59 12 -89 43 -91 23 8 29 17 -57 -70 29 -70 77 42 -8 -46 -63 -63 74 40 72 -51 -15 -91 -26 68 -63 32 59 -79 -28 55 80 -19 72 17 -96 12 19 -18 56 -81 15 -62 30 35 -31 -49 0 -44 -3 -99 96 -82 56 -25 1 43 -75 77 52 94 -92 -90 84 -62 -14 2 5 52 45 -30 -54 -95 83 33 54 -36 -43 65 3 84 94 -47 13 43 75 70 -84 -2 7 71 0 77 -92 -87 -5 74 90 86 49 8 -21 97 -40 -75 79 -15 -24 20 -81 -8 23 3 29 -26 -99 47 84 46 70 -85 -20 -93 41 -29 -1 30 -42 26 93 97 -61 35 45 74 -76 -70 -54 -9 -2 -92 -14 24 68 8 -11 -68 -79 -63 74 99 -52 -7 55 -21 75 30 -51 35 -42 5 95 67 -14 22 -51 52 23 -91 39 56 -93 79 79 -56 -68 58 3 7 42 -95 12 63 -8 -37 76 -35 -58 -84 -90 -46 95 -63 -72 94 -64 9 80 -97 -8 -50 -80 -31 89 75 -1 41 -40 45 21 0 53 -81 -35 3 66 -43 72 -7 44 92 10 -80 13 6 -3 -72 -56 88 4 -65 37 -35 -11 -100 90 2 -71 -32 -92 95 42 -11 -72 97 82 77 -59 53 49 77 51 -89 63 62 98 27 80 -79 -25 -68 51 35 77 -45 25 -88 -40 56 75 -7 37 93 -89 26 -92 -76 -53 -76 -34 77 17 -46 47 -3 48 -10 9 72 -74 -20 35 -34 44 -23 5 -42 -40
-25 -41 -89 -20 -56 -8 -18 5 8 25 -49 -76 99 91 25 -73 -58 -67 -96 -90 25 61 36 -97 4 50 -94 71 -23 51 42 34 -10 2 -74 -87 -31 -29 -36 99 -32 -86 -90 -28 90 1 53 -98 -71 -18 -35 55 93 -81 60 -50 41 -86 6 -95 62 0 -86 76 -79 37 32 -46 30 91 56 78 -53 3 98 68 -69 -21 -99 42 35 -20 -3 -94 65 -24 92 -26 -24 17 13 -97 -26 -11 -6 -18 32 -65 -14 88 32 2 -22 90 -30 -97 -100 -79 54 -5 15 67 17 81 -29 -22 -85 89 34 16 91 -33 55 -87 -67 -99 26 14 -43 90 100 -78 45 100 92 -49 -41 70 76 -69 -72 -4 55 -75 -72 -30 53 87 23 10 -41 55 4 81 81 -52 4 63 -90 9 -1 -99 36 -77 -85 -40 98 -31 -53 -15 86 12 86 24 -46 -81 -14 -76 -44 35 -99 75 -47 -3 23 76 -49 -2 -59 6 -82 -16 -68 -8 100 40 43 71 -13 71 -25 96 -39 -12 -32 99 69 51 -83 -30 95 -67 -64 -69 61 47 -63 -11 -2 95 -38 -81 -91 -45 -37 -20 66 51 20 15 38 86 72 95 29 -12 18 -49 10 38 -15 3 -27 38 49 -36 -89 21 -45 68 51 12 78 63 -98 -84 51 -21 -49 55 -33 93 73 -81 -97 -6 40 -30 -1 -100 97 46 -91 39 -20 -53 -29 67 84 83 -80 -69 7 -47 -45 -44 11 47 -52 52 11 47 -82 -88 -27 -60 21 57 -18 -50 -17 93 42 -83 -24 60 11 -43 12 56 -90 44 -1 51 74 -4 -77 8 -8 89 -83 61 60 42 -81 25 76 29 79 53 50 -67 -97 -99 -35 28 4 2 77 7 72 73 -57 50 37 -41 96 -95 69 -21 12 88 -55 -27 -28 -64 92 -45 -72 -99 57 47 -52 -77 71 82 85 74 31 16 98 11 -22 -97 -48 -85 -28 7 -78 49 68 71 38 -37 99 -99 31 11 12 -75 -29 19 -74 -30 -83 -10 0 21 -29 54 6 65 98 78 -50 43 -10 80 -79 -63 -68 -29 92 39 -39 -37 55 -58 20 90 -17 4 -70 -12 89 -17 90 -80 -39 -29 -98 -97 -2 24 -77 58 -38 -93 -23 -45 72 -21 32 -70 -97 -95 23 -67 30 -1 -81 -99 61 80 -52 98 -25 -49 -18 83 16 -57 -85 64 -16 91 20 -32 19 13 9 99 -4 -18 28 -33 -10 -43 -46 -47 8 -57 33 25 -28 -80 -62 59 54 -57 -48 75 51 -25 -42 60 -63 -79 60 15
81 -37 95 19 7 70 -62 17 -44 -91 -2 61 -47 13 -66 55 -74 96 41 85 39 -18 -58 -56 -93 -23 14 -48 -45 -53 -10 44 -17 4 -13 41 -43 54 28 -49 15 56 48 -96 32 50 -36 -33 58 49 -76 -35 20 86 -37 68 89 -20 63 -71 -23 48 -56 -48 25 52 96 74 -67 8 15 -33 -31 75 -53 46 2 -94 39 -69 55 -23 78 -97 -84 35 99 61 77 -6 -45 61 -61 -100 -75 68 76 79 -76 -15 -41 -25 -80 30 -34 44 -8 38 -19 97 0 -58 -24 56 56 -20 94 -29 23 -45 79 59 -94 69 0 -8 -5 -82 -60 18 50 11 -59 78 97 -5 85 89 -67 47 50 -70 100 42 -86 -62 32 -16 11 -35 66 99 41 -60 29 62 -58 70 -77 68 68 85 -87 -75 -7 18 20 -49 44 35 -93 89 58 69 0 -96 -65 34 -90 1 -44 -67 -14 -28 91 52 88 -53 81 -44 -20 47 76 -69 67 -7 94 83 -63 58 9 32 99 -46 -71 7 -74 -90 24 42 27 -33 13 49 14 19 27 71 93 78 -97 68 -73 20 -98 -17 -41 11 -16 -100 60 91 -14 97 -54 55 25 16 48 -41 31 57 -15 -21 41 -76 43 -99 -5 -92 58 92 68 -54 -12 82 -40 52 -64 -76 96 -62 82 -5 53 31 -77 -90 29 66 5 84 96 -61 86 -9 60 38 -27 81 -25 24 98 -82 2 52 80 41 100 -74 13 -89 -83 -92 -86 -67 -54 -17 30 49 51 -48 -22 -83 -55 -41 29 100 68 -74 18 51 -19 -56 24 93 -77 -30 -64 46 -47 93 60 -86 -13 10 -83 81 15 66 -31 -2 -11 -54 -55 -100 -14 95 -70 80 -50 -44 94 -12 -27 -30 30 -89 40 -28 -90 49 -57 -99 -40 -100 -9 13 -8 25 -61 -89 -67 -46 -73 -75 11 -42 10 72 -28 -44 1 83 42 -38 -73 21 31 37 48 57 42 25 -27 14 47 -52 -42 -61 48 42 21 -1 40 29 -30 38 -70 76 22 73 66 79 -3 98 -93 2 -74 9 -35 -29 27 -3 -61 -9 61 65 23 89 -58 -81 63 -10 56 -4 59 42 10 -54 58 -39 42 -72 79 61 89 70 22 81 36 -46 33 -23 -8 -26 85 -32 -85 -97 -14 3 37 -7 21 37 -2 -54 8 -4 -99 40 1 85 64 -97 -99 -78 63 7 7 94 -59 -55 -10 49 21 71 -19 -12 -55 74 98 75 -67 16 -15 -86 -52 93 40 85 81 -41 -14 -15 -78 29 36 19
-46 -90 61 25 9 -94 77 52 -82 48 -13 48 -96 -6 32 19 -43 -51 36 -44 76 -44 58 23 -32 -19 -65 35 8 44 55 66 88 -73 93 51 -100 -35 -11 52 54 100 2 -47 100 -6 81 63 21 7 -73 -64 -71 -16 -45 -99 13 20 -47 -25 -1 -53 -78 45 7 -35 -64 0 37 30 97 -48 12 -89 -96 -69 -64 82 10 -25 64 -98 74 47 -47 80 3 98 -8 -95 86 78 82 69 -40 -4 89 -54 -10 74 17 -26 36 57 -37 42 -80 49 -41 36 -68 10 0 49 -1 94 -40 56 18 -12 43 20 -72 12 85 -39 -67 -12 -20 16 54 -12 -88 -35 46 -38 -58 88 25 -39 -31 -68 -74 -87 -67 -58 97 13 24 -93 92 -10 30 17 -24 -39 9 51 31 -40 -95 -13 -85 -22 -33 14 -83 -5 -35 -43 -25 10 -13 46 27 -5 -54 -39 39 90 -76 51 84 -44 -39 -63 1 79 -14 -11 70 75 -30 -45 -89 -36 -54 -69 -31 24 90 76 -9 -75 -24 -70 -15 -14 36 -22 -53 29 -74 56 82 26 32 68 34 88 -45 22 -42 81 -81 68 68 88 79 12 -53 -55 15 -31 -96 -36 -23 -43 66 -3 1 32 -80 27 -22 -99 51 4 85 -63 82 45 21 -67 13 -1 -23 21 -78 -27 16 -7 19 -57 -20 52 -72 -63 64 -36 55 7 8 71 63 62 -80 30 -92 -62 -88 30 1 -30 55 -53 -46 51 -30 -66 8 7 98 33 -93 23 61 -89 -73 14 75 -19 14 39 63 60 -41 71 47 -16 -85 6 20 8 -25 -87 62 26 -34 -87 -35 30 18 38 40 27 53 67 -81 -8 53 62 -78 2 96 -57 -99 -47 72 -48 -76 -70 93 73 34 34 11 -92 66 -60 89 -66 80 -64 -23 -76 26 99 27 20 64 19 -57 88 -58 -36 -52 23 12 90 86 -23 75 82 -90 -91 -22 52 1 -60 -48 59 -67 -88 -67 97 49 82 -1 -8 32 -46 -70 64 48 36 88 -51 -78 6 91 -87 -92 -67 -91 -69 21 -50 -33 94 77 -39 45 -99 -12 -54 34 -13 -87 21 -84 95 -77 -91 58 -13 92 -19 98 -53 -94 36 -28 -68 -65 -78 38 -80 12 -69 -53 -55 -26 -59 -89 11 -77 -95 -16 28 -93 -69 45 90 -85 -80 -34 83 -43 -97 -86 -18 76 -82 -14 42 -95 -97 -85 -86 13 -53 -69 3 -97 -38 16 -71 3 12 -64 26 5 68 -99 7 -77 -59 6 52 -89 -83 -38 63 49 -27 -22 37 -21 72
-76 5 47 38 43 -74 64 -42 100 -53 100 -14 67 91 -2 50 -9 -77 -2 63 -50 -93 -85 -31 58 20 62 -14 67 49 -34 -98 -26 -37 -5 -29 -14 44 -98 -87 41 88 62 -4 -23 37 -70 -53 -89 24 -51 11 -22 36 -45 87 -46 4 26 85 53 -63 -21 -35 80 -80 -1 -36 6 28 35 34 -92 82 -58 -15 -4 59 32 45 -48 -35 47 -39 -91 5 -34 24 81 51 89 -18 -89 -32 11 3 47 -32 40 -55 -44 13 -83 49 53 25 -1 4 -15 30 -51 -58 42 23 5 -96 -11 -83 -40 -15 61 -88 -51 -25 -40 -52 -16 -66 -48 8 -20 48 -36 60 -94 7 -8 54 56 -5 -26 -39 26 74 44 39 -62 -87 -29 -47 -28 -89 22 69 24 -49 -71 3 -29 -90 63 -38 -49 -83 16 -95 -97 41 8 -79 -68 50 -44 15 80 30 55 -24 -77 -18 -61 -3 21 36 17 -100 -80 -23 24 -2 31 -15 -6 19 -78 -24 94 -28 -77 100 -63 -54 65 -90 -12 -10 76 -77 60 55 -42 93 31 9 -76 -85 36 -25 -52 9 71 -86 29 41 -4 78 -90 31 64 67 -20 -56 -98 42 -83 62 -9 14 93 66 -18 -49 -88 67 67 -88 -91 14 -12 35 85 -39 59 -51 -39 -98 -1 56 37 12 42 10 -28 41 -72 13 -65 -21 -70 52 75 92 -13 54 -63 -96 21 -80 23 -26 3 -95 -59 71 -71 10 16 2 -24 16 12 94 69 5 62 -94 -29 17 3 -42 26 99 -25 -96 -15 53 -82 -68 -87 79 41 -98 -61 17 -67 16 -19 77 10 22 -65 -99 -65 -28 -84 50 -22 34 -51 5 94 42 49 25 -66 98 17 -95 -73 96 -51 73 49 -46 18 87 93 4 -33 70 18 27 -31 83 74 81 66 68 78 -10 95 31 40 -68 -36 -78 -12 -82 8 45 34 58 -61 -54 29 -98 3 6 23 3 -72 5 -75 -1 -21 52 64 37 -19 83 -24 -5 -90 -11 72 -14 27 80 -54 50 -31 67 -2 6 -89 71 50 -59 73 73 -38 -57 -57 37 -6 -30 58 73 94 -9 -45 -68 84 -32 45 -33 81 -55 -87 23 -54 -72 4 -63 56 7 77 -29 41 -43 -26 11 56 -88 22 31 -20 35 25 72 -24 -97 19 41 -23 -45 -11 -40 -54 18 -51 22 -91 -99 -84 97 9 -66 -25 94 73 74 -96 98 77 -12 60 -30 18 -87 93 93 -30 50 2 -35 -30 -66 73 -12 88 26 57 -76 41 -97 -73 43 40 44
89 -97 61 -85 -7 -77 -33 -7 -68 2 7 42 83 -9 71 90 93 -12 -3 -64 82 84 -7 -40 -81 2 -40 -100 55 -66 6 -100 -90 96 -19 -14 -16 -17 10 41 17 -68 56 92 -64 44 -2 56 66 31 -49 50 7 25 9 -22 2 19 -83 -56 19 -24 -22 58 -70 -28 -69 0 16 82 -32 32 -24 -61 -2 64 -2 39 61 17 -79 -89 -9 92 59 45 21 -56 35 -90 -62 75 -13 -38 40 -36 95 84 -90 -97 6 61 3 -42 62 90 -58 -82 24 55 13 -95 86 69 0 8 61 67 -12 -15 -85 -69 -54 39 -63 -15 -77 49 33 -26 42 25 12 -13 -38 -79 59 30 -45 -29 88 22 80 -67 -84 -33 -19 -92 -12 -27 -75 20 71 -84 66 -83 89 24 -45 73 54 43 39 70 -88 56 -2 -60 28 -67 74 62 -68 87 50 -90 94 25 65 80 39 7 -25 2 22 7 80 -40 -56 -57 -40 40 -20 54 19 32 51 8 -97 -80 -18 0 -56 -77 -92 25 -77 -88 88 -59 -83 -78 -71 46 -8 68 65 -53 28 -1 -9 88 -44 -56 -13 76 26 -66 -22 15 -74 67 17 -34 -41 -42 -68 -82 -90 -29 36 37 -33 -51 4 -59 -83 69 -85 15 89 -69 -9 -70 38 -33 -23 -18 48 77 72 81 -4 33 51 17 10 21 78 -72 -38 31 74 64 12 -58 56 39 19 -96 61 56 -3 -65 24 -57 0 -21 96 -24 26 -35 -37 22 -79 88 85 -55 11 -100 -90 28 63 -32 13 68 -8 -56 1 -95 -32 -11 77 -39 55 84 -26 -89 79 80 -21 24 -93 89 -25 59 67 48 -39 -51 77 -50 92 19 -91 90 3 -36 87 -1 -86 -82 -30 -20 -86 39 -32 -29 1 42 32 -98 34 18 -39 76 -53 -85 20 57 -1 -64 93 -100 74 -68 -99 -29 -16 18 -4 -53 -100 54 40 -52 -58 -59 -80 -92 -32 2 47 -81 -31 9 -22 34 57 -34 -55 31 38 4 -80 76 -60 11 -54 75 75 -45 -42 -14 -62 88 10 52 67 59 -95 47 7 -35 -79 -100 -97 64 -14 50 -6 -3 98 -46 -4 52 13 -29 -7 83 -84 25 68 -60 -43 2 88 100 -41 87 17 -3 96 91 5 35 52 -79 21 -73 57 69 19 91 -40 -29 -31 76 33 -93 -16 -17 51 -35 34 -85 -86 98 -1 53 -61 -34 2 -59 -87 80 -24 -4 -23 35 -92 0 -97 74 -87 39 -46 79 -47 10 99 56 31 -79 -64 -13 36 59 -35 28
-28 -49 98 93 78 84 22 -36 78 -20 73 -35 -33 93 47 14 -71 -87 -71 17 54 -97 -63 54 -61 -7 64 32 87 -43 -89 -9 85 29 17 96 10 -87 0 -12 -96 56 -43 4 71 -7 82 32 19 -18 -12 96 -39 -14 -36 -19 -59 20 -72 -15 -60 -39 -22 84 -85 82 -16 -63 83 -82 16 -11 57 25 5 -19 -72 64 19 -21 -6 76 -63 32 -3 -66 25 -95 -45 57 14 -80 -95 1 49 -37 -99 4 -16 82 -99 -81 -19 54 -55 -44 7 -77 -99 -5 76 -33 -91 -75 21 -80 26 -11 58 -5 98 22 11 -74 59 22 20 -70 73 -9 81 -63 -56 -98 -27 -22 -22 11 2 12 -7 -36 21 95 21 -63 27 45 43 69 -75 -68 94 68 -41 89 -53 -36 31 99 -38 7 80 56 -62 19 26 -81 -73 50 -95 -88 -31 36 50 61 82 64 35 -6 -72 30 -9 30 -76 -36 -73 91 94 -88 -49 -81 -74 65 38 -97 -94 10 47 20 25 -28 9 -48 68 -97 -11 100 -94 -40 69 -54 -88 -80 35 68 32 -5 22 -40 81 49 -9 77 61 -86 -84 -6 -25 22 -31 -81 -18 20 -39 -98 1 16 78 -89 -50 14 -41 33 -31 -29 -10 19 36 -78 -45 -66 -46 -47 -58 -71 100 24 -81 62 -3 5 -32 2 18 64 5 -39 -45 -64 65 97 -48 76 -57 -44 91 80 -27 -91 20 49 85 84 40 41 86 38 -61 27 90 -97 54 -30 24 59 -87 28 -54 37 -67 -58 -39 -21 -53 -33 10 -63 -52 -77 -89 16 62 -42 21 -86 36 38 -20 -100 -57 33 35 59 48 73 -98 -80 -57 57 74 -4 39 -46 75 19 -95 -51 -40 -49 -30 12 71 -16 -27 -17 -93 66 78 56 51 -90 -95 -85 44 -92 3 -45 27 -65 -84 23 -39 72 -79 31 -84 -3 48 -27 55 77 81 75 96 -93 91 49 -26 -83 -20 -41 -84 -56 69 33 -60 -42 -58 10 90 76 -38 -73 -67 -91 36 63 -2 -92 61 8 21 82 78 29 3 -36 -76 -5 -73 -71 93 55 -38 -70 60 3 89 20 5 -12 79 50 85 24 28 -42 42 -87 84 -65 43 75 -81 60 -4 -2 -21 53 4 -85 -59 40 21 -95 -31 -98 70 52 52 94 16 62 -15 -90 -41 95 -90 98 88 -39 21 -21 -68 -17 19 64 -11 -95 -57 47 -33 -97 -33 -49 -23 81 26 -84 45 88 73 -72 -41 -15 4 50 98 43 75 -43 39 89 62 86 -62 63 -6 39
-89 2 -70 12 -60 -92 -21 85 37 -27 18 24 83 -98 84 -66 32 71 60 -52 -20 -35 99 94 -70 71 96 -7 53 -26 58 -36 -65 28 -34 22 -53 -65 -98 -57 -32 57 29 9 -86 -98 1 28 -58 44 -99 -27 -27 -22 69 68 71 78 73 -32 -36 3 87 61 -6 56 63 -71 -87 28 95 -53 -95 11 14 81 -18 -65 -42 98 -32 97 18 -45 -59 94 36 80 -27 -86 -34 -62 23 -91 51 -10 -47 -24 85 -83 -82 59 77 -29 -66 -50 -60 -9 21 -28 6 -25 -30 -24 79 -67 -44 -22 -60 82 36 -79 -58 -4 94 -28 87 15 -19 -54 48 77 53 96 89 -73 -59 4 45 94 86 -100 -93 -80 -13 78 -1 -15 -32 -34 -64 -31 73 -21 89 -17 55 92 -64 25 -82 -12 15 32 4 5 37 -87 -91 -6 68 -82 -49 67 -32 -78 51 -67 15 -52 -72 19 -37 71 -73 77 -95 -72 -24 8 -29 -53 -17 -92 -59 -33 -32 73 -17 87 -26 -32 -58 -69 -97 14 52 74 -71 35 41 -66 67 -24 44 98 -66 -7 19 88 77 -100 -47 -12 3 -20 -1 -47 -34 37 49 -48 -15 -71 -28 -15 -13 -46 95 4 4 -96 -78 -37 22 51 85 -87 -48 -92 41 -49 -98 -55 -50 -95 -62 -12 -32 96 39 31 66 -93 -31 -11 3 50 -45 14 -88 2 -14 -61 21 21 -14 3 -8 61 71 14 54 58 -56 18 -79 -86 63 -26 -30 51 28 -91 -66 93 66 -39 -78 65 50 -95 -55 84 59 23 -51 -54 15 82 74 -31 -20 -78 -59 96 22 57 92 -49 82 45 -96 89 -86 92 -14 15 75 16 -81 13 -81 87 21 -47 59 59 16 -55 -75 74 48 12 -48 -4 92 87 -72 -6 -73 66 74 27 -80 -57 100 -38 -82 -71 26 98 50 -11 80 48 79 78 76 -10 -58 26 67 -77 61 41 -97 84 43 -68 94 58 36 57 2 32 9 -32 4 11 61 -81 92 -92 -27 47 94 55 -58 73 97 94 -35 -7 29 44 -8 -74 5 -37 -31 -89 27 -34 72 -96 99 36 -45 -29 -48 -43 42 50 -46 38 5 -91 24 -32 62 -26 -2 80 19 84 86 -62 81 -95 84 -28 -96 -19 -12 75 30 -73 -72 -62 -97 -45 -3 -96 -92 22 -46 -49 -35 27 100 -79 35 95 -24 -33 15 -53 -49 28 11 13 97 -57 -27 40 0 -89 -52 -81 -72 88 67 23 8 21 96 20 24 -48 69 30 -13 -16 46 33 -79 0 73 36
-48 -98 2 -26 -15 -75 -25 77 15 -72 71 -91 -32 -18 94 -40 71 -100 -52 -91 30 -90 -99 -1 78 -29 100 60 -33 -83 78 12 46 15 -13 94 51 -17 2 12 -72 -42 82 -82 0 -99 -16 95 45 61 90 45 1 -73 51 -18 1 18 21 83 14 94 -77 83 -64 -44 -91 -5 90 -4 -58 -91 99 32 -37 -33 97 5 -2 32 18 2 -67 53 -39 92 -49 21 -22 -90 -78 -43 25 44 96 -81 -21 -8 -56 -28 -72 69 -13 26 -2 -4 16 85 -92 91 71 21 -85 -90 -74 66 -28 20 -84 -95 45 64 -25 -99 -9 83 -21 88 76 -72 -58 14 92 -22 -86 86 -29 -92 27 19 -5 -70 1 -31 -21 -42 66 -2 -51 13 -35 -80 -42 -85 3 14 -18 66 47 -67 3 -86 -31 -35 24 -1 -96 -9 -20 11 18 -29 -10 36 26 -56 -67 45 -17 22 17 8 -97 3 -64 -37 -18 39 -88 -39 -45 -17 23 -97 -10 -86 -39 10 35 34 15 43 -2 -29 -75 -42 -32 -85 87 34 -42 2 -94 44 19 -51 -78 -90 -40 -90 -35 25 -34 51 -4 80 -76 -4 73 -76 -59 24 -28 31 -94 27 -89 -85 91 -10 87 75 -89 23 71 -39 8 -7 80 12 82 -80 44 48 -27 -16 -15 22 -12 -34 -63 -9 36 1 -43 55 24 38 -75 43 67 -79 94 17 -67 -18 -96 84 9 95 75 -6 24 38 38 76 65 -55 73 90 -92 -22 -74 48 -25 -64 48 -59 -33 6 82 96 -92 -24 38 -48 -51 65 -66 85 40 -79 -64 -18 62 26 25 -1 -87 84 95 92 87 15 -63 -77 22 -5 34 -76 35 86 -41 49 22 39 15 62 8 -83 12 14 -88 -34 7 -62 -44 -51 -3 41 79 -64 -3 -41 76 63 -4 -30 -2 -66 18 -68 57 15 -89 -95 -86 28 -73 74 -82 -44 -19 3 -85 28 -42 6 -30 -60 91 -53 60 -68 -73 19 70 -26 -55 -42 -19 80 97 -6 -18 52 44 -24 81 95 41 54 -47 56 -93 43 -5 -91 -9 -66 -70 1 -82 99 -13 -59 -38 60 -23 -4 8 39 -75 31 -26 57 -52 -73 99 55 36 68 8 -56 42 -22 -48 93 -84 37 33 -5 -48 28 82 -79 -85 94 80 17 64 9 -18 -45 -9 -82 -75 -29 -2 84 65 92 -64 38 15 -39 -53 -89 -61 43 -13 -16 -32 90 52 58 -85 59 -68 28 -51 76 91 -2 9 -22 93 -26 23 73 -20 -70 -66 21 0 14 60 -50 86 -52
-91 -76 -18 16 12 83 -10 -27 82 78 11 99 -31 -9 79 -89 25 -49 4 -9 -95 51 32 81 35 -84 -53 7 75 44 -18 -80 -46 8 -84 1 -12 27 74 -27 -39 -8 79 -10 -79 -79 -86 27 -61 -78 -12 -48 34 21 86 -4 37 -83 -13 22 67 -10 85 75 -85 -77 -42 93 95 -23 -70 -10 -28 36 17 -69 -88 -69 79 47 -87 74 92 11 -64 -82 48 -62 16 64 44 97 68 44 -46 -79 70 -29 67 -100 9 -35 -7 -33 7 -87 -90 -42 -82 -76 45 52 29 -26 -31 -42 92 -65 6 -11 86 42 -45 -10 49 -57 30 7 44 -56 58 13 5 -22 77 85 22 23 81 -20 -61 -93 44 -78 63 70 97 1 -72 -23 5 34 -72 -50 65 -48 -57 52 -91 96 86 85 58 -28 39 37 65 96 -89 -7 65 -12 15 -65 -86 75 62 -42 96 66 -26 66 21 -35 84 -37 71 -17 -51 28 0 -21 33 20 98 -40 -37 -76 -6 -17 46 -6 -22 83 63 -75 31 39 71 -17 -61 -57 39 39 -83 -81 -22 92 -48 41 79 93 2 1 -48 98 32 -9 -3 -72 -87 4 -75 75 42 -54 64 95 -84 -87 51 84 -56 41 54 -10 87 -10 -39 99 -72 87 58 -24 16 -83 5 14 -16 1 53 43 -96 89 -49 17 -64 67 -64 46 17 8 95 -55 -31 -20 19 -99 67 -62 10 86 -64 31 -70 45 -94 -7 98 96 7 9 -31 39 9 -47 70 17 -28 2 -56 45 42 -12 50 -82 79 -93 -71 23 17 14 -4 69 11 -39 62 -46 11 -85 -87 -11 14 -30 -21 -23 -17 16 85 -48 30 32 -54 92 29 -2 -30 87 -29 -93 -70 22 41 -96 5 -85 -50 -18 7 21 -69 30 -63 80 7 21 -52 -2 -86 -75 -26 67 21 62 82 55 1 -33 34 55 48 -30 -43 29 46 -7 91 -70 28 -13 -11 -68 -5 0 22 53 13 -30 98 -3 8 98 -21 8 76 28 14 53 87 85 1 63 100 -73 -8 -22 60 -41 29 36 -36 -38 -36 8 -66 77 43 53 29 -35 39 -89 -22 -90 -61 2 79 -100 6 -80 -10 -55 31 -78 25 43 -61 72 55 49 78 63 92 -48 38 -18 66 71 -90 -37 96 -20 65 -33 -25 -63 80 32 96 -68 1 67 -57 15 16 68 -26 68 18 20 95 -26 68 -94 -82 -76 -11 24 18 -67 -7 91 81 -14 -37 59 26 2 -21 -93 70 25 -17 99 -70 -77 -94 -1 -68 62
-69 36 59 77 25 38 59 -69 19 -19 0 -34 -72 30 78 -98 -87 82 22 -41 40 42 -8 -12 -24 81 -77 -21 -96 100 -31 -79 -13 -46 -41 62 -58 20 1 -30 48 -82 -74 70 76 -9 24 29 -26 -35 88 -13 79 7 66 82 2 -28 51 -92 40 -14 -78 18 13 40 7 18 78 -48 17 -74 -74 -99 -2 -70 5 99 55 -89 -63 32 24 28 95 -42 -100 -69 -80 -89 -65 18 -3 98 50 30 -91 -19 -7 49 76 -100 6 -41 92 20 -60 16 3 -68 -88 43 5 19 -87 -5 -65 -5 -47 63 -46 8 1 32 83 -52 32 68 -63 91 17 83 -8 51 -77 -78 -29 29 -25 63 69 30 75 69 38 57 -70 -95 -67 5 -86 -25 55 -6 -43 38 58 65 -64 11 -84 -8 24 1 -10 98 21 -48 -95 39 -70 -4 37 97 -82 -64 -45 77 50 -77 58 -90 -100 -42 66 59 -53 60 27 -50 49 -10 62 40 47 39 90 74 -72 -98 -94 -13 -70 16 -18 -28 81 -100 -49 56 73 -45 41 94 -1 -76 28 -59 -43 -61 -95 -70 -15 -16 1 -59 -25 -61 11 58 -83 11 -85 43 -18 50 50 -7 -40 20 41 31 -61 3 -82 -41 65 23 28 56 66 -94 13 53 -3 95 19 48 73 83 56 68 2 -47 47 16 59 -62 -84 12 63 36 -99 88 57 -28 -96 -10 -30 -14 -14 -39 -13 59 -72 75 99 40 19 95 61 27 68 47 -49 -87 68 74 -49 61 -85 44 84 36 -14 83 59 54 85 81 -62 69 94 14 21 -60 -2 -32 -24 -52 89 -6 37 -7 -53 11 -65 63 85 2 -80 23 -35 -99 -63 81 97 -1 38 -77 -24 -46 88 98 -40 75 -86 42 81 -78 76 38 -99 -33 28 -75 -60 70 34 -36 60 34 95 -19 -52 -19 -38 65 54 48 24 -59 64 96 96 47 -96 15 94 -33 3 64 -100 -73 84 54 9 89 90 32 75 -81 -89 37 98 -72 96 72 57 7 59 -28 -16 -64 94 84 68 46 -42 -43 68 -3 89 35 -85 -8 89 36 38 -62 -100 -9 12 34 -83 -59 24 -61 93 -42 18 -27 24 52 -17 90 -75 35 -6 8 -53 -33 -48 7 81 27 -90 -98 -32 48 -41 40 -48 88 41 0 -90 37 -89 -75 -43 26 91 58 61 -83 62 -57 -89 -38 -50 49 -29 37 -56 -12 -2 2 -82 76 8 78 -100 17 34 -47 42 47 -28 73 41 24 -56 -81 -50 -35 -52 -49 -72 92
-45 -84 -33 79 -80 29 91 16 41 85 -30 74 80 93 27 21 60 -34 90 -30 38 99 -30 95 65 47 -53 -54 25 72 -71 83 -56 -41 2 -74 13 -48 -36 70 56 -20 16 -14 -79 56 61 -84 -11 33 34 -24 -14 10 25 66 74 50 20 63 51 -51 -55 -4 49 1 66 87 -3 -57 88 63 79 -49 18 -64 -32 -63 57 51 23 -1 -93 34 -20 -93 -71 -77 -81 47 74 27 -80 0 64 -29 21 -68 23 18 28 39 27 20 96 -70 -28 -99 -44 9 41 -69 -30 32 -11 -7 73 80 54 18 74 32 80 -19 47 -50 58 94 -91 13 -93 -84 84 -46 27 72 -77 33 35 -55 38 88 -1 83 57 24 -86 43 -91 -69 -48 -94 54 -63 83 78 18 -95 -7 99 -28 12 9 66 -60 -5 -71 -87 -44 0 -55 55 23 52 -12 -52 90 -66 26 -93 33 82 29 -94 1 85 46 55 76 -65 2 88 -77 -90 -17 81 -42 -59 77 70 48 -86 23 -3 84 -5 95 63 -23 -10 -89 67 -72 50 -25 96 68 -49 79 -65 72 -69 97 -58 68 -73 -42 -78 63 -1 93 11 -25 -77 -62 58 -11 -40 96 -13 20 39 40 63 -39 15 -36 42 -30 18 47 -79 96 92 10 12 -28 62 62 -3 -22 33 100 -30 -51 -18 30 10 66 -98 58 -98 -98 31 67 65 -58 -38 52 -23 32 11 18 -36 -15 -92 -25 -12 -25 -19 96 -13 -96 -84 -70 7 60 -24 -54 60 86 53 67 -57 -20 90 3 85 11 60 39 8 7 29 89 -34 52 86 81 -62 -18 -13 -20 -56 99 -45 -68 -75 99 78 93 27 92 -64 -38 60 50 74 83 49 60 -89 -29 79 3 13 -57 -86 -95 86 59 77 29 -54 -12 -14 61 -46 57 31 92 -92 -78 -35 0 7 -74 44 -8 65 -24 -39 86 23 20 57 62 -89 -53 -58 -62 81 -79 55 -69 14 -51 28 -14 84 87 -60 -16 60 44 76 97 23 34 43 -12 40 -62 64 -55 -31 -3 -45 -28 -36 57 -1 -45 77 -57 15 96 -32 -13 -20 -29 -29 2 -6 -100 -57 78 53 30 45 -48 15 -48 -20 -74 -1 -92 46 -49 -92 80 2 70 9 -17 27 42 69 100 -83 -82 -7 -5 -62 21 -72 -37 8 -65 -81 -94 -64 98 72 95 -43 -29 -94 -81 85 49 35 100 6 27 -15 -16 -28 -26 -7 -25 -61 -48 94 40 -18 -58 7 99 56 -88 -6 43 97 49 69 -14 -34 -75 80
94 27 -85 -35 -29 15 74 -24 71 64 80 74 -7 48 90 -22 64 -22 -12 -98 -68 -68 51 -24 62 -37 29 -64 48 -34 70 93 81 -46 55 -96 97 33 -77 -58 62 -58 -29 -74 -44 -84 -96 95 14 21 -52 18 48 -82 79 -47 64 -94 5 75 -26 53 -46 -11 80 -89 97 -78 -93 50 89 77 -8 44 -53 22 -35 -71 23 -69 28 -83 -95 -71 12 76 22 85 63 -74 37 -24 -57 6 -64 -52 -67 -9 -88 18 9 6 -73 64 11 100 37 72 51 -11 -2 -22 -95 -36 53 -18 -98 0 -67 -58 -26 -68 11 12 90 50 1 -46 -45 -62 -65 -36 10 42 -30 52 53 39 -28 40 73 99 -31 -11 -62 17 -90 -50 36 -62 -3 -51 -13 76 92 96 35 29 -22 29 -69 -82 -93 -58 12 -25 38 -2 -3 87 100 94 -76 -80 92 -15 4 92 -77 22 40 62 -66 -78 0 69 -84 -56 44 39 -85 27 76 -39 33 100 67 85 -68 97 23 -70 -16 -1 28 -33 77 74 -38 -53 -40 -46 -44 -63 60 100 0 -70 34 37 -42 12 -41 72 -35 -86 45 3 -69 69 11 -66 -98 -16 3 -73 65 -87 -27 -99 90 -75 17 -6 98 59 25 67 9 6 -74 73 -83 -24 -81 -14 -70 -14 3 -80 -35 -100 -76 62 -83 -91 -16 -58 98 -57 -81 42 -97 16 -63 -56 -59 -77 15 28 62 -93 -81 60 -19 -24 -31 95 48 -53 -36 -6 46 39 54 71 -5 -29 54 52 97 35 87 -68 82 38 -72 -73 -97 -81 46 -69 43 91 47 -35 -75 -50 -30 81 10 81 76 -15 63 49 14 -78 14 48 -39 -12 -45 51 23 55 -8 92 -12 15 91 27 36 -39 -77 68 -11 -58 -93 67 -43 98 -21 -34 55 90 56 99 -10 -73 -4 26 -93 -60 78 100 34 4 -33 -52 89 34 87 -82 -17 -52 -16 -75 59 9 77 55 53 -49 -55 -11 -63 -48 -56 89 -22 30 -41 -42 34 -4 -72 7 -60 -37 -87 43 -58 -73 21 -24 -91 -26 32 90 16 -71 -91 86 -6 -30 -67 -94 -68 73 70 30 -21 -7 -45 60 72 -89 40 -22 36 -92 3 -10 74 18 17 86 -68 22 -25 -92 61 -5 -13 72 16 -31 -50 -36 7 37 73 24 41 -41 -72 65 8 24 -74 12 -55 73 -1 -88 50 -30 -66 68 -99 35 -31 81 -81 -53 -93 -93 98 -42 53 43 45 -76 98 25 15 71 -69 71 13 35 -6 -27 -62 -80 28 -93 -86 32
-23 -12 82 -87 15 85 -6 82 -41 -18 -100 97 79 -47 -57 -58 66 -55 -45 -24 41 -87 51 -26 -75 95 -95 84 47 -9 -24 -58 63 0 91 -74 -53 53 76 -29 91 -48 10 -82 82 45 -63 58 -19 37 95 -100 14 64 -4 41 -14 62 -87 -32 80 -99 64 -13 64 55 92 92 -4 86 -69 -88 -67 -97 -91 -19 -23 66 -89 69 -10 -25 -44 32 -52 -54 -24 55 -59 67 -26 -82 -30 -39 -51 13 -72 -36 72 63 44 -78 63 -35 59 91 -1 -78 -50 -12 12 45 -48 -18 -7 -85 -37 60 17 43 -35 -15 -62 -68 -23 -12 -40 -74 -80 58 55 58 -7 37 33 9 50 96 95 -51 7 4 74 -72 -78 97 31 79 81 -19 1 -95 -17 95 90 93 93 -8 -57 -72 75 43 56 -85 -3 -89 2 91 11 100 86 -74 -68 -9 83 -39 31 -64 67 77 -46 39 -52 40 24 -87 29 51 84 -64 81 69 93 94 4 21 61 80 23 28 43 -92 3 67 -21 28 -27 73 63 -74 -96 25 -4 -77 56 -67 -56 -38 83 -80 36 66 -26 -68 61 40 -55 -49 36 85 -6 59 74 -28 61 82 7 -59 -33 -9 -89 -76 90 75 60 -56 81 90 -19 93 77 -76 29 -15 29 23 67 48 -85 -6 10 -49 -5 -46 7 88 44 -48 77 -9 12 3 -27 -2 40 -72 -15 -17 -80 85 -3 -96 -4 99 -54 -85 -24 -13 26 -38 57 58 25 75 -93 -91 -81 95 21 -9 89 17 -1 -40 -88 21 21 0 -60 39 64 -13 -11 -6 -94 -40 5 79 -62 -23 90 70 78 -81 -38 87 -16 -87 -42 0 -89 34 -20 29 5 77 -28 -54 -49 -68 -62 30 -64 -68 98 -4 -1 -38 -4 25 -97 2 82 26 -41 -20 18 -57 -84 -100 -21 -69 9 -35 9 100 48 -24 -34 48 -6 -17 -4 -83 -32 97 35 72 -79 0 19 -35 -68 -98 -20 61 83 -96 -72 3 88 88 -68 -2 -85 -47 72 37 -94 52 -54 80 61 -39 71 43 -29 -63 44 -32 -91 -3 -12 -91 99 2 -61 -28 -38 95 -53 -43 77 -40 -95 28 -46 -71 -80 -4 47 -88 -54 -96 3 -37 -45 -57 53 32 9 75 -24 -66 -90 2 5 93 33 37 94 -67 -19 -10 -63 -30 -64 -16 -25 53 93 -40 -13 -72 75 -50 32 33 -88 77 74 -66 5 -89 57 -85 -53 10 -17 -92 -52 18 7 -43 -95 9 -68 -35 87 -45 65 85 -56 79 -80 66 -18 35 33 -30
-33 56 -6 -53 -3 -68 -52 48 13 49 -77 -72 -58 -74 -96 55 -35 -9 -6 -7 -85 -89 9 -43 6 -69 -87 -89 36 48 -78 -29 55 -10 -73 -7 12 -31 -84 89 -66 51 87 38 -46 61 25 75 56 37 -36 -22 -41 8 -79 93 -41 29 -27 18 2 -12 86 -40 -96 97 -11 -89 65 -42 -58 -43 89 64 -67 48 79 18 51 40 29 10 69 85 -47 -27 51 -20 25 65 -45 -95 59 78 82 -89 41 -1 85 45 -24 35 90 81 -93 87 -74 -25 -23 77 52 -84 -3 -9 -54 -61 79 1 37 5 72 -62 -59 -25 49 44 100 10 58 65 37 -84 16 -34 -24 66 -33 -17 62 86 80 99 56 -7 -38 65 -46 11 41 -40 -93 38 19 67 -91 16 -13 -75 85 -35 6 -63 -77 -58 81 -10 78 -9 -48 100 -64 -39 81 9 -72 51 -97 56 -83 56 4 77 99 -62 -14 -35 -57 -16 19 97 -28 -54 -25 73 -80 -42 -99 81 -86 74 4 25 -47 -41 -59 -80 -30 60 41 -67 99 -35 -33 -92 50 14 -89 47 48 -46 -3 -86 -6 93 51 -20 -12 11 -54 79 -58 -62 6 9 48 89 -27 70 6 63 -48 -55 48 -32 1 23 71 -14 -59 90 95 -67 46 82 85 71 -50 4 66 78 60 -94 0 33 -94 73 44 -30 -77 -58 -35 93 -57 34 78 40 -29 45 -73 20 31 66 39 -7 26 -56 -9 -63 -14 -97 10 88 31 65 82 71 39 94 12 28 37 29 -7 -22 -7 -48 -94 80 96 -43 -79 -26 -40 -18 22 -100 55 -81 -99 -46 42 -73 13 95 -51 -91 -98 53 55 80 -90 85 -62 37 -94 -11 21 -6 31 71 -84 -76 32 -75 86 -45 31 69 13 12 96 -37 -23 -37 -100 -88 32 -26 25 93 60 31 -4 40 96 -80 32 55 80 -25 -21 -76 61 -61 -51 22 -22 70 3 54 -42 -82 -87 -60 -80 85 -14 49 29 -13 -63 -55 -16 54 22 -53 -88 86 33 74 37 -74 -18 19 -70 27 82 -53 -59 13 12 -44 -70 30 3 -50 6 -45 19 48 68 65 -48 -28 3 9 70 68 -67 -56 -22 68 79 76 -73 96 -7 -64 -51 -13 -16 -50 -73 -58 -29 -4 -27 -73 76 96 0 65 -71 94 -97 -81 -75 -45 -44 98 -59 34 96 18 -5 -68 -24 -6 -12 54 -72 68 -90 -72 -13 13 29 -79 33 -46 -58 80 38 -34 -6 -14 84 96 74 -56 6 -51 -24 -61 23 40 -79 -52 -39 91
78 -47 -74 -35 -26 21 -85 95 35 31 -52 71 87 26 67 45 -100 -83 85 9 24 79 92 51 -40 89 33 86 -96 45 -40 10 -75 -12 -88 -66 14 89 -78 63 51 22 93 -42 -17 34 87 57 21 -15 -59 85 29 52 -42 13 -79 -75 94 31 77 51 -25 4 -27 -31 100 -96 -72 70 55 -17 -70 -53 71 30 -25 -18 65 26 -22 -36 1 -85 52 -88 53 62 30 65 85 54 -53 22 54 -85 -21 77 -50 24 62 -19 -21 -16 26 54 64 -74 -54 -97 -9 -84 -95 -98 20 65 56 -1 -93 -83 -35 4 25 49 68 -73 58 4 -5 -49 -15 26 -82 -76 2 15 -16 18 49 25 -76 2 28 84 -45 28 -86 68 47 49 95 12 -20 -56 80 15 -58 -18 -22 -11 10 -52 -78 25 86 -83 -79 -47 99 25 -93 -94 -100 27 -74 -3 41 83 -70 94 -65 -91 86 -37 -32 -15 54 -22 -85 -22 2 -54 -39 42 54 36 -88 26 -47 -90 16 -85 -98 82 0 -96 40 39 -98 1 -53 -17 22 53 92 -63 -37 -99 -96 -89 69 -62 -42 92 40 3 28 -84 67 -45 53 43 18 33 82 -99 66 51 -47 -75 84 -2 96 -38 1 54 25 91 96 22 6 96 5 96 -84 -97 70 -56 85 -82 92 -60 7 -43 -12 56 -72 64 -53 23 44 82 27 34 -21 -63 0 -82 -35 -36 -30 34 -55 -65 -8 67 -84 -23 -39 14 19 -55 -91 6 -96 -65 -18 -28 -83 -71 -13 -13 -96 55 61 -34 70 -42 -74 60 -57 97 -50 -9 82 -90 46 48 25 -83 46 -20 -81 6 -81 -96 27 12 41 -49 -66 60 53 67 77 45 45 -96 -9 72 -79 75 22 34 -47 83 73 84 52 -80 -15 -99 -40 66 -96 -40 -22 78 66 60 46 33 -77 -6 -16 -60 -40 16 50 21 -9 23 -67 51 38 56 99 23 96 -84 -28 67 -29 35 -49 71 38 -59 59 18 -94 -38 -8 -98 91 -72 -6 26 25 96 52 63 -30 -47 41 -94 -86 16 -74 43 -67 -15 44 49 71 -70 27 -49 -52 -64 4 -62 -96 -22 -7 63 -72 -11 96 5 -51 -92 67 24 48 -15 36 -31 -44 -54 77 -13 14 39 -35 22 -37 -63 0 -70 69 81 -70 -22 -42 -16 -36 -44 71 48 -18 -75 1 27 -9 93 93 -85 11 -90 -66 71 43 -25 43 -93 -80 45 54 99 21 65 69 -78 35 -93 -4 -28 -8 98 16 63 10 -31 36 64 -26 -30 -85 9
-64 -38 -86 18 47 -92 87 48 67 67 -68 -97 80 60 7 95 2 -84 -58 -38 -43 58 49 -28 82 -67 -66 -19 -54 78 -14 3 -1 97 -1 -31 -21 -20 -42 -83 -50 -99 -33 79 -21 -27 -37 -61 76 -33 -27 -28 79 95 36 -41 -21 42 -88 -2 37 2 -60 -52 -72 -23 -77 -86 90 19 -1 -69 62 95 5 87 49 61 -39 -88 27 -25 100 11 -60 -91 -54 67 24 -72 -6 -4 -86 -28 11 -96 -20 40 -57 94 -14 -28 42 74 29 60 -72 -90 -35 -58 -74 69 29 -46 -31 -93 12 20 -91 59 -9 31 18 27 39 -88 -46 -31 83 -77 -55 19 -38 -89 -41 -4 -91 -84 -39 -51 55 22 73 -89 -80 31 57 34 -32 65 85 58 -65 12 -42 -56 75 -93 -20 99 -26 53 27 52 89 52 20 22 5 49 34 42 -7 90 82 13 92 -73 49 83 88 -57 0 51 -87 -85 -78 2 -25 45 -87 -9 -65 88 -81 -32 -62 18 68 89 -100 82 88 -32 -94 45 -26 -22 49 79 -83 0 -30 -70 4 18 -16 -2 -76 69 -90 72 27 -28 72 -87 -23 22 17 81 -58 82 -21 -66 -3 70 -68 98 45 77 -99 84 -90 82 -75 67 -4 62 32 -74 46 23 -73 24 20 -42 -95 24 61 48 82 47 83 -75 44 -41 -64 -43 41 5 -22 -5 -65 66 82 -94 12 56 -60 77 74 15 61 1 17 91 -67 -27 3 -15 67 2 -30 18 79 -53 75 -79 -4 -86 -16 52 -48 72 -91 73 27 -94 -52 8 18 -90 6 -22 7 -29 3 -88 73 6 -6 -66 7 -37 99 53 76 1 -54 -23 84 -4 -100 13 -34 28 77 -68 9 -87 -36 84 4 24 93 40 81 -61 -98 61 -85 78 -98 -67 64 50 79 64 -24 -87 -41 39 69 -4 -54 20 -50 35 -44 -51 -32 -55 33 61 -20 -77 13 -75 -73 -24 6 43 -40 50 -71 85 90 76 -85 84 24 -66 26 -75 -92 -36 79 2 66 -12 24 42 -71 -77 -18 46 100 70 44 -3 -94 69 76 15 -12 58 51 -61 63 85 43 -26 78 83 79 -56 19 -78 -1 -35 -12 20 -8 -41 31 69 -41 56 34 -37 -31 42 -96 4 -48 -92 -78 -2 58 -55 -80 24 46 39 34 89 -58 100 47 86 62 63 -51 44 23 -7 -55 36 12 76 -26 -67 -2 33 -18 87 -34 47 17 -35 -52 53 49 -63 92 -77 -6 -29 -76 -71 34 -47 -20 69 -47 -30 -82 28 -70 36
92 -4 -66 -50 -100 71 59 30 95 88 91 -21 33 -33 61 64 -31 -39 -95 -66 15 -86 -84 -71 -30 -60 45 30 45 48 4 -88 23 -51 -27 72 16 -45 -24 -26 -5 -71 50 -96 94 -5 -24 92 100 -93 -65 82 59 60 -31 -64 -57 -79 -56 -53 -11 66 44 -75 -13 14 -17 -36 -62 69 82 -11 18 -19 -78 48 -20 59 -20 -14 -95 32 -37 -74 -58 -2 -19 58 77 75 -36 100 -16 49 97 81 -28 99 -62 -25 -43 13 -39 24 18 -90 -23 -4 42 48 -79 17 62 -61 82 9 -75 -70 50 -64 -18 17 47 -47 -59 61 -67 -53 -22 29 -69 -23 13 92 -26 54 63 -42 -16 -100 -58 84 32 -63 -51 82 54 -10 9 81 87 34 -58 68 -43 8 79 18 -66 60 -30 19 60 -25 -3 -35 70 -87 5 -95 29 -65 -5 69 -76 57 -54 32 -38 96 41 44 -63 26 -98 -7 -49 57 64 33 56 46 -79 -73 -66 13 90 34 2 4 3 82 -37 32 33 -78 87 -25 -25 97 -85 40 -34 -32 -60 45 63 23 -62 34 -58 67 -65 8 77 54 41 31 -68 -5 90 -97 83 13 9 -32 88 17 90 -100 58 -97 -65 7 -47 84 84 23 -97 81 39 -36 -13 -22 0 -71 -96 27 69 -48 -41 40 55 98 30 96 -1 -27 32 -19 -90 61 -38 91 -64 79 57 -88 64 45 -7 -16 51 -48 15 -84 -68 -95 -66 -25 55 35 28 90 36 -80 31 -17 72 -82 -41 61 5 23 73 -77 -6 43 -39 -39 -93 -80 7 -89 67 36 -4 0 38 -96 -32 -20 -23 61 76 -67 -28 58 -96 -24 -71 51 19 -31 9 62 83 -31 40 -5 63 -60 15 99 20 -65 92 4 16 72 51 8 -16 77 -31 -57 86 43 21 68 -93 -40 -12 -89 -83 48 10 -2 98 100 -17 -99 -43 -20 53 -90 27 -35 43 47 47 -24 32 -39 95 27 36 -33 -87 4 58 30 84 24 62 -86 50 85 58 -3 87 -98 80 -30 -57 7 54 -81 15 29 -42 76 52 74 -67 9 -49 -75 93 61 4 58 -81 32 82 70 -2 -50 -85 -48 73 -77 76 64 56 -100 18 -35 86 68 -29 -98 76 -5 -58 7 89 36 94 59 29 94 -62 -30 -17 -98 -59 9 89 13 89 57 66 2 -47 -11 -40 80 52 -54 -79 -12 -10 -8 34 -3 95 -82 86 -35 -13 -21 96 86 -31 93 -63 -54 17 84 91 -50 -98 21 -4 -15 -29 9 -94 29
-79 73 52 -94 43 -66 68 28 -20 -53 2 67 -73 8 -94 -91 -52 51 89 -65 92 94 3 100 -46 -78 -87 7 -34 38 54 -45 -58 -97 83 49 -36 -43 -4 -84 55 -37 51 -25 4 -88 -46 -87 -42 58 58 -92 -5 14 32 65 -33 0 -66 -97 16 -85 86 -35 20 -95 -66 -67 32 -95 92 -10 0 87 35 -99 -29 -15 -59 69 -3 60 -12 -90 62 20 -5 6 -82 71 68 -93 -67 -68 50 82 -73 29 83 36 -92 77 42 -80 49 97 -28 -99 73 66 -59 26 -78 -12 -65 -29 -65 -15 -15 78 8 35 -8 76 9 -65 -67 57 -21 -92 -29 74 -72 -73 -14 -42 -5 94 86 -69 22 69 -25 -85 -54 92 16 -87 59 -48 81 63 -13 32 -96 -11 -47 33 5 -86 41 -6 25 58 -1 -2 78 -66 -75 52 52 51 82 -78 -81 23 68 77 -77 -11 14 22 70 81 -93 37 72 -1 54 89 54 -84 -74 -27 78 -77 87 55 -83 8 -25 -35 -55 70 -87 48 -64 -40 74 -71 43 14 -41 -6 38 0 -77 15 39 -46 96 -27 89 16 -54 12 -15 -30 -20 9 14 42 49 34 -1 -55 -27 -60 98 11 -23 59 32 -43 36 37 1 -71 -41 -44 39 79 3 76 -6 91 69 96 60 34 -55 78 -99 -26 11 -10 86 -92 74 14 97 23 51 -68 74 59 50 90 -32 -67 -3 68 -55 4 24 8 72 39 6 0 46 -49 -95 -28 16 26 77 70 -79 46 -11 37 -62 -60 68 72 -96 -47 33 16 -9 -86 29 -52 -55 -57 -100 71 -29 99 38 4 -78 69 -62 21 45 23 -85 -40 35 -59 -37 21 82 96 -16 39 -54 94 39 18 42 75 77 44 -79 45 -76 59 30 -44 84 17 91 -8 -35 11 98 -33 62 28 22 9 -48 24 -89 83 33 -8 65 80 -15 -69 -15 20 29 93 -55 -3 -18 -52 -89 48 -4 -48 -19 -42 -93 99 49 63 -67 13 -21 6 30 100 8 -21 -12 89 -54 46 13 23 -7 -34 10 -1 45 -40 -22 -91 8 31 54 45 -56 -68 79 -58 59 -53 84 0 -50 -5 69 -68 -94 -73 -6 -90 -89 -10 -2 21 -42 -18 41 -73 -15 11 -20 -90 33 -17 100 96 -43 -8 92 -17 -36 48 -86 57 58 57 3 80 -80 -72 77 80 -86 -13 -3 -59 -16 -49 28 73 27 53 72 -11 53 100 98 59 -52 11 -77 93 86 -44 59 54 33 25 95 7 -7 75 -47 65 45 89
-14 1 70 -16 57 99 98 -27 -64 -9 -97 0 9 15 -25 -71 -67 14 72 -76 89 17 76 75 59 10 -18 -23 -49 97 37 41 -100 50 10 -40 -4 69 -66 -6 17 -64 15 -94 -15 43 -85 3 91 -51 71 -55 -68 71 -34 -63 -49 5 12 94 28 63 55 -83 -24 -51 -39 -7 71 -26 -86 -25 16 95 -9 68 -34 21 94 83 -59 -36 -6 48 -13 -75 67 -78 -36 8 -20 55 -69 2 -35 86 -52 14 -25 19 35 -13 -83 -26 22 82 80 61 -48 90 96 -36 49 -8 -24 45 -32 -35 -10 28 37 -18 64 -19 -14 78 -92 10 79 -58 71 17 -23 73 26 78 85 11 -96 70 -42 -58 -52 13 13 -66 34 -96 -53 -19 56 74 58 -35 22 -95 43 -12 -65 -40 -56 -37 58 -31 -99 -100 4 35 -34 -69 -88 -93 14 -21 72 32 -21 23 63 -14 -86 -96 54 17 22 77 -16 -15 -41 -49 0 -9 -2 14 -87 -90 -99 -53 -44 -29 37 35 -75 -99 88 29 20 56 -34 55 -9 93 64 43 -96 -7 -51 -25 -16 5 42 -63 -32 28 46 25 83 37 -29 39 17 75 20 86 -76 -100 -18 -34 -66 19 1 26 27 32 -8 -82 27 -35 -87 12 -77 -59 -2 -83 -56 -58 -1 -28 -71 -75 93 -97 99 18 85 57 10 28 -93 50 -97 -28 -100 16 -46 20 -1 35 95 4 -3 -93 -17 7 19 92 -83 50 32 -97 -2 -76 74 -29 45 -52 -65 31 -45 -98 -44 -22 26 76 37 32 -52 -47 -24 90 -88 -47 74 4 -79 11 -82 -41 -97 13 47 -63 88 -35 87 -54 -22 46 -19 20 -51 82 -2 76 20 71 -44 -90 35 91 -8 -96 48 9 84 73 -30 25 88 56 72 -2 38 -39 -52 -84 3 -40 78 -85 0 44 72 -31 9 -50 -53 75 11 -9 2 99 -86 -32 36 -47 -68 65 79 30 -75 -24 99 -14 36 -75 -72 -98 -2 -64 -32 -28 85 82 -54 61 -85 -76 -29 -39 -69 -78 -32 -93 -82 29 51 -41 -50 49 -46 81 81 65 -45 -64 76 -93 -64 35 12 17 12 49 -85 -66 86 -64 -39 -37 10 -6 -100 -80 27 -14 -46 36 35 -82 -61 -87 -61 -37 72 18 69 53 62 -6 98 -5 -10 -37 66 -9 68 -42 65 21 -79 -69 -60 -95 -30 91 -56 17 -6 -93 32 -97 -77 37 3 83 43 -87 -79 -60 -55 -82 -79 -43 -31 78 -19 -30 66 100 -69 88 -81 66 -79 -1 -21 44 -64 43
-61 46 100 -84 -22 99 36 33 74 -67 2 -39 -7 77 -23 75 -64 9 22 -5 -48 -12 59 72 -85 74 -68 -97 -18 11 76 -46 40 67 -28 31 53 -73 -45 63 32 -5 49 97 86 81 -99 40 -35 100 -92 -42 -83 94 32 69 -5 66 16 78 -78 65 -41 -92 -98 34 -81 -62 -41 -52 -9 92 5 88 -12 -24 38 -57 -25 -1 40 77 -42 40 -74 -41 -22 81 39 92 63 74 31 95 -11 -97 43 -78 68 42 33 66 29 -45 -41 33 24 77 -71 100 -54 -22 16 60 6 48 -76 85 59 46 -74 -2 1 -7 23 31 -70 60 58 -26 -26 74 -92 43 37 5 -65 -1 92 67 -27 95 68 -80 42 -55 -84 -57 71 -69 -15 44 -59 78 -45 17 34 -81 39 58 74 53 -68 -39 36 -49 12 62 -63 81 -95 -11 -3 29 96 73 10 46 33 96 -17 1 -91 59 -71 3 -88 -95 -62 92 27 -49 -45 -29 -51 61 -11 -39 95 -67 74 -79 -81 96 -84 98 -95 46 43 21 56 88 17 -65 -78 -34 -83 -8 50 -80 -57 -66 -100 -17 -78 69 -28 -11 83 -4 -30 -51 12 -42 43 51 2 -29 -50 -86 47 75 -37 -74 -5 21 -94 62 -30 37 -68 -69 38 53 49 17 -11 -87 54 83 47 11 -74 93 41 -28 -93 88 -98 35 8 48 -18 -34 71 -28 15 32 100 13 50 -97 8 13 -78 -83 0 4 16 42 -76 -56 89 58 47 -75 56 6 -42 -85 20 -1 -53 13 0 -22 69 85 -73 -63 9 -81 -21 -82 -42 94 -69 42 -82 -42 44 68 -14 81 9 -42 15 10 -74 -56 -3 -72 -24 21 -18 38 69 33 25 -1 -10 61 68 -25 -97 31 -57 56 -46 14 15 -95 -32 20 -51 -4 60 45 51 -25 -67 -97 -43 -93 -87 -100 -94 -98 13 -76 -85 -84 39 -37 -54 -67 -54 14 -77 -90 -70 -7 -6 -51 4 50 -14 -74 17 38 95 36 46 -85 -79 52 89 65 28 -42 67 -12 -14 -99 42 32 -91 98 92 -67 -18 -84 -43 -50 67 -76 18 -2 -72 -57 -6 53 0 -74 4 1 -64 91 -83 48 61 53 96 -57 -67 5 11 92 6 95 -83 -25 -62 36 -41 -41 85 19 93 93 86 -52 15 -74 -79 22 -18 -40 -19 -84 -44 18 7 57 -12 -78 -89 -84 75 86 -78 2 -8 -92 16 -58 -17 99 -97 55 -56 -81 -94 -94 16 -100 -32 81 91 -39 29 1 21 61 -6 61 -44 -4 58 -8
84 -52 -78 72 0 -7 8 83 23 -42 24 62 -33 -98 13 23 -65 70 -39 64 69 20 78 -55 73 -50 -39 -13 24 75 -57 -73 -97 -10 -36 -13 21 -90 -99 79 39 -19 70 -16 -13 -80 69 79 75 97 -23 -62 95 52 -28 51 -49 48 -61 33 -71 -73 92 -42 -67 -12 -49 -60 8 -21 38 97 -78 -15 -49 94 86 93 4 3 52 -84 -47 -89 -68 5 -25 -2 -14 26 9 85 51 86 -23 32 -72 -11 -68 55 33 -60 -13 -59 -24 -5 -70 -31 -62 -94 12 60 73 40 24 -46 71 -63 -73 91 -64 51 -17 26 68 51 67 27 -84 48 21 -70 -27 31 2 13 9 67 -67 -71 0 84 -94 -41 78 34 40 74 -8 -88 -94 19 -62 -52 1 86 -38 62 42 -31 82 78 87 26 52 55 -89 91 97 68 27 -81 70 31 83 -11 -83 -80 -62 98 75 -76 64 -22 65 -94 66 -72 -12 22 85 -52 62 -93 25 53 -97 20 61 57 -61 -28 -80 -47 79 -19 -6 -78 -37 76 73 24 -3 34 -76 94 20 -23 27 -87 -41 73 62 -67 68 21 30 -32 29 -90 -6 13 61 56 -17 -79 26 -20 17 89 28 -32 -84 -43 -40 34 51 44 66 -85 43 -82 75 15 65 95 42 74 -25 81 45 96 -17 9 -93 35 -22 -73 7 -51 -99 76 -70 -91 34 -92 60 -50 -68 -2 -68 72 41 -60 -86 -5 -47 -47 -55 89 -49 -28 24 48 -79 51 -7 9 -61 34 96 13 67 24 32 61 67 30 76 2 -60 -77 79 95 80 98 -36 41 75 29 -70 13 -69 -6 -93 31 47 54 34 20 94 -85 3 -13 12 29 -82 43 -60 97 -5 -88 35 -24 8 -15 53 20 -100 58 -70 -56 41 -15 94 69 -58 -94 -91 5 33 37 72 45 61 45 34 -21 90 -52 40 58 74 -79 41 -84 42 -21 -71 -21 3 -12 -22 -17 42 55 -75 -8 42 -65 44 3 -31 -34 -4 -63 -66 -80 -9 40 -16 -27 -69 50 -7 -32 -76 -5 75 75 -26 35 -37 -49 -21 -88 9 30 -20 6 -44 84 -73 8 0 -98 59 -64 -40 -100 26 -48 -100 46 -58 -29 98 -90 9 -7 -91 53 66 99 97 -21 -65 -13 24 39 68 -36 -82 7 -25 63 -97 99 47 -91 -67 61 -81 -42 76 45 -34 24 -69 -33 52 -95 -27 77 59 0 -53 6 85 16 -32 -84 17 94 14 12 -97 10 -88 -60 -85 92 -32 68 -85 9 43 -4 65 96
52 26 -91 30 -59 -63 25 92 2 50 -69 -25 -89 51 -61 -86 -94 68 -27 33 -8 -71 -64 -25 -89 -74 13 -20 69 -83 -73 67 -36 -3 5 77 73 51 -7 20 11 46 -66 -82 -32 -85 66 -50 -58 21 -19 72 52 76 -4 18 -18 10 -75 71 33 -97 58 81 -41 -33 87 -45 -93 -77 -72 93 -85 -73 16 72 -61 56 -99 98 -46 -62 -34 -49 -72 98 -16 31 -99 79 76 26 -4 19 -28 1 -66 43 -25 -42 19 34 -57 47 -16 -77 -75 -67 39 -33 73 54 -67 -19 87 -50 -25 -11 -94 28 0 -11 59 50 -23 -4 37 55 -97 74 15 -68 -26 10 -89 38 62 -66 16 72 -38 57 15 57 -54 -80 -33 -7 86 -75 42 -24 26 -38 -65 -98 42 -26 64 68 22 -16 -40 -100 -82 -15 69 6 30 -47 -90 28 26 87 94 44 88 -12 22 -70 -67 65 35 88 2 55 31 -16 38 -35 77 -35 85 -9 -17 -97 -99 -26 -79 49 -1 -39 8 -45 30 91 45 28 -28 49 28 -33 -99 78 -62 -84 80 -60 9 -56 8 26 39 78 16 11 -79 -12 79 -80 -92 -63 -62 -79 -53 60 93 -23 -6 51 -33 -35 -98 -15 47 90 99 69 23 -16 -34 -34 -75 35 -93 -60 -13 -73 13 -92 -7 12 -48 -46 -2 4 88 -85 33 -18 -92 39 62 88 -49 92 23 20 -72 88 25 -43 44 24 -57 74 51 -30 74 -11 39 -42 -31 -95 -89 75 -10 90 -96 54 12 -2 -36 -10 -98 94 35 33 45 76 -80 57 -42 -64 41 16 -59 66 97 -64 95 -32 -23 15 59 -25 -99 -41 5 95 61 79 92 75 89 -42 93 -20 -13 5 -8 -66 61 -51 4 -66 91 -18 18 -42 95 67 -90 -36 -28 24 -37 88 16 -85 -40 -19 -42 47 79 -78 -85 -87 97 58 -45 67 -4 0 -69 96 49 68 -76 99 -83 83 33 -46 44 55 -14 90 4 27 1 -77 -95 92 -19 -50 -66 23 -43 25 -13 43 -43 72 -63 -84 0 61 -44 -85 56 -78 38 67 -87 -74 -15 -98 -87 -60 -3 -86 -67 -38 38 3 25 -28 -17 21 -56 -30 -97 3 39 40 7 42 78 -100 0 10 -64 -27 36 40 4 28 -47 -20 33 -21 -22 79 74 -22 -88 80 38 -29 31 -74 52 -72 -81 -38 -84 -96 -42 -4 25 -100 -37 83 -29 -95 61 77 -43 64 1 62 32 64 -77 5 -29 -56 -15 31 51 -42 -37 -99 -2 -53 73 88 53 -92
45 49 -96 30 63 -31 -43 15 -44 2 67 -22 96 83 10 -79 69 7 -18 42 -37 82 -57 55 -2 41 -15 94 -79 -77 86 24 -83 -52 75 -79 -60 60 -59 24 76 94 -4 -64 72 60 79 99 -81 -28 79 -78 -46 29 -93 -18 -22 -78 -70 60 34 -21 -13 -51 -29 -13 35 85 69 -66 -34 85 93 22 -12 -14 22 -18 85 78 -93 33 50 -27 80 -51 -31 89 20 44 -90 77 -98 -92 -88 -93 67 73 19 -98 60 -26 -31 87 99 43 -83 -8 20 -48 21 -100 -23 -2 86 -19 58 -6 -24 56 14 2 26 -82 -8 -52 -89 3 -10 -68 -52 91 -75 -71 74 -52 -100 90 58 83 22 -54 20 8 -5 -52 29 46 -29 -11 76 -99 35 18 45 94 74 25 -100 92 -93 -57 -83 2 -100 -67 -6 92 97 -18 94 81 -99 64 56 -44 47 41 -24 -54 1 60 -83 34 0 -1 -61 -8 -64 14 -2 -10 -74 -64 80 -41 25 52 -86 -3 53 72 33 -88 35 95 -90 81 18 34 62 -46 -84 2 -68 55 -54 -89 52 26 36 87 -94 -42 -12 57 -2 -62 14 -30 -64 -70 -54 90 -58 -81 -43 57 55 70 46 87 38 77 -53 34 -10 -70 99 -98 74 -73 85 65 -37 50 -19 -27 45 -92 48 82 1 70 -32 -7 100 -80 -60 70 -73 48 -10 -85 19 77 -5 11 85 18 -68 -44 -79 91 20 35 -36 -72 64 -68 -94 41 14 7 -80 -30 68 -65 -19 -29 82 7 -88 17 -73 -65 38 100 -16 100 -82 -20 72 -57 56 -5 -15 42 -19 -92 19 -81 -87 -21 34 51 -75 13 -88 -51 4 -63 21 -2 -23 26 -93 98 -16 -92 -33 44 -51 -87 -45 -85 -39 -6 64 93 -56 93 57 91 -1 28 23 85 94 -88 1 -52 -31 -9 -9 -7 -20 49 -78 -42 -6 -57 -48 -27 66 39 47 -43 96 -30 -92 25 11 -90 98 -61 83 -11 -7 36 41 -16 32 -93 12 13 -97 3 21 78 41 93 65 53 46 -69 -16 82 57 -48 -88 0 56 21 -29 85 40 26 -2 62 -39 17 6 96 92 3 -77 -81 71 14 -37 -32 48 -78 -44 62 -2 87 -90 -99 44 55 5 76 -55 -93 -9 55 -26 76 -36 40 49 -29 10 -93 15 -92 -82 56 -21 32 16 -86 -91 -80 97 34 -51 -33 23 -78 -44 -63 87 -76 25 99 -30 69 -72 62 30 50 15 -47 -74 37 78 -39 -49 -78 -67 -69 53 -97 3 -26 -23 -7
53 25 -64 -32 -78 100 -75 -100 21 -10 28 -9 -70 -48 -66 -54 19 -72 75 32 56 -60 -79 -56 97 26 42 78 -45 -21 100 55 1 76 -61 -26 -64 0 40 -84 -27 -59 40 80 -8 -83 -99 1 -55 7 96 -66 92 -58 80 -46 74 -1 -79 58 90 -52 59 -12 -38 98 28 -33 -43 -96 75 -23 -72 30 91 84 -5 5 -79 2 -21 4 63 32 -49 27 -10 86 17 2 -12 0 79 17 -78 72 28 -89 68 -17 50 -81 -41 -92 12 -70 47 -29 19 -56 90 -61 82 -25 -45 43 20 2 -4 -74 50 96 -6 17 -32 74 -25 38 -77 -16 -14 93 -28 -100 -35 -29 95 -92 34 -68 -24 89 19 -14 -5 49 -58 61 -100 51 -32 21 -62 -32 -99 50 26 49 29 13 -88 58 -74 98 -54 69 -69 -98 -22 28 3 65 -46 45 -79 5 82 -7 -63 99 -7 49 42 10 96 26 4 -59 38 40 -54 -12 5 99 62 -49 -4 -19 -30 36 46 -78 85 62 -39 76 3 71 -47 93 -100 -75 21 68 62 71 25 -31 -94 -10 -11 -71 -2 -66 55 20 1 -61 -76 -32 -75 58 14 57 33 49 -50 31 -35 -42 -85 -56 12 -32 -10 -10 -100 -64 -79 88 38 -34 -65 96 -7 -26 71 -47 15 64 -32 -42 -89 -85 -18 -32 -33 53 8 -86 61 -78 -79 39 25 0 79 -28 34 15 41 -5 38 -45 57 -70 -48 -65 39 -2 -12 93 60 -76 26 -8 40 79 41 -52 -44 -70 -95 -30 6 11 -26 -30 90 68 -25 100 -78 -75 -24 9 93 50 78 4 45 88 86 20 -10 35 7 22 63 -32 40 52 -19 98 93 39 37 14 78 44 -54 51 28 20 -12 65 67 23 98 -34 -67 16 65 19 11 -6 49 -5 23 -33 -88 -11 -19 -72 -9 -84 -39 -24 79 -17 70 -40 -2 97 -1 1 -4 26 -93 -48 29 -21 61 -16 -67 73 72 -54 59 37 33 24 59 -30 -42 -99 61 51 38 42 77 -74 -17 -54 -39 -33 58 -3 -15 10 -36 4 -68 -53 46 17 -96 65 -10 -11 51 -18 -17 -21 -20 35 41 15 -12 56 95 6 79 -56 63 56 -22 47 76 -83 63 -29 -69 7 63 63 -100 31 -54 -52 61 -14 -71 32 -37 41 67 -100 -86 72 84 -68 30 -32 32 -71 8 46 42 -10 64 13 2 75 -55 -33 -92 -94 73 12 -73 -89 -68 -42 88 73 -97 93 -35 5 -67 -35 -28 -95 -80 -18 -5 -98 19 68
-30 -48 -38 77 -48 12 17 -3 -87 77 -30 -21 -86 -41 -70 8 -98 -90 91 5 -68 -62 73 -54 98 75 -54 -26 -99 57 -57 14 52 -76 84 -85 8 -46 -77 -82 -51 92 49 23 43 80 -84 94 -97 32 38 85 64 47 -95 9 66 -87 70 58 5 39 67 -59 -90 -19 -45 -20 -34 97 9 54 -67 94 2 91 -85 -25 4 -56 -19 -48 46 -19 25 -66 -95 8 -65 59 30 -9 50 54 -72 55 -79 -73 84 38 -44 5 -53 88 -15 47 -73 40 -76 42 6 -58 84 -24 -84 22 -79 -40 62 -11 90 33 35 27 -9 -62 -92 25 -15 -37 -95 99 -28 94 -12 18 2 84 -28 11 23 30 3 73 36 6 82 -36 41 51 -17 23 36 55 42 -7 -24 39 -33 20 38 -81 -15 11 -88 -88 92 -92 77 -32 35 0 69 -79 -96 45 63 72 -17 -9 -84 74 -71 -59 -52 60 88 -71 54 87 -19 -51 55 18 21 -30 34 85 71 -32 -12 66 -4 82 22 56 88 84 -71 33 35 99 -40 -39 8 -30 -48 75 94 -25 67 -89 18 -57 81 -44 74 -75 10 86 -45 -5 -64 34 89 82 -80 -24 86 27 48 -86 -10 50 -99 38 1 -55 42 -78 -91 -99 -40 12 55 12 -31 92 -40 -98 61 59 80 -76 -24 2 88 50 -22 53 -3 -28 18 -38 -99 -70 5 49 -44 -10 15 48 -58 56 -10 23 -64 -99 23 46 98 84 -19 -54 49 -30 69 -61 -88 -17 28 -13 24 3 -67 68 52 30 25 -72 -74 -14 44 -79 21 -38 28 44 -39 76 74 82 53 -96 -39 -33 -81 -31 -51 88 -14 100 68 93 -34 72 60 63 15 26 77 -97 -17 50 -14 77 -32 -19 22 -20 -51 -51 -43 41 -31 -50 59 -37 -35 13 -17 -55 70 -20 81 17 -98 -80 82 2 -36 -99 65 53 12 67 -50 -88 93 -80 4 6 19 -13 -54 11 98 34 -21 8 -36 -78 -64 46 -39 61 31 47 -82 30 -59 98 40 -69 -21 -35 84 7 10 -65 -42 81 -16 56 -90 -50 -27 62 -6 -27 -53 23 11 -67 -82 -6 -45 -18 -84 -31 38 -26 38 45 -32 -2 7 27 -28 -67 -30 -46 -71 63 -87 35 91 28 -7 -66 -38 90 62 24 29 -35 -13 87 66 53 -27 -22 -41 58 96 -84 -42 -81 -1 -13 15 -36 -38 -30 -87 -21 56 -90 -61 3 -10 72 -53 -12 -89 -59 -25 -53 79 86 -62 26 20 -69 -61 -54 -38 -51 24 -99
84 94 -19 -25 -14 35 57 -6 6 75 -87 -93 -41 -36 -30 6 97 3 84 -10 -82 59 38 -55 -1 -83 41 64 44 83 98 -64 75 9 -70 -20 74 -34 -48 71 49 14 44 98 -20 -92 -10 2 96 -45 -3 9 -19 -24 74 21 71 -5 37 15 7 45 -99 -52 -5 29 -29 0 -19 -89 2 -27 53 7 95 11 52 -95 96 84 -42 -21 -11 34 -3 64 73 68 69 -22 -53 69 43 -53 -77 74 -42 6 73 -27 -97 46 68 -86 -48 53 -31 -89 30 -1 27 -40 59 -37 89 74 40 -16 25 -58 39 3 16 59 -18 -54 -14 -31 -13 8 10 80 93 27 59 27 -41 4 -96 57 98 -70 76 -33 -33 -50 69 100 75 36 82 -74 -74 -51 -68 68 -85 -74 -44 -22 -52 -16 -67 63 -55 64 -52 91 -69 53 75 -27 37 68 -64 41 2 -97 65 49 60 -40 95 -42 -87 -47 -1 61 62 -91 -96 -30 50 76 -18 7 81 40 88 96 96 12 -34 -92 -27 42 25 -57 -48 89 98 -62 -62 -98 -92 23 17 -89 -5 -6 11 53 1 28 35 33 -22 77 -83 24 26 98 93 83 -87 -80 55 -44 -75 65 -1 40 47 25 -46 44 64 75 -43 -99 -36 44 94 -67 -100 -98 -56 25 64 -23 -28 73 -6 -92 17 7 89 46 -77 -31 40 -34 92 -93 16 43 3 82 -65 39 77 58 -21 64 -39 -69 -58 -64 46 -48 0 -59 -39 6 -67 35 81 -51 44 -22 -82 96 97 97 47 -72 25 25 -93 26 18 86 -40 -8 -95 48 73 -70 12 97 66 94 -48 -90 79 52 41 -13 88 -43 -87 -93 -88 -45 -62 90 62 20 95 -83 90 95 -31 -43 64 38 84 73 66 84 -75 -99 32 51 99 -17 -87 57 51 0 20 -95 -77 56 19 31 0 -66 -18 53 -12 19 -88 9 49 44 1 89 74 2 -66 -30 -95 -22 -21 -34 51 66 56 -64 -3 -77 0 51 -41 33 -99 -90 52 -31 70 54 -74 32 -5 -19 10 36 -13 -68 72 78 -2 -38 38 -23 -31 34 42 -58 -54 8 -39 57 -34 -55 14 -49 -36 8 -35 81 28 71 73 90 -88 -15 56 -17 -18 -100 78 9 68 52 -91 56 -4 -90 45 -74 26 95 78 62 -83 -41 98 42 -97 96 69 50 -76 -31 21 21 -8 97 -53 72 4 -77 75 60 57 48 91 27 -50 25 -46 44 34 34 8 -92 28 -67 22 93 67 43 -44 32 74 89 -35 31
-60 -43 81 62 -24 67 55 85 -34 -6 -36 52 -26 -79 -74 -16 -1 11 -1 38 62 -93 -40 60 -98 -12 79 32 98 70 24 -57 -2 43 44 13 -53 51 64 59 67 29 -26 -94 86 87 -80 -88 48 -42 -56 -63 59 -14 21 -15 -79 -39 -39 -44 52 34 -62 -34 -20 48 -85 -67 46 -64 -43 -80 -52 30 -47 17 -22 -98 -64 -53 47 -2 30 -18 -87 -50 22 -17 -86 87 -29 -92 -13 -62 -82 1 72 12 -45 22 100 -59 -69 29 -26 86 -68 35 19 29 -13 -76 19 -100 28 65 40 -28 2 55 18 60 -18 -28 54 59 54 -73 33 42 99 -19 -87 45 -39 18 -19 87 58 72 -19 80 15 -47 65 34 -37 62 95 6 16 42 -77 -7 41 46 56 -8 -45 96 -90 -99 49 -47 -96 -11 -10 -56 38 60 -14 85 79 67 -49 -38 57 76 9 20 98 36 79 16 -47 0 -66 58 -84 12 66 81 -7 -96 13 90 -65 -57 -93 -42 -91 4 73 19 -79 88 -30 -20 -74 -67 -49 87 -11 -67 -68 -31 -87 28 -23 40 -54 30 40 36 -42 31 21 -76 38 -8 17 48 90 -83 2 82 -19 17 -78 -88 -63 -20 63 34 -85 8 53 -18 -39 100 -47 -63 -42 11 -10 15 7 -59 -40 11 61 49 -40 66 -27 -44 -74 67 -92 22 -12 -35 -31 -65 75 17 -50 -36 -62 -18 95 90 -36 -93 -43 99 -49 -13 26 -97 -12 -30 60 11 65 74 96 -27 -84 -94 1 -51 76 -83 -83 -96 23 13 32 -17 68 -13 -63 -57 -67 63 -75 4 -77 61 -10 4 13 36 72 -65 70 59 33 -89 4 9 -70 -55 -48 -89 76 74 41 99 12 28 -50 15 34 -71 63 100 35 17 67 -71 87 -69 39 -36 -85 84 70 -32 46 48 38 -35 -18 -48 88 97 -53 54 -95 -10 -63 -26 18 -97 59 2 77 -90 -66 94 -39 7 -20 -60 -91 -71 -82 61 -79 63 31 -30 26 57 84 -44 76 56 -23 -56 -7 53 99 -50 -62 -70 8 64 -35 -9 -64 -86 -80 87 -21 -78 91 -28 48 16 11 -34 -48 61 47 44 -28 11 -48 -53 -54 -5 -9 49 -18 -88 -46 11 -26 -81 94 -17 94 -73 16 2 -33 13 65 12 -46 21 -17 38 -75 23 -88 34 -90 80 63 13 -63 -78 -10 81 7 31 -15 33 65 0 3 -62 51 -80 36 -78 -26 2 93 69 -20 11 -25 7 -27 44 -19 2 -71 51 85 72 -27 -64 4 -22
-32 42 36 -100 -35 76 -17 -80 -27 -1 -63 54 54 37 33 63 81 -69 -24 79 -54 -79 -72 -6 -12 60 37 -28 -33 -92 26 91 86 16 45 -97 -88 19 71 99 96 -91 -51 90 -75 92 -81 37 -97 63 -7 29 39 4 -86 -26 78 -51 -55 81 -82 60 57 31 64 23 -85 -12 -51 21 44 -95 34 -15 -25 10 65 56 83 67 65 -67 -71 -9 -82 44 -66 96 97 79 -41 10 69 -91 -3 -34 62 72 65 53 0 48 82 44 18 -24 7 -26 34 -56 100 37 -61 -10 57 -92 75 28 -74 30 60 21 52 35 1 -30 -60 -3 92 64 -40 33 5 11 13 2 -99 98 -49 11 89 -57 -70 93 69 -62 16 -99 -17 29 66 43 -92 37 -85 -54 -76 76 87 -1 -79 69 11 74 -58 -38 -14 8 -100 25 34 47 76 93 36 41 46 -4 -13 -25 -15 15 -87 81 97 -31 -49 -13 -68 3 42 25 -90 -40 -16 -68 65 -16 66 -78 4 -69 77 12 -5 41 -63 -48 7 -72 9 27 5 -59 98 65 -72 -49 -41 3 -63 10 -91 -79 -5 -38 -75 77 23 -69 -59 41 -97 -78 70 -84 81 8 49 98 68 60 31 -31 13 -12 -31 46 -80 -57 56 13 33 70 50 -75 -64 28 -47 30 -22 25 -91 -56 88 -69 -19 92 -93 7 -91 -90 52 -5 9 -60 -70 -93 -31 -29 62 -80 84 -66 -52 -24 15 -88 74 35 -70 14 -40 -42 -25 -36 -19 44 19 -77 -22 -74 87 10 -39 96 -59 -25 -32 2 -72 52 6 12 35 -71 -84 58 88 -35 -9 51 8 -42 -79 -13 -36 -43 97 23 64 -72 -21 -67 -36 -42 88 55 -38 72 -51 100 -14 41 80 27 65 -48 -30 72 99 51 3 65 -31 95 -82 -39 16 -83 47 -74 -34 -94 98 -84 -82 23 -94 42 88 61 -99 87 92 -14 -100 -48 0 57 27 -74 81 -56 -47 50 65 21 18 -95 83 -25 -50 83 -57 40 63 -54 -59 -31 63 25 24 57 19 -71 -94 -2 32 -1 -72 22 80 -12 15 -95 39 10 -100 -76 1 -42 67 -52 -42 -23 33 -80 54 4 -46 12 -96 -98 86 -23 22 83 -80 59 -14 65 -53 37 -30 -96 14 -76 -76 -69 23 81 50 -71 35 -75 28 10 25 24 -67 -40 -34 95 -69 87 -31 -40 75 96 93 -55 19 35 -38 35 53 79 -5 10 -27 90 12 49 85 -27 73 -48 -14 99 73 -98 -12 -50 64 -37 66 -15 97 -1
77 -33 11 -88 27 34 81 -4 81 30 -44 1 2 -6 38 86 65 46 -52 -1 -63 94 -48 92 50 53 -79 -81 -91 80 -89 12 5 13 44 -100 81 39 -75 -94 -87 -40 -61 -61 -57 -5 -50 38 84 -15 36 65 -33 31 20 -53 52 89 -1 -89 -40 -22 -25 92 -77 73 72 -55 -31 20 -88 -78 -30 28 -99 97 20 -38 -80 7 100 76 82 24 -10 29 -88 48 76 -10 68 41 -44 27 28 -61 -63 11 95 52 -64 -76 -55 35 -32 -59 83 23 -78 -84 -82 4 82 13 -21 -51 -81 74 -51 -90 -40 -62 50 -75 62 70 87 70 30 -88 -65 98 -34 -7 38 91 -57 23 -15 -89 -64 -18 -38 -19 -39 -95 19 29 -82 46 -2 32 51 -34 99 -75 -28 -78 99 -8 -42 -20 -2 83 75 -9 -30 -91 32 27 -42 61 -11 -92 -35 42 97 48 -3 -70 27 -100 -63 -8 -24 -100 -73 36 24 62 93 44 14 69 40 -59 -16 -31 -66 57 -75 -54 84 15 63 -59 27 -31 -97 -86 -8 78 -78 48 -72 -15 -74 -28 -76 78 73 85 100 23 31 52 -99 95 24 85 -66 -28 50 -90 99 -96 82 83 -30 -34 30 -88 -4 -46 -16 50 21 31 -90 -52 -67 -47 56 -58 93 -9 82 -28 71 -18 -40 74 -94 89 27 -31 -3 -3 9 53 69 73 -12 -30 -33 4 -32 77 25 62 -34 41 -29 27 58 -36 25 76 81 -51 79 16 -85 53 55 7 -98 -48 -72 23 62 -11 -60 -58 32 31 -3 -68 -9 16 -33 42 -77 -29 48 -23 14 48 82 -18 15 -18 -67 -51 51 -52 -57 53 62 76 2 -15 -76 92 -54 36 88 0 -12 -59 92 -21 95 -64 71 -36 39 33 83 -61 -41 23 -84 -8 6 -46 -94 -22 28 88 42 -9 97 40 52 18 2 24 67 92 -41 -38 44 32 -64 58 57 -70 -53 88 8 -94 -76 96 -28 70 18 -75 -71 97 28 -92 -62 -91 -30 -86 2 -57 -99 6 60 -25 28 24 -90 29 -47 51 11 -66 8 -87 74 43 59 3 -88 20 95 -74 66 53 -95 41 -33 -96 -95 -42 25 -87 37 98 39 85 79 -43 95 -4 77 27 15 51 89 30 47 -46 67 -65 84 2 -68 -90 -7 -93 51 -28 17 35 23 20 -66 35 87 -76 -82 -100 -53 -43 93 -16 -47 46 -47 49 31 -63 -5 23 58 21 -61 9 -73 38 -59 79 86 -51 39 -65 -19 -23 -69 63 -83 -88 75 39 -55 -43
-46 -13 -62 -89 -29 8 93 16 -31 25 4 -49 -40 -92 -71 61 -42 -72 71 -34 82 9 86 -21 39 -31 -30 91 -96 -10 24 61 82 29 -24 -26 89 -12 -72 20 29 -23 -79 6 -23 94 86 1 -52 -92 81 -4 14 -10 -60 4 -29 60 43 -71 58 -73 -77 22 57 81 95 -39 -21 -70 26 65 18 -20 67 -67 37 -82 8 51 -43 -39 28 -94 91 -54 -17 -81 55 -98 -12 -31 -19 -76 -39 37 70 -59 35 -50 91 -85 12 1 72 -64 97 84 38 -22 13 -93 -23 -94 65 78 -52 -99 -9 -9 92 66 50 -64 32 91 -7 -100 -35 -58 -34 -18 23 56 12 18 46 94 -36 -45 -83 26 16 -81 -43 13 -11 -65 12 97 0 83 82 -12 -60 29 -91 8 -57 96 44 21 -9 -10 -88 89 48 78 -94 34 -39 61 -15 7 -55 -14 -5 -92 -7 13 13 30 45 -46 3 -21 -89 60 27 -96 96 75 -90 77 -37 -25 -18 -81 -3 -46 -38 75 0 -39 -76 -50 50 43 63 71 -83 -12 -79 -10 96 56 -75 40 69 -5 34 52 -55 -56 48 -52 -65 6 -18 -40 87 33 -22 6 41 36 1 -22 -59 -35 73 11 63 67 34 87 -95 28 -90 -14 -75 25 93 -27 42 60 -55 -30 -16 76 -8 23 -20 55 95 48 -88 -19 -34 91 -34 14 93 89 -53 -22 -23 -72 60 -65 -9 48 -78 -65 89 61 -4 35 -51 51 -97 53 -62 79 77 -63 12 -63 15 98 -9 -3 -96 30 80 54 12 -34 -88 76 22 -80 45 9 -82 53 27 -46 15 83 -31 88 -75 59 37 -20 -100 50 63 18 -43 7 18 93 14 -18 -42 94 68 37 3 36 90 97 -41 80 92 -32 -21 -61 -92 9 85 -87 -76 -41 86 -44 32 53 63 -86 61 31 0 -65 71 99 61 35 -20 55 69 25 -9 -63 -57 -26 -43 65 -13 -59 56 -11 6 77 -47 -89 90 -85 -97 49 26 -18 84 -67 97 87 -52 17 -81 -36 -36 13 29 -51 -23 61 -64 73 -37 19 -7 88 -14 34 -39 -63 -95 45 57 63 56 58 78 7 45 57 3 17 44 -78 -58 5 90 40 66 -77 -42 -3 -69 15 -22 29 -17 86 -52 51 -89 39 31 -16 6 -57 7 34 97 -73 45 19 87 55 64 80 38 47 -89 -54 -80 -62 29 32 53 -49 10 95 37 91 -62 14 59 62 -34 70 -96 70 -37 -93 79 -33 -83 -97 97 -83 -5 -100 6 -2 91 32
22 -64 -48 -74 -35 -40 -50 75 -36 -12 -22 53 93 -99 51 63 71 37 -95 56 24 -60 44 -90 -15 47 64 22 28 -67 40 -36 3 -65 72 -33 -55 -39 42 -29 -55 54 -100 61 28 7 -72 -56 54 52 -47 -95 45 34 57 -79 -83 91 60 -92 -94 -20 57 39 84 -72 36 66 86 30 -74 78 4 -43 -48 30 34 -31 56 -75 42 -2 -20 -35 12 90 4 92 1 -47 -47 67 46 -65 10 -6 -80 81 -12 -30 47 43 -56 -10 -81 9 -43 -23 -73 44 5 33 -76 31 31 71 -33 -42 -78 -23 -25 83 -54 31 52 -33 54 -14 -7 36 -24 13 -57 2 48 94 13 -16 4 -65 -38 -5 77 68 92 8 -76 43 17 1 -51 71 96 -16 82 15 -55 35 36 -24 -99 -26 68 14 -31 -91 66 91 48 45 63 55 78 -9 -14 -86 -35 74 61 51 41 -75 56 24 52 100 10 -11 -22 97 50 56 30 65 -57 -39 13 32 -45 -4 -65 -72 57 -27 -15 33 16 60 41 -35 -50 -27 -98 57 47 0 41 -43 -9 47 31 43 -99 -45 -6 45 92 -67 30 -28 -97 27 95 -52 -99 -57 74 -15 87 -43 93 -88 -77 74 -35 -82 -84 10 0 65 -26 -60 17 -24 97 76 49 6 -56 8 38 -34 12 98 -36 -79 77 64 -17 23 14 25 66 -10 -93 35 -16 -70 91 -4 3 -31 1 48 -66 17 28 -36 -83 56 -60 -24 11 -97 0 -2 -7 88 17 -62 -87 71 57 38 -50 -39 23 -86 38 34 39 48 -61 62 -25 -66 -47 57 78 -78 -38 -53 -1 -4 49 6 2 69 -53 54 -24 72 -87 -19 93 -83 36 -4 -29 85 -31 -2 -71 -52 68 -31 87 -15 57 -54 -22 -1 62 50 0 46 -42 87 -53 -80 72 -98 22 -31 6 -23 86 85 56 -24 6 -31 -93 62 31 82 -97 68 73 -80 34 -77 13 -61 -80 33 -95 -43 -90 -85 -73 -22 -78 -18 -52 11 33 -96 -27 -38 -63 96 43 71 3 62 -50 -38 32 61 87 86 -59 -88 52 -25 94 16 35 95 -72 50 5 30 46 -40 37 -82 -32 50 -89 80 -4 24 -15 -28 17 -44 5 7 86 -72 -67 29 -100 14 84 43 -73 0 -20 40 -83 53 -63 12 -3 -6 81 43 -89 56 -17 -36 -4 30 98 76 57 41 79 -32 29 53 -98 -21 -8 -53 74 3 -52 -91 71 8 -36 -5 71 -7 61 -81 62 -22 -78 82 79 -61 30 6 -12 31
-69 -32 88 11 -70 -67 -14 -96 55 -30 -41 93 47 -95 -94 -46 -99 -14 -75 1 -70 -74 82 47 -65 -93 -19 3 53 96 30 53 18 89 -40 -52 55 -56 81 -57 -76 -64 -66 -74 -64 -69 -18 86 12 100 28 12 72 -26 29 -23 -20 76 14 63 80 2 -18 -83 96 -87 -33 83 -7 20 -27 71 -10 -98 -4 8 98 34 -80 -25 -33 37 68 96 71 -25 85 63 8 83 -34 -23 -80 -41 29 73 4 19 92 22 40 50 -44 20 73 -21 -84 97 46 52 -64 68 -68 45 70 -25 -62 -95 -88 -90 -100 -84 -33 35 -45 -66 6 -12 -85 -91 11 -12 -53 -9 11 -46 24 -50 -41 20 -32 -63 58 -33 -17 82 97 -79 69 -76 53 -26 52 69 20 -89 -10 49 0 69 -58 51 -32 -23 -14 57 -84 17 -27 -62 -5 -63 -31 77 69 42 -69 9 -6 63 -57 52 -1 -21 24 -80 78 67 -81 23 -42 -84 -88 -75 89 47 9 -50 -26 75 -40 -6 -68 2 29 8 5 -90 -41 -56 -92 0 91 79 -6 -38 -27 -38 7 30 -8 79 -71 93 7 62 52 39 78 -84 33 26 -96 95 -89 63 27 83 -86 70 100 -34 -8 -29 56 -64 -32 79 -56 79 -43 -41 -74 62 -22 7 -22 78 -98 64 -32 70 95 79 -86 41 -2 -23 -39 96 -92 39 -25 4 -13 -25 -40 41 -97 -77 18 -38 78 -71 -73 59 -67 -4 63 47 2 67 -43 65 66 89 6 -39 -48 41 23 -53 -99 54 14 -62 95 49 -77 -14 -82 -83 -6 -100 66 28 -97 37 -96 71 -57 -79 -8 64 -61 51 55 -63 78 -2 -89 80 40 16 -45 49 16 -91 54 70 83 -17 29 -29 -13 6 -5 -93 -29 -91 11 95 28 37 41 -3 -26 -25 -69 -88 61 74 12 47 -18 42 -42 -72 44 90 40 -57 10 66 -99 -19 37 86 25 -32 -90 -46 -54 77 64 36 -24 94 -32 -79 27 64 70 -49 -57 -40 61 -24 91 94 96 -92 -38 -65 52 76 62 -48 87 -8 -54 -70 -84 14 -46 -5 -17 -8 95 31 -90 2 -25 93 -87 -60 57 69 61 -34 -43 -77 -50 62 64 -11 13 -42 -64 -17 -12 -70 71 1 78 78 23 -70 36 1 -38 -21 -59 60 9 39 96 95 -16 53 -80 17 -55 1 57 -40 -34 -98 -33 47 56 -34 87 -65 -33 52 -72 -3 -45 -2 80 -36 4 23 -15 12 -5 -4 25 -9 7 -76 92 36 -23 90 12 99 35 -73
8 -11 89 86 -47 -13 86 39 56 4 21 -55 -21 74 47 -80 -64 41 92 82 58 -54 -35 2 5 94 -10 -31 19 -91 55 -2 -48 -50 -43 -75 7 -9 -62 66 -45 30 100 -6 30 -76 98 -58 -20 38 -78 -37 -89 9 -100 56 29 58 -8 -26 -45 -5 -2 -33 -83 -37 72 78 64 -69 -2 90 -47 -55 -80 -47 28 -2 -42 25 -46 22 12 -43 -11 -20 32 -80 -66 -94 84 -54 74 -1 70 92 -53 53 44 -80 68 28 94 3 -55 -90 -15 -57 -13 -64 62 23 -5 -99 -88 43 -19 39 42 -21 -36 67 -39 28 18 47 72 81 100 -51 -18 90 33 42 -96 93 -13 41 -10 44 -27 -11 -56 -85 -73 -78 -89 -90 -67 -37 -38 -14 78 -20 -68 29 3 -47 -40 40 -36 -59 -67 75 -31 22 -22 56 -3 -72 53 -28 -84 70 -61 -14 46 -42 46 25 -87 26 -49 -61 -52 71 71 -79 -81 -29 -4 -33 -24 36 -68 -52 16 -31 11 85 -1 -26 21 26 55 57 -35 -34 30 -10 -97 86 -41 70 -50 1 -38 25 -69 25 -95 54 -24 37 -52 -96 -34 -17 56 -41 85 50 -65 -54 32 18 -43 -18 25 -6 77 -6 -13 1 -73 27 16 71 -20 25 66 -26 -86 -20 36 18 -43 -82 98 15 -63 3 -67 -69 81 -54 -77 57 80 -64 7 -53 84 -33 45 33 70 -82 -83 -64 60 78 -21 61 -23 -26 91 -42 84 -2 7 22 -9 -96 75 -61 1 -13 -64 -39 -100 -34 -5 -67 77 -7 34 48 -46 -20 29 44 95 91 11 20 -64 -56 93 58 23 -77 100 -63 -51 60 -65 -76 98 -64 -73 78 67 78 67 58 33 96 31 12 94 35 55 46 76 -40 68 -40 16 -42 -17 52 -85 74 -17 -8 95 70 -46 66 -71 -29 32 -80 53 -97 49 93 -34 -23 -85 -95 74 -71 -74 -8 10 83 -10 -79 -28 -72 -18 29 -95 36 4 50 -81 -20 47 -43 66 -78 35 74 51 -15 89 2 -80 34 -13 86 -66 -57 40 47 60 -27 -79 -97 -38 18 89 26 -17 76 83 82 25 -44 -76 99 90 71 -99 -35 48 -26 -36 89 65 -59 30 99 70 84 15 -66 69 27 1 -1 10 2 -35 -32 66 62 -99 18 -21 14 64 45 -78 -22 -78 -26 50 90 27 48 -88 72 66 -38 -13 -21 99 -70 -32 15 -78 81 15 30 74 -69 -45 -52 77 -93 -89 92 18 -95 -79 77 99 5 -36 88 -61 -55 24 91 0 -18
71 28 -1 38 -19 14 -68 12 -65 6 -69 55 82 -99 100 57 -29 -19 56 36 95 48 -4 51 62 41 -47 36 15 -1 86 51 29 -84 29 90 77 80 -59 7 13 41 6 -57 96 -52 4 -43 -19 47 2 30 29 68 18 67 14 84 -84 -67 -80 21 76 17 -37 -18 88 22 -38 -59 89 -78 -89 -16 -15 54 50 -39 57 62 62 -9 -88 -53 72 -45 53 -79 45 69 97 33 77 96 80 44 -51 -62 -20 48 29 -84 -95 37 2 -46 -20 43 47 77 92 -95 -15 -27 -74 -32 28 -84 4 98 94 -44 -16 4 -42 -75 77 -87 52 -13 -15 81 -20 -48 -74 -22 85 54 -37 71 47 -26 20 45 -26 -56 12 0 11 -11 -73 61 -17 -93 7 -45 -50 -93 -19 94 24 64 -1 49 -86 -22 -65 -76 -92 7 -96 50 80 -53 80 -64 -32 78 -82 -6 -87 -84 77 -93 -78 23 -89 26 7 -45 -59 -26 -6 -85 63 29 -46 16 71 62 23 24 -4 -87 -41 -78 98 -29 79 -3 78 98 -24 61 74 -87 99 93 98 -89 -81 64 60 24 -42 14 62 -35 72 48 -62 -75 -99 -87 -74 64 -95 -81 -52 -32 -55 -6 -45 -77 -28 52 -2 56 15 80 -45 -100 66 79 71 71 21 85 -70 -94 -4 -25 56 -97 12 -68 85 -95 -43 8 83 -21 -11 -36 3 99 -20 -10 -99 30 57 79 48 9 -48 -79 98 -43 -71 -30 45 -47 14 -95 -84 25 -5 -71 -6 -83 -19 -88 -66 -81 14 24 29 51 53 84 -41 -20 -1 -56 77 65 -10 -44 -45 43 -33 90 98 73 -49 -61 -10 -28 87 28 -46 21 95 -82 -82 -87 -80 -38 -54 93 -43 72 96 61 92 8 -90 0 12 -53 -73 -98 -41 54 -32 66 -61 -48 -69 66 19 12 64 16 -44 45 -88 -51 -96 -45 -31 -75 -85 71 -9 -89 2 54 -27 -32 67 14 -55 -98 -1 -88 22 0 69 -98 -69 51 -18 43 -13 -86 -2 69 2 -51 -28 -60 -54 75 16 -51 15 -29 -68 -49 -50 18 -61 16 -11 45 97 -76 87 -88 3 -56 70 60 19 61 53 69 100 -46 -80 71 -90 6 -85 79 -26 -47 -15 -75 8 39 -63 29 -50 -14 -24 41 40 8 77 -78 -24 95 -31 6 -59 -61 -86 -86 -88 -61 -12 54 -15 -49 -22 56 12 -18 20 41 -13 -81 -89 -63 -47 -8 -18 44 71 -3 28 87 65 -4 34 46 -37 -69 -79 9 84 79 70 80 -46 28 41 60
2 -73 -5 72 -54 -70 45 -53 -88 -25 48 7 1 -88 -14 62 -69 20 95 47 -63 -21 27 7 97 -78 82 -68 -13 73 -94 -34 76 77 53 81 -41 52 -55 -85 -32 16 14 47 89 33 44 -74 -53 -80 -90 -60 -56 -17 -87 79 31 -65 95 74 52 -83 -68 -50 73 -7 -80 -38 97 68 -48 11 39 -49 -21 19 -39 1 -22 -32 4 -62 -43 71 28 -83 92 58 -66 -98 -21 -10 92 -60 -25 52 74 32 60 -65 -82 -43 -59 -10 -58 -56 80 -80 -32 -50 44 -3 -72 -82 -36 -53 67 91 -25 72 -41 3 49 82 62 81 9 6 -84 51 -68 -76 -82 -86 -20 43 98 8 -46 -34 76 -90 -16 -66 -22 76 -47 -37 -33 -29 97 33 55 43 -4 -91 -85 -44 21 -92 75 16 -16 7 -80 -62 99 -9 -44 89 54 25 33 -64 17 -44 53 6 -68 -38 6 -92 -44 -10 -64 5 -16 85 8 -92 -79 90 -81 43 93 -28 19 -47 51 -66 56 74 -40 87 15 75 45 29 -72 -43 69 -69 44 40 -74 -25 64 -19 30 64 86 -62 90 -28 72 -33 -77 84 -76 -60 -10 67 -17 75 -25 97 -100 75 0 -71 64 -48 97 -89 63 -87 92 -73 80 23 40 22 42 -34 -38 36 6 -56 -93 19 44 77 16 -23 -59 -40 40 -66 -29 -60 54 -50 91 -5 -36 -36 96 -90 36 -38 64 -63 35 -70 -48 -63 -62 84 -46 -12 41 -23 -17 18 -75 -98 99 66 -1 25 20 -59 -93 -41 6 -68 47 62 -96 -6 91 92 77 92 -2 -42 58 -86 75 -20 9 40 -19 2 19 79 63 50 37 -58 36 -1 -72 -36 37 -85 65 -39 80 -22 82 51 25 100 45 10 -5 -9 -89 -43 57 57 34 -26 21 -53 -54 -94 -99 -95 18 -42 -33 -33 98 33 -81 -19 -84 39 68 -38 17 22 27 76 62 8 96 -12 -35 -30 59 96 -26 70 98 -19 -27 -84 -19 75 86 -63 -21 52 7 -28 20 11 -27 -67 -35 53 -29 -99 -29 43 51 93 58 6 -23 -78 6 -89 56 -30 -74 -74 -79 -88 18 29 -16 -63 28 6 38 -4 -43 13 16 -11 47 95 28 89 26 -64 -91 40 -33 3 -24 82 57 57 -82 -39 -16 -25 -62 -10 12 87 60 4 -24 35 14 48 -29 97 25 -9 39 -12 44 -49 -97 -83 -81 99 78 -4 43 -29 -33 -69 94 25 -60 27 97 85 -98 15 58 -67 93 -8 90 -96 -89 -59 98 83 98 50
-36 67 -38 31 74 -99 51 19 -44 59 29 88 78 95 26 -20 56 -54 97 48 -82 -4 95 -63 -83 -12 -51 -8 -86 -96 67 99 -35 50 13 25 61 -99 -49 -41 -31 75 -21 70 -12 1 38 9 21 -32 77 77 -67 -50 82 -45 83 98 -26 -18 7 -20 -85 51 35 77 -10 -54 43 -9 88 -43 33 37 -77 -27 30 84 -68 -39 79 -45 -5 -41 79 -73 -29 46 18 -77 72 -99 -12 46 -4 -63 -73 -68 77 -11 33 -10 -4 -7 -18 80 -56 -64 -8 46 88 -92 -42 -37 39 51 -47 38 -54 89 -40 -18 -31 -13 -56 -65 -100 -98 17 35 77 31 34 -70 37 -99 -25 32 73 65 -94 -26 -100 -27 7 3 7 7 -32 -71 86 -43 9 75 -88 55 -60 38 -61 -46 63 11 -65 31 -60 87 -40 56 84 19 72 64 66 -94 95 -5 35 -26 70 24 -95 0 -21 -76 30 -76 5 74 -2 50 16 70 6 -94 -7 9 1 22 -60 69 -18 70 44 -77 85 27 71 17 -27 -13 -14 2 -57 -71 37 -88 -82 -80 -43 63 -13 -85 -41 -81 45 74 34 -86 15 3 -50 86 -18 54 -99 67 -28 63 99 17 -13 -32 12 52 47 90 42 -86 32 -86 99 45 25 98 -14 -87 -59 11 -63 -89 -23 -36 5 42 42 -38 -86 1 31 73 -88 -29 -69 32 -25 -7 44 -35 -3 -21 2 72 92 41 87 -65 10 -95 -90 -45 -89 45 -37 -42 -50 13 -9 -47 11 -46 -14 -5 47 89 33 41 -21 -5 10 12 83 -13 79 80 98 -97 4 -65 -4 -91 35 96 96 -37 -55 55 -40 -12 -16 -26 67 -46 75 73 30 57 22 93 -81 20 9 33 -44 -51 57 -14 42 -93 35 64 59 21 -62 -54 19 76 74 24 -48 28 3 94 15 -13 -79 -73 92 -40 90 -44 -75 -57 -29 6 21 73 -43 29 26 -99 27 -16 -63 -7 54 -88 -8 -50 86 -98 -65 -79 -94 -13 -23 -26 3 -100 -86 -71 6 83 68 -31 -18 99 -11 -27 58 -17 14 69 -51 -77 99 48 -88 -58 91 29 66 35 75 66 -68 -42 -46 13 -49 20 0 45 -32 -20 40 -57 -68 -1 68 97 39 -78 45 -67 -9 82 70 -65 59 12 46 45 25 -13 -33 -79 24 -30 -11 -54 -38 50 41 -11 56 31 20 99 -68 -100 -74 -10 -83 56 -37 93 54 -74 -9 -55 -64 84 -85 -25 -65 2 14 34 -97 -47 -96 -91 -56 25 9 -9 -24 50 -38 -81
-49 84 12 -10 -65 -87 69 38 58 -9 72 -74 -49 -1 -41 -23 -16 91 -35 59 71 15 -73 -49 -65 -38 16 -78 65 52 -59 22 -35 42 -40 85 -8 82 -93 8 58 18 13 -68 -39 -97 -34 48 -66 59 -21 -97 39 83 26 -90 -18 53 -14 86 76 37 40 8 77 21 -11 -12 95 -5 85 -98 82 -6 -3 48 -57 53 -21 -27 -34 -24 -89 64 38 -83 -63 72 -58 24 -6 11 7 45 -97 42 -81 69 97 -47 -12 -48 -29 2 -23 76 -26 100 45 83 -56 61 96 -73 46 21 75 47 -59 17 59 25 38 57 -65 -88 67 51 -55 -82 -30 55 -75 93 -83 60 48 -53 -7 76 -69 9 -73 -48 20 -37 49 51 48 96 37 -58 72 29 -37 -29 82 -74 89 -33 -82 36 -18 84 21 44 85 100 -41 -16 -16 -69 -40 75 -28 -94 -47 -85 -17 -90 -84 83 -21 53 -45 10 -64 78 9 19 79 -6 34 26 14 -83 2 61 49 -60 -29 94 36 -81 2 -23 -5 -17 -60 12 91 20 52 18 31 94 17 -43 -29 -81 -24 -4 -52 -60 91 -20 68 74 -14 33 -100 -9 -24 29 -53 17 20 15 92 -64 86 74 63 -25 -58 -21 -46 2 -37 36 -56 -29 -5 79 -8 -41 -86 53 -28 33 -51 6 84 -91 -17 23 99 46 64 98 -39 94 -25 -6 -24 -26 -54 71 -56 -68 -36 20 10 48 14 69 -50 49 -18 38 51 -95 17 55 -77 78 -35 69 -3 37 -32 -84 29 46 -38 -11 -44 36 97 21 -29 21 -71 -67 100 -34 -49 50 -64 27 -43 0 -97 -42 -54 -38 80 72 1 -32 -4 59 61 -46 -79 89 -32 -4 43 -23 -93 -83 -83 9 -11 69 -16 -96 97 52 75 -4 42 36 -76 -11 -36 88 -48 11 95 71 -54 -66 30 65 -90 -94 -69 8 -40 10 -62 -2 63 -63 90 61 -44 -30 25 78 -62 47 -55 25 -30 -91 99 -22 29 1 -28 12 -15 3 87 -47 40 45 22 55 -63 70 21 63 55 -74 0 -47 -22 -54 0 -45 67 76 95 -58 -9 1 -38 -5 71 -84 59 -88 -13 -62 36 -37 53 55 -75 -65 -37 -9 -76 39 -88 -33 -34 75 2 64 35 15 -39 60 34 -91 63 -74 -83 -53 92 -51 -96 -14 -82 13 -10 -72 -38 9 34 27 72 74 -52 -15 35 4 -22 18 76 -98 24 -79 86 41 -21 -76 67 77 78 -7 -48 -9 -61 69 -37 -14 -13 95 12 -97 -2 -61 78 -3
60 56 87 99 58 -63 -98 46 62 -5 -31 56 56 -61 13 -59 96 10 40 -89 -24 -89 65 75 -77 50 -49 -57 -96 14 -18 -55 6 82 39 -79 -3 -60 -16 -62 80 -71 81 -56 -7 -47 -5 -85 23 -23 -40 -5 88 35 53 50 84 56 -25 -18 18 16 -91 -11 49 81 72 -42 66 26 -86 -81 16 37 21 -17 -17 37 -93 -87 3 -89 -3 22 62 -78 -99 89 37 26 -10 0 -12 -60 51 44 59 6 -40 18 98 4 -20 8 69 -27 -6 2 41 4 93 -63 47 2 30 -60 57 19 -79 25 -92 -93 -95 99 85 -60 -87 78 56 -30 -62 53 95 25 -76 11 -61 -47 91 -29 -7 50 48 49 98 14 91 90 14 12 -64 83 78 -66 66 -21 -22 -25 -34 56 15 -22 84 -63 -30 -51 21 33 -29 -44 47 -25 -72 58 -3 -12 -39 56 -4 -4 -7 19 -6 -65 50 98 27 -56 51 -54 -21 77 51 13 -84 50 -13 -52 -86 -36 -15 48 -93 -86 87 -100 -49 14 -34 -95 65 -75 -84 -16 49 18 4 39 49 28 -14 -51 -28 -60 61 94 -10 71 59 -36 -88 -81 77 -8 30 64 -84 -20 -96 -13 4 -56 -57 57 56 20 -10 -35 87 19 -23 84 0 3 92 -6 72 32 66 -49 94 -30 -93 34 19 -76 86 -5 -99 24 55 79 42 -74 -13 -49 90 -23 -47 -44 -42 -52 28 98 -63 -77 -75 1 -11 45 -43 100 -22 -49 -71 58 6 -2 4 76 9 7 37 1 -8 46 7 -77 86 6 71 85 -22 -49 95 -93 94 91 84 -40 71 -2 -41 87 85 -21 63 -17 17 58 -36 -69 26 -75 -13 72 66 34 -76 24 69 49 12 62 -36 -33 -51 13 -94 68 -70 28 35 46 -87 -96 -81 -4 95 1 -34 -35 72 34 -56 -91 -14 97 58 -13 26 -94 -26 9 46 17 -1 45 -53 -46 50 -83 39 -87 6 -52 84 92 65 13 69 -13 -33 83 1 -87 47 -27 -11 77 76 -54 -18 -62 36 -52 41 -6 -90 76 10 -62 51 -84 4 -12 75 38 -80 -19 -15 -77 -18 -39 -17 34 39 82 -6 49 20 -100 44 82 -50 99 1 -26 -33 -42 35 -99 -40 -91 -65 -20 65 -73 -86 -59 -91 26 -55 83 -37 -30 -85 8 -11 -98 100 -38 -64 67 -51 -16 -94 28 -73 -98 95 -79 36 -65 -35 -99 93 -78 -26 -96 10 -27 -10 69 -47 -71 -90 -47 43 -1 32 -55 -2 29 -6 81 71 -93 22 27
-89 -18 73 74 40 -53 -55 76 97 74 85 54 -42 -11 -36 -62 -48 96 -7 -14 71 55 44 -81 -37 99 37 -40 -38 -32 16 -44 -21 -31 -86 -18 16 -65 -57 -52 63 37 -55 -89 57 99 -60 -9 97 43 -52 71 26 -49 -95 -49 -43 55 79 -72 -84 -27 55 62 50 -36 31 58 14 3 8 17 -25 9 67 56 35 54 -20 -14 -56 -22 20 -59 -39 22 -80 19 -89 89 48 36 -60 76 -11 -52 32 39 18 -39 37 18 81 82 88 93 72 40 -72 -32 81 92 -62 -15 60 93 -30 64 60 -10 55 -19 -27 -76 87 -23 -20 25 -31 -10 -66 3 19 -36 84 -72 -28 65 -53 -9 -1 -100 1 -27 82 -18 -66 97 -19 73 9 -85 -79 100 14 -52 69 -76 -34 12 -59 24 15 100 7 -69 -57 13 28 85 63 -37 -98 42 -49 6 70 -24 91 -12 64 79 26 92 52 -70 -17 -34 83 -23 52 -24 67 92 48 -41 41 91 49 47 -71 5 -15 -75 -85 10 -100 23 -42 -86 29 30 -97 16 -4 94 40 69 -58 -34 -85 -48 -3 -28 5 91 -21 47 30 40 -61 -8 72 -47 96 -68 3 -15 11 -21 -48 41 21 -13 98 -18 70 40 -34 -38 81 25 -100 28 87 19 -66 46 12 -65 -20 52 3 26 27 85 -20 -92 -43 -8 25 43 -31 72 68 -15 22 -35 -17 73 -14 20 -68 53 -5 -9 29 -63 -91 78 89 -75 -59 79 0 85 63 -85 -15 -40 -60 3 -48 -59 98 -11 1 -16 -80 -64 -70 75 7 16 18 68 -4 62 -63 -13 -20 -41 17 54 16 6 14 59 75 -45 50 55 -3 -88 74 -34 -72 83 8 -62 -48 -6 -2 20 5 38 0 4 27 59 73 -35 -25 -75 97 -68 -76 60 -84 1 -27 -28 -45 -9 -95 -92 -6 76 40 64 -27 -10 -41 -53 75 -81 -23 -72 -63 67 12 82 -99 78 18 80 54 97 47 45 -75 -55 41 -16 36 90 20 70 -3 3 -67 -51 -61 -32 -10 63 99 29 59 76 -33 74 -39 76 4 24 75 -76 4 -84 -55 90 12 56 58 -67 -30 77 -29 -57 -19 -58 -69 -39 74 -87 31 66 -48 -44 2 68 -73 70 61 -94 90 79 99 84 26 18 -77 -71 41 94 63 29 97 -9 -77 -66 81 93 45 34 36 98 24 24 87 -44 -52 -91 -100 82 -49 -14 56 -80 63 -50 -35 -50 64 -35 -89 57 -46 55 -6 53 -11 -84 93 -7 20 -71 25 -47
-31 -55 7 -54 88 69 -13 25 -43 9 11 10 -64 1 -14 80 -31 43 1 -10 -4 -19 84 -68 -90 23 21 -51 23 -18 -21 -91 45 90 62 36 98 -6 -48 -22 -26 -99 78 22 -25 42 7 86 -19 -88 88 -59 -57 -7 65 13 27 -32 -85 -71 95 98 64 -45 98 -65 5 -59 -87 70 -75 -78 24 7 31 -15 18 37 67 31 -31 -44 -47 -87 35 22 -71 76 46 48 5 -95 -64 -69 66 40 74 78 25 -36 22 -65 85 89 -70 -23 -95 -95 -50 -25 -55 77 27 43 -75 -79 -100 48 16 79 45 0 -7 76 -12 -81 -46 -69 -92 -89 -57 46 -80 -80 -39 -32 -71 -72 -97 40 100 5 -67 74 -67 89 -82 76 86 24 9 83 -5 -32 -48 -26 -18 -76 48 4 0 29 -28 6 56 -62 74 53 39 27 70 26 91 9 20 -4 -80 -55 14 -9 98 -84 63 0 16 -50 4 -9 -89 -97 49 -64 35 -32 -45 -54 -44 -73 2 -57 76 53 43 46 77 -70 -79 -68 91 70 -98 64 -14 -93 -52 16 -52 85 72 -7 91 59 -19 -25 -96 98 36 88 -11 -85 -39 70 15 -76 -40 -53 -53 -87 -87 36 -50 -57 68 42 -98 17 -51 66 32 36 90 81 -42 55 73 -15 -43 -67 -15 -80 51 30 86 -18 -38 -99 -9 -21 -9 -25 52 96 -52 -82 35 61 35 45 85 -24 55 40 62 11 80 -45 -57 -40 89 50 -16 -8 44 11 1 84 -34 -46 -93 36 81 59 37 -96 -86 87 22 -48 -35 93 83 58 93 4 70 13 61 -69 61 24 34 -54 -74 43 54 10 58 -81 72 29 -55 -33 22 71 -4 -7 88 -43 52 -32 -74 64 91 46 -15 -52 -8 66 -12 -60 -77 84 -78 -47 54 -2 -19 -72 59 -69 30 -65 -81 36 80 -43 65 -49 -98 -39 4 -66 12 -95 93 89 -48 -63 -68 79 64 97 14 76 -4 -79 -46 -81 20 63 58 -75 -43 -55 100 94 -13 67 65 8 -20 66 47 41 -12 93 88 0 -92 99 17 87 16 -5 -62 85 -67 -47 50 83 40 77 45 -56 99 -12 -73 78 -1 43 -78 60 -5 -51 30 75 60 41 -68 -44 -90 -71 -34 -61 40 -80 -88 -31 16 31 -33 84 65 -100 -16 -40 -6 -67 64 37 43 -83 -77 46 18 -34 -97 -4 7 -21 -14 -56 73 96 -71 74 93 29 -27 79 -32 -46 33 -28 -2 -36 96 -18 79 -40 54 -20 59 -52 23 75 -46 -83 40 53
67 51 -73 67 35 61 1 97 56 51 60 -98 -11 55 -82 100 72 27 36 51 -76 40 -53 -4 -47 6 -40 -88 98 -94 74 -16 -94 9 70 45 8 -61 -35 -16 -79 89 83 19 43 -47 -94 -44 27 -43 93 -37 -44 48 -71 -79 10 2 2 21 -97 1 51 -99 -45 33 53 27 25 -11 -1 -3 12 -32 -49 1 90 63 78 13 91 66 -63 -10 -22 -60 -83 52 47 -5 29 -40 45 11 38 -41 15 -29 38 37 -56 -16 -40 47 11 -16 -65 92 23 22 75 -29 34 -43 20 -6 -87 -14 58 -71 -88 -43 34 -12 -51 -29 13 -27 -28 71 -33 35 17 -28 10 68 -37 7 -26 -1 16 -64 41 -91 -21 -80 17 91 -63 76 66 -91 -13 -67 42 90 -88 87 97 67 -90 17 -21 63 -90 -33 2 -38 -17 -53 55 -20 29 72 -45 -7 -25 48 61 39 0 51 -20 -51 -37 -82 -7 -52 4 -77 -70 81 59 -88 11 20 -94 -77 -15 -25 37 40 63 -18 -93 -34 32 60 22 64 83 13 -85 0 72 74 91 1 16 42 78 55 -40 -28 46 -21 -7 23 -72 86 -88 -98 70 91 -12 43 61 -46 -65 52 -83 42 14 -87 33 -6 41 -63 -42 1 -68 82 78 -14 51 92 -37 92 26 -41 51 56 -73 58 -53 22 -27 9 97 -71 50 30 48 41 -3 -100 -9 -10 -59 -55 96 39 -76 -65 -14 36 1 22 12 3 -1 55 -30 93 -20 39 7 86 -63 -98 16 8 -85 51 78 -45 -56 -68 30 -36 -50 46 -61 -71 54 -18 -5 -62 -50 22 74 36 12 42 29 43 73 -57 100 8 60 -35 -76 -1 1 62 -72 71 -95 38 -49 69 40 52 -11 11 36 33 40 42 -29 80 -8 -89 99 -41 80 -93 64 74 -99 34 -22 31 12 38 87 80 -35 38 21 39 94 -69 53 -9 -43 52 60 -98 96 96 47 -65 -93 -22 -31 -73 -53 -93 82 -18 31 63 5 -30 73 61 74 -44 96 -9 87 19 -61 -62 -54 58 38 -21 -66 -24 -19 -92 -100 -70 34 93 -31 3 -14 97 69 -60 24 -59 -73 -50 -70 85 1 -72 -28 -72 33 -55 -29 -26 -60 -13 6 -86 46 -15 98 -36 -51 76 -91 75 28 92 -94 -72 16 1 29 98 -76 -41 94 -27 -73 -40 18 61 -31 -91 44 1 -17 23 -72 57 52 -93 -46 -62 92 -32 -40 54 42 -51 43 -53 99 -58 -95 3 -43 90 32 43 -51 -9 86 49 -57 -67
-57 -88 91 15 -34 -65 13 72 53 71 63 27 88 42 12 -3 -37 55 -36 77 -85 8 43 42 -67 -35 -25 -50 47 76 88 92 44 28 13 7 98 -4 56 -51 30 54 50 39 53 -16 97 -40 24 22 -37 -10 1 -29 100 -79 64 63 15 -86 -98 -80 9 -89 -4 -39 -13 76 66 89 -61 -37 100 68 -76 -49 -80 -23 6 -65 -56 -33 79 3 62 -35 16 -55 51 33 -96 0 -80 72 -52 39 47 59 -63 -82 -47 85 -70 85 -70 -23 -61 -52 83 23 93 -63 -36 -71 -29 51 84 100 -15 78 -55 96 34 -31 -37 -98 58 24 -30 -23 -52 -24 -12 -32 -70 -74 -30 -59 78 -78 -31 -67 73 4 -13 69 82 11 38 64 -63 -5 16 4 -54 22 -2 7 5 -50 5 93 61 21 21 -6 -9 -47 15 32 0 93 33 -47 65 10 95 -40 -87 7 60 -4 -53 96 61 -61 71 -69 -54 64 -92 -37 69 -68 37 42 -10 75 93 23 -82 39 -97 22 16 48 -10 6 -27 51 98 -92 -41 58 -28 25 -12 97 -97 -88 -24 25 36 -67 9 27 73 -66 -41 -59 2 -32 -100 44 0 91 81 -41 -9 -53 -99 -41 -71 -1 87 -9 -92 -11 -57 -69 -42 -42 14 -14 6 -37 91 53 -51 86 64 -34 27 51 -49 45 23 -69 -96 -11 33 8 60 27 22 16 -4 -42 53 49 -48 -57 -64 91 -24 -63 77 25 -57 7 -87 -9 -37 -38 -1 12 16 71 87 19 -85 46 -57 -9 75 -82 -91 36 83 -61 -70 -19 5 -89 -98 10 27 61 -57 33 -62 71 -22 87 -92 61 41 3 -83 71 -81 -49 91 82 -37 -36 27 -3 2 -74 -75 67 -47 -27 41 30 -81 23 -58 61 -90 74 82 -36 -77 -28 49 5 59 73 -64 39 -21 29 9 -79 -29 54 -55 59 72 -78 -67 -10 74 24 8 54 -42 96 -62 22 88 31 28 -32 -48 30 -66 -51 -78 -8 69 -65 44 -7 -82 -56 96 -95 65 -7 -36 -32 33 -73 -85 98 49 90 37 -78 29 -27 -100 96 -35 90 10 55 -37 49 14 69 -90 -69 -47 44 -70 -73 -13 -100 -1 -71 55 -46 -89 -38 -32 -45 60 -40 49 -36 36 84 -21 16 -37 -11 26 -57 78 58 -6 -73 17 22 -85 77 -30 84 93 4 -22 80 -26 30 62 79 -28 -44 55 -13 94 81 89 -80 -87 -14 -99 86 56 -49 69 -57 -97 -67 -76 -62 41 89 -24 1 24 -77 27 -24 76 81
49 91 -60 -36 91 -21 -54 0 66 -20 -73 -61 76 -94 -77 -9 -73 37 -86 -47 48 97 85 -54 32 -7 46 -36 -95 -96 -42 27 28 51 -21 62 32 0 -93 -57 -78 -51 43 -97 -28 45 -58 -36 -79 52 -71 -87 -64 57 69 -89 -95 44 9 -54 -30 -50 63 41 -80 53 50 39 10 77 2 -28 -67 8 -1 80 67 -100 4 -26 5 50 -5 -78 -76 10 20 17 -11 -10 49 -39 -29 -89 -18 -68 -85 66 72 -82 -36 34 96 70 78 4 73 -27 22 -9 -88 -43 -25 88 -20 79 -96 -91 -88 86 -83 80 9 -73 -60 -89 -54 -92 -18 -58 -35 22 -3 17 90 -24 56 -49 89 74 -80 12 85 69 -39 -20 -7 -99 5 -13 -75 17 34 86 4 100 20 -89 76 87 -94 32 87 35 35 -17 -55 -89 -18 -12 9 -23 -49 -52 42 67 7 24 -65 -33 43 -40 43 -34 -98 75 48 -32 -23 53 87 -3 -89 75 52 -45 81 46 62 44 51 7 79 79 -9 -39 96 -33 28 -15 95 -74 59 -40 11 51 80 54 -64 -34 74 -37 -38 -25 79 0 -97 77 -99 1 -69 -44 37 -35 8 96 86 -73 -40 -3 77 -49 27 51 -20 -83 9 -84 -11 11 -39 -31 -95 68 75 -38 -86 4 -56 63 -38 41 16 -34 83 -7 -29 -50 -66 15 38 -40 -17 100 -61 91 20 73 -16 73 -100 53 79 100 56 -55 -30 -3 -14 76 -54 -56 -42 73 -6 14 43 73 7 -26 82 5 -98 -61 -70 19 -43 -77 -4 65 -2 33 86 65 -98 -23 52 -84 -65 46 18 -84 49 94 -60 -30 97 -67 -21 45 6 -53 -94 5 21 87 55 -68 -42 -56 -96 34 77 56 47 37 -50 50 14 85 -91 7 81 -47 -49 23 43 87 -62 61 64 -56 -29 85 -46 -49 -99 42 100 -94 -77 -40 -73 15 71 -19 -22 58 -38 -64 -100 -60 -50 -16 -68 74 -50 -86 -63 36 93 -25 49 -1 37 1 93 7 -76 61 44 -70 92 -12 -74 -88 -81 -28 59 22 -86 43 -34 -14 13 -17 -34 -11 98 -82 12 -88 -94 64 -41 -74 93 76 12 -45 -75 70 -48 7 -4 0 -48 21 20 -87 66 48 39 68 -40 90 42 65 -51 87 -36 26 -14 -9 -73 -64 -53 -25 75 -73 34 0 5 -96 -10 98 -35 -100 -84 -68 23 38 -32 70 -14 57 -50 28 -12 30 59 58 23 51 38 36 49 24 -41 -59 39 89 -45 73 -9 88 -25 -43 6 -99
79 25 72 -1 -72 -55 -97 55 14 -11 -85 60 75 -27 -47 84 50 57 53 92 16 -81 25 70 -60 -72 -40 -14 24 -4 -47 -89 0 -51 -98 -93 -28 87 -65 37 4 -67 -73 89 -3 28 -44 69 79 5 60 10 -36 0 48 -79 75 16 -49 -26 46 -27 -68 -47 42 73 58 -39 -28 29 77 -54 26 -52 72 48 92 -18 7 29 47 7 -13 -57 55 14 71 -21 -53 -56 -96 -95 -2 49 -86 97 -85 -17 51 -22 -1 12 -91 70 -31 -42 -99 58 -43 -89 -12 73 53 4 -57 88 -1 87 14 48 85 66 63 -46 -61 -22 35 -24 46 -26 70 3 59 21 -8 -10 89 -96 -63 95 93 58 22 41 44 -31 100 29 91 81 -79 5 78 -29 -73 83 -20 -72 -73 91 -69 48 42 -68 -27 15 24 -15 -26 97 -86 96 85 31 28 56 38 -24 -74 89 -18 19 -7 13 28 50 -96 -83 28 -45 33 -32 -89 77 -59 -59 -52 -80 -89 -73 32 -29 -61 92 -58 17 30 -79 56 -97 83 -62 -2 4 -91 59 -34 25 8 -53 -86 47 44 39 -99 -98 95 40 38 -33 78 51 92 -46 4 -94 16 14 32 -7 -92 16 -25 48 -77 -40 -98 13 -29 52 91 84 86 26 19 51 60 -38 -26 86 -11 32 77 -36 21 2 -99 96 -33 65 95 -27 -11 -84 -5 -42 -6 -29 -63 -71 56 48 15 55 77 45 91 5 44 24 11 23 -81 29 43 -72 66 46 -36 28 -11 -8 -11 -26 -72 -36 34 98 -16 26 -29 -91 -75 47 -67 -77 85 -20 45 99 7 -48 43 98 99 21 -42 48 -57 78 94 47 -6 9 -81 72 -73 -1 -72 -19 61 89 -6 55 86 -85 -95 23 -76 78 25 76 57 -7 74 -68 58 -15 64 16 13 18 49 -95 66 -96 86 67 4 40 -80 -62 -88 38 69 -20 -40 -63 48 11 -77 -97 44 -53 46 -27 -8 70 18 1 96 89 52 -36 -90 54 -12 -25 100 -75 11 52 56 38 25 -59 -9 -77 -3 -52 1 87 50 7 -88 85 46 -57 -4 -1 42 81 47 45 59 3 -33 28 8 -57 -76 28 -53 70 -48 56 -93 -68 7 66 -44 42 19 -28 13 -89 -69 62 -62 -48 21 -19 46 -17 -86 -70 25 -26 -16 80 -12 -48 -81 -91 -33 1 -31 9 93 1 -18 -62 -16 1 20 24 -10 13 44 -77 9 -54 -31 -15 -93 24 43 -23 26 -24 61 -55 -83 -77 37 45 22 0 -82 18
50 -67 69 27 4 -69 66 -38 41 -59 -12 -14 24 8 20 -5 39 -45 -3 64 -47 30 40 53 -29 -9 91 97 72 -98 -69 62 -97 -98 -15 53 -48 -11 -96 -43 -16 -45 -100 5 -96 -7 4 -64 50 84 -89 -81 43 -26 70 -86 1 15 81 -90 -47 13 -11 -39 -68 -74 29 -84 -51 1 31 -98 19 -33 -53 9 15 -22 32 19 -75 -80 -43 -84 -10 -84 -20 -57 72 61 -80 55 -86 -39 -95 -11 -83 -17 -47 22 -82 95 8 -60 -87 -6 0 -55 -38 -7 -47 0 89 0 -63 -58 25 65 -96 33 -100 -59 29 -77 -94 -9 -48 -24 15 18 48 65 -47 39 24 -10 -1 31 -96 19 90 -47 42 69 25 70 -98 -47 -57 63 -30 -8 18 85 91 -35 48 15 -3 70 74 -80 -60 -80 48 0 22 -2 69 55 -49 84 -7 -76 20 19 -15 40 98 8 -27 15 -26 -31 50 89 52 74 41 -23 28 32 -12 -70 87 -70 -8 -44 21 -91 44 -1 -29 16 -37 10 -22 -6 81 44 26 -54 -17 26 25 -54 13 0 67 -94 65 -39 98 -43 -87 58 -82 1 -7 44 -72 -71 -57 52 -4 69 -85 73 -11 47 -60 -55 -27 -19 64 34 -23 -59 78 -30 42 25 -17 90 59 -78 -49 67 -88 -100 -84 62 70 93 -87 99 -87 -72 44 74 -61 -90 -20 99 51 -94 73 12 58 -9 -59 71 82 75 44 -16 -88 88 -64 40 85 80 -63 12 -61 40 65 -69 -12 41 -24 -39 79 -92 28 82 42 55 -58 -89 -86 -11 76 17 40 89 35 -37 63 -71 65 71 -52 96 -41 -73 38 87 33 -20 13 69 -99 -31 -63 -20 88 -79 17 87 55 53 -14 -37 -15 81 72 62 85 71 -98 25 -38 88 64 -39 -28 -42 86 39 75 95 -58 -47 -22 -57 -58 -3 -95 -76 -25 82 -95 79 -44 89 3 -1 97 94 -29 97 85 -71 94 52 -7 59 23 70 93 63 -54 -12 51 -66 -86 100 -71 7 -15 30 -24 26 90 96 31 51 36 -82 -24 -8 81 81 -38 3 75 13 5 -74 52 -51 65 -45 8 -84 -90 21 0 -15 -50 2 51 -62 -40 75 51 -87 6 8 42 -25 -42 8 -39 82 -71 -64 88 78 -98 -13 -23 -89 -2 94 -72 -3 55 -59 46 -76 49 -33 19 -24 2 43 76 -100 -24 -77 -18 61 34 65 -84 22 -88 43 -70 -8 -22 -84 -58 89 42 -14 -40 -44 -75 68 -4 47 -69 -71 63 34 -3 -37
-93 67 3 -52 4 43 70 -74 83 80 11 -41 -48 52 -33 0 87 25 40 83 85 -17 -90 -87 -26 -34 31 -97 -36 -96 46 -1 -53 -58 -57 -33 95 100 97 -83 -38 -99 -73 -35 49 61 23 3 -27 -74 -60 -7 75 40 64 69 -81 -20 -94 -25 23 -17 -80 -41 -16 -36 -97 2 -48 66 -54 55 57 20 -20 -60 -29 -37 -70 -70 83 50 87 81 92 -88 75 54 35 -12 -100 -99 18 -53 79 -74 -45 50 -21 86 -51 -71 48 94 -72 33 -52 -98 60 -97 36 48 28 -91 75 59 4 85 85 29 -73 -40 96 37 -11 27 -41 70 37 27 89 -37 34 -12 -26 22 63 23 -59 90 73 33 15 -99 -96 80 -73 56 58 -49 18 54 -91 72 19 -48 -42 -48 37 44 -40 -46 6 -46 -98 53 40 86 -94 14 -13 16 -90 -67 -86 -75 49 90 -18 -67 -24 99 57 -51 37 -9 -47 -43 49 -51 17 -9 7 -79 82 37 -20 60 5 -4 5 -44 -61 -27 49 52 -68 -35 -98 -64 69 -9 61 21 -4 -22 5 51 -36 -5 46 46 -56 39 31 -23 -86 88 -69 8 11 89 -16 -55 -72 -92 23 81 34 -9 -63 -97 33 -52 -13 -25 -48 52 37 24 28 -65 -29 56 99 -86 -22 -8 -64 32 -99 -10 -71 -49 -65 -36 0 52 -24 66 -50 -76 53 -34 24 20 -93 14 60 -57 16 91 72 51 50 52 -14 68 -33 -63 -87 -16 39 -96 -76 59 -10 -70 59 -69 31 -98 -46 -77 -60 -86 -54 -49 52 70 49 23 88 97 54 -66 70 -15 -69 -99 0 55 42 15 69 46 -73 -81 -46 15 55 -47 15 -18 90 -1 14 -90 -48 98 7 -73 71 -98 70 -57 -17 27 87 96 62 -89 -81 -96 96 -4 65 46 27 -62 71 -8 -48 38 -83 100 43 -90 12 72 -84 -71 92 63 -61 96 77 75 63 -32 48 -49 -56 -15 -45 73 -59 -19 -43 -71 64 -61 -30 -46 -49 -88 -88 85 -91 94 -21 -13 5 70 64 -39 7 0 -42 -2 -67 -58 -9 97 -55 -66 -70 -26 28 37 -34 -37 -5 56 68 -77 -13 34 -48 -76 -49 44 -53 -78 65 -36 13 61 -42 -8 11 46 -60 8 -77 -54 83 -100 -51 29 74 97 -33 43 2 34 67 96 -78 -32 -36 -15 37 62 17 -74 -31 -47 -92 -77 65 90 -76 -14 15 57 58 73 25 -55 26 -8 20 20 43 70 74 -68 49 27 -85 59 -66 95 43 -45 -76 -83 -63 -91
-22 47 57 -44 3 72 -56 82 -23 -66 89 93 -51 -68 -90 -71 -88 -49 44 86 82 85 32 -57 79 10 -41 -9 44 39 11 -19 -37 -12 -51 9 -73 27 -74 77 93 -7 -45 -80 -2 7 36 -21 0 -96 -84 64 -92 76 61 -57 6 14 -40 51 -5 -88 -64 -78 13 32 -73 31 -33 42 66 42 91 19 -82 52 88 -95 39 -58 -55 82 76 13 96 -39 56 59 -59 -64 73 95 -79 -78 35 18 -32 31 -8 -47 63 82 28 -43 -64 45 94 -43 32 51 24 -52 -76 -10 -58 -41 24 41 82 -11 -52 33 80 91 -51 94 26 -38 -93 11 -58 98 -94 -99 -47 -25 31 -28 91 12 55 14 -87 -26 80 -77 -26 91 -52 -36 -52 -51 14 87 26 -42 60 4 2 61 -66 42 -11 50 -54 -48 22 50 -84 27 -47 -24 33 99 33 -18 -65 -3 -82 54 -69 70 -30 72 71 -73 4 23 -95 -35 -100 -60 52 19 7 33 -16 -74 -53 -36 -5 57 -43 -96 -49 18 74 -34 -46 100 -40 -73 96 -9 73 -34 -73 20 39 56 -91 -38 -28 13 79 27 73 -100 -31 -95 63 -67 34 81 72 -67 78 -68 -12 63 73 0 -88 47 -9 83 38 41 75 42 -57 -12 -12 76 -34 74 -38 -45 -67 95 6 -40 -6 -10 -12 -63 28 59 -79 -22 65 88 -4 -22 30 8 -39 8 27 0 -55 30 -93 -23 2 -80 -48 18 41 73 15 -16 31 -17 -64 10 -43 -82 -27 46 -77 -19 -36 35 19 -9 -38 44 57 -62 33 23 35 -46 57 76 71 -90 64 -60 -23 80 47 -17 -18 -32 -39 15 6 -41 -8 98 -35 -7 30 -81 -39 -21 99 -62 6 -21 45 80 -51 -2 -45 -27 -59 100 36 9 13 -87 -39 84 54 -4 -82 33 79 -69 65 -53 -100 75 43 -59 -92 -32 -20 36 1 12 -47 67 27 54 -4 -22 4 68 86 -49 -61 63 -99 90 -39 30 -26 0 -37 -61 -64 -98 -12 -9 67 34 67 -30 -86 -19 -78 -14 -33 -39 91 -46 45 89 21 88 -52 47 -23 55 -75 -79 38 -26 33 -32 -88 16 -37 -63 -39 8 82 39 81 42 60 -68 31 -30 66 -3 21 -83 -33 34 -24 -54 -86 -85 73 61 19 -3 -12 72 -14 0 38 97 54 -38 -41 -88 -30 -89 -71 -92 -91 -46 87 -67 -30 4 -7 18 -15 -38 56 -83 -64 -10 -25 -57 7 -77 -98 84 53 55 3 -35 -72 -19 95 84 56 -74 -64 43 -74 38
44 -57 -21 -75 -85 12 -94 -65 73 25 -7 -99 -83 71 44 7 95 100 1 -78 -4 83 62 -39 -64 87 -66 -70 -80 -25 28 94 -45 -25 -15 -54 -25 -95 58 -80 53 67 20 56 -44 61 43 51 53 31 22 -43 -47 -98 50 -16 55 -80 -82 92 -31 28 -70 -78 -76 92 36 -8 -25 -17 -20 45 -78 -60 85 -42 -57 -27 93 81 28 55 -1 -92 -2 -86 -53 21 -26 16 15 50 -21 -74 65 56 17 8 31 -17 -35 16 33 -56 -91 82 -36 40 -18 -50 -33 -27 -23 67 -35 -46 -20 34 67 20 36 22 50 -3 -29 78 51 -90 -88 -56 -100 17 -81 -43 -75 -33 58 -11 -47 -69 9 28 -43 -80 -55 43 75 -2 -79 38 -13 -52 -3 100 16 89 32 -41 45 73 5 94 27 51 95 -6 18 -70 -96 46 46 -32 -91 13 91 73 87 -13 -71 98 50 -4 -72 21 -10 -32 52 -58 -71 40 -52 -79 20 -17 -60 90 -6 53 -43 26 61 -17 -50 36 -31 -91 57 -22 77 81 5 27 41 -57 -33 44 -49 91 51 -4 8 25 31 -32 -71 39 0 23 49 -54 63 -97 -14 59 -49 -40 87 93 58 -24 88 81 -72 -67 25 -12 -13 -73 25 -31 -13 22 77 -93 42 13 35 52 39 62 48 -46 17 63 -15 63 -31 -98 -90 -92 -49 -35 -89 60 85 68 -25 -97 -88 -11 65 -2 -83 -4 -59 -76 51 77 -38 28 31 -41 20 17 -10 28 98 -97 -92 21 -23 93 -79 68 -5 -35 -74 37 95 12 -46 84 -23 100 75 76 -73 23 -19 12 -28 86 23 35 49 42 -47 -78 71 38 -86 -75 39 -74 92 -26 -35 52 -13 -8 -15 33 26 -59 -64 -28 7 82 18 -9 -93 -35 1 34 -28 -94 70 29 -31 41 -21 21 74 -47 -12 -37 -81 56 24 64 -57 12 23 -68 9 5 -100 94 74 -93 28 -73 77 -15 -53 -79 76 -2 2 -8 -69 -68 -25 -67 7 -36 -28 -68 31 -22 -94 -80 -97 30 -53 67 100 2 33 -90 40 67 -15 54 33 -70 -46 -62 -11 -50 99 -4 -30 78 28 32 38 23 -97 -73 30 97 45 -67 5 25 42 -5 -7 69 -52 99 -4 -85 15 -84 1 -14 29 84 -13 -78 -62 -23 -97 33 -50 15 63 -68 99 40 78 72 -58 -56 16 -45 86 -89 -50 -83 96 70 -57 -67 93 4 -18 4 -77 -88 90 -100 -49 79 31 -86 24 98 96 36 -16 -71 -96 45 -15 60 -56 13
-38 70 12 65 67 22 25 -74 70 4 64 47 98 16 -100 -59 -2 -37 -40 -68 -2 98 -82 55 73 24 66 -5 38 97 11 2 -77 70 -75 70 -54 63 -11 -63 -20 -95 76 -1 92 -18 -88 -97 41 -52 -87 -15 -75 16 40 86 29 68 100 0 -96 56 11 -38 -87 56 -56 -5 -79 -79 -56 81 -68 -14 -66 79 28 -82 -46 0 -55 41 55 65 -50 44 -2 -98 -22 -4 -28 -58 70 64 -29 42 62 0 38 41 -47 -58 -11 92 85 70 50 56 -38 -26 88 -15 19 4 1 -47 -19 94 54 -51 -31 -45 -20 -20 63 5 -4 99 78 71 -94 -29 -20 -95 77 -26 -43 98 59 -88 -12 -83 -84 64 29 -40 82 -91 77 98 49 34 -38 31 3 -51 -96 11 -31 99 33 -46 17 -61 45 59 95 -68 73 -22 57 10 -93 46 97 -42 65 94 -8 -74 64 -93 96 -84 28 43 -35 -66 -94 -33 24 93 24 -94 48 -68 42 -67 -3 -71 95 -84 68 -61 -17 11 -31 99 -57 33 79 -97 -51 -84 32 -83 -50 -53 -44 -15 67 35 -86 -38 45 16 23 53 -84 -6 -81 -87 45 91 -7 67 34 -85 40 84 14 -14 -4 -94 34 -32 -17 -42 29 24 -31 62 -67 26 -71 16 32 78 -59 87 -97 19 -71 53 9 -19 69 -37 81 -26 -40 31 -14 -88 11 -57 25 -78 -77 -29 -17 -86 -19 93 -97 34 -86 -52 50 -57 52 41 -61 4 28 -28 45 40 -28 41 -87 -41 26 -57 49 6 -44 95 36 -33 -50 -77 -42 -72 100 75 74 -10 17 -49 -40 -81 -91 89 9 60 61 62 98 -18 32 -3 29 6 31 38 -49 -100 77 -68 -93 -56 77 -71 -66 51 -73 -22 85 64 20 -24 -21 -90 70 -4 10 23 27 -52 -92 30 69 -64 -68 -66 -76 100 16 25 62 95 -13 8 99 86 -73 21 47 -27 -84 26 -47 -56 90 -27 -58 -51 -56 90 67 -58 -75 -63 98 -89 -14 3 -80 -89 46 98 15 -88 55 87 -83 -55 -44 17 -33 69 12 -67 50 71 -97 -38 77 -23 -32 63 -97 -84 -22 1 -70 0 -79 30 70 -36 72 -2 11 77 92 -77 -33 29 100 34 -64 -36 61 45 -4 -25 14 97 -71 80 23 30 54 -10 66 75 -50 -14 -93 44 21 -72 44 -76 -76 -71 47 -42 -86 34 28 77 8 -14 33 26 75 -84 -51 -22 19 53 -99 -37 -42 10 -94 57 -69 41 46 -96 64 -5 39 -43 -8 -17
28 61 -86 34 -45 -19 -40 35 33 -33 43 -67 -16 2 -9 56 -26 71 86 41 95 -19 -37 12 -53 98 49 63 83 24 30 -34 -16 -31 -38 -93 -32 -75 -11 -67 82 46 -40 -13 -74 -57 67 -16 -6 -3 71 91 -58 -4 80 43 67 87 97 -98 32 -84 -11 21 -19 -96 16 18 20 11 -50 -39 1 34 78 -15 -80 22 -27 17 -60 52 83 -75 -49 96 -68 -87 51 -77 24 31 -49 74 -96 -32 73 -81 25 83 -33 88 58 71 -27 -36 -12 0 77 -61 -88 52 0 31 47 -23 -10 41 -29 -82 69 32 16 85 -80 31 -3 55 -73 50 -39 64 -56 52 63 100 -19 67 -43 73 -15 -25 -78 -31 95 -25 -46 -88 -88 -91 78 -25 20 55 -99 84 -73 98 -31 -16 29 -92 -21 80 -67 71 -42 85 -19 19 99 71 55 -80 82 -12 -59 -11 15 -61 -77 14 28 -89 71 -89 -8 95 8 68 13 69 0 91 -77 11 -14 40 -7 61 71 88 -11 -33 -90 -51 38 -27 -88 27 -29 -40 19 -50 88 -88 52 -67 85 13 -54 77 -5 19 30 67 -34 16 -84 99 2 -73 86 35 95 -40 19 51 86 20 87 59 -19 79 75 28 -73 -92 -3 55 -4 53 -15 34 -19 14 -82 -94 -68 -69 13 96 -76 41 -57 30 -36 -60 -43 67 93 59 43 98 26 15 -85 44 -67 20 87 48 -56 -19 -33 17 -88 28 -35 -99 -66 84 -16 62 57 -63 5 19 -52 -42 -16 -15 -68 -40 44 83 -39 -88 -32 46 15 -24 -49 31 24 -60 -29 -60 84 5 21 27 -6 82 85 -98 46 -14 -2 37 70 53 22 -52 48 69 84 -35 84 11 83 -54 -43 64 -17 -10 39 54 -48 77 14 -88 31 66 76 -20 40 -62 77 72 -63 -13 -56 4 -68 38 -89 -18 -51 -55 2 -55 -30 36 100 -68 -36 59 48 57 -59 79 33 43 -15 -68 100 44 84 11 35 88 -21 -49 -54 -56 89 -11 -98 -69 -43 -2 99 -32 -77 84 56 -48 54 -97 -21 -85 -23 28 29 -31 55 -11 -1 3 20 -50 3 19 -7 -16 -21 -84 -26 -69 -24 -58 -69 29 73 -65 22 -90 -50 -74 -87 96 91 56 -94 -88 -45 -90 21 -48 54 -57 58 10 54 -50 14 32 91 -89 72 93 40 28 -92 16 -63 55 20 85 29 -31 -55 -33 -1 -86 -31 52 -60 38 85 -68 57 -17 40 6 -13 -62 -16 -51 -53 76 68 42 -80 -61 -38 39 -20 -82
23 5 -67 -78 45 -97 6 -72 -5 -65 -58 38 -98 -62 57 -7 64 -57 58 43 36 41 8 -67 9 -97 -84 -33 77 5 9 79 0 1 32 -86 -45 -41 23 -59 67 -88 78 88 -4 83 -53 -8 -91 -90 -19 77 -68 -39 62 27 -12 -45 -60 -22 82 -65 3 -74 20 -20 79 61 -27 -8 -80 -44 26 99 46 23 -64 99 97 -39 -2 -83 83 15 13 -23 -65 -17 -51 91 -55 -59 -25 -96 82 -33 50 -57 -51 -73 3 -29 35 -1 11 -13 5 -85 48 -41 77 69 -74 -83 -93 49 -64 72 91 98 54 -59 -1 -99 5 -16 69 63 94 -80 0 -31 18 -46 -25 98 72 -68 -6 -40 83 -39 -18 -3 3 29 -30 -72 15 -58 -62 55 29 17 -44 53 61 -19 83 -44 35 -42 -25 -74 -72 -18 -39 -66 -19 -65 32 -46 21 58 -93 -78 75 -69 42 60 93 43 -28 21 79 -77 -40 30 -72 47 -64 -30 26 44 20 89 45 -10 -23 -62 -39 34 7 100 74 54 -40 -70 -61 -88 26 -86 -61 -75 85 -90 75 22 42 25 39 -1 31 73 -16 -45 21 37 16 -39 -76 -61 52 -66 -71 51 56 52 56 46 21 31 10 37 -21 -84 57 -12 -31 49 5 76 -66 43 -69 -14 -34 54 -19 19 -58 -49 -53 -87 79 -75 24 62 67 -5 80 0 -21 74 -31 54 53 -1 -60 69 -93 -83 2 -63 -69 -8 -7 8 -3 -11 75 40 93 0 25 48 93 24 95 -5 34 98 -65 94 85 85 13 33 2 -83 -75 -47 -43 -11 -22 77 -80 -39 26 21 -73 -18 33 65 69 14 -74 -37 78 -33 63 66 62 -93 73 65 -43 -98 89 93 81 38 38 95 -53 48 53 77 -65 92 52 44 -91 65 -28 -79 4 31 85 -95 -70 -7 28 33 56 29 79 -93 70 -9 60 -62 99 44 -4 -89 -33 35 -76 54 -56 -72 50 -65 -36 60 95 51 -50 -55 -61 95 -21 98 -44 100 94 -37 -53 9 -46 -79 3 -73 12 32 83 98 64 -81 34 20 -78 55 -25 -57 -75 -51 68 40 9 72 -21 -10 37 76 -55 71 -19 -89 23 -30 -10 -34 -50 86 -76 -37 59 -15 45 -90 -86 -98 41 -42 7 -27 40 -6 61 47 -22 -50 -96 -44 -87 -27 88 32 -58 64 -86 -99 -94 -17 100 59 -14 27 79 -64 -47 -81 76 22 -68 12 43 63 56 54 -31 -27 34 -83 -31 -55 51 8 94 -35 22 91 -74 -1 -30 -11 -92 12
49 -48 22 -27 -2 53 -100 99 -70 -91 -45 77 -2 -63 -85 66 -93 -72 -52 74 -74 24 -66 42 10 -100 27 -33 15 -10 87 92 94 22 59 4 56 58 -82 -12 61 -77 -8 1 29 -68 -40 40 86 -96 -10 10 -62 -42 3 -47 -22 -90 -34 98 22 76 -68 -93 -20 -19 51 -85 14 46 -16 -48 -79 -84 90 1 11 -75 15 21 -74 -38 6 -93 -28 -44 -35 81 34 29 -87 97 76 98 -36 7 7 -2 37 -73 -99 -86 56 -57 61 41 98 16 -87 -3 60 76 19 -48 40 34 -51 92 65 -5 -92 -92 -19 37 34 -58 97 -92 -47 67 57 39 -60 5 28 62 -9 -24 62 -41 95 44 89 -30 -28 -40 -97 64 -70 -25 -89 -87 -47 79 47 -62 90 69 83 71 11 -92 42 74 -77 87 -55 -26 -56 -75 -19 -32 -41 -98 98 86 -21 -54 91 39 -53 41 90 -9 -89 27 -94 -7 96 47 -24 -21 10 -62 57 -13 48 67 9 -10 -93 34 90 -31 7 41 57 -27 35 -5 20 83 -86 74 58 78 37 3 -82 55 51 -33 -32 79 -39 88 71 1 13 -8 41 -23 -2 -82 -3 -49 19 29 64 32 57 14 61 38 -97 68 -72 21 -35 94 -5 7 98 -70 -51 -54 -49 97 -2 -22 0 -24 -78 -4 52 -46 44 30 -72 100 100 -38 -15 -91 100 -100 -78 75 18 36 0 -16 -93 80 87 -63 45 57 35 17 -12 40 -40 -7 -55 74 92 34 -97 16 -55 -70 37 42 57 -100 -78 37 71 -47 2 -83 49 -31 73 -71 67 1 -66 -72 66 46 79 4 -74 19 79 98 -62 60 59 11 42 29 -53 49 47 70 72 -99 -9 8 71 -76 95 -62 1 -41 -68 -83 9 89 -7 86 -72 -17 -46 -83 -16 -34 -43 -39 -66 -25 -83 92 -52 49 96 -8 -88 10 29 48 -6 30 -50 76 27 69 67 -62 15 -64 -83 -60 56 55 -24 19 66 50 -82 -100 -42 -85 65 70 -78 -63 26 44 53 62 -24 97 65 31 36 -25 66 -75 51 -81 60 -26 40 71 -23 43 -51 5 -84 -40 11 86 -63 -81 78 -67 13 7 21 -92 67 24 -5 -17 79 -78 -39 40 -38 -56 -9 70 -72 -6 88 -1 36 -71 65 87 55 36 60 -54 12 6 -67 -50 66 -14 88 -26 17 4 -68 33 56 61 -9 19 -42 40 29 44 80 -73 53 -80 46 -59 -45 20 42 40 -50 51 -65 17 88 57 25 -87 48 44 89 65
38 -75 -44 -60 -35 88 43 87 -87 -92 -17 11 -13 3 -81 64 92 -54 -69 -11 -93 -68 -44 -87 11 -73 -35 -22 28 15 8 -21 98 91 34 -17 -72 -79 66 48 -33 40 -52 -55 -74 -56 -15 -73 34 67 -52 -46 79 28 -39 -83 22 7 23 41 100 78 67 56 95 -88 -60 -28 24 12 52 -38 50 -17 -58 46 70 -17 3 -56 -93 52 51 18 58 -59 -51 84 8 -68 97 22 -38 22 50 -71 43 100 69 70 -61 41 46 22 -14 50 26 9 -51 5 -18 -48 -51 -24 -34 64 -9 -96 -37 60 -73 23 -65 7 -12 -20 40 -72 -23 54 73 -68 37 -47 -14 55 24 -22 -62 94 79 -8 76 1 3 1 18 -71 -35 96 72 -69 -54 -95 -54 -76 62 -63 84 -65 28 -59 -18 30 46 57 45 63 -12 37 -76 47 -100 40 43 -5 -19 -4 -14 -12 -71 -43 41 17 30 -65 -37 -81 -20 -57 54 13 62 84 31 -39 30 -34 71 64 -97 -11 -42 -5 -42 -73 -74 49 -44 -32 96 -80 52 100 15 -69 -19 -88 -41 31 98 -79 87 -79 80 94 13 -59 -59 24 29 76 -63 -91 36 80 44 0 -82 72 -61 -20 -28 -65 57 7 -3 58 39 91 -18 -31 11 -5 8 -53 -50 -18 -57 14 60 28 14 -38 -61 73 96 68 -83 11 99 87 33 38 -69 -92 70 72 -55 28 -53 -36 94 48 -80 79 -94 -77 -89 79 -15 49 75 -12 -9 98 0 -51 30 -11 75 -67 66 25 -51 -55 -1 -60 21 84 -83 71 -41 64 -17 7 35 60 -66 10 38 77 -38 49 1 60 4 45 84 -48 44 9 51 -9 -94 -65 -96 41 35 -77 -25 -24 -71 -22 30 56 68 -50 -65 -79 -35 14 77 -99 78 13 45 -32 13 96 73 91 -68 99 -44 27 16 -57 -19 -96 69 83 20 27 71 -70 64 -5 58 -35 74 42 32 -78 -40 -92 80 -100 48 39 98 -55 -93 9 -18 -8 -85 6 -25 -70 15 -52 -21 -98 -36 45 3 -45 -73 15 0 -45 62 -45 -8 97 -16 29 74 24 47 -28 -63 -68 48 4 -47 2 -78 -27 -38 13 36 81 -55 -10 -25 40 -68 96 12 -23 -96 -85 68 75 100 -69 40 -44 93 20 8 54 76 74 -39 -61 86 -69 -92 34 72 25 90 -69 47 -77 55 -46 -53 -35 -12 -59 94 82 45 -52 -83 -43 74 -87 88 44 24 91 67 7 -61 58 -62 -32 14 -51 7 16 28 -32 48 97
68 73 100 -90 -73 56 -18 -31 -18 56 10 -25 -28 0 -52 47 75 -59 67 -98 -15 57 -54 6 35 68 -69 -73 54 -68 70 -76 -46 -78 -4 -53 -64 53 -32 -5 -95 75 35 -48 71 82 -97 66 20 -15 60 9 84 -72 -72 7 -95 73 74 -88 19 75 -50 -3 -18 100 -22 90 80 49 87 -11 -4 71 13 -98 89 66 -36 53 52 -47 44 82 67 63 45 16 20 0 -86 -43 -56 22 31 35 -26 -20 98 36 -64 -28 26 38 29 -44 59 -40 -63 -3 2 -89 56 -7 86 75 64 -45 21 64 -42 98 43 -63 -92 51 -39 -13 -59 68 -40 -83 42 -36 58 0 43 -50 46 43 -58 54 -12 99 85 28 8 -56 32 -43 6 -94 5 -50 73 67 70 -61 -78 -17 25 76 -31 -57 -64 -13 -28 -10 52 34 29 97 -5 -55 -36 66 38 87 29 -49 -53 58 -88 20 37 0 46 54 46 -27 -13 -63 98 89 -29 54 19 75 94 -61 -40 60 91 -7 -90 -70 -71 41 49 33 86 -3 -30 -26 -39 53 75 5 -56 -42 -24 -31 -64 22 35 99 -89 94 -87 -91 51 59 98 14 72 68 80 -17 32 -45 86 -57 -45 87 0 49 -13 -35 31 16 28 47 -38 14 82 74 86 50 6 24 -45 -65 12 14 -3 25 -36 51 -51 59 78 -88 -60 -83 76 79 77 24 55 -80 -43 1 -82 48 97 100 84 43 41 -41 -75 42 5 30 -31 89 59 -61 -43 95 85 -51 -31 96 6 86 51 -52 41 -66 -97 18 5 -7 -5 -13 78 17 -88 60 7 20 40 -55 15 -75 -28 57 -80 -54 -83 -43 16 88 17 86 56 -82 81 82 71 -53 65 -61 52 91 24 27 -41 -17 8 -66 -47 89 -8 -84 32 -51 80 -17 -79 7 60 -55 -40 -30 -61 -93 85 -98 -52 -83 32 -59 82 77 -48 -85 88 58 -3 43 56 -31 -56 -61 -82 -74 93 12 15 85 -67 -92 38 -49 76 77 78 5 -27 -30 20 -84 -19 93 90 -39 -20 16 13 -40 -86 -38 -9 39 20 -91 -6 -84 32 18 81 -59 19 72 97 -37 98 51 -39 98 -92 -64 -97 -17 -93 -21 19 2 18 92 -100 23 -21 50 21 21 68 99 -14 -55 79 45 -6 20 -87 89 -85 6 -48 90 31 -81 27 35 7 -95 -99 80 88 -84 61 -64 67 44 -99 -99 -73 -98 -73 -97 -22 7 65 53 9 58 -92 94 -30 31 -63 75 10 74 -87 87 71 41
-44 -6 42 -39 52 41 25 -31 -69 -48 6 -59 52 -63 -62 15 -6 94 -75 81 -63 -29 13 47 26 -65 -56 87 -6 -32 -7 -30 -17 24 96 -26 -89 -92 -72 51 88 -64 -42 -71 48 76 -77 -35 -79 89 -7 60 79 76 -17 22 76 40 31 -33 21 15 -24 -81 91 -30 -7 -74 -23 87 -68 67 41 -34 -30 -8 42 -21 7 -34 26 64 44 47 80 -41 35 -88 -78 -27 -40 59 67 94 1 32 -15 -40 -68 -92 -76 58 -56 20 -63 30 76 -18 -62 80 -80 -20 99 73 -90 -72 27 -3 82 -14 8 94 -21 83 -18 64 -57 42 82 -76 73 -70 -22 56 71 7 -72 -5 -52 17 65 -33 -33 -29 96 -65 92 19 -82 73 -11 -40 -87 49 -77 5 61 -57 -57 99 -55 10 -82 -8 80 56 -89 -33 -87 28 0 -86 -52 13 67 -31 -46 20 99 22 -59 -28 83 -71 37 80 -15 -87 -82 -72 -91 -85 -98 23 61 -52 -55 98 -72 89 -20 -85 30 -81 46 82 -43 34 -38 -43 -1 -23 26 35 -82 -16 -71 11 84 -25 34 29 39 -18 -13 -35 70 82 -62 68 31 86 38 -32 -28 -22 -78 -49 40 -87 -16 -2 -67 53 17 25 35 29 92 -43 -12 92 -85 12 17 -84 -33 100 -90 -65 30 85 62 90 38 100 12 93 -15 40 85 -48 28 -57 -33 94 84 -38 30 49 77 -32 -78 1 -98 -16 83 -15 -94 97 77 -18 -46 -74 11 95 -61 -11 -9 -38 54 19 60 37 -86 41 84 -92 5 -25 -49 5 38 16 -24 -26 18 -72 69 6 37 63 35 -69 -3 16 30 38 -78 -26 -91 33 92 19 75 -98 7 64 5 -44 41 -94 -10 -9 -99 -31 -57 -41 -52 -1 98 87 98 -64 8 93 -78 79 59 -82 17 31 42 93 -8 90 -27 -51 -67 96 24 -84 -18 -78 -20 -25 17 -78 10 -9 -91 -96 -18 75 -38 61 46 9 72 1 54 24 64 -92 14 -83 46 56 -17 25 -23 55 53 79 6 -72 -44 -50 -39 -32 -72 -79 -74 61 64 -58 45 -39 49 -18 8 -39 55 -15 42 -97 67 -58 51 -21 68 38 -5 20 -61 -36 34 58 -66 -58 11 -48 -29 73 -12 51 -89 -27 -1 -88 28 33 -82 25 -68 -31 -72 -47 46 -34 15 -35 90 88 53 71 48 -43 62 32 -48 37 -99 -17 -10 -78 -56 61 79 87 58 -24 3 -55 66 -97 63 76 0 -77 88 -94 -14 62 41 18 26 29 -57 -48
24 -14 -28 -43 18 44 -25 22 53 30 38 -22 -92 -25 18 -84 -16 54 32 -49 79 49 54 5 6 -42 -3 -95 87 88 40 -93 26 96 -71 -31 2 64 26 0 37 -42 49 -10 1 -78 26 60 70 73 0 32 -82 -5 -49 -100 74 52 96 -26 -58 40 -67 4 -14 4 83 -75 38 -84 3 88 20 -71 -96 17 14 -90 71 100 88 7 -59 -29 35 84 -72 -55 -19 71 -21 16 46 53 -57 70 38 23 91 39 -98 -20 -44 51 94 32 -45 -98 -44 -46 -16 93 37 -98 73 -49 55 -51 -5 -63 -83 -77 -59 -39 94 -56 33 61 84 26 -54 66 91 29 -47 -9 -54 -67 15 46 -64 24 29 62 -14 24 -50 30 -91 -15 25 100 33 -85 82 -75 -55 31 -13 -10 51 69 1 12 89 -62 -67 -41 -81 -12 82 -85 66 -82 -24 -17 -90 22 -44 -89 -60 21 -16 -58 65 57 -65 -9 85 54 -62 -13 -26 -56 -60 5 -15 -28 -46 -23 66 -8 52 52 41 4 51 9 32 10 -24 -85 34 -41 20 47 -45 -29 58 40 79 17 63 29 -32 2 -5 55 82 -31 -73 87 -97 70 42 0 -48 99 69 63 69 17 -54 30 44 70 -28 62 13 95 9 -44 -59 79 -65 92 -84 -62 -43 -8 11 10 89 -30 61 78 -41 7 73 0 -42 -30 -40 -58 80 11 54 -25 85 75 91 -15 -79 97 84 27 -9 -14 -57 32 68 23 -21 24 -21 44 -86 65 -73 -32 -45 -61 51 94 -17 -34 -83 84 47 55 -46 -13 42 -89 23 30 97 -77 54 87 21 92 -6 -76 69 77 30 15 14 60 -16 -24 96 -27 -43 -23 -86 -71 -81 -15 -52 -31 81 -54 -25 -59 58 -69 -97 -65 -11 -25 46 26 -31 63 -99 -50 -60 100 -49 -77 -48 -75 -37 57 -55 76 -14 69 -3 40 -69 56 -3 -9 90 -68 3 -41 67 25 65 -25 9 16 60 45 -64 59 18 14 95 -21 -93 -98 54 -22 88 -49 -11 44 18 -61 -60 -55 -54 -2 16 48 87 66 78 -43 11 -97 23 -35 65 59 -54 -14 -41 66 76 -58 56 -47 48 -79 40 52 73 19 -26 -99 -30 91 -60 -16 -89 -58 0 86 58 22 -67 79 -91 15 30 -39 -72 98 -52 58 6 11 0 -25 88 23 -65 83 85 -31 26 62 -48 57 12 73 8 -35 14 -96 45 -11 -93 -100 50 -4 62 -59 12 -31 5 -76 14 36 -55 -23 3 24 26 -57 -9 -80 -60 -7
77 -86 -96 -22 -6 82 19 54 -87 -1 23 81 97 -95 82 65 -42 44 -90 26 82 86 -10 13 38 59 5 36 0 19 5 89 94 61 26 -37 -100 -33 -3 4 11 30 -91 -17 24 -74 -24 -92 -95 -33 -94 -41 52 48 29 -26 98 52 -65 6 -48 -91 15 -54 -94 84 24 -65 -24 -89 83 61 -57 -71 -1 -54 -81 5 71 19 -24 64 99 72 81 -49 69 -74 66 -94 66 -57 57 41 66 -61 61 -16 46 -83 -14 -33 49 8 71 97 20 -43 -37 -35 -87 24 40 -42 -27 39 79 43 -47 35 -54 82 18 66 -56 -22 25 73 -64 47 44 21 -20 28 78 70 87 -74 -5 74 62 -34 -47 -78 -31 -28 -71 24 -62 82 29 -94 16 -81 26 -44 -16 12 -87 37 -94 94 17 23 86 -23 15 -38 30 -29 -91 -63 70 -10 -36 -48 -94 -90 26 81 41 16 18 37 -55 -22 -61 21 -90 78 -95 41 52 36 -50 -95 53 55 -85 -35 -79 58 51 -72 57 89 -42 19 -32 -97 -25 -33 -54 -62 -27 21 -33 -74 -15 -23 -16 34 -71 -38 -16 -46 -88 90 -93 -81 50 36 -76 -100 -39 83 25 -55 -2 -85 -18 -22 52 -26 63 -70 -9 84 -67 -42 -84 63 87 66 92 20 21 -18 -49 -18 52 8 93 41 99 59 60 66 10 60 94 9 -4 -25 -35 93 95 9 -4 -45 68 -92 -24 -9 -39 -94 5 93 26 -73 27 -19 -31 -15 -14 54 94 -44 -94 67 -76 93 90 92 19 58 27 -13 51 -78 -51 75 68 29 -86 88 29 53 -16 -92 -2 48 -5 -28 1 87 32 17 -38 -20 40 -10 2 -15 -10 42 -83 -98 -58 99 28 83 -77 -90 -30 -84 -92 -24 -32 64 35 32 37 -14 62 96 -25 9 -39 -57 -97 -19 -88 -15 -7 93 -82 74 28 78 -17 -34 21 -64 -63 90 -10 -68 85 72 -69 12 -87 -15 60 68 68 -76 54 -67 -69 -79 -42 89 -48 13 85 51 -1 -20 -21 -67 -1 -83 7 -92 -31 -27 -86 25 -46 100 6 -37 77 -56 73 -68 96 -3 100 31 -32 19 -8 78 8 -73 -77 -72 -64 0 -16 -8 53 -95 51 24 -17 37 50 79 -5 -91 29 36 94 -96 -60 -91 53 -24 77 -65 -64 -7 17 32 -1 -94 -82 -75 -20 83 -1 59 -100 -69 7 21 50 -22 -42 73 48 -15 -73 43 -72 52 44 -31 14 -48 -12 81 -81 -99 93 5 62 -83 -49 -24 65 93 99 25 -2 -94
-68 82 -1 -64 35 -48 -94 -51 86 24 -3 -74 100 -54 -85 -93 40 58 14 60 11 -23 -94 99 75 19 34 -57 -46 48 -36 -5 40 -37 -62 4 10 14 1 15 -95 8 -1 -54 11 22 14 57 -72 -26 40 -39 -10 54 -11 95 62 50 35 -53 -40 -78 -15 45 5 -9 -74 28 -99 -76 55 94 75 0 -46 -100 17 -51 18 21 -82 -72 -86 66 -35 -7 24 -99 -8 -60 -13 -19 31 4 43 15 -20 94 -36 -3 -28 28 -73 -96 -44 -33 100 -17 16 46 -60 -7 98 -15 52 51 49 -56 96 -57 61 -33 30 2 83 -99 83 -51 53 5 60 42 -83 9 -95 4 -80 -71 92 -46 68 -32 63 -75 -81 -76 49 -26 16 62 -85 -45 71 93 -42 100 71 93 97 -43 -44 -26 27 20 -86 -96 92 3 8 -8 -19 28 -50 -81 33 25 -26 -7 40 25 36 -40 -79 80 -77 71 46 -32 29 99 63 -89 69 -80 68 -2 71 63 -57 -3 39 77 56 34 -48 31 -34 -66 36 47 -92 34 21 94 37 98 22 -28 -2 -17 -34 -5 -78 -39 9 -67 0 49 47 -20 -51 79 -15 68 -83 37 -94 -39 -61 5 10 87 -78 56 80 47 -98 8 -83 74 25 78 21 -50 -82 55 -96 -53 33 -47 -77 40 -40 -65 18 54 -84 -35 75 -8 94 -13 16 78 -21 -77 19 58 99 4 -89 16 84 26 11 63 -63 -41 -28 -43 29 -33 -46 36 62 12 9 -53 76 -55 6 -2 -54 -77 -48 94 100 0 -81 59 -38 4 -51 21 -86 72 -22 -5 -27 21 33 -41 -59 -23 29 -86 19 -54 95 -55 85 59 87 -38 72 80 -35 -78 -58 -67 45 -37 -19 -15 -32 -87 38 -83 14 -19 93 -89 -18 10 -25 -33 93 47 -3 36 43 76 69 -82 9 -95 32 32 41 -17 33 -31 -4 67 -33 52 -55 45 44 -52 19 -70 18 -61 8 78 93 90 -6 51 -47 -58 -53 -37 -87 92 -98 30 -64 70 -99 -69 82 -63 -72 -21 -49 -37 -37 8 20 -84 5 -48 18 86 -85 -48 -57 -89 -57 19 12 -18 -24 -2 -95 72 43 80 -11 -96 81 -35 -39 31 -73 14 43 7 -48 -99 -83 10 -66 22 -83 79 -99 97 71 58 -19 89 -93 -8 -87 97 62 -28 90 32 -65 79 69 29 22 57 64 -64 39 45 -14 95 -92 96 -69 -64 38 93 63 21 -29 -23 77 63 41 -56 -83 87 -69 90 -42 -89 -8 22 9 90 -48 65
-88 -32 73 -73 55 5 37 -76 -48 63 76 -59 -60 4 -39 -20 -11 -72 -44 -91 89 48 -82 61 58 -48 -6 60 -97 -96 56 -64 39 -23 41 52 45 -39 93 -10 -88 69 -36 -1 53 84 -26 -39 40 58 -34 -29 24 4 -36 -15 23 87 -43 -49 30 -30 -76 -98 10 -92 -56 -47 48 -64 16 36 -70 -5 -27 82 85 69 48 39 24 18 39 -20 -85 15 -36 50 68 -55 70 -24 10 38 76 25 -34 -19 -16 -76 -60 -32 -47 93 80 -98 -13 -38 -41 50 82 98 -30 -32 -31 -67 -25 45 72 -3 -48 -58 -65 -18 -70 45 14 88 13 -91 2 12 96 -24 13 -75 -2 97 32 -66 -43 3 13 -85 65 20 74 92 8 -6 6 -7 -55 -64 -44 -59 85 86 15 -65 9 11 2 82 -92 79 -3 61 3 14 27 45 -81 25 -73 -6 -28 -86 -7 -42 91 50 30 -21 0 -70 -86 -20 47 15 -9 96 85 -15 32 -76 84 47 37 -56 -72 68 -92 -62 50 14 -28 -7 95 -2 89 -89 82 89 85 68 66 -56 -5 12 46 -46 -28 1 -90 65 -55 -71 44 68 35 77 46 -5 -74 -18 59 -5 -75 -57 73 -37 -82 33 -54 -19 48 25 -77 -9 -36 -14 -54 26 79 -41 52 -35 -90 -27 -93 -92 5 82 56 13 77 -71 26 52 98 2 37 -18 100 -7 -82 100 95 -9 -67 50 -59 -40 12 -12 65 43 -70 32 80 -35 34 -100 12 57 27 94 39 42 65 -36 -81 43 -1 60 -3 -22 77 -8 -98 -10 -80 31 -47 81 49 -97 31 -30 90 88 95 -74 -27 56 58 26 93 -57 86 82 54 9 -43 86 -7 91 25 41 47 93 36 -53 -66 15 -13 -15 -19 -49 81 -34 -73 5 47 70 -25 -97 -100 56 -90 -87 -44 -5 -100 71 -71 -39 -91 -1 -51 20 61 47 58 -72 -17 -44 56 -35 -14 98 23 -49 -25 -51 -52 23 48 93 1 3 -84 -71 -74 64 -43 -45 54 -34 52 47 74 -32 -81 0 31 -11 95 -65 74 73 2 32 -82 82 -53 14 21 64 74 53 -24 19 -27 -94 40 41 -64 -35 -40 -34 74 87 4 -76 -51 -56 -21 40 -83 25 -96 -40 83 40 16 -79 -21 73 51 32 -92 0 -63 -12 7 -9 -17 -8 19 -35 27 56 95 76 -87 -21 -38 -57 89 -95 22 68 45 -66 -8 -76 54 49 -89 -74 -91 38 -25 65 28 -8 30 36 -34 36 -61 -48 -63 88 15 -26 -62 -22
43 92 24 98 -57 0 40 83 55 63 47 -70 -40 46 -17 -32 65 85 33 74 -50 -89 -70 72 -65 -66 9 29 -78 -72 51 -2 -15 57 -64 -39 19 -21 -33 -87 40 87 -54 -37 83 66 87 59 36 48 -63 72 87 -49 21 -54 51 -58 -100 -53 15 39 -72 -69 54 -2 -51 23 -58 -92 -5 13 -71 -40 32 -1 -86 53 -10 -22 58 -33 99 -58 47 -56 41 -24 -71 71 60 -18 19 0 35 -57 88 -84 -49 55 -44 27 37 16 -5 -93 33 97 -11 -24 -79 7 -8 -8 -51 94 80 -90 -93 -52 39 -8 -97 65 -16 -86 56 23 -34 75 56 -6 -52 94 67 24 40 57 77 77 29 59 67 26 65 -91 -63 1 -87 95 31 -89 7 25 -56 -91 -26 48 28 76 -65 -2 100 -43 -87 78 -60 -16 35 22 -16 -55 -72 -90 97 98 -3 76 48 -96 29 -85 57 -76 -36 90 -92 -41 -5 -85 -92 -10 -82 27 15 14 44 -62 61 5 -25 90 -2 60 -95 -58 84 39 -100 -75 9 -29 31 13 -76 16 63 -9 -92 -42 -74 6 29 -60 70 94 -10 -53 76 -47 -99 -34 -46 83 68 -41 -85 -62 19 87 55 -25 35 -20 56 89 5 81 87 -34 51 -97 -26 86 17 -92 32 -75 -59 -83 -99 86 31 -36 -89 80 -39 -94 1 40 -88 45 94 53 18 -21 -26 83 -26 -31 9 -9 -26 45 -43 -59 -28 -86 46 16 87 -11 1 88 -25 -88 58 -27 -85 52 -62 12 9 68 99 -27 -8 -42 35 -47 -43 -11 30 -48 -5 -24 -95 -41 -10 -80 37 -11 100 67 -82 -35 38 68 -95 70 -19 74 -56 82 -54 -4 -12 1 -57 -97 -92 55 -4 50 70 0 69 22 11 35 -8 97 10 82 47 37 75 -42 80 36 -8 92 2 21 -68 -64 -71 -87 -70 40 -48 33 -40 -83 40 2 66 35 -36 61 -84 93 17 0 98 -24 27 -15 -97 14 -77 88 -72 -22 48 -82 27 -57 -91 -85 -24 -26 77 -28 58 27 31 10 79 -20 28 75 72 -69 90 91 -45 83 -2 70 -58 -13 -35 26 2 55 -19 2 87 -90 93 -50 -5 -6 97 52 -100 54 -55 -29 -41 -59 19 -5 -97 -77 93 -4 -9 -66 93 -86 6 0 0 66 -68 -10 -1 88 -84 -64 -19 33 -96 24 -80 11 -76 52 100 26 56 -94 -55 48 83 -23 20 -5 -99 -65 44 -72 -16 -14 -74 -30 -50 -66 -94 45 12 -80 16 -13 62 27 31 -50
58 96 -89 -92 -38 -7 -2 -75 22 99 89 0 17 65 -80 1 16 48 14 77 -85 0 -78 -79 -48 83 -27 -38 -99 74 11 -73 36 -59 27 92 -76 -44 -26 45 6 -7 -66 -62 -38 2 4 -1 -39 -65 -43 -51 -1 -90 -86 6 95 -94 40 51 42 -16 -35 66 77 10 -55 24 -24 -13 66 -34 -39 67 76 98 -62 -72 -73 11 -37 -82 65 -95 -91 -76 26 -44 23 55 -11 -80 -93 -44 -32 -44 -65 -30 -73 -32 -41 -11 86 -10 -67 44 59 94 -32 12 73 94 -7 -54 -48 -20 -12 33 6 41 -72 32 13 70 -46 -31 -79 2 -70 -23 -100 42 -61 51 80 -22 61 75 61 86 -97 -5 41 -65 58 1 -5 -13 -48 -30 -86 -60 -46 80 -21 32 67 -16 29 -60 34 -51 -54 -33 -55 10 94 -96 76 90 25 -89 -35 88 81 -14 50 1 8 45 38 43 -58 -68 10 12 -17 -59 -28 71 24 -83 47 -72 9 -27 -19 -44 13 40 -79 -19 6 56 3 71 -42 -58 -91 -66 92 -4 37 -81 24 -91 -42 65 -45 2 -7 21 16 -78 -89 -63 -77 -7 -27 53 -87 58 43 -46 -26 0 8 -93 16 69 14 -64 -77 -85 2 -46 -95 66 95 34 -78 47 9 36 -10 23 24 32 99 -72 30 -82 38 -95 39 8 -96 16 -71 -2 97 98 -60 -75 -62 65 26 59 72 -31 4 -52 -48 88 73 -38 -32 -26 16 33 49 -15 -19 -13 64 37 -13 50 3 5 -58 -70 17 82 22 85 -16 -100 -7 83 1 -42 -44 -14 64 74 -63 -30 -48 66 -87 -42 -57 -97 -82 -28 -19 92 57 33 92 86 -46 -73 -26 66 11 51 -64 89 42 17 -58 -59 39 -81 28 -73 -15 19 -13 -22 -26 -73 -6 90 77 24 -16 -89 46 -83 -4 97 28 62 48 72 75 35 68 31 -18 -21 81 57 76 -80 -29 -6 55 34 -58 51 94 38 -4 -91 37 -56 91 51 9 41 1 -76 65 27 71 18 74 55 2 -84 35 24 18 40 -26 19 15 -69 77 74 14 43 -5 -78 41 -76 -93 37 -19 -34 -91 50 11 43 86 42 50 79 -48 -31 8 -24 -8 -93 -59 62 21 53 -98 90 -48 96 -90 100 -59 98 11 -81 43 -14 59 25 -97 -72 93 -21 57 49 100 87 2 -42 60 -95 -80 90 29 3 55 28 -58 -75 -53 -1 -64 -77 -11 -38 -17 -67 -47 -56 87 2 -86 77 48 -46 91 21 -23 33 33 65 66 -81
-77 78 9 -31 -17 18 80 -3 -1 -57 11 46 61 62 -19 17 -36 -57 -66 8 -88 -88 58 -10 -90 92 2 -79 -91 -52 56 -5 -71 44 -26 31 -43 41 76 -69 23 66 73 20 14 85 40 -52 -40 -98 -51 -35 76 83 -77 58 -56 17 95 1 -39 62 85 26 -3 -36 52 -57 -42 58 92 -65 95 83 79 -39 61 7 53 14 -8 7 20 -53 -56 15 63 64 -62 62 -81 86 -68 23 88 51 57 -97 67 -43 62 55 -21 -6 38 -21 -41 -29 -100 13 92 35 16 45 -37 -16 -68 36 -1 29 -53 -62 70 14 -31 35 -27 -19 -32 95 -65 -72 27 34 -42 -46 98 -60 13 89 -78 -26 13 -13 -22 -79 80 38 16 -48 100 -92 -46 78 -7 -50 -98 6 85 94 -78 -80 80 -80 54 51 54 -67 -45 4 -45 41 5 -89 73 -29 48 22 43 76 2 -71 -77 -7 26 -15 -83 18 -72 77 -74 -74 -50 -76 -19 -41 -26 -32 15 -85 23 81 -5 -37 -27 5 -52 39 -17 74 -81 89 -3 42 57 -58 -72 -54 58 61 45 -44 10 20 -97 -94 -25 -29 -54 -21 81 7 -21 -41 -10 21 64 83 11 99 -27 60 -22 65 -36 8 -44 4 -55 -11 -31 -3 -24 -65 -44 -88 21 33 -12 30 46 -51 22 -75 45 4 83 57 -43 -1 59 -95 -47 -76 -24 75 75 -84 3 -6 -100 93 -45 -87 24 82 -89 -4 -1 -41 23 48 -98 93 7 -48 -56 -77 -3 -96 -61 -76 -8 -1 14 6 -86 41 -81 50 -94 -80 84 -10 -23 62 10 45 -17 -63 -76 -76 -17 -33 -98 23 91 35 -90 11 -5 -41 -89 22 -33 -13 -91 100 63 -52 52 -1 9 -25 -7 -69 -61 57 -40 28 87 -37 3 57 -47 33 78 38 15 -82 69 86 69 -69 52 -16 14 80 15 -49 -85 1 94 -45 -99 89 60 -38 82 -98 -98 -15 48 -83 22 -93 -29 67 12 -33 -57 3 63 81 -10 -58 -42 51 43 42 -93 -97 51 83 58 70 35 -97 -68 69 86 -24 -2 -75 -35 -61 -30 -35 21 63 13 20 37 -82 -68 35 -44 -54 -3 -37 30 70 20 -98 38 54 -7 29 -60 30 -92 20 100 -14 -83 -42 -1 -29 -84 15 -91 30 61 -79 80 87 -59 -11 20 -94 36 35 22 -57 -23 43 -40 30 85 -88 -34 46 68 -73 -28 52 74 93 50 -83 -8 -4 53 99 74 1 0 60 16 -16 -47 43 96 -65 -25 59 -26 -33 -4 51
72 -82 51 -56 17 15 30 -5 24 -12 -50 7 47 -61 -72 -10 -90 -3 93 50 -24 -83 -95 93 -37 -83 -17 26 -46 -51 7 15 -29 -63 35 29 74 -89 -78 88 56 84 -23 75 -57 71 -13 -32 -44 7 58 67 -98 91 65 -37 56 22 -39 -22 88 55 34 -3 16 -44 -26 82 -19 -99 63 47 -2 -39 -52 -26 95 74 75 -50 -47 32 -15 -36 23 -50 -60 -72 -82 70 -79 -56 -2 -16 5 45 69 77 -61 7 -31 -60 -98 92 70 35 -8 -90 64 7 95 -74 91 -87 -47 -68 69 88 87 12 -15 99 28 -6 -89 93 40 78 76 -46 -76 55 -61 -51 57 -68 68 5 73 37 -14 -65 -59 -82 -49 86 -21 74 18 -90 -57 45 75 27 5 -16 -73 93 -95 -5 -69 -81 -15 97 80 -39 -80 -5 -5 -92 -87 -94 -2 -30 45 0 -64 93 65 -67 -18 -38 95 90 83 76 13 -23 27 -63 -97 75 65 20 75 -2 -79 61 63 -27 -46 54 76 -81 -95 -25 -56 18 -70 37 73 -14 -24 66 -26 50 71 -81 -22 32 28 -18 -45 96 32 7 7 -70 -31 76 82 32 -62 -42 -80 -72 -61 -38 24 -76 -70 36 86 97 -28 9 -40 39 -75 -70 46 57 15 12 -6 -73 -3 98 69 62 -20 57 -4 -62 27 10 78 -91 78 9 70 49 -7 -37 -51 -72 5 36 41 -50 77 -78 54 59 -73 -34 -96 -68 50 -80 26 10 72 -95 -50 94 37 -58 -32 -51 6 -67 -90 -48 -48 -37 -30 -81 -34 -49 90 -85 72 -14 55 27 -27 31 44 -36 43 95 30 63 56 54 91 -14 32 -28 -50 26 -94 12 45 87 83 63 -19 55 35 94 91 -26 26 -4 -93 -92 -1 35 -51 -15 -97 47 2 2 -46 -33 -89 -10 54 0 5 41 41 11 -51 -54 -82 -73 39 9 70 -49 44 97 71 -51 -33 -40 95 -38 21 -14 -97 4 -39 27 -92 88 14 -37 -71 -3 98 97 11 8 -25 -94 95 -65 90 -17 47 -94 39 69 -36 -31 63 -69 87 58 76 26 -54 -46 29 -33 -79 -63 30 -53 8 100 68 89 1 91 -68 64 22 -5 -76 -48 89 -20 81 92 -24 -98 50 98 65 52 21 3 33 -33 28 -12 67 -83 84 -51 -74 22 2 -39 50 -77 -20 -80 -15 19 -100 82 -60 -60 17 -31 -94 -58 79 -59 74 73 6 41 -14 30 53 12 -93 -7 -31 13 74 -97 94 49 -43 56 -27 -25 11 -15 1 -66
-26 -65 -71 50 0 -31 49 -69 -9 61 80 32 -15 94 -41 94 11 -75 90 -55 82 55 2 -23 25 16 -53 67 11 99 8 14 -77 11 2 77 -33 40 38 -31 62 76 23 -80 86 64 87 -51 2 -61 -48 -96 90 55 -72 57 -58 -4 98 -75 -40 -17 -16 -100 -15 -40 -61 -92 43 47 71 42 84 -2 -87 1 -50 -10 -78 -69 0 -80 -20 21 -89 38 -34 -52 1 -29 7 84 94 -30 43 -2 30 -93 -92 14 10 20 -97 49 -34 -19 61 64 -93 33 -92 32 9 -3 -14 -96 -95 -80 -60 95 -43 79 4 5 91 55 -72 -95 45 68 -1 -57 6 -42 -39 -40 3 69 75 -41 -69 -56 -56 7 15 46 -50 36 40 -55 69 -72 -1 53 51 -64 26 13 84 20 -96 73 -37 -32 11 67 -66 98 72 -96 22 -42 -5 -44 -71 -3 74 -88 -87 15 -49 13 36 7 -20 65 -58 -69 -96 -64 76 57 72 77 21 22 68 43 22 -39 25 -69 -16 11 -63 38 -59 -8 -48 40 -85 -5 100 -32 86 -59 -91 -66 -91 -80 46 9 85 11 -14 -45 -4 34 -89 -13 8 -91 -55 -6 19 28 69 -16 -78 85 -71 -54 69 -85 -77 -47 19 21 -92 -17 -48 43 -20 -59 42 35 92 82 45 78 -45 -66 33 -57 51 -41 53 5 60 -37 -94 -8 -66 70 73 85 -11 7 60 94 94 71 44 71 27 -2 74 -28 -68 21 97 38 -44 -41 -66 -27 43 31 -64 44 -65 7 -93 -100 -39 -95 -4 92 43 -28 53 70 -73 15 -99 64 51 -49 82 52 -53 85 83 -68 -7 -64 -11 0 62 35 -91 -1 81 83 -99 -15 24 -5 -19 -97 -59 96 91 75 -8 -45 90 97 46 46 -22 -37 85 39 81 -20 -2 -11 73 -39 -96 9 8 -46 96 -36 -22 -67 65 5 -16 4 40 12 15 36 95 -100 28 36 -72 41 85 -79 -19 92 -3 -97 -99 93 -44 -73 -8 -95 -27 95 -32 86 34 -51 99 35 38 -15 68 53 84 69 -61 -2 7 -83 34 8 -32 96 -37 -84 -93 42 98 -43 56 69 -7 75 54 -63 77 -11 94 7 -85 58 67 -12 -53 -59 -21 -34 -27 -24 58 30 62 68 79 -41 63 78 -52 -56 -77 77 -76 -57 52 55 63 -1 -16 34 11 -67 -18 1 7 9 67 -91 -23 11 54 51 -22 22 44 7 49 43 -3 86 -26 46 29 91 31 -89 -35 -34 -59 -52 90 75 -72 64 31 3 -95 24
53 -30 -27 66 -78 -90 75 10 35 88 -74 13 29 18 91 1 -9 -56 13 -72 26 27 -46 -93 77 -19 -20 7 40 56 -51 22 -66 98 24 -40 -23 88 34 31 28 92 -75 -97 -19 78 -75 38 -73 -47 81 -77 -8 19 72 82 -58 39 83 26 -76 -81 -43 1 86 -17 47 -33 36 21 42 -5 -57 39 63 21 -70 1 -57 22 99 -26 -44 -24 -63 16 -86 -45 -66 -36 -49 9 19 -22 67 -22 -22 -41 -15 -75 -7 51 95 -70 -92 70 53 17 -28 35 2 -40 46 75 -29 -95 -22 -80 -75 61 77 85 -57 -8 62 42 69 -77 -12 41 44 -64 -2 -12 -47 -62 77 -69 88 -43 -73 49 -81 -95 24 82 60 4 10 90 37 2 5 93 -83 30 78 -55 -57 47 95 -74 45 -66 41 -26 70 -44 -39 29 -96 5 44 -100 94 -72 -85 -34 -47 70 -80 59 -62 -95 82 96 -90 -71 -33 -49 -73 -10 -69 -78 81 -15 49 -87 -74 -53 -90 67 -45 -17 49 86 -72 -54 -5 -71 -34 -100 -35 43 25 -64 38 72 -16 -4 44 44 95 -51 88 34 33 75 85 -66 -47 99 30 -46 60 -20 89 -23 -42 -27 21 -14 -5 -83 -66 -60 -70 87 97 -97 19 -18 68 8 100 -28 75 8 70 23 -28 -91 -92 72 -97 -25 93 83 -89 95 66 -46 44 88 -12 26 57 -88 92 66 49 55 96 -76 -21 16 -25 -68 -44 -31 -44 -81 -41 91 97 -38 34 42 5 73 7 -56 -75 85 -7 1 10 -6 25 -30 89 67 29 99 16 -96 -66 39 77 -2 -44 16 45 -45 64 -92 -12 79 89 -58 -14 87 7 10 -18 -98 87 67 -54 8 40 26 37 2 -43 4 -47 -85 -28 53 99 -46 49 -8 95 -23 -59 100 30 -26 4 -86 6 18 38 -39 47 -22 61 31 49 94 5 -13 -19 53 -69 -97 83 70 -11 8 -45 -14 29 42 73 0 -71 -93 -32 -73 -63 -63 18 99 -8 -24 31 65 50 -91 -74 26 89 -97 30 38 -92 28 -59 -58 53 28 -83 53 25 -53 17 -51 9 43 -15 -63 -69 -6 8 81 42 3 5 74 -99 -72 -40 -12 -54 -58 -90 47 19 79 88 79 -23 21 -14 8 52 -78 69 -74 15 100 98 -85 2 -21 88 -98 -9 -57 -41 -29 83 -82 -94 -43 8 99 -18 -74 -25 38 -66 43 11 32 -17 95 39 -95 -88 -74 -71 -24 35 73 46 71 9 64 -24 -55 78 -82 4 67 61 -92
-49 -34 -92 98 73 9 -83 23 37 97 10 -67 90 -28 -26 52 90 -3 14 91 33 -27 58 43 -9 -78 -48 5 45 -69 -65 43 35 -22 -61 -25 91 -6 43 26 -9 -68 37 35 -12 -38 53 -47 79 -14 75 9 61 -94 -35 -58 92 100 61 -77 18 52 76 80 -3 -45 86 18 59 -66 38 94 89 86 18 14 -25 68 39 -34 15 -30 -52 71 95 18 50 -11 19 -16 55 87 94 -6 51 27 -12 -34 26 78 -54 -83 -1 -99 6 -40 -93 -22 -1 6 27 61 19 28 -50 12 -97 -66 30 13 -22 60 -4 43 54 69 -72 52 -45 78 56 -14 57 -17 13 -88 -50 -80 33 5 -30 -73 -22 -45 41 -54 37 -26 -18 -89 85 17 -61 29 73 -30 -58 24 69 19 -80 -89 -89 100 -91 99 55 40 44 92 39 60 89 47 -57 92 6 -23 -60 12 -6 93 -20 -25 -52 4 75 53 30 -31 -70 -23 -62 -100 48 -98 -89 -6 -61 -10 -31 56 12 -88 -28 -88 55 -93 50 -94 -54 54 -100 -30 20 67 73 -12 3 -77 -10 44 -41 -60 -54 88 98 -13 14 -56 -34 41 -38 -87 -42 -56 -14 -90 -44 47 68 91 -18 -75 70 -44 23 -5 -40 -59 -85 55 -63 -87 15 51 21 -88 -98 33 30 -84 23 -28 2 -48 -74 22 -40 -51 83 49 -94 -6 -39 50 -60 51 -89 -29 -59 -44 20 43 -15 83 54 0 -21 68 96 -88 64 -53 76 -48 -56 7 -100 -88 14 34 75 47 -86 -33 11 -92 97 52 33 -66 -91 -79 80 -27 52 -69 70 60 25 33 66 -4 -74 -75 -52 -32 17 -4 -44 34 61 -51 21 58 15 90 56 84 69 90 -40 80 64 -81 49 79 23 28 -59 60 55 -26 -45 85 -81 -30 -68 -25 -32 66 -6 35 -11 41 -20 -56 87 1 -16 37 -20 -8 25 50 92 -28 25 -28 -45 64 -58 8 41 64 -97 82 80 87 46 -84 -87 -62 -83 -74 51 -21 -56 8 -100 -27 -68 -44 -38 94 -14 16 23 -98 -77 -72 31 27 27 -47 -87 4 -73 59 40 -62 92 43 5 -48 -57 -87 -9 -38 33 -80 -84 -85 37 -31 80 98 -33 -41 -70 -97 21 82 28 -75 -80 -62 6 -4 58 -90 74 -32 9 35 26 -30 -26 24 -53 -57 36 -31 10 -80 95 80 73 -70 -73 -80 -58 48 -76 -58 4 7 45 68 -95 -18 4 68 37 -10 87 83 -80 -9 -68 4 77 44 89 96 -91 10 -5 63
-41 -78 3 100 -55 -74 98 -38 9 95 -89 -90 34 82 -63 20 -30 -89 -58 -22 12 30 78 0 96 -82 43 -53 -54 -50 92 -100 -24 26 -93 -83 -38 24 -12 34 -2 -94 -46 -26 -20 81 42 -54 94 -27 56 73 -67 -9 -66 -35 -7 39 66 97 -25 35 -24 42 34 80 10 -53 10 82 -100 47 -25 -72 -24 -91 82 -89 -80 -26 60 -54 -26 47 -98 5 41 83 -80 -29 -89 43 -93 -34 89 -19 -67 -69 -19 15 92 12 48 -17 38 -27 -25 63 -28 -89 79 -64 100 -79 19 -9 -66 31 -37 58 34 -16 90 -37 47 81 25 50 8 92 76 -78 -32 19 -60 86 -22 82 56 11 30 53 -17 -87 44 -42 -80 -85 13 -26 72 49 77 -5 -37 -75 -82 -56 -28 97 63 88 -82 -64 -65 -57 -35 3 -57 95 -14 82 67 -10 66 47 75 13 -1 18 34 77 -49 -20 -18 -93 -92 -52 -46 45 -93 26 -9 -94 28 20 17 -99 69 73 57 -75 63 -99 -3 87 88 35 -46 53 91 4 -45 49 -18 84 36 34 10 29 -27 -70 59 21 -32 66 94 63 9 -13 36 28 31 -25 -94 -26 29 6 -11 71 54 -77 -89 -92 5 -89 -59 5 37 -20 1 -51 -96 68 97 50 -26 40 34 -54 -44 -62 8 -5 -68 -51 -13 -71 33 62 75 79 4 75 23 25 -42 -29 -15 67 68 -28 18 -98 -90 45 -44 46 68 -97 -15 -46 -16 -47 36 -75 47 84 46 -45 47 33 -99 -6 15 -53 -43 -97 88 54 97 25 6 9 76 20 -76 91 33 -60 -36 -47 69 91 82 -82 -55 -52 31 -78 11 -12 8 -75 -18 -41 -36 77 40 -62 -77 -41 48 4 -96 -82 -52 -13 -42 2 72 -51 -40 47 98 83 24 -14 1 -77 -28 91 -48 39 -41 -99 34 -21 28 68 9 82 -16 54 95 -42 99 -88 5 -76 85 7 4 41 -59 -79 51 84 -23 -100 98 88 32 -55 37 -67 -22 49 59 34 70 -12 -48 95 4 -65 92 98 -19 -57 70 -65 92 18 -16 46 -18 -25 -3 38 13 50 -34 21 51 -70 67 -81 1 -60 -36 -44 74 91 67 25 -87 80 24 9 -44 -41 -43 17 16 70 90 -72 31 97 -46 -35 38 13 -40 -3 74 -99 -19 37 -18 4 20 19 88 40 -2 -9 -74 46 31 17 94 -79 28 -58 -6 32 90 -4 -63 23 -69 -94 83 81 -72 19 -59 76 -42 4 80 57 -13 14 11 39 -31 -48
70 -10 -10 89 -2 64 -19 -43 55 -94 12 -87 -98 23 51 21 1 -59 65 -23 -87 -20 -71 -82 73 67 6 -16 58 89 19 -21 -46 7 84 61 -49 100 -71 -12 -37 48 -26 -68 -3 19 -64 57 98 7 -52 -42 -33 -66 -65 87 58 -10 -18 -59 80 -73 -26 46 -62 86 -85 -34 49 71 92 21 65 46 -11 11 79 -58 -93 -14 -97 -92 -81 -69 56 86 45 -74 88 -15 4 51 17 34 -60 -47 -69 -90 18 20 36 57 -66 64 -56 86 53 -26 75 34 -77 85 -84 42 40 -65 -43 39 25 -8 100 87 24 -46 74 94 -42 -88 81 58 -77 -18 30 -65 -13 15 -40 -95 84 -86 25 -78 38 69 -24 0 50 64 97 -7 39 -62 71 61 40 -3 55 -86 73 80 -58 -31 4 1 -32 -100 56 76 16 -64 -2 -98 -64 60 86 20 91 -56 -73 67 -53 -70 39 31 51 74 -26 68 86 52 -42 -75 -30 60 88 13 -10 -52 -7 59 -44 -76 -95 36 -32 17 -48 -64 -73 -36 64 -57 -1 -53 78 55 31 83 -81 29 -42 -82 33 21 55 -36 44 -17 4 31 51 -55 32 -83 24 -23 61 5 66 25 43 27 74 98 -47 17 12 95 67 95 41 70 -5 40 -66 -10 -24 -21 34 39 39 100 47 25 14 -36 79 49 -25 28 16 -28 64 -96 89 -21 67 74 51 11 50 -97 14 79 -3 -61 -15 -94 -38 90 27 -16 76 -34 -49 22 -83 -55 -86 7 12 5 -27 -78 -87 -32 30 18 42 -2 -23 31 82 -31 -68 16 -70 47 1 58 67 -46 40 -25 52 75 47 87 -20 -78 -100 -54 72 34 18 30 51 58 -47 -85 -25 -64 -75 39 -43 -60 27 85 85 24 -8 -69 89 13 -35 -20 -7 63 32 -71 -5 4 14 18 -37 -91 80 26 -48 -16 -5 -23 24 45 -82 -50 53 -11 -81 28 -73 -15 5 -71 60 63 49 -95 -55 -86 67 85 -73 -98 -77 77 52 -15 12 62 60 13 56 17 75 -12 -43 -40 52 -86 8 -8 48 55 -2 -57 -30 -43 13 -82 44 -24 -8 -88 -15 28 48 82 3 99 83 -93 -85 24 -33 -20 -26 38 31 6 82 -2 80 -66 -63 -26 -87 -44 79 77 71 75 42 -17 94 88 6 48 10 10 -39 -40 91 22 96 15 -45 -41 -74 -98 -61 70 12 87 -46 -57 72 -77 -58 -42 5 76 37 14 -70 56 -79 -6 -56 75 -34 -53 -92 42 93 -11 -2 84 70 100
-10 -58 -31 -92 37 -25 77 -22 66 95 33 -77 17 18 11 48 39 -62 96 14 -69 59 98 34 -79 75 77 77 44 66 83 -61 -49 -33 -54 80 -26 -10 59 52 -79 52 -48 3 32 -69 -90 59 58 30 -16 72 -37 51 -52 61 -35 77 -36 -29 57 54 -66 -59 6 89 -75 30 36 96 67 39 -18 72 88 -12 29 -29 88 -12 19 -88 -32 -49 -35 69 -29 -1 76 57 20 53 99 13 -48 62 47 -9 96 -23 -73 35 98 -78 -55 -67 41 55 -47 39 45 -99 14 98 2 -26 67 -88 -4 79 59 -70 -62 -62 -34 55 99 33 50 -54 -29 -75 71 -55 -20 -36 -48 -28 53 74 -97 69 6 87 -13 -32 -77 47 -17 45 54 -45 -2 64 21 33 64 40 36 13 30 -46 8 -1 -88 -3 -83 -25 -16 -25 41 90 25 -26 43 -66 89 -16 68 -68 -52 -31 59 5 98 62 37 70 34 75 82 -55 -2 -9 26 12 89 -12 4 17 7 42 68 -51 -18 -21 35 -56 -81 -85 -63 0 -37 -99 -11 90 -9 7 73 -36 -34 77 -49 84 -37 -87 -32 -92 62 -3 -47 3 -62 -62 -79 -95 57 66 90 53 -69 -82 -44 43 43 30 -32 96 84 -100 87 -37 72 -96 90 -95 59 19 -86 -88 30 36 1 92 100 -10 -13 60 6 -97 95 52 -33 -98 -61 -32 88 -53 -53 32 -36 -43 12 -24 -67 89 -75 -94 12 -26 56 12 -54 -34 51 24 38 -32 -53 30 60 -4 -25 91 -94 -12 17 -65 -83 -13 5 78 -32 -80 96 21 -7 -97 -80 52 -62 4 -30 39 -82 42 -7 45 17 40 -14 -12 92 13 29 -9 45 57 12 68 29 22 -16 88 50 -94 43 3 24 57 80 -62 4 -59 -18 44 85 69 -38 61 11 -50 82 -10 43 70 77 -81 17 -36 85 -91 9 -59 -70 77 -35 57 6 -57 19 -96 -86 33 4 67 -37 -38 -36 -36 98 31 36 56 74 0 7 54 43 -67 10 -100 45 -79 -37 -23 -74 34 -66 61 -50 -46 -74 -93 35 -94 60 46 30 42 69 52 42 -54 -26 84 52 -34 37 59 -85 -68 -63 84 42 46 -7 16 63 80 1 -99 -53 65 16 -70 -34 70 -54 82 76 89 -41 0 97 92 57 13 72 7 -26 66 53 88 -67 50 -47 47 -3 59 68 -59 43 19 19 -58 100 -45 -55 94 -98 27 -91 -28 -76 82 49 43 20 75 -20 39 -93 -46 -95 58 -95 -85 90 83
15 81 92 -10 -67 30 14 -52 -93 -77 91 -74 27 -32 -85 -36 40 -10 86 75 42 -72 92 -20 -29 -63 -47 8 70 -82 73 24 -88 72 -67 93 11 -4 -93 -90 14 47 -2 -8 87 -85 66 -97 -47 72 -39 -57 88 -88 15 -7 -59 81 -18 21 -100 8 -100 -74 -14 -88 -12 20 -78 70 65 -28 -50 8 -21 -26 18 46 -59 60 -84 -65 33 -48 6 -46 32 79 58 -27 -63 -83 -61 92 -55 -92 21 5 -79 4 14 86 38 -81 49 -58 -51 -62 88 75 81 -96 65 -5 -1 60 100 88 -57 -42 41 -2 83 49 0 44 -33 -34 78 -38 -77 26 7 -34 -53 -96 74 -51 -22 -58 -7 58 0 -41 -6 63 88 62 -3 61 89 -85 70 -36 35 -95 -8 51 -45 9 64 30 -90 -40 -24 -52 54 -64 -65 -60 -31 -16 70 59 -59 -42 80 0 -82 -29 -12 100 -48 61 58 51 35 -54 77 69 -83 27 22 -77 91 -53 -55 71 83 48 69 -78 84 33 -36 -39 -93 -88 35 42 -54 -12 -95 -47 94 -55 -52 71 -9 -35 19 -74 18 -61 -17 -55 72 -4 93 -15 31 -13 -54 63 -51 -59 33 -18 60 61 -3 -88 24 94 72 47 -7 1 52 -90 -39 -94 45 -6 25 -49 -9 100 -4 -93 -97 56 -65 22 -37 10 -66 73 36 89 -69 59 -68 5 -56 -66 -47 29 -69 -42 70 -78 1 -66 82 53 -74 17 -14 83 85 -85 -87 89 -58 34 92 7 62 38 -89 -71 22 -88 -37 7 -42 -75 56 -73 46 -88 93 11 -86 25 -39 88 -48 -52 -61 -80 -36 -100 -70 -76 56 -71 2 89 27 -42 -61 20 81 71 7 -16 25 28 42 -31 -53 90 23 -83 50 -94 -17 -29 55 -9 -33 15 -82 -41 11 -63 59 -88 -52 84 97 87 37 -98 -59 -71 99 60 52 -48 82 70 -82 60 86 -84 -20 66 14 14 -87 49 -31 -12 57 -98 -3 34 -63 53 33 -1 96 -90 -98 -25 -39 -7 75 -31 -64 -91 -2 89 -92 52 -96 8 5 -47 -86 -66 68 -98 86 -25 9 39 24 -74 67 -77 66 -85 65 -77 36 -30 58 2 46 -43 0 36 64 -57 -24 0 14 -19 -87 -11 29 74 71 -76 -42 -72 -82 -72 -11 31 42 -61 49 -4 47 -97 24 -33 -31 2 28 -39 71 11 -27 48 23 -28 -62 -84 89 -93 60 -20 -22 87 5 -51 -82 -89 17 -46 44 -9 18 -31 56 9 78 -30 95 4 89 70 -45 17
-61 -66 -21 -79 -84 -11 6 -49 -87 44 36 -17 0 26 20 -89 -74 26 16 -69 33 52 -92 -56 -84 -19 19 29 -48 -21 63 -40 18 5 -34 -99 -32 -22 94 85 77 -54 50 -38 67 -82 63 -61 72 33 70 -42 83 -87 12 -11 76 1 17 -57 -77 29 -52 38 -55 -54 -25 -67 -26 8 12 -100 100 61 -59 -25 -44 65 -16 -67 -71 -16 -43 74 76 71 -43 26 -77 -39 83 83 -95 -85 -22 -76 85 -81 63 63 -17 99 40 -89 -10 -11 14 -54 18 -82 -73 -41 48 76 -78 68 -51 -35 -88 9 -52 -90 -71 -91 -11 -22 15 -51 50 -77 5 -5 10 54 53 -71 26 61 -58 85 -97 98 4 76 15 -85 -65 31 -15 98 -91 58 -46 66 -80 10 99 -73 -85 -57 44 -50 -72 -17 -49 34 13 85 -46 87 68 85 -51 -51 -35 -12 -26 -66 -69 -37 -32 -59 43 3 -8 47 42 -55 26 -30 -89 -92 82 78 28 26 -53 28 76 -4 19 9 66 -99 -63 64 63 33 68 98 -33 -57 39 35 -43 -81 -17 55 49 -75 -10 18 -8 49 51 59 54 70 31 -25 88 51 -76 22 -44 0 94 77 52 -18 9 -68 99 -47 60 18 75 -35 -73 -47 65 -20 -6 -8 -88 43 -63 -21 -48 -9 -9 -93 32 -83 74 -86 4 69 -18 51 -22 -67 37 -78 83 72 -8 60 60 27 -74 -85 100 26 -33 8 -80 -91 -8 54 100 61 27 -90 43 2 -62 -65 -7 18 40 75 87 -63 39 62 98 17 -59 -86 9 -44 -74 62 38 84 -89 -45 -21 -25 -31 33 -96 -67 -15 27 -59 -47 69 99 23 1 -35 -26 -33 -34 97 19 -69 10 -11 81 -92 -64 35 -95 23 -83 5 68 27 -83 79 71 61 67 78 14 4 67 29 29 -78 -46 72 -23 -18 89 -52 15 53 -15 63 50 45 -32 100 30 33 -82 -79 -42 49 -99 11 -12 87 -73 94 88 -22 -22 9 -6 -27 -42 -8 27 99 80 -5 -50 77 97 -76 21 -1 -47 -57 -51 16 85 -75 15 17 -51 21 44 56 79 -24 90 71 -37 -99 86 -65 -41 27 -27 98 25 60 29 94 -6 45 -61 -5 -16 -22 -4 85 -73 70 76 -33 -39 40 -43 -19 67 97 60 23 -75 53 86 -65 36 72 -5 -90 -45 36 -9 54 71 29 -9 -56 -7 -63 -46 30 -37 0 65 84 -63 57 -25 11 84 -54 92 9 -20 -93 2 -23 12 -25 13 26 31 -61 -22 77 23
48 -3 50 -88 -7 -34 -63 -59 -97 -34 92 -4 92 94 -55 -15 -18 -43 -66 -59 81 86 -80 23 88 -73 89 55 29 -34 7 -72 93 25 -31 -14 -39 65 9 -19 77 -76 82 46 24 67 26 -29 -83 -79 -65 58 -34 -31 -92 19 28 -34 85 -83 52 -30 -29 63 96 -39 53 -36 50 -81 36 18 49 23 -73 9 -20 -65 85 -60 84 87 25 21 60 42 46 -72 8 80 -27 -50 77 42 -83 62 89 95 32 -5 52 77 -39 57 54 62 95 -23 23 28 63 47 72 -90 38 64 -3 -14 51 68 74 4 16 -15 -97 -41 -48 38 -38 -5 -31 87 74 24 -18 56 -57 -8 26 10 -65 -97 -64 54 -41 97 60 -19 -95 38 -93 -74 42 31 -48 -60 85 0 -42 54 97 37 -35 40 41 64 -48 -98 -43 -51 -83 54 59 -45 -7 85 -79 -37 -73 33 33 -67 -43 42 -94 51 -84 95 30 43 82 73 -89 24 -37 -50 -92 35 36 -70 -82 70 -2 84 -11 33 -60 36 -62 57 -36 10 25 84 4 48 25 2 9 86 50 -73 -40 27 32 -1 47 76 -72 -47 72 80 -55 -85 -38 -5 -41 53 -69 68 -41 98 -55 -1 -41 73 -50 -10 -96 -18 -41 95 88 3 48 -57 -34 68 10 75 67 5 88 -48 -70 36 -22 -47 57 83 -63 -10 23 26 -68 -47 31 77 -93 -62 30 -7 -29 -58 61 100 100 -45 58 -47 -26 -2 -75 22 -48 52 39 -56 -77 -97 86 14 -32 9 -38 -81 97 19 45 65 62 -69 -39 -77 -7 75 91 -6 -73 -53 -36 -89 -64 -20 11 70 -71 26 50 0 -35 -53 90 96 -82 -95 21 -70 77 16 56 53 20 54 -72 39 -39 -27 77 22 26 51 -96 -38 73 -25 50 42 27 49 -82 88 73 58 66 -32 -97 -43 25 60 -62 -38 -54 -75 38 69 -12 80 -46 -31 66 69 80 -71 -82 -48 -7 4 39 72 61 -14 79 -48 -9 27 -30 -78 -35 -83 -64 -58 -13 -57 -50 -58 -58 83 -49 47 -39 54 -100 97 35 -81 -11 47 57 -72 34 20 67 23 -61 -14 -91 67 -57 -23 54 1 -63 -45 -74 37 -27 84 83 65 99 92 -69 95 -79 -66 100 -19 37 -90 -61 -96 42 56 -28 -18 66 -59 58 -23 25 69 82 -90 -13 53 -7 -13 -86 14 80 -13 0 -97 -52 57 -12 67 -47 -39 -57 -17 -95 15 38 -42 -39 33 33 -46 66 22 -55 -45 25 -54 13 -3 -58 77
-20 12 -71 13 9 -82 -54 3 62 19 -92 52 10 -18 -78 15 -80 72 -6 -60 28 27 -33 70 -56 85 72 -90 -73 95 8 14 28 -29 50 -84 -75 62 45 -75 -36 -84 -1 -26 -73 100 3 -84 -47 8 35 98 4 100 -16 -40 -5 -44 5 -57 91 0 55 -51 99 -35 -100 16 90 -33 13 20 -17 -54 -56 74 21 31 40 1 -11 -30 98 0 -87 -60 27 -89 -52 -52 -50 -79 -39 74 25 -87 92 -97 -31 26 -69 -99 88 37 31 13 18 24 9 100 67 -46 -94 7 -19 -40 25 -71 -97 -43 -58 70 53 -33 97 86 34 -53 -71 -21 -16 19 -34 -96 -76 -27 -14 -97 24 -69 -57 82 -56 41 -78 43 -69 76 47 -11 69 38 81 18 -62 43 71 -40 -49 21 22 -84 85 -25 39 39 -59 -90 -100 39 7 -29 -73 -88 4 -1 16 -51 -89 1 23 -71 -72 36 26 20 54 -46 -70 -46 -77 -74 46 -96 56 -50 -34 -28 34 -41 -34 71 94 11 31 -53 61 -13 59 31 13 46 62 -78 62 -96 -85 20 36 73 80 66 -14 -5 -82 -69 -47 -30 -82 79 -42 78 36 96 53 7 98 -57 -65 65 -9 -6 69 -70 83 -39 -87 -49 63 56 -92 85 -51 -13 34 73 -25 -14 53 57 8 -41 -31 -14 38 -11 -83 -14 -63 43 -3 -69 -91 7 -92 -37 -13 -45 -18 15 -48 52 93 -78 -72 6 95 -11 -88 52 -20 1 -13 -2 -95 61 -11 -32 -11 -73 89 24 -76 60 67 41 38 -22 -25 13 -66 16 -32 69 98 18 24 -61 14 67 99 -77 85 18 -60 43 -79 83 -24 14 -32 88 -79 -82 -60 -23 9 26 -5 -38 29 3 66 90 18 -97 99 -34 -87 -7 17 -62 -96 40 93 22 77 68 95 93 37 51 -81 -17 86 -40 81 7 73 12 29 -37 8 50 -74 64 -27 -85 21 -9 36 33 33 -35 -7 -69 44 79 36 45 -79 20 -67 76 52 35 -20 100 57 74 73 -81 66 -21 -87 -41 38 -56 79 -45 -8 -40 -58 -65 59 96 2 -3 43 -2 38 -10 67 -17 89 30 5 69 -70 -92 56 36 5 48 19 97 67 33 -3 32 6 -56 54 80 44 70 -85 -8 3 79 -48 94 -39 -99 80 -73 -34 10 -3 -34 85 37 -11 -31 32 -23 -43 -47 -99 9 55 92 -46 48 -59 -15 55 72 60 -47 34 -7 -20 83 31 -43 -39 87 25 100 -98 70 -79 91 -76 71 -54 94 -41 -64
-89 -20 -58 85 -3 -74 22 19 46 37 -49 0 29 38 88 -36 -94 -9 83 14 82 17 33 -61 -47 72 -90 -62 -69 91 19 -4 -53 31 -34 -93 -58 50 -89 -19 83 86 40 95 97 88 87 -3 77 56 84 20 36 68 79 76 59 51 -91 5 58 -1 97 -27 -27 -27 9 77 -49 23 28 20 20 -72 24 -22 -20 -74 -63 -18 -28 -31 98 5 -59 100 -40 -27 -100 89 -31 48 -99 -54 -43 -33 -10 29 81 55 -67 -56 81 -78 56 -41 60 34 -34 53 65 -50 14 -43 -91 86 -46 83 47 62 23 15 -86 -74 -12 -65 1 99 76 35 48 -50 -89 47 17 -54 88 -56 -11 18 -40 -29 -27 93 -93 96 -42 85 45 77 22 23 74 -91 14 72 -4 99 17 -10 66 -38 -14 -54 -57 98 -67 -55 -5 -87 53 0 -44 49 51 13 -80 1 -8 -64 10 66 64 3 -58 -67 -17 3 37 -71 -82 -34 -68 -51 -1 -87 77 -56 81 -12 -45 -89 26 16 82 -23 -19 11 53 82 64 -7 -56 59 14 -19 -75 39 99 -10 30 -94 -29 87 29 -76 32 -69 98 3 47 -69 -99 27 100 -28 -40 85 -34 19 51 80 92 6 -11 -45 -39 -52 5 45 45 -57 78 20 -73 -21 100 -1 74 49 -61 -90 11 -85 -64 15 43 -11 25 64 -7 41 -79 -100 -38 83 -23 91 -65 40 76 90 65 -51 22 1 -35 -53 54 31 48 -97 -95 70 23 -13 -72 -61 68 -18 -76 -5 -52 -58 -19 -99 96 19 78 -36 -68 -81 -17 48 -77 -1 23 91 45 -49 100 76 86 -34 51 -1 56 -33 -93 58 97 82 33 86 -74 -81 -94 -90 14 -94 -10 74 63 7 84 -33 76 48 -66 -37 -4 -53 -52 -9 -9 -20 -95 -84 -46 -35 -45 21 -14 62 79 93 -5 98 -67 -76 48 71 17 45 -45 13 -58 -4 30 -92 -31 -49 36 -93 -13 40 28 -68 -78 95 32 -4 43 -85 81 82 -86 -11 -62 -52 33 42 3 95 44 -59 50 8 -54 -50 42 41 84 -59 65 -37 99 96 33 43 -56 -41 -28 -93 -21 -8 37 64 25 -39 2 -54 -6 -36 -3 13 -65 4 -69 -45 20 61 -100 40 0 66 22 71 84 63 -57 -7 -21 71 -34 21 -51 4 35 25 -66 12 56 -13 -4 93 44 46 -94 52 98 -100 71 -54 7 -42 -11 -89 35 64 72 21 63 46 86 -21 -64 -27 22 -40 1 93 99 88 43 -52 -88 -2 49 -7
20 -23 -60 -91 -65 36 -50 -90 17 14 -62 82 72 -99 -38 33 12 52 -50 -76 -23 55 42 -39 -99 96 -72 -32 49 61 -3 -60 -7 61 88 -42 -55 9 62 -48 -93 -49 1 42 -13 58 -95 -89 -47 75 -79 92 17 -94 -73 -80 -51 -6 60 -84 -42 -91 -70 -77 -41 54 13 -77 57 42 -83 1 -85 -2 99 -38 -47 -70 33 54 -6 59 -53 -40 55 -100 55 48 89 -57 -31 -77 -16 -26 96 -3 32 -19 3 -83 39 -43 71 -63 -58 -52 64 -15 87 74 -36 28 79 15 -47 -19 82 -94 -93 15 44 99 26 74 -79 -20 81 -43 73 71 -26 -39 -94 -6 60 -22 23 -62 34 99 -17 72 3 78 -51 -99 -22 46 -80 -60 -68 9 -14 59 22 72 -3 21 35 -17 56 67 -11 -56 15 21 80 68 42 49 -80 -40 -34 -31 65 86 57 21 -14 19 -76 -3 21 -38 70 -3 -7 52 -99 -76 -25 -73 -80 -18 -67 -99 27 -45 -66 -7 -59 -87 1 19 -56 41 -36 -19 -92 16 -64 -77 -85 1 -92 -100 -52 -31 93 99 17 59 -19 89 23 -39 -56 -10 54 68 41 50 23 -95 79 -33 51 0 -66 -21 -42 -25 -33 100 -87 -69 46 -61 63 45 74 29 94 6 -85 -49 88 16 38 -65 -6 -12 39 31 -21 73 -97 -61 40 95 -21 -2 24 -61 -39 55 -41 -69 -95 -94 -30 -56 89 -11 51 -94 -79 -3 -21 96 -39 -63 -13 -76 -23 45 31 -95 9 88 -98 1 -57 -9 42 -97 -17 5 40 -64 -38 29 -5 -58 23 18 7 -11 63 -90 79 93 -17 22 -46 -29 82 28 -44 95 -77 66 50 24 -82 -16 83 74 -35 74 -11 -64 72 -8 72 -8 69 8 -13 77 91 -42 25 -10 -5 -71 3 35 -100 17 67 -87 26 -20 34 73 -55 -80 12 71 21 8 -23 -12 -75 -84 -31 96 97 63 -39 19 33 62 77 46 53 23 11 -46 -72 29 84 31 -12 -43 23 -63 -69 -47 17 -7 7 -77 15 -29 92 -49 -4 -21 70 -26 -35 -63 4 27 83 -1 89 -52 22 -91 -60 90 -48 47 -28 -42 -9 49 69 50 10 -26 12 -5 97 -98 66 -7 33 54 91 -91 94 -16 7 -11 29 25 -23 39 60 85 -54 -71 -73 -58 -64 -39 97 -79 -35 24 19 35 -32 38 -36 -63 73 -92 79 100 -6 29 71 -58 7 30 -95 68 86 79 4 -26 26 -37 -92 -5 60 59 95 -96 82 -38 -77 92 -22 29
85 -15 78 37 24 -50 59 -40 -32 67 -95 -70 -40 -2 -17 66 26 83 -30 54 -61 -7 -73 -100 -67 20 92 -63 25 74 60 -42 -16 -95 99 59 -69 -80 -40 -52 24 -90 -43 90 -44 41 21 39 -10 72 28 48 10 9 47 87 95 43 62 23 17 59 -47 38 59 -56 -44 89 3 82 99 98 37 65 69 59 -31 40 -40 16 93 -22 0 83 89 24 49 -79 12 98 38 49 -69 83 -29 -9 -64 -60 6 66 -53 2 -25 -38 70 78 90 77 -22 -13 26 47 -35 -11 77 -93 -63 27 75 -77 -24 28 -70 6 -19 -1 14 95 -57 100 -64 81 -10 -5 18 96 -27 77 88 -12 -3 46 47 83 -47 9 42 4 71 8 8 -40 78 18 98 -62 80 -20 52 -53 28 -63 35 93 94 73 55 78 -62 -55 84 -45 97 49 49 42 67 37 44 80 68 -96 85 -12 -5 21 -47 31 -21 23 60 -61 -95 -25 -79 52 43 -63 9 -84 71 37 13 -95 -88 -98 -84 43 -1 -13 46 41 22 76 -34 43 73 -93 -9 0 67 25 26 -8 77 30 -59 -27 75 -98 34 42 22 32 70 -21 43 -54 -55 74 -90 76 59 -19 48 3 85 41 57 -81 36 -79 -27 -14 -46 -37 -88 51 65 -3 -73 -88 36 -25 87 -55 -55 64 65 6 59 -1 -37 62 -50 -8 -84 21 -52 -94 61 77 74 -23 -74 74 -75 -88 -99 87 59 -98 -3 -13 -80 100 -47 -58 97 -42 85 -54 -92 63 -68 57 93 -16 -30 100 -18 -60 -39 -49 42 -96 -80 100 -33 33 40 91 47 -45 80 17 76 -7 94 19 74 -80 -85 -75 68 -72 49 47 -68 -59 -40 -49 -15 32 -40 -14 45 100 -27 -18 6 -19 -34 96 40 41 -27 -49 -86 -85 -31 15 19 -76 46 3 66 -14 -81 -71 99 89 76 -92 29 -75 95 -31 -69 16 -65 -6 -13 79 -93 -92 75 30 59 11 85 -81 40 58 43 77 -60 0 74 -38 59 -11 -97 -96 -67 -77 -69 -79 36 81 41 7 38 -95 -27 -95 -36 23 50 72 -37 -70 -44 -95 51 21 -67 -84 -88 -52 29 -5 1 -72 66 -77 -68 -4 -23 -38 89 -37 -91 -66 -80 -41 -56 -98 -35 28 -27 11 55 -12 92 91 34 16 -77 -66 -10 -41 -88 35 17 -54 -36 84 -11 68 -63 -69 55 -65 35 -43 58 40 94 26 96 7 -93 26 -53 -68 -21 6 -96 31 65 49 -51 10 91 35 53 29 -70 9
75 57 -16 -82 39 -98 -22 -17 28 7 26 44 21 32 68 -57 -82 -61 55 -15 -42 -62 -42 62 6 44 -20 -15 -75 96 39 -26 -34 -91 -51 -68 23 33 -94 -8 3 -40 -58 -81 -88 89 -72 -69 86 -27 -54 -21 73 95 41 -17 64 80 64 -29 71 60 -25 17 37 47 -79 4 42 -46 -1 -20 15 -12 -48 -30 76 -74 -33 7 -8 -29 -36 -98 34 90 47 -7 54 65 -31 43 100 -60 55 -98 -85 -17 -48 11 -98 3 22 -72 44 28 44 -100 42 13 32 60 89 82 -65 46 -52 39 75 -9 -78 1 -86 3 -32 -73 -43 -55 77 87 -97 -55 -23 80 95 3 2 24 22 -72 -92 99 42 -30 29 -88 -89 66 30 -70 85 68 -37 -36 5 27 -40 -5 -60 -57 -43 19 10 -31 -3 26 -69 -54 25 38 -71 74 -82 91 87 58 81 42 -79 -13 81 45 -75 -5 16 35 -9 -45 7 -30 2 90 -87 -83 26 -76 -29 28 -37 -56 30 31 -11 -30 43 31 37 29 96 78 81 -71 -11 -88 -60 21 -58 8 -46 59 -84 -79 60 -56 87 39 91 6 77 17 60 -63 -86 -13 -60 -63 6 35 -15 92 61 -41 48 72 57 26 45 78 1 -76 -53 59 31 89 90 -90 -94 -81 100 -58 -69 88 -18 7 -22 -87 -27 -73 89 43 39 87 -28 13 85 23 46 -58 -90 0 -75 -27 -35 -44 16 71 10 -49 7 29 26 98 -88 -11 52 1 -66 -45 -56 84 56 -61 -93 -13 24 -14 -65 -72 -91 -91 -27 -33 84 6 95 84 52 99 -29 -61 20 12 93 -73 -68 15 99 -50 -65 60 -39 -31 -43 -87 -65 -67 -54 88 56 14 42 20 -10 93 51 49 -80 -39 96 -69 -50 35 58 -14 94 17 -43 -57 -63 33 -82 -12 -25 -11 -67 -47 82 82 -29 43 -92 -1 -26 83 34 44 24 -24 -50 40 -38 29 -68 72 -39 -9 -83 71 -93 83 -32 -65 54 10 71 4 -62 5 9 -97 -84 3 -96 9 59 -83 59 94 -56 4 78 43 21 94 4 69 -60 70 49 57 84 65 85 92 -71 52 37 3 61 68 97 19 -2 83 77 -67 87 13 -31 33 83 62 83 -76 -10 -91 20 -28 -84 -43 -85 -48 73 -83 -44 93 92 95 -64 -61 -18 14 -97 -83 -62 -43 24 27 -100 -71 30 93 1 -80 86 -89 -86 -52 70 67 72 -1 -53 86 90 -9 -24 51 -66 -7 31 -79 59 10 -45 -100 -5 93 96 -31
-79 -36 53 88 -6 -71 28 86 96 -5 -71 65 -53 53 33 48 6 -82 90 65 63 35 -76 99 81 -18 37 93 -89 70 16 84 36 45 26 89 -79 -29 -65 -52 -11 96 -97 52 -3 56 99 -58 12 86 -56 78 -87 81 37 -84 -69 92 -26 -16 -8 21 27 -44 22 99 -82 29 -63 18 -89 34 -51 -57 58 62 -38 72 28 -65 20 7 98 -3 60 -58 -26 -3 62 62 -97 -64 -38 22 79 -95 -54 83 78 -38 -59 63 5 -59 -59 67 -24 77 -56 -84 65 82 -22 -59 -72 72 -37 -21 -62 -99 -74 22 30 -22 -64 -6 -42 -65 -2 -95 -93 57 -32 10 -93 -95 100 72 80 -69 52 -37 27 -12 -95 -2 94 45 -50 89 -94 34 98 89 39 -40 27 -6 -14 62 13 10 -86 43 70 -56 -25 -8 -37 -99 6 61 17 -75 -96 -46 -96 -22 93 26 -29 -21 -11 -24 -89 57 -8 10 -37 86 -80 -46 -31 -90 70 -17 60 -14 93 -78 -18 56 -58 81 37 47 51 30 -23 -54 17 -10 -93 -86 56 -76 89 -98 -89 -89 22 41 -98 -19 92 35 66 -46 -45 24 28 38 84 84 59 -72 68 6 -33 -4 -71 3 -57 -98 69 31 73 63 7 -72 -27 94 -79 -7 61 10 -51 80 1 30 29 37 -61 22 -65 -29 61 10 92 9 -18 -7 82 -18 -38 -90 64 -5 -31 -27 -96 -28 24 52 -84 56 -9 -67 96 0 -8 46 -47 32 -68 74 -23 2 92 35 17 37 -3 -1 82 -24 72 86 -6 17 90 -58 -89 -39 98 33 79 -71 29 -78 -90 2 -74 90 -78 -25 -24 -9 8 89 -99 -34 -53 57 57 71 15 33 -51 -63 -48 96 -41 -9 42 23 94 -20 72 27 -23 -63 95 19 -42 17 14 10 -42 -44 -99 -17 -12 -13 71 -63 28 48 -95 -76 4 -10 8 -79 -89 -74 -37 73 88 -46 -38 -33 89 -62 -24 -65 -70 -63 90 7 -12 -26 -15 77 8 -4 89 -100 6 -11 -91 -39 -50 -63 -88 14 40 -52 63 99 -17 37 -99 -72 58 42 43 -89 40 -47 41 63 -57 78 4 18 -1 52 19 -13 25 4 -47 -89 38 -50 92 -80 21 76 -11 -90 45 -67 18 6 84 49 96 -42 39 -42 -63 -7 -37 -89 -25 -31 -8 44 -26 -12 13 21 -42 -95 -70 -43 -43 64 53 -44 -35 -47 -86 56 -5 99 -67 4 -60 -99 100 13 82 22 80 -81 12 72 -36 62 -33 71 82 2 64 -13 -64 40
-84 -66 -88 6 36 47 -15 30 -59 -96 -82 -56 -29 71 85 86 -20 80 18 -51 0 -64 88 43 60 -28 8 44 15 -67 83 16 61 13 40 47 -96 22 -8 3 -42 89 -21 77 31 82 25 64 -79 58 -80 22 37 -65 -35 22 -8 -99 -6 -34 -63 20 11 37 -64 69 9 -59 65 14 -63 -76 -55 -9 -20 -33 -68 -87 52 41 -30 93 -14 31 -23 -61 -10 38 -50 -53 57 -88 62 -12 -25 35 -57 -51 -71 -11 68 -58 -78 39 0 -88 84 87 -49 -55 -17 9 -5 -34 -37 83 56 65 -50 47 85 33 -7 -79 31 83 -97 24 -47 -47 23 100 28 -99 53 23 23 -40 -68 68 43 69 -93 -24 -35 -31 88 -14 -39 19 66 -2 51 8 -36 -68 2 71 92 5 -45 39 -71 50 -43 -77 88 -47 27 -1 -64 14 38 -96 27 91 12 -92 93 69 6 -44 57 -62 -35 54 0 43 28 -84 -88 34 34 -54 60 87 -90 42 62 61 -92 -25 -99 -71 84 -69 61 -93 54 -32 -86 26 61 8 -67 45 10 -25 21 -48 51 0 -90 30 75 -19 -60 -43 -40 71 50 4 -43 29 -48 82 78 -60 -49 -87 14 -78 -69 45 72 62 25 20 -39 69 -45 -86 62 -73 50 -76 -43 60 33 95 -22 6 29 61 -47 98 -61 76 -2 17 -100 43 -93 90 31 -28 -25 -89 -72 26 30 15 -66 87 -57 9 44 14 48 99 -75 -25 -85 16 21 -87 -59 -65 6 33 71 8 -56 -65 -86 -1 -80 84 -13 -25 70 28 -92 -37 -90 -57 -17 -29 -94 0 48 -67 76 81 76 -70 73 4 -49 23 66 91 40 55 68 98 -92 -8 83 49 73 95 43 53 61 75 55 55 91 -55 -96 -2 95 -83 -13 -54 5 62 17 52 -18 25 -15 -100 90 -87 87 -94 -23 -13 -39 61 -62 28 -16 -79 -92 2 100 83 -9 95 28 -86 16 83 3 56 -65 100 -88 -9 -19 71 -7 -44 80 55 -86 -77 -97 -72 -44 -8 63 6 -6 -19 33 -12 61 -64 -37 52 -66 -18 89 -21 -21 -62 -28 -15 -65 58 -77 36 -50 84 58 40 -11 34 -29 18 -15 -52 -67 41 -53 51 -46 -14 -87 37 -4 26 -54 29 -54 -63 -97 -55 60 33 76 -20 -6 -69 3 13 -23 52 98 47 3 -82 -15 19 19 -61 81 -79 17 34 -45 -3 -88 -98 33 46 -37 -61 -21 -20 65 17 -71 -16 -56 31 -55 60 -33 -38 21 -78 -86 27 2 -9
-74 84 -6 51 82 -75 15 40 73 12 13 -4 39 -1 -41 -39 -57 42 84 -97 -21 97 21 96 -98 0 36 65 -91 57 -17 -19 -44 49 18 -33 66 -11 -74 -76 -12 -22 -15 81 21 -4 -30 77 92 87 -25 15 -44 85 8 76 -68 -33 -17 26 -87 39 100 -28 73 62 74 1 100 89 57 93 -80 20 -90 65 44 -31 59 47 -27 75 -29 25 -44 -63 -27 75 23 86 48 -15 7 16 84 -24 -81 56 -83 49 46 91 83 53 60 27 -29 -57 97 20 -94 28 26 -85 -98 75 92 87 37 -23 18 46 92 -9 -20 -9 68 98 -9 -100 -37 42 22 -6 -95 -18 25 -22 13 9 0 -31 -90 3 37 43 -15 -20 39 35 -57 -54 -54 -67 82 -58 -10 -38 45 18 -42 36 14 3 18 -83 -26 -47 -8 98 -58 -41 -32 -30 -15 -37 32 -18 -86 -96 -8 98 -82 2 -9 21 60 -43 -6 4 -97 9 -41 -13 -8 -91 -54 3 9 56 55 -3 67 82 41 -40 43 55 -80 27 -38 19 65 -80 -86 25 -75 -90 36 0 -55 5 62 34 -95 97 55 -39 -47 -86 -5 -2 11 91 30 -32 -92 42 71 -30 28 -59 81 -57 -52 -8 85 -82 -94 84 64 -59 -41 -51 63 46 88 35 91 57 -64 59 95 86 -88 -78 17 9 93 71 -1 22 -24 -24 4 -41 -40 -20 34 54 -48 -46 78 -32 -14 -86 -81 99 68 35 -1 -75 -87 99 23 -63 -77 -19 -74 51 36 14 -72 -91 67 85 -73 -2 -8 43 -10 -77 -47 -95 74 -2 -14 -24 73 -19 -56 24 29 -59 75 -11 85 50 7 -32 -35 8 -3 -87 94 78 36 -3 54 -60 62 54 -78 -12 0 -96 58 -100 21 -44 87 76 -67 97 -40 -3 49 -99 4 -29 -98 98 -15 -95 -27 -42 11 84 93 34 -26 81 79 18 -55 -95 19 46 7 63 81 22 80 -86 87 -45 -10 71 40 4 -21 -33 -93 3 -7 46 15 61 -36 -91 -34 57 100 70 -52 -90 -92 -3 45 39 9 54 -12 47 -50 -100 4 -82 -7 65 -45 -86 -8 -88 33 16 42 93 73 60 -77 14 -40 50 21 -20 -7 84 89 15 -72 86 13 -50 30 27 6 70 -71 -11 -57 21 -51 -8 35 21 -78 74 -67 6 -26 -22 8 -44 -58 54 -42 -52 -52 36 85 40 11 -91 -69 -88 -46 92 91 84 78 22 40 46 6 -33 -20 15 24 -98 -71 -68 -27 -89 -26 -86 52 -95 79 -94
66 -50 53 -99 -34 -2 -12 3 2 67 -28 24 -71 -64 -19 -81 99 75 -18 -44 -80 -93 48 -97 -20 -96 96 -92 -86 -46 -92 45 49 -84 -11 88 59 19 71 -40 -14 41 1 3 -63 7 -42 -24 44 1 84 14 81 -8 -55 -56 -9 -43 -55 -50 -32 77 84 -31 79 -85 38 21 59 31 28 47 -72 -97 73 -11 -33 -6 -17 81 -4 97 -61 -15 -72 39 33 -50 25 96 -55 -44 66 -3 -4 -46 65 -56 43 -90 52 78 -21 -54 92 -6 97 87 -52 -2 8 4 -33 -19 -18 65 12 -56 -63 53 78 -9 40 79 92 55 -34 -73 -22 96 -97 67 33 92 28 47 21 -21 20 88 -49 51 -37 -76 -69 -80 23 -48 68 26 -75 19 54 -68 38 -27 -98 -98 49 98 22 -58 79 -32 -41 42 -87 36 -99 99 -43 -39 -15 -72 72 90 -73 82 36 -57 -58 -38 99 30 -57 89 28 79 -38 52 26 50 -80 21 -97 -33 6 -20 51 6 94 -65 -62 -95 -98 12 -89 -98 -32 68 81 24 -100 -52 -61 85 -76 25 21 76 -43 26 28 -38 92 43 -63 92 67 -15 30 -58 -82 -22 60 43 86 -14 -43 -19 65 -34 -82 83 86 38 31 94 -82 -18 -43 -39 -49 37 -49 -54 68 81 24 -76 -41 -74 -34 93 89 -3 -32 14 -69 -66 96 72 99 13 96 -97 45 69 -89 4 27 18 -100 9 -61 82 -58 -67 -62 -61 -63 -54 -29 -68 21 26 -80 -23 39 10 82 93 3 -3 8 24 38 -20 25 -85 -12 -66 -60 -21 54 64 -17 22 96 54 -5 -34 -43 76 -89 92 6 2 -18 -41 21 69 93 42 -81 36 -72 -85 -49 30 58 -62 -69 17 43 31 -76 60 71 -32 21 82 3 -6 21 23 67 -70 2 -65 -75 83 -100 68 74 16 -3 -37 81 7 15 80 70 95 88 -35 81 69 -25 48 -55 10 -64 -29 55 -43 99 -25 -56 -63 100 59 8 -90 -85 41 12 72 23 -83 6 90 -72 7 -49 14 97 47 -23 27 34 86 -18 -26 32 -27 -28 -84 -99 13 36 97 63 41 79 2 25 86 66 -96 1 86 -92 -12 -35 48 -59 28 72 91 52 36 1 -30 89 -11 -66 95 -38 -37 43 68 -30 -12 60 7 75 90 -65 -15 28 68 34 -53 4 -46 43 -52 89 -63 90 -1 86 -8 -35 54 11 -71 -64 5 -79 -65 5 78 10 -73 -22 97 35 -22 24 70 54 70 100 14 -79 90 37 -63
-15 -76 84 -93 -63 -31 14 23 20 -16 -78 8 -90 -57 12 63 -99 -69 -47 6 -85 -23 11 -35 40 59 34 -39 -9 -3 97 5 75 0 -96 21 -3 -87 -59 -62 -46 89 71 -34 -92 -30 -38 99 -2 59 -56 76 -86 -71 -39 14 -22 57 -76 -60 -71 42 12 20 51 -90 67 30 82 -52 -44 53 -50 11 98 92 89 38 -81 -84 -88 -63 14 -26 34 -75 41 88 -58 87 38 -2 -43 23 -21 -84 -64 99 3 -85 5 54 -1 -39 24 30 -89 88 22 51 48 88 9 5 -18 -46 62 -65 -48 92 4 -41 48 -15 36 98 62 26 36 -62 -81 -92 -7 -32 -10 -43 78 -98 -68 -19 -76 40 -99 -54 -86 -45 -23 -64 -18 96 19 -15 59 26 -43 -87 -8 -62 88 35 77 -70 32 -81 20 48 -86 -42 -9 91 -59 -9 -54 6 -54 -94 -52 -36 18 49 15 -45 24 89 10 20 36 -77 -9 62 94 62 82 -85 -91 -53 92 -39 -27 39 -59 98 6 -74 -62 55 32 -99 -58 -33 57 -93 57 -38 70 -88 74 50 7 -11 19 96 -45 -40 -19 -39 59 100 49 84 -1 -73 83 31 -96 61 12 -16 19 60 26 -19 -39 41 -90 46 71 70 -33 47 -98 -57 -99 -32 -83 39 12 95 68 86 -67 -74 -48 63 -88 30 90 45 -81 43 71 -7 43 -72 -25 -9 -26 28 -66 38 50 62 -98 68 -95 -39 83 45 50 -74 83 27 32 -9 -47 -87 -1 -28 76 -27 51 35 3 98 -15 25 88 66 24 47 -13 54 17 -11 -18 72 67 -38 -59 42 -51 -36 69 -1 -28 -12 96 75 23 -58 20 66 -17 -87 4 -20 -45 -46 -100 -59 14 -48 17 17 -28 85 58 45 30 44 2 6 -64 46 -74 36 -5 93 -30 89 9 -35 -19 23 -82 -55 61 20 -17 -79 -51 45 75 -2 75 69 61 -97 -59 2 -43 31 30 48 -10 -35 -92 54 -27 42 -42 90 -42 83 -55 17 -71 53 52 3 -98 -82 -36 -9 89 -92 45 51 43 -33 27 -78 -7 -57 -11 89 13 7 -13 69 96 8 -29 -39 -79 61 97 55 -45 -87 92 60 48 -42 31 -52 -49 53 40 25 100 -18 -7 -100 -48 -31 56 24 45 54 71 72 40 -100 -47 -94 -48 62 61 -58 24 4 -29 -100 99 86 27 -44 -10 -35 -65 10 22 -17 -82 -5 9 3 75 14 -25 83 -31 -76 -31 60 59 64 -80 -14 -53 -52 71 16 -88 -16 4 49 -56 -94
12 -64 93 -59 -6 -94 -47 87 -19 -36 85 -26 -76 14 19 -70 -22 -38 37 -18 -26 22 2 -41 -41 -23 -23 99 -11 -83 6 0 -5 42 82 70 -20 -14 -43 80 92 58 -61 53 69 -53 -41 19 99 59 -8 66 -1 69 17 98 -83 24 -34 -92 -92 -40 -88 -97 -20 -50 -94 -61 66 -39 89 50 -88 55 -42 10 92 95 80 7 -6 -67 -72 -90 66 -98 89 56 -5 -15 -77 56 94 32 34 -43 -80 -28 90 89 26 35 -61 63 26 54 68 18 -70 -93 98 -94 60 1 19 20 22 -20 -57 30 -84 44 74 -72 84 -24 -70 33 -59 -18 79 63 27 -1 47 0 -30 53 25 54 -21 81 -14 -16 -22 -9 83 81 -63 94 -43 -70 -44 14 49 83 -6 -61 81 -29 43 97 -53 -95 -46 94 -2 70 79 26 -50 71 -69 81 11 -15 -77 55 -90 -32 -6 -75 -2 23 -15 97 83 -46 45 27 70 82 74 -32 100 -78 90 -62 -13 -57 33 54 -37 29 25 -99 58 -13 -65 -4 -4 75 -95 -70 29 70 58 59 83 -30 -90 58 -29 36 -69 66 -79 6 -84 -20 88 35 26 -81 -4 -35 -92 -70 -37 -73 -3 -92 -67 -14 -72 -44 -69 -11 76 24 62 -29 94 -64 99 22 -79 -60 -22 -10 -11 -84 18 -54 94 19 62 -9 -9 -51 -3 58 -58 -1 60 70 -52 61 -52 79 -59 -23 100 61 -28 -63 -13 -57 87 4 34 -49 78 -55 -13 -19 42 96 -37 -2 90 68 -17 -77 86 15 -67 -21 -76 24 -3 54 -35 -84 89 -49 47 58 -96 -12 83 -92 23 98 75 89 94 49 90 1 -24 -14 76 -42 82 24 13 46 -8 -43 11 -15 97 -86 -78 -25 73 -97 98 -61 91 99 -97 -100 -93 -47 46 -64 39 94 -54 -18 -28 61 -40 2 -88 19 76 81 8 -53 -14 10 -59 99 19 44 49 -99 41 96 -97 -82 -98 59 -46 -88 -62 36 -3 9 16 47 -79 -32 50 -74 -65 -7 -57 20 -96 63 97 43 4 72 -52 68 27 -94 -34 -78 -22 -40 37 -85 5 -75 -66 -57 89 96 95 -56 -17 -3 -25 25 0 53 -29 100 72 33 94 3 -96 96 -7 67 8 80 21 -64 -65 65 -45 92 97 -21 -35 81 9 -100 77 39 -77 -64 35 -90 56 -43 95 -42 64 39 63 -18 -49 97 56 -97 -67 79 65 63 69 -68 79 29 -19 -88 54 18 62 -58 -52 34 92 -64 -44 -25 -19 92 -68 -19 -27 -48
-44 53 69 -14 86 89 -95 72 61 -7 -100 36 -26 -49 11 24 46 45 88 22 86 80 5 -59 35 -10 41 -15 29 97 -76 93 97 -41 35 95 -60 -21 -30 57 41 -75 46 -20 23 -58 -56 -50 -62 48 0 74 -46 -30 61 6 -68 -87 -54 65 -22 4 73 50 50 -30 -12 98 -12 -7 -51 -70 48 45 54 -20 -52 61 -6 -39 -18 44 43 -70 -97 87 21 -45 45 22 21 -88 -94 -80 -27 -71 23 -17 -68 -12 -58 44 -50 -77 68 89 -97 -41 100 76 -36 -24 -74 44 -81 -41 -24 -5 67 18 -96 16 -70 36 75 57 86 85 49 -52 -11 -45 6 -30 2 -100 7 -31 39 85 32 97 71 50 86 24 -5 76 67 79 -44 -27 -49 68 -43 92 6 22 64 -27 0 -57 39 -40 -50 89 40 -28 -92 71 40 82 -28 99 -75 76 -2 35 -34 -58 94 98 100 4 -47 1 -56 -56 -19 -75 27 -96 95 -4 51 -73 -42 -3 17 1 39 -97 -53 86 -13 -4 68 42 26 29 84 -76 -89 80 40 70 59 -7 -12 15 -92 -58 71 6 -2 41 66 90 5 -58 -89 91 -66 -45 -49 -90 83 84 27 25 10 35 72 -53 -46 46 33 76 2 -71 -3 -38 -4 12 -64 97 76 -88 -8 6 -23 23 84 95 -7 -81 -100 64 -67 -97 -47 -92 55 -96 67 -11 -14 -5 -15 -4 -35 -17 -91 -7 -79 -92 77 86 90 -39 -60 33 78 -63 82 70 -44 -17 23 67 72 -23 -24 -13 -82 80 -95 16 56 98 49 49 -31 34 -46 38 -26 40 -4 -34 9 55 86 -16 23 -17 69 80 -71 78 -50 58 -68 34 -33 72 -77 76 -92 -86 4 -9 -20 -63 70 43 99 -72 -79 41 41 -23 30 44 -50 -51 -93 4 -2 73 83 66 -70 -64 -82 -10 40 5 22 13 -28 69 74 22 -62 76 72 -33 -7 -96 -96 -12 -97 -80 43 56 89 -13 -90 -10 -28 47 16 -4 97 -64 95 -68 -54 -72 3 -19 17 6 -58 -19 -97 46 55 38 -54 70 82 -91 -69 -47 37 12 52 20 -44 -93 -34 -4 -87 -78 11 -49 -78 -54 -52 -33 -80 -34 93 -53 -90 -55 -22 -96 72 -55 -42 60 -83 -27 58 -95 -6 -36 1 73 98 72 0 -82 85 -99 -17 -53 18 -17 43 -27 -60 -9 13 93 -50 -98 46 -25 -36 74 33 65 -28 -29 -75 65 -20 -46 0 -23 -43 -33 34 24 -73 -81 70 -55 23 72 -55 -75 54 -60 77 -12
-86 53 69 11 94 80 -89 44 80 21 -29 0 -85 50 98 85 -54 -83 -25 -34 -100 -27 -61 66 81 52 75 -85 62 -18 -64 30 -34 40 -49 -99 -13 72 78 -80 4 1 -32 -41 86 -22 4 0 -24 -9 -34 -15 -56 39 94 -22 -93 96 40 34 53 -90 13 -52 -51 -10 -79 48 -92 67 95 -38 -34 -10 -35 6 -28 13 6 94 77 -66 -44 31 -66 -31 -1 -25 -30 -87 17 36 -78 -83 14 5 -82 73 78 83 6 90 29 -100 3 15 -77 -26 -85 -82 84 -50 31 32 -55 95 -33 59 -31 -16 -89 -9 69 -20 32 28 87 -65 91 12 -3 -98 -69 2 47 5 -91 -63 -86 90 78 -59 1 9 17 6 -72 -70 96 -70 20 9 40 95 -7 -56 -4 -70 23 -56 9 -13 62 -53 -87 -1 79 -79 -35 -9 44 -69 73 44 27 -75 -92 -60 -59 40 20 -71 65 93 52 99 94 -45 82 -27 68 79 -17 -95 -80 -69 28 -57 -2 -51 70 -73 6 -39 -74 93 -3 94 -74 -73 91 -17 31 -69 11 53 27 50 78 16 87 -73 -32 48 90 56 -83 9 82 69 -38 62 5 -15 25 2 -95 29 67 -79 78 -12 -59 61 12 -89 -82 31 -1 42 73 79 10 -100 -93 -47 74 -31 19 -27 38 83 -32 -73 -52 -17 -23 91 -27 -19 -70 16 -18 -9 11 -49 -82 -78 -8 48 4 -27 43 67 47 -98 34 28 36 1 -50 63 23 -9 -63 22 43 97 64 -81 -69 -33 -59 90 -8 35 -1 -67 -37 -11 -83 -38 55 15 -86 -62 -60 34 24 -25 -38 76 -25 -49 1 -97 -25 90 58 61 -76 88 10 -21 33 -65 -89 56 8 -97 63 97 -96 64 91 96 19 99 61 61 67 95 -10 -65 47 -18 2 -92 -2 29 73 -99 -31 79 55 73 61 8 -34 47 43 -15 -54 -50 -57 4 -12 -63 57 84 12 46 88 -27 -93 -31 -80 82 -44 -83 75 -2 -12 -59 54 27 3 27 -96 -82 15 -86 -64 47 -46 -4 -32 -78 67 -88 -86 53 -85 -43 17 32 95 -25 -59 59 -16 35 -61 -7 -17 94 -82 22 -91 -69 -36 -80 79 -47 63 21 -69 -8 90 -60 -46 -53 -7 27 -98 -63 30 68 -80 24 45 -100 46 41 55 -91 88 60 56 24 -67 -48 -12 86 -96 -75 38 -28 -33 9 82 70 63 -70 86 34 98 -22 13 -81 38 31 87 15 -12 25 -75 21 -16 -34 57 5 -91 -69 -14 3 -3 2 33 59
28 82 -12 -18 58 -42 -98 76 90 -95 63 89 -85 64 52 -47 93 20 -54 7 45 -52 5 71 -68 30 96 98 -48 45 -21 -17 -77 -81 82 -8 34 -1 -13 54 -61 91 8 15 -47 53 59 -41 -21 -82 -88 55 19 -96 81 80 55 7 72 62 87 -10 -36 -57 -90 -31 -94 -26 -49 -77 -74 85 -91 -31 58 66 75 63 -97 78 -10 64 -75 71 -32 85 68 -76 -65 -59 32 31 75 -36 79 67 83 -19 79 70 -45 47 78 -6 50 -90 5 -33 11 66 24 86 -36 51 66 -7 81 34 54 -97 -82 -23 -3 26 16 100 56 -61 64 23 -32 -82 -44 -73 62 80 81 19 3 -100 -35 40 -99 -60 -59 -94 -6 25 26 41 -95 70 -21 32 -6 -85 -92 76 36 92 -29 -94 -8 73 -31 -61 44 50 80 77 40 85 31 75 57 96 58 59 60 78 20 35 -10 -87 94 -24 -8 37 93 77 81 -90 -40 -51 -100 20 -28 64 -65 -75 13 91 -36 24 -91 -19 -97 55 -55 90 50 -6 -45 12 -69 -85 -96 -85 67 76 -66 -75 -87 93 -84 67 49 63 -35 -13 74 -78 -12 -5 27 -68 -62 -5 -18 -91 77 58 70 17 -36 -86 49 70 55 -13 0 -73 77 -76 91 -93 -69 -49 -51 -18 54 -57 83 -57 -10 -98 -89 4 -22 -21 38 -69 -41 40 -16 18 87 88 -34 -78 25 -69 21 73 -99 -73 47 49 -30 -3 -65 -15 95 33 -64 18 35 17 83 -19 52 -75 85 -19 -21 -33 85 91 -86 12 -17 55 93 51 -54 -89 -7 -75 -25 98 -15 39 -64 17 -72 -5 14 -44 -13 10 -53 -73 -90 91 -74 -52 86 54 91 12 -34 -46 -72 58 15 55 -82 -94 68 29 49 -87 77 -36 69 -42 60 28 56 -84 33 -70 75 -96 -46 23 44 5 -28 -48 26 95 5 -49 20 -28 -42 34 83 78 53 64 38 -1 19 52 94 72 26 100 -25 -30 -93 52 -86 49 25 9 -10 -64 -94 -95 -44 -72 73 38 86 -24 -6 23 62 81 61 82 65 53 -93 -18 -64 -72 -86 -63 82 87 -59 -15 0 -9 7 25 -23 56 -88 -43 -28 98 -41 -83 -48 99 -28 -20 -86 -4 -62 44 -76 -91 15 30 98 -15 47 -57 -36 43 15 -32 -18 54 -12 -83 67 -20 58 26 -87 -86 -14 -88 89 -13 81 51 -80 64 -68 -50 60 92 -91 -51 -27 81 78 0 -15 46 93 -49 -71 63 71 61 83 -35 53 -90 39 -60
-2 10 -27 -44 2 -33 -74 23 -25 92 4 51 86 -82 8 -56 11 -61 -27 -19 -24 -13 -69 97 73 72 32 -46 75 -54 42 -82 23 55 -63 -52 -12 -35 -11 -100 80 -33 44 -63 26 -11 89 53 87 37 2 -44 -29 -18 93 -46 -69 -33 -75 38 -29 5 13 54 13 92 -16 8 6 -62 3 -71 -7 17 -17 -37 -24 -97 50 67 -36 68 -85 -53 71 56 -51 -65 9 99 13 -26 91 50 85 55 70 -97 -36 -36 58 -6 -3 56 -1 -81 52 61 -54 37 -80 0 31 12 -56 76 57 -29 51 -76 -65 -43 -22 12 -19 59 -9 25 -81 94 93 58 98 -74 6 39 -7 65 5 37 28 -54 -34 -89 -46 -64 -13 32 97 86 -70 41 -77 49 -80 11 -33 -18 -7 -70 -79 -88 37 -87 -39 0 -20 84 5 -24 -31 6 19 73 26 -52 27 61 8 88 85 -17 18 93 69 28 -64 26 -50 38 -4 -58 -50 38 2 5 -33 36 100 96 -60 92 89 -44 72 52 70 -28 46 -20 -3 75 69 43 -62 -25 -82 14 -63 -76 -3 71 39 62 35 88 -16 28 -74 -13 -49 92 37 16 -18 -38 -46 36 58 -81 58 -71 -53 -64 -60 -6 56 -37 -95 -78 -57 52 -9 -22 -27 52 -29 -44 83 23 -48 0 83 -19 18 -71 90 60 -37 55 22 -74 -29 -44 -68 19 90 -83 39 14 -1 -34 -57 -68 34 46 -80 -24 -21 40 1 -13 1 -27 60 -56 29 -11 -34 31 -52 -100 -68 65 26 -79 -55 -50 -10 -78 -90 -30 27 19 38 -73 -22 -92 42 86 -56 46 -18 94 99 -37 5 -16 -69 55 12 -39 -55 47 88 16 59 39 -27 -33 -97 -61 -10 32 -30 -63 61 -14 41 49 100 -92 -11 3 81 -59 83 47 36 34 14 -82 75 4 -90 6 -14 49 28 39 -27 30 -84 -77 89 -22 81 59 -14 2 61 54 -61 -89 -67 91 47 -13 -41 -80 76 -8 -17 -75 39 -85 -72 71 24 -26 17 96 97 -34 -64 11 -65 -10 -94 93 99 -98 -2 32 -82 -74 -18 -64 -93 29 8 10 43 92 -45 76 8 -60 19 11 50 75 65 -100 -1 -82 -88 55 -66 28 -40 33 42 -53 -27 44 99 43 94 90 -8 -73 -62 71 42 25 -62 94 70 -21 42 14 63 93 45 70 31 80 -49 76 86 -37 -46 99 -85 -39 -100 -39 10 60 -46 3 -98 -58 -26 -53 45 36 -63 41 76 -73 -1 74 -21 -48 -68 -7 -37 -84
-90 -42 -89 32 10 -32 76 97 -81 -84 54 -34 88 100 -57 63 -51 -59 97 -47 -55 65 -48 -64 62 24 -32 85 -97 -55 20 37 -24 -69 78 82 -30 57 -56 82 -68 14 5 62 95 34 -11 -90 -39 56 -73 36 62 -97 78 93 -96 31 -74 -53 1 -100 -3 -85 -15 -21 -66 -26 77 -49 86 -83 -34 -33 97 -69 63 41 73 -5 11 94 -82 -62 19 -40 62 63 55 -81 -30 -69 63 -44 74 -5 -58 19 -26 73 67 -97 -94 -47 -90 -94 57 -39 -14 -14 22 57 0 -48 19 -96 98 -26 -48 -98 37 93 52 -23 82 7 -60 -15 -32 -57 -79 87 -90 84 91 -32 -12 -27 23 50 -82 15 70 34 13 -30 33 -42 70 -56 -58 33 -87 89 -84 32 68 41 -22 73 12 86 -72 -69 85 -55 -5 68 -90 -34 -6 -20 75 33 29 40 88 -63 15 -93 13 -36 36 60 -30 44 -69 9 -59 51 -16 32 51 18 60 29 -68 29 1 -80 -63 -94 45 26 25 46 19 73 -43 90 -34 -20 -77 99 53 64 62 38 88 24 -2 48 90 -3 -99 -78 -99 -99 -44 7 16 81 13 23 7 25 95 -72 -59 -26 -60 36 -64 96 66 -55 72 11 -97 -3 -92 8 -98 -30 12 -50 13 50 51 -32 35 -10 80 6 13 -28 -80 2 42 65 -5 -89 -56 25 84 -44 15 52 -14 47 -65 -44 -97 31 -17 -54 -71 -93 -28 58 5 4 6 12 95 -7 -42 82 60 -28 -28 99 -33 -16 31 -78 -92 8 -14 -2 -75 -14 89 -58 -93 7 74 -8 27 94 52 -6 38 -65 -47 -47 76 -23 33 -79 -42 19 -33 1 97 -68 61 81 49 -93 23 89 62 -64 -47 -10 90 -2 14 -95 58 93 93 52 83 -51 7 -1 -13 -100 -79 2 -18 1 90 -43 -32 -89 75 21 -70 67 37 -89 -4 32 -28 28 38 -84 36 -1 -41 13 -51 98 16 -33 -81 90 40 57 -46 -2 -3 -48 -91 18 -85 -71 -45 58 69 2 -93 21 84 1 30 -94 -99 -77 -47 -40 -98 0 68 -52 37 8 -5 -54 13 -83 -40 39 89 72 72 -21 -53 29 -22 -15 69 87 72 17 -24 -54 36 -9 -62 -85 81 -31 -12 73 -67 9 27 -95 -51 18 -3 67 49 -32 32 -66 63 -49 93 -74 8 35 -90 72 66 28 95 3 -53 13 74 -31 -25 73 34 87 21 75 -19 75 -97 51 -59 -53 -11 -64 -21 -52 27 -59 -61 62 -24 24 -43 93
-90 -98 -7 -73 52 -33 -81 -5 -18 -97 86 -87 84 58 -50 21 -26 69 -52 -10 46 -85 49 73 79 -66 -93 -84 -2 -3 -25 27 -32 -48 21 -63 7 17 75 19 92 19 -98 -29 19 0 54 -50 -90 -39 16 -38 69 -51 20 -54 33 -31 -8 14 70 -93 100 -97 19 -32 66 -19 -81 -46 0 21 -88 41 70 -86 58 -37 -83 1 65 -40 -85 25 35 -63 -31 86 64 -40 -33 -90 14 -10 -73 23 -17 93 53 82 25 8 -13 26 -24 -16 -29 -26 -11 -29 -43 -11 76 -10 -1 56 -77 41 58 23 57 33 11 -67 11 -96 75 -76 -38 -97 -1 -55 33 24 -97 56 47 -21 -97 41 -42 77 -46 70 65 47 32 -4 91 -62 -13 -55 -93 -2 27 -5 69 -70 -56 -14 -56 75 -39 38 -64 35 77 48 -22 -30 -16 79 29 82 10 58 -91 33 35 22 -4 -97 -33 -83 96 40 86 -72 -70 -41 -32 -55 -54 -15 -93 -50 -66 41 17 -55 29 -69 -37 72 -27 -26 12 81 -17 -62 9 -88 27 46 -49 13 -21 -61 55 75 77 72 64 11 -44 68 12 -29 -92 -7 -36 30 -84 -76 -71 27 -48 8 -42 -64 12 -11 -31 -8 23 -63 18 63 -61 90 38 -72 -83 -69 -9 76 24 -56 -5 -51 17 24 35 15 0 -60 -33 28 -81 42 9 -76 41 -61 44 0 59 -87 57 53 67 -53 93 46 -28 -67 92 6 -94 44 -35 92 45 -65 58 -7 67 94 21 -14 -88 82 94 53 24 -80 -25 -87 -72 9 -1 -65 -70 -6 6 -88 -60 -46 -7 44 86 -61 57 6 -86 -36 24 -10 88 54 55 24 -66 77 89 6 -83 100 -51 92 57 -64 -97 69 -45 87 1 38 -17 98 27 -48 -60 0 -45 -92 -99 91 66 -79 78 -22 24 48 -56 76 -79 8 27 -54 -18 -66 -33 35 -55 -56 -39 -23 -80 -100 -56 -26 49 -8 53 -19 54 55 -57 -63 -12 -6 45 -24 82 -72 -78 -38 90 59 -46 -1 48 -32 2 -40 -12 -98 29 88 -11 -66 30 6 17 49 -38 11 19 3 -33 -67 39 -46 -14 57 64 31 -64 97 8 38 -68 -26 72 11 -36 94 91 41 -29 45 -43 91 88 87 -41 -19 80 -62 11 99 -93 52 28 91 56 66 67 12 14 -83 12 -57 -98 -73 83 79 87 -54 43 -69 69 -5 -31 66 68 -80 6 -74 48 -66 -81 57 65 90 -32 -98 18 -66 5 24 56 -50 -24 86 82 43 50 52
35 -10 -71 50 84 -58 91 -85 -33 -2 7 49 67 -31 -88 -55 95 -2 -80 -2 -79 -77 94 -46 81 -89 14 89 -23 73 36 23 82 -36 94 70 -13 -86 -18 -6 -10 -58 85 -14 -53 78 -47 66 -5 24 -18 -36 4 8 52 51 69 -94 34 95 61 -1 78 -80 -65 65 -57 19 -7 35 -68 -20 12 -99 84 55 77 -46 80 84 -40 -83 75 6 -32 -81 -52 8 7 9 -47 82 -21 -12 -56 -19 -11 100 63 28 8 -72 94 64 87 17 -65 -54 75 3 61 -7 -23 -6 76 20 36 -30 -29 52 1 98 -44 -17 -88 -69 -6 94 68 89 52 8 -66 6 21 21 -15 13 61 88 38 2 92 -92 64 8 -40 -60 -90 -89 -42 27 -64 -34 84 -14 -32 79 0 -76 -35 -6 -49 85 -55 -44 41 -30 -16 -8 22 98 -12 9 80 42 -4 -43 99 -84 -85 38 16 -79 6 -23 -67 -6 -89 -78 -58 -14 -58 -30 97 -33 55 22 56 45 -27 -73 -14 98 100 -56 -10 79 -71 75 10 31 -60 17 -32 -20 75 -85 -50 78 -71 -50 9 -70 -34 61 73 71 -91 42 -31 -77 10 30 96 -79 39 -38 -61 -88 -90 -15 57 58 54 -56 -24 -68 -39 11 51 -88 91 63 -44 97 -44 24 -14 66 -52 -81 89 -6 64 34 22 -22 57 -35 -63 -34 74 56 -5 28 92 92 64 -77 94 44 80 -84 38 66 -80 -25 13 -6 11 70 -1 30 16 100 -33 -43 30 40 -85 21 4 45 87 18 -74 87 91 -1 -5 -15 99 45 -100 22 84 -39 -82 63 -95 -21 -11 -80 13 -96 54 26 -56 9 85 -53 -87 11 -61 -27 -58 46 -87 32 -84 -64 92 -61 -69 59 4 58 -39 -38 75 -94 58 61 -85 -7 6 -67 23 34 -37 67 -41 -44 -92 100 -45 97 -77 -27 -17 79 61 56 10 -5 -84 14 -59 -28 -51 -29 54 54 -14 67 -4 100 59 -84 30 -46 -21 -98 86 28 43 -36 100 -96 46 -87 47 5 80 83 -40 -75 39 -44 60 17 13 -69 -78 -38 65 43 44 -98 -25 -42 31 82 -41 27 -95 -75 -94 38 7 47 -49 -92 -52 -71 81 -32 -25 49 -16 67 -85 11 -24 80 -38 64 37 -70 22 11 -85 22 66 25 -39 4 -1 -49 30 40 51 -24 18 1 94 32 -46 -16 33 -35 87 26 74 -61 43 -52 -41 48 0 14 -10 46 30 33 19 72 -31 -42 -25 23 30 2 -10 -65 45 88 58 77
-13 76 -82 57 -37 -18 36 23 28 -84 -5 -21 65 95 -79 -28 6 -56 68 69 44 -56 66 75 10 66 -92 -71 52 -51 -74 -38 26 58 23 -32 -32 -99 49 21 -78 -43 19 -100 8 26 -85 98 -76 37 40 85 84 -53 55 97 -24 33 22 42 75 81 56 65 -37 82 70 -8 -67 83 13 -74 84 -70 -16 -5 -88 -64 92 -13 -1 -24 96 -10 -60 -73 41 23 4 -75 55 84 -56 20 -28 -55 -54 100 -76 60 -37 4 0 -17 79 -43 -96 11 82 39 -51 -53 -91 -73 69 30 7 -23 -93 52 66 87 28 16 -74 -3 36 41 9 77 55 -63 8 42 -90 76 -58 -92 73 -79 79 -96 -79 -5 -39 99 -57 52 25 -87 23 -47 -32 -38 90 18 74 -79 68 13 -65 53 -62 73 -2 59 -73 -79 -36 -99 13 35 -55 -56 93 93 -9 -30 -94 -91 -98 -84 12 -73 -39 -17 -82 -21 53 -66 84 -76 3 -82 -96 8 -79 64 65 86 89 -77 88 22 39 -49 30 62 17 88 33 -91 -17 62 61 51 -42 -42 81 -59 23 -21 -24 -30 -100 -5 46 -34 -46 24 -92 59 84 -24 -81 76 -82 78 -1 50 39 -75 20 26 18 -59 -69 57 56 -60 -20 -10 20 94 -36 -100 -100 100 55 38 40 -94 -10 -12 58 29 83 -73 -66 -51 16 -20 -77 -12 -26 7 -92 -79 32 -42 96 -46 28 75 87 -17 70 -76 -66 36 -78 42 -39 -68 4 92 -69 99 -84 11 -70 -89 49 85 80 30 -10 52 58 -86 82 10 10 0 -55 52 9 -88 -83 -61 -73 -76 30 -50 42 -63 -25 79 -64 52 -45 -52 -19 35 -1 66 76 17 -23 -57 5 47 97 -52 -87 -76 29 -20 83 -7 -45 -37 -43 81 -11 -90 -12 21 -64 40 -13 -16 -20 -12 74 -19 69 -4 -69 -59 100 -18 67 76 98 92 -41 3 -61 28 -89 46 15 -48 82 -24 71 87 15 -5 37 -61 30 -49 -68 67 88 -65 27 -47 85 6 -92 -14 84 -69 2 -31 75 -18 -23 -2 -92 11 46 -25 -45 77 55 -91 -35 -20 -89 71 -84 -83 66 95 -37 -37 1 -72 -39 13 65 -19 -93 -82 -45 95 12 -9 5 92 -55 100 54 44 -44 -9 94 -46 -58 -83 -4 70 -48 83 -3 68 -27 -24 6 -18 -48 56 100 43 37 15 28 -29 89 -13 2 -32 -77 37 16 58 -92 -75 -65 -4 -58 81 58 -93 -94 85 14 -13 60 -50 34 79 -25 -87 26 34
-86 -86 -25 -80 1 -27 -2 -46 -45 53 -71 93 15 88 -91 100 9 -64 -70 -56 -94 -14 62 -27 62 -60 -58 23 84 75 100 1 -24 -10 73 -71 -36 -93 58 -83 87 85 -21 1 32 -67 78 33 -37 -40 -64 -8 51 -52 63 -41 -41 53 -48 -17 -93 -72 7 -53 -88 88 24 6 -94 50 -80 -51 -22 -84 -40 26 -8 -97 -21 0 76 34 15 -88 -34 -40 -32 -27 -40 -52 89 -4 -92 -54 -12 1 -22 14 -19 59 3 88 81 72 -48 52 -96 -72 6 29 61 22 57 66 -86 55 10 82 -59 50 19 78 -32 49 -76 -94 18 -72 -31 81 92 19 89 32 51 84 19 73 0 27 -39 -91 -87 -72 87 -32 -5 96 -84 68 -77 -51 -14 5 -82 -71 -53 -2 -90 91 3 -14 75 -72 -44 38 60 -39 -22 -13 49 16 4 12 62 44 -41 41 -38 -75 86 -12 -48 64 -1 -84 15 46 -98 71 -58 84 23 -59 -37 -99 -28 15 91 -79 15 -87 61 -36 48 -95 3 -88 90 -84 95 48 -49 81 -80 -58 -46 -65 80 -39 -16 -23 31 6 81 -97 -30 -25 63 39 -48 -61 74 -51 16 73 -58 -41 -41 75 47 77 -1 -78 68 51 -72 82 -2 -55 -55 -49 -70 14 1 8 100 -65 14 88 -75 -75 -94 -46 13 93 22 52 -30 9 -53 93 20 61 -64 44 -16 -86 35 -44 -17 24 -75 -66 -92 42 24 88 -25 49 -12 -69 31 -14 10 -74 32 95 -51 43 22 91 -39 -82 14 -30 -20 26 6 -21 -53 48 24 54 -56 -92 -25 99 -54 69 -32 -58 -89 40 -7 44 95 -87 -10 52 -5 5 -25 56 -97 66 6 2 35 26 32 49 -77 59 -98 55 -53 -51 26 -2 69 -66 -69 81 -56 81 89 17 34 55 53 70 72 -72 -4 -3 -84 42 -4 70 -96 21 92 56 20 -20 95 83 92 -35 14 87 -40 -79 86 -38 68 75 -82 -49 -68 57 93 -52 72 -76 -38 -22 46 -60 73 -42 -22 -73 -19 60 36 96 72 -1 90 -63 -5 -71 -81 95 -79 -71 8 75 77 -7 22 -19 -38 63 73 -44 19 71 -26 -39 -48 81 -1 11 -92 -71 -71 84 100 100 -28 71 77 3 16 -1 61 100 36 -34 -78 65 33 78 79 -51 -93 -44 -96 -10 78 95 -14 -3 -75 -98 -54 -7 -60 87 88 -58 4 -77 2 -80 -83 -39 47 66 29 -39 77 35 27 -16 24 84 -24 49 -37 -29 -4 26 -94 -23 37 88
81 48 -96 -56 55 49 -28 14 69 -10 63 -65 14 -50 23 76 -57 30 -65 -13 -62 2 -88 71 -65 -50 -14 -22 74 -64 -23 80 -19 77 79 51 -27 23 75 -44 -9 -41 74 55 3 91 37 -54 68 -59 -53 -48 87 -61 -10 92 -90 -95 34 68 -59 -55 -59 53 66 -51 -96 26 56 88 24 7 -71 93 10 -17 -66 -31 -81 70 -51 -19 38 -65 61 37 -25 51 31 -26 86 -1 -91 12 64 38 -75 -3 -64 71 -53 -29 -36 -45 -49 14 9 63 -63 47 14 48 44 -58 -8 75 -67 84 89 92 -4 -16 40 -67 72 51 -30 -69 -17 71 -7 1 18 7 87 87 82 41 -54 -32 -2 55 -85 -33 -44 10 -76 -69 -58 3 -31 -97 11 -13 72 21 -66 -63 -57 -33 6 -6 -98 -85 1 -7 96 -86 -79 -97 -99 58 -6 29 32 15 -58 38 -64 -62 13 -17 -32 55 73 25 -4 28 66 -56 24 -18 -100 -80 84 32 -93 89 93 -25 -87 -81 -9 -96 82 91 -64 43 -70 27 55 95 -84 -15 23 32 -15 -4 53 51 57 -99 24 28 9 53 21 11 -95 1 -66 -50 27 -53 73 6 18 -81 -37 -81 -80 15 57 -58 97 -9 -46 -95 59 74 5 -17 -37 66 -88 57 -55 47 22 14 -20 -79 95 -15 -87 -54 3 100 -38 16 6 51 95 -72 -76 73 -79 79 44 29 94 -20 25 96 -15 29 42 34 14 95 -43 62 -74 75 -54 0 -32 70 -90 -87 86 74 -92 -23 -15 10 27 -3 70 66 63 19 100 58 -10 -22 78 -85 -19 58 32 -62 65 -41 -56 93 -9 -73 -42 -34 13 74 87 -70 64 17 28 -16 29 94 -65 67 -3 50 -50 -47 11 5 -10 -15 44 -71 35 -28 -60 39 -8 -30 -76 29 71 5 1 -37 98 7 71 10 -48 95 48 -86 80 20 -97 -73 13 -72 22 -24 -6 96 -95 -79 4 23 -66 74 -2 50 -9 12 37 -77 65 -81 -56 94 98 -12 -42 46 5 90 -44 69 -26 76 69 80 94 -39 1 99 41 31 -51 -88 -77 73 97 -31 -27 -78 81 -92 -13 -70 98 6 -6 -66 89 -41 7 -30 -95 12 -83 13 78 55 -70 22 62 81 33 88 -9 -9 -98 67 8 43 -36 46 90 -77 79 65 -28 29 32 19 -40 20 -16 84 -5 51 -41 73 83 67 97 16 -25 -41 1 90 -9 89 -80 67 58 -75 -18 37 94 92 -97 43 24 77 -32 -28 45 -64 50 79
-70 94 -18 -67 18 -93 -86 -92 -21 79 47 50 2 72 -38 5 -30 98 2 12 49 -76 27 10 -52 -36 -6 87 40 -59 61 21 -64 19 -12 -47 4 86 -13 98 31 85 62 70 -89 -2 -39 -71 63 91 1 53 -66 73 -91 -89 70 -68 -82 79 14 37 79 -12 51 -68 -93 34 91 -41 77 -71 -37 -96 -5 95 55 -69 90 -71 -64 -36 34 -71 43 -14 -7 -72 23 25 -9 -78 -90 -92 -4 -21 -96 75 39 -29 79 78 -98 -36 -90 -99 -87 -86 17 -49 36 21 -2 -81 95 -11 59 -57 -78 57 58 93 -97 15 58 2 44 -71 -87 10 91 56 81 -12 14 -5 -31 -23 59 69 -36 20 -89 -40 21 50 -1 20 -21 34 -5 -18 0 -29 100 -10 93 26 57 -5 79 28 29 -13 -30 -10 0 -26 8 -87 37 -39 92 46 -87 -75 18 94 -54 -87 97 -22 83 37 -52 -72 73 30 -26 47 -96 -87 7 -78 -26 16 17 37 93 -33 -8 -19 31 15 81 -51 -50 69 -91 -48 94 -49 55 -21 9 -35 88 -41 -3 23 11 100 59 -50 5 -92 -87 41 41 65 88 26 86 -67 36 -64 84 -88 -59 -32 -95 -61 -84 95 73 -27 -78 -64 -48 -49 87 61 47 -16 87 13 57 -82 16 87 81 23 63 57 60 -90 -67 -7 -40 95 74 37 -49 49 93 -34 -89 -1 -41 -44 -51 35 25 45 18 93 26 -14 -21 -80 -31 95 62 -74 -87 52 -53 54 23 -21 49 -13 -85 38 -37 -74 54 43 25 62 -64 -73 9 -71 -27 4 -30 65 -72 82 4 -47 73 80 -2 56 -4 54 61 -27 -50 60 -88 93 -73 80 -13 63 22 92 8 50 -26 -55 -70 -2 88 -42 97 19 69 -80 71 11 -40 64 82 84 -76 19 -24 -89 89 19 -68 -60 -9 49 29 87 -58 45 56 64 14 -16 81 -77 72 58 47 -87 71 -43 49 30 42 -23 -9 -37 11 -58 -55 -54 58 78 47 -58 -42 -69 -18 70 -81 -46 -18 47 -30 -29 9 70 -33 12 85 70 31 71 -36 64 90 44 33 95 -1 -26 29 -76 38 93 -11 43 79 -1 67 -20 0 11 98 -71 25 -3 -77 -23 30 44 -88 -99 -27 86 -88 34 -84 76 11 8 68 -82 100 6 92 -20 12 53 12 -100 -49 -76 -15 11 -81 34 -4 -51 -49 -5 2 89 -72 -2 -86 14 -23 -1 -12 -11 55 66 -20 100 -72 32 -73 -52 11 54 -54 -28 9 11 -46 -7
-78 7 2 73 -29 4 32 -67 14 73 -82 -23 62 -63 -39 10 53 -45 -79 91 97 98 56 -32 -53 -88 35 91 -66 -81 59 89 -5 -16 15 -32 86 -30 -52 3 25 37 -78 46 37 60 -64 15 14 17 -30 -48 77 -53 88 -78 79 23 -72 -18 -71 -81 92 -94 -17 72 -72 32 -48 -6 -73 -76 -62 -13 19 62 70 -32 -16 -91 -74 -30 -77 -9 -5 75 -53 -75 77 5 -29 -30 90 -42 30 -5 -10 -85 -87 -83 -54 8 -14 81 -14 -76 33 -77 15 -68 -40 78 39 93 68 -93 94 -25 93 50 -97 -46 -92 83 91 82 15 12 -23 -94 -35 -69 -10 78 -1 72 76 8 -13 -73 -55 -44 22 -8 -55 -83 3 -68 10 43 27 19 -33 72 -71 67 28 62 93 -56 34 -47 -92 -1 7 -42 -44 -84 51 -14 24 -22 36 98 82 48 92 -54 -6 -1 -89 -43 -86 -21 88 -85 -21 36 -72 -29 -40 -55 62 -59 -27 55 19 -11 -80 34 -57 72 65 -99 13 29 25 12 -91 -79 -91 -76 83 97 23 -98 -33 38 56 -77 59 -47 -19 97 67 97 -61 -67 -43 -92 43 -32 99 48 -88 66 9 -94 50 56 92 72 8 -65 -53 -15 -27 -37 -75 -72 4 7 -47 79 -34 79 -56 -40 -5 -30 32 58 37 45 -70 85 53 -37 19 67 60 85 -79 69 2 21 -1 -75 60 -95 92 36 -74 -55 79 -67 98 -3 -85 25 45 53 -19 62 -47 -56 -13 94 71 -98 8 92 -33 -58 28 -96 -37 77 45 -78 38 -20 83 90 -67 -49 91 6 96 -57 65 -48 14 21 35 -96 -49 99 7 85 -76 39 -94 -16 84 72 -51 19 44 25 -93 56 -6 39 -12 63 25 79 -87 31 0 96 60 -98 11 -30 -75 -12 69 -75 -61 -2 -95 94 -73 27 83 59 -36 -45 -89 -74 -32 -91 31 17 -72 -11 84 76 47 56 -25 -66 -41 -9 -12 -72 94 66 -27 67 -53 -67 -69 10 -67 -42 53 -93 45 -19 -18 -70 81 16 -41 -15 26 18 40 -92 9 57 43 -38 29 -82 33 -52 74 84 48 -29 66 -67 9 -29 -62 -39 22 -74 46 6 77 91 74 92 28 -81 42 59 -46 96 64 -62 9 -8 92 -3 13 39 45 -63 -91 5 77 -16 -10 56 47 17 -55 -71 1 68 -68 90 -62 62 18 -21 92 90 -88 -70 -83 47 -18 -35 4 -62 25 31 -88 65 -65 -18 -34 67 -70 -18 49 77 65 57 26 -87 -95 -67
67 -89 32 -49 55 34 84 75 -27 -10 -32 81 -11 -70 26 -17 -95 -8 -59 92 11 52 -10 82 7 61 45 -70 -10 -30 -71 -88 38 85 -86 64 -84 56 -16 -24 6 83 -8 44 99 -92 0 68 82 -38 74 -81 60 -20 -89 87 87 61 18 -56 -56 -99 63 78 78 -11 -8 88 81 -100 -87 -40 50 -91 63 -41 -64 -92 -93 -20 -72 -28 -35 -50 58 -13 52 26 -30 -73 60 9 4 -26 -32 -9 37 -94 28 65 -75 -81 84 -88 -64 -35 41 57 -22 -82 70 -17 64 68 37 -17 -23 78 -81 18 -28 72 -14 -87 -2 14 85 -43 -46 61 27 53 22 -17 59 52 45 -93 -10 20 54 5 -16 51 17 -36 -2 -88 92 34 59 -49 -54 -9 -98 -39 -75 -16 -87 -38 74 47 55 96 -68 47 24 73 -44 -75 57 -43 39 -15 13 64 -92 5 -68 -37 -38 -10 -55 51 30 -68 2 -15 -80 76 74 -65 -68 -49 -41 -79 -50 -85 32 96 -92 8 64 -82 -99 16 -83 -44 -98 -61 0 -14 8 45 -11 34 -65 -42 92 -59 -29 -3 51 87 51 -21 -58 46 13 38 89 -72 -26 90 -12 40 -31 -72 21 67 5 -58 -13 60 -54 51 -6 -100 -22 87 86 21 -77 18 83 -32 -55 -34 -17 57 -59 -92 -91 -38 17 62 42 33 -35 -28 49 -13 -32 61 47 88 -41 -54 -7 29 30 -70 -3 -29 -50 74 -73 23 84 -95 -21 -27 84 -87 79 -9 -77 -54 94 18 100 2 -82 -7 39 25 95 82 -100 -95 -27 -34 -33 -59 -55 -37 -31 -85 -23 4 37 -24 -13 26 75 -9 -84 23 79 69 -93 55 89 -24 67 -3 30 4 78 -24 52 -77 -33 -46 -35 11 -43 6 -78 -14 72 -62 -44 36 54 51 77 42 -13 79 -64 11 -37 -43 91 -24 80 37 17 -43 11 31 96 32 -64 -45 50 31 -91 100 20 51 -58 -68 36 -60 -80 53 21 26 49 24 92 44 51 70 -87 -2 -43 25 -84 -82 -20 -76 -34 -25 -45 -57 60 93 -10 4 -18 -30 -79 -8 -27 -58 46 -84 -66 -91 -92 -59 62 100 4 24 -83 93 78 -19 72 -36 16 -11 10 86 -48 -54 -71 73 -75 -3 56 -61 87 100 -39 75 -63 -34 -22 -44 -25 57 17 40 39 89 99 -23 -7 46 -76 47 -44 84 55 -48 1 -60 32 7 -94 24 -38 -9 60 -78 57 85 23 -29 -37 49 62 95 53 0 -64 39 -23 -64 -64 -52 -94 -32 -59 -76
97 -84 -3 41 -41 -3 12 -64 68 73 43 -15 -40 82 -41 59 -55 38 48 -8 -10 3 46 -15 -67 -46 -2 -43 -75 -38 -90 3 29 -23 50 -57 27 30 91 -21 71 -37 -88 25 65 46 51 62 38 -86 -2 2 -61 -23 -25 63 30 54 -90 31 53 -79 13 -23 -64 46 32 -79 -55 -36 -3 11 52 41 -87 -69 88 -80 -7 44 88 76 -59 -90 -84 -72 -7 -42 35 -10 9 18 -45 -88 75 68 -54 -61 26 -9 -55 40 50 -35 86 -19 -66 -85 -61 25 55 45 94 53 -18 -79 -100 -85 -64 90 65 82 88 -85 -61 -94 64 -33 79 64 30 13 -40 92 -45 47 52 -60 64 -96 -30 94 -13 41 2 -71 91 -85 -20 35 -6 -22 50 -84 86 70 46 -78 35 -100 49 56 -89 -66 53 15 62 -11 -59 -48 -83 -17 2 -56 -89 -10 51 30 5 36 -97 67 9 30 -5 81 34 92 12 23 -67 -21 -39 -45 -9 90 29 30 63 23 69 30 32 -86 -21 17 -37 -90 -20 83 -44 53 -45 -99 90 12 -70 45 -49 96 41 -76 29 3 17 79 86 85 -27 -14 -34 27 -15 61 -20 26 -17 -21 -85 83 89 -41 -34 -8 -1 69 -45 43 70 58 -41 43 97 69 -47 -84 -72 90 45 15 -30 4 48 77 -54 -2 -59 29 42 -75 15 14 90 88 28 45 53 -85 -71 -33 -70 -34 46 -4 -73 16 71 -58 -14 93 45 37 7 -71 98 33 -73 4 6 -93 -79 -33 13 -27 10 -82 -32 -34 -8 33 40 49 -8 26 -90 22 48 86 95 -10 -84 71 8 85 -66 -99 56 -57 35 -27 -99 -53 84 100 59 -25 -62 23 -14 -19 -19 18 46 87 93 -5 26 -11 -44 45 17 -57 -76 -48 -84 -91 -79 -58 -72 -36 65 -4 -11 30 13 -57 -20 10 85 41 56 -73 47 67 -91 -24 -57 -13 92 -27 -95 -79 -2 -81 -19 86 -11 56 13 82 -14 -23 70 0 -74 71 -28 66 70 -9 -58 -88 30 83 -55 -47 59 -86 87 -4 46 85 -74 32 13 2 -55 -85 22 89 -88 -67 95 75 23 -54 -56 -13 20 -35 7 99 -97 -49 81 33 -100 5 97 51 -31 -63 17 94 37 13 4 56 -6 76 54 41 -38 7 37 -51 -42 -53 5 -30 8 33 -64 -33 29 -93 -14 97 -11 -97 -63 34 -66 -46 -1 -14 -75 -47 -21 -67 -71 50 23 -9 -12 -68 66 -70 -43 0 -50 40 14 -98 96 -56 52 52 -18 86
-12 78 73 61 -67 64 -5 71 -33 -16 -72 -8 -66 -81 66 -52 8 65 83 49 -98 75 -3 36 -48 16 -13 16 -45 -7 19 -97 31 -70 -61 -2 58 -15 9 58 -58 27 67 -79 -45 30 90 -12 28 61 38 -33 -67 -62 81 12 -61 -23 -58 -70 -87 26 89 -2 -89 -4 -26 -98 1 -67 -18 -81 20 71 -46 0 75 29 -53 47 11 6 -100 26 -90 63 58 -11 -30 -31 -45 -15 -86 -91 95 96 59 -12 -22 0 97 -52 -93 71 48 -25 84 99 -79 19 33 -15 27 66 -29 -48 73 75 -28 -30 9 -4 6 -34 9 62 -36 37 -84 -63 -1 -74 95 70 -34 -67 38 -7 -28 -10 93 -67 66 -7 5 -83 57 -50 -35 -90 -60 40 -96 -43 30 -34 49 13 55 -5 -83 -41 -25 0 68 84 17 1 -77 -11 11 -94 -86 10 -33 46 -77 -74 -1 -18 3 68 58 23 79 1 98 55 -80 51 -95 8 43 19 -22 -45 96 -39 -31 -67 -18 -81 4 -86 66 99 -16 25 -39 -46 -24 81 -69 18 -96 -11 90 66 4 61 -53 -70 22 -4 43 -61 50 56 62 25 -86 -87 79 -72 -3 90 -15 -17 -23 79 86 -61 95 18 8 -41 68 6 70 -58 81 92 14 -36 87 -55 9 -39 32 54 75 -6 94 -25 -55 12 22 99 26 46 -61 16 -9 3 75 38 63 45 -51 83 89 -97 -82 -55 -58 -85 69 -22 25 -10 63 42 45 -40 68 87 -87 5 -71 3 -2 1 -79 -71 62 88 -90 -53 -85 73 -95 96 92 -85 95 -47 -31 -93 41 -8 -78 0 -54 26 39 -35 15 -49 -46 0 66 -73 -4 26 -25 43 43 7 -65 -45 96 -43 94 4 -3 35 3 -18 -78 -94 87 -79 -40 24 67 33 94 -39 96 71 80 45 84 -97 -68 -93 17 58 -30 -44 -43 -17 1 79 -58 -5 -7 -31 -36 72 -76 -19 18 -70 44 71 -59 -88 33 -13 11 -84 54 -62 65 97 -81 -40 -98 68 -53 60 -57 -97 34 15 -94 37 22 68 85 -17 -38 -97 -28 44 51 -49 6 -4 -15 -40 -47 -50 -35 32 -29 -13 63 -70 57 41 88 84 -44 38 -42 -51 94 -18 -15 63 -65 -90 -95 -72 13 77 16 91 49 49 -22 -44 -56 84 -99 22 40 4 71 23 -19 18 33 44 26 -64 -98 56 -83 -43 90 41 4 60 -48 78 -66 27 29 -1 -95 -66 52 62 -95 62 91 89 27 52 28 -42 73 -79 9 -60 70 -43
-50 -36 15 71 -51 -86 79 99 -84 -2 70 53 19 -63 -46 62 -32 82 32 -14 -20 -97 -55 95 6 15 -24 31 17 11 -53 -29 -61 -90 58 -86 9 51 -56 33 92 -21 -10 82 9 61 -29 -34 -92 100 -31 91 93 -13 -62 -26 29 85 2 4 55 76 25 23 3 -18 84 -2 74 92 67 -21 26 -55 95 -79 -44 -6 70 80 -60 -22 -83 -52 53 50 -9 -73 -36 70 -19 -12 -10 62 -39 6 -85 14 70 39 58 -97 -96 88 -99 36 -5 11 77 18 -44 43 83 -56 52 -51 -64 14 97 -50 89 14 -98 13 85 63 -8 10 -48 15 83 20 -21 -93 51 -86 66 15 92 34 -40 28 57 -84 50 -79 -39 85 -33 -52 13 -38 40 -39 74 45 44 -20 -92 59 79 -26 9 -55 -12 63 -52 9 26 -10 42 52 40 -85 25 -71 -85 46 16 66 -10 -46 12 74 -37 86 43 -18 -71 -94 -85 -47 5 75 95 89 35 83 49 9 -79 19 -14 39 -26 -13 -71 32 81 -26 -90 -94 -95 -58 51 74 65 16 17 -23 89 92 61 -13 63 -75 -71 -3 -52 -38 -9 -8 -59 69 -12 -39 -21 55 -91 -85 -76 3 19 -58 59 30 34 -36 -28 31 -95 9 70 -1 -52 -94 34 69 -42 -12 93 60 -51 -54 69 74 -14 11 -27 21 23 66 42 72 93 -91 -41 -31 -42 66 -72 -3 55 4 -57 75 49 -77 -25 42 -81 26 95 74 62 39 52 -89 -87 -31 24 -78 96 -15 -33 -88 30 -96 52 -13 -60 33 96 92 -52 -3 -80 49 -26 -71 -77 -72 -64 -58 74 45 29 -28 -87 -87 23 -44 -93 3 44 -5 -91 -12 -63 85 -31 -64 -54 24 -33 -90 81 86 42 85 -20 0 -89 -70 2 30 -21 -92 -95 60 -5 -82 49 -42 -10 57 -71 -55 -96 -99 38 96 -76 -42 -60 -26 -67 -80 57 -84 2 -2 -20 5 -53 52 96 31 -75 -27 -85 43 50 -61 -28 -7 -54 14 50 -75 96 47 70 -17 -10 -16 -3 95 13 -78 74 -15 56 -52 5 72 8 -97 28 98 -46 29 30 -78 -86 -62 81 10 89 -97 -88 3 -50 86 -28 73 -97 -89 -72 63 -4 14 -98 -64 -90 90 -85 91 -23 98 -82 -22 -46 -73 -88 100 -38 17 -65 -43 -59 22 -84 24 -84 86 -5 88 -22 12 -47 25 1 7 2 -18 -20 95 19 59 -86 -98 18 91 81 -32 80 -32 19 -13 4 97 96 94 81 90 -60 -75 -20 -25
-74 -44 -39 -86 95 -6 -78 -18 -94 -68 24 95 97 78 13 -19 97 -56 5 -64 38 67 -38 -3 28 65 -69 43 4 -43 71 90 51 100 44 98 60 -38 58 -51 -90 -4 69 -6 84 -66 -17 43 23 4 78 88 -43 -41 -99 -63 -64 28 51 73 86 -22 29 50 51 -24 7 -43 8 38 61 69 -69 -3 90 48 -70 97 -12 75 75 85 -43 -13 -76 95 56 71 -86 -74 -81 49 97 14 33 -42 37 99 98 -75 -74 3 -60 -33 -36 60 -43 38 37 38 27 17 77 -58 51 47 -85 -64 28 85 35 30 82 -25 29 47 50 37 99 -87 80 -65 -51 100 26 -10 25 39 -36 -45 -97 -17 41 1 -10 -69 -93 -66 -20 -28 -51 -99 90 57 79 26 25 87 83 -3 35 38 66 -14 -87 -41 80 23 1 -88 97 33 20 29 -50 -96 40 -12 -33 -25 -44 29 5 -68 39 62 -2 39 11 80 24 39 -19 24 0 -48 80 -8 74 35 -69 8 -7 53 -68 -87 -39 69 36 -62 -61 -55 90 77 17 83 -41 -20 75 -14 28 -86 -58 -65 -49 -9 84 -89 90 -87 -84 -89 -9 33 17 56 -70 97 95 75 99 -55 -52 -36 -26 -50 19 -31 -72 86 70 -36 59 -16 11 -74 -19 83 49 41 87 39 -79 18 31 89 38 -39 -48 -97 -59 -54 -29 16 -36 -72 8 2 0 -5 -40 68 -43 72 55 91 -55 -33 100 -100 76 32 59 -92 80 -1 18 72 -50 6 58 -84 18 -23 23 34 12 79 98 -4 -44 10 -5 -24 -4 -34 -79 33 -49 81 93 98 11 -10 -57 58 25 -37 17 34 75 -49 12 57 35 73 16 38 -79 -15 58 55 79 -40 13 -17 67 -92 34 44 26 -90 39 75 -17 -84 62 81 -43 77 -17 29 -45 -88 24 -13 56 -94 3 -22 -57 -7 -30 72 -23 -43 -43 -92 -70 -22 17 -3 -56 -5 -33 -29 69 74 14 23 87 -4 86 -47 21 -64 -100 -46 87 -39 -27 -39 -52 -72 2 32 66 43 85 35 76 73 -100 64 -39 -9 -18 66 89 -30 4 -83 -83 -33 -88 68 -85 -100 11 69 8 -72 48 32 45 19 22 -25 -28 -33 23 -38 -36 12 37 -53 52 21 91 -81 -75 79 36 -13 72 -89 -1 -60 -76 2 -52 -22 56 -9 48 5 0 46 10 91 -68 49 16 78 24 -31 -37 54 -21 92 36 -45 -36 -66 88 24 92 50 92 98 -72 -94 -52 -15 11 -87 -12 -97 -95 43
-37 -47 -28 -26 52 -67 53 -91 11 2 -55 -71 53 -89 -76 50 51 -73 -12 -5 99 22 26 -93 -16 -65 71 20 16 10 40 37 -81 -43 74 49 0 57 -62 78 -61 19 42 69 -29 -56 76 -34 -97 90 69 -57 0 -13 83 -52 -69 -14 -89 21 22 -15 -17 70 -10 76 -13 -41 86 -47 77 -31 -81 -30 -42 10 -69 -17 -18 -60 -79 -68 51 -17 55 17 -69 98 28 -75 -45 -90 -54 -75 73 89 96 83 -33 4 -48 14 -49 -12 -65 29 -92 52 -49 51 47 70 21 -50 4 -80 -43 51 -86 -25 -12 79 -52 -87 -22 3 65 38 -81 0 -19 12 -3 -23 4 -20 66 77 -75 -22 -37 -50 1 -34 -1 -99 32 41 -96 -53 -92 46 91 73 -23 -96 25 -8 -100 82 49 6 -57 82 28 -84 -84 56 -57 -7 -62 -2 -51 -14 -76 23 -11 68 98 56 -64 8 81 4 73 97 50 23 -40 28 -15 63 -69 84 66 -69 2 93 -67 7 -31 -19 -58 -70 9 51 -93 -80 -24 13 37 -84 -72 31 -90 71 48 -19 64 -57 -97 78 50 -51 -34 -66 17 -67 0 -92 72 99 25 64 31 -64 -74 6 -21 -21 -26 56 -22 -20 25 -50 -43 65 -80 38 -24 35 -71 100 -45 -26 -1 74 51 18 -26 -71 76 82 -26 22 -18 -64 -48 43 19 71 14 40 64 59 95 78 31 44 8 10 -89 -57 -7 -77 -72 -17 -16 -60 18 -47 88 -87 -38 -85 76 -40 -91 98 -2 13 83 48 64 60 -84 81 30 -60 -23 -59 45 29 98 41 -18 -34 -17 10 -70 -32 9 -58 23 -58 -45 96 -95 0 -56 99 33 -65 43 -6 99 62 -48 -2 -63 80 -99 -69 -44 83 -98 -56 96 94 -19 82 18 31 -92 79 62 56 -72 -53 71 -36 -83 63 -97 95 -41 87 11 46 87 54 35 -65 63 89 -22 56 -100 88 -41 -38 -9 -71 -97 63 72 -53 -92 77 -29 -76 19 -6 69 -86 -38 -90 -86 55 -23 23 18 -4 -89 -63 65 -56 -61 -57 26 70 -47 -12 -11 7 -65 3 -16 31 -59 -7 29 -78 84 74 -53 -78 -2 -96 -37 93 40 -68 -98 29 68 -50 -43 57 25 17 18 -72 48 95 67 -2 -19 -99 22 -36 31 -6 38 61 -24 48 79 -94 -6 -48 53 -36 -42 10 63 38 100 44 -18 70 -70 -54 2 89 32 97 -40 53 -17 -56 -8 -25 -21 8 61 10 42 89 59 -2 39 -37 -4 -72 -80 28 -62 -7
42 97 93 82 -84 65 -54 -93 1 27 -88 -45 -72 26 47 26 -88 -1 74 79 57 -20 85 -37 -3 -21 28 -1 34 28 6 -91 -99 99 -52 19 82 82 -15 -70 28 54 -36 -87 -62 -27 -6 -63 -1 -79 -86 97 -73 -21 -31 2 -97 -2 -44 21 78 -19 -12 52 -27 -31 73 -76 -34 -12 -48 22 18 15 98 48 90 -3 76 43 -96 72 94 46 -5 23 -37 -3 -16 41 28 46 -17 5 62 -77 53 27 100 -57 86 -3 -80 -56 -43 -38 -55 -60 57 -84 -95 -48 11 96 -100 26 22 85 -65 93 73 37 -79 97 55 12 0 -45 -32 52 85 -12 91 8 96 37 -65 -80 4 -55 -70 -27 2 45 -16 -38 -80 0 -71 -74 -24 91 -45 13 -64 -11 94 44 -29 84 38 16 21 83 -86 -40 19 -75 3 -47 62 68 44 -66 59 26 -2 65 -65 -23 -16 66 -64 -35 -57 -83 20 -99 -31 91 9 48 16 95 7 5 -85 91 53 81 95 14 -75 -98 76 -54 45 62 32 15 58 35 -64 -45 -100 59 -99 -45 -86 -77 5 -86 -12 -58 -90 4 -97 -2 54 6 13 63 30 92 -58 -7 -97 -83 -63 46 56 78 -71 -8 95 98 43 -81 -71 17 87 -89 66 -35 -48 72 78 -9 -58 32 -16 -89 -63 -88 88 8 -72 30 -2 -54 25 -52 45 94 21 22 -100 91 -21 -44 -15 -99 24 -11 24 96 24 -61 -45 -50 -100 42 -90 50 -36 -51 3 18 13 -84 -36 -22 -86 45 10 -55 -93 94 100 20 30 -13 17 45 -32 -65 -88 50 29 -99 9 -73 95 -58 86 57 90 3 -80 77 -50 77 -17 85 33 -19 55 -60 97 48 56 -96 46 85 56 -85 -49 -51 -89 -57 61 5 5 66 94 -90 87 5 26 -60 92 -70 15 82 73 -39 63 -24 9 -38 -11 -12 59 98 -65 -4 77 -72 -77 -45 -30 -67 49 -28 32 17 -25 -44 -7 75 2 58 99 -31 -50 -51 -98 55 -79 19 3 -28 -82 80 -80 19 -70 92 65 -30 59 69 10 -14 -15 55 57 -30 100 -30 47 -41 71 -96 68 75 60 -61 -56 -64 -21 -61 82 -6 -30 48 -37 -42 53 89 56 7 -96 -56 11 40 -77 -35 68 -74 -87 -97 -55 81 -42 -48 -98 3 1 -11 75 -62 82 -93 -19 -36 22 52 -20 -38 -20 65 65 -66 51 52 -42 -23 -4 -90 72 46 -85 -62 -61 -39 28 -63 -33 -20 34 -34 -61 -10 12 -52 41 68 43 -11
6 -77 64 58 7 -85 -27 26 -24 -93 -26 -35 -1 31 72 -55 -63 -73 57 0 -46 -84 -21 58 -83 -54 8 33 81 -52 -95 22 29 83 71 4 -42 48 89 88 82 -99 40 62 -31 47 64 68 83 -56 32 24 -39 -43 -80 -1 -9 40 -82 78 -42 -20 46 31 -53 93 -48 -54 4 -95 0 98 -47 89 74 -68 -75 5 -95 63 27 -74 -1 -87 -47 73 -88 34 68 -98 80 42 -61 70 -47 -81 19 37 -94 -60 -26 -10 35 9 52 41 11 -79 97 -49 -44 25 70 73 5 -48 63 -61 -45 -56 66 49 73 -36 -42 72 77 62 -38 19 -63 -70 35 56 31 -20 -33 -85 -13 31 -54 12 -50 86 58 -60 15 17 -49 51 62 -12 44 83 89 -53 -30 74 -1 43 -85 -4 -37 -82 9 -26 59 -44 97 -14 -86 -58 -83 -84 6 70 -43 55 99 -74 -74 24 37 -47 34 75 -42 -57 -46 -53 60 -45 37 46 88 8 -61 -64 86 -96 -75 -90 49 -65 -73 13 97 -18 -63 -64 7 -88 -65 -86 61 11 -62 61 0 -24 -32 65 -67 26 -70 -90 -35 -74 83 -36 77 29 -59 51 -35 -28 -51 -58 -56 -21 -15 11 -94 36 -76 -53 58 97 99 -42 65 -75 -10 -23 27 66 -39 40 -85 38 72 41 77 -24 70 39 67 12 38 22 -17 4 94 25 -31 -57 56 -81 33 42 64 -73 80 93 -37 -70 13 -95 -48 97 -71 -76 50 49 33 14 -37 -4 -21 -30 -40 4 52 100 -27 -13 81 -65 32 97 33 -6 87 92 13 -55 -82 19 -38 28 48 -53 -8 -63 -34 3 19 28 -39 -48 -72 -47 -81 72 -99 1 -3 -57 20 11 -71 97 4 -2 14 40 -72 -87 -69 -55 -69 13 -68 -27 10 -45 89 62 58 55 -14 -89 -29 -75 -98 26 57 -11 -90 -76 69 6 -93 7 41 27 91 76 -99 -79 21 43 -98 -9 -5 -66 81 4 -92 -82 17 -5 67 -46 20 98 42 -95 24 27 1 47 62 -81 12 61 69 94 -24 -24 -3 -84 54 -92 6 -70 94 16 98 11 -84 50 -53 38 49 -23 -91 -17 42 29 -69 -33 84 69 81 4 -27 -80 -43 64 26 16 -92 95 63 32 -99 94 36 31 -21 10 -6 73 -54 -18 -93 1 -82 -96 -70 -57 -34 -61 80 16 52 -97 93 16 -35 55 -95 -35 82 -30 -45 -15 9 64 87 -90 -29 -63 74 76 -73 66 -14 21 100 23 -73 64 29 34 -38 73 -26 30
93 81 34 -68 -6 -70 -31 56 70 15 -41 -16 -38 83 34 43 -75 65 55 -44 97 -94 -9 -36 85 61 46 -20 86 21 -31 -60 49 82 71 76 38 27 28 55 44 88 -1 1 95 -5 0 37 -60 -57 40 63 -27 -17 30 -95 -70 -31 -77 78 -59 -9 56 53 83 -23 69 77 86 -3 -66 -42 80 65 73 77 20 31 -25 74 79 20 -31 59 66 37 5 98 55 75 -85 -84 -10 14 -18 36 81 69 -82 11 -78 17 81 4 43 6 38 -24 -17 -42 -74 -69 -43 51 -68 -19 97 81 -34 97 12 63 90 -11 77 64 -52 -84 70 33 -3 41 -18 22 -56 -24 -63 3 33 -4 -44 -26 76 -58 8 -80 40 34 -15 89 -43 -90 82 -5 69 0 63 -84 -50 57 -61 82 53 75 57 -13 86 -4 7 -87 -74 92 53 38 -91 -69 97 -89 25 -67 37 -5 -6 33 26 12 82 -72 -31 90 -46 8 2 -95 -68 71 72 5 -58 14 -29 -94 42 -39 -93 -14 -23 -20 -41 75 -51 59 75 -49 -77 65 40 3 57 -32 36 -64 -6 -19 57 -67 73 -43 -95 42 -26 -52 -44 -39 -85 -33 100 -74 -13 -53 80 33 -99 -1 -20 -57 24 -55 44 -19 42 -30 36 -90 33 -24 -27 9 47 -69 79 -43 37 48 -99 72 68 63 -1 14 -25 19 8 -54 -42 -96 67 57 17 9 3 -100 -43 -90 85 32 69 87 47 70 -44 -62 -83 -14 -14 51 73 -59 32 61 -62 -19 -72 63 28 25 3 -41 -53 62 66 -31 -26 43 21 31 58 -69 64 49 -12 -30 -94 19 100 -12 25 -54 -47 -17 -40 43 88 -59 88 -34 -87 -6 16 -1 -38 16 -73 46 -43 54 -51 -3 -89 6 -79 57 88 75 -69 -44 -68 3 -40 74 -56 82 -32 63 4 -83 73 58 -73 -34 -28 -1 -34 -84 71 95 -52 -31 -81 17 -65 -70 -86 58 -13 9 80 -30 81 -68 9 -58 43 -18 17 20 1 -67 -43 5 -28 44 45 -68 76 58 61 -71 4 15 72 3 -41 49 -87 -73 8 -7 -65 -45 19 6 -12 -95 6 -41 -45 80 4 -88 -47 -38 -90 -73 91 83 59 -47 -89 -8 26 88 -68 90 -55 -67 89 -53 -85 -42 100 2 38 80 -75 35 38 -34 32 54 23 79 41 99 -64 -28 7 26 -30 -18 46 -100 40 52 83 -15 79 -11 68 79 54 24 96 80 -37 87 48 -85 19 83 -2 -100 20 55 -64 84 -6 64 49 -83
36 -97 -33 39 -5 16 -97 61 13 92 85 -69 92 18 -13 -65 50 -37 53 67 18 10 34 -16 -46 -8 -69 -27 -2 -72 -46 35 -69 -28 -16 -29 -81 31 84 -100 -24 40 78 -92 -21 -43 -50 -29 -25 4 -63 27 -69 -32 -43 -36 -82 13 46 -89 86 -42 -59 100 -25 -51 -100 37 29 -56 97 67 63 13 81 -50 52 -9 -68 -51 65 10 93 -21 43 -9 -75 93 -35 -17 -25 89 -60 74 -72 58 -8 -69 49 47 -68 -64 -72 66 13 75 -43 94 -41 -64 -19 56 44 60 57 87 79 -23 75 12 62 41 73 57 75 52 -98 -50 -87 81 90 73 71 -30 52 87 -5 -48 -27 91 66 -13 -5 31 -78 83 51 21 81 36 -80 71 -3 -18 -46 -11 -9 -94 -61 -43 79 -58 79 4 70 83 -43 73 -90 30 -90 -94 46 -59 25 27 -27 -28 96 -43 42 49 57 -14 -48 33 -14 65 -41 -3 -18 -52 -38 99 59 -36 -59 11 -65 -69 11 -53 14 5 -100 -75 -41 16 -5 -83 87 37 41 27 -71 -87 28 -67 93 -70 5 38 46 9 -94 23 -75 45 -76 -69 80 9 -42 12 34 78 -5 56 -39 -1 -38 -88 -50 93 -51 -9 97 -36 16 20 -6 -6 28 18 -54 -39 -28 -98 -14 6 -65 68 86 34 -16 -55 69 69 43 81 -53 -98 77 -71 -64 -98 -84 25 52 -45 -8 34 30 -62 2 29 -1 -24 -38 -64 -47 -66 -82 -3 -31 39 -66 -40 -74 60 76 -69 -10 -46 -78 -84 91 -83 -44 -33 28 35 26 -45 64 -17 -38 -12 -28 -47 41 80 69 31 -66 6 -40 -61 -58 -20 -96 62 -4 -46 96 45 68 54 88 -24 -43 -46 29 73 47 -22 -83 -69 6 -60 -25 -20 25 83 99 84 46 -93 29 36 -16 -60 29 -91 77 -82 4 23 -75 -18 73 -41 -86 58 2 9 -42 -66 -31 71 36 18 78 -61 46 -25 36 -81 -42 67 -96 -36 80 -38 97 -8 44 -46 -33 -41 45 15 60 -74 -17 -52 81 29 45 57 90 37 23 -91 59 -63 -84 50 -75 -3 11 -22 -31 -100 27 -100 99 90 35 99 94 -99 8 83 -3 88 25 51 -56 21 45 68 -34 85 -92 66 -27 40 -79 84 -56 -72 61 -56 55 -81 -29 75 66 83 -82 31 35 42 10 -55 -64 -46 -51 -47 -13 48 -70 37 -65 78 87 -76 -4 65 73 -100 79 -51 -68 41 -78 -96 74 -92 -43 56 -99 12 -64 -36 -81 -46 61 6
-65 -1 -40 14 -68 26 87 -32 -77 73 -79 44 27 56 -14 -42 -82 -63 89 -70 65 -96 61 -97 32 43 31 6 75 -6 -91 -36 -8 -3 87 -99 -58 -5 -49 -33 -48 50 32 9 98 21 3 -90 -12 0 -49 -83 80 -51 91 -67 58 60 -46 88 7 50 -26 -21 21 0 -6 -10 -37 -27 75 -70 -37 -20 -74 3 -88 41 -15 7 60 -67 -94 84 7 47 69 78 -71 72 63 -35 -39 -21 -45 -31 87 14 64 -13 61 10 -98 68 8 63 -97 -48 -93 26 3 72 -24 60 -74 96 65 18 62 93 57 12 -21 -51 -61 22 -14 3 -79 -21 76 99 -10 14 74 -88 -70 87 66 -32 21 96 -1 32 -96 -6 64 -91 34 -90 -28 -65 -94 -42 2 95 75 68 94 -82 -36 -34 -81 45 66 18 80 -59 89 52 -37 53 -75 4 -30 71 37 85 -78 -20 -69 -80 62 61 72 9 26 27 -39 44 96 -49 -83 74 -33 12 11 -43 50 -93 47 9 95 -100 -94 87 -26 6 -49 77 -92 28 69 -36 -29 94 -85 -23 2 80 33 92 0 30 64 68 -17 -30 -62 -13 80 75 -85 -83 -7 62 -95 7 64 42 49 -99 -63 -84 85 48 -36 -33 17 38 -51 -77 -2 44 43 -39 -50 -22 -100 51 -4 72 13 37 63 -49 34 73 -76 22 -81 -16 -80 80 -75 96 -24 46 52 -64 -99 32 73 75 29 -23 -28 -26 48 -96 100 41 -94 -60 54 -89 -7 28 -51 -87 -50 -82 -71 -10 19 -13 -78 -95 -42 -93 -39 52 65 -17 -82 53 86 -5 39 -90 -100 97 -66 44 55 -35 14 78 -49 11 -93 -82 -97 -84 75 -85 63 -24 -97 76 -63 -22 -22 15 -89 -18 -59 -8 -38 12 4 -80 -10 -57 -34 28 37 74 44 4 -99 22 82 -6 16 36 1 -39 70 -19 100 84 8 -21 56 -13 -9 23 78 -89 22 -39 10 75 81 -67 67 -71 0 -47 3 47 -53 -17 -17 45 -17 -19 51 -95 -79 80 -77 22 26 33 -28 91 0 68 -25 -36 -9 40 14 -96 -38 -21 0 65 -11 97 82 24 -7 35 -97 79 53 20 -39 75 -100 -11 82 -27 11 47 94 58 51 -42 -48 28 0 -29 91 18 26 -87 -43 -97 -33 84 -60 15 -29 -4 64 71 79 -38 -2 -4 -2 -50 54 56 91 51 -54 -18 -76 74 88 -82 -83 -30 49 -61 -68 74 -72 84 -9 -32 -16 -58 -98 63 75 -16 -98 -97 15 -24 -24 -19 18 -13
-73 -7 -70 -69 61 44 74 10 45 -53 42 -26 -66 -10 16 -83 15 8 1 -24 37 4 75 -66 -74 -72 -63 6 -50 49 -82 61 -100 27 12 -48 -46 27 42 -82 50 -36 77 -3 96 -75 66 -96 -33 -78 -56 94 -10 97 -32 14 -11 -52 53 10 78 -100 -95 -74 55 -24 44 40 -53 -10 -30 39 -2 54 38 71 51 96 -16 -52 -39 -20 -7 -74 -26 -17 45 -67 29 -99 95 47 -26 7 -72 -45 -13 100 -52 36 -43 24 -40 80 -31 -90 -25 -45 -17 -72 -3 78 97 -16 3 -75 70 -27 -29 16 -100 55 -43 29 -96 0 11 -6 14 -33 -76 24 70 -8 -87 47 -2 -34 35 32 -38 46 -33 -13 89 5 98 -31 -36 -86 -11 -96 67 39 65 44 42 -95 -84 -43 -77 51 87 -6 -50 43 -7 5 22 66 56 -80 51 81 -29 90 -18 -100 1 69 18 -77 -13 -23 -26 -28 -99 26 -51 32 -15 48 -34 0 25 -14 24 -56 -7 -12 -78 77 85 74 -33 -29 -11 99 -4 30 -66 49 -97 41 -89 41 20 -50 -11 100 -53 -68 20 -68 4 -24 -76 58 90 29 10 67 53 -60 -54 -35 91 -32 -98 -8 4 65 -95 -81 -44 5 4 5 -76 -31 -33 -64 -36 -11 -81 97 96 30 83 -68 5 -62 -74 76 -18 55 -82 -37 -43 35 -9 -11 -27 88 28 12 -42 -42 94 17 78 -27 12 34 -24 49 -77 -36 -78 81 -29 20 71 4 -5 94 -32 16 50 35 99 65 -45 -63 -54 30 -37 55 36 -93 -39 -44 -82 -20 -6 98 80 -23 -10 38 -23 -87 -32 32 -8 28 71 -62 87 78 -27 90 50 2 -65 10 -42 7 42 28 6 -1 8 48 -29 18 -5 77 -44 -56 11 -62 -4 -98 78 -89 -39 6 -81 -92 99 43 38 -55 -85 59 -99 83 -82 23 44 68 -20 -8 -56 93 -99 100 -62 59 -32 -3 81 -6 -11 39 -6 -21 65 76 72 42 45 11 -92 -81 17 -37 79 -41 -42 59 -57 28 -48 46 -42 23 45 -96 29 -45 63 -36 -21 4 -41 -73 -38 -27 11 -66 -86 45 -96 -8 58 2 -26 -3 86 24 39 2 -5 95 -80 -79 69 -21 -69 81 -39 -6 65 92 -75 96 -5 -5 -24 -92 19 -20 -49 -22 3 3 -37 36 39 -52 34 -31 8 -56 -95 -5 91 -32 39 -98 -7 53 -13 -14 63 -10 -59 69 23 -96 14 -84 5 62 66 -76 -51 70 2 54 -33 -83 2 -74 -84 -33 60 -47
85 -81 -64 50 -6 -19 -93 -52 82 -77 -37 52 -5 -23 34 -88 16 29 78 43 60 -72 36 93 -60 -57 -77 -63 -31 23 23 -67 56 87 83 -37 -51 46 74 16 -17 -88 -86 58 -87 -46 -22 -59 -56 95 35 55 -41 -8 93 29 6 -74 98 -49 30 -58 -35 55 55 -62 -45 -78 -13 26 88 -66 -65 -47 59 -72 -44 -11 -21 13 -92 -89 -89 92 -23 -63 22 32 36 -26 -87 96 -36 13 60 47 -81 16 13 -3 -18 0 84 45 48 44 -8 13 55 -45 -53 -16 -65 9 52 30 8 -97 -37 98 88 61 50 -46 -59 -4 -98 -6 79 72 23 -4 -31 -45 85 48 -34 78 93 51 76 75 19 -7 -18 -96 52 42 -42 59 9 49 55 34 48 -8 -84 23 -59 -24 -93 86 55 -34 -72 -3 -33 -39 4 49 63 -14 -99 84 98 63 -4 -5 29 33 51 -19 -33 -92 -59 -36 63 -47 96 -9 45 -7 64 96 65 -23 41 59 -31 16 40 -15 -73 -43 35 -23 14 -16 92 2 -75 65 3 4 64 -10 -53 17 5 72 41 26 52 40 56 38 -98 -9 36 51 -62 -90 -78 36 39 55 33 -45 -81 49 5 39 -96 1 33 69 38 -49 54 10 49 -87 -97 -6 -56 100 99 -37 -87 -68 83 87 72 50 57 21 85 74 90 -78 -94 -6 -8 49 77 57 66 -57 1 38 68 -19 -63 -100 3 90 -16 26 66 74 36 5 0 48 28 43 -81 55 -4 -40 -72 -2 -24 11 54 34 -74 -52 69 49 -58 -20 -79 -39 71 -72 -89 38 -57 -11 77 -54 52 -43 -12 92 80 -76 -18 28 7 42 -8 -93 63 -86 43 -20 -41 -73 61 -27 30 32 -50 -61 40 21 -73 -6 17 -49 -64 4 19 25 -53 -1 18 -85 87 -97 -27 53 -79 43 -16 18 39 22 16 36 -96 71 -16 49 61 -78 -2 36 -5 74 -18 -21 60 -76 29 95 8 -46 -57 84 -36 50 16 -88 -7 91 -46 99 -94 88 -4 -20 -37 -98 -90 -39 100 -74 -31 95 61 100 83 -100 -12 -92 -69 66 91 82 -79 76 -48 -31 33 23 -16 56 49 90 12 6 -32 76 -70 90 -34 38 -5 -57 -45 29 50 6 -8 -29 40 -4 79 -48 -77 19 -40 -61 86 -72 54 17 35 97 -10 -93 50 -83 -92 -12 64 -65 50 74 96 -16 5 28 -83 30 86 -9 -97 -34 -73 -6 -15 78 31 25 35 -4 -31 66 -68 -33 12 -2 97 45 49 -77
58 25 -79 -44 -45 17 -1 62 91 -75 -90 96 74 31 36 -21 53 -17 39 38 75 74 100 -77 90 -100 -16 74 -78 58 74 78 58 9 79 -7 59 -26 66 -77 -52 -73 3 28 -89 63 -82 24 -7 -35 93 10 73 -48 85 -50 -94 23 4 -10 85 -54 8 -85 95 -30 -86 21 -96 -41 47 23 73 5 89 -13 21 92 53 36 -7 -3 85 -27 55 -83 -38 -69 58 48 64 -88 -16 67 87 -62 23 59 95 -84 -60 -19 -95 95 42 49 -95 51 -28 -20 6 86 91 -34 6 91 -86 74 -28 95 -24 95 -76 -2 -60 18 80 43 7 -98 91 -79 -81 46 -64 74 -13 -72 -44 91 -23 29 -43 -33 -87 -58 -23 -7 -62 85 -16 65 -29 -53 84 -45 75 -38 -67 47 -13 51 84 86 -17 12 -63 49 -49 66 76 -7 21 73 -17 86 47 -53 91 9 -58 74 55 -43 -52 -48 89 -62 63 -54 96 -28 41 -87 -91 77 -54 -32 70 -31 29 -20 93 -94 57 73 55 -72 25 66 12 94 10 -64 100 -42 -33 -15 72 -89 98 6 -57 32 87 65 29 -65 66 -40 12 19 -45 100 -37 -65 49 85 -47 -74 17 -39 -13 -72 -10 47 75 -89 85 -84 33 -83 99 -4 74 -13 -45 -59 8 -56 5 -37 -51 -67 -98 94 84 -44 14 -88 58 13 -31 -71 -66 75 -96 -44 -88 11 38 34 -50 5 56 72 45 85 -86 -25 87 39 -73 -49 57 81 -44 -59 21 95 57 -90 -63 -11 38 -80 52 -89 -81 69 85 -19 -76 60 22 -96 76 -97 -94 49 -59 95 -4 31 21 -91 94 96 -31 11 -52 -94 -2 3 -66 -24 89 -5 -73 -32 -40 7 98 91 -78 -58 -84 51 -54 40 -45 10 -18 36 96 -76 -49 24 -81 47 17 -46 -14 95 -23 -51 99 26 5 33 -42 -51 44 82 -83 35 -82 93 -23 -65 -46 35 -52 20 45 -19 71 -26 -36 42 -20 16 -47 56 75 52 -7 86 76 -54 -68 81 100 20 97 -89 49 -87 -80 -67 -4 81 -12 42 -38 4 43 -87 16 -88 34 59 50 -97 18 -95 -43 74 -80 90 25 -50 59 8 85 38 99 -90 54 59 -28 -34 -19 -97 -91 28 70 0 2 -7 81 11 -39 20 -99 -95 11 89 -20 -19 -81 8 -26 27 -72 67 -76 -27 9 60 19 -88 0 47 -52 70 -2 -29 -48 -48 38 -6 96 -58 -28 20 12 -73 70 39 46 -32 -43 -64 -96 -96 66 82 -9 5
33 54 -11 52 -57 37 13 -37 55 39 -70 9 -66 26 -39 81 62 55 76 76 35 44 67 -89 23 -25 -51 48 2 -53 -89 -60 99 48 -41 54 -35 -55 40 41 74 0 83 -14 25 17 60 -19 91 -90 -11 -95 -50 -88 0 -23 26 -39 27 42 80 -97 -19 25 -9 61 10 -58 42 19 56 90 19 79 80 28 11 94 -97 -84 71 95 -10 -92 -68 -81 -95 4 -65 -47 56 20 -58 83 72 62 59 15 -83 2 -34 -32 31 11 -83 45 -70 46 -6 -40 -81 0 -91 40 -31 27 6 75 15 -53 -97 40 11 -18 -24 -63 -61 93 93 -47 -90 -39 -81 73 -13 -69 86 -49 10 -30 24 -5 64 23 52 66 -21 -71 35 -61 -5 30 97 83 28 -10 93 23 35 66 34 -6 -84 -59 -55 -47 -6 45 8 41 -47 -23 -44 -17 -7 25 32 -62 84 -21 31 37 41 -15 -96 64 -10 14 -60 -92 63 65 8 -3 28 -82 58 78 -24 98 89 -97 -39 50 62 -9 52 -52 -14 -46 -18 78 -32 30 63 -10 86 -7 -100 59 75 59 1 -33 -71 56 91 -16 -25 52 -67 4 20 56 54 -1 98 -96 -53 -77 -79 16 53 -3 -5 37 44 94 5 -47 -82 -94 -16 -20 -21 -64 0 54 -20 -60 29 65 50 -21 -82 -99 31 27 -57 -68 -91 44 -84 12 56 -36 9 61 21 -51 72 8 63 84 -88 -32 83 -94 89 28 74 -53 33 44 -2 40 -13 -66 -78 64 -90 -48 -22 -28 -62 -53 58 -34 -12 -88 -79 2 71 76 63 -90 -79 13 -5 100 -97 -100 12 -14 90 -78 -87 -66 -68 25 65 -39 -81 -13 -19 24 -13 -46 -48 5 -61 5 62 87 51 -93 49 24 -42 -53 -86 6 17 -54 84 -37 -59 74 78 -2 20 -68 -41 -56 6 81 -17 -8 -66 -76 -74 -54 15 75 -66 -40 -46 52 -17 90 7 2 29 -3 -70 5 46 -9 67 31 -23 -30 -83 -38 -98 -51 95 -33 -79 -31 48 -27 11 62 -14 -83 83 -89 -35 -51 73 12 -4 41 -89 54 68 96 80 76 1 -27 -22 93 -54 -98 0 -93 95 -82 -54 10 -5 18 -60 -23 -32 -14 -40 -25 -72 35 -12 76 80 -45 -44 -48 -49 27 32 -68 32 -29 54 79 23 17 -49 73 87 -52 100 -32 48 -73 50 -53 19 -39 86 -57 -86 99 87 -48 23 90 -82 -47 -94 -13 -87 -81 34 -33 -92 -83 47 -60 -1 66 -28 85 -65 -69 24 -30 -100 -58
18 -44 -92 -47 -89 72 34 -60 -90 -37 -70 -48 76 67 9 -33 70 11 26 28 -34 -16 16 -88 15 -8 -62 -81 -42 -81 88 -16 77 89 -97 29 84 -45 71 57 -15 -19 -25 -33 61 -27 92 7 -28 81 67 10 84 70 -7 -31 64 -46 14 62 70 -39 14 -38 -13 -99 -37 -22 31 42 63 -91 91 -43 -100 -16 35 13 51 -5 -21 96 47 -20 -46 22 -57 14 70 80 23 19 65 -15 42 -79 -51 64 31 -59 79 64 -16 62 64 3 88 11 -11 29 6 54 1 -78 100 -91 -99 -92 97 52 26 -35 -5 99 -59 32 -70 -41 18 -95 -25 -56 50 35 -63 -46 38 16 92 8 -11 15 60 56 31 14 31 5 -45 -15 80 68 -79 -50 14 47 -77 36 9 -27 -37 -27 -87 83 24 -52 -76 75 -97 -47 36 -27 44 -10 -81 96 33 -8 -28 -65 81 -3 83 -39 61 -40 88 -14 -75 25 74 51 16 -92 -81 -15 30 -56 -95 92 -15 95 -54 -6 24 -55 -62 -33 -55 97 -57 53 4 -50 90 -86 97 -39 79 -83 -28 99 -95 17 36 -66 -56 -86 62 -80 81 -63 -27 67 -2 -93 82 7 45 -63 -11 -30 52 -25 25 -34 -100 -63 -8 84 51 2 60 -47 16 -29 -62 -94 34 -18 -5 31 76 84 -4 -86 61 17 26 29 51 -41 10 43 73 -65 -27 36 69 -92 61 -1 -41 -37 -3 -69 -20 -9 7 -4 -23 75 -1 -23 -21 -30 37 26 41 -100 -99 44 -91 12 -20 -4 -12 27 -69 -79 -91 -32 85 75 12 2 34 6 55 1 55 19 37 -47 9 -79 -14 -83 36 28 1 -16 89 -84 -50 -87 21 30 -3 58 -47 -94 -5 -77 79 34 -65 -76 14 87 14 19 -55 95 -30 74 -3 11 -29 10 61 60 25 41 69 19 -23 -6 40 4 36 -94 -42 -2 58 12 -96 77 -43 72 92 -79 -9 -78 89 85 -70 82 -21 -23 -97 -57 -10 -25 95 -59 -90 87 33 24 23 83 59 10 92 -90 -43 -94 -9 -37 47 -28 -21 40 82 -18 49 -18 57 -88 61 -27 87 -32 21 71 -56 96 -85 -50 28 82 93 -30 -36 43 -10 -96 45 63 1 -33 86 47 7 19 -96 -68 1 11 63 44 49 85 87 -74 -39 74 -80 -38 -64 95 29 6 49 55 -55 -68 -50 72 -58 95 63 -39 -39 -56 -67 -51 -14 -27 78 64 -88 42 -70 77 -62 -96 7 84 35 -95 68 62 64 11 -57 64 -41 -22
-48 -64 22 -53 45 -72 -42 -65 25 -93 26 -19 -39 88 -69 95 73 61 39 28 3 89 -11 5 -47 -95 -69 -83 76 21 20 -60 -49 -44 59 43 52 -88 11 77 71 -85 64 72 95 -64 17 21 42 61 -77 93 79 -80 -48 -82 -98 54 -43 10 76 -6 -23 10 -8 -88 74 -58 -19 1 94 -22 59 -76 -32 -10 30 10 28 46 2 66 10 -73 -25 -40 27 -72 71 64 -87 -60 77 18 -95 -31 -27 -32 -10 69 -44 -31 -84 5 -68 61 -1 -41 -36 44 -100 100 -50 -66 -89 -71 -82 -45 25 -92 88 27 -26 -83 -1 82 89 -48 -99 -91 68 0 60 -91 3 -45 -37 5 36 -11 -1 -50 29 -68 -67 -59 50 -36 15 86 4 -66 99 48 -81 -25 -88 -42 -9 -9 37 -22 -57 13 -82 -43 42 20 -47 -31 -48 -52 39 45 88 -49 -62 6 -22 100 -78 55 -13 -82 -59 61 -10 -78 -66 -75 -52 -50 -71 -100 -44 -23 -82 -57 -57 70 -16 84 -96 -56 17 -89 25 -44 -56 87 59 -32 36 2 0 -43 -87 -26 56 -61 21 -96 -67 77 -26 -49 45 -20 -85 -26 -96 -72 33 52 -92 -85 -78 -18 84 65 -57 77 61 -1 -28 -6 -66 -27 30 -11 -77 -31 -71 77 1 28 58 73 80 12 88 -68 18 -23 62 -49 -55 50 -48 -50 -37 -5 31 38 -4 30 -86 -29 0 4 -53 -46 96 -33 39 -18 67 -46 82 -95 -33 93 44 20 -85 -88 -72 -71 73 -62 -16 -55 -15 7 73 -94 -5 -71 41 37 86 50 -96 -90 -14 -61 0 -57 -43 -10 79 59 -16 88 44 68 88 -86 -83 -55 44 -24 -36 95 15 67 -41 -98 -61 -97 -11 64 51 14 25 22 -95 28 -33 57 -69 -88 -64 80 0 81 -3 -27 -83 -83 35 -72 -36 36 40 0 49 -29 -63 -50 94 -13 71 -99 -67 -85 0 -55 -63 13 28 -24 31 -35 -50 -22 31 -96 21 71 -50 62 -94 -89 -7 77 -54 96 81 -61 -8 15 56 90 62 -67 38 12 72 16 -62 70 45 28 24 -30 -63 -24 84 -56 -79 -64 -82 -50 -76 -89 -12 68 98 0 -9 46 -47 -21 52 81 -31 85 78 27 -78 68 58 -45 62 -90 86 95 7 -73 -60 95 96 -1 -20 -27 -4 72 -76 62 3 -70 57 3 -81 -35 -92 -36 75 68 32 87 60 -38 33 -93 26 41 97 -65 -55 14 -22 -58 -27 -49 -98 2 29 89 65 25 -25 -60 -50 -4 -76 -89 63 20
73 -21 65 100 44 -40 89 -66 -97 86 -70 -33 42 -18 -89 63 -17 40 -10 -81 57 84 56 23 68 67 -26 -31 -39 21 -42 34 37 -69 0 89 -41 17 -22 -64 99 -73 37 85 -75 -24 -99 52 35 -85 73 -44 -59 66 -40 -50 1 -38 52 -88 7 53 16 -20 -60 -94 79 95 -24 2 -61 52 96 -67 -50 78 9 -90 39 69 92 60 36 58 15 -99 70 55 -91 -49 -82 -58 70 79 -5 9 81 -93 80 80 97 61 -37 -58 -14 39 27 -51 32 71 -70 -56 31 74 -51 -48 95 -56 -31 -97 32 37 -34 -65 14 23 59 -66 -80 -47 10 -80 98 79 -9 18 -93 -44 17 85 -99 -80 -2 56 96 -94 9 -30 9 -67 -85 93 -98 8 98 -19 69 24 -75 -56 18 35 94 -40 27 83 -70 -64 -93 90 -12 62 -46 -89 -84 -48 -16 -28 69 -65 -28 -39 -15 55 38 40 -66 50 20 78 -90 -90 11 4 15 -27 -74 100 -98 -10 33 -99 64 -100 71 -92 -56 -93 84 -91 73 1 -23 35 -97 55 74 -8 -72 37 88 -90 71 -76 36 -29 96 93 -84 29 -36 -18 65 -26 -41 -35 92 17 39 49 15 45 -2 44 -34 -37 89 -90 85 -88 18 -49 -61 51 34 -22 86 -78 -60 -56 -41 26 37 -81 87 -22 11 9 -27 68 -50 9 89 35 85 75 82 61 69 -33 -89 -64 -45 85 -32 80 17 -71 84 -29 18 -87 24 9 38 34 -53 -98 77 -2 -34 -37 76 -81 -28 45 0 -30 -15 19 -78 39 78 -61 72 -57 -97 67 85 -93 80 -56 -36 54 29 -100 -73 0 -62 78 -48 23 92 -98 74 42 -29 89 -51 -58 76 56 99 -83 -84 -48 81 9 43 76 63 -35 19 -35 -46 -34 -1 86 -74 92 -23 -43 60 21 76 -13 -2 23 -17 61 83 23 93 16 -100 64 97 43 91 49 -22 16 49 30 15 33 -20 -7 71 -82 15 -77 -10 65 -27 -13 -24 77 -48 42 15 -21 -56 39 40 81 53 -40 33 -4 33 64 -89 -44 -18 18 71 24 -83 52 20 -53 -85 29 -62 -57 16 8 52 90 45 16 -42 53 90 -73 79 24 89 23 13 -78 63 61 -89 -81 31 18 2 33 -56 -50 -95 9 -66 41 33 -11 -12 48 28 18 -93 96 45 20 18 87 -89 -92 -100 1 5 40 12 -99 -91 -57 61 -16 26 -31 99 4 -66 36 -50 -56 -5 -48 -14 -71 72 52 -67 2 79 13 -80 -2
-72 -31 -99 69 10 63 74 69 13 57 -89 67 -48 -32 13 29 -62 -98 77 5 -61 -14 79 80 -13 66 -97 56 80 1 -63 41 -57 -20 -3 44 -88 -67 -13 -85 26 29 71 71 -78 -77 90 -42 -73 43 94 79 -50 -64 -43 91 -48 1 -99 -4 65 -87 35 83 15 -93 35 77 -90 63 -75 72 -12 1 22 76 -78 -26 32 -60 -37 -88 68 -72 -31 -75 2 74 74 45 77 85 12 35 -38 70 -43 52 -61 -81 -90 -10 -1 -78 -87 60 -47 11 24 -12 69 71 -44 39 -99 4 -8 74 -97 57 99 76 28 -40 -38 15 -22 -40 -97 -24 -9 -8 -84 -43 -17 -73 79 -69 78 15 -74 -20 7 67 -15 10 86 -61 -87 22 98 5 77 -64 88 -85 13 -8 -1 63 39 41 59 -89 17 -52 -72 72 -93 51 -65 -2 -25 -2 73 38 95 -77 1 43 10 100 68 -72 56 2 70 16 -93 69 -81 -32 -49 19 1 -5 91 -89 -73 0 84 -55 89 -14 11 -63 -46 -86 53 -82 -89 -98 -61 -80 -1 64 -81 -65 55 72 44 53 -17 -68 -56 -69 31 86 -79 43 -66 -53 -94 92 -49 -26 98 18 -84 92 13 -71 -6 64 39 11 -50 -15 65 -93 20 79 19 19 -7 -24 20 82 -3 28 -35 -83 -87 9 64 -80 3 -62 -61 50 46 30 -67 -63 -86 -7 71 79 -8 54 -73 -71 -69 -30 77 17 62 -28 -88 -18 18 41 54 -81 -53 5 45 -5 14 57 31 -16 66 -13 -2 -51 12 44 -41 -2 -10 65 -13 -24 -70 99 -27 -24 87 75 -52 -15 37 -62 -68 24 33 -61 69 6 -43 0 -82 83 56 -98 19 11 67 -86 56 19 4 -91 28 85 -16 40 -49 31 61 -21 61 89 -48 -30 -79 -88 12 62 36 -7 -34 37 47 -61 -56 -84 14 -100 51 -27 -11 60 -1 63 56 39 48 35 -63 -95 69 -19 45 -18 -95 7 -74 72 23 -52 9 54 -3 -96 -72 -14 92 24 -87 -19 85 83 -20 42 -9 58 20 -25 -66 -76 82 -50 47 88 -28 -40 -2 -40 -4 76 -46 72 71 -64 -44 44 66 74 -27 -65 91 -78 59 -6 -30 -83 4 -77 -93 83 12 -10 91 -50 -55 49 50 -93 57 -72 -32 43 -42 -11 18 -48 83 -9 95 -93 71 5 5 33 -63 73 96 -96 89 -26 35 -64 -10 -22 10 -100 85 80 -79 21 -24 -90 43 -33 75 61 -25 30 -1 23 -49 -40 -46 -5 36 4 21 18
98 31 -81 -61 -11 48 83 -83 58 -24 38 -7 87 42 52 12 -32 -14 14 -64 -89 -19 -91 -31 -9 52 -3 14 -57 -69 95 41 -68 -59 100 54 -60 -74 -44 13 98 -18 -42 -17 2 32 99 -61 -5 29 -4 -27 100 -87 -56 9 -56 16 -82 -17 -47 -28 -75 -29 0 -64 -36 19 -54 -83 66 -39 38 -85 40 64 91 14 58 -90 -35 5 71 19 -2 -35 -47 -98 -90 22 86 -13 -88 -39 93 47 73 82 -39 80 -42 -43 84 24 41 -54 -3 99 87 99 -86 -70 2 -56 -31 93 -99 -34 16 -10 -90 11 -60 -70 -16 -6 -75 -27 96 -16 -14 50 28 26 27 -81 -12 -96 -84 37 -87 88 -13 68 98 -52 45 25 -38 -37 -63 -39 70 -44 -42 -76 -87 -37 93 49 61 83 -27 77 28 -38 -67 75 -5 70 -57 29 19 -79 -87 61 -84 -22 92 -86 -95 89 -46 -39 -4 -61 19 -93 -3 -50 7 16 -18 -88 41 -41 -37 15 -82 -67 92 58 61 -18 -34 97 23 68 -100 -5 18 99 -33 -51 8 78 6 -96 -55 -69 1 52 -57 100 42 49 28 34 43 -57 0 51 73 48 16 80 22 -44 47 -54 47 -25 26 -81 -34 88 -4 -100 26 -44 -29 96 -32 32 -51 -59 -93 -90 -57 -7 44 -97 86 72 -65 -98 0 16 25 22 -61 84 -74 76 -95 -33 6 -18 -51 -29 9 -76 -79 57 -46 -60 71 16 57 -32 -15 -82 -45 -4 55 -49 79 25 -69 -1 -92 89 88 97 -67 73 48 55 -22 40 39 -62 16 -16 83 58 -75 -89 27 -49 44 76 -71 51 84 -50 5 7 54 24 -92 -42 26 -52 100 -26 -61 -23 87 10 0 -78 -3 73 -84 -61 73 -87 8 -29 -24 67 70 92 -51 -46 20 -88 -56 12 -87 -71 3 98 -3 31 -87 -71 -85 -84 -78 -24 -7 -82 -1 26 -13 35 -17 89 15 37 -12 51 58 -93 -97 -66 46 -70 -35 -71 -79 95 -7 -70 -93 -66 54 26 95 72 -39 40 47 -44 97 19 53 -79 51 -57 95 95 54 61 -29 27 42 -16 -25 -58 56 -20 -33 49 -74 -13 55 -75 15 29 -85 43 -28 -67 84 -74 -90 56 94 -47 -5 -86 -40 67 -85 -14 96 61 -81 -84 -53 41 95 -15 -44 -14 76 -25 59 -29 -54 78 -13 35 -29 -30 -91 -32 -51 -59 -66 -90 25 -45 -6 -31 -3 -91 -75 -35 60 -26 63 54 -27 44 77 89 33 -86 57 87 -97 7 88 -14 54 -50
13 83 -37 -60 -92 -68 -52 33 53 -46 2 64 68 -90 45 -17 43 -88 -15 31 -4 -1 -37 -17 59 94 -19 -16 81 20 22 15 84 -58 69 16 46 65 -5 26 -82 21 -31 48 -15 66 -47 -90 95 16 88 -81 -28 23 -100 49 -84 -74 79 90 -80 -87 28 -66 58 10 -78 60 58 50 -66 -50 24 30 83 -17 -21 -69 56 -67 21 55 22 77 81 96 92 -64 74 60 37 97 -86 20 47 50 -11 -26 -64 78 81 -57 4 -36 -85 70 26 -29 -22 -20 -87 2 -46 -57 -9 -72 -80 -12 57 -99 8 -83 76 78 13 75 66 -26 -18 34 23 -87 45 -62 41 78 82 -14 47 68 44 1 61 -94 77 -98 36 21 -48 -9 -89 40 96 -67 -33 64 83 73 -31 -94 -69 76 79 -35 -9 -80 -46 10 -29 15 98 28 37 7 -26 -74 13 21 81 24 23 32 8 75 26 -31 83 42 77 9 -39 24 9 29 77 -43 -64 27 34 56 52 84 19 6 54 -47 44 17 -9 76 -87 -100 -67 8 -26 -56 -29 -89 96 41 0 -20 87 -65 43 -58 -58 65 23 8 -63 -91 -82 -17 -77 20 -38 -61 -56 -5 80 -25 -79 -71 -84 41 67 61 40 -26 -76 2 -73 -18 -61 -42 93 -23 -14 -50 33 -82 94 -22 44 -99 51 -70 -86 68 50 14 9 6 -35 -25 -24 92 -71 -68 -41 -2 91 36 96 -52 12 1 33 -60 73 93 -8 84 25 30 -64 -72 -92 -85 87 66 -3 -97 24 29 12 57 -49 -65 -33 34 41 -82 -55 5 -90 100 79 -48 55 9 22 65 61 -82 79 73 -14 49 -97 -47 92 -64 -64 81 -10 -76 -75 -55 3 48 -64 92 -50 96 -48 -36 -48 91 19 -98 37 17 -45 92 55 18 18 38 -81 73 48 -76 13 34 -43 37 -9 100 -92 1 2 -27 -87 46 -35 2 -46 24 -1 85 46 -32 85 -24 -29 -66 75 -37 53 50 23 -54 56 9 -25 11 -31 65 35 42 24 44 61 -65 35 87 -8 -40 36 -40 16 -55 32 74 45 52 -69 75 1 -98 23 -62 21 -12 12 -19 37 95 10 7 -51 75 -37 -59 41 -23 42 61 -57 77 59 92 16 82 53 -87 -26 -61 83 -12 29 35 34 84 -38 -32 -48 73 -79 7 -24 10 -52 46 79 91 81 -57 24 -72 69 11 50 -19 76 -65 53 36 -95 -82 5 32 88 -14 -32 -12 80 -37 33 5 70 -90 16 38 -100 -63 -22 -75
7 2 -37 -93 98 -61 72 75 -51 -63 33 -25 -81 80 -5 -30 -90 -88 80 100 47 94 49 -30 36 99 90 32 18 -20 -62 12 13 51 50 -74 52 -97 41 93 95 62 -70 18 82 4 -10 2 53 87 5 10 -61 -7 -63 -80 44 71 -85 65 45 58 47 -91 33 -6 92 93 43 84 -5 -58 91 -29 18 -7 59 -94 -46 -45 -43 -12 -33 -20 -82 -88 -74 -63 91 -92 -31 -41 72 -54 -15 5 65 75 -77 84 -28 -89 -91 -81 -66 -35 -90 -82 -10 74 83 -48 -78 90 10 -21 43 -3 -88 -82 52 72 34 -64 -38 24 -49 -8 19 92 58 -67 67 94 -35 -54 -98 75 27 31 72 84 27 79 31 -62 30 -71 -7 14 17 -21 45 24 -53 36 -34 -65 -34 63 78 91 93 72 -55 -52 -51 -57 -84 37 -11 39 -17 -70 -15 -63 89 57 -59 -90 5 -54 -66 33 35 87 87 -60 -76 50 -45 32 68 18 67 -79 -89 59 -90 33 92 9 78 86 -60 90 24 40 -29 88 48 -71 32 27 9 -18 63 -18 -5 -46 89 -19 -30 36 65 -52 65 -74 18 100 -61 -51 46 61 -4 -88 -77 88 -10 -64 62 -33 -78 66 61 -58 -84 79 -68 -81 24 81 -63 -86 59 2 88 82 98 -61 78 63 -78 61 40 -25 76 -54 -65 -64 -44 -38 -5 -58 -76 12 -27 -9 -46 -62 -88 40 -54 73 -33 -43 -45 -9 25 -33 -72 22 21 40 37 -25 -30 35 -57 -68 -41 -77 32 59 -81 -85 91 2 -17 89 -31 13 -7 -28 -2 -23 -44 97 60 -50 80 -31 8 -3 -19 89 -51 -13 77 11 88 52 -56 62 81 37 97 -80 36 -71 -17 9 -75 -46 -71 4 -89 -64 -95 -85 -11 48 42 22 -69 -64 34 -63 -77 5 -86 9 -96 45 68 39 -69 80 47 -78 58 97 7 31 14 12 -57 5 -73 -14 -59 48 -99 -79 27 55 -87 -41 -17 78 1 94 -95 -59 -63 -58 66 61 66 -92 58 11 -43 -52 -76 96 37 24 -41 28 -4 -86 -74 -27 53 -83 19 -82 -40 -44 1 46 66 51 -88 68 60 93 94 -27 18 -27 83 30 50 98 -83 -38 60 -95 55 -4 -84 -10 -95 -41 46 -77 59 4 -15 28 7 -59 -59 -49 3 86 46 -47 -30 10 -42 -72 58 51 -56 10 -73 53 74 2 2 -17 -49 -61 -7 13 -36 33 86 -10 -88 29 45 7 61 -68 95 69 2 -13 32 -92 -76 99 97 62 -92 40
66 -96 -19 57 44 -38 -71 75 -56 -5 93 64 -53 -52 93 -67 -53 -60 -7 50 -64 -86 -10 -100 -12 -19 -3 13 -65 44 24 -93 -10 16 -90 19 75 43 48 -35 -50 -54 -10 71 52 -49 -63 47 -58 -89 -80 3 -73 83 4 -58 50 80 -10 -57 6 -21 -5 100 -25 94 -7 -16 55 -24 67 28 -27 46 82 -51 91 67 -44 -61 79 46 -98 90 -66 72 13 -38 43 10 -98 29 -95 -90 15 80 -33 -51 58 -44 -89 -40 -42 55 36 28 -28 -93 29 -17 -94 0 70 -99 -66 -94 97 -20 100 20 -47 -99 -100 -63 76 -10 -2 69 25 80 21 46 18 64 8 40 -25 -19 -94 80 -99 -10 -43 -100 21 42 67 -75 -29 -95 2 56 -11 4 -22 -46 -66 16 40 46 -29 46 -15 74 5 -1 83 49 -36 -76 -12 33 -65 -27 -74 44 4 -18 33 24 43 -74 -30 -36 80 -86 31 -47 71 -62 98 -57 46 57 -81 36 -77 -64 39 82 50 59 -97 -11 -83 15 59 -83 -13 -54 7 -50 -22 -18 40 -77 31 -19 56 28 100 79 -2 -86 -84 -38 16 72 -11 56 56 9 34 -53 -31 -65 -32 62 53 -46 33 -67 -53 38 5 42 -90 40 26 98 -20 36 -76 43 -11 -9 37 -58 7 11 80 -82 100 21 -9 -89 84 -46 -68 67 7 92 -51 -11 -39 91 -62 100 -45 -56 -94 81 61 8 42 -34 63 15 79 -68 -30 -57 34 -30 35 68 -99 81 30 13 100 -33 25 -53 90 66 -67 47 -23 -11 -47 68 -70 95 -100 -9 44 -23 0 -15 -7 -20 12 19 -66 3 -44 -41 86 -12 -95 89 -84 -81 -27 32 36 -96 88 -95 -85 58 86 5 -25 43 -72 81 30 52 87 -4 -78 -87 37 11 -17 2 89 -49 -97 66 -81 65 70 -72 26 99 98 -40 -73 32 96 95 9 11 -42 -26 25 52 -79 -13 -44 58 -34 55 -63 -12 -52 -12 -92 49 -5 46 -98 -59 -41 22 2 -6 -35 -20 4 50 -9 -25 -53 56 100 -94 -95 -43 99 -36 -95 98 5 52 18 -59 42 -65 -72 -9 7 -27 53 -31 82 -16 93 -74 40 -10 -10 -67 62 77 -17 -4 90 -21 12 40 85 -72 65 -13 61 65 -41 97 27 -61 76 55 58 96 66 60 52 -63 -65 82 16 77 -6 76 79 0 -27 2 68 21 0 84 12 25 77 87 68 12 -53 52 23 -36 -11 16 71 -54 49 13 39 -45 -29 21 52 -10 -70 77
-99 -83 88 -17 -42 -30 37 6 57 29 22 29 -94 9 37 -88 -92 -88 -99 -65 89 -29 82 71 39 -60 98 -1 42 -16 -21 14 -20 -34 92 77 69 30 -51 -65 -19 -34 88 5 -95 70 -82 41 -50 -29 13 -77 -93 41 72 84 -77 64 -3 -30 36 75 -53 -3 -47 -41 -94 10 28 71 84 63 -87 34 -36 -24 42 21 8 12 -58 1 -33 19 87 -7 12 5 57 34 50 -36 -3 88 66 8 75 -14 -40 87 -7 -91 15 -11 88 -32 14 -54 -31 39 -68 -64 72 84 -88 -56 92 33 -10 46 37 -31 -50 -18 54 -99 -30 84 -61 -46 -33 -69 -80 -18 64 -87 97 -56 65 99 12 63 -43 33 62 2 8 43 -5 -100 -96 19 77 -98 17 -65 -8 80 36 -27 -16 8 -13 0 -85 45 32 43 -98 -49 -22 -94 100 11 72 37 76 -34 -49 -62 59 -17 -100 -71 -94 69 -16 48 23 -53 -45 85 0 29 -80 98 -18 -1 -63 53 -29 41 96 -1 21 47 49 -59 67 78 -30 15 -80 16 -98 17 -91 -16 30 73 87 -31 48 89 9 19 -19 57 -81 82 -44 -56 100 -63 -45 -23 -85 -77 23 25 -6 -85 -43 -23 46 -89 88 46 -34 -49 30 -34 -6 -30 -71 93 -9 -53 -49 -91 -49 50 35 -100 51 16 -42 -93 4 10 77 26 -24 11 60 -41 -49 -98 -100 -93 3 50 43 84 -94 58 37 90 -35 -63 92 100 -83 54 98 69 50 -100 -20 50 50 -25 45 -32 22 41 -15 -18 6 -13 61 -6 -57 43 -4 17 0 -77 -17 17 -97 94 96 31 24 93 -37 71 8 44 -58 96 -75 -98 -89 -76 -85 50 -52 23 62 30 61 96 7 -93 21 71 48 -93 51 14 -86 24 35 35 28 -5 80 -80 38 -63 -81 -58 -98 -33 46 77 -10 -48 30 91 76 24 -75 7 62 52 20 -39 67 6 2 -47 -58 87 27 74 75 -1 95 6 -84 -2 -11 -29 -95 -94 -19 27 29 -93 -63 -81 -20 72 73 -85 75 -46 50 11 -88 12 83 -77 -10 14 65 62 73 73 45 42 -13 -40 -72 82 74 54 68 -65 79 59 13 86 36 72 -82 15 49 -89 44 46 16 13 13 53 -98 73 79 39 -30 56 -2 -42 -75 -81 -52 -98 53 81 100 21 49 -58 -47 77 74 52 76 -95 77 -43 70 -10 49 32 -60 93 41 76 -72 75 -100 -41 95 -95 44 91 -84 -15 21 -29 -84 -78 22 -30 95 66
11 -32 76 85 -77 -83 32 -50 -34 5 44 87 25 -49 88 -43 -82 -14 81 85 92 81 -47 0 79 -23 27 -91 80 -33 91 30 -60 18 5 -88 -53 -67 79 -12 85 16 62 92 -92 -98 85 63 46 -79 -98 93 -77 45 57 -5 2 -63 -2 65 -44 -61 94 -55 -58 -15 35 72 -39 94 24 -91 53 -23 81 30 63 -13 55 -99 -26 -21 -44 -31 34 77 74 -14 28 -60 -69 6 -64 25 66 -33 26 38 82 1 -74 2 14 -79 -43 74 -58 -50 -19 -30 26 -60 65 14 81 -89 39 -4 -4 14 -41 -49 -23 66 95 -11 -6 96 -87 6 1 -5 -12 -6 -100 22 38 -44 -42 -11 75 -77 -21 49 -67 -39 57 77 -60 69 77 -80 40 -57 21 47 -82 -91 -21 -77 81 50 88 -5 -52 -74 80 -99 15 29 23 58 -57 -55 -88 16 67 -72 27 85 78 -99 12 35 75 -54 92 19 99 -3 0 -49 -72 -18 48 -51 -91 -39 0 -85 -77 88 56 10 -83 -75 -20 -84 -74 -68 38 -15 -10 91 30 -23 -43 -85 -50 -92 -65 90 42 21 -90 -41 58 4 6 -26 -48 48 -60 17 97 35 72 67 49 -16 -94 -64 -56 -88 -7 0 23 64 -90 62 89 76 28 -4 28 1 -67 -59 0 74 15 80 -36 -22 13 -100 -99 -24 -67 -19 47 32 -46 -47 0 -65 -19 90 -62 -32 -8 -75 37 57 -89 18 30 -69 -44 -91 -62 -18 -69 -30 -95 12 22 -50 46 -38 96 -31 -30 -51 27 -86 81 62 98 2 86 74 31 -99 -3 8 -84 -88 94 -44 33 -98 60 -92 53 2 55 14 -60 43 -47 -71 -75 61 25 41 50 83 97 -49 24 -79 -18 -59 83 25 47 45 -34 62 25 96 -25 -94 43 -100 59 26 30 -82 -12 4 -87 -93 54 100 47 69 49 -86 73 81 -23 54 -14 0 76 49 2 -25 37 32 -74 85 -33 14 75 70 81 -11 2 -18 34 -17 -14 25 -97 -30 -70 -60 -77 -52 -43 8 -5 51 90 -97 -12 21 -91 74 -66 -44 -83 84 -97 -7 -33 -70 -41 12 57 -44 -68 -23 -23 54 -68 -24 -85 -5 16 96 23 72 50 -25 -46 -12 -53 27 -71 98 -64 80 41 31 -62 100 -44 -74 -61 -85 90 75 -95 50 -97 -83 13 100 -82 -83 23 56 -69 -68 81 -74 -99 68 71 30 67 -46 -87 -44 -51 46 -56 -10 -65 7 -58 -19 -38 -19 -98 -96 22 16 82 57 67 42 12 55 -56 -48
81 -52 -48 35 -53 98 67 50 -92 -36 -42 69 4 -78 -4 -92 -48 -36 -71 21 -38 -37 -55 -44 -78 63 -97 21 -69 -28 -64 89 35 63 -60 -57 18 74 63 -1 -60 -11 -97 -30 36 -73 1 100 -80 83 -95 -40 -51 -66 -13 -55 46 81 -43 42 38 84 52 98 38 -27 -69 0 37 -5 97 -58 89 64 18 6 53 -69 54 -61 64 63 84 -58 66 4 -18 -14 2 79 55 81 22 41 56 -93 48 -1 32 17 76 -86 -52 48 -90 -1 71 52 -18 20 -28 -81 -28 51 -28 76 88 61 -8 64 29 30 -70 -43 -90 75 -23 -39 29 -60 -91 -5 41 -29 -6 34 -46 -44 78 -57 -71 99 -64 76 53 -16 -52 -69 10 -18 68 -87 33 73 -71 -95 53 -94 89 -12 -49 -43 11 -13 48 -12 -6 56 51 -52 23 76 -90 -23 68 -43 51 -64 -53 -25 -33 -99 -20 -14 23 34 -37 82 -47 93 87 -100 -77 13 -23 45 -21 -47 94 20 -97 -99 60 32 84 79 -35 15 35 -93 -88 56 -47 -22 96 52 45 -92 -72 16 14 -20 -19 53 14 23 -10 -96 23 -35 82 46 87 -46 -86 2 96 97 -56 15 64 -14 -86 -60 -64 68 64 -30 -18 83 -26 21 -60 18 35 78 -52 77 83 -16 -71 26 -70 79 -62 -43 -51 -80 98 -48 45 19 -22 82 -11 11 -12 -8 -57 -79 52 27 51 -38 -85 -95 37 -28 18 -67 -64 70 -57 -86 -21 -34 52 44 -10 -67 10 100 17 52 41 92 85 27 7 -24 78 56 -50 -40 -32 91 -74 6 71 -21 -60 70 -97 44 25 75 14 40 -54 -26 61 -39 23 89 66 3 77 -16 -66 64 -6 72 3 28 32 21 77 71 -19 55 -94 -8 -66 -31 14 -79 -78 94 17 -78 13 90 -53 68 30 -79 -33 -40 -100 -97 64 -98 62 66 -14 28 -64 68 -64 -38 30 100 24 77 -55 -93 74 -22 65 -21 78 -100 1 -10 91 23 25 -6 -56 18 -66 -49 66 11 95 -83 -96 66 -23 -6 30 -84 -67 -10 60 -47 72 -34 19 9 42 33 -93 45 3 -49 60 78 -18 88 45 -9 11 -36 20 27 10 8 68 -94 42 -56 -67 59 -92 -89 15 32 17 -88 -12 -87 68 -87 -11 -27 -60 93 -1 46 -77 -30 -81 -56 -43 -30 44 -32 -23 -18 -58 -97 49 76 88 17 -88 -8 -62 -80 75 -30 45 5 -54 -45 54 33 89 86 -67 73 -93 0 88 43 86 -58 -60 56
19 -95 93 -57 18 -98 59 -99 -97 -81 -66 -33 92 -37 -90 27 12 -32 -72 -77 -21 -87 -21 42 77 62 88 87 22 54 -14 -62 -97 54 -48 21 -50 -33 67 -8 10 -66 -18 51 -37 -49 -36 -94 -11 62 -15 18 34 68 56 93 92 0 -80 86 63 -43 8 -38 -65 -19 24 -7 22 64 59 41 61 -66 -81 39 69 -45 36 -88 92 -98 20 -63 38 16 20 -19 78 85 61 -64 -26 89 -43 43 -38 -82 -98 -82 23 71 30 47 -83 -70 47 83 -92 -82 70 56 56 -76 96 46 -64 80 -59 -63 -81 -13 -98 38 -55 -7 74 -15 3 -44 80 2 85 -63 -38 -37 -1 74 -99 -100 -57 -14 98 85 86 -84 63 78 -77 89 -51 26 -5 47 91 -21 -3 26 -79 46 -44 -54 72 -14 10 90 89 -6 -4 -88 -3 -25 30 19 57 -60 29 -50 94 -34 6 28 96 64 49 76 80 -85 53 -82 -89 -13 -7 -80 57 -54 -17 -21 -44 42 69 -33 -57 68 -40 -64 -31 -25 87 24 -70 80 99 77 46 42 4 71 -62 -33 -61 72 83 89 2 35 -54 -34 -1 88 -77 81 -16 -52 18 -90 -44 -62 78 -74 34 60 -49 53 91 -21 -2 71 -87 71 29 -34 -91 -44 47 -49 -63 1 -17 -89 6 52 3 100 97 47 -11 -42 97 -17 6 45 98 -56 -68 53 -82 -15 -73 99 -30 54 -16 82 55 91 -43 84 -58 73 -55 -26 8 12 -90 23 -37 61 41 -100 99 27 -15 35 -4 90 46 -5 11 -74 -12 -70 24 51 71 41 67 28 -67 -95 -86 -34 12 -97 45 -23 -25 15 89 -94 -23 -57 -83 62 27 -14 -7 67 94 -69 -60 64 -44 32 -70 -49 -88 -36 92 -84 30 65 -64 33 35 -27 0 -56 -52 8 64 60 -60 -40 -74 -21 62 87 53 0 -40 -29 20 19 71 3 -32 71 -35 66 -43 20 -52 -29 34 66 -23 50 98 -24 -99 -59 -11 52 83 -48 88 -39 -91 5 -83 -45 59 -64 96 -2 19 91 -8 36 29 -67 51 -68 16 65 86 48 -83 -87 -87 8 67 14 -71 7 -33 -79 43 27 -44 -84 -65 -5 80 11 55 -67 16 13 -32 -19 -12 57 65 9 -13 95 44 -38 24 66 35 13 -22 -7 56 18 -100 26 94 36 -21 -17 -66 86 -96 -64 65 -26 98 65 92 84 30 46 6 -84 -40 -33 20 -32 -96 86 20 -34 15 23 -21 95 -39 19 40 97 5 -13 -79 -48 68 61
90 81 -9 30 40 86 97 -86 63 64 85 -71 -72 -9 -26 21 -98 18 -100 78 61 -22 -19 -80 -79 -11 75 -75 86 82 -45 -27 -84 61 -3 26 -26 97 -83 41 61 -100 -15 -37 -75 -60 71 -48 99 -71 -5 90 -91 73 -11 85 -55 79 -82 -3 59 34 32 78 -1 13 -89 -4 17 -22 -8 25 96 32 -40 -21 15 25 -10 85 -2 62 28 74 51 63 2 -58 18 -58 75 42 20 -74 55 -61 34 -53 73 -53 -53 67 -79 33 13 -39 100 -31 -37 -10 54 26 93 -10 71 12 -22 1 97 65 35 -82 -82 -89 -95 -36 33 -79 84 -72 46 92 54 44 -18 -67 45 34 21 54 -42 -54 14 76 66 85 -36 -21 -93 -100 -100 -48 -93 13 -44 -6 19 -41 -95 42 -30 9 72 -17 -71 -18 75 35 -41 -84 81 -61 -42 -17 53 39 -40 74 -64 -17 4 100 19 98 -15 87 -77 -25 -15 -73 -93 -62 -29 -10 19 96 79 -71 23 -66 -2 10 54 -99 45 40 77 70 94 86 1 -85 69 -30 91 12 -5 63 -15 -44 -77 -6 82 -69 73 -57 -48 11 26 35 39 -23 -69 90 68 76 -81 -78 82 -2 -62 8 -62 -38 -49 77 -84 20 55 47 -4 76 21 -27 89 6 63 93 -5 79 -37 -33 -28 -39 86 -31 63 26 -78 16 -21 91 -72 -76 -36 -58 36 22 29 11 -1 25 62 -23 -41 44 -8 49 -61 -12 40 23 -89 18 -65 78 -73 -18 -7 36 -27 64 -74 -85 5 69 17 41 -80 0 62 16 63 -62 -76 72 32 53 -26 -71 72 23 38 49 -44 52 -10 -66 26 90 -33 15 -38 -53 29 74 -63 40 -73 -56 13 -55 51 33 81 42 37 90 -94 -28 63 49 -79 -46 26 69 63 -40 -1 31 57 90 57 58 -86 12 58 -85 -89 -75 80 9 87 100 -46 78 49 -56 65 -7 -36 50 99 -2 90 -90 -53 24 -43 -59 -20 15 31 89 -33 -94 19 -31 71 60 52 51 8 -12 39 73 10 -77 -13 74 61 -24 82 23 -58 76 -48 43 79 24 12 11 32 -79 -77 -57 36 -65 10 5 -15 34 21 -83 60 66 4 80 92 49 61 -100 -1 -27 -91 80 -30 -71 -32 73 -83 -60 -43 -33 -92 -53 -19 50 -51 9 51 -70 -46 -44 -30 -99 -45 90 28 5 -82 -26 -71 70 -42 48 -47 -16 29 85 -12 -51 72 58 -71 -19 45 2 -71 -6 1 -56 -2 -42 77 -79 -25 78 14 53
57 -27 -37 12 -30 -29 62 -30 -28 -64 -9 -35 49 -95 61 -1 66 -37 -7 8 -59 40 -23 -61 -66 70 48 20 -90 51 19 -21 59 9 -18 -34 -31 -44 -46 68 32 42 53 14 47 -70 30 20 -70 78 53 -56 6 2 -22 -41 74 -3 -14 -51 3 29 -51 -79 -44 -93 41 1 35 32 15 92 -74 -83 -45 -41 97 49 -63 81 -57 30 -30 47 66 -19 86 20 73 35 -73 17 -95 -7 -7 49 -71 82 -78 25 -31 71 -26 5 93 -74 100 -24 19 68 4 -88 3 63 2 -81 83 23 71 -16 36 1 -44 16 -15 -59 -49 -18 -34 -84 53 20 -76 -32 39 24 33 -35 -59 -95 64 77 -83 73 -83 -85 -66 -54 -12 -18 57 -18 -88 82 11 -21 99 -63 -90 -18 92 58 54 18 49 26 -24 16 -85 1 99 -93 89 90 38 -57 31 0 21 41 -72 48 -19 31 -61 -76 80 13 71 25 95 34 -38 -95 -51 -29 56 31 -16 -17 -14 9 82 3 100 -82 89 64 -50 20 -5 -28 -73 -77 94 -36 -3 26 17 99 -90 -45 92 57 49 -45 -45 -10 80 50 74 2 -86 24 47 19 -4 77 62 75 81 99 -10 -15 20 62 54 -74 85 53 42 -74 47 -52 1 -59 -39 0 -12 61 -46 -22 47 67 -2 36 -8 -70 53 -88 -100 -95 -83 84 8 18 -66 -25 -10 33 56 -16 -89 39 -67 41 -74 -63 -13 75 -58 75 -68 48 60 -64 -59 83 34 -7 -59 86 -87 93 -48 14 30 -77 11 -28 -10 36 40 85 -70 -34 -64 -20 69 11 52 -37 -58 -41 35 -62 94 49 30 -84 -42 3 -78 7 4 72 78 34 52 79 32 -37 66 -57 -55 -7 -13 -33 -90 93 -3 18 96 17 -65 85 -69 -84 4 -59 96 93 19 -42 75 -91 94 59 -51 -69 -23 -83 13 -34 13 68 98 25 94 -57 73 54 -60 -67 -41 38 77 -92 -54 -65 38 0 67 0 68 63 10 -52 25 33 -74 -87 78 94 -63 -62 78 62 85 74 81 59 23 79 -98 23 33 55 -69 -11 -35 31 19 -13 96 67 -35 70 -85 -91 -21 1 -53 -13 -86 56 23 -47 57 -77 -62 13 -60 15 -15 -96 -49 82 -70 -95 99 41 -77 44 28 -52 -68 -64 -85 -53 45 86 35 69 -62 -16 46 -98 88 15 -77 -45 60 -64 -18 -3 22 -65 -34 37 86 -50 -48 2 65 21 -64 36 -18 43 19 88 -27 -49 -22 -28 40 41 -95 11
-74 -87 52 -44 -4 -27 69 6 -77 16 85 -52 -17 58 -49 12 -41 24 -96 71 -29 -83 35 -1 96 71 83 81 -20 -9 77 -27 -20 70 76 -12 -86 81 16 26 51 7 42 77 19 63 71 -81 90 -91 31 44 36 -66 68 0 -88 86 13 69 46 -64 -55 43 64 -42 -92 -77 -49 -25 62 -66 72 -48 100 96 43 -95 90 -4 -66 -38 -85 -44 26 -15 4 -33 -27 -42 -22 50 59 -11 -97 -5 -65 -77 -47 42 77 70 -56 -16 12 -15 -47 41 -48 56 -41 -9 -89 -92 85 -81 14 -61 28 -44 60 3 90 -56 8 8 4 -59 51 -91 40 62 -24 -16 73 36 -35 34 4 -83 82 85 44 -18 11 88 99 70 -70 -7 -4 -32 -28 -41 53 -36 -98 10 23 34 82 -26 66 -77 -32 76 -23 -55 -73 81 -5 -14 -27 49 -1 33 -87 14 23 -19 29 68 -20 -66 5 76 28 1 94 -80 -8 -53 -45 8 73 -78 -75 -10 15 -72 -76 -45 -55 93 17 52 -77 -96 66 -50 -49 54 7 -88 -39 -59 -87 -48 63 69 -76 -41 -13 -58 62 -6 55 -86 87 20 83 -92 36 26 77 85 -86 -62 41 40 -96 -36 -59 -79 58 -6 -45 23 84 65 74 76 -42 -32 -73 68 33 66 -15 -78 -17 56 -35 61 38 -84 -46 32 -74 30 10 11 3 45 37 48 65 77 -79 -78 -61 69 -47 54 -1 45 -73 27 -13 16 13 -30 74 34 -3 -79 -97 -16 -29 -50 -45 57 -17 -42 53 32 -35 85 -100 -97 43 90 70 -10 -68 -89 88 28 -75 41 40 -75 14 71 28 -81 -80 93 -61 34 100 84 83 -20 -78 -45 -28 49 51 -15 69 70 -25 54 -64 -68 33 97 73 -7 56 -80 -10 34 -68 -13 64 -87 -2 11 37 27 74 -26 -42 42 -37 -3 -71 71 59 28 -2 9 -68 -12 23 -41 97 64 96 4 -11 88 -99 37 81 -98 28 75 -46 -18 -68 -33 0 -59 -2 10 64 -20 -4 58 -60 3 69 60 46 -65 -98 1 15 -65 20 64 -23 12 97 -58 -32 27 43 -41 79 42 -21 -25 -55 -94 -30 -74 -20 10 97 -78 -20 -45 84 87 72 -89 -78 -44 -37 44 100 -85 -17 -79 -92 58 92 63 77 -33 86 50 -92 53 86 -24 -21 75 29 98 61 -14 -36 -60 16 -63 -43 -34 -78 -71 -10 69 9 -64 18 -70 65 54 23 54 -65 -12 50 92 0 -20 92 74 -56 36 -40 19 -17 46 -55 -56
30 47 -6 52 37 31 -46 19 -51 -78 5 -33 64 -35 -28 0 -70 92 18 33 -56 34 75 -36 -74 -65 -86 -15 49 -16 70 -21 -86 -79 -60 7 -72 -62 -45 38 89 27 -71 10 -68 79 -19 -17 -37 27 -55 -13 -75 41 -47 96 20 -3 0 -26 -75 4 80 -14 54 -35 -18 -41 -79 -64 0 93 -22 34 -84 -39 -20 -44 -95 -79 -56 -85 -24 -57 41 72 -56 88 -84 -81 -91 32 3 -6 -59 10 -25 56 -14 -12 89 18 -35 29 98 -25 51 58 -25 -55 -65 -79 -78 73 -68 -33 61 -98 -13 49 -57 -25 2 -17 -66 -50 -43 -17 25 -27 -68 58 26 28 7 1 -35 32 -89 55 98 -9 34 -63 -19 -5 86 40 -94 61 70 -5 -83 -70 81 -94 77 -28 45 -83 66 10 3 -49 64 8 91 -92 69 9 16 -68 -27 -58 26 49 -32 -86 -69 37 2 -24 -56 33 42 38 33 -22 27 67 -62 -85 16 43 -47 -3 -18 20 100 47 -62 28 0 -54 0 -47 -32 -2 -12 -28 -52 5 72 91 25 27 -50 92 -7 62 46 75 -22 -43 -8 88 48 -52 25 -8 -36 33 -40 19 -92 34 4 -2 -6 -51 -84 -37 14 -15 18 46 92 97 -3 30 -78 26 77 -65 -44 96 -23 -99 76 21 -37 -12 100 63 70 93 92 -11 -94 -3 -92 84 -13 -27 -22 -16 3 -84 -61 -68 -2 -5 -61 -73 15 -31 -97 -34 -6 -76 -41 -24 51 -53 66 91 -73 -31 48 27 88 -87 78 -85 -32 25 8 87 12 -2 -25 16 95 -74 39 69 47 -1 98 66 -49 -34 81 -17 21 28 -35 -51 40 25 -37 64 -84 9 99 49 -73 -6 -64 -34 -24 3 55 79 43 -21 0 -55 83 68 -6 100 -23 -75 -54 95 77 -81 16 -83 -76 -88 -31 49 56 2 92 -58 43 17 53 61 -55 0 -19 -59 25 45 22 -9 8 57 23 67 -48 25 -13 -99 -66 0 100 -52 -14 -52 64 -4 27 74 41 -32 -32 43 -6 -16 86 -82 -81 35 -13 -16 99 74 58 9 20 -96 79 24 -4 46 -89 -71 49 74 84 55 -64 46 96 -99 55 -87 38 15 36 40 -24 -85 2 85 -62 61 33 24 -3 56 24 81 -74 20 55 33 99 98 -84 -53 63 24 -89 2 -38 92 -70 99 91 -94 25 -49 57 -38 -26 -34 27 59 -43 55 35 27 -63 77 100 -21 55 5 33 -13 -74 -89 -91 -25 -21 11 42 13 50 -100 57 69 32 -85
-1 26 -44 -17 55 67 -41 72 96 -70 -23 -57 -48 -60 15 47 -23 6 12 54 14 53 -93 -11 4 100 -25 -31 51 14 9 -9 -52 42 15 11 -9 75 -21 67 -97 -25 34 -75 68 -55 -72 41 81 -28 -24 -31 -96 -43 96 -74 34 -18 25 -71 -80 -52 -38 -10 52 3 18 79 91 -81 3 -68 99 86 -59 22 -67 -44 32 12 -1 96 50 -30 -9 76 -62 -83 51 -70 92 -49 37 -3 -78 81 43 -40 9 22 81 47 20 34 -36 18 94 -76 -7 -52 -42 -36 13 11 33 -63 99 -11 77 86 20 -92 32 44 -49 -12 -69 -100 65 -68 -11 50 -16 38 43 -49 -83 14 -41 49 71 63 39 -85 88 -42 -1 -58 42 -58 81 -5 -28 -88 -3 75 -43 44 -80 -60 -45 1 58 -46 15 4 -9 -58 51 21 -50 -31 82 44 70 78 -19 -22 53 3 55 -56 11 31 -90 59 -91 -81 -93 44 67 85 4 89 -20 49 42 68 -68 -56 60 9 -93 93 18 -89 40 -75 19 82 -52 -10 43 -47 29 -27 -35 85 38 80 84 -59 -63 61 67 93 -40 71 -6 -66 -64 -8 -80 32 90 -31 -29 80 -46 -51 -28 86 -31 87 -61 69 64 -80 90 -59 -4 15 -32 -86 73 95 73 -84 -90 22 -36 58 -22 -71 -49 -41 75 50 -78 -76 11 31 -79 85 42 -20 46 -48 -13 28 36 -5 -90 24 29 -25 27 -74 -63 41 13 9 22 56 65 69 -77 100 -28 60 -86 -49 -99 41 -88 -62 -58 31 54 96 -25 -55 45 60 24 61 -44 47 47 -68 -80 89 3 -80 -33 41 -7 -37 -32 16 74 7 -58 -8 35 -5 -32 7 -41 61 21 31 -19 52 82 13 59 -37 43 -71 -30 -43 42 78 61 50 60 21 -1 69 77 29 -31 79 86 -72 -35 0 59 -28 73 92 -79 92 95 76 8 -12 -68 61 13 -84 43 -73 44 -14 71 76 -90 -54 80 -19 18 36 -68 46 -53 55 -91 14 -31 95 84 24 -100 0 -22 -7 -78 -21 -60 -73 54 -25 -90 71 88 -27 39 18 62 96 -14 -13 -53 40 -14 -3 62 68 70 54 47 66 49 -37 -70 54 100 -57 -9 97 78 -88 90 29 -54 67 -96 99 22 -79 -59 51 6 29 97 -38 -23 -87 35 -11 -94 95 37 -17 81 -96 4 -84 77 73 -58 21 37 70 -45 8 -80 -13 -15 26 17 -46 17 -41 7 -63 18 -19 -81 98 27 -62 97 -56 -12 -57 -66 -53
2 -82 57 -69 -68 44 -9 -41 -33 -28 52 81 -48 87 38 -87 -80 15 -84 -73 -8 -82 86 -28 26 76 -14 -26 -62 15 90 38 -77 97 -94 -33 -24 -20 76 -63 81 40 -91 -25 76 -4 29 65 -61 -30 -43 25 -70 5 91 -81 -82 35 -6 -27 -68 98 61 -2 -10 100 55 94 91 -48 -80 -34 62 -14 -60 29 56 -48 97 14 -54 20 -21 -84 -98 -54 -89 -12 93 74 -71 -64 28 34 2 62 -23 60 87 -52 55 93 -96 8 71 52 -81 -59 -19 39 0 -44 -88 -100 -60 -87 99 84 -39 62 -90 -92 -20 22 -62 57 -62 -74 -79 -73 21 32 -92 -73 -41 64 -21 -64 53 -66 76 -13 31 45 -50 78 -42 51 -25 -93 0 72 -71 29 41 68 -20 49 90 15 -59 -95 -10 85 -87 -98 74 20 -9 -33 84 -8 -75 47 -25 25 -2 59 12 44 93 4 66 18 -53 -12 3 37 -93 -11 -45 74 -4 33 26 -60 -59 81 1 65 -92 19 30 39 -71 90 -43 -40 -23 -94 93 87 -32 -22 3 43 -99 -54 -98 -8 -18 -80 10 63 84 24 -42 -49 -8 -34 -58 -76 -43 44 35 -63 -7 67 66 25 -36 -30 -32 16 -35 -40 -1 -28 84 -66 32 72 -88 79 70 98 -16 53 8 100 48 -7 -33 16 17 -56 39 75 19 -59 -47 73 97 -65 61 9 -59 81 -20 90 85 -48 10 -62 -56 -49 -45 24 26 -8 14 -74 -4 -70 27 28 -90 -43 -39 -10 -71 -48 67 76 -10 -18 94 -7 -70 -52 -94 38 -15 -61 58 -38 41 -31 -35 3 79 38 11 -99 -23 88 -59 76 60 -85 72 -22 44 86 -7 61 -90 93 50 31 -71 -2 74 48 -5 14 26 45 -62 51 -65 -79 -27 -86 62 -63 -86 8 -85 58 -1 -4 -97 85 38 4 21 -20 98 -43 -81 -90 -28 -38 -32 78 98 -35 -38 85 83 -80 -7 97 91 -50 74 -72 -51 97 45 -11 41 72 -7 -82 79 -92 -88 2 33 40 -66 47 -6 56 14 -68 80 -36 -83 -2 2 -67 -95 54 -6 81 -76 -11 97 18 76 -85 87 -61 -100 65 38 -30 -74 35 -46 -91 6 -85 64 20 -47 -26 -93 71 92 -59 52 -92 10 16 -36 37 -34 -69 26 60 -67 -51 25 30 52 23 13 -39 -3 92 14 -11 -70 30 -19 67 -82 88 -33 -71 42 -52 51 100 -26 -33 100 -43 -82 12 -47 74 20 -8 99 -69 -67 -3 90 -39 -74 -52 85 -66 31 -58
-81 -25 100 -40 33 58 -92 39 -86 45 74 -41 41 -98 47 -32 76 72 -12 78 56 75 -53 -86 -50 -78 46 -5 -76 -60 30 -87 19 38 -82 16 -9 -93 -69 99 -100 -5 92 16 86 -31 19 3 30 -97 -17 -83 63 -90 -77 -45 -51 -68 -50 23 7 -78 64 -11 24 8 -49 -8 -87 -42 37 64 49 -100 54 93 43 -86 -53 -64 99 -77 61 56 11 93 -19 -46 92 13 84 5 -71 -27 -84 4 -10 -58 49 25 -69 -36 -12 13 -59 78 -41 -93 41 72 -89 36 -22 -66 -10 37 63 -45 -1 -41 0 3 -27 -43 -86 -94 65 69 86 -82 27 49 -64 57 45 6 -48 32 30 44 -29 -64 -36 34 -31 -77 -7 94 7 17 5 34 -63 23 -87 83 11 60 31 71 -58 -88 -99 97 -24 55 52 52 -90 -54 -48 -2 7 -45 -27 -53 -4 -44 20 -22 -73 -38 -81 -22 -46 78 -27 60 26 34 95 26 38 8 -10 -59 97 89 -36 67 54 65 -66 -46 -56 86 1 -58 -3 -45 -75 0 93 10 -36 23 -76 -68 62 -5 35 -36 -89 93 97 -34 -58 92 46 -100 -9 13 -99 -47 -29 19 97 -35 44 2 78 11 53 63 21 61 74 53 -82 14 36 -63 99 52 93 -67 56 7 72 90 -65 -81 -77 -98 19 -90 -32 36 57 10 -18 74 -65 40 56 -29 -59 -61 86 73 97 47 -94 7 31 -12 -85 79 -60 76 -88 91 -72 -8 43 83 -41 33 72 -38 -25 -28 98 81 -53 -37 -6 -67 -46 -93 53 -94 -67 -56 -35 2 7 -40 59 -83 26 82 35 86 13 46 -85 96 64 -75 51 -62 22 -77 36 -39 34 4 -69 -14 -77 -46 49 -91 44 -49 67 15 58 86 -25 39 -94 -86 -72 45 -28 96 90 -25 94 -41 -35 -96 -39 45 3 -5 62 33 -45 36 46 -4 -99 33 99 56 -68 48 -45 -74 39 82 -74 95 45 21 28 -65 70 -63 -42 32 69 -84 -40 -100 69 98 -40 -86 -23 81 -42 -43 83 -20 -100 28 -2 -55 19 16 4 67 80 3 6 87 -31 70 100 12 71 -64 -99 -68 7 43 -88 -23 70 54 -12 -35 55 5 -63 50 -76 20 -71 76 -27 72 37 82 -57 -76 -90 27 -57 22 -83 -47 48 -20 -14 1 -58 -10 81 -62 99 90 58 3 86 -51 -6 -6 -6 74 57 46 -72 66 -74 -82 -71 -21 69 11 77 32 25 -2 76 -9 95 81 15 77 -5 -62 -73 -34 27 -7
53 62 -83 50 34 -54 -70 -87 50 -52 -58 26 -91 -61 -93 90 -13 -42 6 -75 -64 60 74 52 -1 48 43 -4 -9 -47 -44 53 68 -77 86 -23 21 77 -44 76 17 44 -73 33 59 -27 -26 67 -9 -78 -97 -88 68 31 -72 8 55 95 56 68 54 41 -61 7 -95 68 97 -85 -63 -27 -70 74 78 -76 -19 73 12 -17 -30 88 54 85 -8 38 38 -45 -80 -88 -70 -23 -15 -56 73 -33 -70 71 100 -61 -72 77 22 -14 48 -12 99 -24 85 94 -48 66 -5 -16 -34 35 85 64 -23 31 57 -30 -9 -59 -37 36 -46 14 77 20 -63 18 -93 -51 44 -93 -74 91 85 -61 -71 30 -89 -59 75 -100 45 32 55 41 -27 -67 -24 -79 21 80 -16 -76 -16 -14 -50 78 81 -62 71 -90 84 -46 -54 -31 -21 -79 -28 -56 63 -81 -73 17 19 68 -77 79 95 5 -86 41 55 -28 -75 -14 -37 -51 52 -12 -76 -98 11 -93 -47 44 -10 -44 87 44 48 32 -28 36 -99 -30 -33 -2 -96 -29 -17 100 -29 -26 29 -39 -8 -56 -12 -52 56 15 -90 -82 -34 -33 -85 -7 -52 -20 -1 -42 -97 -48 97 79 19 -50 -95 43 89 -76 -90 90 -3 -66 -91 76 -13 25 -68 -92 39 2 97 -8 82 -72 45 -40 -95 22 33 62 -33 -46 -78 -18 -84 -91 -67 -47 82 25 -89 74 -90 -82 41 99 -65 93 0 -22 82 -13 -97 33 -53 -69 27 4 -79 63 -36 9 34 4 -22 78 85 -96 60 33 75 -6 38 65 -54 -27 100 67 67 17 9 -87 -53 -48 -89 28 28 -39 74 81 -51 66 -74 19 1 -11 38 87 34 55 -60 39 -33 -44 -11 28 55 93 8 -20 54 -88 94 -4 -66 -51 -43 28 54 -84 33 77 -86 11 -19 -16 -70 65 5 17 -50 1 -80 57 45 52 -14 -48 13 -11 -23 -35 -89 -59 1 -96 48 82 -50 -96 71 -87 57 45 -9 25 -66 9 -37 -82 -52 68 68 -63 4 33 61 -7 73 -41 42 96 67 64 29 79 -2 94 100 56 40 88 57 7 24 -39 49 -35 23 -92 26 -53 -36 54 -43 -77 -51 93 78 37 30 -97 -1 -68 82 32 7 64 -50 -70 -89 47 90 26 26 -77 45 -77 -43 10 -85 -47 45 -46 12 -19 -42 -76 -19 22 44 -99 -41 -31 19 27 -47 -3 37 76 55 -20 82 24 84 98 -80 43 -12 28 62 92 97 -93 72 67 -57 81 78 -3 21 -58 40 -21
-83 9 -73 -6 -47 6 10 -35 -80 38 82 57 -24 -75 47 49 -38 33 -89 9 -57 -47 21 -56 85 12 -28 -18 71 -66 -8 18 1 -51 -3 -41 -90 -53 -73 93 97 -92 77 -44 85 88 90 -17 35 -79 71 41 -98 26 -93 -45 -87 93 8 -11 -50 17 -77 62 26 -79 -79 61 -27 84 73 59 -25 26 86 -68 -12 -2 -66 -75 11 12 -24 49 -39 2 -97 -62 77 1 99 82 10 27 -71 10 -91 -20 89 -20 61 -66 14 -95 16 58 -51 12 26 93 -74 -83 -98 -27 -27 1 -38 51 -77 -57 -16 -50 17 -29 31 39 63 10 -33 63 9 4 -86 -98 57 58 64 5 27 91 18 58 88 -54 66 -32 60 36 69 44 -66 60 -84 -28 29 -38 55 -90 94 -94 -39 -50 -8 -85 4 5 40 -21 62 -34 -7 18 -51 24 -61 -83 44 -80 -4 -95 97 -68 -66 -70 -86 98 -24 -98 -97 50 96 -96 7 -12 27 -29 -9 28 -88 -60 74 73 12 34 7 48 -15 -29 -27 1 87 -81 -31 -8 70 -29 -30 20 32 99 73 -12 -24 -74 -4 -43 -32 87 -99 52 60 -52 69 -82 28 91 4 61 -97 -95 70 19 -28 43 96 -6 -100 -50 5 50 -41 28 51 50 -16 1 94 -14 21 10 25 -16 -49 -23 0 20 -33 -10 45 62 81 -80 -10 -22 63 90 -80 82 69 -86 -39 -15 -90 -55 -47 -17 -6 -55 6 5 -61 0 -45 -9 -83 74 -98 100 -75 -37 84 -48 -29 -2 66 -68 -63 71 86 -42 -13 59 81 -74 50 -23 49 -89 -62 51 -78 15 73 -34 -41 22 -36 -87 -5 78 -5 -39 33 -94 37 -49 -83 -14 25 -47 -86 -9 -77 -63 -78 19 -99 -1 -45 34 -23 -39 -12 -87 27 -9 41 -89 -93 -5 75 -23 -1 -4 -29 2 -31 -93 41 50 -25 33 86 16 -67 36 -83 30 65 23 -10 -32 15 -41 -99 0 -90 -54 -85 44 -46 79 55 -47 16 35 12 -34 -33 24 -38 59 7 -90 43 97 -98 -83 12 -94 -15 34 -94 -15 61 -95 56 61 99 99 7 -11 -82 29 53 64 98 80 -42 -16 -36 -41 48 -25 66 19 -17 -48 40 -82 -68 35 -45 79 54 72 77 28 -31 42 87 -69 47 -71 -43 -37 -26 -56 45 34 -76 14 40 -100 2 -88 61 -19 -23 93 50 47 -40 78 -54 46 26 -43 32 -40 56 -93 98 -74 63 -5 40 28 78 44 92 24 -56 75 -77 26 -98 1 -83 -77
-66 -59 28 -71 86 20 -57 3 34 9 41 80 -62 -75 -63 -70 68 -27 83 -40 -32 11 3 -84 26 -63 0 -2 27 45 -7 18 7 -92 77 23 -60 83 -40 49 34 80 -80 -93 -33 -86 95 53 -75 -73 92 4 89 -99 -45 -45 75 62 95 -8 38 57 -41 -17 -46 91 65 32 5 60 -99 94 -16 36 -96 32 -93 19 -15 -9 46 -1 87 71 53 90 -13 -35 -90 -22 70 -47 -86 80 -93 52 34 -82 -68 12 64 -64 -62 52 78 80 50 -37 -52 73 -19 58 -75 98 -76 9 25 82 55 79 28 -60 60 91 82 18 -60 92 81 -15 59 51 88 82 3 63 -8 76 70 -53 54 -13 -58 50 54 -23 22 87 90 -54 -51 72 79 15 -40 15 43 99 50 -35 29 13 7 -53 -71 42 83 10 -27 -31 -52 48 -33 -6 -8 -99 -78 27 81 -42 29 -31 13 97 27 12 -38 -95 91 -71 -62 -15 51 0 65 -20 3 39 -12 70 -59 -56 -16 34 -40 -3 36 -34 96 7 86 57 -32 32 5 -48 -24 -40 22 99 75 20 -54 49 33 28 -64 -21 -58 99 -4 57 74 68 95 94 17 18 42 93 -92 -54 60 68 -67 -68 -98 -40 -74 4 15 -22 -78 -36 -7 -2 -89 80 -73 98 -15 13 -67 50 32 -77 74 79 5 66 37 59 -96 38 -94 -22 51 72 13 -96 49 -11 3 92 88 36 -23 58 71 44 90 -22 38 26 87 -51 -33 -29 -15 -29 -7 69 36 -72 -54 -73 15 -35 22 85 -65 -33 -62 -40 -96 5 -98 51 -94 85 68 82 -33 47 -23 71 -89 72 21 -81 32 -39 -54 -97 49 29 66 87 -71 -93 16 -36 -72 62 -99 72 33 -94 9 -26 -9 77 -27 -51 -22 5 23 26 48 68 95 -28 93 -98 42 29 84 -79 2 -83 -87 32 28 -48 74 -35 -15 -22 74 -73 88 -99 -87 67 -10 8 73 56 -14 35 44 -34 -85 92 72 51 41 36 5 37 -89 -57 28 -38 -97 19 -82 -63 42 -20 7 -97 22 83 -9 -59 -95 -55 94 73 -13 -9 80 -30 -9 -69 48 53 75 -3 24 -69 -67 -5 53 -93 25 14 3 25 50 20 3 -58 66 91 29 21 95 -5 -21 -69 -78 90 -13 -95 -53 22 -18 87 -71 13 38 -80 54 -25 -75 -28 1 -14 80 -55 -55 62 33 -34 -38 92 86 54 24 10 88 -48 92 53 56 12 13 -53 82 -50 -49 -90 60 44 81 81 -5 -63
41 53 64 -51 -99 -8 -99 -42 95 -11 94 -27 28 86 37 93 88 24 35 -80 -38 85 90 -31 -15 -77 39 17 -28 57 -9 -33 -3 19 35 23 -36 82 -52 97 74 -30 -83 -7 41 58 88 -28 42 18 -1 -54 -77 52 -55 -26 -57 -73 -13 -28 86 -97 18 -48 57 67 -35 74 -89 5 35 -17 12 86 38 -94 38 50 33 55 -73 43 -44 80 -34 -49 78 -100 -61 -24 -28 1 71 76 -34 80 7 -97 -50 83 -22 -81 40 -92 -1 -22 15 -67 -84 -95 59 91 49 -26 87 93 -18 -84 41 -65 -99 99 45 54 50 -84 49 -13 98 -83 42 93 -28 -22 -22 -39 45 -60 -63 -100 -73 21 -97 94 38 -89 -79 80 -13 -18 -82 -88 -14 77 -61 38 -100 -65 -89 -29 -70 -32 -90 39 23 -27 -41 94 -49 -30 31 70 -45 -11 40 -22 66 -80 -37 61 -56 -80 -66 -28 73 -82 42 63 -36 -33 -22 26 -16 -79 10 -72 -96 -13 52 -7 -88 -52 53 32 17 28 71 78 23 45 96 -38 -63 26 99 66 32 51 -59 59 -31 -60 8 78 60 74 -65 -16 -63 23 -29 -54 -1 -2 87 18 87 -93 9 -1 6 -18 -85 72 33 76 -78 5 43 -80 -20 50 48 -85 -50 62 3 98 -6 -5 -74 -12 35 7 21 18 54 -40 -62 64 41 100 -39 46 -54 76 -28 53 94 -97 -95 -80 -75 -80 45 7 77 -80 -17 -91 -61 -7 40 45 -37 2 95 41 1 13 -100 -91 -84 9 98 -44 78 -23 74 -40 -8 100 21 67 -22 -46 2 -88 49 79 53 -76 -26 46 -60 48 -79 34 -49 13 10 -15 23 -35 -57 -80 61 -10 22 38 23 -56 49 76 100 -35 -2 -5 12 68 78 -10 -85 -26 7 -43 -89 -25 -39 -40 87 70 -75 26 27 24 38 -9 68 29 7 -37 42 45 -78 59 -81 94 -67 -83 76 -16 -14 -21 74 58 -54 -72 -82 -76 31 -73 70 -23 96 58 55 -53 -32 61 -94 -54 -5 24 43 30 -57 -84 19 -52 53 92 0 -42 35 -33 56 -98 11 -63 -58 -23 51 50 -34 -89 -67 -32 92 -91 -89 -77 -96 -20 -59 -7 -2 -72 -23 -96 -79 -39 -10 -28 -90 7 36 -54 57 -58 -7 73 4 21 -91 42 -85 27 48 77 2 76 -44 -55 70 -23 3 -89 27 -18 75 67 -47 77 44 -34 65 53 64 56 -5 17 -28 79 75 50 95 58 -80 -52 -28 68 94 28 -42 -43 41 -52 11 -30
-50 -33 -87 93 46 57 61 -24 42 -20 6 -34 20 6 100 -97 -67 -6 -25 -17 62 21 90 16 -27 63 -40 57 32 27 -46 -24 9 27 32 77 -93 38 46 19 49 -59 18 69 71 -83 38 77 -49 -18 45 -44 -47 -74 72 -71 40 27 18 -65 75 -98 86 -27 61 99 50 -85 -49 4 -13 30 -58 74 64 -66 54 45 64 -32 10 -99 32 73 31 44 25 78 95 -15 97 3 53 -44 -43 -99 1 -57 87 14 -8 -100 29 -22 -22 -30 -3 -76 69 31 71 -71 -8 -86 -72 -100 -73 45 95 41 68 74 -9 1 85 -31 -80 -39 57 -49 57 -41 -55 -83 -12 70 88 87 49 -46 -56 -40 -45 -61 71 53 34 -89 81 44 -73 89 -45 -17 93 -47 58 84 -9 -50 -8 -39 99 82 -22 49 -6 93 -4 -20 -17 48 -47 -41 -2 90 -50 99 -40 75 -46 -77 42 5 74 -63 49 -85 -16 41 -20 98 55 -86 92 57 -91 34 -45 -43 45 45 36 -34 99 -30 1 63 -2 -56 2 47 -16 -94 -88 -21 -73 8 33 5 61 79 69 59 2 76 66 34 96 -27 -5 36 -12 -41 -36 -43 98 -85 67 88 -66 27 63 99 -49 87 39 -67 -72 -59 -95 -71 43 -35 -97 19 96 18 2 -40 71 72 72 -34 -77 -63 97 64 94 84 34 42 -43 -3 42 -32 22 99 -95 55 -33 79 -26 -51 -76 -86 54 94 96 -75 80 -70 70 64 -81 -40 -37 -38 37 -70 -69 -83 -32 -90 43 46 -68 68 51 -80 -86 70 11 12 -99 12 87 26 27 55 59 -40 29 71 87 -76 -46 81 -14 5 -51 90 -27 -49 -16 -66 -86 23 -71 5 86 -97 -78 29 -87 95 70 -24 -99 -47 42 53 44 55 -75 -7 11 69 -67 -100 95 -46 -12 12 -35 19 12 24 92 -94 95 9 -12 74 41 6 -25 54 -3 83 76 -16 -7 -32 53 -99 -50 12 -89 71 97 -93 -36 -2 59 37 -48 -15 -80 8 -96 -73 -35 -82 72 -89 36 -12 -72 -73 -54 91 -50 -93 65 -8 -65 -42 83 -12 71 4 -99 11 30 -84 -42 -32 -34 -77 2 -84 67 49 10 -93 75 -84 55 -39 -6 -62 -75 -5 -66 -79 -83 16 33 36 18 -93 33 -76 39 -13 -51 10 -53 -62 -85 19 92 -43 74 34 -37 91 8 -37 16 13 68 100 -35 -93 -11 -19 -81 -66 65 2 -67 -67 35 53 -16 90 19 -79 14 81 91 -3 -82 -51 -65 100 62 4
77 -94 -71 32 32 55 12 80 79 67 -89 16 69 36 -13 -15 62 65 -63 -7 32 -70 -72 -29 10 47 -62 -30 68 -18 35 -30 -38 -61 71 27 64 20 33 44 95 -97 80 33 59 -68 30 94 83 -100 14 -54 31 -23 -14 81 90 -48 83 -83 -91 -92 27 20 -80 66 69 -46 -79 59 -21 94 -89 1 -76 -56 -67 39 5 72 -1 -31 44 -74 -9 -52 53 -97 -53 -49 93 16 93 -10 36 97 70 31 -19 44 -71 -40 24 21 16 65 74 33 -67 -61 3 67 90 88 -66 77 44 -82 30 23 48 23 -45 -99 58 44 -89 -16 88 89 17 -58 -80 -100 -42 87 -38 -46 15 -69 37 -89 83 -17 46 58 -27 18 13 -15 -47 -88 -20 -31 95 65 9 16 62 -81 -99 -35 37 91 -57 -48 21 -21 18 45 -63 -4 -29 -23 2 9 -59 14 -73 7 -84 -41 -47 6 -53 2 -62 41 36 93 50 -36 -43 -37 -76 20 -4 -28 9 -14 6 88 -54 -18 54 54 -21 45 24 69 18 -54 -4 13 -70 72 89 -67 64 7 -23 39 -50 -63 -66 -56 43 -68 -57 22 60 21 9 -76 -73 100 -39 100 -63 30 34 -27 39 -60 -40 46 -50 88 65 65 -32 97 -86 -11 -63 -86 -81 -38 70 22 63 2 -41 -8 -75 5 -17 3 -43 22 89 79 -46 -65 63 81 71 -91 45 18 92 -45 -78 -13 -79 -22 -34 89 -5 13 94 -50 87 -24 -30 97 92 46 -42 31 89 -14 75 33 16 47 52 67 -27 -62 -70 27 32 87 57 -54 -66 -25 43 92 96 -58 100 87 -75 -44 17 98 -96 74 -71 -45 78 -2 -1 71 51 74 25 -35 -8 -15 -6 -54 52 -94 -55 -65 -88 1 56 -56 8 6 -41 3 -72 -55 -24 90 -24 94 -60 66 -91 24 61 73 -55 47 89 -72 -5 58 -11 24 -99 95 -33 -14 35 26 -45 -91 -58 92 80 -42 -70 -32 -17 39 -4 -49 36 31 22 45 -46 -53 44 33 -6 -45 -34 -39 55 83 -63 39 72 60 70 41 -99 73 -16 62 -8 -77 51 84 31 59 69 -35 -37 -24 63 37 -40 0 64 -66 7 -71 31 -42 -87 -3 65 5 -97 -68 -70 42 -61 -51 80 84 -100 59 30 -2 -19 -64 54 43 -67 -87 14 51 45 -34 5 24 -93 15 30 93 75 86 63 24 -83 49 -4 -33 70 -48 -10 -8 -9 -77 48 80 98 -42 54 -87 83 92 48 -52 75 -36 -12 59 14 72
-31 59 78 44 -21 92 56 3 -47 -18 44 47 45 11 -7 57 94 78 28 57 93 -71 -91 -47 5 69 91 -9 79 81 -53 57 16 61 92 96 72 -19 -84 100 79 64 0 22 58 52 4 16 -10 46 -9 -12 -25 65 -53 -23 -28 78 -54 -3 -12 -11 2 47 99 96 13 70 90 65 20 -74 -54 56 62 66 66 -5 -24 -27 -53 -10 -35 32 -80 -66 -8 -15 4 -22 -96 58 -95 -39 -16 23 17 90 -99 -53 -23 70 3 -72 -93 -10 -27 -33 2 2 -58 90 50 -64 46 -98 78 -86 -54 82 -11 22 72 89 -31 -90 -84 66 74 46 94 -47 52 -63 -32 17 -4 48 98 8 4 52 50 53 -7 45 68 94 45 21 -63 66 -93 -11 -91 30 29 86 -19 67 -42 21 -54 -67 -16 -3 -76 21 -9 95 -28 -81 -23 46 21 88 -42 66 -74 -92 74 0 21 11 -9 70 -4 -11 19 -61 61 -29 -24 -2 -59 36 -28 7 5 -2 -74 -98 51 -27 -19 -82 11 69 -73 78 39 -36 24 -34 -25 46 -42 97 53 -2 -20 37 -36 -89 -80 60 9 55 -77 51 -7 79 -14 -46 78 37 -43 55 -10 60 64 -79 -63 -80 35 -12 -69 -91 -85 -92 -62 -92 -58 -16 65 -1 84 17 88 -79 38 16 26 -86 12 -5 -6 -62 -41 -81 54 -12 -16 -2 -96 -43 9 40 -92 5 99 -80 -57 28 -15 -76 42 -48 70 27 -73 -68 -1 -48 -52 25 -49 -34 -66 -48 86 -70 -21 38 13 -10 17 -84 38 46 -96 85 46 42 84 -32 53 -23 22 79 -42 3 63 65 -50 17 16 39 -74 24 -43 -27 -20 3 -57 -74 -91 55 41 -36 -93 69 -48 38 -3 -19 87 -58 -92 5 -19 24 -18 -36 -33 64 22 8 2 17 63 43 78 13 26 -54 85 13 99 -22 56 40 100 84 -50 -78 93 -81 -16 67 -61 -66 40 5 90 -5 7 -10 53 -78 85 54 80 -89 -38 -100 58 -11 12 -19 -2 -4 -27 -43 60 30 -47 48 -87 33 -45 -73 -23 -51 -1 -91 15 76 -45 92 -68 62 -34 53 21 71 -93 54 -58 97 -76 25 89 -74 45 73 -95 13 -14 97 -73 9 -28 -33 89 86 15 -91 51 -38 38 21 -32 96 25 42 32 11 39 -30 -72 79 3 -86 97 38 97 -11 -9 -10 21 -34 -80 82 -85 -71 -3 -63 -55 88 -8 33 -64 20 -10 -5 -21 -65 -92 -99 72 48 -44 10 -21 -81 -44 94 80 92
27 1 -94 31 -98 -1 -82 65 88 79 9 8 84 -17 84 99 68 -93 -98 -72 68 -56 7 42 -43 79 90 -98 95 63 -75 -58 71 -75 66 -48 -7 -23 -96 60 -56 67 -16 24 -56 -2 75 -18 -18 89 37 84 97 85 20 17 -94 65 30 -28 -45 86 -1 -86 -98 20 77 70 50 -17 93 95 -100 -99 73 56 -33 58 -92 11 -70 67 63 -47 19 67 -95 74 -26 -98 92 -31 12 35 26 42 77 -87 -59 44 -97 9 48 -27 47 46 99 -73 56 -87 13 -59 1 2 -54 90 17 -5 4 -91 -20 -33 91 -62 -70 -80 23 -39 54 2 -45 48 -23 -63 -57 71 -70 -78 100 91 30 42 -40 -61 -88 -96 41 -44 -64 70 -26 -85 1 56 78 44 -27 -82 56 -77 35 46 -45 -1 34 -58 16 -60 -59 23 38 -84 19 -41 8 37 -29 -67 82 61 -17 -53 87 19 81 99 -28 5 -79 -58 93 8 -97 -43 64 10 47 -65 -70 53 58 -54 30 -82 -88 -41 -66 36 -59 -8 41 9 46 65 -26 60 -85 -24 91 49 76 36 -25 27 -39 -69 -63 77 93 -42 20 -56 16 -100 -48 -41 -84 -44 94 79 -18 -11 23 21 33 50 -16 29 -61 73 20 -92 -37 27 -73 -34 -86 -34 -87 -47 97 -87 49 -21 -32 36 32 -10 51 42 99 -32 79 65 89 -90 -54 13 -29 -41 -71 86 1 97 51 -31 -57 79 16 -62 73 -10 -55 97 80 35 -45 -34 13 87 3 -39 16 3 1 -81 -8 34 -93 -48 29 86 56 -16 -90 14 49 -100 55 28 -2 23 -38 -86 -67 -95 -46 62 84 -64 -34 28 92 20 14 42 -17 -66 -49 -30 57 36 -37 -40 -90 47 77 -42 5 68 -93 94 -56 -45 -7 2 94 88 -40 -61 -18 79 -32 -13 -63 56 -73 -5 -95 16 -12 30 44 -5 62 29 -38 29 45 12 81 -24 -45 -98 -25 -22 -68 -13 -55 -96 52 75 6 57 25 -87 17 1 66 -21 73 87 13 -66 -7 -87 2 91 71 39 62 -70 -68 84 -48 -31 -92 -73 -37 -62 -71 -56 -9 -89 -83 -85 -17 0 -83 38 99 9 53 -71 80 54 -68 -4 26 95 89 85 85 3 57 -4 -77 -21 69 -78 48 -70 -45 -48 78 5 -63 69 97 30 -55 88 52 15 28 38 81 41 7 81 52 9 -60 11 -33 33 39 13 29 -21 -82 -42 -39 -30 0 69 -9 95 49 46 -9 82 -87 -25 -61 -18 -59 10 8 21
-51 -16 -75 52 73 53 -79 85 31 34 91 -35 33 31 -88 88 -31 -39 84 54 27 -18 39 -16 -9 87 46 24 -90 83 41 -16 -1 -57 -82 -34 59 -72 33 -83 -89 13 -23 -78 -41 93 -65 83 -65 -96 9 78 -45 -49 -66 -75 31 5 30 -46 56 -95 -13 19 -30 50 44 96 -29 -88 60 51 -57 -100 -24 -1 85 53 76 -95 -59 97 -42 87 70 -92 27 76 -81 99 -69 -25 -20 -93 -23 7 32 65 -98 -79 -37 -42 87 40 -40 -77 66 24 76 41 -21 63 -78 -17 71 -15 -4 97 34 -83 -57 33 -23 98 9 43 -79 -73 51 -57 -50 -80 89 35 89 -99 49 88 -21 92 34 -75 -2 20 38 -31 -95 56 -72 -60 -1 -73 -87 74 -95 70 71 -83 2 -30 60 -95 2 -48 -51 -15 27 56 75 -99 63 34 -75 0 62 -99 -29 -62 53 -64 26 21 34 -19 -5 -91 70 54 -42 -85 55 53 -29 -60 88 44 49 -82 0 -21 89 93 74 94 -72 61 -54 50 -48 -40 -79 67 -54 -75 27 -66 -32 68 15 -11 -63 17 -16 -74 95 16 81 39 56 48 -63 23 49 -60 -96 -64 -41 -62 -73 78 -43 20 43 -67 91 -68 -28 24 29 58 75 -34 2 -35 71 -74 71 -55 -16 -37 84 -38 -44 85 74 -76 44 -95 -19 95 -34 29 -74 4 68 99 -10 17 -70 4 -45 -92 -75 50 -89 -63 -82 -63 -98 -42 -54 92 62 -13 -33 16 34 -3 6 71 -56 -53 -81 -77 72 -21 3 61 -44 43 -4 -30 83 7 30 45 -57 -22 -22 30 -94 24 91 61 -38 69 22 21 58 62 -82 46 -35 25 -82 12 22 -59 -76 -40 -11 -99 54 18 -88 75 76 37 8 -38 -63 99 8 -10 -40 74 19 -22 21 -18 -65 86 -28 0 -64 -83 98 -86 33 -5 -42 -92 -10 -61 43 -39 77 -35 -87 40 79 70 30 57 -83 4 99 50 84 98 -92 -65 44 -15 27 -23 -53 91 -100 -41 33 14 -90 -74 34 49 4 -44 54 -38 -85 83 68 73 50 -26 -62 37 49 27 -53 -16 -28 -29 -82 31 -75 -31 42 -22 85 -4 -82 94 -17 -91 80 9 -90 -56 -74 15 99 -38 7 -92 -48 10 -1 52 27 -59 -77 98 -79 -50 10 -35 60 -71 -28 -95 -53 -44 -30 80 12 -48 -1 -37 -90 64 -25 31 14 7 -7 -81 -95 -84 68 90 -1 21 79 -61 51 45 -15 18 45 -23 8 -4 43 -53 -58 -96 -22 78
69 99 60 10 -31 -17 82 -56 42 96 -88 -93 -35 94 8 -78 -48 -83 4 48 -35 -94 -32 75 -77 44 -18 -36 -95 20 66 -47 -19 -69 2 43 15 -19 85 -80 -82 -88 54 -89 -37 95 23 -9 -38 75 81 -80 -68 57 99 -78 -64 57 -19 55 62 -59 90 90 -32 7 -95 53 -32 -72 99 80 20 -66 39 -39 16 45 -39 51 82 68 9 14 -74 83 -8 -58 28 -30 64 -52 37 -2 71 -51 52 -10 -73 98 -74 41 -47 -66 -67 -11 38 -76 73 90 64 -6 -96 67 -65 75 68 -41 -74 66 12 -85 72 5 7 36 -75 -11 41 28 31 39 -5 -10 -69 19 -35 -35 -48 93 3 -95 13 -95 -46 -69 42 -9 -89 -14 100 44 -15 -56 61 6 -5 -99 -20 68 92 -27 -72 18 73 78 -89 1 -22 100 75 31 -34 74 51 -21 -48 39 -79 -56 32 21 -28 7 -63 -72 -82 -39 67 19 73 -18 17 99 -37 75 -9 -20 -74 99 80 63 39 -59 -30 23 -88 56 -48 -81 -56 69 5 97 67 -61 90 32 51 -15 -99 94 -9 -42 -19 -34 -62 45 -48 -44 18 -31 83 61 -21 38 98 60 45 89 38 -79 -34 26 38 -92 -94 78 63 -35 43 -75 43 34 35 52 -54 -19 -13 42 -83 -8 80 15 -66 5 -90 87 80 -60 77 -39 22 73 -28 77 -86 79 20 22 80 -25 -22 -53 -37 -63 -15 -41 -54 58 72 1 43 19 -75 22 31 85 -58 -70 -75 36 -55 -70 89 73 -10 -56 7 18 -16 -58 -87 -72 -68 24 28 3 78 -79 -11 66 -46 55 28 88 -69 -49 -65 1 4 67 47 85 -69 -99 67 57 80 -43 17 10 -75 -1 -45 -13 64 -96 100 98 54 20 -12 50 87 -16 -58 10 95 30 -37 -96 -94 65 -82 -28 90 22 4 15 -22 -44 -19 81 -70 -99 -48 -94 71 -10 51 64 7 -78 -78 70 -30 27 20 -37 18 -91 -26 -64 -32 40 -81 -81 48 3 -44 -32 91 -63 -83 100 -62 -50 -57 17 -38 -82 -84 59 -88 -71 -22 -71 8 72 -84 6 -58 -11 72 64 -27 -98 -53 65 -11 88 -55 90 -65 94 53 98 -5 -95 41 -23 36 78 49 89 51 95 -57 -28 92 11 -52 -8 -39 -70 -70 0 -60 34 50 12 81 -54 36 95 -2 -54 -22 -23 -30 56 0 -7 30 72 51 67 -96 -74 48 -26 21 -10 -4 34 90 -93 72 85 66 18 -80 69 54 -14 28 -22 32 -91
-2 -91 25 -43 21 18 54 -44 -74 60 -67 -38 -68 -47 -71 -78 100 -63 58 -89 -88 43 -67 -82 -46 -13 -83 70 75 82 -49 -45 90 -60 85 28 44 41 -88 45 41 -41 36 -43 -59 98 -12 -39 -61 -33 -17 73 -100 9 36 -87 72 -7 -34 -19 5 -90 37 46 56 -28 23 -66 5 91 39 -49 -80 -62 85 -67 3 -5 49 55 -14 -21 -80 -45 55 47 66 -89 71 -61 -41 -61 -60 14 11 46 26 -33 -21 15 91 38 -10 -56 -74 -59 98 53 10 21 -12 28 8 -99 -85 6 -97 14 37 94 84 -70 -1 -47 75 5 83 -68 84 35 -5 46 -44 -28 56 44 -5 4 -42 -35 -92 -46 49 -89 -88 -42 -46 26 -34 -93 -41 -64 10 38 -84 -69 84 35 11 53 20 -9 3 -5 87 -31 -70 -59 61 -18 -47 -95 -41 44 18 -16 74 -20 -23 -87 -23 -35 45 -93 16 58 27 12 44 -78 -55 81 17 15 -43 -53 26 97 -57 -49 -49 -60 47 -40 7 59 70 -90 -84 60 94 47 -82 -10 -6 -82 -49 -34 -23 51 -62 -3 81 -26 49 -79 34 71 -15 1 15 -70 99 32 -18 72 -72 -45 93 83 -25 -76 61 9 -94 30 58 37 -70 68 -4 -80 -79 91 -19 81 -11 -20 -28 -26 11 51 54 43 -83 69 -78 80 -9 85 -3 -40 9 73 -37 -72 93 27 20 -84 -6 94 16 -95 93 85 64 87 -13 -96 38 -37 -23 -15 -58 37 -51 59 36 7 15 70 100 57 -47 -15 -4 28 -48 84 89 -85 50 12 -10 59 -16 64 -51 86 30 47 49 -39 -74 20 -16 36 41 60 -77 -59 -77 -75 -35 -81 43 80 -68 -20 -59 -49 -49 -1 -98 -97 -97 46 -61 -94 86 39 -55 -80 -80 -84 -48 88 -54 37 11 -98 -43 23 63 89 48 -58 63 51 -35 73 39 -49 55 100 -81 22 -66 -60 45 31 55 -90 5 95 41 17 88 93 -73 -6 -87 -97 -45 -28 24 62 -68 4 -20 -3 35 -93 -1 5 -94 -50 10 75 -80 46 19 -95 43 -59 -59 23 -53 -91 -69 29 35 100 12 -61 53 9 29 -48 79 72 -86 -66 20 27 78 68 52 -46 -19 -15 -72 95 -91 32 -57 -99 -64 3 4 -19 -45 23 -79 -3 39 31 -25 -31 -63 93 -22 -77 12 34 -34 -79 -52 -20 -94 -80 -45 23 47 41 -84 -90 53 -63 -95 -74 81 -14 -42 18 -5 -30 -49 90 -79 -72 -83 28 5 76 -96 -58 -1 84
90 -32 -96 -100 31 77 5 -76 58 43 48 44 40 -26 -26 32 -85 81 -92 -22 33 4 25 15 -14 52 -37 9 -29 -27 -13 -39 -19 -35 -42 -7 -53 52 -3 -25 -64 -30 20 -35 91 -36 71 -28 -82 -32 -67 98 -52 -21 -71 6 -59 74 35 16 -50 34 -62 58 18 82 -31 -33 -84 -36 -86 -71 52 -63 -7 -10 43 46 -34 60 3 -59 76 -5 -70 60 -83 -41 69 5 21 84 91 26 -17 53 67 -41 68 -16 21 -80 -2 -45 -62 78 95 60 79 -26 -62 95 -28 98 -19 -83 -27 50 20 -80 -89 17 8 -91 5 47 -68 -9 -45 -33 56 78 -19 52 -44 -12 15 -86 50 -3 -44 2 -69 -39 3 62 47 -74 22 -100 43 63 39 80 -51 76 46 65 -15 90 93 -26 -60 44 -15 -67 -24 -49 -15 -5 -82 41 65 92 -49 -62 -66 -52 -23 -74 74 -36 -57 -87 3 -8 12 -77 -5 47 -41 -10 -3 29 -89 42 -37 61 13 14 71 -17 48 9 -56 -89 43 -17 -40 -51 50 17 -12 -63 -21 8 -93 32 -84 18 -59 20 -88 -38 -97 25 14 -94 -63 96 72 24 52 3 -89 -20 72 -56 -28 -68 34 -27 -95 41 98 10 26 42 63 72 -63 -91 -85 -66 -34 -10 -93 35 -11 32 -37 48 -75 -14 63 -13 99 66 65 -20 -54 83 89 17 -73 50 91 -69 -93 -56 -85 33 59 14 39 -5 -85 53 -58 79 12 2 -6 -52 70 -52 -38 -48 7 -3 76 -66 28 -11 55 1 -57 -74 76 -69 -95 25 22 -65 24 -68 -74 68 -74 -40 -8 -86 -41 -3 -84 29 -55 -34 14 89 91 10 -49 -96 -69 -60 98 10 -63 21 -20 65 -24 -29 -19 2 73 -84 -66 -20 95 -21 32 -71 -58 -83 90 36 -70 93 -49 -64 -27 -91 -12 -1 -74 -26 72 51 -8 77 -90 95 54 48 94 48 19 88 26 64 -5 57 79 -96 -76 51 -2 43 27 89 37 87 -40 -76 -68 2 49 20 8 -100 75 40 -96 36 -84 -67 -76 69 14 -98 -1 43 -66 -33 -73 98 -4 40 -8 -27 28 -18 -7 62 -18 92 -5 -75 -89 51 54 -93 32 -42 28 28 60 46 -55 -42 2 59 -77 1 65 -78 -53 87 -1 100 -51 -79 17 69 35 -89 -62 -67 -49 -82 -99 17 32 84 93 0 68 3 -80 43 96 60 76 -40 -33 -9 46 38 -12 -22 -71 37 -92 93 -63 79 -83 -79 -58 6 26 -31 -89 44 -12 -57 12 -24
98 81 -8 -42 83 -96 64 86 -66 -62 54 90 68 -9 -91 -46 -6 -46 -34 21 -43 -61 97 58 -43 79 40 3 30 96 93 -39 50 36 12 -18 20 75 -42 -70 -16 32 -85 38 -54 15 -54 -71 89 -38 -24 20 8 10 -73 -47 10 85 -88 72 -45 -14 -3 -29 15 -95 -83 -64 52 -54 -14 65 67 -60 -79 1 90 -37 46 -10 6 -29 -94 -31 68 20 -78 -35 -4 -19 33 87 -35 -83 5 57 80 96 -31 -63 -37 -78 50 -82 31 -37 44 6 88 86 -66 -13 -67 -57 0 -83 0 -97 -91 -73 64 -45 47 40 -79 -14 17 61 -6 34 -86 -8 35 78 -47 37 61 -55 20 77 -79 45 16 -69 31 71 31 37 -41 81 -86 -6 10 25 -29 65 -9 -89 -71 -71 67 80 -90 60 -63 89 -20 27 69 -43 -4 5 -19 -7 -3 54 3 12 -11 -75 40 86 62 60 61 -69 -90 -29 -73 23 -94 -60 -100 96 -9 30 -99 -44 -97 67 -12 -98 -65 15 93 -35 70 97 -39 -74 86 3 -15 -75 86 9 -38 -71 -5 84 41 -22 25 45 -30 -91 48 14 -54 -68 21 35 99 -15 -58 0 30 73 -13 -5 64 15 -30 -64 -99 -86 -97 5 62 -62 -47 34 -13 -98 91 60 -33 -68 28 -67 -55 57 51 33 85 -14 -63 -47 78 65 7 -42 -75 36 -81 -48 22 -29 -50 19 75 -68 -6 -26 73 3 -31 -51 70 -65 -49 -100 50 -19 15 34 88 56 44 20 -100 77 -78 100 -87 8 -87 24 -55 -18 69 -48 -20 19 46 -97 17 61 -33 59 26 59 5 52 82 87 -74 83 98 -16 -21 35 -23 34 -16 63 -60 -32 96 -39 -51 18 -26 77 -26 2 18 -2 -35 39 50 -76 -82 44 2 -1 -76 -51 26 84 -14 49 4 73 22 -44 -43 12 -76 -25 15 83 14 16 40 14 -67 -24 49 -68 91 5 21 -82 -41 -85 100 39 -43 61 -44 20 -40 -19 -16 66 17 -75 68 -17 -53 -57 -2 70 12 16 -87 19 23 54 53 -46 -85 -43 -21 43 28 -36 44 -88 24 -97 13 -26 42 66 -64 68 -92 -31 -36 79 -50 -81 30 -15 46 28 -92 -78 -34 18 -70 -38 -19 -42 -45 -21 -3 66 -3 -45 11 98 -33 15 60 -31 -65 -71 -20 -52 88 50 -26 -35 46 85 87 -73 15 -66 -46 80 -19 81 -60 -81 -7 -41 -82 -81 14 -94 71 -86 -89 47 54 -90 -85 54 15 2 40 -99 3 73 -22 -54
41 63 94 -97 -66 -53 51 -12 -42 -35 30 -84 78 -73 93 -55 -66 79 -36 -58 79 -97 77 67 33 -7 -38 -1 100 -74 -54 59 22 -22 -62 31 65 -16 3 -43 -10 -6 86 78 -81 -97 47 9 -10 -29 -48 35 -7 16 22 -39 30 98 -83 7 82 -32 -31 -92 -90 -6 17 -50 70 -8 -46 -77 -89 -85 -35 35 -67 28 59 46 -12 -47 -36 16 -83 16 77 59 47 75 -44 -19 46 -59 -29 -90 23 -59 -20 4 77 5 -96 47 -23 -88 40 -13 -48 74 -90 -75 2 -86 7 -6 63 -20 3 -46 -27 27 78 76 9 38 -83 22 72 -11 79 -21 -1 -8 -99 -37 62 97 72 3 22 73 17 10 -35 -65 32 53 -34 57 -14 -47 -27 11 -87 37 53 -91 -12 -81 65 63 67 34 -94 -41 0 -80 -52 -29 -94 -28 -11 79 -39 96 80 81 -7 -1 -16 -40 43 72 -16 -30 -61 15 -20 -11 -80 67 -29 -1 -46 -88 -91 84 -53 -92 -46 -54 -69 2 23 -87 -35 54 -22 -14 41 -60 30 70 71 59 28 -78 54 -98 63 -85 -32 61 94 71 44 77 -78 52 13 -1 59 -81 -92 79 57 -10 19 43 -82 -66 51 71 79 -72 -65 -18 43 -45 87 -19 -50 6 -37 51 -71 1 -72 88 -13 -44 -81 -71 97 20 24 -40 -83 -83 -36 -43 -62 28 -9 -86 21 29 54 25 62 87 53 -25 -28 -50 31 63 84 23 -86 38 87 -99 -94 -39 72 -29 -56 61 -42 -29 -30 2 -86 60 -71 57 61 42 -90 89 -11 -82 -42 2 84 28 -46 -1 31 -50 90 65 86 -25 46 -9 -88 39 43 -53 -44 -36 -72 31 -38 -58 27 31 42 70 31 -42 -59 -30 79 -62 23 -3 -90 -90 5 50 -36 52 32 64 -66 24 57 81 53 5 76 59 -79 86 41 -35 23 45 -91 -100 -35 -52 -48 -95 1 18 80 1 -78 -3 86 -84 45 -97 80 -19 8 59 68 82 -50 -7 -45 89 -79 52 -15 26 14 74 45 -93 51 66 -25 24 78 82 11 42 89 -83 39 -69 -90 12 79 41 75 -37 18 77 -15 -9 3 -44 68 -36 -50 33 24 -10 35 -66 -14 -5 -72 69 6 54 -34 91 -85 33 48 41 14 85 -6 -45 42 81 1 -15 25 38 42 -49 48 -76 -46 75 1 90 94 -59 32 47 76 64 97 44 -13 3 27 96 70 40 59 14 -31 67 91 95 40 100 -14 -35 96 -15 -41 -58 -49 1 92 80
67 -89 73 83 -1 -100 9 -22 43 80 -59 -62 -83 -77 -27 93 52 -16 89 44 -34 -23 72 -81 -71 9 78 30 33 66 -62 -100 -22 -52 72 19 83 29 -3 -96 85 -30 -21 7 54 -38 1 28 18 72 11 -47 -75 97 75 87 -89 -56 16 71 -78 20 -8 -44 42 52 -40 48 60 -65 -28 -4 -24 15 37 67 -27 38 -54 29 45 -92 -17 -5 47 15 2 -3 84 -18 93 70 38 -48 -9 -9 31 100 11 99 -4 33 -100 13 17 -98 -44 37 -35 -77 -25 -69 77 -89 66 7 -46 -96 -26 -15 -20 -39 32 91 -6 -33 -23 -84 74 2 34 -81 -50 -8 -9 87 6 -72 -70 60 -12 -27 -51 -29 -98 -38 37 -94 92 -57 -27 -28 -81 46 -97 -91 -89 -49 -97 76 50 -95 -94 62 37 -37 -90 -77 -77 3 -71 16 19 20 -91 100 68 -3 -28 38 12 -54 31 -86 -43 -22 99 64 -97 -50 96 77 76 58 -60 -78 22 49 60 -33 34 -65 82 11 -54 30 31 -77 -61 -84 -64 -42 98 30 -17 -59 -28 98 -13 -97 24 -56 94 89 70 24 36 49 -17 -59 36 25 -78 81 83 85 -16 12 -7 -29 96 36 3 -34 78 55 81 33 -43 45 -13 7 92 -52 -93 86 42 63 92 -49 -35 73 56 -20 65 90 89 88 -14 -28 54 22 40 97 65 25 -97 -24 15 -54 -69 -67 70 -82 57 90 -63 -4 7 -99 67 24 -15 -81 -48 -74 -62 59 9 -56 -3 59 27 20 50 49 -23 76 54 -42 -36 67 57 -48 4 35 21 2 -61 57 -16 -59 -16 -75 70 -18 58 -47 -95 -24 0 85 57 -78 -11 -47 -91 -83 -16 61 5 3 58 -40 -71 -37 27 63 -97 6 -44 83 -93 57 -49 13 31 75 -97 23 -75 -56 -52 28 92 15 -20 85 -13 -69 -42 58 43 -81 56 -57 22 59 -30 25 -68 55 -39 -55 14 -92 -29 -69 -15 17 6 -65 -41 71 -68 -52 -62 10 -28 -5 -83 -100 -9 -6 -36 -75 92 -10 -99 -89 13 18 31 57 55 -65 -23 65 -67 17 -16 5 -48 27 -61 75 -60 97 5 -95 -19 -12 66 -88 35 45 -80 57 -60 70 69 -55 91 -8 -15 86 72 43 -3 -25 45 -83 46 73 -21 -77 41 100 24 -5 -97 73 -3 -38 89 -55 55 -59 -5 -68 -53 53 -44 -84 41 -53 -61 -74 -55 29 23 -19 10 -59 76 24 92 98 -100 -37 17 83 36 -52 24 -81 60 -73 23 70
94 96 96 -91 -53 47 -90 42 48 6 85 -24 -4 93 21 -91 96 22 47 -47 27 53 -22 53 23 -40 -64 100 -79 60 3 30 99 43 -18 -88 89 -65 -35 -65 -67 -21 -34 62 -69 -47 -87 48 -96 -91 -97 -62 -23 52 44 -48 -56 35 67 59 56 -72 94 -38 91 -42 46 8 -44 -44 11 -77 -95 13 -78 -80 -51 -42 96 -76 -60 -32 -76 -29 -92 83 40 -7 -85 -96 80 -60 -36 95 22 24 -25 -63 -30 -80 -85 -96 20 -40 6 58 -54 45 52 13 -26 -58 -22 59 47 -57 2 68 -12 -22 -65 48 -2 -9 -56 -53 -49 37 -11 -86 -14 -12 32 56 14 -62 -76 18 5 -29 -94 84 -47 4 -68 17 -92 2 37 4 41 -6 -96 -88 -59 7 -92 20 -2 85 -26 52 -45 -37 63 -84 8 75 -91 -77 39 -74 -58 -88 97 21 48 92 85 -62 85 64 48 -69 -1 -65 48 -42 87 79 94 82 91 21 -46 96 50 -17 67 -35 13 -22 -86 -49 -74 -56 72 -3 1 -99 41 -20 61 -37 -68 17 98 -48 -49 35 -29 83 -28 72 97 -31 37 33 -7 55 48 8 97 -85 40 61 29 84 36 -80 -39 4 0 64 -74 -89 84 -52 -97 -58 58 -50 9 85 74 47 -15 -2 -45 -32 72 -83 -60 -70 -7 7 27 54 73 -27 15 -25 -34 10 -6 -48 94 -28 -81 38 22 -47 -4 13 -17 47 86 40 -1 91 9 -27 95 84 -42 6 -15 -3 3 28 -45 6 -61 37 67 -31 84 -61 89 -10 26 -4 -90 41 38 -66 74 83 9 27 -17 40 46 64 89 -1 -67 48 -79 9 -61 75 60 -71 -10 77 15 90 46 38 -87 6 -81 -3 -74 -44 -38 -18 -23 56 -56 90 48 -64 -90 91 -62 -42 62 -95 -74 3 31 -88 79 46 28 -58 -58 98 -91 9 91 -92 79 -89 68 -52 -25 41 -54 51 96 -85 -63 -21 -24 -15 58 81 -54 37 63 -64 -35 -94 41 0 -69 30 -40 -73 -38 -79 3 -85 -38 -2 60 37 -7 -98 10 -83 -100 69 -78 13 -79 -7 62 -27 3 -95 -10 -33 -11 58 -99 37 53 -18 -82 52 -24 72 -15 -38 -92 53 100 -20 77 -90 6 -86 86 -81 87 83 -67 11 -39 81 -31 -24 62 4 47 -52 43 65 -29 31 -54 83 -44 88 -28 87 26 -28 -52 46 17 55 -43 -18 96 51 57 -41 -3 1 26 8 36 37 65 -73 79 -41 -57 72 90 4 -86 -61 -37 41
-57 -93 -52 -46 -58 15 40 7 40 -48 69 -100 -26 -1 -95 -13 15 64 -39 -84 45 -8 -32 -69 66 -55 78 72 97 70 -13 -26 -82 95 -56 -82 27 17 -80 -73 3 -80 -63 50 -40 -89 86 -80 19 -74 95 91 91 -38 -71 -18 -33 91 -60 49 79 -91 -94 33 16 -32 52 -27 29 5 -73 -80 1 -31 98 -71 71 79 -74 54 -60 -49 48 29 -55 76 -4 -49 90 4 34 81 22 54 13 -46 -8 -61 -23 -92 -17 65 -29 -47 33 -4 73 53 -65 94 7 53 42 -47 32 -70 -14 -54 -74 -96 -75 40 -81 -73 -63 62 87 -34 -68 -75 0 -57 -13 84 76 -99 77 26 57 97 -75 69 92 29 -44 7 -26 97 63 60 96 3 -31 -94 -96 95 49 11 -36 37 -35 85 75 34 -79 37 -16 0 -73 70 -47 62 48 -8 -94 -13 -13 -3 82 -12 50 -79 41 -39 -20 84 22 -78 -7 -1 52 38 56 42 -28 98 76 66 -11 -7 42 60 21 18 100 -31 -34 -40 -92 79 -13 19 89 8 -19 31 -7 78 62 86 -85 -94 -82 -19 29 -27 -26 -63 -38 -47 70 79 95 44 91 -84 79 -56 -23 -19 8 -85 98 -35 71 -55 -91 -66 -42 63 -99 92 6 -53 83 69 -32 -27 -40 28 64 67 -24 33 10 3 -74 94 -48 -92 -28 -36 -90 -2 -5 -49 10 78 46 65 -100 -33 41 78 7 0 42 48 -91 -30 90 89 56 -22 -55 41 -21 -95 -89 26 -27 2 -96 52 61 18 -40 39 -50 -19 -30 36 33 51 -55 -98 -75 36 -56 18 70 -51 13 -68 -61 10 -89 -27 -22 -94 -47 -58 -13 -62 75 58 5 -91 -99 29 78 91 -11 -35 93 44 -24 98 9 7 13 87 -81 75 52 -27 -10 -44 -21 -6 56 50 -49 70 -26 22 42 -87 -25 36 5 63 53 -36 28 40 82 -91 24 -4 32 71 27 -62 -36 9 60 10 90 -21 8 -55 -14 37 35 -82 61 -4 -44 84 -95 -1 22 -1 14 -41 95 80 -19 -97 95 -51 -60 -17 -45 49 -64 50 -6 -43 -46 17 28 54 -73 -26 46 -46 27 31 62 -4 59 0 -6 15 95 51 4 -72 3 92 -54 100 13 96 78 -96 0 -61 55 6 -30 -30 -15 92 -73 -87 21 1 25 -18 32 17 -75 65 -46 -4 -8 -43 14 41 22 -68 -88 16 47 -14 -63 33 4 31 92 -51 62 67 100 63 60 47 35 -40 25 26 5 7 2 89 30 -56
-82 -97 36 22 -27 -42 95 54 -99 -29 -76 76 -21 -89 86 -90 -80 63 -35 28 -88 15 -55 81 76 -6 -11 65 80 19 45 61 71 52 -44 51 -75 -53 69 95 -72 -69 -97 -99 -13 57 77 -48 65 -54 -85 -55 -76 1 66 -70 -20 -64 -40 -88 99 34 10 42 -49 82 -59 -44 -81 1 56 -16 -57 -17 1 -96 -54 4 -83 -18 80 -27 -16 -79 -63 59 -89 -17 -29 -62 81 -47 -24 -68 24 -44 -78 -63 -71 -5 -21 47 3 55 -55 -10 -29 -44 52 -83 11 52 53 -32 80 -96 -73 10 -21 10 73 31 37 -86 -98 81 45 -97 75 70 -27 -89 82 74 98 -33 77 21 -25 -60 14 -99 92 76 -69 -14 -29 50 72 59 -100 77 -76 -7 49 0 31 92 16 39 33 52 -76 -21 77 -60 88 -61 -34 9 -51 -100 40 89 -65 -46 -89 -42 -26 67 -85 13 -12 -77 32 65 -69 69 64 13 -90 -40 88 -34 -49 91 -32 62 24 24 92 -15 58 0 -48 8 77 -4 36 64 83 62 12 -95 -90 77 86 -76 -62 -64 -34 33 -19 29 -58 -8 -18 56 -66 -19 16 -85 -9 -13 20 27 -64 -53 74 10 -53 -47 54 62 19 -64 -14 -9 -27 -66 -29 17 -35 -5 -88 17 -46 -97 96 13 -47 11 95 48 -67 -69 82 -30 93 -95 97 3 -65 97 -46 -58 -89 -49 -32 -34 -36 -82 43 24 38 20 -44 -13 63 -63 67 -30 -5 -96 -22 -12 -64 35 -44 93 62 36 84 34 62 -67 48 -56 72 -100 -28 -69 100 6 22 37 -22 -70 -58 -69 55 -10 26 -37 -99 99 -49 17 18 -31 -17 -64 -77 14 -8 90 6 41 -18 55 -55 91 7 -65 -85 81 77 17 17 90 23 -41 39 -4 65 -55 -51 -67 85 75 72 8 -74 -48 -19 35 55 25 -59 51 -4 -69 94 52 -28 83 74 -43 -26 -50 -48 50 52 54 28 -53 -92 -55 78 -3 50 -63 14 44 -37 83 97 60 73 -21 -69 82 -13 59 -80 21 -79 -89 88 32 66 -66 16 -36 35 31 -50 49 54 54 26 -84 53 89 21 56 24 58 -96 -75 -27 100 -69 5 -5 -65 91 90 -62 -28 -98 -43 -36 32 26 81 -48 -66 38 -13 53 -59 -48 33 61 98 -69 -58 98 -31 34 -83 61 -31 -73 -93 59 70 -42 73 78 71 78 -68 -22 -100 2 -86 -38 19 92 -42 60 28 -48 82 -39 -37 0 26 -40 66 -41 3 21 23 -78 -3 80 16
-69 67 -92 38 -44 -13 46 65 32 -88 -93 16 -34 39 17 -9 -65 30 37 -14 -77 -86 -83 96 74 -4 -5 -46 2 31 -27 92 -34 75 -61 -18 87 98 39 -59 -96 48 83 73 -5 19 78 13 35 -72 30 -26 57 51 -44 92 64 20 -69 80 63 48 6 74 49 9 95 -21 -99 -10 -6 -45 -3 97 -74 61 66 29 46 35 11 -42 62 99 46 -64 -59 -40 -73 -98 43 -62 -45 50 57 46 -56 23 23 9 16 46 -31 79 -2 55 21 -55 -8 -35 -1 -50 62 80 -70 95 21 -70 -23 87 69 -52 77 33 11 -41 -8 56 -8 -33 -30 94 -73 -2 -52 -63 43 -13 82 2 -87 23 24 90 50 -78 9 -72 -7 -23 18 -90 -7 49 -56 4 81 33 33 -7 73 -21 -90 -81 34 -78 11 81 -80 -66 48 -39 19 -45 38 78 -2 -66 -48 18 88 -48 -7 -70 38 0 62 -34 -85 -4 67 61 44 -96 9 -59 36 80 -40 -34 100 79 -98 7 -75 -88 -95 79 -39 92 -53 4 88 63 -81 43 -25 -66 18 -54 62 -51 -37 20 -28 -67 -6 29 62 -78 18 -45 -43 65 70 54 19 -17 -34 -59 36 44 91 -80 -3 45 -17 -79 19 -89 48 -78 -66 0 -82 64 -69 17 16 -4 60 -98 10 83 -19 36 -69 61 71 -79 46 5 -51 35 -13 26 -18 65 -1 53 30 -24 80 8 -63 62 55 -13 7 89 66 0 -60 41 83 51 51 13 -36 73 32 -53 -2 95 53 -8 20 34 -63 39 -85 -78 -75 -49 -69 47 12 -84 -50 -32 86 -94 43 -67 21 -51 74 -82 58 35 83 -30 -100 -63 30 72 -49 -77 -13 100 -69 95 43 1 87 30 -37 84 88 -15 -94 -30 98 -21 63 69 58 -33 21 -47 85 87 75 -79 -98 10 -93 -15 -26 18 74 -95 0 -1 -28 26 -42 21 -76 92 48 -58 -56 78 20 79 0 22 -59 -31 57 -72 79 -87 -56 46 -60 60 -100 -59 52 -9 27 3 56 80 53 52 -46 -45 6 -88 14 43 -54 -92 94 68 -44 60 -26 17 43 -72 -9 -10 -75 -93 22 -83 41 -33 8 23 29 20 -51 -5 28 18 15 33 -17 34 -25 57 -37 -78 50 -74 -55 13 62 66 55 100 -5 40 54 -8 -86 55 -54 -51 -17 51 -45 25 1 -76 37 -28 -25 32 24 83 -92 -29 -67 93 16 -55 -28 -8 36 -84 39 -52 65 -34 45 96 72 45 -6 -81 -51 60 -30 55
-53 47 57 -73 -41 82 43 -33 40 -22 33 -86 -96 -81 -65 -91 -31 -43 38 -10 35 -58 98 -92 -12 -66 -67 64 70 -30 -13 37 30 -81 -38 92 -29 -34 -78 -72 97 40 68 98 38 82 41 68 31 84 90 76 -67 -51 23 -30 93 65 -82 25 82 -83 -15 -5 34 26 -79 37 -93 88 19 61 55 83 -35 19 -43 -79 -45 -13 11 -43 -38 -24 -61 92 -93 8 18 -17 95 -69 -84 -65 73 78 3 40 -82 48 100 2 81 31 82 3 35 79 78 8 3 100 -25 -52 92 7 65 85 93 -79 59 -79 -56 74 -54 -76 -50 1 -35 -85 11 38 42 20 4 100 -79 -69 30 -40 62 -80 2 -12 1 -68 -16 27 -98 -70 37 -40 40 55 85 -16 -5 -94 80 3 -96 -9 70 8 55 12 -68 -99 14 76 48 -13 82 -40 -1 -76 -17 -39 -95 -54 -81 57 14 50 -3 -15 85 -58 90 -31 69 38 4 -23 -29 -6 -76 -89 -51 -39 86 -78 -59 -31 40 -68 33 82 46 -64 -69 -53 -79 -65 -35 22 50 -69 -62 -55 100 31 -32 -69 -71 -30 -18 -68 -7 -96 -27 -88 100 63 17 48 68 91 -62 56 15 -26 -12 23 61 98 -19 -18 51 36 -67 -95 -40 -14 31 32 -3 -58 68 92 -60 92 29 54 47 -38 41 38 -41 -27 77 -20 -94 99 -27 65 32 12 -41 -94 -19 -53 -81 -34 97 44 -39 94 -35 55 -11 -13 98 70 15 59 -16 94 -36 -29 26 38 -22 20 -26 -27 -26 21 100 87 21 -95 -32 87 90 -99 -96 -88 -49 54 66 50 3 58 -20 21 52 -63 33 15 -100 -51 44 -5 -14 -77 -34 -27 33 66 -80 -23 -31 51 86 94 -99 -61 -61 68 90 -26 -7 -44 86 -85 86 -37 91 64 79 7 -29 -54 -31 -68 39 -14 -67 -45 39 -46 83 -22 24 93 45 -100 83 43 -68 78 -53 69 -71 56 82 81 27 -27 63 33 59 79 -10 -96 32 -87 23 39 5 91 76 86 5 -94 -65 21 96 -50 22 -15 -100 21 34 20 -56 72 7 -30 -98 -11 -72 -40 -43 61 30 -89 54 -44 9 10 69 7 21 -27 54 75 21 -93 71 -6 18 -48 -14 -84 8 40 -37 -89 71 -73 -15 -66 -21 -43 54 94 52 -32 54 10 -53 27 -19 78 49 -54 30 -84 45 -88 82 19 5 -80 -10 -57 -9 75 43 60 66 70 -17 -58 -35 -64 46 96 -6 90 -94 -37 51 -81 24 62 25 -6
-90 -39 33 -46 8 7 -16 -34 -49 100 -41 -41 18 -56 54 66 55 -70 62 -95 91 62 35 53 89 100 -46 92 16 -100 -99 -47 -44 -19 73 -7 84 50 -82 92 -95 63 -46 -22 -32 25 89 27 88 -38 39 63 -38 -4 -86 19 42 -28 -7 -51 -84 -86 -19 61 -88 9 -14 -58 -1 -67 -95 -53 23 -36 99 -40 -70 -33 12 81 68 99 -4 -31 92 -46 99 74 77 -78 52 -76 69 -48 67 9 3 98 -98 -82 -72 97 11 18 -40 -3 -64 -70 75 -21 18 -14 55 -52 15 34 -93 -32 0 79 -72 -44 -30 -68 -48 78 11 80 -60 -79 -84 53 -36 -94 -78 28 -4 -90 -35 -25 7 -66 4 97 8 28 -60 -39 75 89 53 26 80 -20 -73 -98 47 -90 16 -70 -18 29 -44 56 64 -92 93 -27 -60 -13 -27 -18 13 -100 -49 97 -21 -70 -66 -72 -72 7 44 -64 -83 -54 -46 43 -99 69 -93 -37 62 35 -7 -16 51 -44 97 40 8 26 -54 84 -70 35 75 -59 60 -37 -80 -4 -43 85 -96 86 -70 -41 -5 -67 76 -66 44 34 82 48 82 -10 -85 -84 -23 90 -47 -95 79 -47 55 -76 4 -22 -82 -29 -50 87 -45 33 71 38 37 41 21 -31 30 -98 -98 80 24 -73 46 53 -90 22 94 27 90 -87 40 91 -62 -90 1 -52 -15 -4 -48 -65 -90 29 -67 66 39 70 -32 -3 -89 -6 -16 -2 31 32 -18 46 40 16 33 -18 66 7 -12 47 23 50 -76 12 77 2 91 12 -9 77 63 31 21 -81 9 -27 -74 69 74 -7 -13 52 -10 -91 -61 -80 -75 42 -93 -35 -20 -58 67 45 93 94 -26 -4 -5 -70 49 90 59 55 79 -92 8 -1 -39 -40 -89 22 91 -26 43 -52 -19 81 -15 42 -30 -70 -97 -90 -23 -64 6 -21 12 24 -69 12 11 44 -68 83 -96 -11 44 -20 30 -95 21 -89 -85 53 -72 -95 84 33 10 74 89 -9 39 38 -77 -56 13 -9 -93 -71 34 22 7 45 45 -9 -48 -40 60 84 -10 -58 72 42 -29 -96 -64 15 -98 12 21 -24 96 -30 69 20 -47 -28 93 9 2 -82 21 -17 -12 -61 25 1 55 15 14 88 39 74 -14 21 -93 9 14 23 80 -32 53 55 67 -71 -79 -8 -67 -3 5 82 98 -92 -26 -23 -23 -41 -32 35 72 -21 64 -97 87 -30 26 -14 -72 -97 -41 -72 48 -42 46 82 52 1 77 95 31 -35 -30 -6 -68 90 -97 -13
69 27 71 -98 -42 44 -2 -91 -77 43 7 70 97 -55 80 1 -28 -95 2 63 -98 18 34 4 4 -49 -66 -40 -51 48 45 62 46 -72 10 99 22 84 54 62 57 22 -35 41 -54 100 -54 36 -96 -80 40 -45 23 -21 44 7 -1 42 -87 41 -60 -75 60 53 93 -24 -34 -28 29 67 -58 -68 -73 -44 -56 -72 95 -82 15 48 -16 -24 45 54 -85 50 23 -8 40 -43 100 -12 35 9 -2 32 22 31 60 -91 20 94 36 78 3 -16 19 66 -66 -88 81 57 -22 -10 -68 58 3 25 -36 66 22 85 -85 29 22 20 -50 -33 -18 33 17 -67 22 0 -100 61 12 36 58 75 -17 -32 -65 -88 -51 67 -90 -5 52 -75 81 -60 4 -60 -81 -84 0 91 -51 -86 -99 59 -7 -78 22 -24 32 -95 8 91 -9 -31 -14 -38 28 -46 78 -46 53 87 83 19 -90 5 -97 -1 -100 46 90 51 -79 -89 -64 -51 -32 -31 -88 -33 18 -71 62 -98 2 91 -100 28 -36 -76 19 -96 61 11 -38 -90 45 -36 3 24 -44 -95 24 63 -100 -87 72 73 82 -73 94 60 86 -82 -44 6 95 -19 71 -12 34 53 -21 -37 -37 -78 9 18 -25 -49 65 69 68 -96 16 -35 -65 -44 -97 39 69 42 62 -6 21 -55 39 99 44 -49 -86 14 -98 -82 4 28 13 48 -83 -76 61 52 -94 -100 17 -58 64 50 29 -70 -17 95 -18 69 -43 -11 -42 54 -86 41 82 -47 96 53 43 93 16 -23 28 -98 16 1 32 66 -80 -52 -16 67 96 -69 -70 69 -60 -34 40 -54 -43 -61 74 -86 14 9 89 -61 -82 -24 81 21 -24 -36 -41 -26 -70 26 96 -60 91 -6 45 -6 -7 8 65 -40 87 56 90 -21 -9 19 -55 -53 83 -64 49 -8 15 91 27 -53 -5 -69 12 -93 48 2 -29 26 63 24 74 73 48 43 -48 -66 -87 -38 19 -94 -43 55 -28 82 47 -95 -9 36 79 16 -84 55 -77 -47 89 -3 86 -60 45 6 -81 -48 -99 -100 -31 -61 74 9 -35 55 -1 -5 -5 -16 -9 77 -50 -72 -90 58 28 -53 -27 -61 -11 29 7 -36 7 83 49 39 -69 -92 28 -29 77 -33 -33 28 75 65 99 65 -48 -16 -38 6 64 -56 -92 57 -20 48 4 33 39 38 -71 -23 -51 36 66 -12 4 -40 -77 92 -85 -19 -58 -51 -99 68 -58 -90 82 -36 -19 -58 -63 -10 -60 57 64 40 -10 84 43 41 66 51
64 31 80 22 90 64 72 -35 97 -22 -24 -89 75 -24 -13 -17 -69 19 -99 92 4 -94 77 10 -71 84 -89 35 -33 60 96 20 -97 -63 -39 41 -44 85 -21 1 71 -26 66 -88 -61 36 11 -22 -30 -36 -29 34 27 -81 4 -90 43 93 100 70 42 -89 -53 85 5 99 10 -29 51 -100 -11 80 -52 -6 17 -21 40 69 68 34 78 -33 -16 46 -18 -68 -29 12 44 -54 -6 75 55 -42 -25 59 -6 71 -52 93 -52 33 -12 71 -84 25 27 35 61 25 60 73 -53 56 -73 -45 3 69 -26 89 -47 -79 -55 60 -95 38 -52 5 -77 17 -13 17 -50 -77 -73 44 39 12 -18 -58 -58 89 -28 17 10 -96 -100 9 -81 8 97 -74 1 -46 -27 -65 20 3 -39 63 -70 55 45 88 6 -12 -19 5 -79 -11 9 -33 -75 -37 22 -13 -28 -58 36 18 62 -75 -28 -22 -36 94 -19 -91 5 32 74 32 23 26 -34 -58 9 19 83 74 -34 -58 91 92 -42 -88 -16 75 24 96 17 31 -65 47 29 10 -95 -2 -41 82 39 29 -27 -69 3 -20 -17 63 35 39 48 12 88 57 -47 -65 2 -51 38 17 47 74 -39 67 -38 8 -68 -10 15 -92 -82 59 52 -2 29 38 81 -93 75 -25 -46 -21 89 -43 -90 -74 76 -77 48 28 10 18 48 -38 80 -38 53 39 20 51 -62 -33 -20 83 77 -68 -51 -63 92 -85 21 50 -78 25 34 -13 -75 -22 77 58 -82 87 -72 51 -59 -56 91 -1 35 23 -17 -33 6 -23 70 -16 25 -89 33 -85 -28 55 -99 58 37 -30 21 -49 -87 62 -66 76 -27 -41 39 65 -36 45 -63 -25 11 28 79 17 97 63 35 -89 83 3 -48 -25 48 -67 -66 -59 -92 -78 72 -36 -22 60 -29 -86 -14 90 85 -16 77 -69 -22 66 41 -13 76 38 -6 85 -26 71 71 -23 -78 50 -72 85 73 40 -39 1 90 -69 98 -87 -78 -66 44 -66 38 -83 -38 43 -11 82 -19 21 -33 35 79 -81 97 -15 61 63 56 -36 -15 -74 -45 36 -53 -73 7 -4 86 -80 9 14 -84 19 7 53 56 74 40 86 -61 -16 90 9 -19 -80 -68 -47 -45 13 52 2 22 -98 -72 11 -58 -38 84 24 40 95 86 13 40 65 60 -26 42 -52 27 39 -95 -4 -57 -9 -99 66 -36 -79 3 53 89 39 -68 36 6 -56 100 24 -50 13 51 96 -12 -37 4 -81 -72 -73 87 -5 39 72
-69 18 -83 -41 34 -23 -59 31 36 -54 91 74 48 -21 -85 54 -98 -87 -51 74 -100 26 71 51 68 86 -46 52 6 96 86 64 71 -80 -15 66 -73 75 -52 -71 -86 -98 -95 100 -71 71 92 23 -64 29 89 -100 -20 77 -24 -17 -93 50 -47 93 77 -20 -15 -100 58 -68 -36 65 -55 -93 12 -23 -70 -46 51 49 43 -48 36 8 -15 32 63 -45 -54 71 86 61 29 40 62 -77 -35 -59 -34 -38 -64 -96 -16 -11 25 50 -69 -63 -78 88 35 9 98 87 -77 59 -66 66 23 15 -27 30 -49 67 -65 -26 72 61 -61 75 42 80 -47 9 -37 40 -69 71 100 69 49 -20 96 -97 6 -17 33 79 -32 -76 65 -5 -65 -68 66 42 55 -68 17 97 25 -98 -28 34 -30 -88 72 9 37 91 -54 30 -85 -97 -29 -88 -39 27 61 -58 3 -31 17 -73 52 100 30 -17 90 21 4 60 45 77 -84 23 51 -93 -62 -53 77 41 -14 -40 7 -35 -6 61 -5 100 44 -9 90 -74 -18 -65 63 98 -67 93 94 -20 25 -30 -5 87 -79 47 -13 -24 -89 54 49 52 40 23 56 9 -93 47 -48 -83 72 10 19 35 -64 95 54 72 100 -63 21 82 -40 3 4 -65 -40 -81 4 38 -77 38 -58 89 53 -58 -78 -74 -72 33 -80 84 -10 -55 6 91 44 12 -56 86 -34 39 17 48 27 -43 58 -54 -54 -99 10 99 47 7 29 42 -51 -14 7 73 -45 48 85 -26 24 62 54 59 -64 76 -68 -15 -35 -13 -44 -8 46 82 -75 -84 -30 -66 -39 47 71 49 34 -37 -6 55 -45 -8 100 75 -29 8 -74 -23 -59 31 -59 54 18 -45 37 -57 -53 -75 -39 80 47 -52 -99 -73 -63 51 100 -86 -44 13 -69 -13 68 -96 -46 -24 -81 47 -49 26 -65 -83 61 94 -81 -57 56 35 -23 -31 -78 34 6 -12 86 26 1 21 -39 29 -27 31 6 75 -70 18 -16 50 -4 2 89 84 81 54 38 58 0 13 -77 -80 -32 -61 -24 53 62 -39 57 -43 57 24 51 42 11 -25 17 0 -14 -9 100 46 12 3 41 77 -49 52 -40 75 38 -72 31 -48 35 29 42 59 -3 -7 17 -4 -26 78 -60 31 45 44 -15 -61 -37 71 -66 -52 3 -43 -39 72 -63 41 86 67 -8 -5 28 93 -50 -90 32 -95 -2 44 18 -85 27 56 36 28 -58 60 -98 39 -44 68 24 -41 -66 52 -18 -69 -69 36 10 -72
23 46 2 30 4 70 -90 70 74 56 71 -78 -95 -28 -74 -80 -81 30 26 50 -78 73 59 -49 -39 -92 -48 -2 90 -91 40 -81 54 47 -62 -31 18 -99 -65 -75 -1 -43 65 27 -83 -9 11 25 98 30 -78 -93 -48 60 -2 26 91 -4 46 -8 -34 -20 27 -85 -63 76 -19 -28 -27 83 6 -64 67 24 75 87 75 20 31 63 -29 -36 -69 24 38 -21 -12 -52 23 -96 -45 -59 -6 -84 -54 -29 -52 -11 -88 -10 55 -34 -30 -93 -31 63 -71 -48 -52 -83 -57 -75 13 -19 95 -84 65 -84 -98 -68 -86 15 -38 65 -74 -82 72 -80 -33 -15 8 -8 -97 -20 100 -6 39 -68 -16 27 -21 -94 -21 38 -18 23 -7 0 0 -49 75 -35 26 11 -3 58 55 -11 -13 14 74 -84 -13 -46 95 -66 -78 55 -87 -39 78 71 -91 58 100 -82 -85 56 15 -14 25 -71 -81 -84 -68 -33 -92 92 -54 -2 -36 51 93 5 94 2 -16 -49 11 -96 92 -51 -96 -74 60 -19 82 54 37 40 39 43 31 49 13 -13 100 -67 -54 70 -61 4 45 -15 83 -29 75 -95 90 11 90 -75 -90 80 -3 -7 -22 -42 -58 -25 -20 52 22 -53 10 45 -6 -72 -13 -40 56 -91 -15 -89 24 34 -48 14 51 -10 -52 -56 26 -3 22 79 28 -67 66 -23 63 -92 74 -10 -53 92 -92 17 6 -55 82 -33 69 100 -96 -66 0 -91 -5 43 2 54 -71 -5 79 66 -75 52 46 53 -45 -39 -39 -51 96 -16 36 -96 44 73 -79 45 75 63 52 -42 -44 56 -25 47 -35 -79 71 -80 -100 -70 84 -6 78 5 28 -8 70 42 39 25 72 -19 36 -47 78 83 48 -82 88 39 -49 -98 -28 31 88 -4 -9 -7 -69 -52 -29 72 -57 -31 74 47 86 -89 50 46 -97 -75 -52 -52 -30 8 -14 -65 68 -6 72 80 -1 52 19 83 -96 -11 41 99 -92 -97 -81 -46 72 -15 -66 46 -87 69 16 32 20 -44 61 73 -37 67 -29 -31 -33 31 32 100 -51 66 4 83 6 15 8 -91 -44 -51 -6 -32 -39 -38 34 85 76 -1 -83 -65 37 84 5 -5 34 99 -42 -31 -22 -22 -74 -71 -18 85 33 -1 75 14 64 50 -56 -57 56 13 -32 48 43 -8 -28 15 -14 -95 -54 -33 41 -65 78 75 38 84 14 10 88 -20 19 -50 -33 -21 16 -96 56 71 -17 53 15 18 -20 48 44 18 -57 94 -17 -46 -26 -47 -46 87 65 -89
-81 81 -73 -58 80 89 7 -75 -79 87 -52 51 -2 -1 -44 66 -69 48 9 -96 -2 -31 -47 93 70 -76 75 -94 83 -12 -63 98 -67 -92 -90 -34 -41 91 -73 -85 -49 -98 88 -39 85 -13 16 -65 -65 51 -45 -16 -97 -68 -56 66 -82 83 -25 72 -44 23 -22 91 -9 75 -41 63 -95 -56 -35 -93 -21 -44 -78 97 -1 -2 23 -19 91 -77 64 14 77 68 -66 -72 -91 -22 43 78 -6 -98 100 54 -2 -11 -34 -94 8 9 -17 98 -78 -96 -19 -89 -75 -72 -70 31 -63 38 60 30 50 43 -86 -7 67 -42 11 94 -27 -19 99 13 32 26 -89 100 77 47 65 43 26 -24 -78 24 36 -52 -63 19 -85 -9 77 4 94 49 59 -88 60 -45 -55 18 73 -76 40 89 -32 89 97 59 -22 -99 -27 -11 -87 -28 -74 -97 95 -70 -58 65 51 -20 1 -88 -19 -83 81 -12 97 -24 -92 61 34 78 -62 -29 54 -31 -36 62 45 63 -99 -16 51 -36 -96 10 44 -76 66 -15 -94 -89 56 -84 -68 -93 22 65 -12 61 -89 -95 26 -64 96 73 75 -78 26 -78 -79 66 9 68 -72 -22 49 -56 25 -65 60 30 13 42 -94 -24 -56 40 -21 62 78 24 -95 4 -21 17 -83 66 50 -40 -3 -19 9 -50 -23 86 -53 96 -78 84 -64 -24 26 15 -61 48 -63 -49 51 -28 -1 78 11 -54 -3 -15 46 -17 49 50 75 30 50 -64 -94 -74 65 -86 35 88 93 41 -29 24 37 -67 30 -76 -15 -80 34 -84 -78 -23 -21 -40 -57 -15 -12 -89 -81 -96 46 86 -37 8 -26 2 36 83 -92 -33 72 79 83 -33 18 19 -79 89 74 -6 7 43 -34 66 -81 -14 26 45 28 -23 -75 77 84 0 -32 27 -38 -82 -80 13 60 75 -82 -31 -62 1 -2 46 -24 -23 -52 86 -61 -78 -83 -67 -61 -16 -75 -6 -19 -52 15 73 -44 77 54 25 -30 68 -86 85 -4 80 -35 -16 6 -29 -60 84 20 53 -57 -62 -70 -85 -2 17 -50 85 -77 68 -45 -16 62 -2 44 20 30 -16 -17 100 36 84 -72 61 -30 72 -33 13 -44 9 -68 12 45 44 -68 46 66 -78 -79 97 -62 -88 97 -94 39 -9 32 -100 28 90 86 -56 99 98 100 -40 -37 2 84 -14 -49 63 -97 43 53 -73 -97 -45 -42 -80 -34 -95 9 24 77 25 25 30 58 98 -1 4 82 -69 -68 88 0 -36 -38 96 57 -69 33 35 43 -71 -79 -78
34 -92 62 -3 -41 54 -11 -52 -55 5 66 0 -21 -97 66 42 13 93 -55 12 65 83 -95 57 19 60 -73 -58 40 27 -92 26 -13 49 -77 64 56 -42 -5 8 97 -46 20 -69 -53 -42 18 -84 38 -90 63 -26 12 -40 7 -8 -67 -25 -13 -50 48 -48 30 98 -73 -51 61 4 -30 71 -85 -1 4 -84 40 -39 53 52 76 34 -73 -75 -27 -41 -74 -7 30 -31 66 74 87 -48 18 25 -5 8 -24 -3 -7 91 -93 -59 100 -85 -67 -17 -18 96 -87 -51 14 -87 59 -75 -12 37 -77 -40 92 -81 -18 16 66 -99 51 -98 80 -61 -87 43 -14 -55 -94 -73 -87 -50 -24 93 34 51 -45 1 -1 -73 -98 60 -75 63 19 -47 -94 -67 29 41 -72 -18 -90 -2 59 -43 -77 68 -7 25 -95 -88 -44 19 14 -8 -76 -98 -61 2 -88 59 -88 -83 0 9 25 56 50 -7 -44 -15 46 -25 -99 -79 10 100 26 59 2 -9 -87 86 33 -1 50 -73 -66 -79 92 91 19 -85 79 74 -72 -29 -89 -83 -30 -25 86 18 -65 -89 19 -100 -60 -24 -62 88 -73 13 3 -71 62 -99 41 62 2 -47 93 -93 -28 -65 40 -9 -83 -9 32 85 -8 80 -31 -44 87 7 72 5 -96 14 18 -20 -20 48 -76 80 -49 6 32 34 -52 14 86 26 87 2 -59 13 -38 -68 -94 75 47 73 82 -86 67 -75 -59 36 -34 63 10 3 -27 -41 34 -27 23 -10 -48 25 45 100 -92 84 78 32 94 8 -17 -65 30 73 -33 -84 97 15 83 68 29 -46 -38 -72 56 1 -49 -15 -79 47 -31 18 24 27 -99 22 -38 -50 53 -56 -79 -33 -79 -84 88 86 9 -68 -49 -22 -36 22 9 71 -87 -9 20 80 -25 -2 -67 79 -73 51 10 66 26 -82 4 -72 -42 -89 81 -51 79 76 -31 26 -48 69 -50 69 -20 -99 21 22 -90 57 -6 21 84 -37 -85 75 26 32 -96 -86 85 83 44 30 92 -75 86 -9 67 -42 -57 21 27 48 -23 53 52 -46 -49 82 -34 1 33 25 46 77 -86 -30 -83 -87 19 -9 62 34 78 -51 89 92 -69 82 81 64 -44 16 -99 3 51 91 62 -14 -58 -21 45 66 0 78 60 -16 27 86 -5 76 -86 -81 44 -97 -44 -9 -17 69 48 20 -93 8 -5 90 81 88 -90 21 32 41 68 100 40 88 50 -82 70 32 -68 -75 66 42 37 -84 81 26 99 23 -12 -48 37 22 58 -36
-11 -24 2 1 -95 2 57 43 91 -95 -96 -61 30 26 -12 29 74 -8 46 -11 94 -45 50 -96 58 -8 -91 -48 6 -15 -76 37 8 -13 -19 28 -26 26 62 90 10 -27 85 -26 -22 4 73 29 37 -67 39 28 -92 68 -94 9 72 -43 16 63 31 59 34 -16 -48 -35 43 -35 97 -52 96 65 56 81 -23 67 38 -31 72 62 -74 -48 -63 98 96 -31 -19 -32 -78 37 -13 -93 -76 89 1 -34 -89 23 23 -77 13 33 48 -24 -64 70 57 7 40 37 -9 73 61 -37 -62 -24 -60 84 45 -48 -69 33 -24 19 16 -69 -47 -95 -54 -74 29 -97 6 60 26 42 46 -17 23 94 6 -67 0 -98 -25 -84 1 -99 58 -15 -71 91 -87 -92 82 85 25 -37 97 -34 41 -94 -72 -48 -30 -82 -23 -95 -76 93 -29 88 97 9 -48 49 -78 81 -78 4 61 -36 -9 -69 -79 -54 -56 -76 -56 60 16 -20 -26 -51 83 -30 21 96 -48 47 5 92 -99 70 89 45 -1 70 -21 87 98 -72 -27 61 -38 97 35 -94 -9 -96 -83 -62 -68 -86 0 72 42 -46 65 -68 80 39 86 -24 -13 95 13 65 -43 74 -11 -93 23 42 -66 50 49 53 -81 11 -96 56 -30 88 -51 1 -13 57 54 -97 83 -23 3 -96 64 37 -11 6 -100 -59 33 -9 -51 4 38 -89 -92 -66 65 38 -5 47 57 -86 10 44 3 -15 -15 100 -17 0 -76 -6 31 -64 29 52 -70 -81 93 19 21 89 100 -17 -31 80 64 -46 -57 -6 -41 32 -17 90 33 -13 76 -30 -31 24 -44 82 40 -38 76 14 74 38 6 -26 -79 -21 44 44 -97 -81 -50 43 -15 -28 48 73 -29 -45 -96 -49 -78 -4 -39 -53 10 -89 -91 89 8 -81 72 23 -77 14 55 -77 -66 -85 77 16 -76 82 17 -77 73 -33 -21 84 -69 -70 -90 -15 -5 18 85 -75 59 -10 45 17 41 41 39 6 90 -84 96 89 -89 98 -82 27 38 63 -57 -18 31 -60 -47 -81 -13 -87 -1 -27 32 68 -30 19 -23 -40 33 -36 -64 41 54 28 71 -12 -65 11 40 87 83 99 -83 81 -95 -71 -44 -52 -14 86 69 -1 52 81 -100 49 28 -14 32 81 29 -74 -63 -82 -54 53 -77 43 -93 86 -47 -68 -83 33 39 60 1 29 30 -31 93 -50 -21 59 -72 -46 -51 -24 41 -40 66 86 33 -8 29 -58 43 -78 -52 30 -94 74 22 49 -83 35 52 -80 43 -66
-24 42 53 -19 72 -29 -12 93 50 -36 -40 12 10 -87 -61 47 -38 -52 -95 -47 -25 11 -57 -41 -67 94 -70 -99 -28 -24 -29 -37 21 52 74 85 63 54 74 25 -51 -71 -88 96 -28 -12 75 55 -43 70 18 -6 53 -74 64 80 96 -7 -59 -63 87 -74 -10 52 -59 13 -61 95 -7 -34 -30 98 13 32 72 -16 -35 17 23 -35 -73 -98 -22 37 8 85 -29 -98 -8 75 -10 -27 16 -72 41 -88 -72 21 -88 -19 7 -50 -69 74 -56 93 -72 -66 -39 -34 -48 -51 67 30 -92 -22 83 20 69 65 100 -41 -66 -93 3 -64 44 -24 6 33 19 41 82 84 -5 -42 -51 91 -12 -89 29 -36 76 30 -28 45 35 45 -36 -53 -97 -29 -6 -66 32 -62 53 56 -27 45 -50 -30 -63 -67 38 -69 83 -49 69 83 -42 -62 -93 47 -3 -97 13 29 77 -92 39 69 73 -42 -30 -43 -76 -95 70 81 -31 -31 -4 -26 88 44 -99 -61 32 13 25 10 -22 -60 62 22 -69 76 40 84 27 55 69 -30 76 -22 -92 -100 -59 -53 -71 65 -15 -2 -86 -74 19 -56 37 28 89 -8 1 -51 100 6 80 35 65 51 -86 44 -67 -63 -91 -39 -72 53 -59 -53 99 -95 -47 71 69 -85 -96 -43 -93 0 -72 44 -96 54 29 -21 24 -4 88 -18 77 -4 -84 69 8 76 20 -34 58 -57 24 54 82 59 -88 -10 78 99 -2 -55 -47 -43 80 -30 41 20 5 -91 -19 -47 -23 -17 -38 38 -15 92 2 4 -41 25 -45 -91 -7 -9 34 10 15 2 -46 -68 -71 -68 16 -53 1 85 31 -79 -77 -51 -25 -47 -43 -88 -65 -57 -64 93 -72 -52 53 -4 -88 -93 -71 -71 43 85 -34 40 78 22 18 98 28 82 -35 -23 -66 52 24 -70 -54 -16 -34 94 12 -30 38 28 -18 -6 -54 15 -35 93 1 -23 -46 31 74 -11 -50 88 34 56 96 99 91 70 69 41 57 -42 55 -92 7 -30 -2 47 -29 -25 1 80 57 -98 -59 97 2 -55 88 77 50 58 32 11 -76 -7 31 57 -60 76 -32 -10 -50 43 -93 -7 -55 -42 -2 -54 -81 96 -28 -25 -11 -44 73 -11 83 -75 50 -29 -100 -28 79 99 46 -28 81 -40 65 93 -8 19 56 54 -75 90 64 -55 -98 -67 -28 57 -91 -75 17 -71 86 66 26 -24 32 87 -67 -19 -64 99 29 62 -42 15 74 -59 -47 -32 39 36 22 60 -87 87 43 53 44 20 -95 -36
-5 -78 99 99 32 -96 -100 -13 56 5 77 -82 -60 -51 -56 0 50 3 -88 59 92 16 -65 74 31 45 50 16 -42 -86 86 -99 -81 -22 5 72 63 -23 -68 79 45 -92 -89 -71 -90 94 -9 43 17 84 20 -27 -35 79 -48 -78 33 4 -7 -23 -81 33 -11 -42 92 96 18 17 22 -87 -36 76 5 49 8 -55 30 15 44 -15 -53 -91 84 -95 -26 -32 -87 -90 -75 29 -84 -89 -93 99 -40 -95 82 -36 -100 4 -6 -3 -63 50 -44 -61 98 -81 48 80 -42 96 6 21 -9 -13 -69 9 -36 39 -30 -21 -74 -14 73 30 71 47 70 37 -63 93 -81 -19 69 65 -13 48 -19 -8 66 -39 -54 -23 -21 -44 20 35 -4 89 70 55 -24 -34 -64 -92 8 -40 -51 -13 96 16 74 67 -82 73 3 17 94 -13 -29 62 3 -26 25 80 30 73 -94 -65 -15 37 1 -5 -9 -49 -45 12 77 82 7 -2 77 -34 -50 -86 21 -85 -38 3 4 66 -55 88 -87 -69 99 40 -42 9 54 -24 77 11 24 -40 75 51 79 -77 -83 56 79 -87 26 -46 -69 6 32 64 47 83 21 -73 -51 0 -65 -87 39 28 1 -51 83 52 36 32 51 -83 -4 26 53 5 -76 -96 50 61 -96 20 87 -43 -47 -7 69 23 69 -21 94 -39 70 -100 -85 50 60 -42 -60 17 -74 -25 68 78 68 22 9 -25 70 -30 -76 59 64 77 81 4 13 -43 -91 -57 54 37 -41 -82 -99 -45 60 68 -48 48 -48 81 82 -1 -55 83 -26 77 -53 57 75 -26 -30 2 -27 -97 -85 0 -80 -21 -88 63 -76 40 62 36 -95 -15 -48 88 -86 -80 -96 -79 -67 -7 -71 37 13 64 37 44 -82 -22 -34 -62 -61 39 -94 25 -17 -20 -71 36 75 -99 51 57 -38 -8 -33 6 -68 -89 -8 60 2 78 51 -100 -21 51 4 -48 -34 60 -9 2 -58 52 -76 -45 -12 -91 -59 44 71 63 80 10 50 49 -67 61 -58 -93 -36 -11 47 22 -95 26 3 -3 -55 24 66 -81 9 -1 -59 -20 38 -39 -9 76 -66 84 31 -48 41 -29 43 -40 -19 -1 10 51 50 -48 59 -30 -56 13 63 89 -21 94 73 62 -96 -97 67 -46 15 -68 -48 -73 39 30 -46 -43 -86 61 81 78 -84 33 -96 -69 -17 57 -74 6 88 77 -27 -32 76 -87 -39 47 58 84 -50 -47 -15 -86 -62 -95 -10 -26 -99 -47 -97 4 -9 8 -17 -12 -10 14 -8 -39
