side=250
matrix_size=62500
threads=4
time_seconds=0.0033211949999999999
time_ms=3.3211949999999999
integer_operations=31187500
memory_bytes=750000
gops=9.3904453065839257
a_file=extra/matrices/A_250.txt
b_file=extra/matrices/B_250.txt
output_file=extra/res/lab_2/C_250_t4.txt
--- MATRIX ---
250
-49085 21121 28716 -5020 26968 1822 -24549 2882 -12564 -10253 25204 -44853 14545 9251 33396 105332 -108175 -49216 9411 27076 -26632 20182 -78193 -40128 -35794 -95728 -30395 -41448 -121013 -27801 -93378 3380 83196 36179 14333 -83700 60286 -71082 27907 -11136 48447 36975 9393 81105 -61862 7773 56590 -62374 31022 15145 -1330 15803 3491 -31171 762 -60070 57338 55789 78050 10185 90074 -24734 13316 31351 45860 -21710 14779 -60973 -8448 23771 -31886 -56338 10200 34469 -53380 58361 87352 66387 16269 30362 8753 28279 -60115 36659 -95227 106130 -25158 -42213 -21713 -5923 -6257 -3052 3784 7783 -10212 -24708 -117385 31355 -75141 -32745 -30454 -75938 -47678 -51200 3227 -56278 -50320 61555 -1128 -82307 105804 -97325 1637 -55237 28396 -2661 51889 21381 -34652 -16930 -43777 43027 -20299 57554 -12380 -110760 -59038 33522 67754 37229 -354 40692 -76240 21820 61719 14840 -39768 -18658 40818 53553 -63654 -33417 -25826 -76654 -21538 -22194 33004 -116046 29104 -45045 -52530 42767 -17427 -44330 68195 71183 75566 132129 -8198 83635 31311 -14120 35298 -35019 -30462 77965 123992 66050 -52136 37822 -1827 -85795 -33866 -5528 6975 -2046 -87430 -32495 128525 71335 -69303 23315 12454 -21033 -96213 -62440 60567 -45544 -103763 24802 19691 31386 -53918 -4527 -40113 14778 47887 -6679 59005 -30474 45860 99176 -4504 -7952 51489 -26303 18150 -25534 6319 24475 -3543 -34976 -11266 -52213 -30381 -55210 64582 36358 -27305 34167 49291 2844 -66011 -13202 27210 19740 -7637 -28745 21319 -121227 110206 -28520 -18987 -39679 -4741 33609 3985 31886 -53716 -43011 57762 -85905 14464 -11832 51309 37694 -8095 -73395 -18968 60444
-25189 795 38490 -35418 -63568 49386 -16111 54575 16524 1131 9585 5164 47660 15601 76090 -22447 -116733 -103034 9106 425 54822 -26777 -55552 -321 51631 -3217 -69476 -18861 11173 -11884 -21989 -72234 -14426 -48707 42721 -4460 46503 -29079 15929 60387 2559 50767 -23509 41354 -14674 -939 65369 26388 629 28738 -23118 60236 -2898 -47249 49906 3054 12764 19278 12218 -13905 5306 -44197 22390 83583 25805 -2855 -29525 -69699 -12789 42471 16060 21139 -10021 -71541 22641 28682 8245 -58819 3695 -103691 -38901 -68610 17495 -6412 57400 -54127 13284 46554 -70656 142 -1666 40480 -58362 -77111 -11597 -16341 -3279 -24201 13278 28161 2312 -46919 -59460 20840 -50175 27136 -3751 -35814 -37214 -36479 -6087 -39299 -61493 24285 36489 21308 37718 74323 68872 22369 5877 -27257 -17933 -14602 -41874 -7471 -109550 42768 100331 12059 -11588 78040 25919 3070 6528 63107 40098 -60668 -380 -21214 30979 -16805 -23098 -3288 -26362 -1881 16935 -36108 64791 -36841 -1970 -53980 19375 7326 -119356 -35069 23250 -45191 15771 62293 4670 84398 -55872 26892 57444 -72113 13307 -15239 54184 62392 26357 -2875 -32669 5710 65155 7759 19475 46227 33931 27086 -7087 37326 55613 39082 35555 4032 -33653 21873 -57128 -26851 -48463 -16773 -55460 -18518 121177 -10940 -14168 29228 53003 -47367 -19648 -9248 1659 -75108 7689 22337 5635 20438 -4823 -24685 -65329 12162 -26953 -8247 -12135 -62148 12457 -32488 -44002 -42356 -22951 29589 16490 -58835 4809 -2825 -6169 -23613 -27186 -45638 24455 -11149 -89255 16798 -57906 -38702 24007 111284 37739 -24159 -24561 -6604 15107 -24130 -7285 53170 -66834 -2955 38905 34312
-22831 -103470 -122697 -57535 -61188 -5794 -47511 -7603 31567 48517 -101533 -38344 -67352 28545 30846 -13064 -67265 -8572 13321 10934 39549 48341 23746 24645 57695 15405 -28557 29581 -39629 -49664 -2036 56061 98537 -11877 -84484 38292 -47340 92482 1167 64073 86232 -36386 37649 26144 -14301 35428 39599 45203 -43775 -26799 -239 101695 13941 5543 58156 -46227 -5833 -9025 12054 48519 -40005 30594 9964 -59773 -51221 -45255 -96736 -18170 10698 -25682 2974 -75334 49191 -5811 31411 32221 27772 23959 -24656 -30759 69200 12508 -49399 -31410 12678 -70834 -40728 85342 49973 -28812 43909 -38838 -52998 -24332 64110 53292 25653 43371 -56568 -6202 15890 -26723 67698 40644 15945 -25047 -90270 -34518 64419 45781 3145 3615 16137 70353 503 21569 -46272 16478 -66289 4055 -72742 30009 66175 -56099 63643 -8298 -3031 -103150 16634 -85506 38849 35160 19625 -56458 -15009 -16368 -56046 -22139 39461 -87692 61513 -33908 -32027 45098 -24515 34223 84825 60276 35002 -49176 37311 -19860 116478 67373 -50569 -949 42102 24886 -46896 25277 -13698 64504 -95012 -1688 -50809 -1820 -67726 -65558 28876 5952 93913 68931 -25391 45123 75083 9964 -47278 63635 29653 -67834 17521 -48682 45956 59261 -73594 23203 42117 4604 164039 -52674 58444 14983 -28836 21290 -50760 -160859 -30883 30569 30904 -57834 13233 19886 -34171 38221 35059 -29024 -31606 200854 -6373 66835 5670 60190 24000 95 79051 -68039 -91361 40549 -79929 -29910 85582 35253 64021 5180 65387 3257 -113315 -7327 39404 48069 20938 554 -86229 8764 -32953 2889 4748 -3900 55255 29835 -69654 -44717 -49534 11913 -40833 -67954 -49840 17382 23329 -28197
-63767 34134 44823 22596 -17280 70970 32794 40189 30317 19453 51497 -59995 5595 41173 -38478 -85950 65591 8189 40063 -25789 -36986 -35857 -22778 -99563 45757 135913 74886 -50268 -48868 82945 40534 -21735 -19901 -40442 -115155 -76769 -16993 -44632 16845 10613 3742 11484 7159 -2512 -7693 22837 -16183 -19928 -119502 -11615 33319 -55949 25536 -6986 41667 110718 -107913 39703 -25146 41926 11649 30125 76695 -102092 -60698 -38020 23517 -60031 30905 -59007 -10088 7308 -13237 55317 27887 -25432 69401 -26781 64082 30085 -68152 79493 -54179 -20733 -13824 14028 81720 54280 -27640 44387 -4581 6972 42792 45376 -47327 -8483 -19185 -39238 -24403 15670 14032 73433 8183 -48159 -15198 75940 21674 -17115 7228 12383 -5401 62816 -10074 31817 -71146 -46637 -24094 -5673 -65147 -63160 -4958 82081 -99833 7269 -30820 -71735 6302 -7909 -19865 82382 -24481 13855 25589 -50414 26117 66801 89653 -16797 33597 -35382 -52146 85973 42813 1476 71561 34647 -22089 -57356 -67486 -32275 13213 -7826 -5392 -20430 14486 -20229 -23768 -68759 64026 -18234 51623 -106231 -13430 30113 12931 -18939 46072 6494 -96969 -85965 -103150 52550 -10895 -76124 -6372 51503 73718 39710 -33842 15471 13798 127306 -32630 -37433 70728 34442 53569 56394 -35560 28035 -9079 -24886 -51828 -17328 -12656 -2605 -23951 -18522 36430 -19445 -5867 -40614 -38457 18448 9624 -11520 17573 -39242 651 54262 123258 -64986 40446 -5464 -20952 45649 -72618 17117 141615 142652 192240 37694 -7829 -462 30447 -8372 61187 29323 47263 -46738 -12124 -67187 -37902 -65997 -66953 73660 -18571 -44101 20423 -76686 23868 1505 148551 55339 69649 27440 36660 -63540 -1658 3744
28681 -18723 -52418 -28237 -12752 -27960 -42641 4498 -87722 -56066 -34926 6465 4209 -27195 45131 30548 49982 -127807 -46595 -24702 24037 -37833 31687 -39391 19282 -94895 49611 -53096 -3562 -71134 -66514 28631 -27968 58589 -59081 29090 58131 692 -32692 57786 7360 24480 723 49631 -32674 -19827 -114263 97194 -106649 32803 -51870 3302 -20741 -16420 39955 49800 39352 28483 -42571 41510 15656 -29015 105380 -25495 -32127 36523 31617 8175 -244 23932 -74599 53441 12050 -103675 93758 -34099 61232 -19116 85934 -78471 2518 122650 15925 -2955 -43493 -54978 45622 -24637 -4146 37032 -65157 86432 8751 -16834 -5139 3252 30966 -89007 18400 -120343 57919 -7076 65077 -58487 -87246 22996 -93893 110469 85126 7661 -38403 -32939 -31613 46134 11707 -70335 -20202 68494 -7755 6326 13581 -14847 140285 36719 -723 -114473 136071 -53744 -30895 -89109 52664 -38547 -104323 -22527 6708 -4600 40754 -14843 -24430 6573 -10571 -89688 -103207 57318 50672 -44389 -63601 43123 -36559 263 31452 10700 3916 -75941 55244 11171 -37260 -63357 54903 -7428 -7074 -32014 28973 16265 -9475 76335 50213 60487 -52099 -44328 -68215 40270 26660 -63711 84180 -2856 -5724 -61602 48567 43214 3432 33957 -24783 -1870 -43271 -39833 -91705 31733 -36972 58901 -44175 17436 -83828 20671 -14257 22299 -14590 -12567 -28359 -86545 21904 79731 -45783 101172 54709 -24679 -6772 3945 81394 68852 45138 16555 -31250 97619 -71584 -32071 81332 -86783 27324 -24382 22682 8902 82418 35367 -55955 76168 -34398 36143 -93966 6601 16386 -31349 -18651 33683 -154011 -70699 147365 -54153 -26740 -92725 609 -28096 -79401 55096 80054 63864 124377 49292 18227 -74222
105058 15912 62982 30747 -13757 -25952 -19267 -46103 17561 -3504 -34882 -94447 -12339 -17018 133880 -65842 61407 67775 -73735 -55442 -34112 22828 -44150 -91453 -37542 82601 -53226 36313 -106227 19971 73456 31771 -46051 -39981 -14492 20775 21332 50394 -45468 134048 -107732 14131 48957 16539 -38288 66604 4184 545 -10266 14190 -5361 -95274 -3492 -11474 3394 -2297 74150 -51155 -75438 -29062 -45489 67671 -9652 -25280 -113543 52652 45696 -2006 831 20399 -38613 57823 -64448 38881 42180 -5075 -22689 11525 16032 8553 36932 85136 -27356 -115022 62668 -31154 50256 -56112 -63926 39577 7885 -20342 -29140 14376 -29786 32599 519 28327 110060 44452 -35364 -34781 55879 -72471 72761 27930 -34697 16525 60870 12202 -27045 5687 41331 62580 45028 -15413 26738 1593 -84967 -71565 -12993 48207 24983 34622 -26664 2979 -59153 22375 27422 -34641 -28452 -34015 -43079 5835 28182 -41149 23715 -14794 -88547 26973 16298 3234 51129 -47933 -57836 75324 -31084 -4009 -45174 18891 36741 -54339 72729 31603 47324 37350 82390 -6319 96090 3710 5558 4036 75048 -10176 44003 4775 29046 107684 -39567 -18285 -47297 -21411 -51497 33350 8852 -38431 -47598 -71991 75636 -50992 -4451 -73386 53707 105237 25725 -25473 -24118 -19802 -27990 48054 15324 22594 -10249 -24940 -80082 -50559 30872 -7119 -60174 -41181 -30239 -66586 -50583 -27494 55149 1594 46515 25940 -86791 14684 55650 2871 9978 1791 -74935 -45900 -7253 43700 104706 52532 42904 21883 -13455 -10426 29776 44552 44019 26256 11685 37969 46797 3789 -41980 -131563 -157268 -12261 -10003 19689 -9024 -52935 48805 -31958 -37217 65589 60542 39717 54603 -152611 2938 3336
2167 55600 -125596 -64598 119598 -39410 881 -53045 -9425 31824 17657 -97407 -3988 -24019 46555 25453 -39254 -6314 -15903 59238 -68074 -27496 42978 180340 33519 -8951 120208 82464 -32562 8781 -19824 -19020 -107711 -20706 77685 69267 -50623 84881 14073 9285 -72654 -55015 -33181 -22883 -60168 -7689 -2556 8994 -26436 122556 -32084 -6836 44176 60366 63878 -26186 43862 38892 -80658 -6302 -26342 -90840 -16602 -17645 5622 82341 73039 -47531 -58063 18667 29843 10842 -103851 -44509 -32438 42251 -14832 16786 -63144 -34378 83336 35895 -15758 -670 8451 -43323 49216 126163 -8287 100128 -38594 -21397 10618 23938 33862 76321 10987 4930 31000 -2411 -3170 17795 -43008 20174 62099 -36705 -94156 -147204 43788 -102209 -4426 12070 694 3134 10752 -17430 -59236 16120 -6901 58818 -44775 -27517 -14801 2201 -10289 -5029 -142501 -83631 -59391 20505 68050 -54431 62663 19833 1353 8831 -5123 32993 14215 51673 52622 -48373 -41018 -43736 -54026 -3460 85088 -35984 23059 -38005 30980 34474 89483 78326 102408 22573 -59255 -2866 -25397 -63715 34243 76177 -36737 -46627 5427 -19128 46896 -74024 3413 -8056 36282 19528 2107 35396 -143251 37333 15179 -33683 -12752 13053 -100350 -46296 49367 -74215 8 -69795 45931 -16464 135972 -113948 55189 -114692 -58687 -56037 -37583 28350 -76369 10534 42699 68234 -13586 115647 69989 102169 71701 -84706 19796 -39421 -26010 -40370 59687 68572 -34439 9029 14058 12113 91888 -70050 -23959 -20990 -16075 34434 -53003 13454 8511 -18905 14815 -57869 47877 48186 -4706 25158 -803 -19748 -924 -8883 20168 -54571 51312 63174 -73973 96624 26108 -10007 23617 1768 11200 70901 1114 -4949
-68498 -13259 73699 39373 -46741 -114755 11999 74496 -4852 25219 -108116 19295 -5095 22786 39632 -3542 -58099 77555 -30954 46397 -142593 -17737 -36310 6940 -538 66597 -76309 -33432 71457 -59780 -33837 -54993 135742 31228 55952 -39045 -4870 8548 -7908 -30464 74169 141845 -118908 -11014 30298 -62259 52682 1465 -53489 -41906 -73013 -45925 -79577 13733 142245 -43557 -18753 8437 38694 41310 98647 -67581 74391 60898 10199 -34482 221 41875 58305 -21845 19038 -7226 88003 -30204 9951 -79238 -33340 41049 -69918 -54094 -75556 4132 -7897 20053 3303 8160 14499 -7915 4960 -52062 22803 -69715 40081 73069 83288 -30393 6788 -80075 -57828 -55033 -115892 31316 26851 -69595 -97314 -23169 110697 -36622 20948 66595 -86589 36404 -47428 47637 31008 18811 -3565 8662 20136 -38430 396 -11078 28873 49085 44749 69528 -76299 -59185 16856 36367 -36794 -61207 -118782 -56733 80769 98246 41103 -44889 -4527 83041 -24232 52708 36575 -87451 -13088 58333 73462 -51873 -24622 34612 -9658 -63150 59376 -18135 70313 1072 58803 -40858 -12857 40465 7234 -5494 -50198 -51763 86425 -79796 36925 -53245 -28345 59261 60737 72021 72488 5348 22473 16592 -63216 40194 31050 -85532 2799 -34792 -27917 82792 -13136 86916 14787 24210 52574 -60414 44577 70255 -33316 24965 26450 -7438 45548 35512 81935 -92272 -27837 -42878 7926 78517 -2744 -30214 -25469 -2225 5343 6977 13378 21784 42721 132596 92760 -63579 -3285 -8868 -80679 -68528 -23562 44577 -52541 13770 -32685 15913 -65006 49988 -89215 30802 24980 15433 -74288 5542 -69899 43122 -49818 85732 -352 16053 56554 -36413 -3758 20536 -9510 -76998 -79711 -37009 -27613 -122905
12459 95605 -43953 -1098 -106208 -14557 -16859 -26950 -70824 -60878 20351 78551 146234 -17107 -2037 -4548 -4659 -93602 -25901 -27943 4854 -28667 5579 1312 -88542 -61669 33032 -68184 153630 9869 35247 19910 -25823 40327 -9528 123184 -90714 37388 -56674 10345 -24943 38325 34102 31957 73548 -44798 -8191 49226 -17738 -19339 -18811 -53505 -26097 96469 81925 21538 31997 -110813 -19761 -66261 -36476 51511 -86423 89593 -27989 -23526 -17482 101391 -36827 28932 73809 -3981 -14473 -8709 -24380 45224 127 -19071 -63050 -29141 23739 61390 47032 48509 41791 2364 120102 1480 45592 24628 -66926 41131 -69454 -30220 29990 91566 12240 -2017 -39575 3806 41567 -26993 -36044 -51176 8555 21717 -76838 -17593 -3351 32274 -3336 -40558 -45700 -64471 62269 29756 -50825 35143 50084 19370 -36368 -13841 8027 111636 23810 -1130 -79340 14146 38281 -6708 1041 -20216 -33512 -27691 25935 -7832 -66589 -6023 -44523 -20762 84817 -11874 25934 -6191 19370 -84249 71578 53535 -50737 56161 51534 17914 14857 57619 -5518 -52063 -53934 -61819 34765 -16285 48070 10371 -7631 -114560 67519 22229 -52718 -48119 23281 7068 9512 -15596 16250 -60950 14787 84980 106081 53776 -2894 17670 78907 -54519 48674 -30012 33606 -10674 -94817 45768 60114 16318 12023 52289 54829 -30656 4859 20361 2340 -41276 -75718 52498 14209 -68809 -91548 -2621 27555 -33519 -56863 -51928 25369 -39100 60128 15902 2563 94900 31779 -19092 -8754 -7717 -63596 -29996 -89498 3155 11459 76097 7532 31540 -35951 -5926 -91932 79077 -16672 -86779 112557 -56522 -24581 17282 3399 -14014 853 83276 -12427 -9394 -83034 67395 26165 49382 54090 8400 32556 53661
-77906 94710 48765 -17272 80486 96091 11771 593 -25451 53271 -480 -102604 29326 -50720 -7034 7348 102876 37011 -51978 46855 -20466 59418 -91004 -38674 4776 65798 102118 -19799 -31022 21423 -66198 -42265 -39993 -640 11151 60624 -20713 -49752 33677 -59992 113794 -9420 -67825 32371 67011 4666 13003 -104819 -6112 71434 -35441 -43907 10451 -26240 -25205 67165 10466 -18007 -39102 38034 26565 80212 31735 -25644 -30809 -69621 90609 -13289 158 -46124 -125 97726 -42046 21456 2743 43125 89489 -6272 77964 17371 -5919 -72741 -62632 -9448 -22705 31771 26700 -30729 102642 75718 -41557 -28915 66166 -8124 -48307 92075 -8792 20132 5201 49976 107097 -47328 -18325 73338 -53174 -77884 87255 50064 17578 -12449 -15849 13430 62586 -37469 -50207 -23884 -220 5106 53758 -106810 10322 -50895 -64355 -56710 -23840 -6628 27232 -134946 -70548 -45817 -31967 -182166 29778 -9494 -31103 11113 595 41633 31983 3560 59946 66492 -85671 2230 -48923 86233 30275 -32301 -103205 -44038 59895 91520 32292 -92000 -11432 38509 -73349 106728 42116 85624 39200 -48861 -24052 -95065 7823 91736 4180 10546 -12112 21961 143840 56550 -10934 -4998 -13723 -8065 76289 -115779 -51491 19027 86123 27692 -138827 -67625 35872 -32779 -48091 -70642 6478 -77833 15435 11386 -23061 53438 -33230 22357 26016 41272 16986 2625 -39385 93023 -26239 -9485 -137851 87838 65351 -52837 -41575 35761 -41880 33045 16321 -102865 65428 80027 -16126 162260 40295 -4800 34124 34860 117207 -533 -5835 29378 2390 -52958 -45725 -52436 -5770 -2185 41939 19496 -69369 59004 43163 20488 53383 -764 -3284 -9905 27417 -78287 45987 16269 -54669 42528 85940 65899
-2548 -89132 -32345 -32449 2031 -28989 63713 -161547 -1240 -75470 35804 -121307 -21092 -340 -48997 63129 44198 90086 14202 -12497 142184 34585 -334 45530 -54455 -89561 -62823 -82071 -83770 73116 -8095 -16797 49697 24628 67438 50214 -145458 -5168 -127065 -54153 -78547 45508 -80910 -10667 -76194 13609 85666 49768 -11911 123443 31447 14414 -18100 -39713 73791 -40534 -57832 1290 35874 -52992 81941 29688 52341 -1357 19262 -20650 65169 -15295 95135 -20824 33495 -73343 -19245 -11996 38978 -42660 -29007 -14424 48857 77778 -88527 -28092 -14458 98218 65276 -6832 -53105 27733 21056 -20943 84864 60156 -58760 60805 56873 -61252 -70463 21065 70390 -2977 17413 -66412 42614 -3202 30748 44189 6291 -4709 -95491 -14023 84986 -53860 11847 -2927 87708 -20846 77893 45324 107629 -33421 -37027 -8072 -23839 -36127 27479 13494 -11033 -67082 349 6068 67444 -19435 80793 22521 3796 -72612 -2470 -80891 12055 -39555 45331 -10848 15366 17074 46081 34779 2829 -9349 109714 -72358 74864 1032 -22476 16366 -22226 -31911 44822 89789 -17762 -45634 -41105 -50738 -55278 -89925 -17351 9083 -61068 -13276 -82166 -35340 -83406 63017 19168 -18684 6402 -96510 -23391 8687 -29993 11629 -7315 -27794 25280 -5593 8836 24887 28076 -15195 3059 97701 12168 -5851 -17515 46043 -38176 -26126 -44278 -67960 -116344 -13356 37486 50635 85262 99299 35948 -80201 -19075 -53686 79602 2752 17186 5098 81938 -40907 3817 63317 100274 52643 107752 -2195 -60304 -24644 50471 1432 79821 647 -54037 167965 56460 19454 -32864 17666 -40563 10320 -2665 -80294 -124169 -64444 -54600 39383 -45986 66038 53628 -30562 -14494 -42830 101231 39839 17984 102055
82765 -24627 -15978 34077 -16323 34419 25253 5393 18458 111663 32826 36005 -37766 31967 -17247 -2495 19176 56896 -73698 -14706 158856 29439 32996 7383 70236 36198 -40505 -7768 -55712 106143 -24096 21805 87286 -90796 -74981 -29605 97856 46069 -40417 -13572 -14820 -126937 86200 16490 14584 56319 -138338 -98050 61844 -84841 -2057 4962 -75390 28173 -31917 -11991 65395 13371 66858 -28553 169358 45650 77215 -35745 25794 39668 41771 -81726 -23584 65154 -139649 -78728 -21968 -27973 46082 -103298 79834 -59742 -72208 -53797 42618 21493 -81027 -91033 100759 -55768 -3837 -84636 48766 -4462 -42002 75107 42195 -36863 -13377 71280 49941 -52949 119972 45134 -78321 32215 23477 7403 10766 -48859 4689 -15282 -130595 -56385 -53227 13900 -46414 42840 23349 -52758 -38165 -37027 11668 26731 16446 -42402 -32351 -15803 10685 138994 9714 24614 -74777 -34292 -47936 124925 123291 109284 -38960 24893 -70809 128019 -32279 -26946 74769 -3710 -45364 -33914 -80507 86253 -22970 87528 39097 9367 45639 -132829 -25892 -59015 -45378 55825 126261 -84834 35038 172 -44446 23606 -50722 31341 -52479 -16016 63824 23046 53418 -116537 -25916 -91191 21136 192712 -26032 29111 -30379 19825 75455 -92795 -97040 47787 -23580 14794 -17176 -6575 20152 -39352 -85258 159228 28441 16794 -54635 -28877 19164 -23169 -11388 -49054 2610 38297 -17049 -32897 1698 -80042 -60223 -25734 36592 68046 -7158 -10178 -63114 39938 -66304 -10589 -20231 -7188 -23478 102760 -4590 -9601 104014 10562 -36819 -23478 -67390 -82352 46485 24966 -37925 -28278 9258 52677 -64826 26811 -74941 -30242 38001 42143 85678 72091 -46478 -83553 -13911 15407 -592 -92348 86579 -7016 4484 -46378
-31446 -423 70434 -44139 63114 -47218 1287 -70369 -6165 19682 -26863 58863 8762 77058 51193 68736 74073 33791 10413 -77731 2911 -17584 -11036 -41267 26263 37137 -29015 -3157 -74414 5976 38727 7243 1338 14271 19687 40431 20420 -4177 5995 -20783 -5345 -21055 -6950 -41304 44796 -31200 -47331 59996 29992 110213 -65144 -80633 10234 -9440 -51048 6347 -85581 16591 36611 -26727 29894 -47663 -13422 -58072 -39446 38370 84034 30147 10562 4163 -65228 62167 -64442 -121708 12872 2 -75541 -23129 -13011 40261 -62006 19045 4195 17239 2793 -18569 -98060 -63798 52302 36195 47903 79782 94338 81920 30947 -8332 -66327 33114 -53158 62136 -25833 -12329 51296 38021 -46368 60721 96916 15342 57599 50942 -20550 29200 31284 27114 -39733 -11941 -102639 11093 33831 -15279 -61798 21959 -76552 -64390 -10188 -20184 6321 6386 73671 13973 -8751 -47082 9571 101715 -70163 -26967 -4826 63936 -74891 -23097 -23047 34895 -6038 -13250 -3452 -24451 -9071 -51195 -20900 -8343 -39246 50362 -40017 6574 37843 80915 11766 62236 -13290 5886 -17323 -29930 10183 9566 12782 108860 -113289 -22530 -54379 66670 -48932 6932 -33397 -50818 -62412 -97847 51827 -2515 -26392 -11263 -73479 -60045 -38898 -5176 7015 15177 78541 -51689 -101768 -71998 15329 -34209 -83954 -27933 7942 88962 -5732 -16415 39461 118992 58906 85310 58773 1272 -65187 -2758 18642 2561 56810 14068 93725 -64504 -31949 26025 31217 -88190 -12207 -12361 -37572 35747 1574 82004 -35028 17040 99387 -35153 67689 36479 5543 51702 54320 -32079 10901 -22713 -3394 64980 -26326 -122200 61077 -60002 -9551 -1762 94612 22754 -16384 125971 43236 29065 -58880 25363
-14830 2925 -13605 -130620 19281 18425 51803 -2845 -42071 -1668 41856 89808 63149 -40101 56041 -4072 -13517 32505 27721 8888 -123909 -65736 136757 -142965 7437 80780 63816 25025 65554 -26736 23776 -18260 -105194 -74194 40274 4516 -45377 52044 -5499 34139 -69982 1992 -21587 28456 99897 81225 64336 27534 -39988 26527 -19584 12484 14067 69762 -18326 -51515 -61734 -50031 -20150 -29754 -59689 -9091 48559 4515 -27317 21655 17606 26231 -230 -60062 11810 44769 38178 8138 -21116 -23379 13880 34102 -24964 25954 569 -8192 4747 28914 31706 -56359 -60202 32099 41910 -17860 -81636 -24216 -50368 72728 -59109 75953 -50808 3840 -8502 85003 30668 -66026 -57784 -78119 -26283 -31317 -26820 -68896 77573 43168 16260 65201 2003 122964 47781 77004 -82752 29094 26138 48979 -1658 92731 72403 -19114 -20386 -2365 13767 -2073 -33184 -68474 75678 -245 22603 -37114 20225 -35390 -5089 -23239 -79007 59195 7196 -4531 142613 106157 39587 10054 -17809 -36116 -808 -3641 43511 9667 16418 45552 -74532 30283 -56166 38048 -9595 22756 17454 -32318 48562 32260 87657 18949 10257 -20900 -3206 75872 69423 -41596 -3347 51758 -158626 -32019 56325 43801 -16477 -55658 69927 -88125 -16818 -51914 112443 -45725 17383 10798 -38717 -43494 -65177 15092 19667 -18663 21581 -49343 12390 -15718 64467 42273 94257 16270 38772 -143829 11591 -85226 -70083 -32725 -32778 -21198 68099 -27897 -38868 -25117 -16468 -9140 108635 -8394 -57047 15505 35081 8001 -58015 -30013 65938 -22123 -20928 -80005 39978 6605 -18119 28463 -12086 61048 -72917 11967 3926 94636 -54199 -83916 -6478 15389 3296 -38139 -25966 55449 -16298 59169 -21570 -16764
-115920 28678 -19383 -67770 71673 101749 32113 -124666 -75201 43566 75324 74537 60870 -126947 -82523 -56617 40862 -32398 63784 -33869 29181 15290 11540 -32029 62521 53153 1250 -75009 -44259 95079 -3750 76397 52656 -103361 51130 20510 27936 -85692 -70471 -98235 -68561 -23611 -78349 -99220 -57020 141784 -2759 -92884 -23350 -36294 12995 -4119 53011 -23283 -21098 63405 -102127 -38978 -41257 -28078 15589 -13369 -3011 -43221 -37952 -107917 -31854 19481 -9837 -40464 16867 55982 -33973 -118075 -100944 -29533 -68591 -47344 34026 41396 43929 -35147 50271 -3098 -44481 -33575 -64671 -116568 -25564 48795 -64140 -36763 -3936 51340 -57113 -19894 13566 125482 -56836 50474 34908 -39764 15275 -46560 71541 -6329 3396 97387 80719 -16510 42646 54975 68313 -7662 46313 38423 5748 -35315 58179 -17500 -65566 72740 -71837 -2459 -25838 -73010 17118 -35373 112441 -17974 -129160 -11777 19453 33596 -2612 -100633 -51460 16342 60961 35082 -61141 42513 -55199 6753 -48977 -11427 -89858 -42012 -21781 -44645 -32135 31190 -107829 -15907 9884 -44154 5568 22452 -19703 -37594 10979 -65522 3050 -83905 -14631 34137 -32952 -105632 -37871 65648 47123 -49512 47619 5853 -72738 -39586 40353 -39351 -36723 13802 -14555 3834 -64229 26896 -38279 -140069 -5042 -5421 -60274 -23050 -119546 55771 36197 24211 -18774 -27506 56185 44515 -137378 4546 -39304 64258 33856 -11692 38846 -61912 -28557 49082 -74981 44249 40044 24280 -67588 20253 -53110 72475 -10312 -25784 24907 -56335 1143 -30543 29067 27381 28411 68850 56195 34702 -28813 36473 14246 30852 61546 -121242 52553 20208 65406 -2612 -99708 -47687 3688 -18635 67271 -27333 -70248 -11777 -10784 30468 -58835 19323
12229 77488 -88949 28488 31125 35530 -41025 -24455 -1104 -14011 36904 49848 80542 45561 56048 -61866 36724 68828 33043 -20502 11687 25014 13159 40949 16713 52519 63152 54152 65820 8293 17209 70847 91579 -18288 -55743 58180 -28923 109164 1064 21942 -102091 5549 -25936 -1624 57861 -8210 -275 34006 -27983 13971 19136 -23060 66423 15564 10672 3941 56432 -23697 4826 -60404 10583 -70907 49768 -61158 71773 123581 31837 -14569 -31974 68982 61054 27397 1252 41911 86041 36526 -25670 -56837 38568 58264 53552 -60540 -24772 14497 -20274 -70456 43016 -72711 29454 48028 74307 -50366 70882 32452 -8575 45436 40444 -38456 -43162 35210 -60528 57449 -61558 -65587 20543 -24137 -71723 94952 -81208 82754 60183 80227 3510 -17065 -51396 33618 -149595 564 74461 -47735 65590 14381 -27208 -62675 -9176 23824 47312 12699 56288 124896 20843 52866 71293 8052 -31248 20386 -21443 56869 69249 -6525 25233 -59274 40309 10182 -11235 39999 -10963 79774 67360 38144 -16075 -139194 19094 152765 -74628 -32527 7620 -37087 -64611 -39084 45763 102310 -25576 -18264 73574 -3563 -48576 -63782 -21801 26751 6579 108393 33762 35271 -77928 71125 -15047 100933 24456 843 -58538 -34495 20977 21825 -110998 -20062 47324 19787 30300 -36392 -58269 33973 78163 -13460 -73419 18220 -66623 39036 34470 -43726 94431 89206 28809 -32640 1299 26736 66095 43782 -22441 11195 107404 30131 -31102 -87122 58393 107869 25018 -47457 81509 -143392 31721 67129 -41933 -12035 83740 -29890 -22184 79187 10758 6354 48075 7101 -38336 -103027 70604 -12427 -12398 -72525 20251 13528 -68525 97248 18167 -67974 -101797 6496 24657 -78839 -52728 894
32059 -37207 3230 71099 -91970 30284 49991 33087 -93260 38801 3067 40588 59375 33910 -18353 14669 29445 94919 95823 -121751 -8948 -727 61465 -29734 -854 103006 -26947 -67027 -70790 81037 12556 41200 49685 33179 26678 -57295 46574 -15677 33562 99729 -28448 71696 5693 17962 60278 -67122 7225 22385 -60643 66588 -4862 -114176 -52200 -25936 -25404 57183 -16891 -51197 -31634 39969 78560 -9445 -10634 -22377 -6621 55932 54467 -39935 -43617 53740 100520 49274 -16270 30938 39341 21273 21977 17663 361 -38988 -11546 55614 -109511 23367 -22175 27830 3184 -81804 -69207 57185 -76430 -63900 -30777 -27281 -53935 38943 -36125 42436 -109009 27586 -13970 -34299 -13694 -87535 -5001 87839 -26748 21927 -107846 -91353 -55449 -78722 51162 18657 -75577 -12628 -24938 -8281 20734 26493 -99069 23710 -13745 66955 -46331 -103599 8372 29730 23448 -22219 29899 -35669 -3276 -99536 -18370 -25766 21995 42737 -131397 49488 -27363 -7781 -66998 46739 27647 -35186 13273 -123227 15551 48648 -59243 -29601 -74986 23837 43287 4162 -19086 -17121 -38146 -36405 67708 -33381 38871 -21636 -28861 92252 42056 66010 -28836 1330 -8009 -33952 21672 89376 7675 -55103 32718 34214 61998 67865 -44894 -522 60800 6317 5458 397 46269 -75859 -27246 -41184 -21232 4221 18386 52991 17933 -98854 49832 17279 42190 -5832 37779 43653 26899 4488 -40399 22689 -51862 45175 131298 -5603 -44186 -43215 22266 -59692 47011 43812 -51769 24259 17129 -8635 43693 -23571 -40759 -74672 -113281 3268 31957 -15270 107024 -40885 48560 -3480 -26368 -2685 -24983 27398 -22470 -61763 -57008 255 -9805 -43919 -104370 68586 102566 66990 -32100 54553 -79196 29336
106995 15439 -1045 -98434 23674 -5335 52060 -59600 -18381 -44720 -6510 56123 73863 -5058 -63627 13826 -23619 -99003 -110419 90640 -7454 26550 -45570 -57830 -28683 -64213 11003 -7108 22940 100298 -46329 -33173 -52257 1723 76525 1380 35772 -33030 18850 4674 6388 18672 -19611 2041 -3510 -53569 37439 -57343 39027 22643 115301 1291 110857 38902 -52634 78500 -15171 -684 60293 47093 51127 -67018 31692 47611 85817 -62604 -135365 -79806 -17653 -23157 137823 126984 -104572 -48099 -5876 84158 -63544 36617 -49848 26024 -59917 77802 -7463 9057 -83462 -12297 21624 33468 6294 12 39227 23461 96453 -25005 -22277 -67499 93408 71796 50899 -13446 -30344 -35257 -16919 18621 29119 1154 -78728 -17311 -53644 103543 23582 -61017 43651 -22792 -42251 -61420 -29497 45112 20554 86143 15813 -87397 5613 -18251 38086 38256 -39966 14528 -17063 27513 16502 -36182 -55773 27548 17155 -59340 12445 47775 42729 103300 -58176 -89498 -108129 72103 97670 1690 -57675 56269 -8894 -55941 42099 78741 23687 38439 52345 -23068 -39358 -19165 -5877 -65253 -31038 -26647 -43645 -78536 -66856 -25938 84307 39529 21574 -35851 -24432 -28355 -22204 9283 12327 -24925 -10780 -117035 -3243 32719 44430 36924 -51868 25561 -110825 -1233 62241 -16778 40075 -21464 33467 -26540 -57356 -13525 21343 -26277 -21043 -91300 -63422 9895 27774 -18726 -32425 13396 64342 -70507 109160 11575 -17019 -70397 2191 6537 -44432 -6399 20882 -12785 -10717 -72492 7140 -10431 48000 -24808 65588 65492 35382 39054 -72254 -46035 131790 -6022 -32262 49385 678 -91134 2391 -43906 140479 961 41950 -83370 -50933 -88443 89899 5296 -25970 -20581 -19916 -58 8108 -45605
51191 -62372 -125366 3906 -6741 113866 2377 -20968 -154053 86581 37114 53352 -107696 -68302 -29557 52930 60025 -10197 71932 -10152 33253 37647 -27501 -16011 63448 -14924 -80446 52586 59567 36215 -66286 -70478 -35425 -51940 32641 24088 -11127 40232 76446 -41552 -42495 -13284 47642 -64606 -40728 -33803 -43261 60253 66690 75255 107547 35907 19923 -39401 -123292 -55879 -116656 45870 -7228 73897 25957 -1490 45303 -150899 -33802 64765 71722 -23773 -80152 57369 28640 -930 -72596 -22491 -134333 -9619 -38281 -51779 -26788 19528 17446 -14235 86589 -32507 96440 34596 15055 174668 -16590 38637 -104798 -44374 -10931 -50533 28508 -107306 4885 -73239 79775 64327 -4211 -45056 8378 24151 13145 -75072 29333 25167 17998 -9960 -86640 -51141 -33103 16086 97728 72541 -27252 17136 79196 -32305 68820 -35151 14771 -23257 -83081 -21981 -98892 -11311 57186 67576 -26806 -46828 34831 -9158 -6071 -31703 49902 31209 37861 -5702 9895 -12826 6357 89193 -943 9856 -112738 46849 -29544 -32792 -19887 35981 31637 -9656 -51326 -4846 -118728 73572 114979 53193 -44284 36840 -28008 18992 -157380 -56179 -30769 24945 88284 24644 -602 -86462 -26526 -16404 5585 36934 -21774 -3476 64233 -2507 -54633 17277 -31685 -118503 44392 -103658 -68506 74498 4108 57948 -21586 -56068 86805 26047 -6338 -67558 -39623 -54038 -20294 127534 -6880 17065 57912 57800 -15114 16729 -77513 -95955 -63985 -38385 69390 -48404 -38798 -46761 -49883 19401 55070 47089 -27169 -23113 -13087 3195 40760 -74521 -80935 56921 15401 61097 33750 -70328 -72291 -8011 33783 13716 -54853 -76092 83725 12736 100113 130108 -70952 23604 66416 -4637 30562 49042 -16232 19733 -16323 -32716
58453 -56732 -85970 -15834 -42054 40503 32920 966 -67963 14274 -88547 -32620 -53496 -46132 -70684 -8897 -91060 -15701 -91373 49880 112887 -14948 40519 78047 -33617 -42104 -2138 -48763 14956 47987 40667 4713 -9619 -58443 10509 33131 -151360 15482 -1768 -91329 -42761 7496 -14415 -16662 59239 96585 39986 26299 49181 17413 59982 91906 59127 13086 105417 -8239 -2362 -22532 32554 -58467 17362 -37926 83562 -55146 111952 42409 49129 -20818 -92871 14611 66678 -26210 -26095 -20971 -67427 29393 -173045 39496 -125054 -29494 40165 81058 -18513 -19766 11826 -17811 35818 5847 45187 -100970 18113 20001 -60295 14545 -39266 1875 35865 -19314 -54494 49961 42024 -785 -52386 34779 57422 -52420 91896 -20125 -70226 57700 38068 -6011 545 28404 -12875 -87598 -9221 23534 13084 -67388 -27884 79412 -71447 1834 8523 53085 -115621 13825 19886 -5036 63683 -7542 29160 -19665 -29170 -26232 -2815 32485 72127 -26085 24492 -94351 -84734 -77918 -39691 15003 14125 38192 763 -80981 -12881 -31898 -18567 53992 4052 -40360 -30207 -23425 -52158 97197 -92137 -2566 -2683 50591 39908 -90711 9861 5614 36341 -66425 24480 36610 33346 15156 10266 -11947 -75409 -103534 44388 -5866 -85188 2086 61584 69461 27321 -87081 41694 69053 97175 -1741 128118 -40246 2292 -63713 49409 44617 -57579 -7454 -74202 136730 -86313 -40672 -4251 62247 69287 -57244 87066 -60637 -30690 -65754 1563 136121 70395 -48643 85431 -559 26259 118560 32465 42748 54315 685 54011 123 7165 -51981 498 4672 112316 89306 -144201 9956 -13772 63375 -11963 33125 -6546 6360 68948 13863 28443 -127281 28651 18549 -158288 -39331 -6021 -50582 -44789 -20830
-45642 47972 67914 1209 13792 32520 15926 -19063 28803 42625 64611 1372 3597 -84313 -24697 16109 -34283 -64523 97815 -51860 -27635 26614 15814 -50255 53386 -46858 30727 -126782 53651 -40667 -41445 65559 38461 -13568 -48366 -74540 -70140 -122254 96647 9046 -25874 116265 -24094 45907 -60303 -52035 9579 -18056 -4870 -24769 128686 80863 95447 -71844 -59436 67894 44249 57802 34449 14555 37841 78184 -52683 91189 18513 -40493 -49955 80054 -124384 -171358 -103508 -4436 39168 80098 27887 24172 78653 -40881 -43662 -5861 20956 80059 44141 26729 -66734 -11268 21421 -52412 29450 -113747 -39725 19140 -85620 9562 42096 -2630 -43850 25152 -33590 28240 -1606 10383 105096 -1982 45059 22010 35903 28755 54078 -22061 18439 90274 102908 4498 154336 -37328 -3836 -53642 -15164 29763 -21219 2311 41630 -71856 59391 20625 29672 38482 46096 -44444 -40473 15292 -56102 6765 -21580 -29991 -71315 -3485 84580 -22383 -14285 -23297 -8542 3973 -51130 -10774 4596 81158 -34443 -20747 -57093 64513 -175650 -115476 -12081 77501 15716 82629 -39508 50349 -27613 -85400 -2620 58653 -7769 147521 42750 -57588 30833 -33697 13452 -104201 -5941 -2262 95428 -28633 -105538 39056 -6187 -20232 138240 -13071 11204 -35768 -62630 86366 -4254 51742 -4901 54210 -49809 -26184 -32431 50240 3445 58286 13088 -41578 -49267 5366 82431 127569 32350 -26659 -17472 34278 -51119 137556 2660 -99474 -69093 -31210 77719 -72481 10607 -30473 -89617 76088 24206 84806 58746 3753 134470 14244 -87761 16062 -75053 -30301 -29021 -1972 28315 -52748 59233 41972 32545 10277 27741 -52070 61670 16379 18614 -97096 -46820 11504 -1541 -72379 53213 28962 -95164 -26592
27342 47874 -20589 -31690 -21444 -15515 -42741 -30030 -1763 47947 -27843 -3427 12367 17614 -23239 110580 -52372 -74346 36472 -41967 3033 -18614 5274 -67760 58562 -106664 -79849 -79147 -30727 -13474 -62036 50115 48901 40289 -38837 -48214 48810 203 -92780 71960 -69169 4082 -85548 57113 -62195 1416 8687 28151 23899 -57705 -12125 -50448 49831 -43856 96613 -1091 113281 76398 -24543 -37869 -18834 13241 -88198 39763 -32408 -47003 -38507 26984 -100956 -33550 -124718 53011 -150194 42548 -18305 -105355 115263 -24404 8135 -46802 50425 -11950 89001 3120 9364 -60410 5545 58202 52503 58757 -32949 -98359 -103884 73957 74765 63245 -16623 27397 -36309 -11009 -47945 -66705 -12059 -4604 20481 -99439 -83369 36382 -2230 -82754 38792 40690 -22087 -60380 84789 47822 77865 -1905 -44811 6055 -101198 -21537 60270 7287 3933 12148 -19156 77647 73097 107769 -12788 27510 -6439 5037 -22456 30249 -107319 -23095 37634 -41048 57110 45343 22890 11395 15507 -39768 -10080 -36700 -24153 -52742 -45103 -50247 30483 -56359 57421 172957 -51754 7001 -37780 -11169 31069 68400 32822 16721 35738 -924 -40279 28666 58709 30396 26993 -95515 29232 -44104 -42428 -8807 29931 28238 -44242 2565 -46644 -26425 30793 -31369 81314 42831 -57699 -70273 -2435 104776 60940 -65491 -9638 80947 -27775 -42632 -14076 -43619 86857 26047 -33653 -24271 -57161 3219 87965 -30598 -86992 27867 -110271 42897 58751 30907 5591 34018 -34481 -130720 -8804 98527 -19655 47356 8204 9375 -20376 38922 9713 -30906 -8953 73714 -5537 -66996 -45449 32247 -38752 -30620 -8599 115859 -50422 36070 -53958 6477 80272 -46271 -47455 36931 -44449 -86052 3435 -51617 18014 -36349
78338 -26079 67512 -22446 3556 26410 19621 6965 -84575 -55786 33816 -2613 -44698 39056 -72893 10184 -6855 15638 -81122 10866 -23328 6107 86849 -29172 42102 -67118 17080 -3743 -11909 -20828 -99531 61308 33137 -38132 35719 79783 -94606 -12366 -3093 -28802 -74056 -47026 93395 -25307 -10017 8552 40842 52280 61785 1302 71235 83652 111653 -14939 8559 -93528 -43902 7272 42183 30240 -8052 3921 31805 39265 45402 154276 -21436 2837 -76218 -26710 95811 61120 86601 9762 -44814 -35788 -62390 55592 -58317 -9998 29592 -110 92170 59829 35891 82074 8387 3800 69709 -88776 -17895 44516 -97850 18620 -83007 -42206 29551 29032 -65840 -24177 -6214 -11904 -97138 24315 -22675 -24954 -17482 69807 -14152 -47164 -82087 -69544 916 -30609 77034 -38120 -9827 35796 68751 -10165 -11437 19192 -61170 35549 88417 17711 -68699 -102955 47600 -130534 32113 -40155 28772 22023 4072 -2148 -64427 3114 -11444 14754 -23353 27679 -26096 -1561 -42630 41008 -47758 -13967 -35032 -17846 40296 21033 -27399 11437 -180164 -47066 -65368 31932 8782 29410 -43360 -95980 -46177 89714 -29185 75069 37698 -11761 -58145 25638 49824 72844 -50283 65249 -109431 -5985 23516 -100763 41062 -122750 -36787 46760 -49407 5794 98057 -104016 -93382 -116713 136191 -27345 -37956 98683 -38694 -36972 -20146 -60171 50661 -37524 -47541 12579 8176 6745 83168 -6073 -76132 -4746 -26544 -35194 -18591 48956 23904 32795 49271 -110446 -34761 -15982 -18390 -9369 -40808 -68411 -55741 -92066 76617 21510 -46501 -35512 -12917 -70444 12793 -23881 30082 3328 4746 13518 -53984 601 3793 4604 17090 -105816 7591 -99801 51590 -595 -27543 10000 60072 -21598 22074 54384
-48718 11900 -80062 -79222 106192 -69676 -35455 11432 29919 -22308 5889 58031 -18249 16089 17379 -8058 -70615 -45278 110264 -125858 -13477 21882 -629 25065 56734 92224 -37329 -20339 -10689 140341 48000 36772 17360 19797 3590 -36272 -31030 -27468 -57241 117004 -13651 8479 -38173 114635 23385 -17358 -40847 -47615 48822 63422 58701 -4919 66286 2211 124770 -77253 31628 -6841 32031 -13933 19137 -107575 -17494 -68457 -21818 33344 -53752 27308 -97455 -102067 -14423 19135 -92544 62452 -62475 -643 73826 62934 -11469 -15995 -16202 -58358 663 43571 -43254 55165 -30979 7137 -23608 58228 -40367 -28859 -142133 -93736 -60699 71201 -156740 1230 -72286 -7962 -45076 -7989 76989 -140832 -30177 -54750 -23387 11831 70472 -48677 102976 -6051 2283 -4928 -37171 -20854 -14686 -9392 41171 3195 -21548 -44955 12494 70226 -86245 -105389 66832 25354 -59536 -10301 -114977 42166 25954 39461 18457 -4034 -4048 10061 2919 -13374 19491 41748 -23885 3035 4604 32829 -107362 -62574 50270 -2676 -47870 -81741 59449 -64006 -26559 5545 61548 -52320 1139 32359 29429 -103436 5133 -99678 -28036 -14557 95053 -33947 -64218 2437 -39275 -87062 41108 12143 29780 -2136 -9055 74532 12443 25524 -35005 22301 28256 79777 47552 -10581 69732 -2688 -10071 -17647 14049 41755 35679 -46754 22277 -44051 39391 29383 -82207 -1156 -14561 -94051 -63601 40341 114673 -33778 -25603 -84359 -49782 110571 -7549 50775 75877 -30428 -61295 19639 123074 14198 -18232 46399 -3093 -39107 -29977 31000 -35995 31549 31581 -6512 -76591 96038 32348 -29791 -67202 -109379 63895 -14368 43786 -32442 -30342 -91238 60723 -74403 -138262 -33786 69177 -45465 22845 -19976 20538 9669
17778 2539 7512 79407 -179536 1753 32501 -16294 33298 12765 8107 29042 43709 -25303 56707 -37191 37592 -54988 -17153 53374 44401 11974 19236 -111814 -43376 42483 19798 29395 11993 -102910 6499 25155 -36515 57711 19988 129325 -25454 -133343 83818 -52621 88109 2626 -11426 92567 79127 4231 39528 9777 -116205 17105 56649 -7690 -66024 86658 41368 88832 51659 12715 29787 36575 -14726 2814 -34530 -1500 -82576 -51052 13981 46477 -6383 -27977 -63333 17548 -50922 83158 60198 63722 -16757 -34921 -31801 25257 37085 123295 -55689 31217 33681 125130 -265 36245 -83894 -47155 35467 35715 -6493 19318 -55023 -14531 -51947 -45528 15115 -31773 31965 40786 -2162 -95514 -30719 41331 31810 26390 64093 40764 82764 -29647 -61980 -95019 32727 -1782 -28005 14661 87591 -79868 73325 -31287 6239 -39275 -75388 68658 13963 -9038 59217 78530 71754 -19037 -50462 -46630 46041 -70674 -45532 11045 -77581 57137 36638 74522 -40363 15419 -32212 -15676 79552 27111 -60297 30154 -4219 -58451 -80736 15607 93735 -39280 -44773 2594 39123 -20585 -27234 -82642 -38468 17714 51718 78353 -44565 -5095 16055 29121 -5190 -65217 60328 47472 92108 -64033 -9505 64327 32151 -9959 104533 71708 111747 -17614 39839 34715 46837 36637 -159352 72236 3532 51634 -20123 16646 -44965 -34933 58218 15245 -6740 -86991 -60606 -9255 -6917 9116 36261 39690 73346 -67682 30383 -87230 -49049 6305 -133644 48127 55104 -2018 31086 -50113 -48975 1894 -43959 -7865 -58859 -9820 -46211 8068 87130 -62088 84295 -33774 -47001 -18003 11200 31943 15787 -65096 -5181 -7341 -11105 55223 8367 -28265 -80759 -79127 130881 20359 15295 11957 -59071 86237
-48799 -91020 45967 -26666 11335 4281 35758 -24725 149061 28406 59695 -82466 -70587 -48369 -5348 -71721 6054 22784 -44276 -51155 -30105 -2589 113765 12852 62135 145378 43967 -25330 70895 -50123 3645 30439 -96434 -62384 84448 36944 -10246 -7883 -76911 -93324 -19467 82456 -133844 -85237 -70308 112392 28261 19393 39321 67753 48442 34322 -50280 45561 -20229 56574 71354 7490 -52899 -68501 90360 -115240 -83620 -7071 -12581 -43182 86844 -83291 6468 -27239 -60700 -25692 -37518 -22727 8738 60435 -3687 -32666 14110 -62855 -14900 -41612 -27243 41423 -29683 6982 5921 -3254 -26233 22570 48092 72174 -49044 -72457 -10518 -66739 -90864 -1547 -22886 64138 4253 -14774 3854 15752 51720 28743 -7520 14778 10287 -29314 1678 -11054 -604 -44709 47868 3908 59981 42391 -10876 -249 10649 -21625 15329 -99538 -57742 -6503 17645 23775 49267 -132868 -68758 24149 -24242 4887 -15147 -7844 35864 22038 -15799 65831 -1297 39666 -110070 -6915 -50365 62986 -58510 2949 -4933 -21318 29506 -122346 -9927 42754 13235 -22378 40176 -42494 -18373 -26213 -36495 46610 39722 10881 -48679 -20418 -10524 -19772 -21848 -38887 -23293 -25333 -5071 87627 36850 -43384 -34877 -46433 12640 -69779 -55399 2266 48169 46881 13379 36404 83593 46953 51782 -65651 -20626 36020 72603 -50826 20640 29763 42796 40301 4987 116143 -72278 46569 91898 10091 -132767 70105 -57919 60455 -7996 -46686 11592 -24926 -154 -6988 43266 50853 -24904 -149033 52521 -68335 -12912 40078 -39047 -66665 -43542 1133 -14166 106081 -67163 31450 63316 -54536 -13848 3173 22938 28899 1578 93105 -19183 12941 -77716 12193 -12525 78491 70339 29198 49321 -1137 -77806 50552
-37331 18901 -89166 -67778 120444 -25694 51141 -26747 42522 25358 34146 10893 35352 -12611 -35554 -3608 73523 30993 45418 11664 59681 42471 37331 67359 42453 97338 -18480 36206 -1682 -115328 -109569 21481 -39679 -3474 14930 -43277 -61619 43401 -8967 15781 -12222 33905 -53236 45427 -60987 65990 -21039 46151 28143 90852 -34449 20789 39731 -52800 15904 -6967 -90313 39146 -10612 11288 51888 61566 11391 -42033 16837 665 100284 -71970 -12283 15622 16932 37178 59756 -69720 32810 -7495 35110 25242 69585 58256 -45495 -9336 -18903 -30032 46216 13671 51094 -2410 80753 -21412 -72476 126656 -69726 39974 -82861 -49835 -44975 59182 -57243 -68147 -8739 109365 -669 -155856 96472 -14578 -33279 1829 34163 -9149 36261 42599 88827 -39211 -63706 -23074 1121 -56456 103859 29724 101927 -31799 -46176 -50298 64645 -29737 55540 -69824 -16011 -62798 74636 -48949 31033 64575 48043 -11518 47571 50651 -54809 16572 -16901 -53918 -98326 125344 -78600 29434 -70902 112678 -46396 47956 -52997 19411 13403 45936 -37052 -93278 28402 -62497 -38648 45713 37713 -41473 12327 -45958 -102134 -38393 -25173 -27420 -32175 76094 -11791 106581 -11638 -3933 18449 -31940 40387 -47012 -6303 -10298 -54117 56767 33819 -90092 -7748 -5191 -200 -49467 37145 -14291 -5807 621 11614 94111 -45003 -34302 -10636 -40187 -16086 -29252 26140 177068 -29811 -92336 20303 1929 -90348 33851 -11563 -54519 48580 904 19622 3093 -59208 -39467 -20209 -26908 41375 -84853 4306 60343 -114968 -18864 -71254 -58369 -42443 45995 20709 -67434 -4720 -24149 16330 -131801 17903 -52745 45304 -20168 -99317 49819 -80189 -65057 2993 42273 58390 -17522 19271 -25855 -28096 -50092
88603 115161 86907 80387 -17288 -48654 37661 -52494 7848 38777 -19422 783 -102491 -55593 -6627 14382 -61740 -74590 -28502 14239 -5917 -40481 -22669 54754 76627 -37699 4718 85283 48534 29628 -85475 -79695 -14537 32217 92793 17683 -34267 -40006 75004 -97538 61363 -55908 -6887 -55354 9657 48005 -1715 -2503 88800 -2814 23134 -24943 -8222 36834 45233 35643 -31056 59478 -29142 43892 27840 -22740 -119278 -23502 -36145 -15323 31501 -8232 397 107230 -24738 -36091 -13826 -48802 -91018 -15300 34885 76896 -20313 -6360 -12989 27069 -31259 41602 -77596 -1352 10947 -37408 -28510 -29345 64108 -19459 -14098 -13765 47188 -16891 50048 -26037 11170 26440 56848 -83452 -39551 60642 24582 -50837 42671 25344 18885 -41622 58552 -10822 24791 -5265 -1048 -4218 -18908 63061 -14509 60371 -22707 -72593 -5489 -23179 3161 8255 -62058 -36414 -20056 20586 28255 9565 53263 44497 -31360 24817 8408 -8180 -19104 7864 -5853 59882 -29437 -6616 -12754 -84298 -44926 17000 9001 -42763 -73644 131239 3647 -51753 110605 24804 -55870 -8992 -29475 -73075 -34528 -85097 17630 -37863 -8397 -25843 64438 -17558 33916 223 -17439 -80910 -42606 56662 -42311 -62462 76435 -21869 106121 58259 19249 -24621 28529 -1047 -8011 -44586 -9324 -19371 -65529 -10190 -4316 39070 43977 413 -57096 31827 83974 -82743 -45476 49803 -22873 -68621 -49622 42089 -12782 12769 -22086 -59645 -41395 27023 105903 -48655 -60356 56049 -24684 -102175 68983 -74715 -53134 33061 -12673 -20158 313 -3472 -4986 -19553 -33117 51042 -41251 2824 7072 28529 38672 -6064 -73384 -24437 -111472 -678 -91559 8344 71390 34018 96344 -30306 -26043 43996 -56267 -6992 -63525 -53572
-8817 26821 13662 94609 48855 5222 62105 27304 -70850 49541 -49994 -10825 -50011 -47209 57179 -11159 -97209 80278 37959 38417 -4911 -57416 -57849 55666 -39249 -53833 94326 -47186 -32658 24209 75894 41453 -13195 -104103 93824 17362 -22676 -38483 48800 5402 -28328 -5551 -62279 -62025 16876 -48654 -39138 -12967 -33887 18913 -56253 -26269 22881 42435 -36529 -7710 3804 -3282 -67439 -13545 81821 -33052 30602 -143754 44796 99013 98266 -98453 22030 25037 -64990 34836 -81672 -37613 -21640 10455 -63149 26673 -37896 -55901 -41560 45801 8879 64537 -51069 -26679 -74122 -56594 -58827 76100 -73917 -25723 150512 -56574 44211 -16317 -18974 -36330 32233 -38326 -13339 -46663 1625 -44721 -161786 46216 44487 77245 -9386 -31467 -60876 5252 15695 53114 -85206 -113686 89711 -1635 -90983 -15263 17515 75190 4107 -78965 66888 -36891 -34918 51207 -81744 -1674 -29574 51325 76843 89851 -74205 55793 -17869 86219 -30007 -77800 -36322 19935 60575 -23317 -19119 -80488 12863 -36308 69063 -72043 35426 19893 -75082 -12167 53505 52307 -40408 -74440 -48878 5963 -14625 -51034 -50250 -51193 -34240 29418 44400 21619 -17359 49787 -10524 -7889 -60751 27666 -69093 2118 62450 -16087 12331 -56834 -5827 -85449 56827 -38858 168 2483 -68789 -34519 -12161 -9550 -28368 -76996 -152107 -34587 -31974 -8707 -59967 -33646 -64121 20267 -38200 15414 4210 49354 1069 -21702 98279 81078 -6983 91791 -73339 44149 92940 -12089 -2135 28669 37542 -31989 10078 29237 -55951 -10790 66775 -27806 16395 -19458 17888 123555 -46212 42144 33347 149455 -27362 4009 83103 34441 39247 -22194 -63640 61407 61545 72083 -38078 85372 -42952 -57432 21713 58302 60038 991
-17847 -12048 -35827 -17793 38636 53582 75918 56397 -8030 31309 -77935 24072 82473 -63020 -3450 -66976 77430 82440 -61418 32789 89034 -102071 -1473 -17382 -61833 101354 47282 -63632 -27299 65700 -37151 -5670 187 -9952 49272 3620 -47949 15960 70143 -105485 -41924 12699 -59852 4421 81659 2622 -4497 -82118 -72915 13626 -58921 24550 -5354 38422 -37402 101170 -87474 -70743 66334 -51733 31416 6441 10014 -13439 76843 -25646 -2348 -48896 21476 1105 44787 9204 -49692 2630 28208 -25378 28837 -27392 -45154 -7434 13485 -38814 -68379 6123 83984 69358 -106801 105115 70835 -26475 -87770 80497 -10647 -52043 -109667 -62178 -57137 -73633 46118 76535 46075 59842 3793 40647 -13379 83875 -46222 -83665 -44079 22396 -32730 -112442 -26568 -87768 13382 -26307 92868 -26105 16929 -49288 -11750 -19180 -25610 -60477 13118 -20807 28527 8632 -3817 69849 45475 -38460 -38282 20598 -31144 -38348 -52316 115853 -13672 46800 -3179 -24745 -43256 18531 -17381 -24340 49533 -25943 66388 -27504 108889 -59630 -126846 59136 21871 -28646 55620 -88086 -116010 59218 7084 -111602 3831 -19889 -95204 -24655 -3983 -7701 -31095 -70156 -15768 69732 55837 72912 -34361 -16017 29512 44895 -42361 -6197 66829 -2293 30890 35976 -68206 -16990 -10708 -119027 -69276 -11890 -8047 -98215 -31051 -9920 64803 -42125 -16076 -189296 -23539 19847 16759 36602 12079 -12693 22339 3731 34368 136270 -80824 -76921 -31139 36387 72883 -39316 65019 -76741 -11115 -42602 78191 -24703 -4916 -29622 54830 -24716 -73980 -21145 63326 -19935 127241 -73316 -111127 121327 -95146 13029 7500 -59225 63629 65305 -3376 -948 -43194 -5325 14503 45223 -71775 -36469 24068 2534 11915 -23097
5365 2778 82482 -60711 63901 56319 42407 83951 -78500 -73542 11062 63913 -15211 -14827 -81650 -38410 -89007 -122333 40810 102678 -35307 -20302 47275 11914 11572 -80702 3338 41487 59515 3204 44539 21018 -82560 -94847 -2070 100283 -48127 -3230 -23597 -32793 141532 123194 -5155 47779 -25516 27055 -80205 -16287 30424 -21652 -43680 10064 55116 39449 -31352 41288 -22433 50059 10440 180173 -75113 26174 -19551 -36512 72246 8960 -67003 -27311 -15802 -52866 44866 114659 -14071 11922 -12226 62162 88362 -43232 32085 3502 36142 99251 -7888 -23712 -51538 142289 25272 7111 -63721 -95744 -95736 11329 123377 10755 85842 83965 6501 -69580 10999 -56765 68537 9587 -109458 15269 -4515 10049 -4096 16914 42956 79663 1210 67128 19815 124004 25870 55608 -107275 -37295 -78775 102224 57208 35666 747 -86681 -43473 -66494 32673 -34655 19206 24536 -31644 33076 15951 111901 -14764 38402 144471 -10025 -23086 -34193 8489 15977 -140656 540 86492 -52239 -82720 28740 -56796 -16412 -133531 74546 -109430 -22288 -97621 33493 -82476 64442 70766 -34643 68801 -8670 -51584 58131 28378 102786 -6891 44116 37347 -78394 29936 -20035 6396 29940 -139985 -38009 70154 -102017 -78726 -15813 121145 131840 -34706 -58342 87938 32862 -15963 115872 37751 -5159 7032 52159 -39518 -23278 50975 30682 110923 9786 54159 77672 44280 -7708 61297 -64942 -17450 -2784 58707 46305 -14291 -24668 -61428 55400 -49899 21908 -301 -14753 -50604 -137744 -13397 54247 -58009 23404 57839 -78327 41926 34682 -21083 -118814 11403 -80733 -14829 -27779 -51969 -65999 -12652 8810 13964 145170 98508 83280 -49209 -39477 39698 5208 -125663 12178 33494 49485 37567 8747
-45233 61425 -108509 -46405 60537 22868 -27539 -25361 -48640 -57961 -11171 75525 74836 -36370 75714 -40618 -31721 6207 15955 105315 41335 -33581 8118 -128791 34750 -53061 43197 76800 54072 -2174 -39614 69193 -66849 -20274 -15833 31613 75418 -17737 1398 -30439 10993 -52330 10382 36237 9945 -9658 49543 21080 22215 14517 41818 -10456 -7601 73518 -126440 -62694 91860 -42846 20046 -5861 -116860 65200 -9617 61487 146 34931 -46623 19394 51576 -62047 2807 14892 79882 -26504 36640 -54113 2740 -6706 -106975 77166 -17231 -54102 69642 -58999 -3980 -54796 35213 -40596 -38139 -87741 -9380 -81100 -133778 62863 -56550 -7567 77364 23958 43156 52544 48341 -23875 33810 17109 93379 -36098 30255 -79591 52462 42975 40782 -26109 42540 100289 67829 -14724 45846 -10745 4114 -46187 14285 16749 16547 81229 -82829 -30771 7096 41812 -84263 -18517 43702 46068 -29034 -182233 -84258 -21108 8994 11960 -63344 67293 64873 -36013 -68747 90108 -40191 5083 12242 74701 5305 -58021 -7071 14950 51077 29058 -85781 -65527 41929 -90620 16164 -52785 1088 46027 -54103 -57138 9198 43719 -48501 47186 -25390 70462 62632 34862 9167 -17183 18450 1600 16255 81985 -59477 -51021 15968 41919 -859 -84230 11092 -54384 -90440 -49112 -63485 12739 -74838 -8958 -6191 -4372 63481 -99818 -47129 23672 -58096 67955 16179 -94017 79813 -78672 -29271 -52991 -104183 -82501 -26858 -48797 -41164 -8302 -94561 72194 -76841 21118 -103083 -20605 25198 -89120 -686 27360 -74450 -50854 37909 45138 65080 92687 69125 19340 -147471 -42951 53951 -88758 -66952 36153 -45511 -55960 -46441 -53288 24239 17704 31009 40532 100884 -12876 -79488 38071 67419 26195
51542 48894 -1090 28200 1329 -80687 -82068 -31591 -6283 -32704 45086 22895 -14113 -36245 43935 47043 6161 -45206 58493 -72160 108138 -57997 -26775 97179 122236 23164 -68139 5139 -31796 -20436 15308 34432 14955 -43294 46016 -37306 12396 26349 -91443 61193 -69059 -41631 30720 -21965 -37739 49487 -94060 10927 38595 79823 42955 51174 46018 -65302 8454 78 52257 102077 24846 63849 -32101 -3053 16991 -85266 -33671 51679 -123099 -68472 -95276 94803 -30751 -25414 -17266 -36817 78565 -2350 -52352 -64916 23566 -79611 -8715 8992 42424 51075 41980 -12195 -23120 4743 -54821 -34898 -89922 -48970 24694 14131 79916 -46215 24833 -74167 881 -17833 -1580 -4331 -41638 -18294 67831 -50411 -71503 -35751 -2361 56097 -18416 21473 66636 -3067 38129 -1194 86723 -24191 42655 -30093 -85328 -118905 38391 -63077 61089 11834 107117 6692 86693 -4228 -88680 -8255 6978 -34210 -70175 22595 -36380 33474 -41440 -96712 88657 13256 -30917 -4131 -49267 -25651 -85832 93586 15612 105319 -59081 83811 -46872 51499 81808 -49012 50610 -33070 20200 -62445 -24102 34025 -44334 -64805 26029 -18134 14360 -61920 41985 47458 -63308 -33197 -51643 33360 64091 -1012 -113952 64558 2708 49071 -37235 13555 13278 8021 34170 55042 65155 13597 -8408 55296 -11758 5937 299 65707 8629 -19966 -33802 -18156 26222 -79753 38276 83808 -7016 60429 87425 -20791 36493 -48210 -18960 64109 -17952 25746 -126756 36995 -12614 -12407 -13373 -54190 42214 3222 11494 -89942 30146 27796 -23823 52875 92867 26772 5629 116726 31379 23021 65474 -53036 23128 -14564 84627 -58345 3590 -42736 -64734 -41089 66156 95608 13496 79245 35678 -45907 -11949 -73159
5733 -48945 -94575 -3239 -18087 11271 -26773 158 80364 11683 155783 -15590 -44002 -46566 -21360 20514 -66448 -8839 19305 47180 -52468 57334 -16552 -31144 11560 41641 -51061 -70163 9591 20251 -111664 28691 -56560 5584 11782 -21254 20881 -60894 68419 39265 5259 -14239 -773 13712 -38319 -45918 -3571 16451 -69348 41609 -55158 -27913 107885 13234 80163 13675 -44946 -30535 -76336 -28273 69225 7791 -85631 57605 -57870 92792 -65517 3244 -34651 -78520 -39155 15852 29961 34618 -29114 93003 31530 123226 -34176 -4955 -45487 101467 -9927 21172 38269 -36237 -50586 13490 17694 -12357 -10668 13425 -81642 -4928 -29791 -40217 -7852 -129074 70566 40133 20040 17649 9839 43280 -65913 59291 69367 100682 -3991 -98633 14916 -38382 -21545 10175 -9900 -32884 -12392 60319 22024 -38635 51184 -32805 -7142 22797 -18085 -146738 32759 -43354 8499 -49482 7108 13151 -59657 111938 -29975 -114605 -50542 2237 -41423 -13217 1598 56503 116436 -6943 101322 -54176 58607 -84766 -6685 20966 -4140 -5049 51303 -43712 25787 24924 44459 -32193 -77407 -29274 -64693 -137044 -52793 66049 28675 -28477 36833 49151 4691 2428 -35055 -74322 -25432 37704 -109385 134791 79746 3376 72267 -105133 -48423 17286 -5314 101720 13111 36437 20987 -52789 8519 -18010 -41260 114758 34227 -33028 97455 -45084 56600 -77769 -53664 -9761 8261 -104936 -16304 -67156 35936 -92374 -53561 -73756 -81308 -75590 -14661 -27623 23857 -50476 -44274 -26461 1965 66176 -64310 31787 46950 -62732 55386 -32712 -27238 40309 28918 -82384 33869 -21826 -4823 -72342 50918 9270 43420 82193 21962 -24182 -101589 4120 76040 -121700 -15244 127319 55543 41166 14878 -96102 60283 -11244
66362 -98469 71540 -18873 34488 -47733 71906 3621 -79483 12719 -20697 87992 -37834 -8028 55008 -26993 22348 53521 67832 51368 -48656 64829 95477 -21241 74069 8246 11801 -37694 -87010 53344 -84594 69738 -12055 -63336 51617 -14131 -25190 -77223 -61656 -23339 23616 15826 -49371 -4881 89003 -19558 553 -15796 86968 4115 -2742 13911 -40126 -81342 29839 45287 -66410 61458 102708 46594 3392 77634 -55965 -89204 87751 90676 -20303 -31521 67382 79015 -39629 -28615 -14726 24974 -23535 -47758 82922 16989 64130 -62418 1421 43862 102277 -33430 -31474 -48206 145240 -77847 -65390 79129 465 -64577 12097 -89954 -250 -31615 -73231 -7902 283 81611 -15357 -28722 -45188 -54775 -12273 31924 47995 166242 35577 9443 74087 -39131 -8186 92885 78297 -23065 22418 -7200 -16570 5737 5394 54571 -23919 47515 72258 45357 -59466 34421 33799 -62908 -113894 13645 33318 -43462 6984 -475 261 -35383 68212 -45607 -31112 54304 -7382 -40457 59736 9279 -28675 -46421 -22136 28907 -18657 31925 -14918 -66969 -47240 33521 14780 57315 51682 -38083 -21212 52973 -74232 -23277 -51196 66172 -63765 -15571 -12697 6346 79300 2038 -131637 26096 54070 52987 -76183 21957 77883 29572 79386 -43924 12453 -105100 22725 -71972 1131 -67261 -133737 1475 -119166 -36603 -41151 -68482 14074 -144616 19564 -8403 115069 -87302 99557 -6882 -2479 -16169 -33648 66170 -62092 45855 -80742 -48494 -26239 -32641 8841 11604 -60339 -54305 -1382 -10484 -11383 -81264 37856 1867 18037 3598 -33344 20094 -31341 90694 -16733 -17464 -39726 -7872 55870 11607 -105116 -25548 -22599 36037 -6017 46306 107493 44972 -5258 -65321 57382 1804 -17625 -75094 -94491 20780
-659 -93011 20081 -95734 -20364 100732 -34907 34312 -69383 -19475 -102453 53223 -82050 -7335 -9488 12234 79162 53604 9721 -46626 26179 -9953 12280 -13698 18149 -66991 -20547 37431 -86156 16085 -34390 48196 20494 -104459 22070 51657 22088 53269 -5412 -24559 -20645 1385 26023 50130 -50912 28573 12294 23021 -5553 38391 21285 121920 3215 -33360 -85669 -93889 -71610 44071 32918 -5526 111311 -44777 161975 -550 78639 -23707 -59922 -48840 -40893 -45382 63891 51499 28060 -46251 -13241 -55289 -61701 79656 -78439 30611 14450 -115915 -68082 7385 64035 -14986 -7872 -65887 83607 -11343 -16676 36559 -73156 421 20815 92885 -41293 -32951 10258 21274 -17513 56227 -49802 49423 -49447 66954 -47667 51664 -22517 -26392 -77100 -68107 1017 -13877 16478 72029 -16289 16567 18943 -44123 -47484 32222 -1736 -5621 -9360 50091 -38647 -34310 53808 64010 -14468 15842 35064 44492 34331 -1124 53642 43032 -68562 3061 17768 -14017 17979 -99362 -85924 -8360 1848 58822 -1642 59698 -6542 22896 12353 89179 -79204 184 -40030 -40406 32564 -29997 4093 -44023 -16910 -29124 -11673 -59437 -10458 -14670 34707 26243 -62408 -68556 33339 30233 -39994 47047 -8802 3788 15041 -117892 18874 -27895 9860 16105 -39118 -25340 13418 83681 34242 96910 69898 51815 13547 -6072 -3821 -12895 1266 33378 -14178 -56255 -36971 -18343 -48849 -73425 -37714 -61150 -40481 4191 13428 -72057 -23383 -15943 -3023 -30594 128854 -24614 -101104 2443 -11921 36185 -28473 -69979 -59453 55238 1040 -25536 45055 -31737 73850 21979 38915 -3601 -60587 19185 13757 -14614 13279 40283 34494 -62110 -59673 -22067 -17182 -32324 -52434 -11096 20016 40036 -101787 -74508
-98677 44242 93129 -16941 31021 68464 -99055 16073 80409 -4967 82521 -53910 4953 -52933 62770 -60170 -42175 -22901 -55966 -39724 1406 -4448 16982 -41525 -35739 -11194 -21267 -115714 -37658 -8757 -38456 -23321 21318 -14130 11723 17055 36575 -35395 43968 -13964 -3419 6718 -57670 18894 -50159 122083 -32441 32041 -51831 -36799 -94302 -6945 -86346 -72354 -72512 -4875 45214 70019 -28567 70323 -41132 51307 -30153 3245 44011 -69628 -66761 25814 -30167 30307 15860 29760 -7247 -51965 5084 -65351 107367 28465 -40661 -31126 96224 -2370 -48849 -58444 -16603 73557 48527 -23266 -39383 51495 77673 15259 -40269 79367 -141512 11115 48883 -45052 -25792 55138 -47467 111787 -22874 -39744 -34990 -49107 -40426 83388 35194 -6753 44500 61301 -45128 -41856 49788 99300 -28698 -52593 24648 -7820 -12125 -38670 -18989 18228 -6679 21285 24142 14757 88942 -58044 10268 -11867 -10305 -6739 2204 -10084 -79768 -9706 -38177 63580 -18184 -50328 6909 -78521 16294 -17757 2844 -62523 -111752 -3767 -52316 -5189 17622 -15820 68796 105534 48088 17106 115657 -3080 3329 93769 62479 22275 62564 25349 -17101 -57227 -67543 29495 69875 -86802 2953 -73627 -82582 -38511 1217 -22959 59595 51220 37591 52712 -29441 -87656 -8921 35215 3110 45925 65549 -44553 -10850 19436 -5294 116659 43098 22422 63908 108223 56034 10737 -12656 51310 -34349 -20510 -13691 5859 32780 81691 24268 36904 -45556 -62592 -92459 -18748 -127923 -13022 -28351 6616 48597 14176 4534 -37033 -25154 51758 24459 26306 -19719 -128440 -50036 -67755 -9645 -56047 -25657 -4638 13757 60157 -34215 91721 -33416 31724 8190 -1628 -57551 -45506 -34462 37796 -29046 47703 -5848 -66382
46322 28178 -46493 -59650 -76004 89863 -11507 -17249 23994 41173 58152 -52288 22978 -74283 6229 -24123 47316 -106741 23958 -114346 -33114 -54247 23934 -58722 -20644 -17589 30592 146937 149 41489 106403 17143 -46600 9617 17113 72326 -83079 -37612 -75555 -5540 -87346 2655 47171 -32121 -23434 26665 -36324 -5861 59502 -29419 45911 -18658 -8307 -25840 -33924 -52190 5026 -50876 83782 -93956 -28545 -125663 -237 47168 -48534 26545 41417 7548 -86131 -105794 66061 13547 50701 -55923 26115 -52754 52990 8470 -48413 33586 17965 -10453 -39970 -26577 45935 -59944 103845 -134267 -62713 -15429 12339 1727 -615 31686 -49832 -59556 -13274 49732 -33728 44102 38985 -28178 35730 -27493 31988 15001 -46439 10235 -17871 -48406 -99215 14515 -120789 -29501 -13172 14334 34761 -13687 -4250 -34905 55878 67227 -13675 -37295 -48500 15699 9095 -11723 -55046 -48720 36879 37409 2171 37473 -42394 -27513 99478 19508 -63954 35111 30274 -6683 41349 -18168 -26771 20033 -51260 48199 38272 49639 14923 -101120 26154 71669 -18844 -67786 -95498 -88053 -38260 -25240 -35849 23217 -11544 2455 297 -42040 -23524 -22071 -49619 63355 -124417 -43681 -1773 37743 -62052 -22878 45862 8301 -48827 -4167 33120 19663 16659 -15052 -47451 42421 44415 85575 13598 36979 19376 -69065 70561 -72704 18630 10498 11224 42321 -33897 9846 -113611 35152 60312 -84347 -41357 -79621 5090 40183 15106 27020 64608 -13181 -28650 -78997 -37862 -3152 33395 -76141 66221 -16541 -85054 -9017 -23969 30904 45963 -15887 28449 110992 -74539 60667 -23601 35030 -45503 -57108 -18505 -2408 -34991 -8292 12735 -105895 -30480 -11407 -50855 -28257 -35491 -67211 49015 16541 -4876 -22009
33484 -7680 71701 -15125 71028 20775 33122 -21193 -53560 -67551 71865 -42754 26752 -110760 16587 -60193 -50703 15347 65334 -23499 -54163 -36597 -128836 23386 -73499 85347 -107673 -10183 -40542 26959 15474 -7352 -33198 86083 11119 -13267 -12166 -30988 70780 -9878 -22416 -5889 -50617 78364 80620 53115 79134 -38100 6987 52122 -10854 -46307 -2060 7210 75186 -1524 2691 55833 16952 -18364 -30999 45339 -25274 108705 35817 -10204 48268 -24208 35966 -12426 125292 -18426 -61188 -74312 -3560 -1846 -5435 102898 53811 54511 -45866 45106 11755 54386 -64939 1559 11282 58837 47166 -72966 -61831 -82959 30032 -88787 -59942 -58648 -15261 76826 15153 85276 -21049 -3727 -27177 3165 94585 457 -21360 -8523 62935 116306 14919 54364 133886 49822 -37106 -35254 -91197 39120 54312 -63513 -16027 -11683 -80680 -33487 -109323 48874 54475 61798 78617 -61286 -109733 -28161 17285 88357 -33652 -38580 -25286 -58866 35179 -57531 78336 -38244 114328 20066 58800 9434 -61998 -9328 -97769 4090 -58717 18300 -2793 -33802 42861 47262 -24854 15681 -16042 -35548 6684 -29382 -80204 22032 48969 3811 35552 26452 -71933 27785 25516 123623 106493 65191 -23357 104982 4082 -34791 -16339 92777 71238 28844 -59787 38068 -20785 -53258 -39925 42705 -25540 -20547 -29510 18116 69867 -16176 -18798 19089 111402 36726 35208 25715 -88774 -88374 96768 -63902 -18971 -33428 -74121 -50633 -22000 -15432 71378 -28223 -37929 -142411 78338 -42113 58891 38352 -40664 -18935 -41151 -15853 -34352 -38535 61129 -49819 77892 34591 431 117476 34544 -7921 -90013 -76429 -12686 -54636 -21903 48426 3019 -37043 -14152 -40195 -39956 -8029 40691 -47109 -3426 37570 -121087 37169
11315 5091 13517 9365 -61496 -1306 -50632 10618 -104684 -134433 -18177 118609 -4063 -43177 -54882 78798 9014 -72379 -164279 -11745 -34982 -69985 -6179 -21339 52738 -20747 -68247 85245 -35330 72412 62888 -28820 6467 -26159 -39626 9556 -20676 -33778 -40551 -128248 -83751 -75654 85264 -38717 125754 -47510 -2079 -58205 72459 -1104 -12952 55847 35642 11810 21185 -13978 -30513 42907 17756 17351 -10778 -30359 -128580 -97733 101135 49644 -106821 -31555 -62007 142650 57813 -43786 46788 -39852 23892 -58592 -50799 10718 -46966 60869 26234 -50643 91044 10609 37927 -27097 -23747 -58290 -6487 -47530 -33603 -27198 -94547 -24438 -5773 54036 11896 -98135 -32609 -8791 3366 -23202 -17810 86212 -78481 -48495 -36180 67721 -24750 33998 40723 34167 15784 -95953 22951 -22052 -24193 8922 66834 -28928 -58162 -52423 -7626 -25176 38402 10959 -100722 -28450 -21486 -22014 83265 -113882 -21971 56531 -4868 -24348 -7862 -80710 2061 -9028 -3798 -15717 84222 -40332 -68878 -90839 -64889 -8506 55609 18149 -3882 77768 -43521 50944 4237 -45282 -37299 -30378 43344 -113775 36216 1454 -18295 62752 15119 81365 -72346 -15410 -6624 50428 -52483 -55756 -91885 135494 -18670 67511 -55521 17347 128773 20228 11555 -107899 -2816 -50128 75800 -115783 8848 -8184 -39484 53439 19439 32046 83288 72327 -117630 74441 20080 23817 19401 60885 -123319 -121628 -42231 -44817 11553 -73348 -97518 30163 42686 6213 -2357 35621 -56686 -8645 -5401 -26397 -17539 -26483 11683 -34915 -73616 -93586 -59038 -53415 4755 16235 19245 48175 5640 -14803 -43537 57730 46783 -44211 -35389 -2327 -10770 -8480 -16760 53052 -33188 63835 -17303 36993 -40842 -79184 -5067 44172 1893 39878
30290 -6980 10325 28705 66615 -63005 -138758 10601 42965 -35754 -4264 215 -68304 -6903 -18544 -7610 -19992 -40026 -40714 51832 21968 -9066 8781 -6253 31136 -52085 62866 -112259 29865 -2448 -13759 20220 75733 37302 16080 -42153 62245 -57377 17759 18620 88571 9905 -22811 45679 -53150 -44449 -37189 -44713 -74681 22538 -15879 6876 8978 25930 97487 27756 5188 -21199 53776 24749 85859 105627 -72153 11429 -62284 11119 73405 -53525 64867 -19564 -34431 76680 -7518 -71504 -12876 -85411 72432 -53026 25800 32881 30994 -16742 7312 36410 117976 -9153 37387 13238 -153771 -69824 47222 52719 26730 3562 -90624 59533 19680 -103809 -127004 -19615 -8044 -58075 -12969 -118691 -2641 45487 -84400 -42453 1411 51970 -49922 756 -84778 -73470 -108196 -56433 22223 -11472 -20508 -16670 13443 -85754 -20976 -33250 -37763 25866 75037 25788 -1281 42092 -22174 38204 -44813 -8291 8622 -77472 -11616 112672 5119 -16531 -17552 18613 42495 79791 94140 16644 -19551 -42253 24021 78990 -12943 -99783 -32321 -31891 108707 48989 -10294 -57348 6953 54722 39329 -1162 96230 -96249 124631 -24294 -29088 -101530 69897 -17101 -10666 -16406 -10681 -13841 32316 -8392 -39549 81475 -74025 -5105 8893 -17975 40229 67244 -5514 8492 -9532 36656 -64700 -8968 119457 -3565 -8266 -6570 -12677 -10477 36407 -68226 -36652 -49150 -26140 38137 90836 53944 42111 59720 -108548 -15294 -5365 67073 -7126 -35724 -46932 59142 -20273 60506 31010 28655 64494 104748 96957 27065 24761 75819 -75289 -25051 46972 -6745 -58625 3896 38748 85678 76776 38332 57479 47707 63942 -32733 22126 -19613 -20772 -16276 -41379 -66000 4357 100518 142822 30165 143083 76421
54343 78755 -19814 -15838 16903 29605 33013 188 31176 36222 12764 22499 64755 74616 30852 -50673 47912 90995 32955 -3795 64768 -75832 -77023 -25240 -34115 26286 -93073 -26524 51862 -62120 39120 25249 -33231 -34544 12278 30502 47477 35693 -102611 5862 -842 31653 1636 481 4960 24676 8570 14841 -82425 4970 -108847 -24846 20056 30109 -7817 -70689 13286 -12792 -14598 -95866 -20173 20013 118981 28398 4252 -71173 -13497 -29083 -3413 59774 6695 52274 73410 -129467 10592 -59700 31210 -72889 33639 64940 50041 43955 -46101 -61266 37586 -47338 -9059 -62235 -96500 -27843 21620 -83897 -16410 52876 67036 -30395 -29744 -33959 -2497 -96614 19631 98672 -6801 -48126 86740 -17993 35699 22999 -108680 -21807 -29208 37980 17736 106717 -7111 -38479 36298 40594 -52809 8176 54643 11990 3301 -36603 19426 -121460 148418 96616 15602 26542 -1370 57538 -2691 -22452 -46298 18848 9484 -16733 -76476 -73652 -16677 -24312 45331 -18952 -5965 28910 -140837 -145768 59182 -58658 -648 -36945 -115842 -1015 16269 27707 -17553 -32180 -12587 -1070 75490 39182 47974 4946 -103540 17683 -21162 46188 -59640 33768 -22915 133546 75292 48801 59582 15012 59903 -39886 -62014 -22056 -118223 12861 -17108 19310 -79818 111290 -31911 -10879 78927 13795 13259 6767 92632 -136953 -318 19389 -28591 54349 -86854 63892 56416 7535 91948 -59370 -12776 -21301 -59608 4458 35043 59419 -4549 93787 58370 152924 -77960 49289 152217 1490 46328 -43848 55753 73206 -103928 -55734 -53564 95090 28606 17773 -74856 791 61475 71955 -11411 34699 5937 69686 -55805 -47699 8703 71578 -19814 18239 -77027 37902 -1938 3706 -18794 32586 38715 -52357
71857 34513 -93007 -58073 -68291 -34613 22301 -32148 -18722 52604 8723 -65402 76966 52075 53293 -75300 40911 -21154 46514 53438 96733 -18570 20648 -8142 -12642 2320 -41124 90637 -12342 -33938 54229 13201 -24112 -3424 -47540 27289 17217 89796 -24675 103449 -23636 -15988 -26836 69202 -4269 9676 -36752 18613 9989 11691 47260 -35431 -2600 -26947 15324 5739 26617 -52421 18280 -3722 -90626 48859 80613 -14428 -75008 26320 -18524 22055 -12013 -18609 -20021 13173 -30264 18174 55031 -8766 50687 -29847 36575 85989 -2241 86838 24277 -84996 12157 -52062 76381 41276 -1716 82248 4957 -35801 70609 150096 79047 31879 38653 -26841 85870 -63719 52509 -21817 18726 3821 80668 45177 -20834 -101904 -21773 11178 -13407 38045 -28696 62589 14556 28510 -38202 73614 25044 25623 -13403 39212 74284 54663 -24756 -8308 75984 -6643 -123516 46156 -18656 -95963 -74010 978 -39087 70218 34290 -23473 21862 -11410 56781 6876 -76340 86037 60845 19103 5043 75404 -44460 23958 37795 -20794 132100 -9588 -5006 -31875 4422 33649 -35058 -107487 -4019 -45389 -95910 -7465 -50670 -48424 21304 -13965 -26736 -53782 -6308 66248 33484 -130619 31611 1215 -8249 23779 -2082 4288 -18767 50518 17331 10528 20833 7026 103692 -18664 33327 -1112 33262 74309 1575 -28726 87480 85028 -69715 37766 -17304 69165 24374 -98607 -53776 -21053 50680 -41739 62978 -24114 -51564 73320 57058 -21173 -49654 11398 -59326 -62535 7217 -39958 6495 -52727 -39911 12165 22056 -69048 100014 -2545 -15055 -4581 -18872 66210 -91669 -65860 1576 56820 -62408 81902 27633 35065 110723 -38911 46936 -58683 -27139 48165 -16267 52622 35019 -96519 -29337 -65077
-10099 43198 -106733 52403 6742 -102599 41913 -29678 53833 59068 47899 -69550 -3870 22353 20901 91108 -8720 26922 -84666 27725 -26241 44961 16895 54328 -71676 3266 22299 25829 -106388 -79467 110680 -66564 35798 -105103 -40739 22345 35942 38830 -14173 -101737 39433 -74172 40420 -5210 -31398 17148 -59649 -110290 22612 -80286 31105 344 6344 113172 -24375 37710 -38310 -23893 -21808 2459 33112 -72017 -12792 -54840 -31885 75667 59503 -71416 24352 58551 -18677 3270 -26837 -36763 -62139 1222 10658 -22551 -10635 -30143 52845 76525 -20460 108710 29655 84703 -9571 44972 77303 -29731 131100 94824 -18529 32340 80225 -47272 -95560 -23484 73531 -83385 -41328 -78462 -99992 -25940 -111532 -9874 -63548 -66535 12593 -88510 104814 18544 -33584 63278 -16480 -17460 17846 -49626 5658 5686 76139 6727 -20851 7932 -77472 -37269 -37708 40765 55839 28475 -37988 -12939 -5539 86718 -5174 3095 -36647 -18670 7321 -20794 -20146 28016 35635 -14741 134995 38403 -82087 -98055 -38955 -32784 27623 -2511 78919 -7550 19092 4170 3537 461 32356 53871 7365 15855 25594 -19847 -35685 1651 23522 130278 64384 15249 20453 43820 -40250 -9602 -70640 45075 -15096 -71736 -14439 9678 -72845 19251 -12295 -41572 17927 -41314 4189 21714 244 25308 -8298 -51242 -63121 34579 -46307 -30896 -20477 95532 -23309 56001 -28520 54303 74869 35837 13823 41456 -3520 -104839 -1544 72068 -19888 -25776 -34879 -61100 -59525 -10153 35893 -117021 1317 -61143 171294 -35754 -56985 18661 31148 42285 49961 9322 -53215 1992 -36093 43042 10814 -23549 -96021 17101 23683 -90917 -34478 118909 28976 35727 79914 -83018 62605 3209 72494 -61575 -20546 1966
-8238 -17742 21738 -13241 -46410 -5523 -30582 16369 -5040 67539 -42246 -37886 -21059 61768 -15547 42163 69583 62632 18774 1551 -51958 -80629 -64980 -102844 10828 -76363 -76244 42080 -36270 24416 -19837 -2892 -2709 -11176 -24391 83746 47215 -58238 4380 42770 89206 -63822 27723 59563 -26475 16796 26936 -40504 -93434 72200 86527 -8153 -25980 54930 -54743 -53528 -9080 -59420 10604 -76225 -44583 114982 78878 -68105 6019 -52524 81503 54552 -41419 -72647 -86342 -51287 -57969 14597 30675 -15218 123065 -91045 23844 69317 34064 56140 -8303 -49568 7206 1930 -67724 72140 -65335 33728 -73877 94739 -54824 -12806 -112436 -18424 -106861 72881 94742 126989 28676 -143431 47779 -4408 -30843 56393 -24172 -45982 -26706 63416 2355 -50924 -24693 42782 -66395 69080 20050 50815 -75696 -38443 -13121 -6321 -73407 39346 -980 28000 -10623 118826 21714 67490 121676 77188 90030 1711 65215 70342 19901 61250 55988 -56774 -8037 27717 -5694 -10476 -21869 -100159 54747 -2607 -27743 -1274 -22349 4290 -128701 -106281 -53775 52394 -31781 -44779 24273 92102 -18831 26581 -60154 -24410 15966 -140576 -867 41652 118169 -45605 49329 -58857 -2760 -33950 99219 19631 31706 20234 -57545 -55342 -14563 52639 37835 17453 -26903 51065 38105 -11754 -75395 13643 107058 -58644 -80036 -42262 -12590 -53242 -18837 -81184 15303 -73667 35154 63916 -136375 20573 18492 56592 -29076 -73415 18450 31847 46908 -20752 -59138 66925 -55503 -105468 24567 -25366 -5540 132653 -18159 -22102 -81148 -33028 32053 45212 -7545 41944 -42344 -19184 32583 15092 -25921 -52059 -65964 -73674 39768 98572 42658 -60835 -20597 -63981 -77529 77760 12898 69833 -21962 -61987 12846 -15336
-75644 -17167 -82363 22484 -23874 12076 30553 -36890 -18645 -30558 -119186 35741 -6286 -751 -25662 -1452 -54444 -35084 -39181 -22055 116989 -34851 35952 23071 -14546 14725 -74255 10050 -32882 -66339 1302 24369 91009 1386 64392 -128152 -67119 -9375 27438 89689 26488 -28843 -53144 -43112 27055 -51660 -39825 27195 11679 -49864 17431 -24267 -56139 -92384 24802 32565 19643 32885 26405 79683 20025 -13183 -37135 -195136 47445 51631 29765 -51458 -107709 73734 -6405 -9745 106757 -63984 -41104 27374 8040 50816 -48576 34801 53274 88415 -62951 65467 42378 17886 26350 -72122 -59929 -16855 -65614 55201 -5183 22574 -108915 3799 -82313 -77893 92716 -45883 -71388 -21334 1825 -65111 -115254 -70596 -79717 47489 57504 21619 -4490 15063 -108525 -39386 -59854 -74509 81552 -61980 39886 -147449 -19878 25949 74978 -39708 -111001 -9167 14597 -8195 54576 -48450 50631 12890 64642 -61689 9914 -8590 -47600 -25091 -19914 39821 86643 -28497 34265 10194 -14764 -150613 -31397 19278 19754 -12177 12898 71653 13695 65652 79303 -8020 8989 81913 51701 -90193 2869 -12487 -40494 -5505 139030 107737 -38688 75808 -4301 -23297 29725 -44204 6446 53609 38626 -15458 -47346 39092 25288 30587 -57917 -43787 64613 -79921 -45707 -84133 17827 -11474 123164 447 62228 28893 105878 29313 -58240 -9954 -65331 -57169 -37076 -16357 8015 14832 24462 119799 -19539 -58339 9465 -14473 -87381 29266 -49431 -2106 -56680 -16726 70548 44149 -24834 75684 9264 -3828 -20514 -44695 -10657 8920 -1220 -46758 18153 59021 59819 -48527 -84559 37075 -34027 29737 1116 -10483 -23840 -55671 -18660 -77877 5514 48693 91908 8660 44818 -80077 116518 50800 -2168 -164
66657 -13405 -23040 896 -12662 -52231 68886 70389 -14559 55692 -29011 21590 -50731 49120 85391 24258 89207 -73983 13121 -63484 105141 -5570 -149812 24011 -21322 24912 -32910 119446 10418 -69417 -12192 76275 30560 71449 169928 -16989 16294 -10129 -20621 54930 27526 48716 -64343 12423 -39288 -19790 5091 37722 -11478 -37716 79716 -48350 34794 -102314 -2036 -69743 -74711 -97382 36704 -98 220 -68468 49903 26957 -39813 37749 9350 18796 -8177 106071 48271 -23890 42388 43395 -12441 59598 -90370 77882 76628 -40108 -110941 -38961 -96433 13726 17332 42319 12708 18001 32848 95763 -71663 57383 -39645 -62012 -75497 -8614 -59434 -1156 46862 -77789 -61829 42991 -15330 -5094 17515 -48146 11875 79985 -50668 -19805 -48758 -5277 -63495 -44220 -85349 10227 16417 -31859 28294 -26183 -35399 -18170 -15109 -21178 53503 -19996 131589 -129813 -77116 -13739 -85868 -33377 -5003 -31374 69250 11520 -6366 -4481 -53342 27741 46267 3067 6587 93162 -55582 33719 -17495 -9831 25622 23868 99264 59420 23749 25624 22947 -19333 86840 -21349 68874 -2583 -155894 7778 22925 -41652 13630 -52953 -79648 10662 53016 49850 -65791 30387 24578 57127 82419 -53759 -31479 -46504 -418 56906 471 -1580 -12696 -45574 52819 1647 -73470 -9270 33973 25669 19494 -13697 15001 -43784 29279 -57824 -3931 -37109 -24634 -59799 70183 9514 -13557 2608 -59661 119508 21044 30719 12372 115002 967 118048 -28525 66181 -7716 -7028 -17843 -618 17752 -27343 -60973 -4497 90427 12705 -370 1823 12602 38030 -21433 -62322 80004 28153 -71325 -5135 -23328 -28042 26043 -24602 39317 -42227 -32578 -43230 -52529 -33670 -57311 -220 28946 -30195 50300 7817
-58543 -36987 -38459 -58384 -13715 -55838 -28549 62640 -50793 -60542 -9750 52390 -42133 16036 39121 6147 -483 -60572 -7782 -16960 67342 -59351 22262 57199 16014 29938 -69776 -27761 -30680 86785 26948 -116954 79100 -62123 -77713 -7194 -6316 33708 61991 -99303 -2564 -15594 36615 -35514 73488 9893 94678 72650 -59425 -17725 184274 -3812 75884 -12228 -41843 12686 -95577 34615 -94271 50896 -53550 45379 46017 31216 19889 27333 -72155 59547 -27081 -16300 -64622 4206 -30593 123519 84930 6778 35075 -33663 -9119 -61080 -31822 -36693 37511 -32295 -67943 -28459 -110927 6254 -38797 -29153 -63346 -16540 34786 -15950 -42889 22259 -28286 54540 -45277 12604 19164 -10187 120675 94448 -118324 -32180 -12598 65591 35165 59245 10393 7032 -4200 22523 10962 21021 33774 -14296 -34080 -52163 -52825 27511 -37345 -157051 110883 5274 15230 -31983 15237 -45463 46360 -8338 29094 62108 -40281 -17059 -41190 46550 -6745 -70092 -49118 -1490 -182521 -67399 -62285 -1224 33048 29853 -7831 122901 4733 17071 2305 -41413 -95243 -10113 -38954 -109081 -32518 28629 46288 802 36280 21054 -82058 -71153 17080 61796 43747 -140833 -54834 3531 -13475 -35811 -49562 -77445 -26247 26482 10894 -66729 -107773 44450 -3836 -54530 42212 88171 -2488 -57457 56077 -4692 26743 -14559 35921 60079 -16100 54152 56024 37958 66440 10949 16113 40143 -13928 50967 -24533 24047 46619 13221 36498 5764 -33623 135827 15203 -51474 69052 26130 -62117 -23266 56812 111197 37975 -134783 22440 -23249 -19719 21075 -3372 -41053 16812 -1413 86158 10953 20115 12685 8618 -25531 5889 -55588 -62861 -30593 1153 -125850 34540 103865 -134649 -26898 -145002 25239 -109526 -88145
-66021 68932 -38918 -74006 -122958 26540 -80723 -26420 -73658 37917 -52573 -7059 -49547 78504 24590 -28263 22654 77869 -61976 -54510 -67832 -63208 81266 -117831 91535 56160 -2054 -63601 -126109 -35794 24698 21151 89449 -3720 -70238 37180 46212 23134 68319 47259 20350 33351 -10262 -122752 -44920 -16631 76813 -61050 -44034 9098 20281 53732 -22851 -88454 -26168 -76853 34900 68007 30143 26772 -36548 -2201 110818 76283 62057 35052 94361 44509 -64784 63380 41481 68546 44566 -50303 7432 24668 -48603 101819 -10775 59380 -44617 98536 -988 -52211 -21768 7973 -10078 -50147 5623 -94786 150997 -5533 -49293 55118 -13080 9742 -9746 -46562 -9493 -22253 47012 -38768 21864 -93593 30717 -21588 -20512 -33291 48974 29038 6116 39842 48755 10706 -11903 -91365 -6445 9991 -44115 -9059 -15263 64771 -14173 -37647 7345 49225 -59993 -33403 94806 13979 -6204 41264 30570 483 25956 64784 83915 66635 -43203 5541 -8387 20607 53539 -97289 4662 -35826 14175 -46088 -33288 3157 -1222 45876 -34614 133680 -62839 -18067 -92598 -12556 -64617 104249 40603 -77517 -127128 20372 40499 -11384 -38043 41757 -68180 -45460 26709 -95426 14578 -38126 66765 -5099 -30963 6627 -62042 -100339 -14599 34334 -21146 5514 -56791 -106214 9418 -68932 36493 74229 22317 125830 -22332 -67549 28230 56411 22256 -92815 -54657 -1466 18646 18919 38182 -82851 84568 6891 -50895 -31486 -23020 -13724 32275 -23661 82513 -2346 -67455 -37302 -23892 -40445 -4576 -32005 -5811 -6531 -85711 -77703 34123 69562 70433 -114321 25814 -23923 54106 17287 -24834 -24814 -74254 35147 25009 -23921 -64938 -62161 27044 -32373 52756 -62034 22263 -8551 8376 -74777 8385 -20024
85670 -15781 145440 -8365 -14476 64895 7771 -47929 30155 -16926 7310 -41398 -42784 47084 51310 90557 16643 -71014 53633 -43588 41730 -15445 -12996 57 -986 -18649 -88493 -40910 -5294 -3714 20178 47167 -43065 -52370 68128 29113 -3899 -74984 5717 -20257 68271 -2228 22954 35975 -15971 -62618 19109 53017 70966 68874 47996 30532 13057 -74304 33778 27524 -79907 -31594 45787 -20164 21406 41450 19670 22419 19886 83385 -24652 31365 28677 -6700 26846 55055 11066 -17494 -86702 -77118 88007 -30585 9534 -29528 -42263 165307 42753 333 39471 20411 68527 -23063 45100 -23439 -54130 44413 38664 46858 64871 -34415 6217 10282 -29123 60846 -119799 12142 5892 -70749 117078 76144 -30079 14689 -19729 32922 -10244 -18154 5096 21354 -56052 -19142 17516 -17656 79155 -13557 -42876 28855 -16702 73407 13749 -7945 54487 24470 -41575 -23089 57332 -36303 16580 11812 -48454 23430 -51843 15523 10821 -28057 41697 6658 23321 57615 77877 -65686 -58373 -59116 58435 -4403 50530 22400 -96335 -46214 93822 52206 20448 58945 -93839 8611 -72008 -72874 34699 -29548 32120 -23894 -29000 -51174 -33508 21932 -9790 41170 -45882 -6149 7924 5187 19095 -81236 38998 -21733 -53835 68027 68666 -16023 3448 -5914 36696 9910 -51647 61808 41655 -62092 1462 -62038 67540 -75004 -85802 -45843 -60337 45454 40811 -46489 8920 11176 64333 -59555 2693 -30911 810 61185 -34347 -124926 -47815 -12922 -10633 -105606 26842 -75020 -4952 58997 -24809 -34724 4792 34451 18047 -53732 43449 55814 29587 20039 -100682 -39782 -34822 32344 51636 -57854 33790 -44062 -35005 2059 -15901 30605 56052 16234 21199 -11040 84783 54015 -54610 63288
39256 -67780 53958 -13097 -63969 12030 -27776 -66238 34108 -59911 58452 69045 29421 5969 -74582 -57207 -45274 -19971 85390 8965 -25837 35691 -21315 -20810 -92057 -82140 -34115 -13505 69917 62407 10167 -26737 44296 -79226 177 -13819 3381 7063 -37566 105170 71655 -33996 42383 -79749 20424 5496 9976 14076 31689 -78416 93452 21971 11455 97362 81918 -3329 -86991 -47475 -87458 164112 -7084 -9850 23901 72355 83522 -13189 -115578 -104318 -85114 -30663 21539 74543 -3667 22158 7252 -44704 -7878 -77080 -7044 -6237 -53882 65295 -23260 60121 15723 19717 -27753 -55430 35035 -26931 71339 9169 -33487 -32682 26888 3412 45038 7598 -47757 1979 -36631 -588 -82942 -5905 -10155 -33105 -50363 72180 80458 19665 -60733 22290 51399 96920 14309 -19525 10225 -53648 -95202 -8421 33325 45184 -1396 17869 7260 77995 -63491 48242 62522 -18090 28919 24394 72299 60524 9807 19263 -4087 -1916 69050 -99485 3664 -34379 52929 -3389 59704 -39352 -53729 -16259 -19524 -16476 -18724 29968 -67491 37267 -11827 37913 -27872 18407 12600 -48683 49774 -56310 20868 -44508 51059 21575 112360 37400 43177 2473 47215 29655 44863 -36926 66895 -60107 -16081 -32573 -5658 -46098 82089 55162 -31632 -11532 -3105 2329 -36734 -55569 -21653 -109233 22384 27116 -10631 12113 -27606 -51293 16554 51346 -39822 -56223 -93924 -48152 34287 72631 3211 -18926 -28633 -135445 -1012 8860 -14378 33455 -91602 39248 -1811 2464 -53651 -46687 38267 79465 -31047 -69593 86376 113364 37977 -1200 50153 84743 5963 85962 32682 68510 14473 53423 -9405 -15516 82106 -3631 9684 -129742 -2586 56694 97782 10138 36862 15619 -41720 -19594 3694 -84504
-53581 39955 7618 -41234 57689 -23329 10589 38631 57360 49572 -11438 -93675 14256 44954 -32824 -45681 22034 -27461 -61982 25808 33144 7514 -15366 42648 -71060 -33766 52218 91102 -20167 20342 6142 -6354 -17784 -22402 26829 -31078 68734 40955 16995 -123220 3175 21432 64265 16415 82175 -2564 -36590 50087 -43571 -74013 8685 114819 -49718 88436 -72326 28967 66186 -73957 39468 -32683 -61595 -25215 -49024 156236 59567 45025 -69084 101033 -82784 -17549 44769 -102774 -6005 -47022 -15153 -50588 47197 66257 692 -88422 -52687 -59302 -18985 -48395 -34630 -53757 20796 21441 83981 -22168 8291 -54194 12554 -58154 14956 51553 34755 73931 14607 94616 13269 9786 47461 57341 -9355 -47694 -96406 2634 21044 -42932 41871 -59772 -5780 -30839 15864 80440 -20740 -43560 10849 -25215 12691 -45382 37146 -116295 -25203 -53360 7391 -3724 11986 17324 49988 103455 -16105 8249 51120 -10768 -49973 71134 131410 27008 24917 -64090 23676 -75352 -11527 80289 -27562 -120317 52402 59465 29537 -65062 -16177 -8592 121897 42384 -8376 7371 14758 62153 -109650 101170 -415 -8441 -89415 -66387 96615 -6343 82045 -17472 -56283 -30851 -64045 54204 -13940 -27589 -84963 140667 -48745 17776 90344 34037 -2927 46680 -106343 34798 88026 -5495 42386 24457 69486 32013 -49802 -77603 -9701 35915 -35316 108699 94651 -6549 -72743 27184 -42968 56977 70827 1841 -50956 107607 12250 30712 8208 4426 30646 -33089 -113063 14650 19959 6002 10666 -13666 96478 -4741 -60648 -37035 5715 -15204 -6690 -43214 -93595 -57581 52049 41594 2166 -127780 -106663 -53460 -25500 94214 -67149 5569 -45954 -15477 -19121 -127306 79820 29625 -68721 -1678 -42817 -14433
61625 16022 14202 69329 -38610 52970 52071 36588 -42164 -25471 -83277 12904 -34784 -32310 33412 -106768 -6727 -74070 -64338 16876 74130 -38365 -76697 -38650 -72061 49366 -17029 18690 -24680 17546 145241 2547 27490 6931 119830 -16919 23798 25723 -34563 54310 11130 -101155 -45079 -56461 -28434 66927 -15634 -34286 34984 -71472 -76870 -29606 -27279 -41559 62106 -16107 96501 28771 -23158 53152 -45902 -7258 -23113 -50484 -35576 1730 24256 45680 43860 118804 41586 16959 -34851 27592 -17705 -57389 -54047 -41061 -29995 -30860 25064 -60890 263 -63839 42520 -12274 21124 -9560 35560 -40259 -35979 -33458 90817 29858 58517 -75372 22690 38840 37593 -92392 72717 27207 -44386 -19853 62513 32664 -4855 -67069 -52001 13561 54098 29881 50203 -34839 13600 32351 64444 46884 33373 -38927 -53480 -27722 27127 1328 -9553 1943 -60283 24798 29222 67510 -15369 -22112 -72116 -24206 61776 59559 -60340 -57750 -104905 121780 8266 -52200 4796 -66023 4735 48099 -103766 31777 15683 -1626 -62979 43289 1663 -27171 96813 -9862 -6550 41500 88812 -46559 -77541 29967 75248 -7105 -778 -64085 114760 5523 18926 -44252 27845 89723 -6655 9559 68478 -85710 -79250 -32715 32891 25467 -39732 54440 -25796 -33964 -2772 -28966 -90383 47600 -78123 -9398 31554 45509 -60804 -11391 22871 22811 -4895 -75961 -32906 65865 -90034 -108209 28860 22000 83374 -5494 32151 -18586 -17321 18076 -47305 61508 -29070 -37535 -15826 57300 -23532 34026 88794 -36736 -14029 60701 22856 -47403 -61950 58294 90250 -40774 -75840 -2104 -73528 46604 -27297 31019 22009 -62650 -22403 74591 34263 93258 -13099 11610 -6686 62168 -53608 -10019 -62540 -10523 85918 518
-105651 -54258 -27829 24571 20656 33820 -91050 -60236 -84878 34618 15892 -17160 -85435 -464 -26713 -70453 -21042 -97678 35047 -92868 157683 -16172 -41840 120129 84717 -77401 3280 17343 -20592 81392 19368 106924 -35822 -60767 48288 115624 -5943 1887 -129869 45749 -56515 -60458 -115855 98594 65151 -757 -124410 -61897 20760 38034 -99351 -96962 -22591 -155247 -13956 20306 69404 50448 -112096 -15977 -626 101927 55713 3102 -58696 41696 14025 -6960 87221 -19103 -12202 3019 -47420 -80150 -41310 30916 25657 -122985 -52097 -29904 20320 -93795 -38239 53496 56965 -117024 104557 -12853 15459 -25441 1306 -71062 74864 -25441 8947 -27776 7936 17432 52726 90 -29004 591 42113 43836 1874 -10305 80364 60790 33041 -80372 -1860 13124 13587 39293 117114 -7432 30877 62210 13457 60205 -6782 -12144 107276 46598 -151509 -12266 -44264 2842 24590 110600 -23740 113117 -36258 21093 -92703 -63008 -45175 -57077 41863 5842 145183 -38066 -79801 10349 84029 7003 -102187 -128080 13222 -6098 11583 -45423 -59356 -45692 -7644 8848 35416 205 51201 -49311 2632 37000 95306 -7852 -34971 -55939 14962 48186 19422 89511 -38051 48956 66204 64235 -35355 19224 -13536 64281 16823 -18922 -49664 25449 -105846 -104113 20890 1721 26298 -57875 -40850 -52177 -24456 47921 -14403 23326 107387 14836 -28723 28418 -45762 45345 -30577 37567 -16902 -17651 71216 2419 44496 29126 -47498 -52550 -86145 74664 -9460 53597 -40276 102172 425 95551 40033 -86115 51812 -5775 71568 -61940 -54936 35087 89167 60965 5044 62560 -52161 -30333 59627 61283 76828 -28072 -43823 -29459 -7916 28531 73118 -5624 53052 99002 -13085 -7788 -43561 58885 -38462 -3492
49363 -41047 -80204 42393 -36381 -27440 786 111950 -71799 25782 -49192 59665 -72944 17739 98 -3950 -14961 1908 8137 40976 -36669 -33067 41788 57055 -8006 -13412 11313 89889 -16408 -76194 25403 71523 -73704 -18541 -22182 -31001 -46544 32107 35223 24613 60418 -28363 46032 23485 26410 -11375 27772 718 47530 24001 19350 31120 33222 -3730 25359 -113590 40070 -2018 27373 -72809 -31197 995 94655 29482 -21605 -19203 3800 -66780 31210 -93584 -34500 -57200 -58988 -8581 41563 49784 -16283 54038 25425 -59 57221 -27400 19932 34820 34044 18357 23500 122398 -1707 23375 -41119 -31157 -50589 -56655 -16795 1177 1447 5488 26072 21447 -34711 517 57747 12056 10349 17444 -64595 -124512 54613 20497 -60224 67719 -150522 5254 -45380 2856 -12905 21332 12313 60262 -12284 -47100 11880 21223 60319 61900 67113 124875 -65688 41932 83711 14864 -32791 10224 -69320 103259 32169 65578 -50977 -15848 36198 36640 9250 -3635 -10696 -84009 100595 -48412 82187 -5471 -2126 -58167 -30209 -10511 33957 67508 47340 -18232 7724 14032 49328 37976 -10092 -6203 -54495 4963 -185594 -7061 28130 -91467 52714 2267 -50323 92846 69818 48154 119628 55397 -28707 -63592 -21599 5262 161320 19561 118770 -9192 115338 -28973 -84525 8092 20560 -70566 -72075 -74197 -47097 -22164 -66258 16018 37078 53524 48653 16488 -34985 22026 71526 -66744 7760 11031 -36461 -12518 -8379 30027 7709 8126 76205 -36541 2342 3461 9282 101315 45482 -29927 -60183 -48958 -52460 -24323 -19191 11034 64232 -40313 -72705 -45124 -40766 -37333 -19741 27265 20218 -25483 90291 39300 -10140 -33476 -55902 -22110 -7076 -52696 -35471 -1123 -69587 2885
-82 83688 -56954 12633 67887 -48549 -19746 -54478 13925 48790 -86952 2688 -20474 -3382 87236 5751 -22016 -77183 -68541 43749 -45857 -21746 43020 -75331 43044 -36685 7811 -11203 -26413 -45824 35738 25631 -28813 69625 -28112 109861 -98780 -151025 -67966 32424 -34877 23230 -31773 29551 -30027 -80 -47089 -22064 -15362 -16395 -48532 53087 -828 25367 -24826 9296 130957 25684 39430 48934 -75759 35021 -61423 -65800 89731 36257 22103 67081 52995 -107553 -1572 -12865 -21611 -11428 46840 31789 3914 38933 63678 88446 25291 -16811 19759 -138650 -65049 -44393 47527 -38863 -106668 54590 -49725 -54163 -59501 -49447 31132 54653 13247 -8371 11504 -87162 28556 7647 -77025 -15811 21831 15775 46267 51917 -66773 -50983 26742 5912 -16858 21197 21397 -18117 34542 -38583 -36526 -27973 -7199 5506 -18026 12564 22129 -50158 10631 119805 13001 -25050 56238 45119 -10167 -11089 12235 -136305 10102 4386 53510 14872 -45138 3327 2703 -30673 47483 -99290 35129 1634 36011 -128591 5822 4249 -32924 -50392 -55579 78739 -35145 11558 37042 -22174 -94139 71060 26265 51674 154776 2397 -30997 12563 30214 63265 49057 17241 -33151 -69066 -11977 53795 25422 -44514 -125210 32699 106521 1333 30403 25759 -24303 -46514 -149442 -29323 31625 91419 -36865 98692 -141671 62026 -25128 28854 -55816 12298 -107160 -129353 12455 81365 -50653 48962 78062 -82523 8745 44194 31352 3794 -10032 -16230 -52996 187 -147230 8879 -72205 27917 -29423 -77142 53014 -27305 59322 2843 16681 -3449 -57154 -21374 -12073 9902 -22746 29090 81628 -8821 10603 27445 -44372 40487 -53781 -22990 35852 56108 -62981 -76532 -13033 -102567 33582 -37654 110669 50185
78355 47113 -61394 79501 7432 26085 38585 -60731 -33516 86906 -36403 72646 23532 -104404 54400 -63436 112846 -51422 63960 -116541 57804 30601 -41706 -83081 8678 46194 5747 -45017 -95304 29675 61407 -102718 59174 -30697 -27871 1681 69918 -15874 -17644 -23459 -51928 -45260 37562 18320 101617 -19909 -44187 -16749 94938 -16749 -4353 -33372 -80488 10369 -98424 31409 33052 24022 -56477 -8784 -53296 112307 -28968 -41648 27522 -39137 -36227 60289 -98178 -11812 -1953 87128 -828 -41936 104976 -101522 18302 -22430 -53407 114290 -12866 -123283 23196 2328 -10572 -51331 8830 -21582 -15394 51000 -33211 89506 16897 -18658 -54227 70053 -47624 78753 77045 11520 -7478 -88487 94099 34567 32250 53154 -44209 57338 84832 108942 -1947 -32357 -63424 66153 40406 31252 -38753 32022 -20694 -24061 -58300 17705 -174961 -8180 -111606 -46565 67792 -33543 -9601 71790 -77349 8892 -4975 -24658 68507 -67406 -30208 -45305 62784 60046 -6686 -49565 -23344 62929 -89284 36602 -54786 30918 80925 17210 26425 -24323 110688 66411 -39151 68680 88675 -48841 66441 -30319 -26397 1843 7206 -45640 -66786 -23842 2394 15410 4318 -15751 60572 -71318 23819 -30416 -79426 -14197 -5548 76331 -41465 20927 -103955 -20343 -82526 -64344 -31664 2365 890 116985 12567 -24105 -5635 -14284 140544 -77768 10546 -28857 -46104 2722 -117211 12949 -4771 19505 -1811 -7694 30142 -75781 12560 5847 67411 -27004 84674 1911 -118558 -33104 -1561 -2703 -51175 8295 75072 -25830 -15852 36523 -32579 19896 133296 -4225 56656 3528 -37267 59588 37732 50497 26613 21777 30893 -12803 -61324 -65111 23656 -4144 -36682 -5461 -58208 -71710 -89618 -89763 -18605 -19261 -30100 115142
86618 1031 13165 38397 36279 -54558 -62065 -1844 -39186 25620 51656 12090 2113 15672 -52493 -10922 23262 -47670 38868 10303 49027 -38154 -74416 84317 9669 -15596 -14935 10382 56366 -81048 -9764 -10199 51385 -17723 -95452 8404 36242 82507 -13821 -42987 48710 -19190 115411 60278 21627 -25297 -62982 -19880 -14883 8453 -96955 5631 -72107 23271 116340 -119535 -79241 -86454 9709 130305 12458 -31026 -44743 -68966 24224 -32716 -15247 9157 -62513 -14216 -155 33660 -2962 -49277 -75748 2368 -13041 48673 17906 -56262 53066 -39794 8323 -26681 -38487 -101793 28466 29817 -11600 -17760 -20817 -42605 44466 28883 6793 49869 -19706 -39035 35404 24644 -94867 -8668 -29491 103254 -44330 17337 117225 -9690 67348 -23008 3705 -42091 -26693 21621 24953 7129 -22150 -28525 -71782 -62819 -22835 -17875 5107 -8465 49124 -30133 50069 41380 -61988 -95062 10562 -16213 -59424 14160 -41167 -7190 104377 103440 -11302 -85087 -1966 7853 38642 -33566 67957 -13837 -12026 10036 -12287 -32621 -72764 -30103 61143 -131148 335 1141 39327 49528 -10490 -35113 36698 -3677 5261 62195 -77974 49921 21310 76010 68053 -8509 -29170 -42198 125587 -50679 30650 -67533 35790 -4587 -28080 62153 93194 -71797 -1250 87476 62314 15738 15354 -89012 20767 -9761 57197 59766 -30563 -39641 -83805 -83072 143218 -14687 48760 -97786 -93698 -49491 -86564 90926 43060 -80631 40609 -30419 -11634 11510 8988 29895 -23637 51556 -67621 344 40180 -8285 -28642 27315 -13290 -15218 91578 6275 -104038 45254 -74170 -16639 -67594 1636 33136 15338 -75420 -103119 -35080 54038 6134 42046 13362 19055 49687 -60837 -31196 -4150 -4187 10528 -24080 -34952 15808 -42014
52016 46267 33667 44987 -62244 -7015 23640 639 23368 54723 -76814 -92092 -7870 44882 -69240 61739 -17995 -59961 -10902 -111206 76889 19298 -58138 74425 -14217 1676 -46556 22809 -14921 21210 40569 21437 76846 114313 46735 -8911 60615 10866 -23274 3504 -30024 -20463 -39882 -4241 44582 42745 -42418 -45824 68284 -10267 -58754 18991 -49904 17331 75880 20838 10934 -14812 400 70523 10757 -55741 -39253 -28080 -12510 -66919 -12459 5170 15446 -26499 114243 6934 8991 10088 383 40790 62388 27181 -8497 48019 58489 24780 -18954 -11802 35737 -7462 -14771 46549 -4096 30766 90671 2406 55581 -80037 5929 -67490 -141680 23056 -17024 -110299 20897 75 26233 24196 74514 4718 -3946 28059 13702 8084 -32308 -14861 -66421 -25914 -61959 -33114 75150 40265 39564 -16175 32724 38908 -11317 45283 -53993 -58656 84052 -95596 -3328 8151 36577 14257 3214 -75161 -26450 28912 3904 -83919 4846 -22287 -17673 -45997 -77491 6009 15479 -11584 26000 -20310 -47948 9976 35961 38602 -5404 -48084 -29418 3693 21688 65832 7787 5848 -11281 -14838 82555 -43242 23678 12150 -3229 16207 61181 2684 92292 73653 47100 34139 44121 -47314 -77375 -52985 72650 111212 -39447 -25048 -8671 -6859 -39362 -20493 55562 -55125 -24063 19139 50561 17659 18186 -45284 -41704 -39801 110040 -7336 -22873 -78188 -70896 -2137 -36203 -404 -27021 10264 -51497 155194 11271 -42030 -71001 86103 4915 -72131 7915 3526 37955 18405 29719 -14877 -120655 80943 58521 110898 -26357 11078 -4135 35938 33669 9510 65980 -35247 24493 17944 -17791 -59332 -8355 44421 -77148 77967 16220 -5796 2816 -97578 33076 -41912 -86205 22948 41482 -925
51201 -29831 18905 118219 -57662 -23237 -93371 -8836 15044 -92321 -63932 32489 -18144 -15121 93410 6850 94988 35203 25138 82476 41116 37613 -216 -29605 38809 28388 25182 16399 89577 -78369 -19530 70042 1953 73992 -16849 -23359 -24448 20882 -35542 44109 109180 -68909 -4794 -28534 -15538 -51060 26645 59464 -36148 9807 -10515 -95528 -18912 -18760 -6963 78825 33007 33876 23045 -7748 -88403 23706 4357 63999 -72492 -59457 -8103 -85561 77266 9261 29842 -18976 29625 -34058 60214 3377 10943 60341 -53088 33909 -20041 10850 38612 27703 -16683 -59790 45867 54548 -20490 -28772 1050 -51605 25827 57588 18645 -76111 -40931 -71632 -78236 71523 -18416 48503 55214 17499 43954 3887 64419 74914 -66700 28629 -42866 37768 68968 80602 -64687 -11185 -70882 51359 -91491 -86692 62743 -32458 40285 65386 72121 108889 -70853 -60941 -13934 -36947 61517 48809 -20696 -64434 -64061 -79720 -46541 29215 30959 -70040 65872 -39041 76563 -45629 -7675 -61410 26512 -2603 1279 -31209 -21765 43866 13277 -4337 -14559 -41036 -14059 -107119 69606 -102756 -89013 54116 -107213 -20561 -38305 7072 -92343 66010 -8225 88983 -28463 8150 30048 -10796 -42364 5550 3319 -7010 16956 23354 3061 59802 -13258 -64703 -45326 -21965 180 -74809 88425 -70607 -2686 56158 10063 1118 -11377 -33359 67937 -65973 87663 16615 34207 -82228 -30160 55857 -3096 29721 78934 2999 34611 7851 10266 -30500 -76152 49661 3230 14102 36335 -85997 18121 -27945 66940 37525 -106407 13910 -31856 24465 29954 47663 6424 346 89977 -4222 408 -74579 3959 87580 31510 -16764 -31462 71131 -17776 -11719 -65700 8430 115491 -45793 61294 -18421 51788 -29235
-66547 -47705 -22020 13562 54331 -239 65253 5573 58811 60586 7582 -43661 -14166 -38423 -56852 41370 17007 -10010 -21864 9988 -47707 -4980 -17788 95571 49402 -23810 34177 -19002 -54760 -141517 -28495 -59596 -24525 112776 -30047 -2967 49266 -1168 3243 82907 67842 59684 58531 -12657 -21104 33356 -57847 -26707 23259 -8246 30455 76292 -22240 -39155 55538 -9243 28819 103494 72860 -11174 84094 38633 -5734 -147366 -108129 39449 4418 14784 -69374 -60478 -94359 18150 32067 18993 -51012 -102177 -38532 -83031 53307 -81807 -46376 -45320 -27725 111133 -38551 -20422 -64393 -44679 -19884 -74234 20203 5015 82165 -11545 23815 -9262 -12493 366 62148 -1519 27203 -23264 98422 -46537 8722 7033 35836 -17464 37103 62712 -14231 -33608 -2697 -30407 794 -42715 15446 19184 -68335 128211 25554 7370 42616 14779 28277 -20869 5942 -63456 -53875 91821 -47094 80281 45405 25862 63772 -95679 -16118 85674 -79588 9972 -68541 41466 45229 -92738 -125423 47954 -1406 50722 25368 -36197 -20625 88945 -29613 -105433 18711 -25798 -1579 -14911 5943 20893 10178 -35463 29094 -32293 -39669 -69124 86781 -37153 -2847 -22096 -12879 -26476 -47536 -12331 -14420 -43939 31459 -24981 -12973 58804 -8156 -23115 -41259 121069 -66250 -8170 48492 -47189 -45509 -61108 -60353 -23846 -123654 24014 -43493 -89 -17144 -68083 -45096 26611 -12221 60927 -146942 43276 51145 42948 -41941 23593 -50902 -20055 -107926 -50381 -76915 47953 51329 26212 -20431 -20213 -33476 117691 -16077 80134 38245 35634 -56499 51127 27094 -62734 -145504 29029 76789 46569 -3274 57683 57828 -43362 29906 -192417 -17516 16003 51928 20103 -2491 -8122 16504 10245 13105 7725 -7002 -17155
-56731 -40622 44340 -82500 37437 93930 10336 -46362 112381 73795 124886 31103 1373 -9460 -26897 -39487 11879 18759 42991 -13940 -77429 70489 36697 -52396 9399 -50671 -32793 -22419 17320 -55954 -72955 -79284 -52952 183350 2311 21392 23230 -58892 -11146 -2091 12902 8389 65331 -35210 7281 6438 -7087 -46794 15424 182308 8690 56872 32911 64466 -43481 -123601 -17967 47419 -37465 -61699 35430 40527 113209 -4034 29530 63749 -48427 2723 25378 -21901 -10143 -24759 -9370 -9948 41469 -58212 13536 -28625 22350 -11215 -47438 -13852 -14012 43401 41273 -66009 61488 9613 62943 -67403 16465 118224 -35942 -45392 71 -23255 -103043 18568 43072 47927 -6418 28346 43063 60808 -118495 38936 36906 53625 49664 13363 69884 -14488 67200 4610 69039 -37269 -17859 16191 -41334 25509 14310 -16016 -53914 -67743 44776 -30695 -17252 52950 4435 -28550 -16054 4972 -5143 -43853 61438 -22666 -13838 -92150 -69983 45876 440 -1032 25144 -10547 -38927 40759 2084 -22651 24363 -74419 -74144 39178 55067 10863 -25692 43625 70279 28125 -57939 -23132 67320 3942 -28501 28596 46006 -62724 34187 12285 60257 5617 -25455 14185 1773 -21162 16641 -36128 -29328 47055 41873 -76508 -32046 -1977 39416 -124325 -102119 81214 -19792 -22812 5006 67036 52532 72331 30455 37060 67750 41312 9169 62848 -49523 -9513 27283 38769 -57183 -70694 -34149 -2305 -27100 39001 12982 -25869 26982 -117064 -104749 -28969 28046 -60525 20418 -14875 16980 38029 -83000 40868 68923 11617 -38678 -39909 -10430 110520 13823 -36478 83839 -35070 14786 -11643 37056 36405 74004 -1051 -53048 -41464 -91410 19560 82736 36620 60638 3171 -23086 47086 31041 -4320
14485 71103 -595 -37015 52344 -76476 -17607 6261 3115 -687 26162 6368 22125 80785 -18027 34846 69197 81373 -5079 71781 -52437 -40458 16985 15426 -35675 95176 -83222 125626 84708 -37721 -66157 -1042 -4380 -7894 37454 -33830 24104 21202 -32334 -19542 -19429 -42356 51140 75453 51516 44978 11439 102434 9987 -119050 -31380 73502 -30511 -68374 -107561 -20567 97269 37457 -60528 -121725 -57109 31795 -1275 21421 43844 39873 -15647 38294 -62870 -42563 7225 -25656 13079 -62954 -54846 89945 30159 25157 36930 44256 18586 27413 -31582 -14709 91551 -43038 -12026 -35541 -9423 24498 6414 -27684 -20297 -77050 -5455 -45855 50332 -49746 41948 58620 -58378 30067 -19174 40034 73770 -102739 -41745 -32757 -48066 11725 31378 -81655 -67736 -45867 673 -25306 -8508 -26427 70727 38306 -52894 -36452 3501 57142 73221 39617 74856 33408 -18407 -85977 11808 -127211 -59154 -39999 -89394 -45150 -79282 -31508 -15002 33920 59929 10799 42190 36232 -50377 41381 -59270 46748 -20056 -22685 90118 -25612 -68793 29516 -20628 68805 3737 44340 52160 -29423 -82929 130504 -4484 11414 6863 -37963 48598 52061 -38038 34831 23491 -8156 -64797 9300 -27162 103149 98433 -3537 -95826 60924 27853 -19726 39063 29024 -74601 60288 12862 -112421 70797 -36220 -58506 24396 -31212 -28206 5784 83820 -3891 -59970 45695 4183 43863 5232 -65558 18407 -75366 21611 41042 7968 -18200 -34004 23597 9031 57634 95026 -71601 -23974 14471 23836 -72608 -93615 16944 -59553 -38056 -30290 -49585 -51129 67362 -60181 77041 25224 -34975 -150533 132620 31222 37192 -51765 -9204 10189 -50613 32905 -28443 -62727 -61299 71858 71623 30518 54191 5693 -53036 -12526
-33038 -7478 3779 58298 45096 -7221 -23404 -7654 64295 64108 -42451 3024 -32009 50458 -6149 61670 -41146 35757 -23043 -64859 18691 -3503 -37722 20058 -66963 60216 -17865 -69700 30004 27405 -41446 58170 -5984 43099 -46653 -33756 34177 52991 753 20953 5232 -92491 -28463 135767 45731 -20016 -23782 24914 -21240 10210 -70915 101091 101305 -23349 -29977 99145 -96209 -46368 -72776 -26619 43932 42796 -111811 43635 87528 8993 74 -121546 49617 47872 58077 4694 31300 -35936 -54210 75909 -35938 31587 2116 -42163 18716 79641 65797 461 33087 35268 -29669 -9752 -17290 -13394 20598 56220 -43659 -118394 -15895 -7119 -42890 -7588 -70548 -158577 19341 97205 -42426 30713 -62385 40292 11332 -53618 -14086 -113396 -17378 -27858 58825 -161454 -98614 -43033 -48099 80720 30395 -46890 27663 -72098 -23448 113588 -34899 -23671 147751 -15284 -556 -67375 44593 27909 -94098 -11604 -40694 -32965 -133483 -63326 -63376 -58680 39007 -26385 -11478 83211 72622 51514 66547 -39357 4386 -109604 -30902 -57742 38749 27480 5683 -27962 50231 36459 -23534 50128 23219 -46081 61224 70475 -40568 105133 38108 -2698 -8190 -6885 48497 71779 -14828 60812 52050 63888 99328 -47060 87676 -2448 47282 -71354 101064 -11858 20648 64384 35817 -23478 6190 71998 11210 -67166 18947 32182 81665 57444 -42898 -14416 -89883 13433 -38661 -105490 -397 -22070 -73387 -1821 19243 56929 37972 37104 -125363 6765 3724 -3339 28313 -30444 -29537 -30613 -54495 -11800 20621 -63701 -31119 60929 -102723 19067 6297 35629 26032 2487 -42384 -6059 -21546 3716 3539 -14338 -30642 14687 -19813 29044 -20966 19338 -32323 5979 80240 11672 62297 68049 140008 92562
-30923 42428 -15850 -62256 34883 76227 115804 -63253 21010 58676 11028 -13713 41225 -102879 18542 -42177 -32344 -14219 65427 15024 32977 29730 -96106 45772 -22081 -19205 99146 -48122 7864 42157 -19421 -19471 -29880 48092 -22906 -49816 43098 29706 -17906 116791 10449 -53594 26420 -14905 22149 47279 34665 -36393 -104376 -45455 22715 -70632 13454 -21712 2845 -62405 27445 -84798 -43533 12468 30865 22802 61728 -92960 -37747 26354 105226 -127286 -2608 -12211 12934 66861 31656 -81321 24326 -39061 12443 -63044 -1873 25752 69795 1840 -101674 -13280 36597 -30950 15965 12790 5623 -18886 8663 -31741 79855 -5106 -19293 9221 -56146 38695 6376 -45959 20997 -15565 31416 13827 -17429 -51236 -27484 53418 30666 22050 -71095 41560 67129 59215 21217 -47609 11299 -47382 -34535 -58159 104455 -8460 10654 -10738 -3682 -33893 6811 45134 46480 -5173 22657 7749 62302 -36518 51503 -62301 -37459 60877 29071 57 -31887 -39527 50288 -37788 34344 12837 19270 -53396 35708 3476 4690 -68195 33076 28132 -23049 66012 354 -86222 -64603 -8745 -24403 33000 58681 -7378 84828 -45654 37859 36550 -79039 99779 9191 36270 83559 4178 -76989 65 31617 -62224 -54510 -12390 -62802 -40162 -27415 -29597 -148151 -39106 -64052 -58457 30099 -3449 -49680 -36894 61915 71018 63306 -34785 92 -22774 -109865 -39547 -17475 43182 1329 -74450 -70228 67568 -20171 53821 47364 19294 -1209 92627 -15970 -6498 29988 -1750 -91610 56016 -89981 -33241 -21682 132552 79082 80128 -18472 -10569 -6648 53712 -20735 20474 -148160 43282 -48862 -49290 36427 -9100 -73817 -88529 -49613 -83642 -14120 69200 18805 5918 -177933 44585 65601 -43748 30300 -27449
65709 -46911 -16517 -32788 94783 -16534 -50223 36792 9359 26200 1863 43724 43638 -60747 -79793 83678 14918 109741 -3893 9682 41601 2791 -6111 12686 -16368 59669 -101013 -33540 -62528 113165 -73020 -105650 36552 31287 13728 -56112 147390 -66380 -33929 68090 13009 26610 -47600 13985 3972 925 33723 64898 97576 39279 -33050 81606 -98004 -5684 -11114 -31014 -60840 -1808 -23792 47404 70569 123048 -86743 51583 -68105 -34122 -92284 23770 16876 -51885 -7460 67144 33320 -40803 7725 -106477 23435 21607 104323 41802 -76774 -58137 44046 113313 122011 -5354 -71992 41057 -135550 10898 -112513 17224 26744 42285 -87922 -55699 2759 40069 56712 45122 -5468 18211 -56448 -115585 73608 82704 -58781 -89715 31473 29687 -24739 89588 87219 -112128 -17319 1969 11462 28178 -12456 54937 45457 -60956 -37100 -38304 -20591 -41783 112300 -60819 -206328 -218 -52630 112005 -113646 -19684 -34534 -96522 -5337 8960 -39296 -6908 35798 82929 -35765 -27373 41969 -1001 42069 -10325 50873 -28849 -21412 -3418 -24917 30910 8343 -43600 37218 29742 -71927 11100 23799 -4206 -20370 -48579 8544 -23118 85032 -5827 -14288 30762 4753 -1855 -34549 -16222 100806 -15820 2506 11326 -17450 115041 -12611 -10659 101919 -18749 -27211 5316 -62590 -28503 8090 27984 -23483 -30695 9396 -88166 36856 31682 55841 -27954 31091 -21467 80901 -80802 49943 -60244 67579 -64123 31655 41510 -45667 21512 -85827 -29141 -8956 -9736 -4591 26153 2420 -12719 9063 89176 -17173 74708 25919 2841 -64394 16342 -88616 18522 -49227 -78222 -55024 5952 5831 -8291 22737 63313 -35794 3037 -67782 31296 -8746 -65308 18211 -84827 94635 2263 -39243 8968 40628 24804
-28955 65913 62310 -13400 97180 -62748 56641 -48112 58685 75431 107001 -63857 -47587 43429 -18287 48158 1411 38043 -4188 31650 -23007 27644 -28814 -2542 17872 -28758 66854 -44948 42013 -11994 -77268 -7890 15061 12099 95640 -27501 99383 69172 -98863 -108714 52216 38584 -17780 91189 -73735 -5817 -46867 26742 -95347 7457 31682 -58236 60278 27669 14541 13998 -93404 -9717 97056 43143 -10555 97855 44742 63277 -38008 -66923 133127 -13366 56181 -72868 2665 -34220 -46744 -76163 75816 8708 -31133 -36499 85941 -93760 -185852 -81116 56032 -16214 -2423 -12656 -12060 3956 20312 -48800 -37173 9020 16857 82493 -4113 56604 37132 -46243 -38579 84097 -17505 19397 -3914 -58504 101436 -41336 73782 -3766 -72919 -30769 21449 35970 45290 66367 38692 87448 14640 10454 -22959 22332 30867 -14513 -19814 -86982 19236 67355 101809 -164924 -2340 40111 92006 98727 50682 54953 -9516 -59280 34670 58493 35796 -8036 -4444 9783 30476 -22294 19297 67182 37251 -57859 -3684 44804 34438 -11257 -74290 24089 -17195 61228 60699 -27474 75423 69327 -19834 -59538 71278 38524 10582 53867 -56146 18949 -40015 1772 -39188 -45833 -54127 23255 -70038 7883 12462 49114 -64299 25546 86694 -71331 -36331 36097 -9828 -18620 -7753 -32292 12569 123769 -68974 41614 43235 567 -14640 24837 -13801 -75667 -15799 -3141 -60491 -6801 34265 -99634 -32814 -62352 1122 -30060 -37762 -81653 -16723 -105684 -123980 42339 -82787 16017 82819 -1165 54602 -51853 -5987 51578 40043 -5408 -35699 -173068 638 58211 -31406 -32983 -31654 50444 -22335 -175014 -34197 4123 -81355 129414 -59323 14018 -11562 -33573 35554 -56716 -13207 88865 40337 4055 66980 66425
116489 -39 974 36980 -15087 -44640 -824 -57539 -48991 35557 29300 45847 72827 4553 -76500 -5608 163017 85939 12994 45559 47173 -2602 -65779 -16626 -28793 -79 15593 47363 16891 -112660 54743 -83729 76247 -31193 59036 14286 -23690 40926 82434 39259 14984 -23154 -27327 -16812 13615 -50635 -4653 41236 81867 -11742 5037 -26819 -24731 -55392 12327 32177 57547 -969 92465 -43724 74612 -12097 44929 -17951 -15899 -57285 45829 650 -9887 -24633 68788 -13900 -94764 -18309 67875 -52663 41870 -47229 11813 5239 -122047 -32723 -129728 72395 -12160 37519 99114 -92067 10769 74465 20509 -5986 1263 75803 -35330 -48767 -60677 55280 20096 -1125 1340 11343 54309 1976 147786 -48338 -323 -27348 -89215 68327 32382 -4866 3279 -34691 -55087 -27866 -1587 72021 101678 -36896 20959 5580 22230 -30237 35771 19867 87242 39722 -13702 705 60502 285 39228 -57142 -37124 68785 37082 55691 27405 -25966 -7495 -48643 -31658 -78883 -10723 -47864 3693 -1181 8195 9817 27341 -47901 43858 -35401 88598 -19344 14518 46179 30705 -71888 -85122 -15552 -11723 -19969 -66846 -37825 122712 -19301 5489 -99304 -99957 73035 44602 3251 -58947 -43341 10019 48636 6743 103570 -33047 28289 40274 -8560 11732 -20145 51294 -79989 -86339 -35533 49336 -18054 50736 -106990 -6552 -51822 22009 -68226 -34403 32356 -1252 -77883 -1002 -8493 70552 -41250 34977 -53736 8625 -10957 80451 -18784 84953 -1630 -54896 -47536 49665 3725 92363 12630 -22838 131466 -35723 -81132 -29094 23017 13378 86307 135642 -78416 40182 -28852 -41108 -5334 -5926 -8910 -42056 -34926 -39052 -44091 -48009 112008 -29400 -89970 27837 -19546 61185 -37624 17949 47884
-10286 -120328 419 7847 -66227 -56109 -36349 40334 73314 -14153 17195 -17122 -78715 -103583 33134 17090 -36446 81623 -3488 -3418 48841 -47800 -34402 3165 -105234 39564 -56555 -7838 65120 -67830 -71166 -22339 42543 -23892 74841 -48099 78947 -16063 33151 61389 -81202 -24971 -5960 -37790 -9799 25864 86745 152913 -91417 -15457 90122 -61399 -79186 24700 -20392 -148001 163826 88588 72107 -5352 -68403 -4290 53144 -21697 -149042 -17279 -50812 25436 -5493 13789 -32710 -52389 83538 -35416 20594 -9724 28788 -19434 -7360 -30313 31647 -10375 8644 72435 -34894 20295 -48692 49648 -65464 5031 25152 4418 -57825 37845 -98208 -63980 123145 -61042 -44128 -18784 28065 -8847 28705 -74438 64046 -46992 4208 -83533 -58488 -87372 24918 -8804 14868 3825 -29223 -15103 49135 54154 110919 -131282 29731 57845 37853 -10693 43259 19728 -18622 122375 43321 20635 -39598 -32234 54228 -46764 -113383 32390 -70666 105122 5412 38989 -14944 -55515 70125 -10769 61003 14166 -20312 58055 93696 -23211 65074 64778 -7530 -24565 -42956 -34310 -26590 -41474 31835 -84237 -57231 38303 3535 -73848 -13486 -52175 65790 42677 -30910 94876 -95214 13684 66404 -25555 -3213 -87945 -5110 -28949 8250 -25882 -109239 -58444 29376 21140 42561 -14941 20165 -54679 -19008 1217 -43334 15883 -65971 2589 -1346 -15953 -54033 -160917 63824 -56115 -9433 -8056 -5017 28329 32496 57612 -15295 -43981 17512 -2779 71992 38555 27744 42893 -76900 65513 169787 22240 -10954 -36767 19638 14017 -134607 35944 60115 -29610 122723 66846 -29786 16567 24153 -22249 52651 116076 112101 -15563 -75850 -10989 -36251 -41179 -77805 -57110 56663 31035 33125 -10638 -37521 -51752 24705 -70334
-26258 37038 54203 -37905 93433 108321 -46858 -17927 -10448 52941 -90056 33592 135807 20255 -72584 -17983 -30364 88090 9980 31596 -27005 -2944 -25076 28302 -11364 -7790 130151 -15379 -64101 129565 102859 22532 -77567 -67520 23710 -2290 68248 -5761 46959 -107691 -26913 11988 -33081 25328 14472 25708 -2625 -31897 -37575 -28360 8085 10333 747 59517 -9001 -5110 -36509 -81574 6803 -8723 65250 -24495 63734 31483 71414 49663 128724 31754 30648 -28782 96627 -19561 -75195 37627 -58992 -10894 -42924 -48595 -135351 -55400 74963 -61086 29507 44741 -15477 -25599 10217 34209 -90074 -2444 6725 -31991 94863 10879 -101125 -16569 3646 -18379 14709 111958 -28497 -13596 -15414 -38829 61710 29841 25445 10721 -29957 -44511 9133 -50056 32148 4590 -45281 -44463 -125879 -5708 -62760 113606 -41950 -31732 7671 -3781 -36886 23247 -96757 20475 -108943 46593 15102 121812 46227 23269 81090 -30115 -45371 56076 20776 13578 -10362 -39829 -92247 -39472 54541 -15944 951 79833 69817 10259 49197 -57169 -68103 -13437 -24404 1703 -32561 -197191 -116915 38438 53406 -62347 54706 -6637 -7110 -36719 45620 61224 -15107 27219 104792 -45387 -120776 90096 3460 130373 -15331 77244 -15274 -42847 -9364 35286 -7466 -8817 -93595 -48296 -30799 136652 -21417 -87068 90587 -73906 34379 -134381 -37166 -60710 25222 79183 38285 33203 -34705 -27946 -32398 -32787 -28572 -28462 3040 32182 -21652 -89193 -35341 22139 117108 44179 -37829 11627 95310 -21253 -21173 11544 37534 77805 -100393 -40302 -54486 -3519 3999 12366 63529 7663 -8697 22576 14109 -94423 156236 42730 -22306 -4952 -43414 -11269 10540 50465 -21452 27425 -43859 12961 13441 5337 46999 15631
-10785 9295 101673 7556 -25461 -55285 -39902 -34197 110217 15525 39827 25646 -31963 -30605 -39327 -33658 -79796 4566 45316 91515 -12287 92534 -23771 22757 -56687 -15308 20108 -21719 -104129 -12032 14134 -4511 30576 52393 57870 80094 39523 -49073 -57667 4634 -4627 -16804 43864 -9519 -99588 -58496 41011 -101339 -50154 -96882 -463 16308 33914 10385 -89483 -105757 42916 53968 15809 5853 14234 -59262 -67746 54904 -44329 35776 -73737 -34996 -7749 14302 -4533 -6220 -13924 6482 -4223 -20666 4845 -89311 37192 78099 -12480 31211 -19231 27387 -23226 -30148 74259 43938 83517 -33829 117387 -93808 34688 -51931 -24428 -72928 145300 51911 -27382 -54287 15638 3818 -2968 55564 -41454 -20480 69161 -44406 -10913 62304 45786 -53218 25315 -65473 117491 32124 4753 54918 -25822 -23843 -13422 50810 -7584 -74632 14701 48417 -111824 -21360 23558 82564 45641 135175 -73305 -15931 111164 55637 78768 -46804 86520 87039 -131174 287 84881 -58060 64265 107388 -65756 -1854 71276 -27804 -27282 -26933 -57895 30397 21259 -60032 64544 13984 -63031 -54865 27602 -11309 9794 4683 -93339 -83009 131698 -90349 -44381 44787 21059 -21621 17586 43175 -21105 -62801 14855 -9181 -66930 -37887 61259 -60875 -42072 39484 -56919 40382 -40358 59913 -6119 -81106 -42136 141555 12899 -35544 33658 25013 -113400 42581 3303 84833 -49727 18390 -19133 61921 65111 49648 107876 -37864 41949 -47452 -16724 1972 -10440 -31056 -44974 62943 -35071 21463 55351 36630 -3293 12442 6985 -9155 4920 -45087 65139 85018 -47204 -23424 108022 70566 -9930 59222 32023 20294 47251 41115 83689 24081 73369 2851 -54885 7654 -22973 -56556 12273 56426 -28575 -44211
77566 -34229 -40127 51163 5881 73878 -43728 -14618 -17431 60917 -42611 -67255 12779 14664 -18448 -19914 115059 -122276 128186 -82242 25375 72236 -42780 60531 -62189 -11664 26379 -31365 -42983 41889 12419 -25469 -63634 -99801 -20278 -32671 31337 55018 -37140 75291 -465 -62853 -52494 89186 -8312 24490 -47061 -72462 107030 -22238 -39501 78999 54012 -75510 21569 -2977 394 -63765 -55491 -46689 29681 -15268 -11538 -31578 -28586 21693 47556 -83111 -67891 -18028 34068 -25220 -11165 78029 -75486 34184 -61453 -63591 4387 -78650 -92899 -51686 13963 -12918 2824 57024 46114 -16630 25932 28712 -9920 24442 -90895 -114776 45673 35912 -41463 115253 -84078 -32837 -35074 45584 -82110 -20073 -46035 30586 -104828 -100994 96593 -123769 -29590 85149 53909 -24152 -20408 -51834 134947 14703 -46179 109604 -17537 -33394 69386 78086 -1311 -112725 98098 15076 34417 -133568 -108416 16944 38485 27986 -9077 21170 -59107 89258 -33120 -21629 33204 -29325 -80710 9715 -67672 42448 -39139 35273 15469 14864 5297 -27873 45874 -53182 -110392 -46705 -19205 -23827 67262 61628 46050 24234 26370 21681 -46399 43258 36476 26884 48182 -97156 -11909 31802 31392 -9707 14432 -56183 5102 15307 15893 -50119 -40788 38003 -26606 -62738 -49396 19583 68624 -10241 -50783 33965 86833 -4698 46278 -20123 -26168 -3495 -22539 -36161 22281 -49492 -114226 13087 10877 26666 39484 -38323 -26896 27302 48432 90034 -33807 105264 100075 81859 62655 36817 86119 28396 19734 22900 16515 -43732 -63996 3478 -87102 -39332 -27154 43898 -48755 82682 -27731 -29709 17845 -26972 27700 -108256 -3373 -83 -15577 -129070 38401 -78034 51551 55383 37566 2915 -30202 27835 -11569 -412
64429 -27714 -3990 34325 24259 -56505 -16761 -74011 46558 57082 -71346 33983 -54747 17218 -73625 -1731 5260 -64355 -21678 16990 4734 77308 -68311 64168 10775 70987 -40635 37483 89028 17785 -92891 -54423 49548 84160 -83279 -51011 15878 6528 -48655 51518 36966 -2361 -94904 45004 -6335 -40712 -50644 35952 -19126 -26163 -32040 -57425 -25992 64156 83477 -37663 11257 89130 -55113 42158 52469 48952 45994 -93599 -20797 3148 28586 13636 -4154 -58129 21091 58425 -42920 83397 -52634 22051 66699 18293 -33066 28374 64033 53698 2372 -102100 -2305 61933 -9775 -21690 12679 14984 11007 23976 44018 -124459 -6690 58099 -83988 99516 -142586 26426 -80142 51847 -59218 6024 -10414 -77753 9807 32536 12627 -35958 57362 -64558 -2971 -64548 -50240 11103 -60704 106362 -4293 27189 22188 -5474 -18129 134261 37893 -71514 -83991 -6001 32037 -14213 -22611 -51080 -16716 -57134 -42041 45022 1579 -77723 32355 23590 -60895 -3137 -156763 -33379 -29435 58169 -25785 -11883 -140759 77734 -81561 43594 110648 -95172 -45638 87118 13270 -8031 30099 -1116 -37762 -24341 36038 50798 7748 14188 63854 -48358 31772 -39237 14347 31321 10271 9475 15197 -117024 12878 -81306 40892 -36668 26183 78744 -22544 -14494 14031 -16433 -36122 15754 -45335 -68921 74235 68169 -29903 -83085 77842 -33385 169742 10135 5691 77465 13002 -41041 -82428 22774 -23953 10947 142047 53660 15147 136664 31614 99544 -20785 -52167 27574 13269 12574 19030 -27442 37351 -13711 -26806 -39344 45998 24696 -13927 8376 -19802 27564 114760 39841 -10426 18825 9413 -58807 -33158 -4329 59603 13044 -54297 49983 -58432 -97683 2142 33785 60589 -96865 -10243 50288 52266
-28174 -16641 16265 -48446 -2078 22916 42213 47943 -109992 -10730 -29786 -43645 17536 -5062 -68929 27372 66523 74070 103781 -44948 -100120 -52402 125260 -36088 27431 -55212 35487 20331 3991 42717 2595 -18378 42062 -3868 15531 -97624 72235 -32384 61836 -35064 -40877 -47339 -56556 -18247 121842 557 -2794 -63531 -21537 15817 56348 -23993 -69323 -4933 16440 -4508 -21814 81668 17423 -68298 -47922 32573 -4637 -94877 -15152 14488 -15226 62369 -30104 -77469 -85340 56492 -90761 -68377 -50283 -1933 -65610 78911 -41268 53779 23551 47968 57616 -32906 21321 -33096 5003 49283 17837 -20269 28492 -54009 -11701 25836 -22825 9791 -29218 -28555 89001 40368 -37732 -23882 4724 76326 -30324 31437 74695 -22485 -114 43060 -7931 -42364 30269 2335 29092 92646 7994 -32829 56863 44609 -21245 21759 -13521 -108662 -65098 -13192 24482 -54715 3720 47463 30062 160 19077 3803 14288 -34932 66890 -27103 95150 18732 25389 3666 54495 33300 -31244 -42681 14342 12998 1710 89064 35706 -33101 88907 -32920 -764 -64608 54682 56182 68886 118497 41972 -56881 -27214 45957 -42616 -101341 -15086 -51336 65990 48255 10691 -85281 -33154 -43246 -103063 32836 50195 5603 5621 -25239 -9622 -36304 6795 -32358 69280 -43235 34030 139322 54376 -33835 -6401 -45172 84344 36033 954 117827 -43670 13807 36363 44306 -107834 -13991 1714 37582 126406 48258 -202454 53168 -48969 -60032 112123 -75218 76486 12269 88209 13299 -59501 21771 -37946 37172 21271 95786 -20979 -54248 -3724 74689 23158 30291 16702 -78467 -49420 32695 79522 38106 -24296 29945 25161 -15148 28397 74721 66204 -108354 44518 19541 -23433 -23480 -55952 62547 -32192 2417
50185 -26196 35392 -5822 -11211 68725 507 -14529 -15415 29715 28096 68551 -46365 -36560 -72052 -79312 -66912 30530 52501 19370 -67838 -7736 34430 -35180 16092 -30616 -80671 -18916 61475 75305 -17496 -95090 -15106 -19283 34736 -37251 35288 39163 -100849 -7019 -38397 14654 8610 79753 46423 50263 21350 121281 56263 24366 4486 23972 -15205 54201 25201 17 -2972 -30271 -25589 -64605 -16028 -12849 -69923 -50525 5592 44717 -70341 44141 16400 -84794 -87885 -60288 -50721 -28944 90550 -4731 3914 -20557 447 72739 37684 94308 -56812 55259 -14552 39707 5406 51988 -57944 -4346 46594 -82159 -36908 133339 73265 78584 43410 -78646 7989 78376 -24018 63702 50279 -108210 39827 88915 -39942 -30460 -124889 -49347 36656 -54554 -38228 10350 -9128 78098 81009 -48704 90220 -2067 -95789 -15372 24926 14740 -135467 -13388 51927 84026 36439 74101 16983 5393 -41120 -68219 45046 10736 -2334 -61401 7822 14365 -31697 -14672 -50297 26766 6640 -44595 -45832 38027 10890 -87589 -12339 24606 -16942 -38826 71170 84382 41816 18009 78419 -6520 -13476 25327 25551 63929 75669 -116927 -84875 37534 -5290 -1195 23471 22545 -71938 -138432 -22469 10427 62627 -71414 29235 5919 -111784 -27331 23296 21267 -30457 64914 14041 35352 -8364 64286 5114 -77604 63441 -29739 -21743 34947 -61316 60404 -18341 48443 -34069 -121052 -72454 -5538 -52713 -10251 39418 57473 -28949 -11056 31017 -17964 -47778 44576 -4738 -86427 -5659 27089 -61499 -43867 -58675 -16321 -9956 -4133 59239 -73219 -64620 31509 -7582 -81422 -107013 -49683 125832 63360 -58718 22708 -42256 58136 55863 -14986 5807 46776 -66057 -38033 -21072 -10879 6337 95678 23785 -48333
71856 28999 27568 -74901 -3891 16193 1394 2794 -35439 11708 -6643 66801 -10390 -295 -8576 -14572 -16864 -17082 8324 -78113 9755 -6731 -13863 -74625 -54783 -69002 -90615 76850 61478 -7354 -12056 76719 -7345 59967 80657 20378 16162 -30519 10465 76532 56443 42703 58632 29377 11990 48417 2958 32507 126733 -8997 58792 -46165 31929 32723 13550 -12669 -62601 -104044 34330 36074 58041 81147 86283 2496 -9833 -40559 58933 -39972 1253 -59916 -5588 30281 -53990 17383 22968 -12286 45570 70313 56323 59826 34194 -58200 -9755 74577 19982 25443 7591 -53945 4923 -44139 6987 56289 85289 -19983 88658 49194 -37016 -66285 61950 -25274 -44113 -41108 -43911 -10706 -14434 -20297 20349 119497 1200 80153 21632 -7136 117523 67612 14749 16759 -27622 -72424 -34383 13956 -16861 17357 39229 29755 -56896 4110 -47547 -1320 33527 -9904 -149 -14949 30653 -26241 10618 -42516 37737 32247 -46122 -18083 8369 28822 31448 -73008 -54206 9489 -24995 32897 69179 57563 3778 -2122 -100398 -14112 -66656 40994 64841 -67070 8068 -6184 45951 -7924 -21565 7699 116499 12890 56944 20382 63398 -44115 3986 9947 -10839 -32200 56883 -22213 60098 -85979 -48441 25769 55248 -20444 -75000 41261 -56816 21813 -52082 44353 -84032 32037 -2291 -34897 -3898 -78087 12079 -32245 2241 33022 2388 28924 49912 83718 26050 -79771 -61158 121443 -68770 -61298 47885 -66316 59632 -56892 -21557 -60350 56057 -65408 53952 64441 -68347 58070 -49035 23958 73334 -54800 13075 59192 -82867 -33174 -8337 -103522 90635 -24771 32419 70722 -46468 -11046 -24164 -10428 -41838 -58997 -25102 -7053 46044 25944 35513 92472 28855 82139 -26033 44551
683 30115 -55305 36305 -18900 73239 19107 7944 28853 3602 -14583 89160 -13048 -23274 37922 -21798 -16766 -63673 54695 -125385 16840 -37073 -13634 -19946 -95258 -9675 -48627 -40546 -11596 -24415 53190 -39728 -62767 7093 -28607 -11924 122755 14333 22840 -7591 -3848 33557 33601 75635 38247 2281 -39063 76805 27626 64060 -73887 35220 58172 6900 82073 33095 12517 23529 -11091 82384 61073 44176 -3272 -25626 38291 1904 -49236 -3825 -94079 35221 27729 -37591 32413 110561 64651 3871 11859 -83836 2351 -113861 -8582 -22497 15702 -7654 -3256 37912 4261 10969 108737 20207 -117949 -8721 -25670 -32022 -4684 174 61522 -18567 -22584 -46933 46799 -28411 -29817 52110 -33274 39252 -33306 -32258 12090 -54308 -38459 -16668 -47985 -74483 28202 2027 47348 108648 -34487 23877 -17069 31478 -134266 -18824 2971 -72400 26794 -1391 33654 55919 -76886 28899 2488 94358 2350 -21457 4619 -1516 -49942 -4578 -20 22656 -71378 -70540 -17256 1195 48663 20307 -29525 53632 -21745 7813 -64048 -82536 -36088 19591 26088 -132677 37137 -96694 -87835 -36663 33439 -49848 -78291 102995 -39344 77297 -106334 -58879 44880 -26677 53862 -4357 42056 75682 20628 -78780 62748 97798 -10266 -17713 -40175 -59140 27573 -37736 -98764 8073 -58474 93749 25881 -114172 -43468 -9555 -44658 7545 1489 -53532 40200 83510 -83417 12972 -35560 -98900 -15310 -87365 -10784 13067 7270 -42095 48545 -22067 -78029 -9996 -130475 -11736 -65790 58293 43818 49336 46944 -4415 19368 -55154 -23241 -21143 22842 -48974 56655 -58088 -41107 44528 -5254 89734 -93894 113944 -69813 56165 -14576 112656 55122 -30061 -38435 40808 -119 -86207 -31114 -19178 -37253 -32750
-42681 29998 23397 -30331 -46872 24833 -90850 72851 72390 -41157 -77147 -12120 21640 3902 -22961 2221 -131464 -98646 -52166 10550 35286 50950 -99106 46386 -57232 33492 -20323 -35844 -21412 -27105 63572 24291 -66836 -775 49985 59421 87030 -14420 17619 -6394 -51131 -90244 20696 -36069 -1576 -6096 24878 -93727 -30950 5361 -87673 89659 -23039 87960 -24693 -82058 24115 -91186 7399 43268 1149 -59650 72177 84106 76066 -11598 -40290 -56855 -31766 33177 8159 23948 -21893 20858 28713 101634 -142177 47018 -84606 16343 44238 -16288 12652 -35034 22592 47103 -75720 38952 21941 -62928 35184 37852 -18454 -5623 -45520 32077 47450 9304 -72161 1400 -57957 77516 -86571 120532 -115766 -13930 22647 6794 73985 62168 53578 -86919 9945 20230 -9534 -63076 14535 -52836 -22786 -2148 939 -9010 9179 -13732 -6341 24988 6162 -15484 83472 -1708 -16078 -1049 5854 85679 -16806 59812 -14603 85642 -89698 43427 18259 -10684 45311 -63971 -26008 14964 35541 -65656 27142 -1968 18682 -42172 -23132 48526 11830 -11114 -7569 12129 -51973 -40708 83811 -671 -27694 102646 47270 119868 3402 20765 98405 -11078 -64612 -72143 -50829 62597 37877 -60854 -21450 -17505 -35236 -63827 -20911 61147 -58249 33147 -79763 -18201 52520 -19179 21347 -25674 37826 58886 -62967 27983 968 88340 96502 -4438 -29273 -25038 -66537 96436 46081 44784 -68139 11356 49025 17818 98356 -32790 27833 103463 36365 -99466 105866 41433 51256 -12062 -7559 -18095 166971 37058 7389 37263 -73807 -99999 84742 -91966 -621 95427 37306 -57826 35103 21946 97858 -30705 -33727 -10520 12024 -89174 -33411 -77150 3566 53708 -57218 13759 -29556 20083 -22945 21745
-51700 18296 -54011 -52905 -76447 -44043 206606 -8868 30141 -54628 -24060 -78700 -50776 -31100 -71569 -11897 15593 -26664 -18815 2363 -15842 11100 85469 41998 -126860 -39296 -19403 -144585 11433 63995 -8413 -21003 -1110 43459 29641 -48497 44184 -85310 -31756 7364 28802 37895 -1273 -128219 -30827 97526 -3612 50804 11383 115505 34087 101522 34769 -14065 186880 78921 -35291 -49995 -19981 -73 10687 -43237 131342 -79748 87902 -26787 81629 120841 -4059 90992 40951 -13424 -12474 84625 -5499 18586 -50830 47491 17254 -111890 3266 23318 96053 64924 31015 37557 11602 84109 -19295 -9692 10506 51306 -35626 20841 50568 32989 -113490 23551 -39405 -41131 9104 45172 -74185 -38295 16940 62218 -6861 565 -58930 -24360 46338 32950 52233 -41509 -4753 -37887 50595 -16182 25766 67400 34802 63436 4022 23818 -31998 45181 15695 1814 9285 10891 68413 -85984 19514 -49390 19044 79178 28274 -90829 13627 -9024 -48050 11025 87159 -35110 -83673 -24970 32555 -21007 2829 11486 34480 131353 -24393 2237 36636 -21855 -28414 134893 4835 51341 28320 -38968 -3748 52046 19336 -4165 -32752 1737 -1446 -9112 35111 62302 61441 -130371 46304 91940 -90233 -89208 39565 114340 39754 21918 47809 63199 -58970 60385 -36957 93756 -24227 75834 8349 -33183 14097 118633 123011 4711 1539 -11049 -7525 -42516 -6872 -16269 55615 -33754 85517 31499 -76867 23523 42018 11064 67571 -73513 -23776 15743 -51148 47740 94533 -3931 -1248 -13284 -94959 -112772 32637 11835 23703 -11102 -78117 -68937 -29066 11411 -166462 1100 31875 74198 -7163 -10647 -22426 82676 10862 92446 67294 73626 2791 -33126 -2142 4939 -14386 1972 -19242 -34476
-55759 -19845 -13202 68717 19318 -88368 129369 7142 8945 -23349 28513 32078 -39756 -122020 -39589 -34552 45680 65762 2172 66746 -64223 -10283 32898 -70829 -33113 -24955 18279 -41343 11812 162714 -43671 -3199 18511 29698 8103 30988 -50641 5211 16183 -58773 78200 88795 32563 -39513 25902 -90521 2682 -34871 54652 14572 73902 49096 -59012 44067 -7103 64732 -75127 48878 -60526 -11678 -52135 6133 -121690 -36194 107817 -18715 8329 -2368 -67850 -21105 -43585 8865 -55706 71111 -57001 68328 -22472 32642 18805 -13386 -179909 105504 -11546 -72120 -65984 69582 -67310 -33266 -1554 15634 2342 16747 -22521 -37958 22085 -50568 11633 72834 17170 11343 787 25015 58032 -45291 -38222 59635 -53 53135 4603 -46984 15173 4220 3872 8418 -42980 -37740 38436 9798 -127694 -34265 -22731 -10083 33317 -8362 41617 13002 -56958 72470 74160 1749 29301 34115 -16895 -30391 14547 5653 3376 60444 -8802 1711 86716 -10133 16333 -86180 -47159 -53756 54541 -33084 16223 10353 32808 14079 -89348 64910 29957 -46757 44683 9623 8068 79774 -49719 -21509 -73987 53267 -82308 72662 9978 -12627 46827 -17823 19136 21031 70332 84286 58640 4615 -20067 16035 -84896 18168 126243 -74905 61476 54441 -57398 30461 25870 -68614 88845 -81137 -66072 8282 64409 33699 -73585 -19350 -32286 14945 -40537 43993 -33422 35174 50879 102219 57542 23300 65729 81160 -7549 18466 -33987 929 -54918 -13592 689 42552 -27434 -108198 -34271 -30085 -117242 -34076 27330 74190 -45756 -6319 -64166 17065 79833 -9965 20719 41012 -72939 -1006 20496 -44045 38310 25069 -48093 4355 30742 -2300 -31521 95321 59891 -10222 139153 -43105 27592 1929
66303 -15487 -41316 -54317 12669 23462 -53058 65367 -23911 36385 620 -74497 -50864 -41193 11490 91733 88603 -12580 5004 107388 -57686 43275 47293 -25894 -35675 -90617 14007 25461 -117129 -91197 -60542 -14101 -22916 -58083 -37583 -91172 95444 -14341 -54314 -12868 -60517 81719 -20100 71514 -62789 52381 17681 44751 -11912 -72308 -33011 -15680 60730 12701 -3099 -26628 41332 -92331 -39764 -31335 82881 -8950 81087 -4716 27243 57123 48011 34850 -51867 -39849 -94858 -23002 -20035 -7100 18989 -16477 -37887 107641 34268 73475 37807 147089 34469 72662 -10082 -57440 -25324 -83380 18120 -67890 -33302 -22480 5414 27880 41047 20693 19672 -12047 107424 -49153 -70509 9023 -108352 -10299 -68562 10868 -17880 119145 57142 -64932 -19836 143348 -3631 43987 54359 -65028 -12509 2215 -45934 37924 67360 22726 24972 1707 -28113 45723 137079 5465 6556 -14459 -60020 -22314 -33653 174653 -64166 -11677 -7448 666 -19337 78124 20248 -37511 64911 -37461 -27031 3114 -35483 12219 -32045 -19449 25935 -54942 50481 -112267 -41741 -38208 55393 49276 -108847 42717 60351 16138 3894 16434 31171 -8014 62973 -45197 -62682 25626 -8153 5403 26620 26868 -53380 53211 -39658 -32609 -69167 -122682 -24334 -4600 107 94440 -121615 -27679 63544 28145 141361 54740 -58363 30443 14621 23148 -6220 143080 -12712 -19072 32588 40770 35140 37411 -37665 -45739 36537 -28933 -21444 -11176 -100099 36296 101459 22817 22078 -918 -19240 -35345 84779 120589 2929 54573 19212 -21044 -34190 -37641 -1739 71286 52640 -34470 25268 -22027 -73952 -101577 49143 13712 -96868 64358 -12428 25141 -38155 -50819 12259 -70465 62667 14147 -91259 -107085 39037 -91495 -60872 -39167
40734 -15596 -64355 -82640 -4389 -78794 -20612 -119512 -38462 -21409 61631 24288 48100 -13464 -30592 -57309 -23809 3286 -17791 -17406 42548 24899 -28689 -81940 94681 -26198 -25289 -25712 -21950 11724 8220 3824 45533 -41893 -146955 -71682 -68866 -31765 -55088 -98246 -59793 14641 23173 15618 -59380 -2879 129235 -55245 4208 -45693 -70401 25017 -4598 -32870 -16193 -76756 13241 87648 54285 47920 -42453 10355 -43657 47090 23073 -115190 -36674 8834 23151 -75478 47695 7060 48873 42543 -23910 -24759 32399 -90637 3748 100749 9332 -51242 18632 791 -26226 -4940 -7653 30425 48490 -31201 -18684 28329 -77107 79011 -22720 2332 3636 -6052 -34481 67796 26934 -126873 1732 6436 52220 -59983 -29125 -59225 55317 21284 105805 -37586 33067 43236 62209 -64025 -1370 50642 12630 60186 -9719 -61227 1930 -13311 64798 -1882 -40136 69396 60195 100666 110850 4186 -3855 48482 16040 -65817 -19713 -34082 62620 -16359 63115 11649 14773 15528 60665 10104 -54484 23144 24284 -50953 -90296 82187 -157132 -26896 -85863 15901 -34739 17749 97879 6092 30987 14407 -20166 -54759 26680 16335 -66106 3544 -54882 5814 -35930 -6730 19774 23680 -60541 -91898 18398 -49594 26265 -17995 81865 18393 -68258 9250 40309 -49925 -72624 -3086 -99547 79752 47671 27991 -49732 -17369 59057 39813 40621 17375 -38794 -14566 -8543 37905 6094 18709 16528 -18587 -51381 43541 5375 36855 55268 71047 -10045 -39425 -62118 -13023 -25087 50335 -15092 -84725 39700 -14003 21379 -94346 65622 -5462 20211 -11418 16508 6916 5987 -5468 42956 -4171 69552 -49029 -15845 27647 -58669 36812 9767 -85804 -34366 -18353 -13059 13299 13372 -33524 9185 56809
-118552 60707 81222 -43065 5252 52634 -39693 -17877 94631 25126 8062 -51 83935 72699 135966 -41504 -2454 -34232 13375 7214 -25160 -34585 -16842 45727 -2869 27351 -26913 6502 -83214 16178 -71742 18194 75360 -67197 -43793 -88448 41243 40494 39360 -11291 31160 -75501 64357 55484 -45304 73801 110551 -3091 -43872 52388 36450 -36965 -56805 -10882 -11696 12150 35238 -944 13504 -380 72211 33596 85017 88370 -18767 -21750 -2270 3710 -22676 53138 -2969 105762 55181 62914 61995 105933 69345 128051 -95487 28945 -65595 -5147 -45420 29078 76433 7857 -72786 -141374 28952 -134278 41524 33727 -16320 14718 -1228 43435 -4427 -17577 -84756 76343 -49382 -37958 -14802 -27634 -11301 -20969 -21667 27084 -34520 -56268 42714 -26159 66025 -16623 85395 38718 -42548 -62010 -104898 -25417 -7276 7136 65735 -6418 -39558 52632 -29715 -59887 106040 24316 488 52825 77879 -41056 26676 -52775 -63732 -3465 -10628 104868 39625 -26010 37156 20460 -45729 72666 61228 31698 -37656 76823 35967 26898 28414 -55580 -49678 -82907 75674 -55685 -96307 11910 11898 -77695 -17183 -6803 21854 -10022 44540 18781 -44394 83735 26156 -84708 50287 -38895 -40620 12655 -19372 12576 111020 6874 27892 -105801 -47072 27709 -120323 -46155 67501 -11668 30014 66493 4894 37260 12028 82292 -39118 47651 54686 -104337 -14650 -6660 -16933 -12302 -66511 -6679 -54353 -30548 -28193 35953 11034 18277 -2420 -77627 95751 -279 -10407 -68693 -121869 -86424 45993 -64558 -2214 -19417 6289 37003 67101 -17463 -63075 -38285 -15691 -16354 40591 -46626 115052 12650 -29247 29269 -32388 -58482 -129519 -14084 35780 -29143 12433 90400 17275 83495 -10723 3864 -5556 -29847
33883 40058 69732 70035 -25185 -11103 37789 44989 67645 58984 4993 -22292 61423 -7679 28353 46689 -26801 61788 -59903 30078 -56968 -39098 29787 15110 -94613 -95705 32057 -61523 17026 43999 -75056 -11802 -94844 53739 128823 52318 39087 -9290 -21344 -22947 -24418 42413 12429 -36871 34682 22417 -34508 -23965 39108 65828 -36844 63005 28551 4377 11580 66574 7739 32735 -172655 -118170 24840 84545 61437 7306 34482 4638 26074 19016 23892 41165 -128052 17443 -81893 -72030 -21356 -2154 -40041 -10063 72780 -53437 -66165 -7465 -35861 1406 63084 -14174 -33122 -43072 37823 140063 -67335 22084 47331 76694 47558 -87706 -56232 -3807 85579 -45897 79427 66322 232 45241 -85686 -14406 -288 60758 -104005 -62009 -64553 -60455 -58375 -54358 58451 -9651 66277 93641 -74147 44773 -1346 -76832 4498 7732 49865 16802 -16133 -34234 -88040 57046 44114 -78836 -46359 -46023 1862 32405 -52542 -14483 -22882 -12095 44043 70001 31842 -28060 -16060 -29959 -116788 -39474 -21569 -60281 86918 -11251 2371 -25879 36437 -46057 104040 27515 -27810 25647 -3820 -41633 60905 -88544 -18354 12028 72783 -42191 37948 19064 46778 -11946 -62214 -54113 -32778 735 56316 23661 38868 1114 -114897 -82930 -57007 -47340 -58663 -16719 -73906 -124262 123000 -85245 -7155 71628 82326 113215 71984 -128099 -10558 -41156 -65541 -19429 -27795 51865 -46345 33344 43610 -34376 -68131 48154 28903 -33278 -21331 -103788 -53398 64470 9975 -30369 41217 -21713 -70681 -30439 27203 8948 130858 11704 -57103 51235 -115024 -22462 -64109 -12186 67683 18631 43141 60000 93098 -49411 50222 -33911 42448 120219 -53986 -8358 -57466 12904 24274 83248 49563 77723 -315 -66846
-67725 -54359 -68518 -73033 -75432 3535 10816 -69275 7750 -47259 35738 80747 33909 -99362 -36311 -21349 -28817 33111 -73663 -24622 48797 -2368 165787 17228 -11592 21916 -5579 44001 3644 -133599 -75570 6465 -6972 44027 -70625 23405 -92805 69124 56636 -91546 17946 -4098 6522 -41108 -13202 106548 -28986 -14702 57127 1908 45128 -12172 50967 -40569 -20436 42612 -38527 3041 -14935 -81079 -18862 18445 -23717 5912 50369 -56063 29314 74083 -13006 -103214 11876 -46320 -7771 48192 51914 73632 -102903 29016 13080 -12303 -74946 100899 -7436 -8650 -21018 -31499 -57802 -69159 -43361 3824 -17127 5884 7667 30669 -29482 -58260 -8913 -25405 -23182 1208 -22785 3411 -7445 -30641 104102 61957 27341 38369 -40342 30948 -18247 90988 101096 76117 -48129 -4635 24415 -38442 -68407 28581 -18822 -15087 63865 84552 -14468 -53469 41971 -25189 -54379 -82555 -56967 103008 -46080 60161 68605 -88273 -55335 13163 63200 17471 -67159 25364 -30554 -29040 -16840 -86417 25369 97141 24509 -58278 -32498 -29331 -101079 15040 -29264 2689 -27327 -31581 -41722 39492 -11195 35706 -60234 70907 -28287 -35622 -36967 -25564 16042 -59906 14976 -19197 -51378 -3057 -4841 24647 20728 32687 83998 -24059 63088 -18939 31850 29964 -22342 -32898 19904 60124 -18020 17515 -51628 -63492 20755 -117775 7660 94014 23411 -59545 -67695 39288 47126 3945 -27829 -24374 23201 12592 51258 -30543 -36871 -76130 -12083 -64507 78309 21837 19831 -122725 42631 -72377 -35214 -15086 -29099 25307 -30437 -37153 36511 11779 -68529 18402 40284 42898 2252 29237 25334 -69657 67589 57038 -30 -2940 -80257 -31475 38982 -23261 -15799 21257 17333 -87208 85280 -84345 -54273 -5148
65602 79380 -66216 28752 39065 -76225 21138 -75845 -124803 35831 -39035 23831 11382 46167 -38319 -30138 -44655 52766 87310 -26988 18070 -116202 83904 41690 -9238 -105507 46333 11799 9081 -51061 -22522 -37950 45037 -24344 54365 -23874 22533 46 -48608 -15256 27125 84421 30653 51188 43478 -38147 -3142 49945 -82657 -156080 38035 29148 25981 115493 50038 -17461 51709 19289 23374 47761 14327 39043 19351 -2443 31592 -13055 -7847 909 6701 101936 -61227 -14164 66217 -24408 -122511 115851 35078 25510 48445 33480 48718 -18991 -110774 38111 -39182 -91874 49490 -101984 6084 -96425 1405 61661 99843 -29678 36566 46662 30257 -16391 13458 -123024 -9478 97148 -88387 73389 27251 10799 20368 106826 -31711 -49554 -15315 109895 34013 24153 -30374 16223 -154519 -62619 -16042 -324 21075 23111 39096 -36177 -13375 46298 85510 -58671 -33247 -86951 -27587 -17580 30372 27012 8596 -42561 52718 -36339 60846 -95595 28914 14311 -68318 -52299 -105849 -41521 -9239 71440 19038 15420 700 14757 -37210 -101869 -25027 31966 95994 -23482 2105 -26603 -30316 -31816 -112619 -47437 -9573 -34374 -33506 -67371 72844 -29661 -67788 47024 70962 -37859 -78807 -56416 86097 -7425 -36787 -16592 -20418 -53525 -69590 -75469 -32761 -43492 -16352 53449 117689 124711 69024 49147 -36857 4885 74348 2563 -37046 20266 18415 -57585 -38844 -47860 -45209 57303 44777 42012 -22390 60788 73787 -43104 46655 49303 7016 23148 -11790 -59730 113596 40740 -90150 -24459 -9474 -21184 187791 70942 -24826 1017 -17273 2190 39218 -107691 -22988 -9204 17264 89765 7467 -23204 39025 -43494 22703 52921 -11673 -30867 21088 -55866 -71596 -29822 -12661 69741 33716 -10487
-22596 -68872 44012 -84485 -36661 93263 33814 45137 13337 3247 -25723 -1262 -15780 22752 11126 -18878 28814 115778 -73050 24860 21838 -39294 46570 -11779 11688 133180 -15832 -13209 -59420 41418 129368 12512 80713 -53394 -13745 -199634 79512 -15465 -57614 -34917 -7707 20680 -42198 -36969 96215 60780 -6867 78559 -39455 4956 56035 18764 -108907 -4801 17795 62235 -29865 -53969 -41631 347 -10539 -23854 38197 36459 56324 -81148 -45822 61394 70370 -63406 -60789 41449 68159 40934 -63166 13503 -77624 87099 59590 6263 64203 26226 72655 -64755 12804 -33634 -45908 11228 34383 33805 -18883 50490 -23429 -31360 7267 84571 -4637 -63016 -9505 51796 -55760 41112 112289 -71459 40804 -22344 64100 5856 16728 6430 -24915 42761 39278 21831 -70058 -13668 -109217 -52838 25665 7369 -95561 72709 -56878 45978 -26052 37122 65843 14667 -9192 -4030 93795 -11093 2405 -56793 37864 47166 -3017 13089 19086 23587 -11231 -21618 80055 66749 -78984 50515 85046 -88262 68013 -13081 85475 -39506 -20097 89905 11780 50863 22233 52376 -22813 6922 4829 17840 40937 109126 -20764 -82753 -2230 12419 -281 99496 64175 -72389 78082 13324 -11593 -47169 -375 -12742 -51776 -108470 -16666 -26275 29163 192868 -48404 46055 11184 10037 55742 26498 -18368 10683 22863 -73076 23137 88202 3193 -116476 134784 -7645 -75608 -160108 -8057 -15773 10278 103907 -3736 -32062 -19802 -60231 122430 6801 54880 56737 -8146 23726 -53435 -7702 -4758 40202 80892 75034 -32668 -48332 56444 -50107 -18572 16880 -4067 -25821 -11376 -29507 14083 -64641 32678 79150 103758 51775 72445 52599 64919 107766 9389 -27528 21768 -43810 -429 -31297 7896 47077
72097 -54761 13387 -6689 -65281 -45948 59821 53189 2404 -28412 64124 68207 60813 -43164 -70082 -51276 16868 27149 -29159 -7288 -24585 42271 -34015 10309 20550 -7488 90189 -20261 -97469 -159293 51548 -26726 -28250 -14850 14071 46308 12666 41074 -49862 11900 115780 57353 45390 -25544 -33066 -35497 25426 22241 -2157 -66469 81377 31386 -55705 -57538 81857 43114 22642 36930 153144 23348 60477 -4311 -96731 12118 -70837 -82797 -40250 -19209 -3246 -45078 47230 -11621 16802 64857 -24084 -1606 -39586 -116043 7955 -88220 30028 -43031 57790 26504 -22039 -11796 72095 32376 -17626 12076 123059 57358 3560 -123311 90121 17338 31190 -42841 -29742 33633 50311 89588 50922 99313 -22395 -5637 -4699 37211 -6920 32110 83758 -4212 76872 -54730 35258 -30667 -23022 -56986 89037 -39192 91502 14002 -11909 -106781 40997 65996 -41014 -14332 144033 -46661 -111845 72538 72446 134641 45557 -43249 40229 -40883 -15224 -95756 16079 47666 49854 -110001 -35921 -2895 3015 5594 16250 65669 -30779 46196 16185 64714 -12182 -90502 -21924 -20346 -2653 72595 37269 -33074 -12262 134655 -81307 68543 19257 101224 51355 32342 12231 -5364 50893 -34354 7606 -104024 -34639 -10092 -19361 32157 53943 -41780 17315 -44783 32114 21553 -71257 57450 -107583 29992 8729 40399 -7799 4499 -14804 15640 -31924 47179 38524 -4577 -79109 -18006 86709 17808 2947 52607 -19998 11169 17495 -34328 50444 -25720 -35971 34746 -35008 48379 72538 -38055 -66194 45438 -51468 -2129 20553 97330 31869 -22112 15400 24371 -24296 72415 -32418 61023 -94063 -38004 28013 24467 -26503 18768 -17571 -21958 94597 -3666 12679 2932 14273 -75257 -61155 -31708 84660 -4678
-2613 -56625 -8378 68093 37177 -35802 -25033 30516 -7579 33523 -57099 -61782 55304 132790 10861 -49198 -61465 31010 -48034 -51187 92605 43974 5611 17880 -2339 86626 25967 -86003 -100377 -54580 19191 38572 131188 -16245 -14830 -62995 77757 21594 30208 -1442 -51578 -15442 28192 -43974 18544 79342 -42340 10053 65429 -71293 -48359 -1446 -15172 88393 -41166 38627 19588 97722 -31866 -124041 -1362 -1128 8970 -18728 -32363 41568 -40479 31331 -50212 -34351 -52446 5907 -82503 -18103 49300 -27642 -54684 21719 101875 -14580 1416 98962 -44479 39960 43232 -54982 18923 23210 -38279 -28690 141721 9409 45785 -575 89601 50914 38244 54178 38198 -40788 -45134 49023 -38462 -8621 16614 -6858 31846 -18512 4204 -19791 -62335 6978 123819 -10999 -83606 -2973 -12934 -12369 5236 17654 6250 16417 -28172 39507 5094 57544 17039 -57133 -76333 64249 -134813 91967 -802 19385 131644 -80652 4557 32142 -42295 -29242 -32248 119702 6394 -91341 9940 67856 10581 -7987 -25811 -128923 27210 1804 22026 36017 -78284 -448 5964 8643 -25443 114462 -16949 12412 113811 51176 -46454 -8804 -3846 -5891 -11846 -67566 21564 14761 -48235 82494 31138 -66551 50481 -65170 52833 -46343 -98993 71781 -68592 45746 42080 -158646 -29828 56750 1958 69776 -67663 5302 -115084 74336 70179 -51914 52274 -24982 -56350 -4789 6972 26897 -4333 74516 36855 25486 20077 -45857 98219 16356 -562 11369 40144 -10515 72600 -17834 -72180 -58962 -55445 -85 90381 77344 56006 33148 -3396 -26855 42617 43721 -60887 21101 75086 22537 8627 3623 45664 42910 6281 -27141 -24574 -30002 31471 -46220 -128980 47700 -78510 27331 17871 23349 42621 34682
-72940 33806 37807 -42745 25305 72524 30405 -15068 -5893 -33302 -83370 -22844 2240 -48973 -33389 49810 -54364 -44689 -32243 -67617 -3262 -7950 -21089 -20033 -32597 18884 -2927 58205 31557 -54905 17054 -34711 -4065 15749 -17121 -6289 -7047 115927 -40773 3612 55823 41270 -32250 52302 37562 14848 -83771 17673 -54609 -15862 -43779 -20332 -60940 51334 17167 37266 116164 -25197 -8484 46020 -113593 65338 -68654 62626 50414 64485 80872 33186 58864 -67279 -16117 -40952 22850 -49429 -33298 22243 23087 69739 51573 54204 101109 183 -63519 -81837 71432 -49703 33705 37945 89055 14867 28628 -51514 -27203 -92746 25032 433 -17695 22258 -14603 -18182 6321 -7645 -28298 6472 -21721 -39961 40400 1570 59379 -25057 13640 16986 -15349 49748 -29934 60319 -24183 -78682 -3780 -51645 1377 22773 26721 18769 2084 -68244 -22191 32104 20688 -2479 35829 -102260 -55237 5233 187237 58309 25854 -22697 26953 -62729 3563 -45507 -71482 -72059 102144 -49983 16900 32084 -54025 -433 8501 -14743 456 -41465 49558 46054 -19034 4499 -89980 66752 56783 55782 5762 51737 -4244 -49514 25379 58335 -10767 50796 66061 40166 43809 49802 85177 41816 -6571 38535 -9291 3650 36439 51283 -98657 36443 -81343 -17013 -8108 44445 37949 -47604 16389 62738 -10336 -54096 -47252 33243 79807 1142 146276 -64648 -98127 29351 -39304 21825 70251 161454 44196 -139284 -32957 56469 17838 23366 38225 -44045 -29244 7429 47075 -23876 -62981 44567 19030 11376 11263 -18934 -60574 -67421 -3803 103700 5736 5789 50922 -18026 -86800 -37899 26732 16513 -24549 8888 -1761 40462 1333 -40626 -114601 105019 89435 81352 51373 -29536 -131888 -26975
-24318 689 -62897 14268 13780 -88282 16716 -84943 -85398 -111998 39970 46391 43718 26175 -86243 67950 9895 21852 -24615 -47468 -18374 -72823 26027 -27156 9109 92560 -324 -14009 48189 49211 -25251 -2940 -39235 -54847 -101748 55409 34075 50882 -5507 31658 13989 18851 -53664 36850 9118 -4033 -31090 -7194 -77929 -14272 -45666 -79778 13766 46467 -50260 -19895 50643 -28265 34270 5185 4955 74462 17951 -10672 36919 200785 47843 -132250 13581 23854 65155 19477 -56552 -87257 146713 52430 -64342 -55709 -23588 -1169 -58522 107761 -14204 -18120 86924 3109 10210 37351 -55109 52124 62314 -46097 37730 -36487 -53995 41651 60812 27305 -14616 51570 -61354 -45121 43307 -105296 2201 13774 -34509 -49157 -7387 28403 54243 -3359 33166 77544 10720 -120105 -40242 -71499 8245 53747 57555 21473 59650 -79116 -27879 -86406 76074 10778 -44962 -102091 50746 52986 20404 36327 61792 34762 -82654 77314 12379 -52657 16396 -49959 2705 8704 31360 -43801 -44273 64361 36352 -66062 32486 -90117 -36695 48426 52391 -88683 12098 -45271 -89517 -66292 12715 27445 45745 -41353 45315 -18054 86611 137207 12502 11074 -13056 55721 -31955 99027 27590 -22717 120540 17914 6541 -38721 -28396 -40803 29359 76827 -104021 -78980 -46330 -40682 5139 -32069 -32229 16324 -74617 -104163 -40732 24820 -45640 6260 51520 -23401 -1548 -94782 -56554 -14448 -41654 39350 31393 -88801 16385 -32853 -102238 -3804 48947 -6220 -19098 -6135 34895 -57786 -11446 -61625 72680 -22230 25229 -61909 -76197 -57711 68959 77225 85875 85378 -61982 52759 -21013 -178905 -2421 34132 52206 3233 -57244 -31036 -3998 14713 -14257 86072 47736 9196 85589 21322 -67911 882
-21624 -45283 77754 64096 -87329 3700 3435 26270 46240 -81927 -24143 -36505 -6405 44406 -102633 -30307 38328 47362 1775 1939 -50728 -70736 90437 -155841 -38666 7267 2778 -48999 -51177 17590 -20582 7987 16997 83270 -51932 17933 9050 -30447 -35179 57351 -66510 3976 44930 -31315 39435 -11023 15610 26061 10839 -22420 -71216 43411 -49462 38189 2812 -36678 -20063 70689 53668 42291 -43982 42281 -7330 -64304 -83469 21358 39797 96108 28821 24953 -107919 58083 171415 92469 -47842 22910 -40373 116543 54189 -27190 44740 24397 22788 -38672 -44353 -45354 -26601 -51793 -40094 -17666 -10810 55521 37236 -79171 6513 -31011 51290 39095 68969 17240 63391 69296 56452 16040 -101798 12596 38640 52755 17524 57993 33054 -33304 -92025 -27969 -84834 -8320 -28678 -17947 3726 -58929 75961 25458 -13916 91704 108074 67161 -13020 19198 2506 -30655 32390 70327 4185 10984 -23427 -80652 -47927 -90911 -62303 -83302 -20650 18274 70799 -2411 6334 -58341 -71073 7325 7144 -119246 -5500 104757 79800 62901 -37080 -37803 -33925 52091 72819 66868 -70932 -27620 38252 60695 -46706 -22049 -83203 24181 23780 34923 -42584 -14224 -1201 -138345 -26259 -37490 -22077 -108282 -31052 -111956 83567 -34651 7876 -21194 -61898 71368 -121779 78608 19075 84827 -74562 48434 50974 14294 21310 37791 18493 -18055 -113032 -21793 -50622 -60873 -99512 -10662 82811 18320 73229 26614 -10517 -24759 -18817 2373 -101873 32699 -59042 6907 86422 15765 -18007 77052 -127859 -2227 86717 8914 20973 147656 -11195 11677 -107529 -115842 -81046 7207 -75247 -27892 -26829 -19998 43240 -88596 -47407 8345 29683 -13630 63709 -23537 31471 -79279 -72766 -19662 18840 -3658
52604 16407 27014 -2443 -7440 26221 17513 -5366 -3213 -32835 13554 31964 108936 107191 -8299 61725 -197 -13889 33603 14458 -70519 27305 -55579 23906 -11948 -26302 -73174 64402 45648 60852 -788 -58065 -112175 -80175 23389 -42266 -12476 15775 -41550 95748 10323 35704 -51308 86518 -48757 9377 54639 -10682 73839 -73220 56082 -16246 48700 22236 51414 -59890 -35417 -94493 7263 -14477 -79038 18055 -14951 35205 -73077 58478 -44761 38898 105786 -26440 61563 27709 -35696 58055 -63342 -77185 28651 -23955 121672 -32964 16204 -69253 -19499 -24146 9627 -57099 54568 -35143 -15850 -28010 -134177 68118 20019 36648 82136 -29581 4167 129692 -95133 -5123 16398 32106 -105322 -63304 22470 -15945 28863 -35259 -27920 -101655 -3518 12511 28 5749 60028 13276 52665 -69890 50653 89905 88295 20819 -47714 -37649 81216 -104842 -59199 4861 -94082 263 -14642 -10074 -63122 46155 23019 34671 65314 -17114 23623 74286 -99312 40390 -86282 16257 56971 -51122 -7859 -48176 67097 55032 34735 79903 85048 -60064 -30068 -25325 -2682 14070 -35506 -26872 112179 127 12684 -21514 24186 13260 6217 -11542 26063 23385 2646 -827 -56146 -35509 35249 -10235 31318 11912 71997 -22280 30598 74824 83616 -52560 -46472 -103690 -136747 -56128 18220 55067 -27338 -306 -33903 -58543 -16542 -78840 46911 32211 26014 -44412 73178 -26525 32341 -54465 36398 -16604 38934 -66693 -68890 45126 -69004 116897 85574 31112 -109185 -137 120159 -18841 -93977 -64529 -12548 47628 26475 -27162 -4725 25850 -31460 55187 -108148 -8063 -5965 -77666 45871 -96315 -621 -28565 -3168 -32788 -58524 78662 52766 -37464 7211 20064 25658 52755 -95625 -47149 38487 -73870
-25628 -5091 -70802 -46346 -10555 9150 -34169 -42501 21780 118415 103872 -60006 -11729 -4004 -69921 -40745 -34361 -21563 -7127 -36754 -88395 -151641 -905 -5635 11910 24405 16759 43357 35576 -21668 582 -68719 -59786 -90027 57185 -35680 13469 -46529 -73049 -21278 16055 -12673 24003 63781 46589 45012 -8041 -7867 5671 -90726 9076 5490 -22210 -20863 -57231 6525 -101346 -38132 468 -64727 39275 -12807 49726 -61479 -39700 25613 27255 -45620 49829 -43307 13824 51615 -26169 21083 3493 62351 29924 79265 7766 27260 -55909 -47414 -76305 102958 -12170 12654 -39949 -27914 -61796 21050 -4777 8999 90070 -88324 -85744 59004 -46541 57310 -47 -20218 -32857 822 -60992 -51433 -51407 26796 48538 52375 -78484 11669 54204 -25121 -31231 -749 -57242 -37177 15692 27627 -34817 58217 69034 185502 -37800 -54149 -46023 -566 -34116 64162 10299 70857 58049 -7983 39110 79785 -85507 10299 99688 -13155 16097 -19118 -65282 -64904 50754 -20031 -8369 13438 31883 -73912 79345 -59510 4642 32941 -38503 17750 18909 -22292 1613 32986 -47544 -91408 -3956 -20316 47120 -13519 -12938 -18667 26446 37053 74222 5307 39765 2033 4829 -40880 -11896 22544 41940 -98700 -27395 -17936 -18461 64045 22481 25334 -17076 57449 46720 -23879 -74370 3147 36457 -43477 2867 -6839 -19948 79068 -18976 -70301 -12330 32439 -62917 32819 72793 -146877 -21225 -24417 38437 -60643 -45032 -96746 39973 34857 -40999 -82310 -39647 63960 47047 21108 -2295 109290 11696 -2519 -10601 -72313 44689 -96361 77980 31259 38829 -52551 -21828 13825 43504 43261 -42546 -1754 -6621 -65201 -84675 -20082 -55961 28150 38569 -43265 41582 -5513 -66400 7274 -22986 -24502
-57718 9221 -21546 45494 -88990 -39227 -9351 17925 -1238 -22570 57434 -34431 -77465 -109446 -8220 12625 -69543 -126722 6270 -60557 -67006 -71638 13926 39075 17392 -7453 -13939 613 10365 -7898 64120 22250 56312 5575 64047 7486 40501 15888 28273 66529 11366 30428 -2506 22845 -10303 16940 -142663 55056 77770 115324 -5393 -71649 -8756 -24630 38107 -6427 52960 -15559 22557 47651 -59000 41899 -76827 15850 -51977 70427 -37754 26074 -69669 -29653 73056 10538 84845 -60540 107594 -14696 30394 75324 -13775 23836 120730 13789 -725 -17775 103785 53858 60073 -100998 -100919 130475 30716 -81692 -69418 11965 -8947 -9001 56773 -2850 -18546 12086 22273 15375 -19104 19598 13347 36027 -17446 -45012 -6214 -19810 -45921 -52214 -51681 -96979 712 37747 16750 12637 119295 -21789 11735 -19617 -105423 -24751 46922 -47088 31410 96141 35780 -102520 31119 -78672 -64450 -926 32985 39977 2870 8225 -63907 71590 42277 -31231 -81321 -66021 -71279 -63543 -38236 85286 22549 87394 -99455 -137814 48763 -74786 4950 122158 -47314 -13232 -20844 -87070 -70925 37113 -3158 17471 -99049 -3454 -666 -82919 -43577 -28671 80337 -31600 -1599 -57661 26228 135418 49900 -136474 67908 167101 -58400 -22393 29483 101422 45793 5240 6290 -74468 48534 -35702 -31739 27124 -12807 -55719 5175 -646 17604 24231 117911 -2215 -91546 -16525 -50976 42418 30724 -47017 -716 -14518 81159 -4259 21868 -56308 -2857 -79772 -32652 19044 82723 34172 -39719 -24400 -18104 -51214 85940 39315 -71296 46926 -33336 -16127 -59405 72669 9784 -35126 28276 65943 -94412 14808 -63992 34791 -6950 -146367 77343 -78758 -83857 134921 -100480 -2130 42015 13277 -37974 4710
-1403 54225 3378 26721 -95002 -100517 59953 15117 -18332 -16813 -39333 -19905 -58813 27523 -65967 5795 98221 51963 -67961 57033 -75694 -19973 32385 -32782 -55710 94278 36432 74167 -13332 -28728 21088 -4886 52623 -43030 -54964 1596 -58480 -22994 95730 43683 -32150 60716 -31734 -17739 32636 37002 10085 10302 -41867 -46868 -50334 22895 4541 13402 56934 34798 65166 -28199 -33163 48175 -62224 12949 -94410 42458 613 -4529 -9264 -41527 770 -24446 -61014 83314 -36200 -8487 38758 -21920 52630 29454 -59771 49114 -23684 -98722 -23731 -15071 3723 16441 25448 -18237 5059 71662 20954 -21821 -34191 -32298 -31737 1849 -33128 80767 -64727 62398 39250 31009 -19044 -63336 45798 1347 10031 10211 80563 72139 45072 -11345 -24093 17998 -10662 87036 -2298 -51912 33028 -6785 -1417 139372 9315 -118947 33764 -8953 28952 -70878 21267 99752 40029 35144 -5600 -13153 -74647 43621 4089 -55761 98932 15470 3144 -32023 138008 106975 1168 9866 13152 -39370 -34967 -29851 30537 -1080 -102688 7854 20934 -5006 -16210 23297 52816 106554 -78068 -5854 50552 -27200 -4883 -28154 -33394 -11788 47916 10912 -50137 90602 67040 -12733 -46065 10466 -34045 -41427 -18458 13642 -16875 -9508 20867 58921 110715 30423 853 -81515 -22805 50372 -9699 24647 -81561 20990 -38557 28960 6189 98560 59857 -92192 -49206 3579 81066 -98697 -5981 -10972 -26841 -14683 -49206 -86322 26143 64665 114988 34423 -118109 -9834 -100909 -86629 99431 13259 14759 -109808 44191 10842 91918 9807 49372 -49363 38352 -22582 -42789 -8602 -15463 42330 -86862 108348 -7639 17654 -67186 56841 34691 -67140 -71898 -47141 78330 55362 -82404 3281 -138224 -19548
-60011 32786 -1987 95212 58367 -30003 22823 127989 -36782 -12627 -2348 -7534 -19087 20502 41869 -42480 -59391 -4938 -43354 34835 -28081 -85166 4702 -36868 -13949 -75915 91871 -74219 62687 30230 20940 3200 -39189 33615 -723 13958 94605 -83782 113900 -26757 68629 22469 -69169 26925 256 95511 -5599 10259 -74456 -69638 39839 -12115 -57666 11650 -2246 55842 70233 41212 88090 -39636 -31340 71248 4951 -1685 45183 6694 162219 -64561 82989 -1367 27912 -107757 -47158 49886 -40452 -18615 -45602 -42933 27059 44616 -37354 -22223 16195 -7103 -126864 62697 -3871 10287 -29147 -51450 -1570 -34864 77323 -50902 -60340 7064 46678 -49142 14278 76534 30370 136576 -17376 -88270 67514 -11575 46967 35243 -45563 -24923 47751 -11748 -10418 12541 -87904 10620 42971 -51871 -25955 -65771 98398 482 -51408 -85559 12104 -33236 30913 59587 -67466 62170 -51777 95918 -22101 86243 -50595 -25819 106495 15991 25786 -52863 70860 -3352 -64827 -127303 41247 -23895 72738 52060 -26123 41694 -53940 -40244 12812 7573 23401 90489 81426 24096 -41105 -10446 -24378 -18087 39545 -28370 100064 -1792 14175 41595 39592 3081 23550 98940 -28447 15576 6330 41147 9404 2335 -20680 -2639 32735 -17033 -14598 -62893 -14991 -82399 -20260 51136 14344 100949 -12004 -29115 -130593 3991 25574 -21045 25086 -17055 19541 -4039 -84056 -44180 19607 -74054 -24688 43934 -9942 2111 -12975 -48771 -74490 -46279 15882 37102 -10463 50450 113085 3848 68695 28240 -44483 13234 42399 -39312 65258 -41885 11764 -23743 56454 -40071 -42420 -70868 -22428 -5663 -13682 105278 -3785 -22502 -53344 35801 93614 7410 35817 10484 24747 -13181 -61728 -18385 4446 -32854
27703 -7678 102443 37358 -23095 28012 -9087 -73185 33585 11967 -25209 -81265 -888 -22210 -21486 -11798 12125 -7727 -46329 37180 -28441 -30663 -16396 -64862 -8049 37375 -124201 -95086 -37917 76303 21385 -42345 -14757 -98917 -82082 -42176 135458 16003 -3179 10408 -42147 12114 39452 23908 -71846 124439 43502 42586 -81914 27304 -53089 35047 -23540 -68847 3009 29585 -11391 -43351 -6547 25838 25359 49049 74585 -95723 118840 13384 50554 -33448 51207 -3709 -11142 -64183 16568 -13900 8070 38403 -83716 -8363 40143 -26505 -1725 58217 70668 -36934 53788 -84353 -44261 2133 98952 7410 -61556 34821 26315 -12066 7292 3088 43035 49798 2684 -37255 70076 -129 84872 30252 -80994 -37938 12135 -26403 31411 -18580 45331 13599 -65323 -136009 13798 -34223 46413 19677 30196 -22513 -2495 -1677 41781 -13543 -54889 29048 163015 -14562 94368 -68767 109918 9700 -13226 -63377 -44333 34482 13542 35885 28332 -10719 -54464 -73709 9090 93141 16612 17512 -29996 50583 -69861 -7274 18766 -18096 37477 108602 11687 -28657 14598 61418 -17080 58378 61791 112811 50273 110159 91489 33396 37261 51920 16418 -30788 8438 -51726 -61863 15585 -40112 -69514 -1779 73449 12135 26239 42583 -14142 93571 24524 30345 109112 -12950 20132 43723 -785 -26510 105742 87677 11088 -47919 167833 -28014 11063 -15228 -27341 76085 -3759 -24764 -465 41657 48599 15281 9269 -32148 -27103 -36138 -48209 -51843 -63947 99334 50256 -2650 111888 3905 12585 123767 -44189 40281 -43269 -36947 -22268 -26739 -87592 12898 -10647 -85879 -12672 -15215 -81597 39146 -20627 -24601 81565 -5986 -93778 -7418 -337 130980 -47767 -79568 25261 36432 34553 -83296 -93556
-23576 -23620 40509 58474 -45387 -13862 -7001 40789 -40483 95924 57382 11534 31680 -96404 19130 -62420 5310 5835 -10747 23267 -15735 31637 -66553 58962 11837 -5359 50193 13580 -21418 25285 17194 -1284 -23272 -35286 32210 78307 2979 20315 -56666 19830 -114292 -75479 53151 -30432 9435 13969 -52364 -55774 119635 43704 31712 -70487 -97000 -32207 -52576 -90933 -5678 -107976 -51196 1719 46238 -158252 77644 69901 40892 -57509 -5532 -30466 -30552 90046 94075 -19682 -68386 7227 32884 -9059 -55936 -54581 -77794 -2655 -49224 -48288 -43700 22982 -30159 31292 5808 -129148 -87533 -32920 22680 -1406 64424 -9224 -40976 16671 -101492 101202 -6953 24771 -67191 56886 51112 -6059 -23016 -104207 36686 18414 34404 -128461 113091 -4267 -2947 11827 145411 -60396 41058 -42921 -29355 -101820 48772 -23603 -62934 14245 -20878 29594 -79006 56684 81474 -17746 10177 66144 77529 -53552 25444 12590 -35729 -37985 50355 28988 -24266 -488 63146 -124213 -33084 -21573 -88662 103651 -5857 29316 5351 -28318 37426 6468 33075 -45277 6542 48364 7927 -2972 87591 71949 514 17954 -44569 -7020 22147 -3110 -12119 88573 41461 51749 119875 8266 -54828 -5807 -14845 28943 103689 -12777 -28271 -33003 -2515 -10548 -60491 -117380 20335 -45279 -72466 -10103 -64181 74158 107203 -15852 140403 -73632 11142 26711 8847 33886 -4419 -17596 -2452 -3238 -64949 -67049 -37182 2152 -75085 -530 -17849 -76077 -26559 -16942 44245 42736 -23532 -29967 -33617 -48569 -29669 -26010 89656 61325 -2921 -36800 54421 38038 -55840 58421 -34907 -40902 15296 -59639 -120463 -21073 -70181 83947 -54461 -136325 34319 21111 55595 39996 27479 -2250 -26860 -114524 -88039 24417
8775 98928 87685 -10303 -99620 -10733 52870 -23219 22367 -68266 -58520 -18357 -43467 41141 36429 8129 28926 -19340 -82341 -3298 46188 15423 19361 4589 69542 47449 31613 -134734 -62593 159465 45114 44873 -76366 -23658 -3076 45246 -48695 -32855 -31114 -23450 54242 16140 45157 40562 -63534 64774 39356 -54631 23018 21566 -9097 -66064 52575 -75317 53547 -82626 12685 -174746 1531 -16472 20945 -19776 -10953 23572 -73334 29116 -34548 -8125 13199 97969 -16452 -23383 -34129 65699 -74806 39122 -8828 84002 -39783 -56205 -14602 -60573 -35647 14223 -6355 -7774 -7859 -22702 32962 -44411 -1214 55271 -61330 -25093 -2289 38013 -41160 49604 -115569 48341 -107423 -50121 5176 -9424 -19352 -3563 35025 37186 13101 -37250 19901 -11308 29436 -57043 -96496 -86347 107917 4149 -54453 -71008 -30961 -38992 49739 43567 -47447 -11568 14582 -20772 42691 -38947 -10235 23972 -1617 -37349 17538 6599 49701 -9992 -36951 -14253 108252 16104 21238 -1799 -7694 24390 41405 -59438 49082 -43003 49573 -9021 -24939 80021 -10025 -78587 42180 -16766 39598 102663 -32544 -68202 29855 -41632 24411 -62764 -94878 42496 -48942 15898 12761 -38584 68810 -27929 51456 -14727 -111975 -71490 -97502 10534 -30615 -34500 64766 88012 103459 44649 -37873 4957 22411 5347 20056 40298 69358 35950 28894 -13648 -86690 52717 -29605 46767 -6537 -80641 -33711 -32557 -62748 36194 62340 -90674 49808 172806 12163 38646 -106235 -19196 -83777 57198 -52163 18225 97068 108736 -2201 -126317 39523 26645 910 -17504 74918 18497 -15869 125842 56155 64507 -9715 -40197 -84388 -13462 -23851 -45112 -30602 -91196 19305 29261 36500 -61446 30773 -8453 45072 24867 25668 79623
13032 -62839 -27605 37366 91966 21586 -128738 -32308 -36102 -29412 -3131 -3836 -73292 24951 -38958 8591 -20952 -45145 20835 11304 95119 -26000 -18581 18063 -22010 48809 -58305 14325 -21973 -19828 -75578 4829 -87043 67720 49707 -24039 -38732 1717 282 34814 63381 11410 -57372 140086 -25986 -56221 -10918 20773 40853 -48744 18414 -25833 56394 -55397 50641 -89067 52708 57492 -6796 8326 51462 34881 -2278 57053 1983 -16466 -9828 -30321 -39372 -57067 -90896 -10946 11660 34708 -16587 137257 462 93001 79700 23126 -42825 92119 -3963 -4080 15574 -67685 40246 -32823 1700 -109558 2370 -2461 -9492 -55611 38449 12979 90380 54882 10766 422 -1540 -12369 92577 12388 -39808 -11238 16296 -5376 95871 -84847 -84142 -37312 -46272 -19904 6836 -110622 -90921 -32371 19695 -24486 -70591 -85751 22938 -251 -69400 -17310 50704 31144 17398 -25703 9936 -11833 -31487 26336 -21652 -18254 -40159 150445 -36341 -104320 23851 107816 -9629 -68551 -80575 48743 35655 -52009 -6217 16257 73963 6490 46218 -11060 60478 53372 -116632 5094 -24313 -64655 -18 -12729 -19141 69126 83999 -28998 -61131 64907 -32097 -20515 -41866 -25722 6318 -17140 107822 40699 48532 38413 -110330 -46612 59215 42590 50949 76977 -48026 133398 24301 -10178 85200 -21028 -6710 4913 15549 -51465 -39436 -56375 20590 -40467 26297 -21535 51052 82163 -72307 68283 -35471 19082 53290 -14792 10809 6576 -8287 -31218 -24527 115268 -63572 -89020 -9081 18826 -43772 6741 2283 -124113 -52349 -42848 -40840 -50546 35115 42213 56215 -48195 74772 -44321 22448 -43164 109640 -26197 23998 -81611 69604 -25590 236 -22768 6553 82252 85359 14048 94174 -9237 -23301 79993
-375 16062 24046 -43418 57995 35966 -12239 5888 52275 34445 14834 11332 -109725 -30485 23351 29302 -16582 -38886 -62967 45496 58560 455 -1264 13942 19289 -75272 -155907 38467 75909 49855 -50227 -4593 -68199 -19853 -29437 2316 -22613 -76073 52621 -10839 -635 -32188 -39073 -36430 6218 77257 36567 6220 -2832 -2621 -57582 11818 2304 -25897 -4196 3920 -742 -25314 -97583 24457 67779 106891 -8608 17672 -17110 21232 112431 21088 72300 46861 -19251 -35288 19104 -114640 73329 48024 -14430 40223 12885 -59706 3484 17422 62851 -187196 62176 -77597 -43949 -70649 93444 -102997 -28916 129647 101008 -39324 38598 -84866 -102068 31441 -10692 -82307 71655 63810 -33884 38816 20970 -4096 47587 71068 -11227 -11562 25394 38789 30191 -74075 50311 -8441 -22892 28698 -77688 1191 52051 -28709 -15312 -66672 -18519 -9371 -825 -33182 41782 -5991 47088 45747 -71759 27426 -123043 8318 45695 44759 -7139 173253 36325 -57847 -20655 37590 -59279 -35250 -76421 79564 -44844 100516 -104330 -56459 36034 -7892 -37160 -36145 24169 -4481 -30355 1890 -75245 19162 4154 16946 50983 -34869 -33868 -122883 70267 16232 -6875 23789 -30852 -47606 117676 1810 95941 -104236 -30883 -32857 51001 36633 -10284 -11675 1835 61225 -3573 41717 9960 -3619 33758 20904 56052 12289 30942 83204 47193 -68038 -4381 82635 -41720 99268 -4586 -48959 24858 8231 599 76843 14798 -5967 -85287 44250 -97009 -3867 -17622 -21282 -198862 15178 -15233 -37543 -40685 -83533 -81758 -3108 -13989 41362 30952 -11248 8567 47623 -33396 27309 20931 -19877 -11845 -49825 70688 62204 -130650 -3937 -141579 -152170 45497 141224 -58818 110703 -100491 91913 32938 12726
59003 -6000 -95380 -20177 99720 -107925 105987 -45134 43996 -16003 -36508 80606 -67399 49728 81824 66636 38069 -35076 -28221 7513 53775 19735 75509 -24690 79106 77977 -9641 36816 -60277 -89222 38418 -45507 -31904 -16552 -51110 1928 46891 100147 14296 -2336 76518 31450 -52856 -42323 337 -9337 -30556 12432 37046 42847 -75563 101484 19627 -19587 -9299 109442 -101752 17523 -102903 60201 63763 95556 -52220 -73260 15507 9786 -127309 -118863 92394 -33258 970 11238 -30769 -128103 8731 30260 -3808 -103298 -6163 13244 53875 -51685 126890 35269 58353 -31832 -37951 40137 -2195 46182 -37723 24113 76205 -932 32877 -32725 30823 -25495 -53675 1362 31683 -112582 29578 50227 -59995 114341 28503 -51430 57998 104192 11705 27553 -7423 74894 -25530 29211 -13502 55783 -119582 -5874 -62487 -62208 5425 -60690 3061 -85948 76886 -30741 -82973 -43418 15279 -61593 -113161 33062 -48444 -62545 91230 29753 5859 -60695 -22749 -30408 -84596 17462 82036 -22046 -31070 -57999 16499 -84899 -25777 4263 -2373 -49581 70586 -42068 -57362 27806 -30386 28391 32535 4994 15949 356 -25896 67828 -31214 103659 31587 -62594 14716 -89396 -27023 -6552 -7203 -39781 40894 -18585 -19848 -35525 1714 -122985 47098 -32065 51979 -90226 17225 -126375 -34734 -31714 -8043 -45442 18750 54883 38909 44639 366 -4999 33306 130105 63780 -78119 1738 1591 -95072 -46314 41527 -50159 -86251 77074 -24411 -38788 21743 -44976 24488 -13567 -15163 -100240 -609 12598 104869 10389 89299 19416 151183 -124220 45436 -40443 35108 102845 -25032 -66447 127237 -225 25663 106244 39634 -13177 -27130 57797 27609 -8198 -7397 -41875 -15595 118594 132450 -47460 -53519 -11323
-3864 18438 14578 -67210 -37720 10022 -15983 -25655 6651 56470 -48917 36593 12306 -63690 6844 24399 -79070 -3067 66153 -924 45140 -2802 101236 73657 -28940 -20713 69859 -17915 -36285 -39456 -34390 32728 -118664 30144 -22146 68652 95605 -40124 -143315 12838 -63255 36532 -31296 10878 75142 -10823 47443 -14448 -43141 -65508 7042 -25544 915 29023 18491 -1063 12394 20414 -54252 -49848 49802 11223 -47661 -34466 -58654 -6658 59271 -15878 26167 -33425 -5404 107689 -54383 -41132 -45106 77321 -54519 -54327 -58025 -51764 -15830 -71026 -37343 109968 -20954 -64861 24286 -32709 -16421 37190 60478 9047 -588 73293 53203 56430 17707 -11120 -97944 36575 -43133 -6906 -137185 18224 -4328 34399 -28946 -27680 -65468 41225 14157 15160 41372 -63692 83625 -48543 63346 88874 1361 90297 14853 -22292 -68541 -10756 24966 22175 -97978 -19399 -47310 41251 7682 3539 43661 -14096 13076 2043 -25637 11326 105202 50138 -32248 39273 -78874 -23823 52091 7047 43718 -40532 24689 -58084 46535 -415 -27644 51545 -55458 -73840 -65875 -87033 -71472 -48226 124269 -9049 -31083 40260 73849 33574 55605 -1999 25871 32233 55774 3544 16278 -56297 19713 -97250 -17262 148070 -31962 -59464 -31280 -124818 100106 -47147 -6313 -44946 -34014 -49144 -34225 -36327 20505 113522 19902 -84214 15909 22235 -18388 -8271 -42804 74141 30171 48335 -60989 -41625 74206 22343 77681 -16378 1740 -4750 -59097 -23804 39118 -41278 13512 15529 -12383 -70135 -33781 440 -14157 77165 -29723 -53727 80691 -31618 -28689 1156 -13864 58576 -11966 48769 21142 46125 98907 10947 -58463 3218 -70550 21420 -10479 9653 86127 -2563 64215 94744 -14029 -7319 -41629 -32943
31618 29021 7067 96565 -38136 -18777 13316 -4399 -40180 -26745 -6133 -52836 -34778 -62340 48549 -75767 -42424 -38489 94104 -113102 1215 -13869 -16331 36309 36900 -72457 -520 -118660 71946 46051 23301 -19110 43511 35659 -84041 9928 20588 -34632 60888 -4530 -79816 28269 -95909 -53037 13315 -4890 46425 22785 -31882 47108 -97505 -60353 -33790 -17734 21719 -17112 10222 -93681 -49377 57941 -6514 2807 -41900 -41881 50151 110566 -2155 -23308 -52689 -16473 43850 -115594 -24714 -3073 63471 -116539 58750 -50618 -11490 8470 27192 19523 37738 -67869 -23800 4567 49777 40305 -50737 62429 -7346 -82997 -71387 163218 -23810 26001 5527 -40848 47578 16383 23335 -33842 -12299 -94992 -15899 -16696 -14008 -18709 42045 14179 -56293 64203 -46975 8985 50264 62357 102333 -49233 -25815 -7860 1559 26707 -35254 21716 11008 -40825 71989 -227 -76524 -45725 -37105 -74111 12867 29081 59976 30528 -24321 27068 4830 -66829 -34665 38299 -32773 -603 43207 34966 65123 -87881 -57120 39585 -30664 90539 76400 30384 34130 2783 9181 -45828 27205 -110837 68943 -69871 67208 -57827 122037 35019 2340 43779 -62866 16109 73284 -25346 31153 20744 12145 -33069 -54035 -27104 -33472 -53735 47312 -841 11900 -58072 -4841 -16701 15075 -7448 11515 68327 -18993 89030 -4290 107958 -15011 -10368 -43146 110379 -32280 41008 69398 55107 -51798 -76781 -125793 -27693 13222 26231 81943 24704 -67485 -49661 -76157 -33925 24611 58342 -83436 93853 29289 -8271 -28286 38981 6179 -8564 -20079 -20427 36928 68079 -65011 -8064 -33838 -11735 48657 81718 54831 101178 -53981 42477 18943 -17654 49655 75055 -22071 -61730 -2181 -2906 -98845 -30210 41522 -20092
-30579 -27666 -14373 -28940 -41834 63633 79179 62229 16738 -73287 -77125 -50836 -2581 -7851 51759 -42923 -57069 -90758 -63933 59671 -45568 -22986 76707 27834 -26302 86119 3962 29883 48253 41806 77681 91185 -160059 -12460 13155 75694 -12226 52886 -100009 -13508 -144600 55821 -34777 63812 -42156 40399 -103049 2957 5831 73537 -6682 -30683 -15159 44902 153253 79864 14788 -125364 -62406 -96694 31853 -23121 11441 -12338 41773 -3250 31066 -39858 59422 25658 42103 -31584 93233 -121 -21382 -65083 -63963 -9919 -39031 36707 -21804 -26688 33790 21561 84726 -2712 6208 -31168 60378 124348 -63217 43229 4812 -38916 31264 65026 -190555 -48786 4437 -26280 -21506 51856 -52758 -103941 8062 8202 137317 39721 26281 -9363 37556 -502 -7582 -18577 -97446 -37320 73530 14234 27138 -50136 -152 13228 23943 -10293 -51559 -44665 55266 -23803 -43460 396 9160 -15374 -21337 70623 1497 72961 -6251 -71369 -15571 -81 46586 -22115 -2172 66152 -57497 90076 39904 -41507 90285 -49293 -13251 -21459 48605 38353 -22964 77903 -4512 -81697 13322 -32960 114681 27384 -49485 -12314 120798 28008 -49439 -6233 26226 76900 -2290 -5436 -35920 -39036 -26021 91723 -20991 30722 -33802 -21423 -72127 23384 132642 43923 25486 -26493 -8250 -108326 -73665 -15461 15796 36859 17641 -8243 78483 70580 -21669 94645 -21113 29470 26696 -38993 -26494 -41056 -185773 44679 14835 2713 -120283 54383 -37266 55671 13993 -41274 41818 52481 18757 1599 -55692 -109326 -44963 -30677 -74858 -34161 -16075 -33819 -44161 49941 -6522 128552 -93227 -51201 -766 -10261 18497 27815 -47270 -18826 -99976 -90288 79606 73693 -92547 -24885 5146 46735 -10259 -18271 56727 14824
10155 8860 110823 31541 -44143 62465 -31224 77585 107148 92975 -132396 42663 -76328 -13380 -12381 -227 -48741 50787 -11629 2085 29262 -3601 -10759 15544 -30615 39946 -47919 27742 3289 14728 73995 5808 43119 -41 -58493 8066 58669 68102 -45781 -32057 -59285 49160 9193 39910 -20486 39 38890 18073 9618 17992 -68321 29853 -10856 44661 -22258 -32844 29352 -23080 -5989 34646 -92407 53686 8395 5112 -17957 -28534 -39048 72805 43711 -51721 6733 -108395 47908 36744 -35050 -1731 56315 -9647 91401 -1637 -10303 -19633 -6160 -73329 52596 -40600 -104952 -33029 48359 -31771 6523 -30777 41016 -3258 -12326 6863 -25023 -148374 -8459 -43645 -128811 42818 13604 -61785 80555 13680 76258 -27196 -22069 20812 10267 71821 -107119 -47034 23872 -23074 -86454 3504 -11649 -97164 -40150 -32540 27092 6685 -55747 61113 121211 -32293 -50148 37180 54999 20289 15103 1823 41568 -51927 -25737 -24398 75093 40065 40300 -53181 5171 -24585 -64759 63237 68306 96349 13592 20756 11611 -33899 -3037 -38420 -9645 16910 81072 795 56326 62765 -23066 -31413 -31477 24519 -34121 -107110 -74349 -124381 -6858 25835 17335 97166 -17153 -56402 -20074 6008 7606 -5515 47147 -14338 -10453 -90511 9409 77227 -46434 31916 9612 38381 -4409 105759 15264 -41789 74883 -150313 -13651 68268 -38476 -58729 -51078 7940 -71883 -111619 -78488 -78615 15818 -22184 19917 84188 -70297 46679 -48669 -28330 40864 36576 -75462 -69514 -8895 45744 80708 -17668 70420 8978 57264 27946 -47852 -60160 16575 -2220 -21096 18874 24442 48191 -27893 15299 -42520 -82411 6501 79316 -54392 38116 29487 -41192 50377 -35692 -27525 -85462 -154576 6333 -11682 -6676
49480 -84999 63931 67953 -38932 -163985 -19011 -31851 -49858 13810 29940 22549 -4379 -34235 -13951 40093 29385 92581 -612 2876 32330 25649 40812 -7106 -27219 -96068 -44593 -93147 -5752 -20807 -50800 8274 86562 -10997 56321 82562 -1438 1568 -40780 -9287 -47569 -74934 6521 -43840 25305 -79789 80067 19350 8019 50457 -73002 58317 21250 94518 -13249 -3667 -31850 18187 -39423 -30554 1010 -9459 2350 46456 37231 8574 -41187 -5505 -79565 21468 98150 39357 -61616 14168 105083 -20389 -118191 35441 -28693 -57487 46809 -48119 -5700 -9034 51531 -78863 19231 -36308 39870 -8655 103430 25347 -12428 -45779 2638 18799 45448 -5994 6503 13492 71716 4525 47604 7266 1652 -26402 27206 73011 38540 -41743 -17475 -17097 30527 -59250 68284 348 -47765 15543 31069 43026 78626 42252 -46631 -6907 13126 -22454 25717 -61482 20026 -19725 42258 1051 -4350 -37190 -34691 8226 -12882 -6007 -13283 -27507 -63905 -42743 109705 -46470 39657 31919 -24433 -91098 35377 -45155 -24508 -3762 -18206 19485 10206 -15781 54587 12532 -16730 -2646 13383 48328 3443 10138 -75970 -23180 -8452 35007 26604 56207 -86703 -40478 40747 -7121 7866 -3135 -23547 -1739 23906 -12355 87370 -70271 -57677 331 5878 19087 -86546 -13871 16133 47737 -38549 -50414 -82681 128248 19625 12571 19411 -13684 -77301 -32524 -29511 -95727 53996 21500 -62167 1565 59574 64540 75676 -33824 -1102 -52007 3388 20970 -19795 -66647 -24159 -36977 -77928 -17789 9769 33618 97829 -27721 -20996 37618 -8633 -17931 14597 28214 -28790 33352 5914 9318 28066 -20064 24036 -38255 -8290 21857 -13599 -1025 -62972 -78461 34917 51810 -47683 16557 -416 69643
-100385 -58278 -101361 7508 56569 -1528 -112824 43289 16560 -106126 98248 61147 47079 -21162 -26862 7556 -11892 56468 -61697 37865 42605 -17892 22313 -58114 47918 -74955 24830 -13596 33654 8317 -7041 58283 21763 28092 -58531 -39591 -41564 -42762 -42051 -95651 14892 -36350 -37841 40912 23271 -35140 -42216 42189 -92694 12938 -34281 -15363 2789 16974 4392 4434 -88279 -55730 18342 -4873 -31428 31390 -15156 -25887 79171 -110416 42265 -19792 50909 -116331 -78814 -29642 -50590 54970 -11177 -29362 14821 18332 70555 30342 3362 -111384 33324 69150 -82106 96917 -68180 41164 52107 30098 -63094 116469 -103164 24964 -17409 36717 5332 49143 4912 62276 -72497 28756 -6528 52922 -30452 20536 18134 153082 -139836 2423 17090 80692 -15675 31192 54140 -14554 -8939 -70772 10289 -21518 -31286 25962 -50710 1918 27647 57523 104803 59299 10103 40835 45014 40311 30590 82596 -83458 -81101 -2238 -35408 69130 -40597 51071 -32650 7782 31067 55229 30346 18644 -46879 35548 -28846 -35988 -62146 -76467 -39440 17651 46657 8305 382 -5908 -43020 -44833 72252 -42970 10085 489 11848 -60168 15386 12846 65669 -40312 36090 67238 12299 -58354 6507 -39839 57209 -1452 -48875 30771 69563 -33024 -80121 -12734 88686 -36462 -66520 -5405 73388 8527 -8507 44731 46330 -28507 9358 103382 -26699 -22813 -69981 85784 22655 3963 -103939 -47902 36905 -9953 16052 6918 -17217 9790 52792 -68566 -308 25908 59521 48297 83482 55907 -50108 83523 58896 -49505 -69392 1927 -4652 4338 34434 101425 -843 -73522 -21934 -70757 -12563 118739 15531 -13499 18393 -486 35376 -100076 21611 -3062 -90832 -11850 -65303 37761 -2119 -13919 58551
69544 37052 -39061 -23781 -17389 -13834 67675 87889 -47284 64023 -52649 74894 -56166 25555 19291 27456 -17903 -15205 -52329 -22050 3586 -47301 107475 23646 -67925 -119687 -77354 645 22217 -2703 27091 18096 -72940 -48917 -21511 17349 -58722 134068 -38900 -11985 25275 75820 10085 18228 -49055 -58406 130406 25543 70595 25728 65310 85122 -2559 -33111 155458 -70009 84913 94225 35456 -34633 111764 -70972 95619 -11172 109231 -34419 91387 14843 59633 15251 46474 -49797 -4601 77223 36231 -79280 -30015 -1034 -22674 -113690 -46543 109914 -9409 21837 -81028 -85745 -27282 -57576 57036 -33077 -16838 21878 -24260 32229 104895 73033 -47521 -143811 74695 -21331 45496 -1170 60801 -72047 -72232 -29257 -10105 62843 1541 11676 70634 32479 -89228 -10097 99760 -41006 -30699 143 30353 -9377 -30983 -24490 67334 -5811 -35876 70352 -70569 22067 1084 43725 -6820 75244 -65391 20775 -3863 -43575 -859 -17980 -22107 13920 35197 81917 48809 -45187 -64579 -35108 35839 -69165 11763 -5998 -67271 68668 -10454 -86206 33982 51168 509 -6524 100168 34871 -4675 23131 -27472 -94282 62501 -61683 5288 14865 40096 32610 -44010 -70017 31808 49880 -55125 -4446 -38994 34724 51634 -29754 -19653 -8600 -30931 30125 36104 -53786 23347 57028 -5910 41769 -22653 -14782 -20315 45157 -60941 66282 -40561 70947 30473 55701 72776 17147 -7225 62745 59988 -45791 -3779 30708 -31963 -17638 1307 17902 -86252 50239 -6536 -61689 39049 113969 -35657 -41722 -14740 21570 -54210 1260 25010 20234 18676 -11446 38259 49378 -20035 -40598 44409 -27780 -44060 121183 13227 -24327 37105 134535 80701 12764 8413 -88203 -20756 -40306 -64633 -32050 72102 -75486
61621 -32410 3800 86275 5157 -118781 74017 -101582 -24177 72066 52911 4526 -4757 17995 92540 1132 99793 32473 -3648 73410 28800 28358 -9543 -2618 64893 76337 2066 38483 -116119 94158 -6570 -64925 -32114 7267 -47743 39828 -8105 -76864 -16930 -28827 15009 -9174 66047 4679 23752 -43252 21231 -30517 83500 15353 -16797 8637 38089 38001 -31606 97667 6840 -108866 -17234 -58088 46425 -31429 -135226 -14354 -57465 71032 4543 15868 71772 -31864 -78668 15984 -66221 70896 -40813 34794 -39224 -22762 24798 43517 -52956 69647 24156 -22276 75334 -17010 9741 -34525 29563 49869 33425 11851 30154 9896 53347 -81742 -14168 40011 15923 99993 77029 4564 -32202 -49526 11466 18478 81736 55775 27587 -34087 -38409 43757 8186 43008 81079 -66456 33023 25923 6016 -87799 -3398 60292 -77246 -26421 -18190 -75560 53013 43260 69649 -54690 60507 -8087 25086 83216 -57462 -25283 -79765 67559 -3606 57123 122372 4130 -33457 -101859 -42783 37803 -48729 13376 70249 -30453 87199 -68019 -16641 -57943 -24131 -88962 -12911 -13170 -13868 55752 -110819 -88802 75670 -9370 -61440 15460 19327 -36606 -63562 -11959 -15104 339 43765 -34044 537 -31091 934 -110184 -36825 -47382 -99832 -66487 4817 45403 -71532 -82418 3413 -93029 -63943 -11453 -42224 27150 10715 -34722 -59197 -81527 4352 -40698 74963 48876 24602 -63785 1914 53650 -91139 32156 70390 -39611 1920 142280 -63159 55306 -1754 28124 -21991 -6957 -101383 41871 -72634 -48166 33513 37033 39877 1845 131929 -8999 19368 46944 -32347 -41817 12647 -79975 20066 38007 -25003 -30324 79752 -78577 -38893 -17587 11627 -30985 21543 95309 42181 34280 39891 -88474 31545 101365
-113704 -7847 -6926 38364 26346 20665 -5101 -6735 8775 11496 55434 58043 -13576 10031 -43325 33084 48096 67592 84379 28355 -73944 39040 28734 -70624 -92460 31989 10787 51509 44596 -57197 -52074 64290 -5115 -109332 50905 32401 37740 18599 -31764 22607 24175 52491 -25689 -46622 -7858 57862 -144270 52107 52593 -17160 32742 -2017 -87249 -5167 10286 -7008 -79476 43128 10541 62370 -32598 -21227 11350 -53138 -69637 -54236 -21465 65184 -48603 -30220 7718 61828 -6494 18983 -40667 16395 58669 58222 35592 -19154 952 15545 3194 22060 -20089 -45141 -60226 -104888 22536 26026 41231 33886 44687 30347 65760 -47892 161645 38970 116805 28715 -28590 -30428 67269 -38084 53051 71419 -36439 34468 81829 8857 -24988 1352 90215 28213 -4746 -18320 -89873 49033 -45747 -28754 7974 64103 15405 32384 -15069 87465 12017 -62536 80706 -42028 35907 -94441 39964 -30480 -86200 -28017 74683 30644 -7498 -35686 -82995 52381 32224 51771 25488 -5003 116299 -35897 -30274 -77754 51219 18189 18498 20810 15845 14570 39374 117085 51835 -33588 6749 35016 -4042 -65807 -63258 94350 -20797 -7919 88443 3616 8931 7877 114119 -133039 2220 -39266 -5892 30649 30880 13750 -60618 -88331 -45550 53233 102655 62425 29507 22176 -19953 59222 -74900 -16834 -42691 -12578 -19957 -38703 -36320 -18036 20430 -29773 62265 17581 -2454 -3141 39489 -40137 -41984 -23809 -26619 -55604 66314 -115690 -42106 12923 -7367 58275 -54007 -29075 -16932 58811 -6117 2712 -14477 12934 -39727 133711 -8417 -60114 68363 -26671 8832 -27661 -20390 -72090 8761 57211 -21134 -39809 -24862 -29203 10500 156905 61943 -89347 46799 -40963 -136927 38944 -92 -53925
-6051 -60200 85301 5961 38400 59373 26303 36735 -28916 -12928 -29398 -17771 43391 10950 43716 40884 -64845 24266 -28068 -55729 -10502 72997 -59472 -13467 -30203 -80600 -3300 62212 -27032 -41974 -10404 -39342 -28067 83125 57521 -87944 -30753 39927 -26761 -74227 21952 -45704 2849 16579 -17903 -1214 16224 -19315 125599 30146 24529 -39176 102392 -78444 32836 -24535 69758 94061 60411 23336 -117973 -20553 -19310 43416 -141060 -122064 -76312 46354 64443 -54733 32219 -44625 88706 51608 -5710 -9293 30993 94695 68750 -74833 -32897 -35078 56388 44193 -53488 -2925 -9416 79749 140217 -39669 -68056 26685 5498 -42688 63771 -42309 -19408 2002 23618 1141 85314 313 -24519 57745 -26702 51580 37934 -28832 44888 37711 -37616 -40479 1400 67650 40942 -26959 73615 21153 32207 45457 4132 -2613 -64044 79208 114560 21796 -47398 -7013 -37728 -249 -3855 46841 33086 -45245 17483 -17130 -67710 -98385 3395 4785 83787 8266 25791 -110286 -43526 51057 60494 -713 20289 24764 -13304 -13965 -37152 -52469 2045 69750 -16465 9344 20928 -15756 -70587 -37377 -24326 78499 1062 -103705 -70017 12183 -72940 -15637 69769 12339 -55801 79209 -2773 95468 82102 -9135 18047 -28217 49962 10669 5118 -51924 -16024 11364 4901 -11022 -47142 -31566 -7979 -111257 12170 -1149 -83511 -31059 -6603 -43794 62083 41307 -54742 -3132 -72961 31882 -42150 48580 -46040 43605 -20118 -19284 -46082 -16563 -6493 -34445 39615 -171 22391 86355 10450 -29789 -16922 87566 -4897 15989 -51897 -27649 50711 -67541 6546 -65631 25421 22675 32591 13622 87763 -44204 -47423 52952 -5147 -20239 -7356 -9485 44487 10391 -36252 16537 -31419 222 29993 -22941
21355 33986 38911 -7956 -26383 27833 -36279 17273 -45103 63725 26191 -80750 94514 -2241 41274 -40139 89774 -41186 -21139 -4437 -43654 -10524 -63273 85321 -45735 -3604 -28364 -13966 4261 -51248 -12147 -58021 -33071 -95175 -30480 -90485 26708 41380 -75293 5174 86644 -26495 53236 23847 -40635 -65684 -47633 -21489 24014 -28729 -35106 -24293 -65802 -82940 46051 138083 -8224 -104302 -91061 30167 67403 -1742 42900 -31479 34300 -38737 45393 -92446 20793 -10520 29812 8458 18971 -60097 -52055 -10975 30572 -66069 83263 -104570 -66356 30701 -65722 97269 -73667 20476 24369 -91155 38655 -75759 -41008 50769 65887 12780 119053 55022 -2658 17831 -56768 2733 -30871 -73019 -25384 25781 27098 -21567 -58578 49220 -26173 16447 -8265 -46783 46298 39951 72170 -36771 51743 -111448 -80580 92024 -4309 -20446 -65327 57470 -31179 27369 -72627 -72602 94664 -41999 -55160 -68206 -5203 -34468 -32740 -2124 73639 -21939 -18890 389 -72299 24874 20848 68844 -42005 -13393 -21769 -60279 6995 87094 85176 -8201 -22120 -53711 -30566 -61042 44443 -51958 -66459 -35265 108812 -52987 -43453 -17491 -33973 66832 174877 5182 -79906 3660 -14962 -50470 -67974 -78344 17308 42905 -44849 56019 13202 54794 10517 8564 -3699 59979 -19356 2840 63153 -27510 -44117 -61630 -51764 41790 27366 -23273 -12195 -54170 48903 -89700 -72495 114191 76515 29196 16815 -37162 -67577 -8522 22377 21842 17189 -54431 -845 -21766 114193 97217 -4083 -36654 -62746 -5813 -81968 -108928 -76069 156179 -10774 8815 -37687 36965 -47698 -77058 9387 17569 -21225 13878 96625 12263 13816 13977 -102337 -83266 -63071 53367 -17653 29368 -50212 10427 74129 62687 64283 -6588 40546 9279
35926 17395 -7626 4855 -79626 -34569 -21836 50667 89872 6317 -92808 20886 37657 92863 34755 75626 9269 26463 -16393 -83476 -4836 -37753 37221 -72637 65899 89779 -69425 -69140 -3611 -34222 -50312 86867 24691 -36624 37650 68149 -32982 58490 -41550 -6948 33917 17556 19290 2459 11818 39820 24839 -24866 -46402 -38734 -4532 -10285 72713 17126 -271 -32877 -9938 48563 74647 -34161 -60557 -64606 15137 32264 -80020 -89573 46598 62154 103230 -64592 -79615 -63428 86907 -4766 95506 9280 124969 -55903 38321 -39480 117313 -31897 -7466 -10092 24486 13301 -18546 12684 -71404 35372 73720 -14056 137576 -45130 -5690 -2919 69797 -2495 -96556 -6134 20733 43508 132088 11001 31610 15730 -56655 9850 -106897 113033 44918 -41080 -36741 57634 77292 -35534 -84500 -2831 13409 -31737 60067 -4238 24972 24774 41559 -9425 41460 17311 17417 -46954 -40678 2957 71257 -153718 -20756 -2982 32351 -77689 -23275 -36893 -101088 -6382 5015 70105 84864 -51602 22981 88587 -2971 28260 31184 31157 -54457 -41313 -12720 49550 -289 7574 -1118 -54013 -69598 107581 -102626 -36047 -32163 -41075 -68395 -54061 53833 18727 -65655 33189 35976 -156245 -13088 42611 49964 -14963 -62255 64055 101011 15779 -113261 -80812 -21831 78142 -47266 86967 -36227 11721 -3677 -81218 22177 6623 -5347 -56395 -137942 -74200 -67377 -16510 -82964 37500 51131 115576 13736 -27104 14656 -163 95451 42604 -48667 -31496 -43541 36619 -12422 79201 72991 -90525 30625 -13197 78000 4430 41403 27757 23958 58284 -2292 28951 6604 75549 8846 -89359 31217 26078 -43098 -63789 26358 -4400 62669 105997 -123711 -24594 -116690 91985 91325 -9464 -4385 57151 -25478 1159
47208 -133930 -19441 42053 14208 -14560 -13210 -10561 36247 3316 137708 1955 14423 -30451 -24466 75433 12987 10300 73079 -56497 -101512 50650 11000 -74499 -19331 -40205 15498 38777 16589 62859 32555 49321 -18846 -53882 -9142 -53189 79565 -67409 -1948 64913 -74836 -21895 29612 27870 56232 -32009 -68605 8350 124608 13680 31860 -59959 -104872 -17857 64 -37959 -33610 -46658 -6338 -26170 76138 -25521 -34377 -78169 -28042 25470 -46867 -14542 -12713 12708 -94415 42370 -8635 86705 116679 -15634 25862 29669 40897 42163 76787 -17451 35738 -1102 -40198 3522 42475 6246 -79040 60316 -24912 -30458 13418 1214 49231 37706 91582 58711 56908 -1946 -86729 -39417 15231 -68694 52035 98948 -21734 -63634 50061 -64816 53341 -15533 29731 64812 27300 29510 31237 -29483 5438 34157 48822 -21521 -47169 -28613 -23057 60963 34974 21605 -15579 -36680 -29704 -11748 18880 98238 -100289 -32825 -4390 -154162 38030 -88465 -18454 70042 77971 -33816 -7306 41846 -69853 58839 25587 -35454 -143471 -33257 93077 -25720 7368 -101045 85208 20028 70591 -132786 80194 15107 60970 -45886 -13808 27496 25245 1552 -116313 78529 -59280 39709 -66495 16512 89941 8756 -32097 14097 14073 55512 10159 6856 4582 506 -9586 -25538 28901 26314 18937 -28253 -58297 -3626 -67209 -59606 -10627 -31933 -5345 73050 22624 -35536 -73251 -135996 12658 -61528 -36834 -98621 -8684 -25994 25033 -46990 75568 -95043 -1500 -38998 22114 69883 -15929 64099 14741 -72881 -5609 81448 -61997 60800 62393 174368 28024 -17505 -45203 -14769 -65670 -38783 55524 -97607 50620 -19090 -71217 -27914 76372 -130791 -21076 -27438 55421 15276 28132 -112773 -71303 -42753 -34625 23706
-1081 50871 -43302 40027 1393 -31058 -73524 -68629 22012 -39460 6348 -83464 26427 39964 -41861 88285 94940 1209 -124394 -26929 42318 -18517 -25536 -45117 5299 56339 -29963 19345 23880 52041 -43005 -34241 -28226 -58069 84325 15776 -122822 -15868 91632 33420 16888 41195 6729 -20890 -67506 -55618 8689 60667 68694 27908 51237 -23090 -22793 -8415 45594 -31291 401 18249 -39185 7054 84219 -76997 -26253 567 73230 -80726 -1244 48581 -33131 -82522 67995 17083 83082 -47261 -33821 13155 7855 22909 -5446 -39853 -2443 -11029 14286 -9065 13802 44279 -32686 -105648 31818 58180 12652 -19662 -7901 45170 43377 -47865 13358 43677 -111025 71613 -24223 62294 1781 28344 85265 -6055 -1533 -19669 -24635 -36136 -35975 70230 -13429 -21389 -41388 59893 17273 -14599 102698 -39499 3567 -4200 -61401 -18693 13730 -7206 -40454 -110758 -26008 10818 -42451 69627 -20172 -17980 -64745 41830 74053 30396 -25205 22908 -13268 51901 13384 -51312 33051 12146 -41271 -38143 -78464 10261 27170 46181 -2337 -38108 -1965 -27679 -116854 48599 -46846 -43437 -24449 30967 -42242 20953 -653 949 -1437 -81475 5539 2458 -59488 25458 7045 -46768 -1543 -12614 54197 43764 -23613 30300 25247 115008 -30372 -12689 20592 -31045 29607 33795 56919 3099 -14218 43836 -1074 -11992 42626 108607 49359 22027 11977 -23951 -2932 98632 129223 81347 22822 -75601 22842 -122561 946 30508 25221 -557 1771 -23031 -62346 119786 -692 -57776 61464 -42750 -32299 -48003 -16564 96637 -23857 126443 -71399 -14014 -45346 -19902 86164 -102437 11194 -62358 86104 66471 1667 -39924 -30866 -31316 -71219 -59114 11344 53188 44027 -45353 -4617 34502 -10997 66773
-40928 17040 108322 -12291 -66782 71485 -21158 47214 41082 55565 -25455 -110140 -132359 -26077 -6885 -9406 28415 -6732 -112570 -21820 -20156 8024 -14468 66630 25926 -80528 -66299 27127 -60498 -14342 -21277 -74474 12832 37971 -5273 43592 -18836 -57767 109720 -41935 21668 -5775 20760 -51117 32763 111415 40725 -36243 20045 17256 -18064 28482 -68457 60140 -35666 -5747 87248 -8880 -22987 -47875 -17772 4796 -102220 24492 -16569 22608 5603 28167 -1732 -36714 -57505 -68740 -3231 -26801 -54928 -5215 12299 9217 78960 -43556 24402 26564 -31875 -56128 4054 -22029 42646 -2302 46231 -10065 136629 -73683 -17810 3379 13935 -59527 60931 38270 -8950 68551 -18899 39162 34005 36450 91854 16530 15186 -38137 39864 -40538 4286 16395 -14773 -88799 -42751 15938 -13279 19175 -10590 -22332 -40605 -65687 -30579 -67196 -6908 44098 -32122 69207 -18154 -26621 40785 -4457 9769 -42600 17334 -2970 30922 71264 -25862 36053 -24728 -80100 -85072 8733 -151289 57213 -9063 76709 -16645 -56747 -4211 -108940 26788 14516 63006 63590 -6631 -17095 -5859 80021 -36653 67623 14441 23912 28680 -40289 -20533 -40625 44121 -44508 -112741 22549 26829 48133 42601 -21219 -11002 -93480 67628 9198 61508 63117 17118 62769 -57419 15334 -59131 -73123 29269 79690 122821 -27234 -42145 -105411 -67872 -62940 -18077 13345 31636 -57417 -56877 94866 48808 106620 -24322 9602 39817 27421 35589 -96327 44317 47136 66988 -34474 45066 -31011 -37731 3684 51350 63500 -9366 3177 24173 -54284 13282 -30873 -7871 26588 73858 41497 105107 10121 40371 37555 -70483 36512 -20747 -31477 -21214 -33484 -1416 -82523 51322 42538 13450 -51257 -70750 72410 -111968 64
6373 18403 -13535 52198 -36747 -101549 12172 12954 61597 -80533 -22752 -1900 27968 -38075 1552 -50993 28830 2763 28213 -58911 -35061 -5612 8490 -82530 -17912 43520 -12960 -46119 23965 4528 53099 -60980 48313 92670 -18621 -52053 108205 90648 65779 62137 38667 15551 -58701 -69004 -60365 51221 -71310 -9384 -23199 -64905 -16899 53412 -45310 3557 -135805 16589 45739 69607 -20924 -77716 -132071 85872 -88189 32597 11536 36336 -51945 21862 -59995 -27614 20256 20026 46311 -9289 10177 -34690 15338 -8140 46568 21640 -57397 11442 104598 -73937 67174 95039 55743 -34309 -22086 91762 -38024 -94688 -23012 12551 -53018 -35272 79812 -1850 -54732 -32527 76449 -36030 20175 -13303 17730 -54991 -12043 -86704 98857 160299 -49746 -42301 -43495 -89227 -107499 82096 23896 -28349 -36718 -90281 29858 -40750 -53630 -14346 27648 -28171 102862 -7952 -73478 -21771 -5923 -65973 -589 35994 5474 85989 -69694 68083 418 -43158 19220 -95755 -9554 60154 -34241 3655 -8095 77968 -6779 86201 -68624 -84718 35044 22239 26176 103326 -54974 -21949 12738 -41964 6804 92847 -1021 23639 -17928 -12989 -23821 -7484 44345 -84899 62494 24761 -14342 -94518 -49241 -35176 81375 71453 -112745 74624 -57959 16946 17142 9838 -32334 64745 -50605 11684 -24037 -78255 -8607 44333 78982 -13403 -58093 74445 -11990 -8502 -45854 -86988 -100363 -16749 24010 -39108 30416 -84764 -101642 -80219 38234 1089 76856 -71181 9305 -6477 10932 66878 33822 1348 15769 55954 -16485 -40717 -104534 46331 -1895 -21990 -10248 45740 -28815 -7108 1928 30065 -35505 -75133 64408 -7817 -5493 49176 -21761 -97068 20999 -34019 49444 -25106 21655 -5405 54408 -54973 -91686 -45447
22476 -5144 70450 48382 21320 -31777 -27809 13129 -6813 -67617 -15990 -38103 -44283 2195 16023 -26284 4470 91085 -56990 3560 -27041 23630 -134388 83205 3301 -22260 -22270 6965 -91287 13052 -36567 50065 76140 108229 9156 -70452 -493 -50985 -20563 53219 33567 -91794 -81483 -35948 -15726 29592 -93477 34704 5230 -21 2734 -80882 745 -11887 44963 -16932 22425 62124 -59605 -95184 -35771 26570 49171 -47886 -76509 15073 -17487 24125 72029 12165 -44731 -49837 -61565 42648 -60754 55753 -35579 76900 126362 -54049 74575 -108942 3951 43501 -53928 78204 -25088 -76190 -1285 109908 10045 56061 48014 -54241 62127 48366 -58599 57485 169818 -14960 30171 18945 -76694 -6857 -4128 571 -4138 118434 -8048 75408 35646 5827 -24255 -17289 -9015 8522 129699 45321 2483 35167 39767 50297 49424 72660 14056 -25829 -57207 14543 -31725 70134 -69798 -21609 30825 -25161 -64935 39832 39774 -45379 38768 -61849 6488 22672 9602 -20061 -104 34471 -8388 23197 -15454 24000 16761 -13546 73721 -69352 19792 81047 72483 8247 73561 49493 -67075 54714 -100161 25534 81804 -70917 -4198 97507 23540 -28863 29447 72391 -11474 -41697 71859 68813 -957 -65529 37835 -37884 -28967 -97579 83805 46264 41804 -29543 -68064 -36063 -102790 142989 5174 -6754 16206 -26665 36163 -119631 31675 -19047 62876 27547 26834 -35069 -98538 -38485 -50423 82140 -1860 -41990 -40655 17913 -97992 8697 -57529 -45221 114412 -9572 8835 -42729 -41280 28613 -66696 -24701 78099 -52866 41792 11023 82340 105799 3364 81429 29826 38166 -34123 46590 -14511 -98439 64787 -4974 -24030 56825 -46623 82643 7397 2335 62571 71943 -85975 42530 -3494 15788
-24740 -25688 12064 40680 -88523 -27281 48703 -17439 46593 4515 -17573 -46854 -19649 -56592 40746 34912 -101790 -24826 12915 2887 56820 -38716 87859 38399 -22674 78381 9232 8030 -2832 -9660 75193 -22597 -42607 11415 1620 45099 39843 38582 8715 64694 -15377 72989 -18433 14509 34134 34356 -103340 -15873 62125 151238 -20953 -65441 -79066 31748 33871 115012 -52695 59144 51149 51349 102786 24398 -1107 -5207 11892 42551 7120 -105420 -41379 94299 -22789 10910 13775 -71217 36813 16572 20638 50489 -15821 67026 14020 108938 -62980 116483 57118 64536 51806 -41510 -35580 20219 43883 47426 45274 55891 30624 35194 2031 -66036 13612 -66049 58506 -7603 42249 -47867 -84436 -34784 6243 -45480 -39884 -78172 43317 -60043 -282 -35831 -53997 -18115 -46322 22204 -47342 98526 5502 -48033 -1268 -87339 -80581 58705 24481 -24722 42306 -57152 -3366 35801 87822 36825 -59819 -36293 -33503 98668 -117705 -65890 -2693 -60051 5569 53324 -5613 72127 11862 19584 -2581 -125739 -88223 -13682 86923 77887 -1875 20760 -14912 -10258 -28751 -75033 18435 -77241 26079 -38346 13907 94980 22460 -28670 7229 17402 43208 -92542 20524 25710 -73512 -30322 54517 7956 12996 37007 -11304 -56587 77854 -15863 -28332 -51640 31853 -92992 -16309 -977 -47292 -19842 4881 34172 41499 108206 -54343 48143 38243 91334 21867 67144 -49841 -57372 -37866 69367 173 -34422 -35482 -4487 -106909 -45016 -21321 -1877 39147 -16061 29715 -8528 -54681 -109374 70071 39035 80981 86622 55403 2398 -94514 27956 -54393 14426 -113269 102215 -8170 46089 8112 -53813 11317 -11342 -46285 -27856 52906 61862 30037 -117289 -42753 -39829 42269 37012 -33425 45966
-7071 -8624 -27188 -6065 93360 -42286 14643 90145 68703 -2872 36057 -20151 551 28562 62190 17280 -7712 38752 -68551 17595 -109599 -6830 42470 -107546 -32104 4006 48404 46360 -4247 -94602 35930 57173 -48050 47834 -3671 45170 -13483 -48141 -78295 -50230 -11240 -7875 -69675 -62219 57676 8161 -69722 35426 -7113 -66253 17308 -62155 -21309 -43207 -58632 28732 -52419 44077 -23315 -76999 -73715 29102 11620 3012 -45634 -74638 -8781 -54559 64383 39058 4586 10853 32385 -59235 57954 -33824 -30719 -99851 46305 27295 -17819 -50250 -1333 -34573 12853 87483 -30871 -26733 6507 6118 24743 46948 25585 -94424 -13236 59303 73322 -970 62558 -76427 29773 9531 23097 87548 -74962 -14094 49820 3668 -14569 -51978 14880 -14449 70952 -13687 -2905 -128991 -51342 -75035 -30319 17942 38902 -27057 -8837 -14923 13486 40502 6104 33242 20526 -20842 -12905 -115124 -508 45498 -55756 -18210 37731 -74591 22028 -50511 13478 23961 88901 -3732 85238 -11045 -22008 -63768 -33765 133286 -33979 11889 -33134 58504 52451 15963 67833 63113 -46098 -64610 30947 47788 45971 122460 -46740 -24857 42137 56197 -33020 35569 55467 68088 -4899 -62778 -90151 24323 2640 -41140 -64708 31276 57229 -21543 2686 8387 -28485 87321 -714 -11662 -97363 -78429 -40123 -37299 62936 153781 14363 56816 -126146 44249 -6362 -50885 7193 42643 -51522 -102819 -18329 2034 -76179 78465 42482 61853 21100 9852 -37566 -53190 6544 -8230 78574 31830 10190 19793 35033 21687 1713 80283 60564 6570 -16125 -8706 -38283 44973 -129837 33396 17427 16353 -10713 -54093 -18923 -29220 48713 -57685 -17852 136183 27416 769 -15031 -14091 79271 -26573 -51295 35531
-39923 33421 -32758 -10194 83722 -8134 -68021 45025 60978 -81418 -63672 127302 3563 -45240 21523 22478 -47948 -11051 58652 47513 38168 10986 -20448 57861 4190 -17182 -19056 -129699 62509 -44163 70445 97556 130975 -19381 42708 -9888 15604 -6068 -6590 99754 66159 85320 38315 31172 73656 22566 30266 -11455 -62694 7137 -38559 3432 1854 -28966 -30690 37827 -110884 2124 -1757 118264 10259 128567 11643 77326 -34717 17620 -61132 -114838 -43548 -1301 44494 9355 -85610 -26238 -56866 22 49415 -91916 21255 48519 13515 65809 102541 10059 -31683 21273 -51112 8836 -24484 -4751 -55516 -40890 15822 108571 -17504 -23680 4057 9069 -60812 52437 -102210 74329 -7540 -99173 -49371 -11400 95315 -39457 -43884 -18556 -60152 62561 39305 88115 -31714 32614 -15425 -68733 9718 34594 -20971 -642 82325 38975 28541 46664 10670 -57891 -23599 -55571 -3233 34444 -6652 -31023 -82944 30841 95138 49901 14084 -126071 78334 -5776 43772 62635 -24012 19830 -47750 29666 -45597 -19745 -21894 15366 -94401 -11200 -4240 -10836 21288 30622 -98026 16408 24802 -37384 -47932 31813 -22679 -17312 -53741 46068 3483 54003 65915 31864 -16729 83164 -10286 -69212 102221 4245 -50478 -78315 14519 -32746 -19746 -27225 96024 3092 18252 -89173 -19443 -9164 -4245 -8408 -32317 -32474 85394 -1886 -48002 -55927 -2885 63266 -16734 -81360 60909 -46003 57719 -1605 -50466 29715 45553 40193 -41106 6283 109763 -6895 27999 -51107 68603 -104553 -3838 42765 -36016 -21129 15524 101291 18900 17319 85579 -77714 -73441 -972 -74292 -83877 -2525 -72209 66497 69181 65573 64791 38723 -93634 -24311 -40633 -54343 25748 33158 28256 14045 43448 18673 -19368
40024 -29898 -27108 43806 17125 15170 32439 -40413 12465 25544 41005 -30799 53364 38502 12898 -31684 27428 85732 31774 58598 5850 -42262 69 -3648 -32809 85727 34761 18978 22254 -18120 -75916 67430 -62736 2192 -11031 33874 -86291 6401 -36316 1240 5361 -65823 -2944 -38073 -23853 -51594 25429 -2268 -3432 -21585 -35633 39769 14975 28069 -8143 17657 58399 -35888 15123 20784 -33758 -52754 -9460 -14908 -54388 -22829 27592 17381 40176 4169 -30051 -115910 -1480 37190 8114 58565 -49865 -50413 -42756 -42267 -55853 -49791 -10030 -53113 -22669 -8475 76911 10463 -26576 22002 2259 17012 20313 -15054 -43485 -48964 -21433 13524 -43222 -37637 110971 -49434 24568 -11916 58155 -55955 80081 -108158 -69832 -70279 29033 -19597 59087 8906 53445 -69796 32419 -33288 3166 15295 -2602 1154 -23824 72413 -413 -39208 -28783 -19508 -28070 -65254 8310 47819 -4809 -47142 29053 53626 37318 -5401 66306 -1676 -13421 67233 -62801 -28358 -86660 10514 72254 12900 37344 56917 -78730 -46113 -6929 11368 5941 -68742 4962 -69815 -45707 -19146 -3986 -1987 -15958 75212 -60711 -52341 -344 -13713 2182 -39834 37652 -24870 -27804 -63774 6337 -13696 -14927 20609 63479 27581 -19664 6556 70385 -87934 19839 -25331 45083 10199 -80115 -21153 -53039 77408 41674 -35197 -4941 -7419 -56112 -5666 -10895 -8312 35015 -2265 -4619 20980 -63724 45271 -30863 -64100 77628 -3082 -64398 43074 83927 -31820 -131522 -42224 -79373 58284 -11209 -86572 8056 38457 -80208 -67733 60109 33750 13554 70515 65299 6415 1209 11155 -4414 -25984 -10926 5457 -70378 119934 -60950 -7250 8167 -46200 2212 37541 -11310 -44680 -51861 -6034 21816 19462
-10018 135731 34235 41247 24246 -15753 -44747 20670 -16028 -25739 21043 27380 13356 4998 -77484 24630 -87941 -19741 20330 25442 68349 23813 20198 5248 71455 57439 -73500 17077 47866 -27031 -79455 59225 12823 -64697 61151 -35034 135421 -19105 -17081 -97104 -39573 9612 -108130 -43634 -19710 19725 -2847 46126 10168 -76316 -137538 -14024 8521 -42334 -32580 7563 -8248 23659 46868 53054 63962 51757 -21128 -4416 76970 -25887 27646 -3016 -15053 -27006 -58891 20243 15776 -14158 -8303 -74088 -11052 -31383 -19856 34346 -48500 -53764 58287 -24690 40564 -6787 46944 43811 9060 -47343 -26612 35074 -27377 58399 36797 57852 30149 7799 -93273 58386 13230 132738 -54987 72911 16291 -59089 57386 31768 23543 -39121 12718 -26281 -2897 -87916 43467 55598 -1561 -78650 93051 -82112 -11498 -107133 -18241 37208 16802 20479 -45019 -47373 47442 9408 -5873 -119946 -80927 -60928 91517 -33973 -82513 -11461 25744 11523 29990 -59211 -51156 -77432 -95067 -15917 -1784 -11396 -5790 1977 -21747 57466 -97965 17807 66381 68465 45939 -19545 -19463 -7817 4577 35448 -71877 16 -40450 -25458 -76320 -76243 71394 1763 88618 -23863 -106223 51941 22854 -16225 -51335 24592 48706 31779 -18283 -57082 12393 -56231 47877 110720 45882 -19319 -28032 24532 -17620 8181 -13461 13857 64951 -5596 -109281 92003 52898 -2586 -82415 80298 -57581 -15369 -43434 -38121 51233 36189 22974 -20049 -19583 -32790 -3132 -19178 -33005 -47163 35064 154774 -30444 -29926 -39582 -31525 64409 -21578 29652 -19151 41428 23608 54476 -11575 -112048 -26897 100849 49844 -28130 51928 -31637 81509 -39949 96417 73043 -23585 8155 26816 -5225 -11371 -78019 13810 -24074 -26321
-6666 37864 -52371 -80316 -32048 -9656 -54323 -1716 22544 35113 13483 38078 -23227 24845 -17858 -61909 -92376 -3570 26603 31109 -112470 917 52400 -88651 -72053 1653 -91879 -18657 116270 -47068 73545 -7542 44649 33649 47862 85437 62550 -51710 -56746 -49747 -33241 -14009 -102893 -64786 42662 -4499 -70444 -21165 59034 -11957 -39914 -52982 -1929 76376 -50617 -77141 121347 25678 -26021 -28255 -129065 -61962 -7545 -1961 9510 77140 116652 73519 -35511 -41393 14739 -25211 -59578 -14016 91169 -1594 22536 -96429 64521 -101671 -95282 118578 54345 -69773 24837 41739 1495 686 -43286 86005 61227 -51684 -78192 100027 -111870 -27573 35359 39371 -252 12625 36962 -3503 88466 3041 50727 -147642 -24818 65962 -63034 57297 35025 16243 -119994 8187 -1538 -12922 17196 761 5602 -17649 81648 -48926 -64442 -13460 -29212 -7043 -84249 109520 -35826 -16564 -74749 -81316 -48373 -69458 68395 35079 -26071 82890 -11261 1187 -31511 63380 5260 14327 -12624 -42579 -127905 30790 -43673 -10677 -45610 -16659 52980 24010 -54842 63707 25752 13258 89843 -41923 -21578 -12329 -59711 41153 31314 74398 -12828 1338 -32170 -9333 68943 35161 -16503 -8967 15724 37146 76493 -81341 -115 77301 -127221 40330 -56718 -16177 82219 -40172 -27259 -67482 60752 -108880 -47507 1426 140507 -86311 32495 14503 -59841 27101 28127 67072 -51218 -36653 -91836 -21573 79001 -29543 36361 -136716 -46513 -17393 28516 -25018 7465 58756 -108108 5825 -7953 37406 35627 -75902 44722 80550 516 -59275 -16454 -26538 7437 179700 4842 -1328 28555 -115307 -16929 33227 -130952 99571 -67848 113585 -22644 -49427 -21954 8691 35276 -16870 43789 -19731 -31472 -48249 -70814 25972
-14675 -100575 -1885 -15357 36746 -96794 -62609 -85598 16166 -60982 151192 -42579 42323 100713 22133 8185 45650 12456 -13698 107537 -69847 -11598 -12984 5513 63143 -55749 60342 5234 58188 -41607 18797 -94836 -29804 15472 3043 -28984 66633 -10247 -68587 10093 48586 75888 6493 38430 -22769 -77597 -54636 -54253 -56126 -36272 -12278 21769 -53447 -3293 60600 42549 113813 -69581 -49774 -15012 59607 -50762 28992 34957 -115798 12305 -13707 -75403 -14227 16266 -78761 5123 -18933 2246 2238 -73834 40087 -99709 -31959 6023 38586 3073 -91075 38194 68243 -83837 22630 16019 -34805 -95110 -7021 -24354 28063 -7372 -27469 -15610 30809 -27395 -92794 -13568 -9187 -105525 19249 45237 8022 64093 -53322 63941 -2183 -22973 -59258 -11127 -134759 -9480 16660 12732 40800 32308 -70186 -55149 -26256 19532 -27632 -65676 -117142 -33418 50731 63105 -5600 72538 -18042 22680 -59428 -50145 -61819 -70670 69946 -54266 -20707 -4944 42409 9756 58698 -57739 99988 -7207 12446 -115975 40212 41452 -8055 -7925 -28988 -25915 -15291 27581 -6126 -73554 -8963 -35507 116943 71156 88815 -50330 128359 -25143 -47278 -7253 75010 -3308 -46049 96846 45021 34019 -4628 19765 -32521 -24667 1321 25833 -44646 -104885 14443 13714 -7230 25200 41508 77506 -24345 -6995 -53057 78147 59471 -38540 16501 -64847 -34753 30134 71171 -90047 127991 -26188 -20019 2370 -109015 -4188 2889 7130 -90971 -36349 19501 4874 62424 102334 20789 50916 -16256 -10964 24905 -1090 -16050 -28835 38812 32050 23963 -6423 -36762 45835 -43847 -40007 -97101 -8408 20462 88958 -27099 62725 32209 9900 -45147 -97923 31899 -2393 -7231 38241 -11793 21226 -12480 -7418 -22252 -88630
44071 -9966 -14854 -5985 -42699 26351 69840 -66782 55292 -33963 -5497 -3404 -31124 -51419 -20994 -44740 1005 -104669 -84426 24143 65846 -42228 -61539 13287 -50880 -24831 -106793 92705 15757 -51794 77995 -45847 47102 2383 45769 28822 3937 100031 -50297 68426 -53047 -1996 16817 30067 46907 34329 9561 84132 -7687 22093 -60727 12703 57573 82515 133184 44268 71796 -10740 -19806 72025 -28873 75468 19300 -21210 -29542 35748 -28489 39859 -35975 68475 28029 7752 53283 12441 12094 -3444 -9400 16949 18223 -52537 -1633 92868 20327 18620 86108 70860 51005 35799 6335 -82917 -48863 -2121 22296 32167 -23413 -59218 43283 -15386 -51164 -48185 -60921 12353 -110145 -15393 59442 -36129 -81313 -63326 65188 27953 -20161 66726 23275 4295 -29058 -47635 -10104 30171 64115 -48888 -70730 -27180 -42601 42077 -53993 73382 27974 3949 44802 40786 -88917 -11562 -79024 -24748 -45396 -54810 -41858 -2635 -60756 1760 10866 -20216 60574 -8812 -49683 32792 -85481 13617 -38116 19040 -96471 35878 -63969 -15588 55398 23562 -9166 18495 1612 -67563 29376 -55099 34135 -99453 95704 -61145 2434 49197 -72748 13346 -25151 97396 48036 27010 -5646 -43900 6241 -33860 16286 -11414 21984 -57507 -44221 -37515 -9355 48670 53701 -12491 -88562 26444 1822 23477 -81076 -61610 -43737 -27379 34134 -58089 7271 -49849 -48564 -32300 12 102423 -22823 10938 20006 43721 -38155 -78054 -16773 65126 -5976 37510 -10673 -35927 32790 -4552 23418 10598 -104843 -18963 53837 93800 -8117 -2998 21960 13080 -31602 84857 -69473 -39824 99228 6059 -18345 -54318 -27792 33906 16672 -4263 7067 -71771 41408 -23464 -58171 25838 11572 45956 -6625 -43423
-21500 3964 -34643 29205 -11551 -39765 -121245 67383 -18117 2177 45630 -89641 20440 -76215 2857 -34589 44240 -20212 -27191 46514 -28465 68337 -18864 38820 4 54157 50595 -10075 21642 -42485 -56374 7184 13104 -11077 -7840 23878 64732 59054 105288 24986 42682 -98197 31802 4839 -7694 -43832 -7615 -50074 -36560 30031 -87996 41909 33190 32315 -34061 -39199 -100 -83370 14689 -12112 -93156 -16019 -63739 -110781 43307 50953 33034 52785 71290 71929 -9533 -37903 -56381 52501 14782 39532 -70783 29703 36308 -69239 -74780 -49463 90157 -7895 -1716 51467 -70717 47714 -32237 -9288 -29428 4587 26290 -13822 -79856 -65293 -72946 1968 33493 -49451 21363 73644 -15636 -4457 -3808 39403 -30529 35906 -85954 76136 10619 -13626 -31591 -2150 -59335 -43231 -4199 -41232 -55930 -22029 49943 276 46195 26605 85577 4286 47973 7291 -9602 777 -5045 30033 -34511 -24671 65253 -8562 -94211 51671 24762 -17012 8765 -105979 -13873 -16224 -12539 -89286 49833 32289 -68211 7286 84572 -59634 -15214 -14994 -33551 -61038 51322 59465 -4206 146251 -87001 59434 20455 58934 -21045 -35546 11711 -23860 54595 -75465 116783 84032 41608 -2530 -2438 148014 -73139 -8298 53950 -17032 -58169 -26891 -2067 -22516 -47901 -38565 -12809 -15832 12719 -65759 45941 -47559 42772 -59553 -67364 4569 -17604 34173 -9567 47954 8508 3115 -30642 -88065 242 13518 -16479 -53328 -72790 -38776 -140508 19972 85504 -99119 -21851 55075 30102 51886 17301 4714 -42967 13674 36565 12057 9770 4792 -47273 -41462 47765 -15637 25022 18398 -38149 -15154 -59629 -25996 57078 -2785 12150 93607 17027 10861 -65340 -18463 -11059 -31190 67335 36471 58632 9441
8130 -86692 -120137 16735 -46627 -103571 -65886 -66163 -14152 33266 26754 2266 103003 -20373 29931 -39516 -13270 54014 22010 19028 11584 51121 -17901 -17852 -14132 58691 -9038 -32235 129167 5447 -70271 -68793 -98581 -6932 66112 -15860 -116238 -51503 -84274 40986 -1640 -4124 -13720 -10608 26103 -3027 -11420 43091 34595 -80328 18891 4601 -22285 -18393 74104 17464 -43739 -72019 -5213 -37419 25822 53974 6256 41671 79447 -89713 -255 -10925 -96030 18049 32436 -26659 -60011 122128 8838 51896 -40948 100874 -29742 -26588 -64648 -29791 -73755 -3360 -35252 -54674 -15404 -29057 -60997 55576 -133837 -83679 16179 16906 25302 -77683 57284 32438 -36494 38026 -3876 13017 6793 16618 58449 24731 -66263 112582 -67270 -17499 28722 6378 -5541 60207 12802 -58328 -45630 -75256 -17173 -46980 33470 -27331 6145 27432 56368 -58761 49757 36872 24620 48717 54738 -57804 -20261 -21206 22819 -76033 -9657 -38377 116667 -52162 131 15130 -40176 -20184 -31022 -33187 77519 -46730 25905 -4353 66456 -62421 18723 65157 -15619 -48258 91438 -40651 -15440 -38401 9625 1279 53607 -6789 16808 -8921 -105560 28832 65039 30506 15835 3525 28400 -74550 41143 -45893 -50354 17715 53082 18344 109115 49494 15488 38657 -2243 48383 -66775 48295 77583 -6041 -13742 675 54204 -45464 55833 -3197 76009 43036 -115097 22103 -27651 -17648 -23903 13077 2316 36173 117332 -65462 -65012 -52692 61657 27757 -14894 -28083 -26832 48173 -8013 22725 -21151 -74640 -12619 -72379 79069 -24608 -4103 -83 -29532 -51888 23605 -23780 -78240 -37739 4472 -13996 16191 -49832 -60070 -19374 -22389 -28767 2451 -41206 -61808 -24367 27703 3814 2611 -134195 -1527 73798
56231 34061 -84626 23579 -59886 -27559 -120312 -8175 -18577 -39809 68101 52074 7071 30788 -5598 -35359 -61925 -84612 75197 29551 -37247 9370 5099 18885 22229 -68277 25096 26882 49068 73887 -12771 21077 -100231 39566 60290 37790 79108 -174613 -22304 592 13979 -43206 -47787 64782 142233 4338 -55556 -15002 -52672 -13367 68102 -32884 -9681 45064 15964 7567 -45779 30443 -21359 -26305 -21611 12109 -46588 -33664 -12689 171325 -19612 -61651 8708 10068 19076 70356 -84163 77657 -95684 2350 41671 -83365 34426 -16201 35 7600 91310 27950 37277 25536 75518 -29861 -131011 38655 42996 -79501 96556 -87940 -37784 17017 59270 18583 -32641 -40194 -24501 16422 -41417 -39871 -42297 11769 -27633 148904 4343 -29840 78504 -45852 28991 -20529 15074 -6435 19081 21908 -26790 41719 19024 -17707 -15575 -15764 -66942 -55549 -11069 16713 9474 -25031 -46457 -97098 -43775 -18075 -60578 -65202 -27863 -48358 31753 -13146 26697 37786 -15541 -5306 13090 53442 -85290 -32531 -89026 81860 -72400 1025 55099 -100723 -8818 4761 1949 -110138 39852 -93355 -9936 46479 67219 -106304 99170 40843 65068 -58346 8766 -3983 52075 38 -11686 -55507 31436 80658 -8910 48477 66742 161039 -26954 15761 5418 -18663 1714 -82697 -50683 -48792 -6132 25799 32188 44421 3913 3019 42088 -20385 -28259 14774 -982 -29232 -7953 -51059 -8851 35266 29122 -18011 -54620 -64835 12001 54581 -24920 19541 -33465 27352 8918 40181 65725 136 -24954 52587 -29257 24288 70170 63675 15861 33789 36248 85051 -74186 75624 -2704 -66711 89663 5939 -32147 55112 -31664 27320 52525 -100201 63804 -71310 -51612 38384 -45742 35092 -59745 -26938 35230 26618
24816 -92333 87232 -33625 34748 8542 -52331 63869 -4502 -17244 33894 61380 52245 -7847 513 -37318 33607 -23100 15602 34106 2522 -5001 -96666 99522 -74966 -23842 -82349 4564 -7698 -68387 -23200 52484 19274 -77098 39314 14273 92417 11840 -37618 375 16951 -81029 -1340 21692 17684 32319 18697 42696 80375 9932 -12842 5818 -60812 -23255 -19478 -73733 -27649 9758 -29424 63336 -81066 -80427 65794 2154 -56716 47082 -44475 11256 -130549 25681 -1207 32377 41502 29370 66965 9630 -55957 40318 -20030 -87173 -39523 -38451 -24707 33761 -9394 5092 -67193 38561 28707 -34127 53593 95925 -114942 -16762 -49615 -79417 43038 -27096 59156 31386 -68185 21456 -39779 -33059 -37768 -360 -32301 10863 119451 -2276 -61183 11737 -24508 6256 88856 10674 63892 -69064 74241 31212 -4888 30442 -22595 -64433 13205 21579 17162 53971 52181 -51958 16405 -80680 39531 27224 -14128 51270 22785 8059 -43318 -43277 34580 15146 40375 -45238 -12235 11173 36877 18540 51158 59098 -2981 -19252 20943 77447 73720 -113737 -55465 10529 859 -36273 61755 -59937 58355 19998 887 -57928 -18706 40175 18804 91614 -27070 5246 -20511 -50215 40759 -33864 -26686 -41957 28695 -48726 -15608 -21165 -63616 -115226 52916 8528 7643 23756 20206 -45280 -498 -9327 -1260 11334 -86786 -36445 16386 -53029 76082 -5264 -88890 56755 -80000 -3394 -51878 -72337 -32608 27908 18121 -80816 -9345 -95754 -101543 134344 -7439 -51307 -10921 -129612 -15193 -26286 -113732 35175 -57662 -72871 -31417 46364 78203 -42412 -12781 -76525 -34328 6107 73202 37956 22006 24272 41539 28883 7018 29911 -34484 42128 57148 8773 47679 35988 -108566 -5425 -45164 -154954
24617 13129 7164 72694 -113020 110940 -30283 103708 -23986 -50283 33711 38600 11405 -72271 10482 -91948 -103549 11680 20606 82677 24082 -16394 -23522 10956 -42543 -21530 45231 -42564 -13884 71777 48726 -2124 -17153 -40168 -63155 87231 55918 -64560 26903 22026 56627 -17110 66337 7979 46683 4943 33057 9643 27540 1958 51857 29616 -105971 -10535 -72196 75031 34674 42925 -80544 34392 35111 -46555 28427 -31171 -55084 39300 65478 -99799 -52891 -34539 -36890 9154 -49596 161657 -32754 -56497 16555 -88719 -82632 8536 -2818 30212 -81723 71002 -35274 1368 66667 22284 -38977 -61578 -4375 -30553 34714 64879 24456 92284 47770 -4123 -48767 35046 -12452 -25439 60297 -33849 -35121 -5742 -23535 -21378 95905 -7787 -51333 -19802 -65671 14367 5946 8551 -30365 -14397 -93823 16991 48759 -106544 -62454 -64452 -112177 -30506 -28232 82774 -10907 42098 -66835 25549 76867 12338 21279 -34390 105493 84336 -23948 -146457 28026 119471 26638 -48803 31505 101076 53453 -52395 57676 81 -42567 -45741 29353 8355 -120096 -47088 -66257 -6260 -20112 -20287 119293 -49132 -44434 -102479 28593 -63855 -33758 -32197 36043 -15532 -36383 -56689 -32523 4031 -115738 95560 33494 54683 -33404 -87336 1270 2803 -21064 44176 6416 47189 -24956 66135 36365 71802 -52943 -1719 70570 40534 -10854 -186554 -44774 35762 53117 -6643 -36926 28401 -33135 12865 -80394 49840 16060 -24598 21113 -8837 -26417 49102 -36505 26966 64018 -16274 -43985 73833 -46481 -35850 -1013 266 2112 37164 72279 39355 106092 -23516 -34439 98919 25024 -37453 17649 96242 36579 -10875 -34038 -110657 39033 -805 -33257 37532 -48194 -85542 16185 -7777 18894 15858 29585 35918
-44099 -33849 -35135 12983 96910 -5173 -68996 -22007 -11105 -43528 4044 -1267 -27251 56868 6678 49865 -41412 18 -48996 -70349 38810 13381 49553 -57528 69250 9809 20196 -54034 -5581 -30772 -116802 -6514 -36005 -4157 12948 -95610 -15683 -97542 -18091 9447 -20737 25618 -104623 41956 -47486 -163 -56922 -38935 -19570 -33875 -57892 76172 7334 26688 88240 30386 98378 67009 -20846 68183 116186 40412 -34308 -8479 41183 -24644 56717 12308 -23258 55666 -72022 7626 9374 10346 -75779 -32511 24629 28209 -26742 -94532 28271 23090 -46126 5501 45061 287 18830 -15324 81789 -109263 -28559 151341 28165 -94286 84925 48512 1687 55562 -57373 -39865 43920 -35688 -99597 -29559 -40682 49227 -38857 67639 -25019 -76292 -56792 -13509 4558 -83397 52580 -99169 18905 3734 -162567 -38341 -36106 -88362 4533 -1013 7956 -112929 29596 -34730 -49320 -26304 -59177 17637 44127 2215 79799 -27893 -63936 -44099 27040 14727 -65236 -12505 -52104 -333 107555 -26456 -1013 -55850 -62476 -99467 40451 -32791 -90748 -74255 30151 65129 -82140 57661 -30782 11143 -18413 17178 81334 -43470 30396 -23979 52577 -19672 67827 -71713 43112 59701 -16919 69939 87937 -21684 17049 -21001 -27001 -6759 91750 -4571 33878 -98340 13691 -14264 -28603 -4180 -4895 -769 -24494 -71589 25710 71003 -52706 -20452 -18754 23054 -11792 36987 -15916 135857 -70589 53856 -17437 -28362 -61813 14293 -7511 59694 -48479 11656 46826 20043 -22847 18228 -51222 53891 52759 -962 19392 13532 101349 -37865 -76569 67584 -19190 7052 -32208 54849 -40804 -27949 23469 124556 9300 26207 83582 -19712 -73352 -11925 -886 -27263 8762 52422 45232 80651 -18292 34470 -75205 38103
12925 9528 49588 41187 -4450 -77280 60814 39192 -120546 -11329 -14324 -53038 76516 60443 90323 -29119 -7369 -53621 -40846 82255 -29970 -104810 -26411 70156 -49879 42748 -5304 18519 -99848 -57453 80201 -109550 -87682 3422 -32496 -45020 55225 18619 -8499 -18370 -91451 -35082 76399 -43048 19898 -1122 3996 77269 -74105 -18538 -22398 -99363 -45443 -38669 58196 66252 -27208 -53979 25648 74221 -20326 65286 94427 54445 -20529 -16208 30533 -63869 71433 58361 -3152 3924 -2604 -13654 63606 -3994 -97403 -10295 -42204 -28514 17671 36490 28494 -9896 -39280 -120542 52530 1157 -22788 -41345 -64966 10909 53910 -8357 16287 -49888 49222 3352 40417 -6316 73530 -42930 -6636 60487 -40121 1199 1510 52757 15161 37985 59112 54953 -7954 70120 41002 -48249 -7359 -7429 4939 31019 30030 -55621 -25775 -83531 40401 31141 -1490 -42097 55168 28038 51676 -30500 -15059 68053 82368 11401 25505 101964 -3351 5842 -1116 52508 -22922 -57470 22292 -20891 29030 -27947 574 79197 6261 -56671 38521 -24528 -20386 -87019 -33913 -15999 -65373 -17041 99805 2917 -36852 36920 40843 -48645 11042 42537 -50939 -10130 61997 -96366 -46007 -54067 4181 -56526 -16694 40819 -30276 -49353 20092 23183 27646 51373 97181 -74581 60155 41093 -37005 39350 -134060 59289 -31399 69932 -9582 43587 -24683 -33384 64416 -4661 36835 -29881 -160136 -9230 86505 -13748 102320 -86719 -42229 -11384 14582 -19316 -37056 3426 9568 -36290 -8789 34704 43220 -15734 115198 -91411 -21756 -63920 11547 -49412 56261 11154 16675 -1317 -35381 104896 -22073 -27281 -89743 -53907 -45709 -20547 -53196 6934 68270 31440 64415 -70137 -4110 27387 -22274 -68643 11735 -32308
-22226 43677 12263 38092 -89142 29526 -67740 92337 -89858 -34060 2311 20868 -68390 -26420 67020 -4637 -682 -90491 -26125 -53372 47292 -8328 49268 -4102 -62124 -38255 -87843 28217 -17622 -82732 10511 -63592 -1319 45774 -24997 53937 40810 -12936 14893 -104128 72801 31951 -54700 11242 61363 18184 -34596 44908 14286 798 -31135 -22814 -59790 39492 -65889 4588 44239 9840 -56326 23795 -3918 -33981 -2101 -23159 -95777 47162 -85202 -62313 -44379 44093 -14861 -33377 -66269 -55341 47047 12168 15970 13831 106711 27727 -5503 39332 -3007 -61564 -28660 25775 32448 -30187 21408 -57535 -30932 -62133 8844 -46649 1276 123775 83140 -11972 -98394 -29636 4934 22106 32304 -26782 -66781 -65086 -20733 78182 96912 3565 13245 6543 -24277 -54194 -14122 77579 -68066 -3595 -83374 45255 35719 -44740 15431 29426 84083 -96945 31893 -13591 -3972 -137220 100236 -121338 -26085 14160 -102208 42871 -42527 84373 -99762 22492 -11797 -99291 -47914 -60982 -59981 6435 4981 -56994 1377 57428 -37697 -72358 63899 11313 72991 97468 -31411 9385 54836 34953 56259 -2647 -41141 52522 -27914 11868 -92520 23244 -33849 -21354 30066 -32347 57949 80067 -18109 -35091 53096 82305 -22664 31353 24065 21951 49354 63167 -37594 -34944 -56642 -20052 -1976 -33458 14093 55188 -41506 48383 -104432 26242 53688 31627 125500 149014 28769 94022 -85455 78819 -46281 -65126 11987 43850 105844 88079 -63035 122313 6352 8846 9659 -28211 -31334 -8394 -53437 69255 -21922 87715 22126 12290 -11420 75580 -69678 -75919 -62265 48650 59299 -46901 -36982 1368 -22946 -5976 77868 30420 16731 113673 -12247 -81556 -49885 54429 -36497 7910 4585 56551 2874 28242
-78328 12575 -37477 51007 -31794 -19556 -10017 7655 -133814 20268 47829 -11956 -35217 14560 -4530 1153 30259 14455 33681 3678 -21794 -12435 56748 -70773 14750 -74762 84382 26936 77778 -109650 -3127 -68718 88901 -13393 60923 55058 10526 -24598 78032 -79883 25631 -82753 39525 -70378 -50 33967 -58336 22627 -75891 -55153 -55856 -13265 -129136 141368 28566 5502 -21211 -9896 51819 -14703 -32493 3791 -7417 -86824 -47650 17333 -44885 130291 -10394 18667 -92444 -32222 -43486 -73540 -63829 -34801 -646 -11727 -11785 2251 21325 -51261 130811 -1153 13359 75588 29032 33118 -13667 -71854 13664 73222 -31238 99978 -6670 63388 -47233 -2230 -51927 -9687 24666 -9624 -53441 -30129 17418 -4460 42493 -64067 -24035 -25667 40583 -3724 -41658 -27575 -15430 85386 20610 25529 -38293 -543 -52824 75851 -89125 -5497 31824 -64198 49978 -35707 26110 108190 4478 2220 14748 -101190 25044 102465 134244 75295 26667 38173 -60684 -73759 -59377 54636 9662 -120959 -46558 -13946 -46120 -19160 88025 47123 55475 21075 -4455 -13508 82959 15326 90976 117437 -13065 42890 61191 17464 15512 -15365 -62119 -7634 80829 -37471 22849 45114 -5413 -100826 -66836 -70398 48507 -7733 -79478 45759 -110879 5493 -132430 -16367 28532 -415 -20163 32006 9335 13093 86764 -145084 -114629 -20725 28762 -72195 -47759 -46846 -5696 3514 31678 59720 68104 12942 34471 44202 -142493 -162594 -13929 7706 124843 -92868 7062 89850 -49381 -60237 -24207 -98944 61226 14879 96330 -54080 -32030 16901 32757 -45308 9721 -45872 -12481 28670 -8573 114318 -9231 85040 -33801 53149 -13135 -20747 32324 37746 6759 -13374 -46899 -55051 -79184 -1896 -82875 15809 62619 54573
14257 103442 -34466 -65017 -81850 -65819 84727 -26188 -73911 -58022 41004 -21265 4319 5842 74322 -61646 24490 46716 -42114 -21107 -58192 -144392 104574 95010 -34913 -12846 -47159 -81853 13512 -16064 65750 -31815 33754 -58687 74523 -5960 -92442 -24489 -47367 11879 -84731 149779 37637 -74890 802 1647 114831 15314 -68698 -12475 -13454 24101 58895 -33157 40056 54335 -15361 -7605 -46920 10794 60511 57699 92300 58244 38330 12394 32376 -16375 28003 -31872 64660 36530 8764 -19693 42174 -10333 -1959 -120389 68117 -44059 -54426 66123 -13012 8984 34285 12380 -63803 20757 -64808 56978 -19528 -72718 97730 91517 73222 -57237 -28381 -29336 2673 -1513 35379 -39103 59630 18230 -27474 -13931 -102031 58518 -77216 84710 24705 74746 15030 88044 103883 29929 19663 -30223 2818 17482 56015 -26800 -6565 1091 18054 41879 39156 -41106 67676 -84925 -75408 -54967 7548 -6881 -24846 27315 -29739 -55231 10518 24572 -69119 13004 90035 -46298 -66741 -20482 -12028 -28245 -8971 39508 9744 7932 -159310 -7712 27835 5588 45378 546 -34539 -11012 32277 53830 6704 -25522 -26837 47295 41490 -20811 -24894 -37536 7555 52559 30441 -23641 -130316 -44736 -53874 -14787 44240 73166 -59206 -38116 -89409 14317 45196 2252 -22823 -41616 28677 -17499 -90106 20151 -27863 100490 -2662 85884 -46904 77582 -85368 -62033 52740 86093 73540 13801 67189 -23953 -26228 45459 -6370 3153 93691 6474 51069 27590 -78817 -13616 37029 9679 54604 60473 -23751 -51335 88245 89449 38556 56396 -216557 -89310 3810 14903 -67456 381 -21719 39468 -11890 63269 26455 -9967 -46907 32571 46752 -39578 -5667 154353 -74811 62006 -49356 -21819 -10574 4324
49122 29698 -13721 66837 -53303 116741 24205 64378 -67947 48187 -46460 22137 298 -51762 -10144 59720 46511 93594 28694 -17170 14775 -3788 22612 38546 -65160 -65753 39660 78044 -28958 -61230 94 -50440 18169 -73019 105436 93097 29018 64206 -5300 -18201 -62769 -24420 18574 -18610 -143799 12502 8681 63842 216 -94221 -76221 -47065 -32272 -56834 74633 -60146 26588 -71449 55391 58173 111527 -37739 72463 8837 43433 20799 87552 26983 -70610 -31307 -58127 -151514 -4672 -9312 10855 -62138 -88571 20056 -72562 -22750 1053 -33421 -82916 -37500 -69801 27341 -2359 -106755 80045 -90014 22248 23762 -136545 -62736 -17069 58092 -63744 -114685 48902 -79157 -87315 24259 -20884 -58205 -3983 -42702 -95990 -10584 -14384 -73046 31684 55017 -101932 -17523 42238 -26350 412 -26952 31879 37860 7354 53892 9717 51576 102978 -43868 21268 41829 90386 -87517 79140 -16929 30488 69854 -38884 -50774 -43506 101257 -56535 30192 -47780 -36847 45802 -12003 23229 8391 111042 -23569 36485 71891 1429 -9255 -11967 56290 -76375 83958 45833 7144 12529 69998 -1824 -31111 -2093 -46131 1844 -67153 46241 -61011 -34407 -6991 -57338 1270 -57489 12405 -72514 -8469 -49915 108452 -82006 -47454 5546 -40818 43682 36374 -67465 105737 -38387 -14234 28412 37121 -8437 -45284 -19232 26500 -51426 30303 43017 -42861 -38640 16087 7535 61510 -10282 -48854 9213 29160 8528 32365 -47941 -26246 65059 78169 -22631 11170 -103991 -37064 -80755 85443 -27932 -33751 71687 23845 1873 -88064 -36306 16491 -17271 -15249 84791 123541 -17250 63121 -23110 -21220 13530 17780 5039 -46521 -3802 45586 -24922 3367 -55343 -52268 -10697 -23272 -29582 -14669 126742 -26288
-40332 -51763 40214 -13241 69028 -69490 588 -25536 -85487 -11947 -25987 -58856 -119607 6363 -7120 74324 32297 68715 54506 -43514 -20724 20827 114261 19872 54984 -6164 -11407 -76738 9188 5860 -60077 -61350 14456 10172 33579 -21268 107937 83643 54832 -12572 -8604 67585 5658 -53567 -16778 11613 112056 61808 27190 41228 -2811 -70805 -48905 -16890 15956 43456 42390 59537 25673 60234 -25724 96815 19941 -5123 -77626 51572 9479 38156 34708 65833 -18219 4892 38722 -36827 6702 -6923 -24166 3835 -35571 68467 10145 4607 27443 -20204 -16820 12453 24609 -29506 -14940 -35603 39337 -19211 -25069 71187 49665 -49605 -16377 74936 -46771 47716 25485 -9504 -23659 -38843 49344 24210 47722 21534 -45290 -40310 9021 1518 54057 44564 807 -25372 32008 27875 -18643 40943 98905 -5590 -25404 -56132 23796 -72479 -37230 94782 76331 -43796 102811 -23345 -4290 -207 -12213 5957 -78178 98055 -100391 14964 56219 -60288 19621 -71132 34154 -55744 88579 60733 50648 1004 -91983 -42844 49515 41445 -41235 111443 -87100 82658 -53036 33147 4443 59038 -65057 -91369 86919 9517 -79346 -3111 -3198 -7169 -40939 -12550 30872 43283 -26527 -19210 48394 42507 37684 52591 1818 -38467 -2041 -3188 -29608 -45717 -60169 -51670 15201 66411 33245 19791 14958 -22739 3938 -26722 -11197 -48947 77879 57305 18540 38127 2097 20399 -6590 -63107 -61390 41492 -46617 52371 -50235 -82044 -24739 -76501 37202 -68214 76611 52454 -10936 -48623 60753 -10145 39294 -4385 53617 -93153 -36011 41498 14613 -13588 -24863 -26047 -3647 -15405 5375 35085 -49015 11330 -112358 28305 19268 -33418 30329 -25109 28822 41699 39044 -17118 70063 5111
-78643 -29912 34242 53728 26635 19605 -96294 -95927 -1730 7313 25201 8572 -30637 105651 -30010 -15477 -52630 96562 179336 -177700 26329 33749 -770 11041 -62060 39992 -5412 30838 -45444 -63317 770 -89866 36967 24156 13809 -114162 -49847 48123 69103 45583 88902 -111993 43907 -51842 -29766 25023 72317 -37849 -78984 -97300 33927 42054 21703 50961 -3260 -24874 82124 -10300 22925 53748 39860 -22088 18563 40355 -14382 10543 -40463 44810 -11785 61257 -5707 -101903 138630 7777 -49290 98350 -3974 1436 -22111 -30047 22412 86781 -38007 36182 45280 -67888 -34870 -105478 19399 -187930 3277 -38130 55288 -59652 -51246 -55596 34574 48474 -47441 -42691 128559 -45687 -3096 27189 -104513 77067 55315 -81656 -41511 -69215 -19153 7612 21331 -826 -20292 6107 -63218 -33971 -128711 -87865 -49612 37488 14475 56580 -26525 -24344 -76325 2674 13123 -41934 12105 50531 83580 -5948 -28996 -59773 -32032 7606 35953 -46276 -4745 28529 9053 -57559 -59767 -84306 106181 6075 89813 8421 -3274 17067 38131 72149 -68652 -47352 -13168 13976 -37052 -73139 -7701 -73995 61110 -56351 -41030 19287 87236 63470 32596 -27076 1290 26562 42576 65458 26429 20879 109588 23646 -4127 -10951 72329 -58129 19678 47290 -75569 -45647 34158 13980 10381 38393 87839 -15094 125363 -82508 -6231 -57938 -25476 -125741 1058 68087 -78816 -24214 21858 33374 -41080 -59246 18329 38264 27879 -15074 -36786 -27863 42971 -55129 6846 -58892 -25089 33089 -90207 3655 -39344 -1134 915 14707 18201 -31799 -24905 10515 23258 -69252 22480 47626 -23207 3232 -20210 -2457 -60801 -60449 3682 -75306 -31110 50374 139872 39035 69595 -32112 -28055 3374 19529 71990
4415 98059 -48011 23781 -23464 -37068 -40451 -17172 -54090 -22736 17447 75781 55062 -50269 42077 23429 -24755 -56275 -34846 -6494 -8898 -73496 -29295 16236 -10924 -3743 29844 25026 61191 -21486 32341 -75882 -59823 63114 -32025 -19379 -39769 -42637 1634 -4804 -10218 42733 -3630 -28736 117743 7877 -10951 -53685 -90071 -10473 -7504 -125309 51720 -71218 -71480 56583 -71553 85284 -15097 4479 2224 11435 -15668 -14729 -19783 56555 9087 -130957 12952 -27638 52925 12467 -56109 -7181 -22255 -32715 -74669 -46658 -5442 84603 -20976 -52075 80094 -33451 1951 48820 43861 -8405 13440 112074 -1074 -108047 46964 75860 -31271 17398 10600 -60513 54465 63156 7361 120976 -4918 28953 48151 -80139 25660 90199 -15949 21920 -46555 58758 41716 -48572 39237 10934 13595 -23629 78423 21302 -42436 -13069 57297 49500 -5315 -5727 -32025 -124596 -103712 102476 -24497 -91950 7677 -29199 -15509 2270 -1395 -20589 -32805 -20109 -14580 13262 -58107 -59391 -72789 -13056 -21283 -21317 -127752 51593 26365 31666 77156 22017 36475 -15451 64582 -115000 5729 -80396 -27015 -74670 23578 7731 21449 42841 18893 4027 -53945 46286 14186 53247 24630 -13422 39966 -60011 39947 37704 -53672 5505 -11701 13603 -29402 -21476 46900 -21726 -26159 -71057 12623 35477 -20842 6934 5479 66966 44371 39697 4164 105162 28432 16435 -339 -110188 14923 -36953 -66895 32866 26049 -59954 52639 60737 -50712 27416 -13403 -34050 37383 57699 -21195 2734 -18413 -3871 -7687 -6650 -57443 1242 61995 -7711 64638 8437 30046 78328 -43201 12915 -1042 -8740 39592 29583 53610 -39459 -55807 -72766 58510 -26293 56267 88250 79221 33517 -130574 63594 1315 44346
-37589 109951 10739 -20348 -1763 50519 91652 -14752 58396 71789 -14692 -22306 39363 -89732 43081 -51712 -19956 17378 49480 -30802 80193 2825 35364 100834 3264 92089 21774 -83307 5278 -2118 112015 -84151 108888 -10199 37891 2094 -89375 -50074 62853 -24026 -12438 8531 22300 -59000 -15443 7726 -40566 -81649 3876 70909 -150041 15464 43220 -19629 -31018 -13381 2148 -77259 -26348 48669 -27310 62329 41368 -8403 106308 45499 -10376 -19279 29819 -56644 75879 -39490 -37686 -64287 -100003 -108072 24209 -134918 -6112 -42313 -66085 47843 3119 -54770 28775 -65679 -75560 7796 52179 48920 -184320 -9025 -23752 28369 97848 -7461 -10394 75469 -64310 -105139 -4824 -13144 -80912 -12120 -32875 25759 -24733 -57423 61605 68131 -3271 95231 -48196 45732 72165 25551 80942 -109213 18009 11788 -23524 -22033 5262 -49517 22085 -88228 9361 -83421 60052 -38938 4814 -63898 -14796 -3204 46022 66453 26850 56108 60288 22622 -69545 -56265 45063 43460 -101148 31841 -57876 -36967 12110 -1428 33253 86671 -25198 24221 11658 -73790 17529 82770 -16288 56573 56745 -36596 -5764 22933 -13170 -34568 23709 -154674 -23757 24524 117791 -24810 66013 -16776 -100591 -146352 2358 96811 -128359 2456 8177 19703 -34935 28577 10096 12451 21488 -48213 50671 123491 -54971 53380 -3026 -33427 -28944 87913 30524 -35234 -51527 62807 -22241 127982 -16601 -3568 34440 -6190 85877 34659 48055 150670 -79334 25421 76394 -34251 -33946 45609 10653 75250 -17604 22409 -62821 63698 105454 4568 43098 17653 -41034 19108 -116082 -18400 69304 65526 -88610 28609 -49 87434 39036 128267 5731 50325 -48389 42334 36008 -105928 -46497 -2101 54958 110849 -23409 41095
-15717 -20412 17982 53908 -10975 -41299 127111 -69072 72247 -100449 6205 -45039 -78143 1865 -10210 4671 52080 -22352 -9501 51758 76736 86096 -98662 83312 -24139 -72901 15753 74251 11804 -59096 -48282 14790 61408 69378 -21513 34712 -40552 -72034 85119 -36954 42375 -63120 -6125 -91519 -61980 2313 -28904 -31338 22884 9455 51716 -141998 13802 -59779 -37704 34264 -65479 -17600 46868 51984 -75820 -6422 24196 -33026 -53230 77948 65501 -79382 -4368 -128902 58897 -10594 -6973 -78624 22178 23151 -87372 -49608 -25306 -35783 -5029 74225 -41565 -58766 12484 -16018 66433 -26640 -45498 44128 90826 2425 46797 65642 -81067 11074 18581 1651 48439 -47029 -88922 4847 67765 9269 49732 -41320 3959 -7592 14863 11659 -65735 -24038 22567 31952 -70437 -136284 113230 23224 3981 -31752 79541 23804 23470 -9955 -19595 -60657 6015 -77510 -31117 -231312 104093 -119527 45451 -969 11490 17370 56183 31937 2918 16965 -30358 47234 -33295 58090 2571 101944 27750 -38803 -14493 61643 65537 65247 61445 94905 80822 -33392 -17248 -43428 9505 13755 -29705 34324 -70209 17023 44069 8260 -32391 -33586 -70916 55743 -89709 85903 24443 -17145 -80546 -49888 17207 31688 -47169 -3143 -35872 46160 13797 -32664 -2495 -50514 -11103 -16049 5064 -12718 2497 -69512 -5353 -89909 -32062 -73727 41050 22608 -62694 -182281 19738 -4200 14424 9263 84458 4461 69024 -2011 -21693 82893 -62260 -42540 -117073 30987 -14975 29795 -23045 50566 -38610 13408 22013 30412 60555 78055 -32419 -16795 -106052 131395 -15538 61561 -60339 73136 -154416 -100837 21528 -64550 -40823 -9295 -7529 -114156 10373 57845 12213 16338 -67932 -29426 10307 -7724 37506 -31081
31884 -14355 -35573 -92143 -3368 -10196 23226 102786 45887 -19520 38056 40230 -129069 -29130 19913 12892 -24496 -7668 -24421 -11707 -109137 44792 82406 -59557 -67905 -9408 -25644 74088 -40068 17310 -63279 -46297 46411 -50187 23369 -27167 25949 -96828 25797 -74222 11568 -83188 -54654 -92089 37355 -44824 22330 24926 70012 37220 -23099 35943 -18047 10965 3254 -28784 -13559 46428 -5434 10826 41201 24788 -7455 15094 45984 -63089 -41767 36978 -22488 33191 -10161 -19011 119545 10877 91187 39789 -31586 109695 -114223 -55017 20650 24773 37083 -68010 81380 47424 -10515 52742 -5308 25142 -28283 59871 -82369 -96415 -41868 72939 -4462 35185 48213 -12379 18652 28596 -59694 76472 -36928 79699 -96812 54992 40317 118698 38446 -87891 -22046 33057 -30290 -77966 -47236 -9319 -89511 -11912 26053 -32535 12002 -8667 59367 73283 -118649 76181 -17148 -42617 75463 -8112 -75732 -44970 14090 17591 20175 4618 -82697 79592 -16004 -63002 -24912 -43436 68934 -44626 57085 -39826 102234 21661 27289 -30441 61221 16952 27171 39475 -347 81818 1465 -29193 -67725 -57390 -73692 17003 -29833 71409 2860 -17521 27945 13248 11254 -25487 8403 53612 41323 70005 -83489 -69133 23700 -56145 20624 61831 31425 43500 -5999 72128 26239 23744 -14067 -17927 55053 -146825 23398 -51345 68421 -38863 45405 -11498 47262 -8131 -25483 -81625 -24822 -85716 46272 -60708 63393 30453 -60412 37586 85655 32386 -24605 -111949 -5247 -48845 -33150 1932 17556 30994 56731 -29425 11820 -3576 93965 15345 18618 -26819 -67 -41484 -31056 -72253 -60114 70423 -135247 -57489 -34486 17271 943 23580 -49738 10676 -34339 10841 -15257 5566 37251 -54690 -21161 45723
-110593 28941 -120661 605 -3465 119260 -80266 -1291 -43256 6954 46022 -7770 -83163 -78696 -61018 -26119 21026 -3064 36711 -10705 -2200 -5642 26003 -28021 -27237 -58237 100247 -63489 -78502 -5649 59863 -51939 51154 31806 -68330 -31290 23524 18 70959 -12885 36651 -17688 -69646 -66275 -63706 68721 -32875 -7527 -62331 -22130 -31850 61112 4250 -51713 1784 -20064 -73394 24794 -99488 -90532 54671 77564 16286 -148757 -43168 -6479 -3800 -65271 -1053 38901 25559 -2557 -41289 74972 -161573 -5856 22776 56316 -25061 93920 -53218 -29960 52468 84125 -18222 28565 49051 -35444 45112 13926 -19491 -18688 -61183 28600 22816 -62157 56132 42241 40476 20428 -13328 31158 -55221 48395 12386 -18332 -6401 -56078 3102 -12114 527 -10438 85083 -75197 -28039 -4166 29832 78954 -87459 23445 -37778 26952 -23369 25820 96199 -44350 -49002 48314 3988 13222 -6096 -23123 -74762 9308 -84115 -56296 -7937 29072 -40548 -8131 -54474 -62552 -9242 31364 59438 -20357 -52278 -8543 29554 -87514 -54689 -51099 74498 -23051 -81462 34555 23480 25461 -38008 54754 -27388 -56224 -11284 -12445 -87856 -6212 23480 -101931 -27789 -119246 -11265 17648 -72059 -20188 -58797 36468 19893 1257 55760 29321 -77147 -6306 7731 49908 27809 65598 -31317 -78445 15328 1014 -13977 -18740 -30329 -39218 54067 40704 -43419 -59978 8844 50650 95754 45505 -23295 -38082 73289 3481 -62021 -33691 4057 -28070 51647 95024 114133 -160750 53754 66540 29457 36866 59688 104142 58912 35896 -15308 -103413 65764 98335 83026 -74728 32737 14177 -5628 -63650 54082 8052 46088 24536 55364 -82458 869 85276 35396 -18602 77813 82131 -29052 -45192 40549 -31135 28028 69413
7727 56162 -62265 -64788 -5895 21511 32598 24631 -73980 -985 -92687 -1894 -21766 -14416 -47797 -12303 -117715 -54495 -125521 -13493 -74845 -86130 34986 -42664 -22817 -59574 -11137 2183 -54299 20215 76085 -23500 51589 107705 -68558 -23307 -68 -71706 54026 -35880 3488 10018 66012 -60357 104717 -52862 -43380 -67517 -9156 -41058 79928 18456 -28583 8078 -47919 -1146 38755 -103687 -24002 -7672 -32998 23998 -82731 40348 17004 -23455 -3182 2799 21537 69335 29736 51524 -55763 -2043 -12381 1383 53769 57555 -31903 101183 40600 7804 6846 -11213 -37458 7437 -1970 132721 9476 19196 -38866 -17611 -19770 -2874 -30903 -21889 26692 246 32242 -77122 12438 -18703 14339 16153 14480 115472 -26417 -11389 99059 70316 39413 -64869 31773 -12491 -22083 43020 27311 -74311 -3202 -73827 -11552 55281 -32766 40439 -60043 25172 -79672 50715 -53544 141522 30636 72991 -24393 -1636 66036 49902 136273 -8224 -15164 66129 -123694 -81172 57954 47835 18515 -101233 -109768 -27181 30345 -22418 33972 64949 -16245 29362 31803 -107282 55458 16046 -11434 -19438 -7553 -11920 -16397 89724 106402 44179 58576 5046 -17153 -18644 -24891 -69775 -43077 20904 84102 305 -13831 -77646 -127206 19644 -12505 88901 -53175 8293 87795 -93895 14437 47389 -69993 -41159 -52222 -21030 -100205 26534 14504 -25364 -47629 -84285 7169 -1708 51290 40078 -13251 -76618 92279 105129 48181 -91970 87337 -51817 26917 -30739 56571 -45245 81721 70194 -24930 -35484 58499 43489 56507 -15481 -19364 17081 -59666 -84979 64086 33070 -26039 -45404 -22227 18861 55751 27000 -4936 28637 1095 5148 28010 -63489 -52806 33860 47071 17704 58098 27626 33041 6700 -130497 1036
15211 27343 77031 14440 -22161 -42943 -20938 28242 2977 37441 11701 -33435 -51822 2606 39269 87706 -13190 -71045 -22409 -25950 -20337 -36851 1869 41921 9652 26197 -13208 102141 29915 22131 -20982 11698 4263 -29154 19747 84687 -5779 16001 5992 21986 -34390 -26414 -29653 17368 24430 14399 9072 6030 35281 -33039 -4959 -36186 12727 -3994 -28723 36964 82658 21756 -21744 11933 14327 -36079 -54094 36869 -63296 22221 -38029 -2152 20869 -94275 -29810 -19634 -66859 -29059 29564 -39086 35921 7492 35124 -82921 50265 8768 -28343 13616 -1929 25080 64722 88767 15985 52295 -70693 -64952 33617 3758 39171 131727 -5425 4313 -28982 -42408 -45424 35846 -2914 103091 -2467 -36836 -35430 15786 -13858 -4833 -34510 7942 -6677 -41431 85263 34854 -67727 -46103 226 70135 -14570 -8206 216 50660 -67581 -3580 -20548 -4916 -138388 58947 23914 -16571 -11988 22379 -37635 44117 -34201 -15186 -49002 -2232 -67754 -63490 -81656 20887 106935 36805 -55481 -79086 27449 -49921 34740 -9468 -47625 -95498 63399 49044 55562 57386 15843 -129474 45050 161691 -60699 54602 -23220 -37578 121053 182 15894 8177 15405 -54959 -20044 138449 -91967 31796 80189 14601 50878 72903 -49279 33891 -59557 -1219 -3088 -22416 84424 31114 -19486 4230 -54993 -22058 -26593 -17859 -12438 -29704 -17417 -46455 135531 14439 131844 56812 9224 4863 91811 39307 124589 -23267 36323 -49256 14046 -6808 40673 21073 -137240 28764 101434 13635 -37656 4338 104206 890 -34549 -9851 -63901 73492 -95288 -1053 -44914 -48213 -44481 82464 -132210 11513 -29374 -39437 -47876 37117 80930 119044 29600 -110955 -44279 46630 -4862 17542 24766 -37250 -74559 -22306
156399 24538 94558 110940 32351 -12393 1425 -12922 -16117 -44009 -45196 -75185 -32401 13232 79442 50874 -20783 8062 -6118 -118991 58031 -8192 17112 61304 25162 51134 -89600 -87127 -27160 61216 10426 -70431 57724 -67508 -6439 2361 60009 -3221 -59178 -54629 8578 -60679 7016 50973 -20162 -13654 27281 -31196 5278 59478 -80897 -60982 -13970 -6891 -71018 96735 896 25041 -47405 -10890 33643 116620 78409 -59371 32356 -2758 66446 -26241 81684 -26071 64383 62090 49074 -24481 37966 -13768 -39451 -29259 66232 -98616 -22207 151564 52435 -20394 81776 102726 103492 -12367 -26573 -12478 23964 11455 2224 -51815 17538 31399 -80186 46583 -62930 37467 -76717 -45065 -28651 -21065 -46606 -24021 -16992 13863 44221 34243 -79198 4392 -17314 -58613 10164 -23002 72162 75889 -56042 24654 20597 -75642 -43956 61452 55860 -51317 81070 -3669 -2701 -87330 -53220 -23632 27704 55168 4807 26298 -81403 -45060 80320 -72434 51156 -58936 -61660 31349 60498 14167 37321 -72721 -43916 -49717 52332 -22116 -37353 -31927 -89900 109012 -41279 3968 -76242 46042 35076 -44162 37308 -63631 -56603 -11973 33038 17351 -49004 -88851 45819 107718 -58975 -35215 55103 -47934 -244 -8817 48851 49820 -49045 -52124 74069 61253 43786 -32374 -179013 10407 -92531 10747 -67113 36042 50791 -86991 14803 -73679 2550 -61706 -86655 -76980 -46264 -36503 -34772 20289 -39380 -66100 59670 -69924 85012 71628 -17659 1917 80170 30408 -54147 -97742 -38529 -4647 38943 -32060 34917 -27788 -40400 20756 -18924 45583 -18553 99933 -40915 182793 -16538 47011 -5261 -21664 -51194 -1690 -6041 73591 -70935 -62478 49225 21897 14937 4701 1959 79695 -46327 8632 -19177 7249
-52828 -88078 33731 21623 29676 -46797 57536 39850 7127 51402 9381 114593 21298 41758 26761 31500 -13520 19011 -2129 8214 -13532 -21590 48466 101663 97714 -85461 -4739 -45632 -9351 2739 -59145 36427 48722 -117370 -80336 40949 -34203 14465 -42979 19258 -18896 769 43116 -12003 -20548 -51673 31383 101827 -93402 -29959 -18781 -60268 23132 71199 -15522 9888 -68185 -4547 35098 -70098 12040 -42787 131478 64417 22264 -60424 -11935 16686 39068 60712 -30946 38977 -24445 -10951 37134 71922 58038 11242 34711 -61471 -2650 -52173 -9146 -67590 10823 114107 -89886 -42390 76712 -45014 -60420 121776 -37805 64064 47466 74262 57181 103113 3959 43822 -89895 17591 13770 -47826 7741 24359 -12477 -26284 -66607 -93954 -43857 -37282 41270 -6814 64266 -828 65511 -54933 -1968 -23701 -85320 -28910 17509 51995 139811 129216 -26867 -13410 -16584 8614 -30294 -8745 5887 -419 -79724 64248 3842 23711 45957 -26606 -75368 65031 62635 480 85914 55109 -84125 7656 -9946 -31063 47723 -14316 -24237 -120904 71736 43493 4496 30178 -20753 28274 -35673 -15993 9011 44569 159 80557 22844 46810 -2228 48072 -1670 43749 2313 51052 61170 27930 12001 -92179 -11857 -9248 47719 -51221 70280 4014 81941 -88269 13586 42150 -92447 99720 -36349 -46245 -140126 89051 -33681 4517 -39109 20876 53867 -65928 -18187 -43173 -47299 50457 -60150 -18433 89186 23990 36373 22393 -39216 -55421 98473 45024 -28164 24930 -56706 -78100 16863 -2982 33474 -24309 -14465 27332 705 -18847 1259 -40943 -4365 -25272 -57003 7381 -14355 31617 12923 -70864 -69329 32480 -5270 -63367 24446 6151 -91585 14140 12017 34991 49612 -55576 -30520 -19038
74557 -18978 71907 -45238 42570 -77766 -12394 51173 34506 57259 -94934 3761 -72803 80497 65293 9756 26239 -107537 43560 69018 27764 93496 44456 -51269 15164 10790 -5721 54268 38781 -17893 -16215 109212 14472 36356 -22634 50269 -55553 -16653 -33370 -19165 14045 -52980 53452 12292 86489 -13986 -22712 -49349 93636 -25813 -19803 42370 -886 -5623 44171 -29651 61800 -73984 3902 -17833 -38318 -70848 423 -75884 -14185 2441 53219 97825 115644 -76552 -110839 56116 7675 30379 -4599 21032 56701 43245 91084 16605 94841 25907 -7948 108821 -36210 -40100 7180 24300 30503 -4175 112083 67635 38751 49213 -20405 -67115 -7810 11909 16449 35278 -64010 12353 25534 -20670 -38799 28154 28264 61721 -34690 3456 -5590 96230 -61122 67554 22989 -32835 -40779 76731 -67060 36114 29595 -94466 54424 85831 -29374 63681 19772 34766 -44552 -43396 7722 13345 80308 68204 58958 9674 -40708 -49673 -1180 -15849 -56862 49909 -9134 67622 -42432 74918 21345 101506 -21994 7062 68139 14542 5223 -102080 -27561 -60453 -36926 -47518 -11143 -39521 -32093 -35071 30269 71792 13086 21626 -65103 32895 -54271 -44337 -84346 26975 39692 447 -7739 38710 -23161 -1986 35919 -90709 31457 54380 -22471 -87261 -43572 -44443 15135 -3176 -30578 -57640 -15562 16491 42604 77587 10013 -91625 1194 -45853 10183 -69870 -35790 -32449 12799 25722 51616 53025 27061 53618 -2021 101977 -29311 -37046 5549 12179 15683 64467 -22918 -32558 86457 -23794 110032 -6884 -54165 -89763 -27347 -44397 53384 86801 9732 -37173 -22765 -72716 66747 32518 65248 -39260 89236 30054 -32700 33707 9602 27466 45976 -20687 23689 -45014 26946 91320 -79234 -33748
11865 -2756 66745 -6786 -40216 -52231 20899 -28165 -178485 -19053 63652 4682 -64446 75704 58578 23449 32970 -43661 -20735 13099 -32972 -41526 88664 -72476 50109 -116945 -22127 -17305 -81255 12458 -14115 -43249 53981 -68875 66128 13803 -13062 2256 -5548 -87938 80362 -13307 160256 -22595 80608 11622 90 62722 50284 -5439 35255 -29969 -51037 40766 22101 2436 18008 -34686 5023 67387 53323 30236 24638 -44910 69432 66560 -27453 -59241 -64389 -70403 -49563 30976 -32658 -35995 -11636 73708 -34056 -34490 -32999 4602 51144 47458 65277 26367 96543 24343 15342 -36054 -49231 -75296 68021 -53242 105108 -1907 33205 16074 43519 47219 6259 45477 -70756 53548 -41246 -65978 37058 31782 -11280 73939 51786 94392 -56725 66980 -34022 109422 54012 63857 -63811 -91472 -71085 54439 -43099 56328 68560 -9591 -126544 25067 37447 -74477 111822 66865 18680 -17096 30547 33196 27740 45700 55592 51801 14350 -28291 15521 -50675 7123 -47630 -54711 42281 -30128 -78855 21700 50694 97512 -44999 -54601 608 2880 -14657 48276 62184 28254 78229 83823 65072 42263 -48967 28606 34431 9843 18668 -29674 -3056 32421 -41021 20204 91041 13469 -46204 1057 1173 453 -120361 -5054 -62045 -50441 21584 19451 -34432 -2248 87623 101830 62018 -59379 -33790 119122 -34001 -2486 33169 -43230 -61909 73429 34361 66801 18343 49457 74063 -24691 -14011 -4269 -69589 -71123 -50087 74255 -19671 33188 19615 -28733 20000 -29411 -46263 63483 16439 -36215 -37879 -8799 21596 -70751 31035 -6682 -57677 56632 -17532 -35902 20948 -7072 37611 -28062 37292 -13702 -13031 43585 8076 8764 -67179 -34075 2843 -74404 -18424 -70138 25235 -70470 71168
20700 21422 38108 -23133 -1879 55736 12135 16951 28312 31701 -111769 49396 22061 51960 77770 30855 -122941 -72726 12015 -491 97671 31875 69056 36279 57507 -28801 -11982 -21251 53531 -38641 -64929 -37405 -34187 -28556 45921 -53904 -19911 40801 8176 66738 25602 -2914 57209 58942 20568 34610 103333 102441 1925 20163 -13231 -96689 -61491 108165 -23061 55273 -11656 -43750 72501 26606 -8341 -11081 147388 -39705 45121 31939 17709 -46194 91743 -52075 21927 46422 -31120 -35050 96433 42084 -41077 -26215 -22880 -16338 141269 -31523 -16973 34028 -18210 -44226 26608 42732 -28957 -28935 -57560 -49960 109705 5009 -7103 70529 16199 50115 -129381 43372 -10951 78278 -22262 36133 80025 -67895 2395 -19554 -36301 -5143 -61490 -49518 -57264 24768 43490 81240 -29592 45016 40792 61580 -48252 53450 6718 56875 -96582 466 63055 -56254 39742 52148 -51954 53673 29017 -94137 -37144 -1677 51266 48038 46857 -11452 -31621 -19735 -18584 -48142 20883 -66357 1930 -82291 -554 30763 -31822 -128982 -29909 77078 25043 31438 -36322 -89047 -96218 -21929 9947 67780 174967 -19402 57208 -33667 -86133 1425 7837 -60717 18342 -70404 -25341 -21187 58872 36365 -6480 1736 -27779 33825 65959 5284 5415 79841 -32233 -149928 42410 95723 82369 19284 46760 -96335 -32470 11073 67371 -7608 10285 -9816 60308 -383 -67294 -44107 -12795 38779 21817 -15889 41061 72798 7341 -75562 18147 -52649 -70895 -25367 -1228 -7704 16682 -8359 1607 30865 14839 63768 -91157 29274 38319 -31984 -61866 -1960 28118 -3431 -28593 9645 -60576 4525 -6704 37862 20217 32447 24100 -65002 18750 -16181 -36484 -97223 -6081 13810 -4161 6507 17039 22832
-1291 -54133 87888 -41539 9247 -2474 7463 -16983 49379 76227 9579 -4246 -38483 33647 2138 48079 25186 -21040 105204 -35170 -4326 62442 10370 -5761 -43822 -43074 -69285 49075 -47205 -9183 -24539 98150 35040 74545 23335 17760 -39578 -20949 -38432 -14454 -25817 -44241 93801 -12850 -38558 26731 -45763 -50442 57484 -15889 49161 -33308 -2388 -117456 33399 -72532 -79425 57476 35440 -16325 -21029 9145 -50362 10203 34794 36715 49220 99974 13856 58553 -29682 -28532 -18556 -40630 -81032 -79770 -53964 51265 13772 -2336 -12169 8224 62267 27593 -28571 -20629 -52264 -85145 52127 -19389 -51212 31240 -13696 -1558 28177 -72488 -73562 33013 -17730 23708 -15544 -29056 -58364 -112621 47367 -82332 -55377 -65489 -15827 12314 14314 3574 359 -42089 -55072 52406 15729 66525 6031 20653 -52413 -10256 -57770 23111 35769 44477 -27986 -62553 64589 31984 -24071 122905 -48299 -89750 38493 1971 18997 -53511 -6387 80336 -17836 -19447 9741 -9075 32922 22230 9586 80803 -56872 -33026 -76454 24179 11416 28 42 9892 -15341 50350 -17452 44070 55809 -43527 33532 38855 -107778 47109 90656 -105241 -71236 17476 -1287 51530 64167 88857 55404 -15016 88549 -54952 40623 -82156 -24950 15131 31298 18494 -86894 34048 63723 -38489 -26081 -21009 88566 19591 59713 -59443 -6610 -66034 100193 -39252 25793 -37695 -10918 -2932 38997 -3540 46006 44071 -75383 12148 -131149 -8573 49126 -9125 28079 -76115 70884 -6207 -58570 -15230 9942 11723 61989 30904 -75556 -31763 -57583 -10621 46545 -40403 -79295 -110846 12426 35914 -41562 33071 -58655 -67443 -53978 -30497 23472 -69043 -6669 -3363 -18546 -43626 -28948 24282 13148 -28928 -81705 -56918
44456 11942 -72445 9582 17796 -7596 -12559 11208 45459 -4367 82739 -58231 16002 3911 -118306 -59529 18995 53942 17093 23297 5753 6184 75634 43536 28326 58978 63965 71556 -39582 -110035 60607 19595 -57965 18916 -14364 -2126 -38402 -75024 -3407 -4627 -46234 -11261 -5740 -13473 -39718 -40223 -73601 2962 9527 -113505 44052 -10632 -41710 -21311 -29369 58473 -58982 60809 12679 -92570 -73379 -21839 -66624 30227 -3445 -43545 -59095 -52557 23413 38047 106582 20586 -36066 -74505 71530 -25817 -45489 -43984 9160 73294 -114494 -20856 -49652 -20896 -4614 122029 -138997 -66668 -2364 -35900 -19779 -10055 60262 16791 -9562 -39260 -18194 4300 -13044 -9577 -14575 -15981 -16770 -698 18288 15909 -13135 60720 -79852 51100 156392 -80853 160403 70388 -99604 -42927 -82298 -63480 -62924 78621 -969 -122397 4130 -175974 37935 18145 -21215 -5796 20099 29241 -13394 22026 12860 46802 -68763 10482 3100 33279 -34134 21501 -47908 -11831 16679 24035 58881 -3858 -21496 47879 8461 34954 -94070 -13756 -19295 -31144 -35097 -41951 -93661 -38165 -38608 -58211 78521 -73911 16693 74940 -74774 40175 91650 -36289 -21324 57456 -30433 37396 -13877 28590 -25040 -42926 66894 35038 -34493 22172 6775 40375 37971 -47488 5625 108161 -24723 40329 -112989 -32518 15769 13876 -77500 23888 -46210 132702 66895 79878 8988 91510 -51406 121649 -12606 -93157 -31054 24414 -96164 44866 -61344 -776 -122886 -1754 42612 27867 30768 -41165 -49336 -51908 -19597 11338 -15817 1785 -73859 39993 -10700 -25418 -60090 56362 -43671 -146978 -19996 44062 -42975 -92384 46971 35857 121647 29649 -144356 50225 -36297 -24619 -42308 -12705 80471 -34450 7483 56075 -5030 -296
-52622 24326 57196 7392 69584 -28406 108232 -51752 7897 -4460 -13912 58800 21747 3902 -89030 64552 99301 136300 -78166 -39326 -67851 -3575 13134 -37210 -24893 45760 11226 -11413 -16501 -18293 -91644 -8868 45051 31942 19966 -121065 -24559 42550 2553 14363 -24995 -29045 -3550 -113 -113867 10344 -14809 30863 13569 17393 23830 -51054 37441 -13801 127586 50942 47249 -69041 -3202 51200 53767 83193 -50853 50006 66734 -67477 49127 1640 38860 3311 -9571 -19370 -30525 -29582 -20845 -54689 19715 -29528 174 20263 -5579 -19423 18389 4354 -92274 15641 52411 21618 16972 -45904 50879 -2117 -22639 26745 -55249 77066 -70640 26972 -57530 -32516 82253 32351 -112420 -54362 111370 127214 -5522 -45415 -43243 -77353 44821 33029 13794 -22853 -24176 24610 -9411 -40795 10277 24245 -89044 -32367 22808 93673 -35378 -19373 34000 -8125 -30816 -8972 66151 16790 -17869 -21104 11231 -60934 -18806 41956 38150 96739 -67725 10320 -9362 66099 103116 -19920 -64889 -9328 38745 79048 34351 67334 -67909 -20766 -7105 29477 54236 39072 106839 81118 93641 -35623 30650 9346 30833 5987 -2792 448 -30666 8685 39768 116697 -37548 -25446 -33452 -89919 81371 -22570 -63596 10085 -1170 -29084 -82075 42618 -12748 -75441 73357 20973 17893 -45769 -30261 58559 80885 51581 -25525 -58719 63019 -61633 -57730 -47253 31008 -36223 -53274 55749 8726 13480 -53202 66137 -134514 126935 22864 -27870 -7840 57863 -56731 -73245 -28906 -28002 14928 -91195 -39574 -15135 34054 123613 -42636 5811 -28206 -77690 -104002 16011 -59090 42436 36750 -22169 -16239 44185 -22645 33263 12759 -24425 -30272 35854 -40620 -6809 14320 6885 -24785 -85270 56175 26033
-28808 -59688 -40472 13707 53144 -55029 40014 13453 37646 8908 1871 16913 -36313 107414 31199 -94359 -106297 -71980 -10777 8205 8005 -23849 20667 2190 -85840 6373 9186 59343 31157 16248 -68334 2086 -45883 110834 26866 132429 -93575 68932 -34156 -68543 12834 -69864 103764 26285 35297 -61288 88538 -13400 105881 4053 -16923 24823 -72756 66668 76924 12815 13245 26320 22438 -58925 -46954 -16735 -15399 71191 2292 2539 -24436 77318 89100 -16559 93082 -1564 -16615 -12610 -23205 68703 90456 -147602 -95875 -12561 -13565 -8131 -37452 -28215 -1594 -43239 -52314 51269 49454 8247 108806 56158 53979 -74305 -24586 -95758 26958 35263 10047 3706 -25692 -44021 31820 11181 -70922 110672 -1405 16689 -144484 38852 13634 -80236 -95643 24269 2801 -51521 59779 -22355 -13124 -24949 -8878 -40726 -134531 25832 1168 41687 -170976 -47557 52054 -5330 -27451 -48258 -10055 62317 90198 -58769 -51705 -33080 46585 35471 -41644 128757 -73354 -23008 28041 6155 -34272 38276 61572 18319 37013 -26545 -22603 29869 -11151 96918 -48535 -24998 31468 -68114 -30910 -825 154364 24642 37154 -47393 15474 -25399 26634 -45678 -22752 30420 -46696 -62670 -93019 -7297 31320 43292 91132 -31501 28397 11399 -36714 -72254 -78021 -44467 -44741 -25049 -95860 -112013 4265 -82462 31943 4017 40447 -20206 43199 28704 -104766 -57327 -36139 112592 22380 44954 -52189 -4292 -29168 -4063 -17490 -103383 -27573 -72312 -57096 83522 -14291 -56750 -20210 -38389 -49445 -108998 -77288 11389 2422 -35203 -26061 -63172 -43593 -7698 36035 -62830 35023 -21207 -34630 -4861 44154 -28524 -4252 -28176 32690 17164 25906 -59498 -10752 -20580 32383 16995 -75564 24469 -16739 -19684
61947 63389 8709 7503 -88736 -93021 -3843 -4133 20356 3467 -89031 -13923 61405 152982 100569 -12278 -70388 -59592 -70515 -14514 41903 30833 10944 67432 -39806 63208 82692 25801 -73653 2462 -52466 57349 21146 -42123 24170 97528 -50928 -21006 -22949 -111410 8042 -60866 -14284 58749 -4412 81174 16436 -113887 45167 -3400 -45660 -44184 15068 65007 149418 35370 33854 -44739 35894 -56824 -1576 -61827 -14332 18796 -14529 -74486 40451 78207 82577 -22940 37367 -69963 -21145 -8233 59363 -67825 29405 -41596 2799 -55766 45400 -14612 10965 121221 -60260 -39366 60456 -51609 -10158 -13725 85521 -14234 62087 -41696 -8155 39601 -10821 96927 -84453 -64696 69964 12778 -85655 -24472 79599 -35857 -9917 4983 -53376 -73172 69278 -40115 13491 -24426 7283 55630 79284 62787 -4619 -22198 -31776 72629 -39812 80305 3487 -19306 -80107 -59845 -56807 -52204 -32341 -29466 -11036 -12135 30267 -86871 -52991 -16401 -24561 -11617 -40533 58385 -89517 -26817 -9824 32471 -20746 11321 58033 47642 66797 48252 2673 87095 -31669 -3899 -2356 -97494 -3987 -28126 -8336 -118825 103557 -52827 247 61737 47265 -66205 -63797 -17740 -28132 78369 -42190 -12392 39182 59327 8051 -78761 69928 7514 63963 -10033 23476 5230 -25442 -170879 -43179 -42866 -42563 -69473 -32444 4102 21137 -2611 3673 -103334 60355 -53169 -48070 -81012 59555 -21383 7352 35746 -24571 -26731 19078 -7375 22027 39981 -2298 82464 46301 72020 19919 17257 5324 -66793 -16947 -88897 -55801 42032 29456 26621 19483 -15463 -45197 64376 -113989 30816 71809 -406 -30080 26666 -21236 -25801 -43236 -51228 -60271 42710 15815 9606 -91850 -22442 -2357 -55779 -44586 49333 -9618 68330
-60914 -57675 -2613 -70236 58345 -65589 336 27338 17307 -70510 -19524 -23209 12906 -54661 82951 -8811 8088 63276 41259 -25477 -10006 53379 -32104 94584 49498 -47503 940 -59762 -106548 -7708 -10134 67027 -11234 88385 35108 -55267 37179 54742 86413 26482 -92337 -9913 -62543 -127404 -26596 -44799 -743 -8591 72698 19631 7429 -67250 -87861 3429 -98569 -18984 -85688 57670 51436 81193 -27157 -64220 43443 12668 41838 3882 49398 -3511 1086 -13962 -62815 -23997 33038 -276 91201 -17832 -45830 -1944 -41736 29328 123353 -36467 -16869 -8904 -111668 -36039 8771 37385 -17156 -58730 -14860 20319 -43215 -15079 -21196 -47701 81230 48284 116793 -28610 21233 -68859 18042 56333 26879 60917 -64436 -83198 -19445 42440 -154424 -14099 13380 41025 44798 -16629 59109 -43163 23517 53974 5940 51402 7265 -25993 -47495 43427 -85300 50781 -6204 -63293 -48689 -12299 -23091 54556 -63384 85223 71740 64947 -68634 84741 -24479 -6508 -21578 -12899 -15093 -29990 62424 119472 43308 77633 -8360 5916 53118 2439 17324 -24702 -4367 63156 15864 878 43325 100986 -22359 16754 71014 -86282 3241 -65465 -7584 -8104 32889 -80646 17228 -27369 -17403 -53166 -26721 -41590 -23676 -39256 -17112 32673 -32467 27140 -30500 -90273 -89097 63287 -2228 54970 -40314 -25716 50957 18003 90110 53354 60413 -51218 -18037 -21 9520 24139 90280 17057 -52507 -49758 -40694 -38609 19326 -43268 51738 -52539 -20409 5432 -32769 -5178 -13776 -3318 32058 51528 -67734 3529 -40034 -25505 43224 22176 99453 -49874 -69864 23637 -52639 3836 -54179 16735 -26831 -140930 12259 45027 47192 18112 -24691 80552 80507 21166 -101333 8962 17481 -13770 -18788 -47191
-41195 54603 -61526 -24160 -67220 31180 -134725 -47398 -85266 109785 24758 -84093 -31275 10990 76090 -7486 26936 41360 2435 -82133 79752 -53124 -26337 -73917 35187 5138 -31984 462 75667 56500 -2996 -56976 -11586 45746 59609 15368 -47405 -80398 131608 -46577 60814 11660 -144155 -42049 58634 52142 -21205 -152517 -63784 62773 37249 -50724 57584 7320 -39189 -62208 -34137 -37352 -128624 -16069 21514 73139 -247 -65772 30468 486 89685 -57292 -41091 34351 -39335 -12097 -48890 7049 25354 -92408 15721 14401 -15457 2998 -45152 24480 -23806 -85730 25780 39245 15253 -25946 1965 46329 -15960 -48419 71551 25543 57976 60070 -48389 37926 -34920 54419 7665 59798 -79197 -40297 22025 499 40827 12686 103639 -3723 -37545 -37028 50003 -40904 -20771 115665 11152 -83434 -53399 -854 1781 -39701 32399 -78798 -81761 21796 -21929 -71011 -58252 -18969 -66197 -12386 83335 -14259 -60603 58594 -45322 58610 -40014 -74722 -25589 -50092 23568 12206 -99229 33015 -936 -39900 -94067 51408 42640 -59445 35997 40308 -11983 65726 -10756 -53655 -19575 -10107 1153 -23552 -54814 -120296 31025 -34118 81684 -19090 98682 -8759 80538 40187 67223 -40544 102595 7854 46792 42761 -80350 -84291 6048 74233 47850 -22530 52234 -55761 -58598 -44938 -39277 62933 35094 18955 1025 -22303 -21984 2146 -45432 37275 -57034 16109 -21460 69539 41594 -8120 -105020 -44080 -20241 -77920 62418 31151 -11817 15031 88685 -9427 62910 21529 43296 -51771 69009 19849 -40604 19028 2507 -16485 -14967 32355 28646 108829 -60122 43957 72132 113323 35961 31685 -61616 26347 106581 20378 -64994 6329 -73926 21767 31198 35064 66320 30504 -68767 81898 18461 55701
-14504 -38337 3543 -37084 19208 -72234 -12796 91325 73670 -84400 -68349 -24127 -70374 -19201 39000 60013 -1726 -25649 -6059 18597 -64983 26227 127224 -52329 -17076 42210 -49687 66338 83737 -28645 -5398 -69503 814 -56741 48193 48224 -4688 10724 106840 -33852 23299 98206 71267 5976 40317 -13648 18386 15901 65354 -30825 112244 66302 7378 64471 9214 -74521 -21256 46982 72003 45800 71872 -56378 36554 8021 30246 52122 35972 84031 -37512 45255 -18642 -51822 57474 10045 -34207 -85215 20250 39515 34875 -27597 -26818 -34073 63724 -21023 -44179 14952 19370 -8341 -66894 -73198 -77406 -1063 6971 -15515 43212 66476 36798 6940 23391 14238 18453 -38578 -28782 73891 -9746 -21402 723 -129475 101105 -32044 -63943 38816 -3107 74187 33033 54942 -98232 -18547 43786 -146732 104188 -5998 -30116 31712 10820 -12963 -54574 39241 21079 -19285 -102133 -7135 21579 75742 32024 -29608 -51658 94331 -7728 -23522 -39934 5559 61799 -21188 8083 37121 34217 41961 30091 -18616 19979 63009 -47569 -40220 -88123 53109 -33349 17601 -21837 -30740 47484 67638 79930 -105651 95759 31216 103606 17149 37321 -47205 -125878 -68399 -101025 90239 -19189 -23582 -143920 9810 -20533 -32823 78061 -41173 13844 -6197 -733 145055 -65919 -32965 -1554 33280 -38588 266 -88864 33022 -40264 -47286 60470 25741 18685 -20589 9030 -20709 103180 12948 -55145 5737 -66645 -118357 -26179 -26940 6301 -77992 -24501 -35154 35295 65595 46856 -134460 -47351 -25577 11713 -47785 7645 35260 -68751 -41281 -32280 -8607 -88916 32316 -17255 1895 107266 -45052 66264 38527 13302 -28026 27594 48658 15209 111658 17977 13660 51921 37078 62288 -45573 -54135 2577
10852 -27586 77689 -10419 -16623 -32906 -66492 36281 4099 -88790 -3576 -75658 18423 -23879 79778 10948 -33408 -37946 -12838 -7350 6584 90264 -28251 46441 74117 61480 61001 29915 -14688 -33199 -39014 -37985 -3420 -31054 81066 29100 7885 2603 63018 -78897 86083 1241 -7980 96691 27510 26089 -46580 -93146 -27993 -46163 -19942 2578 32007 42888 40685 76379 52177 -151447 48937 33079 81844 15878 -43559 -38241 60782 -37551 77781 61557 59186 -62149 -74518 -95889 -130825 -68368 14490 69463 -38840 57414 36790 -109600 -6561 -27315 -6670 -7472 30090 -140557 81383 49518 -35283 -9354 23160 -39905 90111 -56308 19989 54973 -21540 3016 -58571 -36859 -22510 27410 -51614 -76197 -17923 81675 -4576 -99525 63395 34446 56430 -1857 -11342 47044 10456 -26417 6201 -39830 -48586 25808 35407 -3690 161846 -2090 -93967 -12822 60311 -98244 86917 -4095 22995 70322 -12384 8932 112274 -65474 -53530 44969 1064 -5196 57004 -40524 -43453 -23921 -76361 30790 56788 -26020 41856 19118 73934 -105549 69112 85293 34090 -35210 -14569 -17635 99185 23782 43400 79827 120655 -2323 24505 25446 38979 534 35408 -29710 80466 38899 -44655 64064 58171 -12321 -9398 59995 30220 -3983 99480 -28982 86444 103389 -16349 14749 28815 31464 646 -35254 22528 60578 -31628 -112971 -122569 -20138 56914 -47563 36056 -705 -41298 52445 84769 89352 -73670 60146 18052 -4437 -20922 35559 -78543 8449 -29687 74457 119789 111475 -122322 -41280 -112438 28215 -17233 -2733 60278 33804 -1543 -27625 -96997 9441 42093 -12320 -18590 140832 4070 -51221 -45278 -37418 8597 -34192 -8507 -23866 5394 -32534 -33022 142512 -36730 -31257 40103 38464 35798 46910
-120 -65773 55560 65649 -36423 14128 -15529 108113 -35626 -21798 60161 27148 17757 11105 -10661 58645 -90066 -49694 2167 46587 32766 -23589 22216 104775 62149 -22836 40881 -3298 -31166 -55429 -60816 -64447 50923 -25775 -4104 40654 -84977 68116 -37952 95943 -2375 64318 10870 -19806 -23231 -66626 86173 108129 -43008 120585 -20951 67588 -120543 -79431 60204 -521 7609 -2090 1347 80485 75553 15910 35334 -83520 -20386 -48236 9036 2937 44720 24658 -72727 20612 -16954 -49504 46199 46335 -2920 -2085 -44161 -134237 -30764 -21186 16346 -6045 58327 8422 64477 -102503 -123397 46727 -72970 51435 -52216 51784 59830 81191 18472 -48685 -47678 27000 -94583 62375 48522 58022 -6735 -85089 34179 -14961 -77157 21819 28731 98604 -21526 -47680 28270 -20811 -51925 -15041 15581 -34937 -57189 -22915 54247 -15667 93579 48685 -17485 -101173 70917 44188 -14979 -26975 60364 -59375 161 -6573 -14278 72344 -57145 78990 -76323 -4883 -44466 -63357 -56249 -74013 17214 28253 -29956 63632 -28948 16260 48676 -50176 103615 -24827 82033 -41087 93610 -36461 -45133 132618 -14302 51274 -42572 16775 -39366 -56587 79394 28386 -50156 -83991 -56824 36534 26086 -3340 9833 -3409 64642 38191 20724 -34500 113299 12276 22997 38549 72573 -30882 39786 -10637 -29962 -13421 -22635 123114 -13032 78318 29561 45726 16285 34455 23818 121043 43080 140090 47897 73144 100978 47844 7409 -42930 11766 -40370 23338 67384 35870 47848 -7398 -50652 62886 -16430 16694 3003 -9559 -1048 -57766 -32415 -69945 -16445 57449 19152 69610 -72400 55221 -63383 -13619 55217 21638 -27247 10313 103672 23107 -85708 -36889 55984 -15569 20228 17896 53600 -22628 3357
50999 -46148 -56511 -65249 51034 -53170 28756 -3422 -32859 110110 13386 -5772 875 14834 53883 4682 -78463 -17183 -20332 -48151 -60072 -14977 57553 24845 39941 -157439 116224 15215 27786 -72576 -14964 -26331 -34007 -19798 -51237 58612 -2731 40089 -45254 -86473 -1103 -14054 57117 96371 99118 -92509 -64285 123391 3920 -24078 -18919 38023 51571 43881 -31963 -51155 37683 44287 -29005 -84111 96014 35875 55480 19167 15392 16993 -36934 -158 67126 -18995 -14999 6744 69322 -16518 5977 17352 22665 -13929 -19682 -51087 -8363 -6931 -55162 67122 119495 -36003 43085 -12035 38627 -19569 40266 54209 21266 37574 53230 81758 90829 -133135 35376 -54075 14820 -56412 -3457 64714 -82378 33717 -53242 -52476 -20213 48036 -119309 35520 -78858 -52012 9921 -25923 13391 46494 -32620 54469 35983 -58366 76488 4099 -22369 -30989 -58652 -1820 -34365 -13184 -57337 -6634 -24375 25769 23076 -10873 6486 -37800 15156 17731 100225 39552 -16291 28080 125640 41913 89672 -72233 19455 39647 104052 41510 36404 -9019 -38822 3485 98248 -52307 -21009 -47867 82803 77756 69505 -29340 43940 -8048 -26402 -7155 9296 -67377 66266 33253 -12685 -49546 -80167 -19009 -4667 26706 47555 -130417 -88543 -37876 69944 80096 9102 -8373 2939 49189 57407 -40118 33713 -52337 30271 52744 15431 35757 -121521 69709 8762 1329 -31637 4545 -11235 6724 8356 -38353 -51124 -58189 -25929 50831 -14069 7281 -92910 -36527 28357 74164 -85526 45733 -35225 -5146 55539 27093 5509 66901 -83189 -101207 -43779 -43590 -4587 39935 -67428 80464 80597 54119 -30524 20913 1895 -20348 25236 47919 36876 61425 -32413 -36798 -28671 124137 59356 314 -13686 -30511
1062 -34275 118925 38249 -35670 70232 -21371 42377 -94365 -9962 102888 24011 2892 10457 93299 -31598 16762 22279 53293 -706 77621 -29445 14029 23398 90439 -36599 115217 -31004 -16104 30579 43664 -38707 -5308 12900 104933 820 44153 -10535 -13769 -27824 -70893 -3423 57533 -21129 79784 22422 -19292 23453 -3184 28323 25162 -34642 -84449 8004 32942 -82801 -13185 -14429 40872 -43311 4237 34286 54912 -77412 25995 -12228 76964 -20990 1419 40753 -36137 43573 -154172 -83227 -5466 -31531 -18070 -28787 -94375 8723 11127 -47485 2535 87486 22118 4063 91373 -12061 -76222 -33079 14849 70599 -3238 30985 34765 -29986 -51114 -22718 -88899 78620 -65716 26935 -78573 -8191 1419 -94119 29007 -24831 -36476 -25616 28423 38142 22689 -43993 -59184 -13336 37443 32184 24038 53366 -29282 -45542 20127 -36945 -89410 -16580 -82173 58968 117375 93363 14746 -10240 -4186 -38463 16873 -35755 -39404 11906 44194 8280 28176 19565 20471 -14080 -3656 6583 -14298 63614 24593 14706 16503 17625 3129 29992 14351 26272 -28732 -61904 26517 6344 18991 -1050 -719 -93701 -4849 -44945 -11566 -29794 15959 24087 -42547 -40140 58576 -14158 -41785 -44895 -103720 38812 51970 -14908 -19653 21358 14325 -42593 85715 -41989 -18145 84846 -103695 8703 -74274 6978 -6373 62093 73 -30442 -13359 75424 19066 -21042 26541 31904 33295 -10452 11778 -19042 -66790 45279 -34638 -47410 69113 2799 -75696 -47715 76517 -14132 -129109 -2044 50221 -17640 94868 -46689 -19397 -88355 33781 -43410 137518 33740 84419 -48860 -98809 134859 96271 116381 -60598 75897 37000 6462 -36813 41856 47233 45475 19001 -33665 66520 38352 2034 21796 34776 -41193
-77443 41773 24761 7746 29014 -44834 -125373 -26681 -85105 -15848 -55095 -12044 -17022 -57796 -18048 4349 27543 37924 -40274 38933 47123 -71896 -95160 -23083 -70048 -1936 38216 -68894 15345 89753 -3097 80200 78582 35610 118938 38745 -26818 21480 24653 41397 26844 -22537 29915 79138 -7001 -64949 12908 -1788 -76820 -31214 -68442 -57832 15478 43417 -5970 -126045 71537 -121248 -54406 19044 61137 86370 73885 -9237 78733 101066 103247 4611 -19375 -28844 13568 30 -14126 -111827 -114621 8994 54617 104590 -85768 93505 -11898 -12419 -50941 -8925 10109 -68376 -3595 -138625 -8675 -20557 51156 -116065 14073 13527 -77773 -53934 -46302 -1447 -96387 -17130 -97063 -13478 48139 -54961 -33848 -65479 81628 51700 -15723 -95710 5258 93257 -96602 -63417 -15752 -30893 -2398 48662 -51516 -59123 67435 23151 -8509 -73805 -2255 -10704 36739 9824 -40300 50826 72521 39917 -34665 -30258 -12560 -41008 -71281 39443 -9984 36421 21248 -15835 63730 -55998 -77657 23442 54459 -44934 33361 39435 99384 -6173 -20712 5689 79745 19735 34653 -12802 -3009 59881 -97091 -76726 -20085 -142633 34308 -89925 -2502 -7061 -40481 28919 30588 -13335 49825 38944 -18499 20864 -12067 74075 -187167 48640 11966 -121285 -77238 79029 -77323 16295 42136 -9297 69491 -22569 37849 77592 -63743 -26295 -37145 21033 4692 -32640 -30767 -3999 -6411 33724 -11639 16541 -61174 -78352 90156 122698 -38703 40235 -14207 82727 65017 -25311 -23137 33696 -46341 121168 70100 -1208 -19646 39974 36143 -97415 40550 -10252 81619 30287 127937 34093 33751 84309 43878 65296 16959 126820 23668 -53042 -48117 30998 15707 6899 -5185 -5841 22497 -15168 -4322 34716 112660 97575
-14286 103845 51467 -37773 50734 27207 96142 24256 35515 -22157 -40378 4678 -66258 110214 -27899 -4796 8733 -74896 52253 -76960 -53693 52556 61833 -42009 -43602 -77597 -6431 5413 39391 -28743 14572 -101002 -6150 58273 68377 82710 40737 63210 -14279 -54710 -79646 51231 56956 -4121 22053 -52193 70089 31578 67376 -19587 13212 39838 97387 11727 64162 470 76846 52564 31315 -65427 9916 12493 -19959 35356 -42614 -93210 8562 9964 -52323 43133 76617 -21154 -10470 -33146 33391 28344 3128 -168810 -60892 7939 -27976 43704 -40011 36887 -38431 -64627 -112697 34573 -11212 -66133 -2184 -33725 -15076 -84693 -70254 -74221 8802 40165 -25833 28877 7064 -46654 19628 18890 -4482 311 -3682 40585 -94446 25321 21143 -15699 -106952 41674 -39553 62952 -28430 51057 62389 -1971 -37965 -114299 -79386 34953 -3336 31895 39891 -6142 163811 65300 -108042 5731 -16150 52445 135327 -34321 -75521 -9133 93646 40758 -31685 5075 137249 1707 -71138 -54459 -96500 110724 32017 -62563 -53704 31279 16554 -37557 -29751 17835 -112586 -2458 99006 49275 2218 11482 41443 -4512 1809 -21705 -26305 -41903 -19789 -18555 -13715 -3526 43421 38401 -142858 -13650 17162 -16357 83835 5495 -58251 -19746 -185670 -30421 16934 -17013 -36886 403 -5422 37556 -75062 -26681 139460 3590 96176 -1080 33249 -79893 -21688 -28383 -39661 28131 -16534 -12471 -74104 -10896 -44270 56265 68770 4774 37606 16730 51519 85364 -7594 -85078 71103 4017 31669 42340 -38687 67667 38127 214 63613 -53941 -47094 37111 -26537 -22352 37885 13375 83346 78223 100429 -10993 -13307 12423 41675 -7995 -7976 3875 -6155 -49131 -25418 -45798 -22392 84048 -72913 -7485
98287 20005 -39910 9733 -29694 -9428 -5657 57761 19127 -60864 19135 51016 -54150 -138229 -41392 29102 -2141 -18528 -74929 33412 -45177 -12932 48926 -8335 -66903 9535 -18698 -66982 -23844 686 -6828 53146 8946 -8650 -38203 27554 1556 78996 39255 -55755 -45834 12154 40876 69640 115963 15751 43807 -9976 -26502 1504 9822 4999 52622 -18531 -9070 -93531 41890 34417 -27921 2805 -75816 150805 66553 -31336 10073 -32925 -61152 4061 -68423 41435 49394 -32409 20653 40891 -6155 17271 -12819 44858 49398 -85117 15391 -34347 36690 -37433 -69256 -21414 -2948 -2494 4566 -43555 -16364 -36812 1028 -56580 -14331 -98917 52626 73680 -100815 -50241 20861 11319 49410 75357 -949 50268 72180 13630 60572 -20385 -3573 44215 2592 75212 50548 -103282 1851 16959 -65458 -89502 22534 -115032 27847 -69581 67851 -836 67597 64852 31694 -53300 68465 -53647 7216 -48247 -41859 10588 -10581 28339 47100 -102979 -998 30806 -58945 -2104 -88269 36725 92481 -4318 -25438 -33686 55572 -7420 -8856 30314 89376 14364 -51150 -10802 30558 1008 -34986 74615 40593 20324 91456 17446 -59414 48104 -8883 41898 38508 -76413 -44537 1212 -3946 60850 79441 -10277 -24425 32571 1598 -17670 -6553 11977 28509 -1488 9005 -43499 38992 -57416 -33103 -49217 -73045 -102850 -24337 45697 -35331 -4802 2647 40150 -54395 15077 -12156 6651 -86692 -2642 -30528 -58495 13879 25886 -3909 81773 -81818 -58804 43708 46685 63512 31093 89788 -14465 61061 -78707 50252 -22005 -80429 -42848 31077 51996 69892 13696 10376 28252 5109 -18237 -55558 92586 -105311 -26238 -55412 -29160 4037 -15448 5661 -2140 -53 6842 -67262 -358 -73585 -15978
-57245 49785 -64095 -17870 -15585 -53759 -60855 119632 12594 -119516 -8850 63301 -48826 6830 -6589 36026 5926 4740 -124851 18700 3943 10568 31507 40613 62169 30683 13678 -10588 -4359 -33059 51289 -58236 78849 78354 -1015 -36024 -13225 -127489 94041 -35436 6123 64060 -33520 -30252 31888 -118392 49066 -35965 -27263 -77596 21307 30226 51678 -29553 18238 -46956 47784 39258 95553 37890 -3425 -21696 -53537 9348 -19732 -26619 -122573 54997 12475 -49678 -4452 35032 58601 -41553 49138 103871 -12554 -42764 31496 47924 11652 149288 -22410 55289 -47777 -7194 -10085 26886 -113593 -115662 54846 -25714 -116370 30468 22027 -10555 129078 -60299 82454 -72881 27853 34693 -77892 3 -79239 73532 -9087 -53052 -35044 -45348 21867 48704 -7180 -67605 -113303 -41820 -18237 -17230 73992 31520 49014 -7545 87565 7268 18417 -7736 -25122 27325 -10097 -51018 -25239 -23458 -53310 24668 33094 -126044 -18116 20531 25566 57192 74398 39774 72113 9085 -50990 -100371 -26675 1536 -39589 -18153 35960 30884 -74708 36113 -15737 -105924 -61300 31888 48363 40084 -111586 35304 40470 18818 143588 -13013 -33309 15253 2229 13666 -51402 491 43515 77236 -42334 -74401 -68956 -18761 -30407 -11513 98674 -21566 24416 19423 -21085 -21322 -90678 -4567 134123 -27988 -94507 24145 -77367 58646 36180 -40328 -95246 -3245 -44189 -60225 21639 -8273 8889 30853 72310 -3635 -42950 48519 53165 39041 2270 4998 63848 39843 52727 -22861 -14639 -38643 -47400 -13328 94294 -28258 131045 -31428 59692 -38406 10208 -43663 36417 5483 -11355 -38819 112543 55954 32286 40711 18740 -30836 90936 -37548 -1461 -20980 84681 61260 -1665 9693 104615 2054 76034 -15748
622 -107495 56906 29908 -74964 -7742 50822 5999 -141535 26463 -28279 -23676 51080 -2381 -56808 -4567 17248 54510 21753 -19290 -44184 -27596 -45275 4853 33757 -66505 -2004 -2895 -43921 17322 44174 -46383 -13871 -97917 61983 -17858 -13581 32163 16115 27889 33643 29437 15275 -923 -1727 24573 54281 33252 2013 -53911 -17490 -50883 -107617 -13123 34798 -56811 -21761 -7478 27767 18670 -11246 -26857 57734 -24258 8702 -4598 10821 29755 11901 3348 43408 4239 12971 14812 -18321 -112309 -37695 70990 -116119 -40439 36986 61389 13254 -26446 -24489 6730 17814 -41091 84234 -112521 -77973 21464 -25097 -61659 49381 39394 117 85835 -30794 39616 117401 -35987 107858 44556 37655 -19441 -11880 -57847 40313 -7238 45443 -67592 26348 54671 26881 59144 -2614 26656 -10802 60470 -76287 -41833 -22142 -38932 108094 105445 -85299 -7757 50650 25270 -4067 -57788 -27308 -55315 28355 20886 26260 -18183 -86641 33769 -35267 -12070 4843 -45031 104972 -10473 -25688 -14589 -107 -17695 -54946 98647 52089 44489 12314 -69478 -53671 -5225 43766 26481 -14664 -110635 45191 -72673 -60066 -3385 43680 -18632 18855 -17250 -2491 63283 36598 52921 -16723 -39824 -39307 -49848 -42630 44668 14398 -46632 -12076 -35685 108938 -15725 -7172 131393 20841 67748 70463 -8506 -20948 11111 45722 10582 -46070 68686 -51259 78177 -4067 -44711 -24872 49446 73595 -79557 -87705 -10380 7334 -67895 -48787 -44603 29114 60188 59015 -64510 -22875 -532 27716 8976 12584 41392 -48021 50500 14726 25487 104552 -4187 -37812 7232 -40173 27106 -30336 5217 9571 -66133 -13411 -66640 -71542 58146 -6360 2309 -43493 89575 26028 -45456 -53114 1365 -1421 -57904
25496 -69154 9614 1175 -18871 -29494 -9902 100130 33216 61997 -94133 93461 -30873 -4312 64521 44236 88464 36323 -117483 49612 60548 63809 -14782 -11299 -37991 -33908 -27935 63130 38212 36309 -2986 -20515 10197 11229 7168 -25280 -33126 -107706 114695 -27139 9508 -17903 21549 -56848 67655 88822 74250 14468 -3562 17972 77629 -119561 -57174 44510 -21943 -32589 77967 -21436 22948 -29728 50540 100592 75288 64331 28317 -27911 41348 30676 -848 6667 -46075 -96135 -21077 13129 14706 -23032 26221 -22672 -71781 28961 -46453 -14362 -65812 -91965 19996 -14017 -33492 -44290 -62403 -10527 17850 77227 -19281 -22792 -50681 -38839 -33314 20671 -61902 106787 -6818 56636 81943 59489 68776 -52980 50435 51696 38605 -79597 40835 1820 -132501 -53736 -80941 21274 -20130 14030 -5886 -24784 24900 -73121 -27815 -46119 26374 48023 -53307 104517 -26719 58490 17119 -671 17146 -38335 -41747 -9700 14929 1579 -22468 53953 -75080 -53148 -87640 37487 -33829 -5648 37029 -15293 -34884 129898 9345 -20962 58098 26901 30804 11244 68638 -87782 -44507 19105 -21305 51505 83211 -53661 10553 -73076 37114 -17162 -22864 -24016 -43667 30667 -21556 91720 30327 -26437 -27554 81605 20343 -21777 -123534 -21942 -787 -34891 -11294 16732 139087 -94229 -39279 -62851 5209 -108504 16326 -52854 53164 6312 -12564 3488 -16212 -37643 49399 -33799 20922 -54841 -30263 38989 -34595 -27753 6433 -6150 -21362 46918 -18844 23068 26659 -61901 -49558 14857 57586 103161 49873 50803 -80790 1211 17771 31733 54950 -47736 119937 -84430 62188 773 105755 33863 -4622 62761 55992 -30940 66183 59032 -16325 9835 69591 6325 75187 65274 -104235 -47325 -86160 4865
-34494 -91413 -9739 -19822 -12686 -67886 3628 41110 46857 -22881 -19228 -21688 119636 69712 118539 -14611 -61377 13715 -40659 -95278 24124 -19028 46127 -13332 10340 36159 64038 69240 -38862 -41157 37525 -824 60357 -50546 -34598 12600 -37482 51508 53 16736 -81910 36928 21192 -28278 5461 -10746 224014 82114 -35770 -78286 -11326 -25855 -40896 -25329 -6262 -98359 100183 -118217 52259 29116 -36769 71488 58954 2970 -882 -24031 24744 41827 114830 -100291 129039 4475 57465 29975 43484 -3760 -73668 -40238 -47799 -59265 96314 59746 15525 24597 -8916 -11442 -22777 -111033 -54550 -93081 87923 12378 -40424 95703 -71070 76981 1088 -6361 -43273 69104 -59866 -59562 70918 -17101 75770 -13532 -35537 -97694 45106 41749 -21463 26460 12634 37939 -8010 -1110 -10085 15809 -10709 -13035 -15906 -59049 114902 23722 26290 -20801 28847 -52341 -3889 -35988 -32362 -98340 -60703 -8419 -395 -91969 -105086 -70815 -15786 84303 111075 -60893 8298 11233 43146 -19281 58588 -62319 24152 2367 47849 57509 -44742 46119 -14013 418 36848 -63025 -62951 8080 39153 159362 34304 -98501 36694 -55419 10487 65933 -120538 42249 -114586 -7395 21530 -22656 -74936 -133519 -1077 44500 92619 -15385 48402 -19851 50288 22650 82985 -57801 -26033 79862 -44272 -3198 -75396 -35669 34987 -38979 -6418 -6018 36711 -51397 23729 -91479 65799 -41780 19604 -47852 -29092 27766 103762 98934 -58426 -2699 -32944 66939 23087 53107 45367 20507 -20264 -24003 -29281 -4757 10956 17659 1629 -90659 46750 45700 72440 5412 499 78898 -8708 41251 23800 -108457 15479 53182 -125850 14613 -68473 -15378 -33824 -101467 -60794 58352 -100716 69563 20829 24350 68706 -37010
70089 4158 14666 -1686 55657 -12529 -109939 15079 10015 16137 -29291 14178 -1380 -73797 69461 -15844 110246 61851 -119650 -1145 -22188 -12319 -51177 -56988 -17856 86988 -115953 50937 -15387 -33336 -49659 -119094 30423 -14872 -14869 -11087 34727 -37451 74573 60977 74351 -132567 112033 50651 10950 83530 36237 -113816 -11780 2019 -56303 11985 -28458 35850 -52256 -78744 40503 -69312 -65194 679 60320 54771 -40723 -55350 -120238 3165 -79785 20180 18755 -115859 -7702 57152 68213 42762 36052 -39383 26758 -39410 48045 57821 -15944 -25993 -3234 33175 116595 -53844 -44523 30514 42917 -34313 57165 -61477 -30803 -115539 -77758 -36921 -27686 -87979 73123 -15914 15193 5110 -51133 48483 -26865 22389 18728 -36155 125535 -34827 -51761 23766 22413 -26990 -16764 41442 28554 -20426 22369 -76294 82706 -9219 38630 -333 18311 32037 44212 -25101 -24309 82349 42557 -35600 -113051 66269 54505 -47124 -35115 -15674 -115768 31650 -18907 12893 79869 43466 -104420 48263 -84295 -20351 -99207 84481 11378 -43228 49514 -12542 -31921 -52524 15065 -20926 -8764 59041 7233 12830 78429 -18764 75541 -141366 95241 51553 3876 41766 21776 -73714 -39155 13657 50748 25738 20981 -53707 -68920 -13049 48552 -4614 -98986 17107 -47042 -18226 -12422 11075 -57711 11441 1580 17390 -60954 32312 -4570 3198 58505 -66960 -73890 -105315 -30753 -52049 -29128 -59085 -19208 1488 8544 -82853 -27337 -62590 1407 -6383 7294 -5562 -84950 -6397 -111950 -86338 -6772 27074 -111786 -4002 -66738 -31418 28181 106852 8234 23082 8753 5903 50069 64694 47609 -65421 -12355 72187 39343 -70585 63578 48569 8608 -46466 18051 72458 86457 21740 -34742 -102746 52871 -99780
-1944 21538 -41181 -57641 102683 -79070 70986 40354 -113474 10730 16551 2460 -364 -12424 -40971 -12541 -33968 14275 68945 42565 19205 -55124 -29688 -3874 71090 -56085 43720 -11286 5114 -16531 -64613 80863 -102742 8285 2983 90094 8900 -20765 22560 12493 31056 6927 -10272 8183 -8624 -84126 16706 67555 -44584 20721 71215 43660 -6904 -36191 -32835 -19096 7374 -47133 22042 28352 -132761 3058 54806 806 -14271 32545 105366 -102692 13233 -27731 4928 93668 -10059 -30529 -40021 28361 -39794 -4373 -1183 6447 -43452 -32852 31027 11885 -37666 22514 -28761 53284 -72277 42500 71267 -18017 38564 -19285 86905 -91974 43380 -67363 34458 85435 -90150 -13652 82918 -98202 16419 -46479 9671 55319 -20631 29211 12166 20538 -45708 60965 57065 -83698 62854 1328 -44411 -33798 59730 14235 64953 -51077 -73706 2652 2962 10936 44263 -65514 4928 -51814 10408 51287 -67626 61156 42034 71215 32779 -62191 146022 78843 52511 -79249 7047 -44125 33073 -47115 72502 -7338 105504 10583 -103045 43265 98875 -41899 -4986 -12172 -27692 10381 -19975 -81297 -78560 -57080 -15779 102729 11648 61783 -76371 -38123 43037 16742 2325 -38182 7708 -5397 26589 -11274 -126811 21220 -44483 22794 -61397 13522 -49080 -61646 70285 35947 -41436 35750 -55189 21919 -68816 -21256 14642 -86177 500 -61083 36443 18921 13356 18134 66380 111696 6273 5713 53883 14463 36686 -20178 -27066 45213 7025 8180 -71011 37671 35912 -41497 -1849 -8789 -64758 27782 29060 -71556 -23994 22941 -885 -45049 23631 13233 12929 -28535 14542 56043 84989 16038 105486 46943 24271 63066 60747 64825 80612 -6112 43559 -46274 21765 22245 47259 -65788
-7485 67726 51752 38893 -47397 87656 -6410 126275 -12659 5657 94790 -31430 29028 -72964 25560 -9106 16556 -111800 4898 37751 25179 -37261 -56988 -33822 33271 21353 59776 -90734 37265 93225 4009 -55149 -93585 -130262 -45678 60240 46804 -37625 64268 14913 31801 99909 73588 67874 11284 -327 31142 -49680 10191 -33666 1255 18867 -52407 19079 63555 -16322 72446 -4176 16901 39731 123660 -64236 -33685 62784 53034 47252 -30975 51155 -33147 9190 -9210 32500 109527 108783 -92518 -74414 33746 -12262 -69910 -31956 -28915 -80819 -87006 42298 -3740 -35418 -14513 -93345 -2078 -96593 3599 -61213 11999 2997 -7289 23936 99827 -56303 -4309 53513 104390 -83616 -25518 -45027 -58531 64025 -22577 19965 51012 -29009 41949 -3998 3990 -1422 13201 -33741 -44251 -20241 -143322 65206 42482 -59127 -50205 -70230 -86322 -8899 -41831 30824 73550 100864 -9159 67767 88118 109157 -55927 -45668 -22743 74859 -133230 -407 54367 18534 -5375 72744 -25820 30145 23008 73841 19165 16143 -102491 98056 -66348 47309 -36076 -39741 -46355 -36664 -8756 -43409 85554 -90335 69820 -28085 63964 61911 -26888 17129 4682 8303 -48845 -132206 8132 19309 -12422 78015 -27535 61553 25255 -109 70217 -24079 -61080 2864 -9038 45028 33065 63671 -18501 6572 49325 50760 -27208 42683 -79996 20478 -10642 70678 -6900 -36050 -24321 -18556 151879 9965 -22131 -8990 -106562 -47472 -51623 -93784 -86543 58357 -13545 75556 14566 138744 -78808 40922 3874 26016 -62196 -13595 -32859 66266 69172 80866 -143558 -82887 -21262 -66997 -25741 14730 5953 5510 -27506 99265 19663 -69417 18357 34818 85141 34144 84965 4233 65338 -68171 -75865 16809 58754 6762
-88921 43715 -65774 -20358 -22543 -5062 -31160 21140 27493 -1599 23959 -77656 14110 22153 -7882 5872 -69591 -71691 43679 -7198 61894 45626 70441 128716 50502 -5108 -27916 -46077 68084 13999 3616 89002 -94146 9315 -5415 -63972 -24649 -12331 -22264 38547 -62796 -57634 -126146 60107 17077 -23605 -92526 22278 -24874 -3590 -69134 -31108 11951 -60113 76352 -73277 -3723 69980 33174 -48688 -42719 -109699 489 -27601 130704 -47481 -14685 -66532 63259 -86957 97874 5893 11137 36658 34737 26148 -8887 57790 48748 -55381 67931 -53488 3989 -9229 -40722 90514 37581 -48112 16066 -78200 -76076 -51128 42229 -51754 23074 -32882 23702 -4719 47883 79697 2441 61367 -38031 -72325 39556 -41806 -18980 36695 -51820 -10554 20459 14397 -3980 72749 -40352 -34285 6931 -44209 8694 47526 -75159 -55443 -32386 127780 28471 45863 3660 -41986 -10831 -113862 -12283 -71274 2958 8118 -70372 1562 -19929 -58241 17744 -10798 -27144 930 -42904 54348 -19007 36019 968 87752 -63047 -28112 -185762 -72483 -50927 4812 -25188 78171 88076 7493 -59986 -57259 -79912 -37682 -23905 10663 -36270 7765 -24353 -3736 -92204 -40437 -18073 27012 69340 30278 -67819 110334 -6535 -16784 19309 6569 68309 46306 45142 -27009 -17974 -22716 -4010 -97163 -8444 -7294 33841 -40348 -34556 118411 -100 113560 29660 -31027 2906 9022 12731 20985 56315 -108831 26394 -90838 -30070 -17732 57531 -22275 -24167 103128 28920 -34674 80691 64481 68271 14808 -18211 28178 -90062 38648 5684 -11584 -36348 -37767 37986 -99765 -25579 18486 -60607 -200476 23259 -48813 11059 -70212 332 -45860 -34140 -11171 21418 -3899 -44693 97832 -1357 -562 59993 -7719 42914 -40661
24316 22284 -7298 -2326 10937 15993 11108 26779 -19598 106699 3748 77088 -35760 2145 -45701 15858 58849 -23474 -22342 91522 -46951 -28887 98350 -27089 18725 -69238 -11141 51520 -89183 57245 -31437 -40779 -57398 18182 28964 35018 1047 -29814 31692 -43937 38209 -15154 -23679 -55946 -37629 33178 12784 -4166 -35431 22476 20187 -47353 112038 2755 44907 -40881 -102313 -4569 -15542 -21062 59514 -53211 9033 -67707 -24492 70745 -166 -11317 134739 39095 -86438 -6614 -14112 76376 -104092 -67574 21935 19314 91830 1361 -27771 -33384 95389 -21754 24612 -43036 93816 10000 64519 2355 -105350 -49006 -29994 -12480 7859 -91709 15847 -17923 47931 -24260 148655 -13392 -98256 16208 -67036 -37488 72404 51125 33382 -51030 6929 -95008 -56135 13733 45802 61368 36530 -26751 -38204 -88814 -112596 80013 -85471 -39229 12032 58039 -70018 -62442 -62242 97972 45080 24515 -80856 14593 -31117 31600 129938 -28778 101444 -36303 -64622 24520 -32247 15538 39762 -83406 6376 -71416 -18794 -20776 41863 38638 21897 -101668 -73768 59559 6085 15559 -3018 115488 17385 -47449 -48646 -24873 -28465 -62927 -20646 61284 33019 -27848 67551 -16110 -60835 -78661 -19654 68360 -84879 2254 -96223 -191 244 21374 43104 -63696 13325 -16270 16980 -24929 -13083 -45550 -96474 9822 33102 25207 -41962 -94258 -52753 -29545 94244 119939 61808 -33061 1877 -28666 -37882 3820 31836 -51979 18484 -38594 118605 14581 26728 -16273 -18899 -64098 -11446 -17837 -58472 49935 -93418 31019 -10942 -35577 80159 66691 5441 63779 24298 -42875 93869 8894 -17261 7825 -20630 -18672 21492 11510 20386 78372 71914 -3165 3410 -33018 -84816 -40814 -42318 -40292 -20264 -22106
6466 29540 -31115 -59114 39002 111774 3766 73020 64186 3043 -144680 76043 24635 -10537 25515 62731 -22827 -50978 -33599 8698 48446 -26249 22024 98979 -21674 -101237 -120103 -46114 -35327 13457 10513 -31615 68139 -153 -43786 25381 38193 42786 5934 79221 13625 -5660 -37075 39880 -31418 30348 38320 -363 -32843 -91034 23757 -43415 78298 -34481 27661 101671 -83932 -47970 -37399 103416 56042 68719 -35388 -1325 31599 43342 44375 -44986 47069 -4514 30661 -64274 38375 21300 -44906 -61382 12137 -115328 -3978 -86371 33246 78355 100229 -47856 -2091 23661 -71661 -34843 8089 -30518 -16066 -87968 99740 73373 35254 -9 34361 -127064 -3829 -32779 -43351 -13537 -21392 -103143 5876 21794 -34911 -8510 -54240 -9949 -64001 -105437 43899 -87688 28955 69423 -32852 23433 -16210 54348 -2171 -36664 47573 60360 28993 26468 -83132 -147193 -15171 27234 -75222 49387 -26759 9271 19845 6338 -52311 67835 99600 32519 -26095 -117111 -9326 63606 76627 2160 -67559 -30640 25374 104682 2415 9037 -7950 4015 -73786 53224 26150 -4638 -36716 -103147 87326 -32343 -24542 43812 -4087 -93387 82949 -1239 -38500 -12035 84906 18731 -102890 15088 -10066 68905 19024 3311 -51952 89133 56815 -24628 -15661 -29972 -43398 -30765 -5871 -28044 33589 -25359 -84249 -34391 9547 -51486 25499 47096 -153708 -65929 -55327 59734 24737 -27295 -29462 1505 2954 48465 62205 65235 61013 56964 -108590 -26144 126166 26243 23280 18462 -42296 -10311 -12034 -56677 -15202 122317 -14157 6250 32685 97295 -63105 -13341 1459 27900 42291 61499 123339 40087 -26945 48348 -51862 82454 49016 9448 48851 77105 19363 54575 -154331 68384 -24236 -6092 70537 -12765
47036 5950 51345 63190 -86540 16476 61836 5329 -92553 22853 35419 -27316 23814 76528 56942 17048 58899 -46513 -4563 3296 -16986 27370 70690 -40647 52190 9565 80138 82894 24160 -44137 80418 38365 -24797 -64744 3569 51506 64053 3196 7745 -45700 -31189 53751 74457 -22984 103443 26440 -86625 103211 18777 80545 -5426 -33468 -25805 38988 73541 37282 114655 -55491 84032 -63492 -39537 29236 34403 56065 -74273 68171 82694 52695 -23437 -50527 -35812 29765 -5448 -77478 100223 -44914 -13694 -95733 -56843 -82006 52596 55781 48202 9143 85411 -58812 -33863 61570 -39111 -22480 17370 28046 -8141 -79629 21231 5070 42595 -72862 7162 14087 -42901 -75087 117069 155855 116990 45212 -30494 -13239 -52162 -47648 -4262 -44765 1609 58174 -16430 51248 -12313 85052 10081 9233 -3955 74050 -15788 -25004 6261 50045 17290 116759 49803 8041 22335 -28401 19633 58468 7893 -42500 -61630 -1066 -6035 -40862 -72089 -96557 52760 -77734 29152 -50791 17025 4642 71207 1345 43521 -7210 62302 13346 101681 40764 -17801 -84044 -19033 -42365 -10696 46121 32262 26134 -83017 11159 66778 73211 12363 -23476 -55738 34346 -8465 15522 -19936 20345 -17978 -17657 50810 -61756 17102 6841 2994 -23263 -5570 2412 -36249 59728 -68185 95041 -44350 -39545 -22258 -63336 119648 39816 -40297 -65449 35508 37360 -42357 -3181 13133 1484 14049 5732 40722 63390 -21714 -98986 37809 -71829 -27261 65505 -83030 -29060 73352 -60479 68488 7523 -2153 -5360 12013 -50195 -75443 21982 -35823 64756 -27807 17813 -18105 83846 -63841 -7633 3404 41739 19772 67534 -81643 28382 42157 -34092 -50940 93393 68633 -15659 -19347 8361 -93339 55830
105666 -83521 57740 18087 -13746 16795 59341 60923 53949 8570 -100658 -22162 11918 26314 931 -13041 12962 -12764 14721 12934 -53683 102642 -41840 39860 -14803 295 -66711 58217 31280 -52113 -49305 -48163 30034 -24285 98019 24388 -60980 37041 -63310 -20583 -31076 32237 -23906 37991 -38765 -4061 51751 -97836 31359 -31439 -28723 -48491 20095 -10712 96061 -38400 21716 90832 191459 43719 13687 -42031 57457 5974 -90786 -56204 -37172 39010 21313 -22082 26285 -24726 27195 -41922 -10833 -35671 2088 25515 8157 -2550 -1809 -64202 54921 44276 -56021 57217 24939 11717 13551 29432 -485 -4127 -51168 -42729 44897 50964 3093 50576 -25803 73533 -54680 -46506 -75697 -28590 26308 -27680 31394 -4123 -14476 -13236 52049 67535 23656 -57103 -3169 115069 55740 80032 55143 50989 69622 -15455 59078 55980 -67967 39324 -84601 13229 20436 63211 -87472 37075 65154 772 -45209 24379 8899 12592 -731 61539 68943 -27315 33649 -47141 41296 55 94966 -26157 -17808 25129 -77486 -53673 -69421 -26558 -82807 56487 -29753 -4417 95737 -11732 -50965 -46671 98467 -25439 53327 -58631 37834 -95729 -5758 -67409 -52787 12751 -25202 51402 26272 11986 -83282 21720 4511 -4506 42326 -87208 -10503 19831 81725 43362 16973 97756 -65941 -7747 38674 2058 6111 -37933 -42600 39370 12098 15519 2418 -10169 -14964 -99176 26106 20310 24331 -13328 -14705 54875 -10148 34151 -50770 43226 60059 66118 88098 43275 -8189 28779 -11224 -22968 -64316 82835 -35590 -2195 -54255 6850 -14493 18564 8251 -5277 -52545 37926 75779 59403 74413 57426 35765 114168 60802 -27472 37357 -5695 13584 -82595 -212 -37664 -84770 27569 94211 7636
83190 -57821 -128669 -15292 -49515 -56432 43863 19369 -15653 -26120 -23096 31011 -35665 29990 -129268 -99556 -22308 26181 10805 -88792 -74712 -34519 58738 -30087 43649 43409 -70533 -4580 76346 10873 -8351 11417 14459 11209 -51031 66544 24412 24828 -15687 34500 -65749 -34061 43705 13990 80431 18143 -24651 51849 29442 26132 56287 42150 -82591 14649 -2799 -67752 -67245 -11993 -35625 -27551 -94480 -115597 -54291 -66630 11052 -17064 59269 -29399 23571 3871 5628 -31397 9688 -60374 2696 -6451 -91732 -19445 -35456 -29896 1537 -1484 18185 72905 -76357 15818 -14229 51887 -76034 117784 23359 26890 -88251 -25398 -61778 -44878 48417 31735 28740 99826 -74477 68263 45537 62745 12059 -25009 -19955 2347 70473 46267 93583 16688 12089 -36836 10532 62047 99946 18219 63593 35528 26304 -6741 -41093 -50549 -18632 3058 -15341 -4242 -8544 -82469 -108081 72438 1605 -2299 -6470 82420 96180 -115632 -2676 -61769 5272 51077 9897 32103 -18967 -27858 -28267 -14040 397 -62026 -140710 31989 -32727 100636 86263 11893 -16620 -50811 25036 -70982 64554 29262 64801 34076 -37244 9523 -75658 78380 -9608 51190 20376 5752 -50393 -27190 79901 55528 -18978 -7601 339 117254 -72902 17728 34914 -42308 -13736 -5315 -15296 2090 46987 32591 -11068 -16894 -5194 -26865 -68753 53483 -67835 -6543 -39548 -3783 -45377 -57924 9344 61377 -10519 -35408 13381 2677 -10105 -79144 -42054 25531 -35047 -1670 116218 -29850 -4059 -4355 -20195 -72050 -67837 98113 -33288 27655 -81229 49428 54518 91011 39065 -7395 -68015 -44650 -100962 -63539 84445 54332 -49160 123553 40850 39003 5615 6317 -72492 1883 -5109 -141726 -93176 17613 -51858 -54382
-83568 38434 19911 11263 -1249 19415 -2929 36920 8780 -59084 -72510 97575 -58883 37081 9268 84737 -107976 -33183 -72916 -36908 -20681 25955 -8830 -2721 30814 -75805 77225 16737 -32008 -64884 -60587 -26101 -31922 87632 23633 18168 -10495 -21119 -42866 90167 -4434 38499 -64771 -56432 -89751 -4193 -69286 45356 -79777 -46356 -33889 -120351 -24731 -36714 66618 25007 44555 55176 -13852 -70082 -40608 98191 67643 72705 -46476 -22824 -99508 -42554 16513 14286 -46678 -45813 44140 -43417 47824 19900 -58426 -24338 54830 -3220 141168 31307 -35052 -65948 85092 -52431 -51921 13859 73830 6733 -4222 40553 -9888 -18300 18094 -1538 109691 -22121 111703 5869 139507 -27839 -8470 -14852 -37197 85652 7619 3884 -92785 -20922 -120268 12848 -14899 -15176 42244 33523 -10112 97690 -77641 9861 -16576 19583 -34472 18160 103647 48280 -30327 -61903 -49534 3844 8036 -28532 2657 -22643 67564 -57435 24907 14989 16836 41314 -18308 -7600 41114 -36100 114455 -34661 -26203 -22606 -95373 -1398 -55935 3394 -4261 -58938 -24890 17416 38366 -76161 -87112 42447 -100778 64586 -116808 62071 98613 -114937 -141274 30233 4062 46781 45212 -30250 6668 3934 146624 59293 78944 -69142 32962 -78269 140724 -80202 -91689 22129 -2304 -83766 -94310 -68362 -15269 101062 -87182 -70071 21311 112468 103581 -6937 -6190 -21343 -48566 -25975 -7313 64882 -157470 -57829 61660 17696 -21461 48471 -39869 47260 54143 -66154 -120429 -2424 -70161 -41189 -53608 -28176 -78613 58727 -64542 -95627 142647 20081 36372 -6034 -64623 -27120 -89187 67742 -39728 -30273 -47258 2269 -9151 15760 139691 43812 90265 -22334 34482 -6431 31493 63357 -7367 67108 29702 1651 18131 -24121
34003 24109 -26478 27949 -45547 4364 -3058 -11868 -41670 58999 121533 47450 86053 -15834 27509 -84372 -42846 -58353 10532 35923 56838 -20062 71425 -70611 18970 76040 -33926 -80677 25395 91321 36251 138271 27586 45951 -41087 -38742 -82533 -156385 77823 20262 -42499 75136 28963 36609 62960 -84365 -12376 -9416 37715 23192 -11792 -94370 45621 -36650 84249 -56486 -60729 -15594 41667 -11237 -61545 46367 -43117 -8546 11583 44638 -17370 40032 -11544 24857 -4462 -8168 -142 8150 -40232 41861 -51520 -44075 -64364 -13549 41534 75056 -483 43019 -14489 -27376 -73430 -41011 -5505 -62581 -63926 64943 -18503 53978 -49613 -38504 -33014 33804 -117667 -43337 -32705 1420 -1792 -23464 46937 38975 154585 42033 1537 -38319 -17758 66802 -24006 -9525 -6469 -40756 -104415 20286 11359 -11712 -49586 24469 -27433 36570 41638 -62526 -13248 31820 9486 -47967 -81290 -43103 -62503 37276 -76638 -96597 -44212 -32551 64137 -34262 66181 -75442 11624 -35178 -26220 -21606 -69985 15841 -51365 -20363 -51872 -8117 -54005 -3717 -18839 -13482 70300 -46492 2568 15831 -141443 -21167 -46840 1484 -13207 -3071 -13131 -2182 -52579 79099 35462 6116 45108 -66728 16636 72894 79695 9093 -4414 23211 -61846 -2069 7982 3939 41024 -53990 -8543 6523 27460 27340 53310 75233 -26980 -62416 58696 52600 -2306 8605 -88574 62867 -34602 -11309 -958 29529 -94902 -64222 -13702 20290 36325 -10974 -40054 86532 27498 -7402 -10275 -10397 -10131 123579 62391 -12353 20641 22959 87666 -42162 -62202 -25108 -653 -17154 8542 21384 4905 -72470 12369 78061 16295 134496 -9783 -58940 26872 -22790 71605 -138594 23251 -31815 -34543 13839 49364 64872 51152 3455
-25050 29488 38173 -14945 13608 -110936 43460 6928 -8007 -29282 25848 22950 62140 -20258 2697 49410 63406 18350 31627 -19739 -94828 61497 -61843 43986 72449 35454 69113 -37225 -53862 7563 -12975 -16995 -3179 -46745 22552 -31005 117184 -7242 -34742 7844 58166 -40684 21148 2096 14261 21200 -47572 39485 -85002 -12122 24668 -107318 -45081 31927 -50488 -2575 59373 -2364 11511 40155 -66410 24278 -17138 59679 2614 -5203 32686 -1491 -87709 -5655 -488 33729 23835 -34091 44304 92792 15061 -33739 -57550 -12040 37092 15024 -16721 18989 10414 -19028 13464 -1718 14231 -47932 31924 27977 15738 -16376 -20289 43118 -60444 110700 -19904 -15116 -15746 -12593 51056 -51297 698 60018 -64487 -5923 -9010 -3803 -36959 14132 85437 1815 -78432 46566 1256 65948 -58968 58680 70496 92620 54454 81796 -16003 -4664 -28365 12483 62402 37481 37607 69583 -2342 -19862 46268 22854 31555 8922 6766 -14079 -25404 -17875 53669 -3271 78565 -7422 44037 88112 -32166 77330 40047 22555 12781 38697 35954 -28295 -9517 -83919 -52438 32095 -4028 33704 -48785 -74980 -97980 -35286 103186 100261 72526 73558 -82828 8892 37363 -6425 -28454 -55478 13402 -5984 -3264 24867 -103377 -51355 -1642 -28091 76735 38505 7214 28858 -49066 53438 62688 -14908 -10633 26553 55102 1304 -14849 -37949 -21407 -14682 -29296 15422 49435 -53844 96764 3421 -30620 65846 98078 -17448 40755 2725 -56298 77321 66020 -64818 21304 -118578 -39431 124704 -45011 -38058 28334 35871 3884 -44475 -2089 -16457 -101292 70288 -14861 -4682 -92870 -31856 12468 54976 -71473 -26361 -67074 -90745 6220 -2096 -32012 -40735 -2861 96741 81454 291 -82456 -81231
101327 76431 56787 79976 -77587 -10775 64487 41104 -12015 65744 31282 72102 28564 -23069 110658 -89907 -1822 17966 -14636 91225 -20211 49128 18142 8973 -8825 21640 85272 65725 42877 -68448 27848 60025 -126782 24210 47740 193769 49369 -22519 18600 -55092 -36077 3184 50132 -82160 54579 -16012 -52428 7967 2966 44141 36841 118235 -162450 11696 -123661 107852 -44735 -63572 -20088 -7372 -4155 -101177 6057 -111038 -9223 51456 -28473 -53399 55911 -77332 -100561 12917 -23564 -61521 -103855 -6842 -3852 -63189 40776 3571 -34873 -65689 -76728 73512 -50717 78674 50682 14717 -89809 9871 -13313 -31959 101426 -27484 -38761 -26564 29274 -57232 -72104 -27020 -97193 688 -19410 8646 -14414 2942 32698 77138 -56791 -14512 4680 -4915 -37713 79509 -68547 -7942 2504 -31667 -106674 34571 44130 -14786 37169 661 24242 -23828 -43716 11375 -62891 -103417 -49517 14945 1080 -97852 -4203 -35396 72876 151849 -4425 58477 -9255 77935 -80187 17751 -13648 66365 26044 48237 53505 -6052 66801 -75550 31115 15398 5981 -110423 14559 -4895 17320 80218 -31168 -85981 2848 -39494 -57515 -44292 8355 -127463 110986 42265 8159 -777 -67694 -33603 -31661 -64070 -4532 8841 12631 -41098 -34891 -58094 106993 12961 -56943 -74095 54743 -3365 4897 5074 7373 78483 -50107 -2125 83039 -113276 -15692 26693 -9395 -13780 42742 36228 -2679 37141 -10700 7163 7342 -8626 -16270 16537 -167570 10088 24816 -37604 -35585 70828 -115967 -69034 41293 -70696 77974 76668 52164 77095 -9054 -24607 1371 -120960 12422 66633 9036 57605 -42762 8746 66078 -35383 54791 9317 -56864 97852 1426 5651 -22932 -56668 20824 12224 -28541 66554 40025 -19163
-41829 -85157 -36101 -61881 -36481 -27558 33745 -8024 25924 1911 15558 12880 823 8409 32523 4195 -15142 38627 25164 41968 -36174 2914 6398 -30040 -57971 -45243 -140592 -32992 -11349 -12993 20604 -15040 17191 8397 -1537 -22173 -93714 -53269 121029 -55677 31833 -924 62250 1423 -39323 -29373 80946 -74653 13235 58652 104401 56427 133709 -60515 -12939 -36448 -91317 -26583 31907 23484 9866 -87268 -2477 10827 11115 -67443 16462 57478 -25999 19179 45052 -39171 -67324 22466 -16374 -32808 20180 -16634 15557 26664 -41125 36872 -12674 -27398 -150341 11447 -52529 14524 -22090 -128811 -23509 -38613 1369 26324 29018 -73655 -81054 59113 53493 35234 31865 -11842 -38012 -52696 15822 36178 15919 52544 -66762 -51079 41025 -9652 34770 -68941 31833 -57939 -43328 -34833 20026 -30897 68023 55089 -7092 -86631 -8777 -43222 -46348 26940 22990 11569 6065 10647 -29695 19869 -64680 -87935 39499 18769 29223 53440 -31225 -2364 15123 20637 655 -63812 12643 59753 -42735 -41335 -60667 19757 -117897 -35986 -1519 31131 -1743 80649 -29796 78271 1903 42871 -22698 45163 -97491 -40573 73284 -70138 -37398 -18610 3620 48771 21454 -3417 92958 10847 38028 -64978 -11411 46811 -18105 44592 46050 89034 -3226 78349 94309 7003 -940 -92016 33687 -156421 30426 -30157 -35677 -81165 76822 11185 -25943 44086 83460 57164 73364 -27742 15564 47920 -23989 -1655 -24127 -25968 -69321 13886 48062 -67215 22307 -96646 -22038 24914 -28236 55205 -60872 -59716 -58789 -8802 -61979 55699 50796 -119247 44374 -123273 -4630 -1323 -31384 18725 -20041 17409 -50142 -48547 94545 23557 -89637 5141 -33568 8092 -51330 89355 -75252 29734 -42076 -15295
30497 32116 -21995 -33594 4988 -18253 10167 -49456 112082 -2220 76538 -6220 5865 -24108 -49893 7811 5348 -820 -57784 -26202 11501 59916 25746 18752 53843 43043 117732 -90504 -65109 60932 3738 -45946 22414 -30481 -13194 -10719 89697 -9353 -32979 -86588 -8408 26706 87116 -65749 -117116 13668 -14742 54739 -8841 -45428 8507 4767 22051 75494 -32529 135269 -21525 -44307 -21679 -21567 -18845 52578 29880 23307 -78929 -99465 35303 48005 -20334 55214 -31062 15350 -24245 80893 20889 -4730 9431 -3434 202 -95341 -42298 11711 38101 15049 32313 30661 23980 104391 -43984 -33026 5637 12926 20416 -43811 -55446 44783 20904 133667 41861 31838 -39426 1354 20936 22197 18173 -3912 -27066 -116819 43689 66610 43023 15620 37753 79296 -11084 -3322 117431 63371 -27602 30517 14592 89502 132507 -46577 21680 -33073 16571 13363 -6456 -91657 -30562 95692 -38975 -19226 31189 -64415 -4602 -73344 22348 -32718 95812 -2979 76695 -50278 90627 52347 40046 46196 45863 15174 85001 18179 -50970 2010 115564 28508 -108167 25671 -4705 51140 -54556 49557 69816 52854 -36281 79485 30921 20153 55830 -44106 -6326 -48753 -10103 41174 18540 -20278 -23273 -64764 -14322 53334 -18109 55882 61109 -1261 69279 16315 -11947 126372 -69480 65004 -743 71372 -5044 24866 -46736 -26238 17486 28714 24075 11383 2338 -4437 -83725 2865 -47166 -9971 19733 17809 -18862 34613 2530 28456 -50043 -52096 -87862 56043 31872 -25990 39376 97376 19495 -29432 18589 25494 82053 -55989 -57481 -17772 -90668 31138 -9918 21879 -43804 -6220 -81943 -3522 -4398 68758 -109718 11046 16708 -20310 3526 42916 32644 -24992 50388 -10583 22456 -87894
85270 11824 7422 -9633 74939 22001 -14235 87643 51249 40441 18715 70327 34185 -6259 6868 -44114 -32943 -32993 -3047 104845 -5839 54646 -37405 24466 61647 -3127 63676 46800 98346 46275 23095 -9705 -40215 -16837 1961 -12825 -113625 3336 1938 -144173 -15423 49733 42286 -16684 10371 16682 37915 -38318 37592 -53608 14710 -931 24125 -16782 -33270 -60937 -68619 -75858 -56042 -66425 -12654 -8466 70930 47853 -56012 -19808 -33646 1206 70537 -21164 68505 16854 -84173 20838 31784 35579 17489 -30634 -73743 10453 -39430 -72018 72729 -69184 -10314 1180 -16399 31449 67475 -23684 -38004 29681 51031 -81009 105459 -76015 -79687 -44417 -111046 73364 -124908 39622 -69871 101533 92114 4445 38350 -50438 9651 -5892 44172 -81285 -34466 -26874 -26115 12061 25422 118642 -42559 37608 84402 78078 -56378 -22973 68426 -44753 -148213 44901 94655 81109 9050 -34187 -95174 25988 -58029 64516 50478 -10781 129696 22292 26068 13649 20873 -52715 26473 -25604 28970 -77499 50122 78883 -32910 -31084 -49648 178815 -20784 13076 46823 12595 -818 9504 38008 11067 57442 24737 -4471 -92775 -73928 -17980 62786 -4403 55810 157383 -27530 -92415 -18715 -41598 -24726 -19192 -34752 -8702 -86394 17752 7242 77426 30128 19122 37576 38038 -102561 -95851 7111 -57388 -35404 -79580 38023 -12886 -11318 -3077 11546 -27830 44062 61450 -28102 -49736 18577 -41974 74921 49192 -38855 -56299 26689 72551 -69742 -62988 100597 -70701 -152027 -47007 49281 -10399 45973 -65371 -18789 -43856 46391 -80254 50717 -21143 61078 455 45235 39691 54550 -27376 -17460 35583 96856 22066 27495 -30820 -84420 -48811 79474 40359 -55471 84195 -145015 -66489 545 -12376
-20046 -43365 64133 71675 48058 13041 -20680 59558 -85181 -75945 -21433 -23531 -21133 -96202 57142 55918 -62209 -38769 29926 54429 -105436 -57498 10222 14409 81116 43978 44884 13883 54893 -165869 -89500 -26766 21547 41515 -22931 77840 -36356 6711 19104 23742 101162 51104 -50368 42562 74272 -15052 15497 13540 18485 -100596 19961 -58841 115637 -71255 -20700 -3728 13518 1716 -24264 14329 -38132 -85602 3206 -87640 -101126 16999 22017 -158695 60241 -59471 -23774 -49464 89681 -25336 54378 39197 20399 -61646 -32942 -46155 -42046 64773 -28483 80764 25675 19305 32726 -30700 28119 -72556 76502 32555 -35804 -16083 9192 26329 -70406 -32422 -32504 38490 6060 11204 29967 -68800 -53662 -99916 -79747 -21485 14578 32569 -101477 -28055 11640 4756 -56894 416 12205 5234 3262 38955 85881 -27557 28723 24725 -20787 38080 -52947 -77269 89232 -145310 -24958 -92400 2949 -46633 72047 -9876 -35796 -58713 42173 -12260 40388 27718 26377 83358 41163 30551 11060 -14718 -36916 -43415 49184 -36868 135499 -40298 -89534 18499 65916 -20331 39914 102260 14317 -25809 -63454 -5767 30854 -5866 33707 3785 22993 8399 -18956 83122 9376 -6474 -147342 -25231 33550 -3041 98114 -99644 27232 -22832 34372 -21502 42683 6967 5203 -21504 -14958 -21380 14712 -13649 48591 44753 87301 -45451 -84044 -12764 41079 38786 -20539 -10176 -40761 80457 -67155 14093 40966 71004 -76079 46050 -98948 -69555 -40468 87092 32035 -141166 2019 -28345 -51250 -34857 40433 72602 -304 -35933 31596 17259 -24285 88455 95547 31790 -92796 73801 -69781 -101643 -31746 -92236 55110 32787 -56571 -62814 -52127 -21717 -3829 42478 -51671 -25603 23916 -6052 22143 6483
-16719 49478 -15504 -29347 32257 -26969 53054 59585 113437 -5707 18314 -87838 -8815 141902 -15623 -51154 24124 26590 102885 61343 51031 30058 7129 48880 13686 17683 -52354 13730 54565 -104399 -55871 114296 5566 54152 18423 75195 -33110 61456 -16061 19259 26434 33185 -88337 34480 43645 -55208 94540 -30502 -44012 39535 -9734 55723 12206 3164 -18248 -59289 66812 11105 14089 24448 16261 -10308 26893 15585 -18825 -17789 12674 91103 -9509 -105414 69984 40521 15564 27168 -9579 39832 13018 -36718 77111 -75256 -24630 46996 50737 -40693 -59767 44848 70490 19561 -5355 -46562 44785 -50037 -44184 -424 61 8875 -43567 -13513 -38468 10715 -31553 61445 -23091 3945 28871 -50754 -13806 -6775 -39970 22367 5378 -40445 19636 9777 62383 -33195 83807 -8368 69520 -33777 -58123 -38528 85324 37856 -32016 71497 43897 71714 34560 -26296 19352 43855 -9460 -110401 -34990 93781 47138 -6883 -6127 -70417 -9522 13906 -5565 -47099 -586 -31736 18453 39575 74882 -45475 -27680 -12079 4793 22457 6883 -2221 -82460 -6349 31616 -96659 -8157 -56367 -65032 1681 3171 55046 -50415 -67526 -123816 -42940 -45034 67575 53105 -74298 76845 36449 -83646 -37789 41300 8044 46772 -34933 49853 64736 54894 -5489 -127554 -40835 79050 28004 -49043 26132 83070 -123166 70798 -91224 41976 -48224 26448 -59824 -50154 -12060 40021 21626 3527 5834 -12046 18078 79675 -70060 -5545 16836 60003 74226 4983 67412 38454 4080 138621 -25366 -25282 69633 -30787 -49546 -5925 -38050 14958 125189 -20750 33614 44585 -58135 -69768 -41821 -120752 -10843 -66313 15868 -50645 -63882 67449 -33507 -43138 8970 42433 5525 38586 91363 -112376 25920
-19747 -6279 -25704 26540 86045 5000 -10338 34044 39880 38022 -14802 -72387 -100964 -51775 5540 31592 436 -53062 -23340 -10621 31536 8449 -20923 84587 -10833 13400 -32424 29851 -82383 -35575 -49131 46547 39765 32770 -33433 35489 8137 -9221 48446 73100 3422 -1517 -3621 90601 -37683 162770 -71205 -109182 41580 -40005 73365 12979 -39074 -78043 43759 -50418 10017 56722 61854 61503 59055 11986 -51490 -8242 58594 -24406 76592 -62325 -21355 -4737 -115096 -19087 28198 24868 -67357 -5238 -13721 13249 -29014 9021 37844 18004 -23995 59723 -46573 66615 35859 -39680 -17148 -102026 152159 64594 25959 11609 9551 -91907 -42176 -16496 -103522 819 -78811 101128 -45902 30073 -40333 -132311 63102 -27124 86178 -27311 77563 -11156 53433 -36096 41514 41680 -57952 -50840 -26532 -57421 -8598 -53327 101008 5564 -78900 213 -57682 19130 155846 -36802 -71417 62543 5635 15632 -61757 -21121 84651 -55116 43286 -50354 40566 -98676 -26395 -41156 -22776 -1274 42641 15663 -66442 56 10071 9198 -22304 18940 76204 -25562 19207 66138 5781 15670 -1791 -27690 -22507 66916 34809 -75028 59454 21455 5698 -28083 -37186 -1501 4163 -65928 -14683 15837 -53928 14553 51942 8676 -26035 -7613 -10461 -84624 72760 -14306 67862 29736 -3833 4009 49091 5147 -34038 -5078 18504 27700 -39643 -65412 -2265 71855 -131987 -20575 113896 97520 15224 -41072 31826 -21991 -38787 92436 -10258 3673 41446 -101136 21297 53740 3126 -10638 10940 38242 10723 -107341 -32599 43160 6119 -81892 17019 -1437 72536 -81621 10722 43016 28885 105168 -36438 150333 16327 18128 -23009 -29978 22463 -563 -88491 -41234 61036 -61081 28093 3948 14540 -2117
88207 -64154 16038 -778 24400 31740 -17510 -94393 2384 99589 -18252 -8076 45804 -41059 49160 3332 -27941 13552 103478 33827 65392 9489 -90256 69310 -11608 -108315 -32761 -79362 -6617 41327 7936 111842 7107 -27706 104218 -2023 -12001 -68647 -41063 -28434 -19630 6194 -55617 72868 -17713 31395 55940 -13119 -7030 -46006 14506 26561 126088 -2509 54422 94346 -26354 -15642 -29888 -54128 29859 73625 -22226 32320 61572 -16655 -150707 8141 20432 -54417 26611 -68368 -76953 96861 -72968 -43384 2332 -80856 3355 13324 26620 3866 93189 -21214 -17457 -37717 -15571 -28712 24976 24119 39587 -175434 -15597 -37879 60742 -16110 -102848 -13000 -69491 -38099 -38150 6897 31021 39878 83146 -11127 -29627 72578 -38754 -107347 -2386 52030 -29509 482 6807 21537 17961 -1575 -121854 68170 -54187 -11462 32197 34247 46200 3569 51343 37106 24820 106733 -55013 26930 -50820 -70226 -49336 -35578 -56331 44035 44996 -78514 -6669 18876 -74621 -52495 29104 -40945 -7387 50787 56127 42127 -52558 -16069 -57247 6881 -5440 29328 -25814 -70499 -77806 -40845 -6607 20887 -61389 70975 -18512 -13120 -142935 -70636 123625 -48718 -41067 22141 -1863 -26235 -95525 -57565 33613 50343 9751 -38514 66342 -39741 10538 22667 15847 70528 23763 -14436 40761 -14691 111243 -71655 63007 -44358 61654 42260 -17422 51865 6649 -34447 -5549 6784 56825 54156 14431 32995 -93332 111797 -28647 87324 36500 44699 15077 18933 91669 -82997 -28738 -48302 -58317 29563 89667 -56044 18754 34242 121981 7007 -18969 -45494 26130 32398 14265 44567 38138 -36447 43973 -25211 -16344 -28698 -52904 -24487 -12638 -43174 -14586 38729 -54639 -6717 66395 -8805 -51141 -25524
20411 25510 -18350 66753 9782 9202 70389 -9423 72009 91038 -25598 -57756 -10729 62590 -64091 -33142 101909 39987 11400 64845 -59714 59896 -29820 36312 -21210 35922 66198 102307 7232 -85801 -9398 11842 15138 -836 63497 -63551 -32809 -11811 55166 41178 12520 35194 -71379 -27198 -33165 51776 411 -76315 32355 -95266 -11963 6210 16213 -62754 -51126 -9772 -42280 64771 59582 55984 4412 -20744 16220 94010 -12926 -121083 31271 64541 60021 21088 -7601 54343 77454 -107949 95591 7286 -98754 17774 34434 65202 15928 6191 -32391 10094 34565 21476 16798 -83425 -32462 15700 41434 19876 81297 41972 -21570 -53140 1255 4442 73033 -40150 -31365 93178 -4682 -61281 62677 16532 78581 -22616 28104 -16383 6725 31028 1503 51235 45570 -34720 -45081 26632 49980 -49693 -3975 -65016 14918 13690 -71405 26771 -5461 57925 -43410 -25051 -42142 70878 -1162 50949 112926 -72422 -54541 -12080 -15607 48353 60616 48776 52745 -7071 3753 -75045 70413 14116 -36576 3349 76724 -34340 -70218 45564 -24962 -21963 -44512 6016 29330 12534 -45678 107108 27684 16055 -54189 71022 61 -39361 5093 22004 -44325 83659 40971 -12769 -31801 43910 25511 -95620 18299 39177 -28694 72465 -44428 11376 -81038 -34004 12953 -23055 30880 -79922 -47888 -20091 -21001 9494 -54679 -10817 71646 9297 60200 -63908 -23408 34667 18835 -32397 52356 1990 -65155 115460 -41796 -70467 29160 -31620 19857 81227 15168 -2352 56722 22756 49267 -56046 73162 59628 14664 -4977 -52039 -130037 -106949 14849 -107212 -52789 -54903 -3773 77771 -57747 -61165 -11874 -21111 -24224 25754 -42969 22731 881 -24403 -8290 40187 -56382 20221 -96023 -73671 -3580
-46945 19776 -120005 -50278 38167 16639 -27782 92540 25978 -19065 41242 -9468 23777 13309 -75163 -48307 35921 -28056 3470 18841 -65063 -51116 -69152 -73276 104372 25105 15660 -723 26460 31245 -6299 65501 -19584 -37976 -30597 -21609 27934 -60784 111859 31723 5451 -33235 20268 66633 -7802 -15545 6519 -23177 59988 -5085 37363 5097 35709 -49630 -105873 -119736 -56273 2881 -20753 -52946 5440 21228 67630 -30706 -35558 49785 858 3902 -65349 -149250 9821 14110 15644 21975 -38809 29046 -55017 -72129 2841 6102 -37345 -20929 33253 12046 -11976 124497 -68223 23040 -25890 -43435 27893 18283 -10297 80477 -25770 -79877 -59863 16007 -22064 77430 9300 54 41235 69686 -97114 -90541 -42521 -6247 25359 -24637 16698 67 56096 23547 -54457 17914 18402 -71227 112242 7100 54460 -8957 -58743 -115034 -51047 -61613 -25395 29168 87707 93134 -4483 63863 -28986 65163 -66401 32107 9695 13408 -74341 -12587 38587 70813 59034 5938 -5371 24553 -43673 -7621 592 85781 -133109 3218 3174 -1834 -44609 -95214 -206267 27849 -54027 -18120 12553 -116342 24638 45037 -4640 -9569 -7742 -21486 -84742 66164 26212 -35124 29199 -127629 -1068 97604 61784 -29456 -44 -68121 -51446 50929 -62590 -35382 44805 -50171 71669 -73506 -33332 21882 14871 73976 43644 34595 66844 57675 28667 -6410 -30636 35051 -10667 172 43325 -118913 -42301 -84362 -28691 63236 -16091 33240 -13837 -9786 -18113 -90365 24580 57594 -78696 -85706 -66066 -34488 -62984 102507 24540 -29655 27045 -7129 -46835 70578 -67705 -89083 -118769 -76013 2987 -39578 18069 84860 22621 50511 -6555 -76625 -20237 21832 6403 -14487 -49705 32376 -27368 26052 -4153 47147
24457 51183 1955 -69395 54941 -37073 13476 -48413 23065 34684 11347 -65043 19277 -68424 50771 -9351 22603 13988 13165 -113062 -102500 -142893 96322 -16612 -21230 8699 133407 -20701 -22094 -404 27057 -92470 -8457 28467 31675 -1710 28193 -43593 -54265 -36948 -67587 -88625 69480 -31223 18494 22018 6115 9237 -61082 -77568 -12244 -43560 -61525 -2976 -13087 20268 49245 36685 20801 -27662 -32552 43271 -21030 -50350 -94292 -11713 86023 38200 95535 -87023 42383 -26096 65900 33130 -121184 -15499 15354 -3957 69137 19041 93326 9976 -63246 -93293 70997 64931 -49934 -30669 19567 108939 -9611 -4853 -3983 -57982 -20159 13475 -32962 29923 -44858 67132 41334 -20871 64836 -130484 45615 31790 -84835 -8357 -46979 23653 -33797 21382 -19091 -12797 -47522 452 134046 -15476 28734 51754 45692 -4743 18143 69243 6335 -18123 -12759 -7263 18866 -35609 -18756 -2179 38408 -21079 96576 -39706 -17936 -19366 -20877 19584 12714 -69204 3002 -10463 73721 -17267 22847 27388 -54875 -19349 255 35839 -3922 -7252 3268 26516 1664 14210 40276 -2904 -134632 28554 62956 -47041 97321 50766 13378 3183 -69658 80819 -17837 41439 27028 58762 -51568 -73534 71658 -38463 18047 29512 44016 7626 4181 -52086 -51913 -116173 -92495 58804 -146348 111800 29053 -51765 15448 38366 19267 59100 -6714 -86750 -14654 -19403 -94869 -18470 -8499 920 -29616 68212 -35460 31389 58272 20605 26238 67645 61369 -1448 -55032 67888 -44119 60585 16096 122047 -34964 56591 -65721 55992 -21256 31961 -20734 26949 7699 68469 -115539 76272 512 18247 63683 -32746 9236 35721 -101339 -70456 65455 43244 14609 -15198 13007 86777 -56967 17312 70073 -21906
53068 28768 53944 87777 48632 120373 25501 9344 19668 14110 54751 -67206 32151 8472 40839 15344 -64799 11227 -20569 -45407 27469 -25884 627 -9345 -61848 -1734 -101389 -40607 13704 -48157 -11322 -131027 32922 -41205 -4654 6383 -37534 78794 35525 45752 -35861 -37411 58006 33314 -54535 -51078 -23513 74487 33333 67985 -4809 -66712 8805 -21056 1584 14114 20254 16724 -7794 29748 13076 45742 -1781 49481 50730 105182 45124 -27121 58531 59055 -10084 -7146 34573 -51231 37979 3008 3024 -31892 -77112 -55098 27413 64738 35013 -106337 -8644 -22888 -7575 -19956 -8630 8357 -45978 39119 81730 34996 9844 -3543 597 57853 30142 11946 77151 -81689 80235 71166 -26515 -49775 47465 27664 1195 -56572 6644 51386 -44362 -20919 16193 -33288 19121 89632 48583 13691 -5511 29696 -48618 -67264 6293 -49359 -31898 -59571 4950 22332 -61066 35486 40623 -15705 -7784 -11399 24419 24577 29478 -32247 -102986 -1873 -4276 -22000 70992 -8751 -50598 -30694 28712 -42819 -46371 13566 39210 -38709 -4448 27236 81731 8488 -69030 38399 -51532 -25165 11914 18711 -33380 -28611 -24391 24615 -67527 -27490 -14292 -35055 -38043 92952 -25453 10769 -72830 41561 71140 3304 -34647 -41421 3292 -5693 78944 -20130 -13037 29089 -28809 -4743 11877 -86102 -56881 79751 40749 74852 -36139 47059 -43754 25557 -34493 45141 105753 -44306 56625 53543 -36437 9167 -49511 2528 -53523 -61036 -60007 34611 -62577 -51095 -18932 -53023 -4923 -15279 -14550 20277 -70817 1489 21124 39456 61131 3827 1810 -74469 -44601 9207 67810 30083 -56582 29994 -85371 25547 17566 78112 106417 -70865 -47429 19968 -35771 84767 1685 -56782 91732 -192
-51311 -34243 -30672 -28415 -92252 29680 -17798 25405 -28757 52749 42548 -12267 15363 -46613 119906 -21970 19984 70224 43378 13970 -10150 82653 141640 37106 -4684 -35602 -31954 -34817 79905 87266 -48 -23047 81 -45770 -42387 -33940 -13302 -70927 -35525 -70919 -67878 35480 29691 -38345 36119 76790 -4863 -22183 -66768 40371 1043 18197 15429 78138 32421 9697 84671 17064 -52504 -93007 -41684 529 45845 -42374 -37409 86208 123492 51312 5530 23017 -69352 -124684 50930 -36499 -92199 -28971 -48575 -103512 91629 -90323 -17716 73234 47981 -11522 25557 -440 -30109 -32852 -10712 -11492 -8527 -72170 66020 -57255 45301 -3386 -65144 -50993 7737 -61401 91698 7847 -10126 -17116 4902 -46213 29940 36711 -94297 210 -20182 -84128 -54243 3520 -35375 -52799 -30842 10741 -9542 72391 74684 73824 -2435 48488 21792 23195 10221 35774 -45222 44952 -25678 32244 -37390 -121756 -37460 17482 14940 -26229 -4666 -49759 -290 -24058 9249 34421 -6447 53501 -97084 49965 -48283 -19415 31792 -80716 128551 -20232 -25992 98244 -14534 9654 -94346 -43577 17765 57093 38785 50292 -20067 -139089 83773 -31003 13197 -14569 71015 70151 47489 21562 -20553 113266 51292 19788 -46684 -67264 47501 56684 124447 1976 29453 60789 -40721 6190 -66269 -24141 10052 31531 49986 18737 31360 -20582 -22445 73371 -130974 -6869 -26591 -71385 451 -4732 -40688 30263 -66010 -57545 -38369 -24837 -45838 -7089 -24105 -89218 38869 37584 -35509 -965 60954 -8680 -57900 -45273 -36360 -47459 -6467 62976 -56620 -20388 8827 33238 -1407 -6246 63986 2416 21490 -25926 -123810 -20002 12034 92957 -35113 73264 -69898 45509 -73306 76265 -26510 -9088 -86257 -16678
141803 1857 61183 52976 47221 -30994 15507 56359 56819 8780 -145414 -46771 -46197 24430 109189 20382 102293 95642 -66143 109175 -25886 24282 -14293 57640 -101454 41986 -73282 31390 -45712 -68071 28684 -7237 27600 -23676 48809 -9041 -48843 31263 -25957 -32473 -19279 5763 -21611 20779 -51226 30622 64716 35321 -48467 -11572 -53259 7720 -55833 10693 18584 -40254 24944 22765 -68145 -27614 -36321 62797 97537 -62254 57996 -40638 50414 28691 14874 -36440 16432 42870 71440 -46219 -12232 -35971 -28753 40643 -63209 25249 -30834 -108284 -17554 23382 35882 65705 -70581 32940 30940 29870 110743 -14822 -41854 -1029 -8033 -30012 -60631 -102442 -4056 -6604 -37024 -59499 -31914 -271 9263 -46838 -35305 -117278 40241 66976 75785 -828 -46887 -483 -10729 -43702 -15329 23298 -134346 -65552 -16877 27943 -905 -3066 -14140 47482 15364 38146 -38745 45582 5636 -12967 27372 -86676 -142202 3920 46389 12796 -40064 39196 -19285 -45219 49809 -33358 -3474 -27711 57553 -20037 -29364 15986 97253 -10423 -15938 -58459 26554 -5860 49805 48835 34382 43103 -7493 51016 91425 -17769 13444 -29826 106801 -619 11926 -52467 -35968 -66645 -53826 -159566 -53042 -49419 1192 -18579 -20697 54839 -30831 -88978 30315 32297 44833 37930 46109 24250 -16043 -138422 120464 -59460 -102304 26936 -98895 30815 -46273 -15151 77462 -4045 -34561 -41971 -11483 21365 42378 -84337 -25533 5102 -87624 5299 95161 -9477 32863 140010 93311 -19479 11789 23968 45908 97191 134177 6832 -65424 83523 58700 -54331 -57909 8336 69973 27741 -51827 20978 95495 108480 -1926 36602 -60730 -4384 -34848 52222 46631 1493 -71364 -103727 -3934 7288 59250 -44023 48649 14870
-33783 -20016 34397 -13376 -87024 -47198 30197 -6950 30593 -47536 -56270 38297 -46161 46288 29801 -2063 -82058 -104708 9865 -52919 53573 71668 48863 27382 72709 -14415 -16468 -5786 18714 -41051 -10823 25195 -30946 -44659 -42546 71751 -17607 -59931 -54503 14737 81198 74130 -80449 -53724 -15038 59885 -132064 -60177 -23341 13844 -58790 61196 -13538 -8770 -31621 -35824 -40323 29024 -9417 -80616 70975 -34024 -75773 -66661 35862 65562 -35502 -79577 -62174 32787 -13884 71284 25590 -100254 17232 -83624 13438 -56758 -5084 -9074 5183 37168 68213 100827 78794 -40031 2974 -74293 -7615 45842 110763 55819 35926 -43000 66859 71732 -57463 -118726 51301 -84400 -87639 42843 49562 59590 -122047 69580 -28596 19271 5640 2946 -34809 -13684 -2964 -130406 5335 60273 13920 14425 -19725 57224 -44924 -17450 98219 -68026 -6114 -6434 -47909 -23988 -20806 -44113 -44823 -3995 -25344 24628 102528 41799 15607 -65486 16791 -22976 1586 -14719 32009 18215 -20030 -13223 -41619 -51291 46435 -87431 -5954 53946 -14258 -98139 -1472 94833 38249 8749 58969 -26906 109322 -8067 -5157 71724 -61457 46569 6458 3957 104011 -94989 -29124 -11839 1333 -12431 61537 -47927 12945 -52166 -26805 -27149 16853 48252 -21886 11713 -29858 61160 -67126 42557 -34633 10382 76842 -16071 -122517 29015 116474 72840 -59314 10074 65869 35981 -9389 98718 18522 13504 -20227 14629 30220 64105 75207 -4090 22113 -3679 -1959 59979 -1496 77967 -42712 -80634 -21717 60368 -36752 -10144 26468 88831 24402 -8153 -38276 -40804 -117609 -24749 31376 114250 -9940 25875 -7473 -86340 22232 -12266 47345 80317 28184 29147 14231 81536 9104 -40267 118114 -6317 -32463 -20556
63236 -21316 -60070 -34592 -28792 -28381 34384 -20174 575 -7374 -9080 37045 62151 41579 73465 82967 152620 -18409 -6975 -28687 4405 4906 47145 -43289 39258 85432 -10598 127137 -14848 27605 40318 -24072 -76752 -84173 9285 -66402 17408 54338 -56708 -81867 30248 13901 81236 70407 25481 78479 -30545 -69141 53280 -58901 -10674 -1432 -12414 -25776 18525 8812 16267 -136189 -32807 -40718 -46351 57572 -58405 13312 126935 -22968 62678 50829 114401 -8507 -52355 4408 -59409 19584 -24331 41789 -55106 62326 39162 27242 -28021 -22836 98696 108199 26080 -16220 7943 -4402 64554 71034 -42762 5012 78128 -50748 150232 32399 -105263 -50009 -45656 68119 7117 -31618 -73131 -18288 78858 -22805 -25469 12853 -125927 37624 26096 -10525 53436 39633 -58360 43760 -27248 37068 68064 -35248 38941 49211 47271 -8279 -22318 29297 141391 -62149 2611 79832 -6245 -28064 -27985 37471 26552 48995 29253 46494 57389 -43561 74691 -40492 43516 59990 -54221 18710 -37593 -1370 -52406 42767 66417 -697 1588 64289 81153 -12348 -15288 26156 43936 34881 54136 102774 15517 24422 39198 -17467 -1042 -3227 96944 50229 7451 1588 16490 42787 97937 42370 38814 -7931 -53900 -64402 42806 36548 36981 -14343 18488 -27188 64666 -61584 31631 69762 -7576 13755 50951 -36304 1784 25937 52689 -54089 -33442 -57176 29476 -88958 42235 -32926 64101 78067 59590 -147090 -94445 39131 13405 49010 -46062 -48590 33920 79632 -30785 -83561 -32000 -98972 -61105 -114619 -18813 8704 13061 1635 48503 30783 17348 -38100 16855 62951 41539 -106843 30159 30593 96660 68378 -20809 48203 42748 45830 11296 -5382 55370 7882 -10441 -66760 11325 38145
-89339 2707 61073 -20514 -19744 35749 4419 -23101 -78203 -56957 18742 -75821 9632 28038 -96999 37363 -16452 74410 -14432 -76370 -62341 4480 -86695 -41810 -68109 -18854 7538 15949 -4979 28447 -19736 -3456 -57587 113840 -9751 -61607 -35665 34611 80464 99825 44039 22389 -70544 73378 57669 84828 -81745 -46343 -50961 83791 61019 -89359 33468 -11517 160839 -69637 52479 -111951 77302 99610 -11308 3877 -80234 27381 -22362 13959 32619 630 43887 32931 -14361 32998 29405 9527 34563 42231 -11552 38188 -49750 24057 81549 11075 -17774 -36284 14051 981 -73261 -26706 25020 -61305 60890 -30986 -7928 -21251 -53307 -51911 -55808 12384 -178130 -70078 39805 78085 3870 -6375 -4863 97040 92613 58688 18286 -2947 21098 36975 80646 -88767 -102584 -2561 -33713 -14474 44048 18384 48812 3974 70358 23827 -30808 70980 49367 -16751 67586 33564 42658 54989 5039 15083 -59818 30215 73030 -55676 -103310 60437 -24820 -85046 10251 48268 -45454 -83363 52336 40698 -101534 96216 -81343 -18490 56196 37061 -49968 -74510 -41064 50714 -10916 132572 66719 -61592 73601 6171 124036 2009 -13392 50786 -4860 66559 80520 43368 152825 4986 60657 35534 -57084 98453 -86904 25439 22578 5101 -15587 -56445 9307 43354 -5448 43907 -58977 -82279 101934 -25882 67532 -9608 -27057 58282 47258 -7089 -2223 -36088 -40690 95673 16792 -91447 -25162 71126 -24548 -5718 1317 -4156 -56356 35007 13687 31826 77639 18027 69462 78118 23294 31152 -122057 22031 -31141 45330 -24395 28937 -36822 -36673 78166 41215 10280 80790 -52217 46533 11093 -35479 -70252 -39517 69706 -121103 -12723 -34024 29921 -18235 54849 -9041 -29375 30274 31649 -34516
-72106 -52552 14233 -90206 -23299 51581 -33182 98224 79052 -45174 26065 -43109 33596 14541 99567 69467 -15108 -12827 29560 -21275 1633 -15759 -27080 -1512 -13963 45075 -112946 20144 -1084 -11677 -6850 53448 -15278 102757 -2752 2243 3906 8817 -14218 17296 13831 7722 -6751 10806 23679 -8115 70601 12734 -99622 28213 -17171 -122267 -45491 5253 56689 -21834 -71325 10757 63888 145449 49618 -46759 71972 -36769 -20712 38004 11310 27532 101308 -12884 26617 -115413 8730 36832 88657 2853 -17877 -4383 -20603 -19906 33469 47623 32677 -43259 -104978 182 -72926 51373 -389 -47021 -87956 62966 48327 -8615 43458 -22852 63062 -44228 -21467 59080 -10920 -5443 -35149 -66090 -72770 -103 -27327 49228 30360 77590 -76241 -100112 6290 5592 -73209 2003 -52265 19868 59540 43846 8188 -37110 -14399 115977 26447 64920 -27223 -11117 71134 87559 -40852 -52164 -81572 -72258 -9258 2202 65780 71913 -119617 16295 -89139 2188 8855 68553 107299 -101876 39959 -69702 -50993 47776 -22829 18755 -9393 -31664 -40782 -5045 10400 -1541 -7545 -6301 -49749 -42171 -52413 -32499 42248 -43992 -22323 17470 -110855 11937 50722 -77980 5809 1803 78571 82548 -48825 -54798 21073 -48531 77477 1501 -61012 95601 52589 12624 -10443 -18542 -109607 59700 -25190 -35512 -44680 102750 -43113 15830 32727 -3134 51356 -34865 79 13393 -12842 70351 -62094 -31106 104141 8285 69382 20504 16122 -23178 -54012 83562 -6679 -39910 12674 -40205 -35607 -53501 -80452 54377 -48926 236 30822 48537 37797 17350 54162 21576 -77913 41610 16025 4609 -65015 -24808 -6161 18207 -6464 19477 -22478 -1703 -48114 461 45757 50378 -18651 -55646 87732 -30844
-2102 5296 2127 -5765 541 23126 104116 47301 -90046 69757 -143601 30336 99928 2160 -61846 5630 15256 -40289 27142 -21850 61360 5895 -15828 98741 -12624 2348 19069 -18445 3898 80869 13789 39108 9387 65746 48023 -17986 4364 947 65146 41833 -10416 -26596 27725 -125932 1151 -28984 67860 3034 -11054 -5416 17011 83190 -6588 1202 76016 -2331 -92486 -23619 -8823 4451 -23698 -102568 70813 -81593 61719 63140 114079 44887 -37835 41832 -15051 -7803 -32202 -53256 42839 -106060 -50117 -26789 -10938 -62744 -7181 16606 -19954 -90429 -56294 29222 -61372 -68068 -56799 38973 -44326 40119 -11381 29888 16650 8548 -59185 23813 -72786 -3799 16560 -40943 -19598 49384 -53671 -24184 -88261 4473 40085 146059 59970 41971 62724 -53589 -102188 9800 70273 -52136 24756 20674 -14843 -73352 8001 15481 76397 -3692 -80525 -17330 -111835 -77194 -36554 -15644 -62689 -34159 19613 68722 30717 102366 -94208 52722 -52408 3896 -75618 -81616 13499 -85477 13486 39048 -106442 -40170 -159505 12978 28351 -24016 45016 -70957 -32958 -14807 -27482 17734 58721 -134450 -11429 -6777 56013 7127 111751 -53936 46589 -96258 -49401 40477 -61275 30444 143843 -86730 -38382 21197 -1192 90878 6605 43213 69285 -45672 -99853 -159064 -9877 -1184 -74033 29277 70464 16491 -107582 7777 63597 -20260 -3479 58027 -35028 59992 -74915 13027 -64170 101230 20078 -29747 -13852 -16111 48648 21587 -34795 -81182 33355 -61483 100201 -28177 -86723 -57012 59112 -22146 57373 23900 41882 -38669 -109888 27750 34230 425 -27807 95756 -8242 -55553 32996 37634 3621 -69320 39391 28816 -11100 -108764 87208 13657 -18181 -33829 9157 72924 -61709 25557 -26591 -54877
-69471 -38404 69801 -11638 22250 7428 -100586 -94695 -63953 13339 29305 15836 -35758 -4133 -150076 -3089 5607 24246 1335 9169 34649 -80430 53572 84183 52842 24082 91523 4451 -22605 22910 -76639 -80420 42872 72003 -27574 -23364 -603 -111668 -62476 48787 -28067 -46330 38013 910 27832 -42425 -26059 66667 1725 -27827 -21778 15756 -27879 61284 -36731 -52805 -28419 54205 -36859 9156 -5861 18224 5343 -81888 -56719 -60490 -51097 -2161 93902 141209 -127419 65931 31283 -50585 -76154 33698 -581 15468 72807 -11614 -37000 -66631 -67522 66808 -64016 -13010 -36919 -118799 -94401 -15409 -43622 73900 71772 -88745 -34341 86679 -18328 74126 -30063 -17574 -71344 74956 6217 73792 41960 -27549 59458 -27260 -51737 3000 70758 -23310 93949 -63434 45281 23589 -14293 24939 -79810 -2376 34354 82884 -36218 -39395 18228 -77535 -54228 32082 -8098 -43375 129204 12909 94710 -73589 -38446 -61564 8771 -106902 30850 3671 20596 -21380 -29493 -12430 -47459 -46754 -94871 -3228 -36114 -96160 380 91293 -108902 -3282 94281 -4736 -304 38700 58201 27247 18135 72561 34228 17790 -31333 -32087 3264 -13606 -17218 -33606 -97989 75775 -21516 -47241 -22056 -4357 104725 -27778 -9451 70693 -45856 75811 12181 7528 -86611 72021 4295 -28858 -5446 -38410 25128 14992 -89090 -9606 -20123 21837 -53164 -12985 27655 98567 98202 109730 -79104 74763 -39328 -11518 69823 44788 40642 -13727 47660 72187 -61349 -64884 10267 12579 -75504 -27014 -71640 90506 25772 22726 151195 42127 -30192 62583 -16319 15949 -28260 -70291 60549 43277 40745 -6360 -46127 16534 -4052 -54588 -40036 18197 28925 27230 34184 12977 -20555 45081 -31340 23973 18874 13658
11413 -61108 5019 -59666 -5656 99555 3775 22783 -84592 -14706 -20991 -53612 -90961 17504 -44813 -12249 -28334 -42253 51193 -53946 8882 18234 -735 39103 70949 -21268 91872 38798 -33187 46236 -65474 80452 15388 7290 45808 16457 16187 -102952 -67603 -15242 -32768 -44855 -10796 -23949 9172 -22146 -65659 -44445 -49076 -149109 19993 13566 68322 -39691 69103 -35435 14496 -14990 -1147 -76028 16984 -38468 2149 34855 49328 125828 -36796 -51623 -66592 22457 -77502 -12056 74702 -54693 -45940 1850 -24626 -19605 38216 43504 40989 35515 10589 13305 -56867 18615 -8476 29237 -4656 -23562 141447 -54428 -35409 42595 33054 31088 -21828 -80810 43168 -64557 -75970 50125 39129 21012 -2671 66063 -37737 34983 -36409 33627 93188 -49120 -65889 5697 31864 11107 -29588 -8385 34735 49443 25086 14400 -9316 117884 25180 -75835 38645 -17149 -10715 -64210 37210 -755 -41901 -15755 19127 1233 -26729 -38867 46398 -8736 13168 35836 48012 -91942 -23047 36966 5283 61692 39763 -24758 7276 40003 -30599 29045 10579 -8803 -90645 -15252 27378 -15859 6741 50084 -9618 56346 27067 -42410 31574 95862 16368 -19891 28642 99446 20951 16159 -45059 566 18748 -1588 13529 -11193 -16670 84903 -43255 -97528 -12732 24315 54391 73590 -28469 -68071 7577 59199 -7932 -38538 1271 48084 -2778 -44638 -44414 -2246 -5927 -15057 -73857 30856 30969 12921 -24112 32215 -19986 -28220 -41310 6691 39184 46332 73204 20946 -33611 7105 27594 -39565 26828 -12035 74995 17064 9711 -125231 -45199 -8578 -53841 -57397 -5312 59682 -41614 28985 13246 989 -15627 37004 52514 -20522 -12696 -50048 -7217 28236 -63115 -76653 9738 -2087 -38064 7327
-28784 -18589 -42899 36485 20052 27361 6196 -35604 -33641 81863 -18938 -52387 19242 47752 1668 -27653 -15412 -74673 -12366 -65806 9989 -12119 14245 43814 -3951 62502 30190 73021 -24070 9719 40592 35270 8173 -33138 -51181 -10696 -20142 73594 19415 47381 -46440 34598 31200 77463 -6823 -36411 -6940 -43363 -3283 -99816 2591 72885 67264 -3206 -19754 8566 -19578 -56584 -25456 -17270 36603 13531 -71146 -5278 -57432 2363 7723 50712 -124820 9007 10426 33995 13833 45964 -56432 28332 110996 16431 -15129 71301 13551 -6652 -73030 14416 44954 -54106 21486 50220 53169 -43979 9323 -5990 -43748 -11560 49295 1195 6154 46279 -68179 52472 -1567 -72522 -2811 586 63602 36555 -29020 -33480 31030 -30633 -17756 -55795 -38200 -28253 39946 71502 -123019 3457 -64415 40344 -15978 2188 59023 -80013 68740 73101 -56333 7190 -71417 32036 11457 -5620 -15816 8602 13934 -20207 58014 54693 24168 42692 -50272 -94228 24059 -46404 -16581 -26238 -87358 -56992 57894 -18971 93373 -43139 31568 52856 12249 22476 -104567 -26904 -89340 -19901 64927 -12142 43106 6097 -58157 -31745 65940 -39864 25143 -21467 14223 -56727 27981 19675 -5135 25664 4419 43667 12909 -29915 25656 -59208 60330 5099 80629 -44836 67475 49737 10453 -6196 -30109 -40803 44673 -99761 -48746 -40561 -29549 30891 84935 5484 -30259 108111 -166019 -60078 342 -14332 27212 1910 -64180 -11177 11943 26181 68921 -48638 304 -58017 4613 -23908 105334 5613 37226 -74391 -38573 -66011 57821 -69180 76860 -29648 -41718 -37616 87008 -25342 39667 -71938 18899 -67612 -29714 -70689 -25622 80715 39723 -54083 21571 82555 19709 81933 -4992 51359 -151849 -40177
-30031 9377 -16800 -9388 -42834 14241 20070 17263 -22969 10707 -8837 -36049 56625 -44541 18801 16252 92045 -25773 -60333 -2852 13278 5470 108848 14493 45427 48488 43413 -11180 -12289 60309 38626 461 -44495 -23152 -72220 -8455 12234 -17167 66457 12259 -29609 -10113 102928 42188 66778 16703 66910 -85903 5089 -27566 65843 59987 129708 -51069 122101 62454 -4100 -20823 3625 -9444 8757 -46001 2847 42845 18742 16121 16463 -49770 -11983 35997 -86863 -22839 -86679 33408 -37860 -42590 98764 -64472 56740 49445 28712 20120 65799 12940 -69275 -28262 -20071 46909 -69004 33382 30145 51752 28674 20865 2364 -3453 -50615 16694 7324 36679 10669 31305 -8449 -849 69578 11197 -15204 -27991 -40883 35475 109787 -54283 13466 8790 -23823 -31098 -48493 -59310 24111 -17825 -48176 6089 -76210 25542 48067 45254 -89902 -4424 -74483 52232 -8804 -48884 -33094 8897 -4740 1387 -86240 64733 47710 71949 -22365 51549 -75559 -57208 -125327 1794 -44392 152516 30395 42713 51073 30512 38619 9442 9318 -24742 83876 -51975 -49417 -28673 -10664 -38288 -7165 -15470 92370 -36713 76953 -7747 -56944 6011 4693 9300 -94691 90020 -50204 4441 18610 -67329 1787 -28530 -49626 102639 -28290 16838 26334 -17518 135504 -58597 -80642 35122 -24195 -40225 -174281 -48503 15557 -62806 24324 -57891 49389 29033 87374 -26658 -3047 -924 -51932 45095 41096 23660 -69974 -14910 -38685 -40633 12676 15335 125624 -72471 -57734 -101380 -4578 32195 54206 4843 -1728 10500 39052 -15659 47735 -46016 32781 -60541 -35288 -47845 118676 -49862 33898 53381 8867 16692 9417 -2626 10641 -104744 64151 137997 24510 -9546 106924 -79966 -8562 21692
-13980 51930 44396 24330 -10423 5980 -60107 68749 101075 -21443 30486 -6172 65034 63000 -20449 -46655 -39184 -15672 70422 -37075 2902 -902 26258 -39535 91747 -14398 31490 12132 19980 -10733 -65648 61164 26874 41029 32234 -8628 26825 -37877 58245 24602 -2448 53005 15909 17413 57524 -20271 -44162 -3196 -16046 -54764 -79992 49207 70869 -7542 -48272 -13231 -34347 39805 -53851 -5795 77000 39989 27117 -23862 30360 4920 -12747 12845 -32915 -22758 -11059 -70536 83026 66183 88177 77568 8782 -16336 -1333 -32105 73503 115040 -62972 -26875 60722 24166 35161 -72358 -8562 -116105 19743 1467 -672 -19790 34652 5150 -1850 -23194 -47212 34716 -37108 30572 -42831 -51672 -49595 13920 -93675 14137 2414 4961 -52811 31127 49188 23329 -159185 3347 -93455 23335 67910 5828 40751 -140595 57404 57288 76843 -64662 59123 46868 17523 -56310 -107919 118196 -59437 -5328 7977 -29941 -32805 561 -15898 -62257 81872 28669 46895 98516 40134 2501 32219 91881 -54076 -10263 -1421 15830 -31706 44708 -126408 -15430 -44837 58788 -2232 -7035 -22403 33493 -14971 37669 48869 75112 -32490 -42479 124718 64933 49695 18636 -49406 126787 35808 6226 -41181 -1261 -3722 -154319 86898 55520 122461 -146693 -24678 71473 21192 30604 -44794 -91858 -41556 49981 -21752 90351 6287 38875 78945 54383 -77216 5091 49328 112308 -49063 -26753 12019 68106 45295 134716 23449 8826 -43131 -22369 67076 -52173 133680 -17951 38869 16787 72943 -2084 30858 103995 124633 37325 25549 -53848 5606 55394 10891 68361 -24734 -8606 11026 -59637 31614 -3131 91999 -21178 -9975 -101602 -77042 42023 44197 24049 15081 -22137 68464 29560 25344 -34355
-139256 -66693 -68247 -95301 28474 36118 7126 5683 -95084 7857 24473 -921 13941 -39186 -7101 136199 -15234 5393 13125 51098 -10135 -31817 18043 -21070 -40700 -43886 69483 88885 18650 -121709 -92514 -49219 34730 501 -59539 -82700 27394 18062 53235 -53046 69045 7576 -10130 76392 36295 -17906 -67252 85068 -114334 -1916 -153 20718 4915 -75625 47274 29431 80806 70239 32341 36371 83517 10280 93305 -66004 80141 -24203 112789 27370 -26346 -29752 -38872 -37323 -94052 -41832 79505 44983 -91711 -475 -56584 53201 26315 102274 -11313 -10616 31615 1383 38107 6294 16089 -80698 40357 80986 75407 -7737 63503 59654 -48327 -28558 70148 12999 44312 140006 8003 -99730 26349 4314 -33234 -81555 -126163 7305 -50512 -42845 -9012 13261 29120 26733 -50274 -5594 95275 19291 77232 -46638 25573 -34418 -80328 -6724 -60521 -77454 87090 15872 8518 12491 22512 -59732 154100 -73035 -4582 50135 51484 -29367 -32883 67731 73827 -44297 -247 -29288 -42245 -10006 -67321 18408 23222 -68266 -11431 103753 -7127 36951 36199 50356 -8016 -14701 -36175 -17162 38493 86071 70581 33015 66195 -2166 16483 77078 -39560 51642 28240 65511 -23766 64033 -31323 34855 -9279 9886 116321 -55270 72205 14678 40129 -3607 -39124 48530 76554 100387 -89883 -165476 -41016 -82465 90416 62532 -44393 -77523 130785 84798 25485 -12269 -38705 -39593 24077 25616 8366 -49347 -18554 -30860 41790 -96263 5600 32061 9869 -70665 43727 -5587 -4081 -35873 -14452 69982 22630 -63678 23141 17097 87646 -62080 68954 24835 -97961 20881 -660 -17560 -53801 -99314 -37122 -62367 21681 -67437 -5926 97334 -48562 95881 15947 -1490 105305 -4582 17346 92429
8057 -16401 15597 -50444 2821 -80762 -55226 1447 -85827 28182 53871 127892 43478 -60582 -60206 75605 -148745 -61087 -47826 27712 54835 -36509 20161 6563 72868 -51575 8020 -71019 130015 77501 765 595 -44676 67993 1444 24967 -29661 28987 -62891 -35979 45273 119110 -2097 21792 33887 -59027 18696 -41932 74938 -74087 -65280 -14817 -6213 -7148 -6665 -63325 8345 -99355 89277 -11965 34984 56407 34160 85898 41967 -51170 -30696 2723 31876 -36574 56722 40581 7108 32910 -8244 -69390 33980 126738 -65382 4945 -5859 69747 -94380 -9471 -35762 19473 -22420 -7318 -103850 -12374 11192 34690 -12388 39510 63728 16641 -42130 -74400 -81684 -25190 -57470 15138 31037 32284 -12501 -85877 -39252 -87068 19988 -35069 -66628 29235 17239 -94515 35350 -94620 6401 55505 -43232 39669 -58465 23465 13612 40764 -67388 -37753 26851 -5402 -58145 -24001 -48606 -1232 -97285 24225 -45486 -9354 -52002 12931 -17558 -2370 21634 -24996 -45795 -62374 -37759 46807 -50759 -55881 21571 -76763 3947 84943 72980 -1195 74101 -17716 -34184 -64788 -51971 -108869 44066 -37493 80426 -57119 35609 6713 17914 -79616 -45058 -95662 16529 -137456 -32929 -8109 38203 -90458 -27005 -41356 -7980 20286 -35433 40272 -53260 49878 80068 34171 59817 46233 -48195 -78 11167 58702 -77595 -77885 101751 -28185 112523 20815 23509 -65341 37525 -94685 25329 -111171 -3766 -51217 138794 27940 61811 -16762 12388 13920 -8896 72011 -65968 -27799 62281 55979 -29989 18893 100192 -32302 -44049 -87982 3087 -63408 -2195 -21479 39788 57126 -31681 30297 47895 3254 -40510 56133 -64711 52844 32065 -101581 -15334 -110635 33329 -58195 -126382 -45758 -71426 -19867 80812 -6440
47098 -9514 9377 -28487 27495 -29337 -70929 101157 51266 20190 -1236 58130 20345 -49830 29899 9973 5780 15009 -84399 39465 51715 30276 32917 106859 51052 6471 92134 7442 -115190 -35807 22344 80246 75839 -1152 -74718 68986 -80185 60958 -32756 47701 -61529 -14880 56400 103261 112400 25698 -70533 -56005 -14693 36567 -35651 -6774 3655 54792 20250 -38873 -4662 -47590 18278 -71897 22055 43345 -20879 -25741 -29761 53455 8535 50495 -46250 21557 30036 48965 104313 46948 45305 -35241 15919 84714 901 -14374 85085 29985 -40145 -33236 139463 12735 27876 -41626 27000 43278 18409 91570 -78592 -44144 -9980 56905 -99069 -80179 4764 2745 -28486 80253 -33646 29705 24805 45680 -13572 -50205 38453 -79997 -50047 43255 37474 -144754 -31110 -43458 87654 51959 -39268 -78581 84324 84567 19316 -26270 -81352 58510 51682 107425 -37885 -66762 32465 77286 120736 46797 -123470 25173 13472 -95 -81010 -9855 67644 -111947 64086 -89438 24376 -45571 27884 -79863 -5277 27627 62506 -67840 13463 4027 48690 -48714 13863 -90627 59080 20882 -31179 3155 86906 -24074 -17528 31442 39703 5481 26474 -55745 -4402 53624 13169 -35723 32000 43858 -38410 -76882 47832 336 -25648 -101431 95538 -32566 52821 -5983 71567 862 -54368 112120 29698 -63125 -43723 -9989 -26537 30289 -9445 14057 16868 23627 -77164 -120567 6851 -51097 -6171 -67766 28008 102508 -8547 -2638 -47050 5884 40119 3662 41625 28295 -38220 -21134 -23353 10475 67363 34614 -47167 -9848 -48901 16104 8287 16009 -37012 2073 -1431 11689 10917 -12731 -60959 55030 149362 61555 -72531 -5855 31766 10896 77358 -34186 59217 -74937 -46376 -29238 44187 16363
38330 -20004 22276 -36921 -42501 -34819 -54189 74556 -5198 -23115 -91171 -50081 -51642 -36031 151358 35976 58662 1334 -27051 8105 57305 97419 -65867 5419 26305 -63572 -85847 8326 -30784 -52830 -8113 -49523 90959 -102027 11751 -41815 135713 15548 20912 32328 34524 -1959 -4689 2617 -46021 48269 -85344 -73334 109753 64155 -15204 23835 -18941 -34266 -29351 -27233 -19233 71426 117957 54710 15243 8426 -16480 82371 -41554 -67317 2917 -50642 -87462 -55746 -33167 -27694 36259 -77708 -43845 -86623 -6549 20260 32094 -50831 -8392 44287 -30965 -34118 55510 1771 78663 -39303 -11357 85705 -4914 -7922 -56246 -2741 -6690 8824 99251 -13104 70108 -29895 -48141 69170 125439 -915 1421 -54962 29484 7444 -7541 -20784 -32083 2734 -93558 9189 46852 -731 30977 -70664 -4830 45782 21175 -14941 7958 22599 -50749 -5502 -9666 20642 993 -27568 -60207 9068 55388 -36188 80680 1937 -32158 71919 -49615 -42669 19210 -100832 65709 20683 -55643 56549 -26413 20870 -124079 10700 11278 -37216 49059 -116621 -35068 28171 19120 -5926 -22960 50281 -31817 67831 28041 -51569 21889 -50979 -22305 -12913 -24435 -21532 -28391 -37806 164768 61758 -1169 58056 -30409 75183 -1127 9141 32692 47244 -36765 12584 -7483 8337 -111664 2127 28212 32654 -24737 -29313 59792 -82126 -3061 -133305 -4262 -45700 786 -25020 -21204 21499 -84294 18381 7777 1889 -102007 -24487 5421 52198 50771 29109 18988 62613 -81401 3065 -13085 -29104 38829 60058 -7805 -15750 -4995 90803 26977 14338 -16159 21575 -90733 2140 16440 -38662 -17929 -40544 7678 -13948 23985 24967 85816 26419 -21986 33127 31829 82564 24503 -2370 85917 -72648 -82904 -10669
-25691 -9533 86453 -95173 -50354 -7455 13758 37288 59978 57414 76555 -32768 -69132 -23341 44106 -67418 -59492 -88609 26780 -22843 4995 -52531 56079 -19927 -9108 -80852 -58384 -18247 86977 -27764 11803 113832 12906 27510 51553 50030 33997 -21623 -34832 -78220 46493 45606 -17209 -6597 10702 85633 -67918 32609 121615 69464 -31520 -10785 -32637 43525 -83999 6777 27074 -49895 -130744 -112618 -65840 -4875 50010 22609 -27448 9306 2762 65337 -19416 -42430 -36203 86231 -39972 9697 16209 -26441 -3861 -47476 21312 49633 -33128 58152 4849 -19256 12842 -24391 82717 -79029 -26001 -21256 50149 60835 -69097 5777 75744 12268 -43376 65705 26946 -86789 -56363 4331 -97262 21605 -5725 -57074 44170 71702 48306 8581 -31962 13226 -7588 57455 21916 52925 52157 -64951 -29415 35957 -34297 -61267 -45401 -33566 -60834 -33003 -56127 26541 10941 -31154 -42068 -71985 -87803 -46072 115794 -23181 82104 -70818 -72746 31416 -12581 19503 -87692 16022 -2213 42178 -45460 6010 -25637 -28850 -39351 -85137 47059 -47127 -62083 47543 33749 60360 56500 -35762 -32472 -33841 111683 -49994 -2845 -9982 239 -133463 -51919 -91782 2825 28909 -61408 -22018 -23055 70107 -31321 -103908 -2581 -11320 -25585 -34443 9551 -33617 -859 72065 50398 -6845 89325 13004 -10963 -16197 -58766 68446 73971 -53199 -75162 83177 -40904 98326 30347 37563 -35693 4160 -106880 -23076 -104520 16682 73224 60729 -13072 -43640 -69254 -35490 13977 -58307 -91316 -65847 9283 4247 -50844 57308 -22942 -31335 33092 12511 37916 124822 -78360 -14085 47102 -92735 96042 25525 -19394 24494 -17246 -3754 -53907 78751 -61497 13272 -21911 84269 -584 -21437 -42672 42645 -37983 -1235
-59488 -48471 -39224 9366 6350 24299 5508 -4237 -124662 -13292 26736 68103 9603 8789 -54229 7022 15007 -86282 53663 -4571 -8986 53639 28393 45334 63645 -10240 14043 -18392 42327 -2316 7797 -21794 -66751 -4175 1636 -101236 -131217 4215 129465 30432 -74396 64 841 64637 -100057 75 73370 -25614 -1749 39001 45232 -53102 73126 -10312 -5298 -4411 -15366 -40731 37429 -26964 -13969 -45296 -45614 -2603 -51125 141532 -10256 -5657 55077 71852 22813 41613 -69652 5178 -71165 -47321 -29870 10999 -2509 32464 -112731 -26922 -18268 24984 -44562 -93482 6656 -52405 -68060 6120 -55073 -115745 -32403 -59429 74650 17645 42365 17694 -66040 -39469 22534 -47924 -40236 -1042 -33440 -55342 64284 -35914 -36042 -37881 11470 -30732 43852 -39328 51035 21111 84651 -37077 123064 -65877 -89448 102478 42829 -3392 -14491 -112099 -65173 -35292 -899 42731 -33406 -64292 56091 -82444 36718 50073 -10278 -111436 49495 145243 -36113 53330 -22187 59807 -36331 45614 -123061 -13715 16719 39892 -17991 53460 16595 20401 35938 -62131 -105410 32408 7916 42266 87094 36545 124161 -39132 1214 -37229 1190 -99638 -5038 -42663 41243 19395 -47554 -75727 52343 -75923 -34013 86542 -33223 22800 29452 -25104 63209 40750 -3419 -38055 -13628 61469 31474 -23441 64095 39840 -28666 -17062 -60587 -44365 -91313 87817 -57129 -24602 -92512 -5058 45016 138671 41722 -730 -54409 -60079 -57314 39630 -46643 -51854 -7012 17738 22388 -3308 12178 58654 -1235 -14570 -12584 -57980 28779 -52120 -92069 17966 -75946 48286 18919 -62437 69349 24831 25361 62429 -80395 -24051 8604 -84536 60794 3318 3399 35440 14725 66517 28052 5054 -32233 49070 69322 40818
60219 -88212 -8606 98642 77545 12160 -26777 56768 9770 -114708 -23368 67866 -112529 88025 -25271 14064 -17311 -815 -21546 1390 -61983 70279 -2393 115691 -9737 -37955 84463 -69534 -38868 22912 97264 83253 18251 -2840 -16817 -50034 20192 39436 52429 103595 31301 19252 29316 -55153 6040 -23441 -61508 127395 24805 -23411 -51112 -32173 -10745 -128976 135668 114622 -5397 815 11994 7045 65725 15658 -3793 -44001 43909 107418 9591 30386 13899 52204 80746 20941 -4627 -37577 67880 -10652 -107196 -27989 2388 -146699 94659 -33825 -110204 41986 55911 -65022 37675 -6704 693 23503 -10962 -6678 -10413 -63079 32310 -40397 68752 56687 -74048 -9816 66946 28892 19962 -52688 -38635 33017 -21819 79197 -89596 104276 692 16862 -46020 73181 -95604 -523 -37835 -64415 -75579 36427 -59310 -64069 -10482 -12830 203 52165 -43455 -10750 20655 39618 -54667 1606 -79263 14803 79602 -98625 29190 11404 12555 21779 -32243 32694 -26601 64161 114116 -41463 24390 29814 35873 49931 -124455 57137 -1546 1782 -27131 -19640 -38801 -29560 -58523 55462 -62036 -1203 72833 -961 71790 50756 26131 35696 54996 18501 -32307 -18950 60281 76884 -18027 -45186 -66203 49828 54642 30396 -19696 5609 -66688 -18216 21763 -30554 -75281 88708 -75930 -11520 -52416 75020 99515 -42317 20144 -26521 15265 32035 79247 -69626 30052 59212 -40464 12233 98420 -37246 10430 -72869 5788 -79221 -8846 59755 76096 -1356 -24844 109195 -29612 -41253 23835 6104 28270 -72906 -28441 -4616 -4773 -24253 -37888 -50639 -63766 -120443 -811 16844 -92718 -69043 77897 -14268 18573 -9343 -56322 29863 59661 67417 -28162 -26960 76729 26991 25391 23649 -80331 -94361
4195 26582 167 -49139 73040 52810 -60303 -47083 -55160 -90060 7121 35810 17839 -27055 -71528 18756 116179 -31420 74096 70053 40353 60397 -50947 64562 -73373 40040 100551 88279 -55230 -71022 18422 -67068 -633 -99924 -13705 -20991 93109 72466 -103502 -77975 -55048 64304 -3727 53501 -29410 151120 -79572 108525 40042 -6129 714 14276 -76476 -65392 -44955 -32968 -39962 89700 -51334 102529 21214 62879 11647 -89487 -48386 64748 6597 -28822 -28453 21168 6480 -10216 93660 56096 36014 -103447 -92026 -40004 -30947 -3736 -82120 -40065 30813 120367 698 8163 -16616 -110868 64665 33880 -41953 21511 49516 33411 49133 81527 -43675 1534 19467 29940 15908 -17856 2204 70758 32106 -13888 -52225 -53609 54431 14563 18164 14718 19941 -126517 -33207 -1089 28618 -16150 56342 -4939 -40507 9653 -17941 -28697 33275 -27991 21608 -44134 -56836 102280 -45503 -56863 48790 -14190 8583 37693 -104442 28196 13655 -17851 29930 -83388 -38705 68404 67901 72721 -16472 54028 -86993 47107 33024 91713 54604 -56780 -197026 -35992 27833 -43143 27531 -37740 80554 144386 29397 -78082 -29781 -127975 -35395 14696 -28146 -9306 -9223 88027 -32650 32096 -60850 -125300 -23093 25542 -24223 60896 -144951 39072 -44171 33182 -24031 122515 -4873 -24325 -25679 104777 -63355 11600 40257 36508 103564 17717 42232 55914 26202 36678 54995 19952 -14224 -91468 -65654 -29207 9876 13941 -53324 -12676 46761 33202 -73322 -24047 7534 -234 -26371 38532 36602 -8519 1603 27704 -57250 14023 22455 -80353 66417 3704 -5960 -54893 -168565 48087 5694 -11409 5709 -4329 1145 72518 -15706 15515 -56740 -9074 89921 809 -59298 -58798 12323 -1160 -39017 -71590
-84724 -117227 40509 -3291 102355 -12136 36762 63498 39073 51292 -91593 -24889 -29961 -123309 -7706 -24860 43887 -12629 31421 -60398 20577 35897 58403 57153 81200 -12395 -24577 -35378 -101329 66568 -66700 27008 -20147 55970 31041 -40169 -18271 -35554 -43989 23569 114611 -46559 -24251 104753 -17690 44822 -39880 -61404 38298 12467 -27347 11879 51571 -54004 9150 -19242 17442 81728 96543 -9394 12013 55646 -13162 -130367 -15005 -19411 -45464 7939 22706 46022 -50777 5817 107076 -169 17387 -7473 78611 61157 5403 9872 56482 -94028 21592 -11320 -14530 95379 -22982 11547 6143 34720 -14326 8664 -54065 -81040 30288 -42450 -40435 -18796 -1161 7310 29551 46225 35090 40607 -75047 3180 37582 -18303 44363 50136 9233 -30127 20519 -23700 -2912 17303 80780 -88970 -20919 -17093 56472 21817 43291 30590 71532 -38222 -32350 -14666 -28668 -23902 -67035 -19432 -24306 19243 -31953 27548 -19505 -76982 21354 21463 34475 -34936 -123520 -41363 -75743 1606 10571 76092 -10260 72163 63467 99160 9955 -56009 35961 -14896 1620 18395 -11599 101342 -64554 -80969 -8981 -60730 -94102 -82755 -10242 40212 8285 38176 20175 11616 24093 -65186 66968 9015 -153297 -35150 -87209 12581 17314 99476 -78952 -23449 -41982 29176 -28381 136175 -33783 -42530 60178 -24739 -60977 90800 -27752 49089 52465 67490 54682 51313 -117938 30423 -9510 -22816 -42474 5440 17101 69103 31640 69583 -60249 12334 -33928 -21244 27906 8025 -40704 -59515 -50326 13904 -57002 37862 -23726 20477 4072 68160 65609 -40600 -91845 -76058 32275 -41307 68783 3684 -18677 17152 10664 8416 27332 67273 -26544 -3212 -19264 -25211 70728 3908 56472 -27068 -15774 -33921
14727 56399 -25680 -12846 74828 -23340 5916 -10795 4697 57319 33726 -37028 -80135 5227 84671 44022 -3355 -28575 67774 30468 57279 108359 -51523 143922 -20148 -55673 14836 -40746 -59286 -1799 24504 13334 -56076 12157 18528 -53749 -39930 -37992 71064 -13280 48197 -1441 -12328 6881 68749 -45642 -15435 -121575 -22731 46504 10040 -115042 93208 -1928 -20297 -67960 254 -54577 -21817 -3793 13584 17767 -24840 57865 -13320 153124 -38603 1885 -23471 48681 78708 -6519 -41138 60951 -17193 -36606 -42300 -38881 -2544 -34994 9286 -27216 -16353 -32497 2933 -21563 10727 78486 30473 -85883 11379 -48977 48767 -123526 2695 -8658 36728 48758 22975 -48139 37730 -1445 -44852 -64481 -56409 21837 -57255 -49166 68662 -23493 -75694 -43916 71347 -42050 6870 13973 38194 -40431 5534 89029 -19938 115892 11143 455 -52871 -11192 -51549 14990 -5627 16310 76214 -17134 52619 -51357 -2016 -42102 -907 46862 -60266 29233 -35798 -29756 -51988 -48796 1375 103218 76846 -10747 22874 65287 -84558 72397 8057 49239 151946 33951 -73569 -14783 -73988 -60128 -23605 14871 15327 -49925 59084 61825 73606 -98644 -20047 -39798 3073 -51907 40601 16478 93950 -35448 -41472 25997 64339 -38423 46500 18293 47008 -66922 -18746 -28302 -70807 -76738 31071 -19725 65151 -41789 -40050 -35466 89598 26006 -42872 22749 -50035 40258 75003 88311 45712 11084 87848 21724 -53997 -39390 30041 -46911 -51250 40559 32504 3912 -20084 28189 -10035 -2547 15072 61416 -22700 -39094 77777 1997 -35479 -66361 -39574 -24681 792 42334 -10802 40531 -24772 -13548 -88036 -12140 -28247 -68170 47625 -30192 58324 52496 40614 -10388 -36325 -5582 -72204 14799 -66968 48483
-5250 -44821 -36477 12901 89839 -1746 24689 -27848 -17539 -33552 -58609 103301 -35884 99465 -65682 -24383 -27398 40044 -31498 -3575 10751 -57485 58688 -6289 21734 -73848 65856 4857 37906 -154253 -36513 -13435 42882 19867 -16909 -36194 -182547 26073 36614 -14778 22467 -25940 -54855 12270 40331 -36297 45504 223816 -77559 -75542 -24340 -33276 -58870 68210 -42628 58195 33664 70934 51679 -45544 -94258 56737 39678 -152681 79131 2968 82088 29843 43759 -24337 -23877 30478 31957 -40730 30277 124696 -42044 105028 25310 -25808 33385 -83966 -593 -73314 -19655 63076 -21406 4485 -10362 48130 -54810 32770 64550 -31144 -8430 80474 -46320 56386 18407 -59619 113241 18429 -8262 -8819 85152 1891 83436 9474 62798 -5976 -106125 29521 -1059 -24429 -21797 -19141 65815 33854 52246 -8785 9160 113810 -21067 -44587 -13239 -46606 -18743 -21882 16566 -7915 -27799 51921 49012 7333 26586 -18974 57149 -27966 85265 -94452 -46892 114043 47223 -10442 56816 -3098 56697 -25648 -6336 -16809 -74967 -61943 74882 4736 -132724 -14974 -53080 35794 -51560 35832 -26152 25345 -21980 -38992 13662 2376 -53538 42604 -29853 85055 -43870 51543 -32567 -58890 -35531 3721 96879 -16581 -72391 -12153 111073 -78854 -62964 -56640 -45575 -105669 -33942 53957 -4670 41459 -57223 -90210 -51435 76270 -39237 11635 -42150 13297 -42550 -95290 -49367 74001 -44301 -7773 3458 60296 -445 16945 -24846 5967 4095 -53902 -1076 -12809 -27952 -83030 -61215 71078 -110988 -22384 -65015 10276 32865 -33502 52055 18153 -23263 39963 83790 -50772 41199 25346 -41325 105662 28070 -23763 -78097 69169 -18327 27037 39549 106097 24428 -106978 -16324 91899 22609 11722 90851 34108
-57429 -7630 51988 -68747 20061 -75180 9883 -1378 -84873 -11894 100225 -18146 -90762 -38770 38671 -13792 72303 81334 -65567 112756 58847 -9389 -73341 -8827 -2545 -31369 52363 73039 -48492 -1306 -24974 50562 52056 35883 89907 87819 -26340 -55944 -28050 -8351 39672 -29621 -50016 -758 18827 -27684 -45993 -7104 44253 4507 -2352 -30528 38898 -3574 -46291 -83697 53582 5729 -44408 -9577 -8048 18824 -46990 -13326 -83577 -25816 11585 6328 -31596 -33027 51801 126879 -17593 49215 -19000 -90271 58282 41956 53608 64567 -6648 -84707 -47235 15930 -83848 15398 73193 -69946 6249 -59306 83171 10020 -27204 -7667 -3182 47605 -96521 5376 22317 17095 5074 18737 31413 78837 98842 -49739 -39957 69444 -14610 -8629 33499 -31424 76843 -23964 14972 16827 98875 72130 -67945 -28887 68319 -28103 -51029 8841 -28527 -84509 -42197 51151 -15999 -25921 8343 -66189 -11832 -10576 -59138 -60833 -11431 -75811 -120341 30113 -19256 85269 14560 -78641 -41705 31876 -165083 -16080 2016 82217 26471 81701 -83389 31805 30941 53768 25371 62259 27287 -54239 -29814 -47170 -2615 -64045 -94155 30793 51048 50731 -64691 -46524 -57931 85328 62468 -6580 -43863 -34235 -106205 -41492 -22124 41051 -5864 50296 -112112 -14747 61148 3505 -38728 29570 -34665 -115621 3709 26741 -89479 73357 -22442 44800 38675 83347 22845 15207 63387 -16772 99649 -18044 -14964 57973 -43835 -45800 -5499 21161 93680 15615 -2798 70924 -69823 64947 -13638 10266 81426 -14183 25854 51506 -61509 -109708 32098 11179 24575 -28473 37200 63696 167843 -13056 -27325 42782 20408 6010 -29149 -110430 -84355 55152 10306 -36495 5459 21700 78002 2176 -3483 32525 -7612 8975
41163 -26393 -445 -19896 97482 -25224 -56412 -37693 7898 -102016 61386 -14609 -57328 52304 85011 77283 -9181 -12524 -27240 22638 92123 31461 -76893 -141191 -68119 75605 -111505 110040 61632 -28234 6051 83960 42003 51197 -56929 16266 -39848 37035 -114338 48010 -120786 118080 -76056 43750 18273 26534 -58976 52358 80340 98631 64649 -79139 -41255 8888 -17660 -2694 70353 108674 63346 23163 44056 74211 -6625 94529 -53325 -41302 -23541 29906 -2603 -77718 -58337 37682 16998 63628 11888 14366 65755 4958 828 71214 -26707 32578 -32081 46204 55935 73611 -23078 -37439 134617 114495 6535 51853 -59484 -13254 24770 4549 11877 32185 76968 -70193 -23501 -33031 70457 7126 57242 -43592 129601 121964 2936 83986 6217 27830 31811 -40627 51718 -60624 -103098 4696 82821 60202 47530 -26293 33221 14796 -5438 -20417 110685 13346 -34343 89761 4489 -48046 45426 47348 3721 -48764 -119835 36171 -81209 -3285 30239 -66418 70742 57440 8417 28264 -58576 15594 -111572 71697 85297 51286 -29491 -80983 -6359 65898 86678 -30743 35590 -31359 -92465 9805 -100426 -35137 15835 -46663 -47927 32533 -35530 -38378 -91919 -5375 112572 88673 59978 43548 32885 35012 54408 35848 28980 65279 -54430 132489 47254 56785 -69834 -3430 -107864 66768 -49300 15786 -1737 53383 -23637 -52058 44081 -31342 2470 -109479 130037 -22278 -2090 -28499 22649 22309 -44571 -9051 -53530 51 36783 30558 31949 9958 24824 19309 7197 37111 84092 3237 38443 -44423 -8194 -29884 33751 24883 -64768 97533 -44208 5919 12979 -96097 12813 885 46793 10693 45672 -26723 10426 -74388 3735 -9034 1886 9944 81854 -4620 11054 -36888 -48393 25968
-107339 -16136 -27085 89697 24229 55979 -46797 -35004 9227 -64355 -11522 61956 77269 -5812 -31957 27700 24146 -113531 -66576 -24319 -22523 -20408 -4352 -57854 -7792 45341 53624 -37519 74790 -57418 -28112 -84521 -29959 -314 -50807 -100100 113470 -60928 117456 29250 40424 47069 63762 10683 78565 70907 11521 -11569 22348 462 39729 -3898 -36088 59812 8658 57716 3641 -50900 126096 75504 15882 -48994 -69493 -61417 77492 11603 68426 -25159 26167 -14957 9915 -22660 -17828 -75917 -2017 -14636 -14273 -320 -23141 -91075 26460 -49097 22238 7972 -99008 -12584 76815 -19536 39696 11382 -127830 -2115 -91591 -5987 -54368 35227 11981 86361 -80689 55216 65146 90385 -22715 -12618 63175 -6568 -10186 22378 48087 -36456 11015 -18146 58128 23735 -104756 29030 25510 -124788 45336 1240 -14862 19218 -31699 -14521 -23131 -51682 -2899 32127 33501 -133196 -24617 56060 -26339 74859 -61586 -62502 -18608 38860 -30056 -18019 -60992 -44434 -10143 138945 59417 24875 -73980 51741 -37653 -19138 -109408 14768 9961 41091 -55881 24163 51262 -51805 -59203 108001 5699 95949 -71107 29673 93723 38062 -64587 20609 39222 81907 -48833 -37860 11773 68311 20120 -11288 3986 66306 -66743 78269 114819 104582 37715 -44783 -58652 -123701 2453 19213 -22164 40420 -16614 -3943 15965 -8347 -33151 -53109 47147 56119 -2181 11749 -27780 90930 6641 23070 72514 53779 -25787 -84251 -38686 -93401 -39955 -30870 -2226 -7808 -33549 -24620 76921 -19300 -11734 -42924 33998 -15068 -41046 76795 -13036 66165 -15993 -23636 -90053 -25770 -5738 -10838 -84021 -155004 61383 45822 43856 -25060 -3158 -10389 -52627 1631 -112570 -47118 57933 26055 -2389 60165 -21218 -65451
-5863 -3419 52743 -10809 -66650 -74396 -75576 18284 -78690 33627 26509 -28284 7483 -19890 6093 -9285 24037 6138 -57073 15440 -88875 12581 79395 10546 -616 -58323 4686 -14966 -14239 82675 -44878 16287 46501 -10664 65594 64624 -20975 -74189 36198 4100 42136 -19701 88740 34267 35582 8261 34564 -64318 -75570 -10545 -5745 -93804 68789 107212 107030 -88146 -22202 -158458 24680 39785 75968 29816 -22273 2507 -73173 49221 42535 -863 39769 70834 2454 -16008 -7327 48411 -76877 -54385 -23878 -65657 75223 19976 66664 86512 -54232 -33817 88534 -76908 -12724 26125 15307 -9254 80752 -7219 54716 -82568 79756 15003 -21676 -90126 11111 -11748 65899 18268 19464 -122489 8358 31258 18562 34397 -14727 -90357 10456 45 -39684 -29935 47513 107143 -13883 -8253 6687 47402 76158 -41495 93451 17098 -47531 -2829 -16121 -35972 -38254 52067 -2995 113684 -49639 10779 105141 -7120 -11540 -35024 -8159 23804 48085 -9441 35897 -53412 55156 8934 -68730 15378 -51261 11060 71923 20713 57450 1839 81109 3882 6624 -26355 -63336 11806 7940 32290 9636 -96408 -20123 -63823 47705 39935 42142 31293 -2244 8412 35504 47241 94233 47137 2051 -50262 -1466 -40306 97040 64053 -26342 75277 -52466 6385 -1217 87964 -32601 -14514 -9564 51585 -49538 44396 -100895 28650 48772 20406 -16781 16600 -39737 -56294 -32644 2728 -30923 47331 10606 2924 2195 -15854 -34708 39387 11755 87136 -6733 -29265 37464 14261 81522 18874 -16095 35615 62773 -44993 -120463 109541 -50113 -50873 -36318 36478 -12307 66871 -34666 -79466 28333 8962 92316 44892 10070 16280 60354 -6342 -15313 79953 -1359 70653 -59473 -66786 -9981 35368
-78163 67083 99802 8456 7705 3920 -24859 21542 68462 -82953 16899 6333 -29823 -22347 20025 1318 -74023 -81865 -63696 -16342 78160 -69679 -8999 67842 19741 -18897 28451 -115115 -5086 6881 90056 -32300 75927 34689 -87384 -55483 -47406 98542 -124358 21856 2708 16192 120355 23000 -44261 -30719 18357 27623 263 37471 -91371 -9317 -49913 -13386 70920 -4303 -23865 -22536 42204 108301 -59584 -18076 -50725 -74794 3208 80522 21812 -16962 -38148 16209 113566 63872 14028 7466 -69702 28644 37839 -40505 18673 -31385 -41691 -11891 24368 17946 -6730 18641 31811 102113 43914 -17309 2153 72253 13674 106005 -33461 -16593 -11191 -78783 -74892 -71343 24824 -39185 -59948 -24115 -130237 44867 -17269 -115649 -56543 -45047 16198 12042 -30966 -72852 -3279 -102375 28177 24446 -29670 -100173 -89254 -7612 -68767 -9012 32320 -10876 -117236 -100855 36317 42135 23736 -25158 -19023 -25040 55720 57938 48157 10299 8644 -22683 -85843 -31799 2479 -23240 -44851 10184 -144826 57458 -71224 56230 -34780 86716 46588 -56280 -14300 -83486 22696 -18521 -104678 -26817 181989 -50130 19615 2578 15031 -12190 -32579 -27500 -64685 -53557 -21847 -31577 8868 -33022 46023 -92180 -79920 -33349 -35284 40509 -9661 -23033 -2229 -36788 69267 5542 -38647 4606 -4435 -41801 -32762 71900 -44185 -25639 18560 -40517 -5990 29066 81023 -109173 38117 11510 -6217 -73870 61969 70610 26278 -38733 14515 66780 28903 -91843 16361 -40032 -50907 42605 14117 1635 49584 8882 44075 -15835 -2522 -12140 29844 -44204 -9602 -50139 -3235 30626 -1110 -66097 53986 8389 -2658 41446 12052 27046 3459 -26005 7396 -12149 176417 67561 -13773 167039 26043 -98141 -3068 -15777
36550 -57269 -11805 45112 -46449 -61529 1483 41147 15226 92155 -78118 -14196 -105838 -10895 71835 38989 -52700 -482 -1003 -40732 -5420 102052 40558 78880 43106 11616 7866 79091 -9997 1521 -27693 -57713 -59370 31157 -7133 81067 -12957 25673 110189 -2654 -42902 -34570 81831 -91324 -9003 -23503 -18237 -81156 79027 99359 12882 -94686 -113001 7167 75404 -68287 26681 -57014 69245 -24388 -96484 65154 -29751 7284 -43506 22907 72333 23065 61135 131559 -52276 -82571 -2523 -17901 10655 -36632 48617 56609 -60834 -63483 -12837 48797 49653 54576 -74070 33508 -76077 63774 -25718 60759 1186 -50460 -9015 -38717 36703 -78344 69829 -70479 64866 2068 35743 -50672 -1135 24514 -127656 -70232 36135 5849 34456 16302 46821 4414 -40571 54199 -42881 -136531 65252 78958 -79367 -24739 -32122 -1898 54263 28493 43646 31067 -98893 -19601 20063 -34105 18902 63486 -19525 45398 -123552 -40909 7918 89835 -48367 -3266 65759 25780 -48143 -33834 -13417 -39060 34449 115103 9761 -63533 -82617 82110 38487 -31247 85237 54271 -47937 10208 -60867 2676 -24978 -51220 -59198 -18469 -42683 77312 -89065 28804 -47436 -70829 88565 -36056 -58458 -7957 27403 -38349 27542 -52076 68919 -44892 -66934 65958 -21364 -60807 -25790 -126189 91797 -37551 -36905 -57070 45885 -18778 292 -95668 -4271 -3327 66626 -26955 -31168 104789 -14430 -9406 -49559 53838 82431 68631 1455 -31061 -69927 62081 -20244 8478 33422 -83431 16404 -24774 52449 75017 14435 7998 -39765 -128124 -13285 -23327 -49458 -19741 -11554 -22010 31407 44812 48211 3954 -87652 78963 -14666 74642 -10448 -37990 61980 -33479 65704 -11065 47200 -31768 -29989 -58492 -79650 -43775 -70563 -33832
43236 -51739 -46266 84025 -67094 8542 -64212 13691 24716 -21717 -6361 -70970 -69607 -5618 -22663 55088 -62345 28818 4141 25045 1106 21175 81243 102357 45710 -52406 -22012 -6825 -75033 -34454 -22988 -38409 -6035 -123353 -66148 -17102 -78823 -114308 -52617 -56952 -111486 -31510 -53088 -7934 -64609 55928 91305 -25205 -23225 -57841 -100706 -41364 -7277 -54191 15977 -51168 -7226 117450 -83786 2789 -24512 85602 -4551 20298 15524 -32625 17794 -32186 73082 -29109 -61004 -96493 58947 12250 8792 10565 -61266 -26141 93655 28941 -24781 -5530 84276 -3101 55851 -4996 -37335 7149 -53147 28284 -37057 26954 -102790 -87519 6747 2002 -71351 28704 35657 18745 63412 -62278 -16316 32368 -85 -91810 -68488 -14692 34047 -34385 33788 98198 -160282 -82641 36663 15438 162621 119618 38500 38349 -47452 61340 -130256 -20059 90870 -25279 18155 31748 -73597 19473 90070 34707 51848 -58299 -48755 68671 -39518 -54248 72381 -47814 18069 27465 -67589 -44313 61436 -73440 97345 -31762 -80659 14919 -26229 21496 -18165 65120 -117886 -12771 -24011 -67032 4109 100566 46757 68598 -16963 20314 -32857 18632 -90456 -42625 -50480 -22958 31756 57823 -54044 3738 96674 15534 56165 16573 8357 38647 -50415 65937 92995 21241 5098 80357 -19562 -99960 45475 5288 -16887 3006 20310 17686 -87543 69531 25898 43562 19104 -39143 91840 65997 -30233 12438 42459 22522 17838 75674 -31224 -83670 -13488 177912 72140 5713 64239 65612 -104235 47162 56689 78639 53781 -656 11156 -78181 -3658 -20560 -76194 -50118 -81489 -21412 -76473 -74327 -3049 66441 -55859 -869 -75383 96198 -72360 36428 77411 -50448 686 -8947 -60387 4937 -89908 -60956 -50363 39312
-62576 141669 92726 24983 -48254 29300 28237 25822 83473 75978 -4464 -39039 58470 -52877 104216 -33642 30775 -75580 -56170 45582 16800 6762 -12009 14615 29771 1787 20597 -48565 12899 5079 76582 -10092 -56003 64 -10131 54048 -4267 73125 22261 45533 33306 11230 88102 -4387 28707 99959 -147329 -43667 -14757 89483 -7498 -34238 36913 51019 45297 125746 -3809 -55782 -15845 -10600 -50374 16320 -23814 -27849 -82897 -102273 -23071 -27804 -33079 77970 32985 43637 -63130 -28393 41391 36209 103 -5025 19854 32309 19897 -77147 32739 -97995 65944 -43992 75998 -5256 32112 -24917 -55655 -47599 28049 7306 25097 -4560 6839 10912 -64281 -8463 41876 -76627 -35055 96515 -56161 6884 95194 57027 -11341 -3292 -5690 -68048 68997 -40554 103940 -68649 48649 -35236 -179272 -81182 -44009 -53205 12457 -51270 -120142 23791 8307 -70562 122794 41103 20591 17840 -47239 -87165 -23707 -86522 63193 56462 -92960 -2810 -14452 -62819 44554 -14888 -86121 3330 18596 -83789 -39364 -2377 -87418 -86387 41919 -11235 15777 215 52357 2915 -17310 24968 99863 17810 -13836 -23129 94991 -42148 -13348 -3355 -17410 -28826 54529 -114227 55973 -8402 19589 -14135 -16664 74881 -52808 93979 66484 -46161 25935 110500 -8742 6536 51288 33748 1779 2558 -1612 -7778 87941 39711 3870 -22912 33128 29204 -193 -55378 5927 16487 -23636 54837 -25091 52633 -121637 76100 62056 65107 -112657 14447 -92846 -8009 95628 89363 -157785 128157 28857 54339 -28416 -35000 -51710 90708 60252 48354 27878 2677 12968 109256 -41358 44050 80093 -23947 -21412 5579 -16965 -52680 3994 -17580 38111 -18834 -17288 -34755 -59920 97090 -34373 39668 61983 61530
-2087 58856 10991 -76677 -249 -85826 -62957 -67687 -47080 -22468 49137 -20160 -16478 21287 34166 36687 14276 28468 -39605 23048 55028 -758 7963 51131 25419 -117409 -22464 37734 -73410 3271 24616 -40095 -20004 120660 -53869 93393 32907 -51779 1872 7880 -44110 -75596 36884 63402 77692 2886 -67800 -17664 56825 32355 -39645 -26083 -62334 -18814 78207 -27335 -80599 -59778 -21622 72007 -51489 125684 -46859 -68467 51435 -67793 7778 -4765 87597 -61567 60851 46352 -24763 17799 -45002 -108553 -44870 -7541 -21330 -14342 5460 5369 53240 111857 45114 9481 22841 71208 93377 28808 70416 89097 -71539 9643 47814 34217 -117381 -63146 78649 74 -22626 -30252 -74763 -5126 -112954 -8069 8564 -12493 32395 43881 -9177 6108 -51206 -20076 19614 -33988 147168 -33125 -118126 82407 -40771 46980 -22217 177 -49328 -8214 48155 -90213 31032 19375 57596 -11521 35371 54462 -63846 2777 26931 -33187 -51508 -47920 50525 -13368 81310 -49762 -9726 -13249 -43118 2877 -159022 34048 -1132 38123 56827 9056 12694 -70546 25527 29688 -6869 -25440 58276 -1554 -18916 -24353 146073 -35403 -54198 67190 20720 -24646 37072 -90134 15966 -115647 -77857 21553 51393 39908 -65590 17877 40427 72559 -12161 -15331 -26728 -30771 1138 -80186 -87749 82507 50298 -41024 32609 14787 1949 -28117 46616 -39639 39442 -98687 3832 25017 -59468 -28374 -3312 35263 -73153 12252 -102568 -10814 -16361 4682 -46198 93934 -1664 -69297 -33732 39592 -75205 25749 -102443 -14881 28200 -9126 3246 23107 -2205 -56970 -72061 -1062 -82269 -978 -17125 5354 30561 -66498 29251 60689 -100696 29140 25147 37563 74682 -76875 5909 8420 56193 19400 56312 12926
-28169 -90505 26320 106000 30882 54848 -24736 -53984 -24685 -18813 64866 -121613 -12796 56393 53271 4417 -38225 29313 50008 74360 -5866 63605 26033 -41000 32217 1290 -38880 84842 -30857 -134758 -47310 -59638 -18664 130329 25503 -90448 -21437 -41104 57980 80588 65869 -78798 -10293 41721 -29333 -46020 42247 -91330 13684 -34722 -3158 -16467 -38904 -4196 54151 26875 46929 15810 43578 22775 -53582 39390 -101822 77303 -134830 -30396 95796 -37917 99438 27367 -87871 -48092 13776 -10503 -58796 -6243 -28474 64217 -28441 91450 -37831 -49317 -12954 -8129 -11299 -72277 71827 -89166 -1819 -84470 84774 -37985 -17843 -35303 -103965 7514 65373 72163 51794 -31657 74096 36102 42451 -53529 -13744 -139622 150970 22939 45868 -80688 -1341 20680 4589 24963 -96357 -57846 -11119 -83862 -69747 -8634 14408 62234 55439 50040 8255 25425 -27990 26103 -80846 -80440 34855 23095 -74395 -62556 -30877 -44543 1200 -45091 -120408 62036 21921 48603 -56760 45124 -35238 30727 69451 50650 52128 -7211 -98978 -595 153450 -35929 63814 67358 19253 23455 -78482 -9015 15909 -125640 12900 11269 27425 36997 -3841 -98003 13226 12258 -78432 -16045 -43595 37580 -27107 1724 -31111 43232 108813 -54522 135218 38359 22726 -60250 -46984 68333 6982 53537 3056 -68457 17270 30101 10311 55764 -62760 -85380 55705 19066 18201 -59045 6988 -36956 -37543 7177 50704 81389 -61750 8699 -104944 -58396 -139671 -13120 -25519 29335 29198 -35183 98840 66987 -30860 50617 -45286 27428 -25293 44838 -145104 50935 -1876 33223 -16082 -83546 -34686 -13520 -21089 -40543 -14564 -9268 106758 -5030 -62276 15557 45098 -69 -8204 -1188 132609 -115919 -79198 50623 87965 21244
59669 -42620 -43283 13591 42938 35316 97633 103935 28362 -23369 -31615 -50707 -19825 -36545 6953 50247 -891 24567 -27968 108658 20661 16018 41990 108068 -41841 18139 48331 -64614 53980 34032 -16732 8850 -42834 7817 3285 46104 -79163 92446 28455 -24029 78171 -35 -16451 17228 -35848 13736 -5224 4430 -63423 13440 30374 -18727 24642 -14311 99968 89495 1200 -36473 -43982 -231 58150 16971 5633 44106 1891 -49414 -11272 37485 56698 17829 40809 -44159 -7589 -97527 19903 2416 -61463 -47360 -1299 -86982 -40557 -5313 30585 55453 27458 37341 -20551 71188 76856 43877 60450 -917 30119 36601 37572 25281 -54622 461 7683 -84602 35978 116971 41882 -13426 -21340 36736 89057 -54136 99 -42313 12288 85979 56363 -14479 -24290 -70963 -38259 -9165 -12541 -74974 2436 -57643 53644 102218 -3336 4114 902 -60403 -111817 -52254 -82856 -49442 -26652 11947 -41620 21157 -12870 45716 66451 -17551 42269 -66472 -18893 41781 33810 32342 81854 -23787 -56245 65384 88722 23066 18232 36263 -18079 29514 -9471 11133 -33207 23326 -38602 -2988 -3775 -9391 -2840 73227 134675 19320 42701 -36198 48613 55516 62601 -79487 -17360 77958 -55816 20933 -87994 10227 -36000 18140 6636 -21190 51023 -25509 -54092 39354 9487 -144499 14244 8156 45285 24863 83491 81924 -66522 -34457 81959 -25667 41287 -58141 63278 -4225 -35250 89256 -39830 -73757 -13320 68499 -58989 46990 64577 92162 82696 81222 -31121 -49968 -55343 -39953 10456 42924 -50392 33349 -83105 8722 -45197 -35392 -91801 102250 -47066 -4505 702 27656 57089 -6735 3290 -11535 9427 -5008 21413 60469 -56951 17238 70004 -8079 2861 -19834 34573 30457
-62737 -70275 -56804 -82448 124936 -19519 -163 60727 48796 -28435 -109382 -15286 -62112 49246 -39951 -24539 15289 -91376 68888 -26000 7608 43974 -15028 -4574 -37901 71616 13725 52046 193 47234 -43009 104154 -34023 36984 -7906 -7232 -21396 -84156 51103 25038 -65574 89770 -44177 -13835 -23842 13202 10033 -9186 30677 -18060 13007 57847 -63552 4069 -55933 31796 -546 85422 -41203 36836 -10844 67305 -35797 63623 -5810 59491 37355 44736 -50412 -73394 -20332 -74965 66133 105753 53707 60307 -51045 121837 -29656 -56250 -102123 53122 -53483 -81255 -46722 -114093 -17052 -47211 -20899 58221 16243 -22007 -13261 -150156 15972 -10826 -28827 -14526 26493 16441 41090 41849 73005 60698 12830 -36029 -92305 61590 91854 -38148 16262 93711 25077 -8924 -24991 -52783 -114822 82447 -52673 -8586 -6410 -42222 34732 -50116 42631 67800 19802 -42942 53286 2639 -46253 56489 97566 -13488 41450 -16229 -24673 25916 20502 -20109 -38939 42273 43460 -25945 11313 11472 13896 -97692 25723 -31950 -36454 95902 54560 61531 -12787 -118600 -11381 55883 89816 -52789 -42003 19350 54161 28675 -16539 -5288 -63389 -52131 -84082 -49898 -63320 -47521 36280 18455 -50476 -124891 -54823 29432 -13738 -15115 74443 -33208 -137198 -73930 -17536 34487 -8646 -42862 24619 81104 -80470 -10370 -33637 56803 124000 42851 -18129 22574 -85293 -47330 40209 12255 78311 -67874 1608 63482 -24955 79429 1349 29658 -832 -55629 -90116 11424 11225 -397 -98626 -11470 -59214 21593 59589 -47504 41345 -29502 37476 -115274 8196 -31995 60332 -37806 41460 -6682 -32273 15126 56980 -32735 54250 -26438 -782 -3667 -13497 21898 -34051 -38214 -183 -19597 -50888 19329 -89687 4164
-18008 -2644 -7627 -24673 46744 93284 -19317 -41863 -20311 -20142 -18354 -38280 -88507 -28514 11789 114254 -13203 -62497 -111846 -1371 9421 -29541 -22274 -129358 21306 -11873 83685 12000 12475 70929 50042 49 -24491 -104048 -15300 29742 -81206 -47717 -19732 75436 59245 89678 57024 -28106 16605 -17378 -28997 85795 39590 83513 142901 -31718 59789 -22767 48083 9603 -38688 27835 52593 55566 -59043 68971 13495 -95674 -30586 36611 58987 18109 -25019 -4289 -4053 111724 75667 -47672 8985 -38353 36202 -2915 45772 66835 -20786 69782 -13800 59010 -16301 9173 41422 -38276 -20611 46568 -119055 -5168 -10381 23119 2280 34458 13330 -18774 46562 -45977 89869 -94293 19410 -36093 35750 33990 9931 36973 76203 3263 -27726 -23519 5850 -1779 -91201 20246 -145188 60077 -25879 -19512 -11348 64678 41976 -16764 -14475 -19633 -152707 -20605 21079 -27786 73383 -53774 12147 59937 -3106 -98811 -61934 37227 -5070 -63751 -7287 7791 35312 -67294 96536 -78095 -14050 -63299 -24029 -53227 28554 149675 -49877 -35715 -84661 13356 -69402 -85483 -13710 -2841 81445 -128759 -18145 -50544 41799 45012 -22654 30387 -67047 6448 -66599 22418 16166 29984 -56922 36313 47726 -28765 -12261 69989 19671 51698 101817 10279 63312 -9408 -16852 28657 42262 -30922 -18564 -810 -91380 -45003 17207 -96681 -119862 16317 19648 6638 98540 38848 -80854 -22904 77576 -4094 16335 -58801 -5139 34669 5976 11210 -21226 -11547 -15453 -28179 51684 22378 -49912 102832 36792 -134494 17106 126711 54880 93196 -19790 -7429 -40344 -76853 37983 2639 15580 -65168 -51464 24115 52772 -81213 -59887 -73946 59420 -4632 95360 94009 -75276 97621 112105 -35566 17655 40935
-39563 11573 21377 -17688 -59299 26921 45583 -57635 -8876 -76513 39736 2859 67866 -32669 -37435 -45162 2411 -91735 9109 -7089 -66597 16379 109063 -73748 -13670 90979 27122 -71880 13923 33431 -52770 6220 -69189 -24496 -24165 29156 -62049 36122 13373 489 -68863 24326 51421 345 -85549 83228 -3789 86903 29017 23729 -16521 -68469 -77866 70700 -73605 80973 -28254 53195 -64376 -16513 600 38245 74295 -19863 -1599 109916 19300 75875 -20261 110538 2127 -23656 49455 -42494 -4643 -1008 36661 30636 -25146 14648 -50071 100754 -62355 -63356 38132 -64459 24404 -57217 -30901 -6322 -63045 13066 7836 24582 32826 -28261 7725 117444 -86028 -38357 55446 -66156 6857 57646 -56873 4902 43883 -5496 26987 -92049 25864 46668 17574 9630 70944 -39702 -16986 -57125 -23793 -80374 25064 -12708 -54213 -20772 -52853 -22625 -44818 23781 -19120 -9237 42292 -58361 56703 -50244 94260 10425 14063 -33392 -25681 9117 -78355 -76199 -56230 21539 -5775 -106203 -54013 -17217 20708 -5104 13006 104138 38097 104429 173975 -35663 -15689 8656 43370 6820 -18012 -12315 20373 -18403 -57524 -2472 100209 -50828 -32492 -26853 9630 -62590 -93406 -28083 22757 -13486 34012 19740 49891 43844 876 4171 -25748 -7833 -39357 18471 12555 55153 38270 50137 -28701 -28146 78862 46874 14956 163845 2768 47467 -56241 92959 23434 29377 99386 32593 -31354 -31051 -8285 -34075 3016 -23143 44240 27450 -27682 -72651 58034 -11379 21205 -26505 -26834 72039 -31546 40019 -35827 38099 -32251 -50095 29044 42665 -47591 -48997 -17008 -10506 36265 33384 -41084 -5208 -23081 -13915 -49976 22073 82399 8366 43292 -43000 108910 -467 23026 90515 -100861 2156
5233 -67859 -10001 -17271 -146793 44094 -15165 -28286 13199 30676 46856 10042 13681 -4007 53510 -49710 -614 -15430 -52054 -15787 2320 7198 134955 -66455 87662 2275 -102119 11366 -74873 49887 72778 16535 1492 -94396 -55425 29583 -46123 -2160 -8111 -47586 95640 -49390 -3569 94426 63823 -1065 -8320 -63059 84284 31495 26539 77145 38529 -92411 55553 7687 48169 35872 45169 15367 30034 -10292 -24786 -15131 -41284 -10034 -36185 -46021 67457 55265 -20339 -8882 29719 -45285 33852 30772 -49506 -31732 -36402 -24219 9035 -36714 131379 28197 -9492 -12138 34497 -55961 36245 -5309 16294 5525 62979 -120790 -20407 -3810 41174 5189 -19527 -90658 41729 10103 45655 -45963 -11928 -29676 -15644 17235 51451 4390 80642 -40753 58594 -2036 -11659 -64179 -32924 -3396 -2280 42862 -20508 72854 111074 -126472 -34566 -59448 18941 -12815 45853 -8310 -24461 -39860 -82528 -48265 -43293 10767 -2733 -22839 39373 -140873 85370 -45861 -14090 19894 29846 31729 -43080 -10931 27440 6294 -808 -20896 -28150 65377 46108 41111 -35939 -109076 37929 47297 37196 -5735 -105919 -45745 13728 -111650 -52175 -22315 -43673 95554 5800 44458 -23896 -63895 82775 107462 -49522 -26065 16589 21580 10956 21783 1184 70635 19837 69954 -56535 13440 45986 3194 15043 5239 -37090 -6278 46880 67905 4894 70805 73199 21952 -53338 -14373 52524 -38769 -23986 -3297 -23842 -308 -18353 -32976 -95995 55684 52487 -46027 -7877 8256 -124067 -4272 -12144 -56850 76381 -59228 19908 -13830 -46205 44701 62316 4757 21438 85067 -64575 -47816 37247 11191 -73307 38763 -41907 -95644 -18676 45470 -23211 -172273 -70811 17504 -44180 61298 -95345 -7751 -63336 -4530
-107526 24247 -24189 -58048 21217 46255 -66752 27959 -119124 68037 -9016 23163 106519 58076 -42949 75690 35518 40101 -18335 -72635 -81512 -72520 65356 11128 -52107 -82091 90381 -31749 -84978 56845 60907 -102162 3110 -46015 -19513 -75536 4938 -9195 85887 -122685 -15040 26767 20907 -9442 23472 10899 -40740 -37776 -91140 9651 -17060 -63990 122037 36857 -14239 -5827 6726 -19887 -50110 619 67015 -125165 11279 96942 -38038 35750 -33873 -32816 14672 744 45908 47531 -1598 -15036 49217 -54915 -68144 -39920 50361 24024 42823 -32562 -50503 16355 38713 691 -31680 -22147 -6630 64512 -109152 -43849 -9350 -668 -39317 48180 62726 -19702 38846 72008 79964 -8357 9763 -62635 29791 136505 -52075 -77831 -4991 -81319 -98866 -19107 -29017 51088 78924 9398 -4221 -29561 -22642 23451 -79922 46780 17740 153170 -10196 33581 -32147 82366 -77999 -4205 -48434 60366 -3469 -30315 -80658 27318 4342 32157 -68803 54430 -40956 51538 -16619 -83340 -52901 -49250 -65899 79029 -47733 1581 -66749 34844 8033 -22405 29440 -75548 -2796 -38462 -32007 44003 -17914 29874 61276 -83254 -478 -20183 45388 81308 -31113 29402 -8706 46277 41832 37765 8458 -2203 -18514 -39780 -30570 44916 3663 -45817 -37170 -18056 27985 -73061 -69039 -12463 -59774 -53179 20330 -172743 -77207 114521 -122613 86602 24131 23704 142356 26821 -18789 -11791 -20884 18213 -74990 2445 -95073 -81893 84446 -35641 -46506 -16016 9278 104203 57769 26012 8157 -51998 25039 125024 31134 67385 -34479 41645 -5050 44165 -33360 -105900 35149 63200 -3102 -40265 78758 -10110 -25903 -12702 54616 -31509 38426 -75386 -4246 60515 32720 49916 46904 72014 -1498 49225 -109554 -32937
30334 47002 29981 -35479 -105556 17981 1733 -18318 -95210 24058 51001 -15561 99 -24345 -17966 -26807 -8672 -115990 -63761 -32221 3106 -43591 -47775 -13161 23517 3559 -80728 58910 -70218 103426 23444 -60032 30585 48572 8267 70448 44079 -106687 8314 -51481 32827 -22825 -21277 28501 -46592 133236 -85190 8169 -61503 11941 63002 -72063 65450 -28976 67274 42473 -104861 -48866 -47540 25885 44192 37247 28558 -32704 28464 49158 -19599 -36884 12580 -53447 -20553 31445 -14173 2924 -88786 -86581 -50963 -43675 44970 55964 53192 67511 -43732 -20284 76344 4316 -7937 -75448 -72185 -12881 -94083 12652 45461 -55896 22210 30809 -266 21714 -37083 21193 -92385 63746 -75349 31627 15289 12847 105103 156252 6003 58471 72177 -24786 7550 -2738 28800 -11028 -71128 15043 -31692 71814 3191 -42843 -59415 -131242 61128 20249 -34581 -68855 -4168 -83808 20238 -13376 22018 30045 -72420 -38391 1078 77278 -27624 -16822 -16563 -28863 -84451 -57919 -139295 54394 -19727 -18992 46801 49970 88730 25794 53971 -40087 64600 66773 -1370 -34955 22100 -44424 -48518 5755 -6952 3088 96925 -63702 21511 -45699 80754 -67460 116226 -21799 -44356 16831 29256 73767 -79716 17470 -89089 -27362 -14814 32783 93531 36628 30262 74425 52848 5855 -19103 39711 45943 15272 -84570 -11902 48321 -62856 83517 32616 11284 12874 -47727 -51710 57160 -10508 -3125 47516 71551 65984 -27606 52374 -16475 40139 -63429 31141 75365 54486 69604 -23338 3090 30671 -22054 -52732 61972 -55641 17959 -33128 -12641 -27630 30940 36741 85801 21950 116601 18809 -15282 -64332 14151 23001 -23780 13601 -30078 6243 70033 -25673 -13920 47876 -46753 61114 26920 -19801
57797 62820 16754 78714 -47606 -33834 100362 -24804 22038 -9982 45310 -139285 76426 -22652 6638 33423 -26924 30705 -43134 -34796 -100958 -35848 -87145 -58710 -108657 -24017 -26034 47130 -52699 6030 -29383 -1571 -27809 -64002 4774 -39167 -64153 -2237 65179 -66241 62222 33096 71739 14561 15761 -30820 81965 21083 17817 -73123 60591 11109 118312 -11767 25233 12054 -6288 2736 21742 -58290 -68971 6952 -73757 33221 77511 -20501 -31532 -18683 92739 -47568 137642 -88697 2327 14261 10555 55427 30967 -9128 112418 -10342 41434 18741 35450 90513 44780 -51318 -24388 54331 -13160 -6987 33875 -20934 80231 -21877 70323 -61360 -58158 -64221 27090 51262 34538 -92169 100012 21097 8791 -55100 22101 -22287 35677 29481 10506 3344 -55351 44031 -80496 35598 -82572 100552 64919 -7091 22520 -12516 -3978 1098 10677 55472 38610 -61614 -70357 57639 20866 9231 8109 -12225 -1301 -23179 -8535 -32805 37718 -198304 21757 75379 127159 -4356 -3080 11053 76747 30761 53028 -10600 62119 114165 -71974 2680 68169 -7375 -111433 54112 -4292 28500 -18830 21081 -91671 -64775 1602 59593 -2293 70795 35518 17996 -75110 -6801 -30407 41413 14455 75174 58602 25342 -3734 22398 37080 -43754 23508 -17068 94499 14603 46237 1528 -37803 2852 -2207 -30650 -49868 24205 -81761 61892 32194 -29045 50022 -19647 11521 -59294 48507 14853 -24749 14834 4937 19668 47490 17256 -82431 7619 72450 28792 126290 65210 103671 11078 -38926 -34123 -19160 -48827 110351 -15920 23020 -46102 -8192 62780 16978 23626 33888 81126 -17687 -51907 85293 29202 15380 -38866 -78531 35780 -40752 43970 38246 -90347 52981 9851 44218 39364 -83102 37199
36698 19674 -68212 45883 -31917 28843 126599 21912 56885 -35060 38739 -26646 34190 -107370 -30658 -21084 -35236 -79525 -121280 8295 44454 -24608 67628 45037 44421 81642 44945 54009 115400 -10227 54186 -7431 -97271 62567 20238 -2363 54618 48524 48828 30322 -74125 58393 15547 -34802 13377 35415 614 3602 -44781 6312 15621 87655 -26125 -35216 41960 118169 21485 -54379 100202 61746 66200 22991 -25329 27116 74877 -26653 -4865 -8877 25499 -22970 3510 -13239 -15776 -48671 35334 -5859 -34879 26967 -21378 -7750 -88173 3416 48444 -20775 -39144 18709 90246 58860 9170 32067 15243 -56041 -65651 -32608 -17833 53027 -28433 -79511 21625 7474 77923 42423 769 22654 55555 -42880 -59487 -88700 -5135 54735 71043 15586 -89733 -32140 -49038 -62058 -75962 -8295 38844 57521 -4989 -96645 3499 -75529 27624 4297 75428 45032 -48712 -28517 81280 38233 -40597 -7757 -45673 25830 74423 37577 -7696 61320 6493 -922 -55017 27365 30284 66052 89882 -9418 -15244 -105026 -5910 -21091 36581 123943 -5248 -50428 -100676 11462 -62179 41806 60576 50250 806 80272 57217 8254 16985 26758 59981 14102 -80547 -39902 29441 6995 -96266 -44593 -47517 116808 -55072 67422 134524 35835 95950 -21033 -14840 106418 123589 -24518 -53583 62915 -93961 25960 75189 -8166 -91938 110644 -70697 42896 25173 -16719 -17624 29657 -32336 8391 25018 -26438 62459 -82453 -64566 -29287 -32462 -36575 -45554 -53854 -17162 -33005 -11695 44113 32381 -29742 76182 -59384 -34152 62847 83750 1050 -11457 -11599 39786 42140 -83057 -25039 -66217 -144582 47660 -44712 -54501 106583 -54078 90276 -46977 -2988 -74738 -141959 -25320 -27864 105840 -10485 -21427 12243
12702 -93522 -32030 -96120 -3640 -32118 -24675 11592 -3750 -91179 -84371 76900 -12822 -6532 -47315 107972 -19296 -56186 -35650 97619 98697 40948 -10877 3486 -32900 -105298 277 -21290 113724 -20447 41322 42486 20743 1536 13220 -44171 -59478 4859 70291 14282 43026 -20596 -34561 372 -44367 3639 50892 62145 -47018 18651 -22380 -62161 26830 77152 29257 -65091 -47482 -29368 -16296 21610 19407 -26696 16371 36591 -34985 -66947 45678 36977 -48828 -48161 -16597 -41280 91978 -151310 65401 -41591 -22251 30116 3015 -33965 79192 -27576 -66386 701 83938 40025 23967 -58714 -23070 17073 -47300 107449 -72659 33570 -49347 29578 -32163 68005 -5111 31144 -27987 -1378 83174 -16635 20671 -8717 61510 78772 29194 93192 -142317 97626 -103154 -15154 -18221 -5114 -59255 58997 22221 -33043 12770 -24032 1158 59021 -64037 45205 102016 11940 -177621 -42211 11472 -8515 110016 -88361 -37933 6422 41869 -39662 -66441 -2265 15919 -31595 -25303 5121 -73173 -37100 -34470 -36567 -80097 25942 -27246 53409 -34513 -77868 35065 -19659 123128 -118312 17889 74488 -128565 -26159 -45886 -71418 8526 -94160 -104786 15955 36947 41645 -8741 -13073 22954 -53137 34761 18661 5745 -107159 -16446 23117 -32468 -34405 -57626 -17138 -5414 -24727 -33703 73669 -76765 -44677 51305 -65108 9691 -35700 15011 -72754 25019 64213 -69543 71828 -39116 -76489 -85053 -16581 -35034 25690 20381 -36254 52705 59925 27963 28590 13055 84115 15210 8187 -24656 -69611 -38401 35943 -68988 43240 24613 -14681 -107714 68946 -17060 4476 -21988 109860 -26105 -124067 -14037 81752 76159 -52773 85247 -9988 28564 -44654 -1096 30643 -47846 -52971 6187 63803 9343 53851 29488 6564
-36717 -50829 10073 -3962 -29961 36805 -66909 48151 -78886 -37542 -26331 3074 13518 -42172 -38067 -47493 -87512 41511 4693 96902 76877 26059 -10011 60610 38992 4195 11536 83742 -31768 15300 18221 1608 39345 36634 43127 -84928 -11042 -230 66852 18808 -24292 -79730 -72841 -80671 -21544 -30439 -23954 -17185 -1020 -1922 -99818 -49548 15928 58324 50885 -12471 -75699 -45873 56557 173702 -110811 -42162 -59458 -63234 -36811 14814 25102 -49361 71753 20777 3286 41134 -77135 -180510 -9435 7415 25985 41154 -77127 -17872 33084 32207 15073 -37112 -73510 -19315 -68064 11851 -126226 39945 -64347 -26308 89016 -7984 -44822 4306 4987 -27249 34090 -75807 41075 -39811 -45764 23020 -64408 -35082 -22817 -49960 -14751 29262 14619 -6838 -62854 34441 -120852 943 12482 -99666 -19115 42354 35639 -47011 51093 -8571 56266 16207 -11109 -66435 -51371 3803 -2057 -80837 19296 44358 -18478 -28332 -80435 10779 4665 30244 75279 -22001 -63883 27319 -67032 -20574 -16865 46238 -96427 97567 -4526 19181 66373 67074 48609 -32779 14809 -1779 -1027 -55543 -48699 50219 49319 -26254 29122 2655 -29219 -22594 9794 -86621 102274 -4264 -23191 76505 -57406 13625 -107565 60533 23085 -4629 21761 -57672 37397 -103637 -103626 13455 -79910 8006 65233 -38542 1014 -52354 51988 106192 -44960 -22889 79837 20576 -17977 -106703 -86569 1220 70180 -30116 21302 -46810 -68803 111536 -80355 33473 -52372 -1573 -11636 -54966 19144 -32709 -49665 36315 -19798 -25561 -38723 46471 90424 -73535 -49705 60606 -1986 28843 103646 -38470 -6878 64121 56465 27639 -17050 33010 20108 92381 10370 -6898 3319 30114 67294 -11603 17562 26773 -56293 101963 68404 -79051
-15968 62776 -6787 43207 -29042 -45720 65201 58277 -79641 -43988 22293 79367 1494 -55921 -75765 -91897 -82866 60547 -86280 3737 -14067 -97775 59898 -60513 60983 -41415 -654 -121654 -26163 16688 -61912 14744 -4375 -13570 -32299 -89070 15476 -20024 47832 -33403 15512 49226 -67793 -155234 -12121 -23113 -4065 21782 -32716 -72165 -50717 -69914 -41566 29828 -111096 21894 -61861 -16280 17548 20732 -43382 -2178 -68339 -30168 66046 -48876 76845 24160 18000 -73468 -64577 -52452 -18290 -6929 -26085 3104 -47392 1885 16744 -109273 38749 -18071 4470 -52963 18734 -6150 -33979 12787 -36567 43905 4987 60702 -73322 1477 -87367 40256 -30236 2419 77676 48296 81864 -14647 58778 -2626 3216 82373 -23074 35093 38072 73036 -100202 13069 17208 -1869 -149 -26336 -4044 -62346 -91960 23466 -60466 -69379 -19056 -19360 25187 -25151 -50332 50021 -98880 -57438 -72400 -37738 -5408 20134 84770 92767 118172 5385 -6037 -28670 -70723 25931 -68293 11482 29560 16071 -4628 -85111 -23000 -7816 12220 33314 -62342 49785 10954 -20717 8889 -23611 79568 23923 24683 3744 -85311 20231 -59928 22100 24193 52181 109864 36919 -52772 -85793 -61640 11098 107896 13958 -63440 3040 -99022 35383 26364 -80702 -70365 -6411 92599 43582 -66352 15419 2321 38059 -72449 -77047 -22902 10317 -49173 -13644 -90899 26904 -38046 -2411 -33952 55852 3602 -2550 -43758 120453 67821 -80340 77226 21404 -40135 -99451 71692 -22919 -13733 -23184 -41037 73332 97011 76194 50365 -7496 49390 -69830 -24094 16456 52045 41737 53842 59754 58420 9365 -14838 52593 31535 77165 98583 87855 19756 26684 3241 60128 -63862 6305 29703 13774 -18918 64290 -5148 -10074
-25230 -23465 -39837 16654 -27329 -62872 -64398 69477 -8153 12167 -26328 -22775 6311 -86031 -4135 -3799 -12605 -30362 12170 54287 -3560 71230 -2885 -139339 -6618 -60544 46317 11987 -11931 -66897 -19968 19277 20053 -8580 130126 70439 16533 75664 37269 -87785 87957 10465 7252 -28310 -54165 82220 -30642 -3586 57835 -25774 -47281 90880 69143 -46280 20299 -15170 -67246 -18133 40400 631 47837 -65785 44484 -3580 113414 -46275 38152 -47176 7863 -62759 34009 -11726 100309 113785 79148 12498 -78745 44750 -37295 15957 58481 -14320 35031 935 51971 106055 32036 -49305 36055 24550 67892 15114 -28625 -12425 5504 -43600 -19932 -63096 26600 7926 50451 54000 9707 37499 22001 -744 5557 44997 55388 122553 43199 4783 52497 28551 9824 6846 23521 66 31788 17055 57053 36180 -7364 36114 -28522 -31599 53238 -63849 118638 18919 16755 78702 -105237 12131 53726 -48286 -33814 18621 -52630 11383 87785 -30190 54856 -193120 -30823 -6714 90668 34658 50028 9747 -65584 -64347 -113177 -44598 -67407 -38678 37531 55834 71734 129667 -30871 12084 -31457 -30492 -21426 -44659 -91300 -15908 61404 -4776 2165 60236 84721 -43706 89319 -16155 -126255 5425 14492 -5663 -9399 19722 -79561 39557 -67377 103233 39168 37987 -34100 55409 64200 -15985 -344 51752 22422 9689 128340 33056 31740 -30293 -81332 66833 -28208 119013 -35431 77180 15066 67823 3331 -1668 24465 -13436 -36683 -23401 72052 -20583 -25449 -18632 -72925 -50970 -12510 -6208 81828 28777 -18932 4716 -82261 -40767 18311 4498 2957 -103799 -69193 30243 7892 48540 36268 79947 -46245 -880 54961 -1367 -43453 -94984 -132368 -136337 42838 -7612 50101 11461
12319 58677 -31998 -24206 -18826 -16200 -37055 -40191 -50809 31096 28589 -36122 -9151 27028 31972 -64352 14930 61852 34194 -60113 4478 8954 -2525 94803 15869 -22878 -19869 44474 -14612 -49958 -18917 -78208 -794 -6413 -32103 -84005 -12127 -45529 55674 -13876 -17790 -26818 -6843 -106640 -88027 56148 -75785 25554 10297 -14035 -134901 -72261 -2016 19263 -42086 -80004 35198 -47862 -40772 -41046 62177 21195 46459 79033 -86534 -8662 18152 2139 -131288 21726 29960 -24103 16115 -87495 23307 -10391 -24017 86220 -101170 58512 -15808 45610 -61191 -10299 52470 -24036 26340 -11331 -30763 18594 54728 29170 -3784 -6307 21427 99857 47058 -75004 38088 25611 -118433 -33142 -80531 89964 39989 -40660 8935 36980 25013 -34062 -60862 44877 -10466 -43363 59243 -4612 40057 -24665 -19528 -87066 74337 7666 -39032 785 -30370 -116285 14539 20280 -53996 -132389 -36291 -28515 77909 23495 23697 23101 -37634 65433 -13191 17851 37168 -54556 114188 -43738 -6331 -132436 -4366 5174 34221 -26639 67972 15067 95735 117325 51043 42239 -17675 9984 -72038 -111871 -16211 12120 -29832 72661 52820 29917 -35434 31329 29288 -43040 46557 -78055 59773 -90145 -45522 -26230 61641 -42985 11539 45048 -52844 71037 -73990 83842 -25932 -32420 -34709 98877 115722 43612 39343 10541 59336 -36109 7719 22313 35157 9223 -72547 -370 -99495 -13825 -7673 7758 -57309 -82780 -68253 -54450 68467 -15997 135631 -57537 -17394 -42415 -28705 -61834 26136 67221 -28237 86034 -71541 -23121 60072 -1820 26636 -72249 -51403 -27343 -12669 74373 -29226 28065 -49361 -7031 -65929 50747 -44065 65837 25505 -90823 -40449 1559 85782 84451 32825 -74627 32118 14221 -11238 52879
10131 -9184 -9163 -19510 70442 -36681 112014 22375 -46276 -23574 -33529 -67926 -119995 66700 22038 32561 -54596 -89134 -66168 -12270 6683 65605 3143 -14559 -44828 -13393 73820 -84875 -41646 -7720 -16981 18126 14105 7315 -31322 32887 15037 -23998 -20904 53917 -9735 -66193 -59866 -27028 -76268 80543 -31418 7489 -16783 48397 -3856 -113178 -40271 -7374 80518 31819 96617 2147 -68650 -63488 -1990 38339 -57088 42570 -13600 73815 -13670 -48343 -133047 60892 69500 -16229 -53255 -30604 -17917 -52414 41757 48360 -179336 -48874 46401 84675 -75869 -8551 49438 45220 24858 39305 73956 62840 19097 -450 -141419 16140 -36936 -54174 31349 78810 -48998 -74296 -13880 -44676 -150039 15535 -77723 -16023 -2241 49352 61207 -38984 11985 -47981 33906 -11151 -12547 -50316 66289 10963 -75601 -1404 -75695 -52256 -106714 -23123 104998 29943 -20429 106179 17736 -48537 -58963 27531 79759 33859 24938 26970 -26381 32536 -86267 71667 -26678 -68327 -43713 104573 93543 -69850 27045 -33368 18936 -61200 -104580 119738 104144 -32749 -29272 78716 -2056 -53634 421 70875 -113352 -76318 -50895 -60325 -7099 38298 -30539 40304 54132 50399 38805 16380 -50314 -24577 40996 25653 53051 -37679 -27669 39480 -111664 40368 -23763 -65750 96315 36893 -47030 -4033 21388 26418 -42856 -54150 -40332 -42389 -48878 -46728 -48507 -78475 87137 28849 122154 153936 -152110 13527 -21160 35304 104382 -6368 35918 68633 12961 143065 22355 15592 23524 8753 -26083 -10986 53145 30227 5070 -66648 -9704 76325 -27032 -37009 -50860 66104 -30104 28336 21068 53654 -67560 64153 -68891 103429 57142 65440 -144595 -41534 -1547 -105266 -21058 23615 12834 -79948 -37740 92119 26690 17741
-2675 -8582 -13996 -85122 70350 26225 28888 86873 -36999 24935 -23991 31305 55162 38085 -97076 -15788 10137 41735 9770 -40152 -9138 41091 94348 -38303 -16163 62418 -60138 -24595 19502 56850 -8987 115394 -45220 -58441 -13962 -4858 59974 68633 -9366 -18660 -136314 27685 -79791 -21742 -36604 -49397 -15849 76600 55674 12974 -60138 64450 16148 36350 4558 -25883 -27145 -20470 -8055 -44351 28043 -6438 23123 88656 119320 -25819 34731 -32690 40665 -29922 25098 -1919 -19647 -31464 20986 32103 -38382 6652 53891 2352 52108 -18557 318 -2174 -3063 -1550 -24666 79146 17026 30788 -15798 2143 -31048 -28249 -39234 72266 68245 -34248 -46479 33258 -5060 9776 -51473 -22453 -30696 35148 -81262 -71605 48512 -18371 9148 61341 15045 -8206 -27919 -59407 -26795 -56696 58904 -26321 -81209 -127381 -35164 -14661 54016 27485 136546 62256 -120982 -14703 10196 -63466 -31081 -1655 -10069 27098 -51734 21630 4926 51259 105295 17126 -48014 40805 30527 -30846 128593 -17267 6644 -13633 2741 -65632 -39444 7564 11477 64223 -58593 179397 -43274 30475 60917 28757 -45285 -27761 7897 20168 -103884 -18559 -112707 27101 108338 62181 -19340 40342 20980 -38124 22158 102918 -21513 -97845 71185 -50119 -4741 50699 -34590 -68577 -19587 -4150 29510 -73691 -51774 95815 52886 17473 -54740 -27798 43302 9692 32467 -699 18308 -16569 46822 56078 -118772 -97176 30461 -2061 17528 22749 5714 36484 4983 -112829 67833 86704 -78681 50883 32773 -34710 -32218 20097 64983 -33431 -63976 -5432 81937 -18326 69059 110504 -63681 -107200 64632 39407 55618 19232 -72395 105697 39968 34762 -23223 53228 -69391 -40281 -108069 62269 86957 8341 -56566 3857
-8133 -54909 -81382 -25521 5531 19690 30554 -30240 28305 43181 -7632 -7198 23953 44 -59763 -12090 -56690 -964 -101551 18796 47579 -8549 -70124 47150 -73084 -66144 -67726 76689 -18007 -110544 -38916 -21287 -50046 71844 -72897 30641 43263 15338 -30815 -4533 38883 -63513 -77540 -12777 -41870 51417 43098 -1339 91277 51989 52238 17865 5364 -28022 -16163 9795 -83426 25015 23231 12751 -90862 -10501 -62414 62669 -53522 -139794 -85893 -2732 45305 29201 50077 -20951 11500 97024 56554 12674 -68058 24354 -60866 2837 -60344 -13203 89944 2215 -93914 112877 32053 49388 17089 27929 7827 72126 -89930 17125 -23530 -42278 -26783 -3353 63870 -73230 67685 -78536 -81491 1034 -45266 -84822 -48753 -138779 70052 11080 47580 -11549 80689 -26453 35671 19121 119660 -28117 42542 -4317 -23274 -56527 7205 -44033 35429 -47168 -47590 20939 112344 67694 -50769 70032 -68554 53858 22493 53665 -57696 53183 52998 66066 17084 90390 -98482 -37583 93005 -34791 117916 -14253 273 27071 -95473 16734 -25043 -19175 -24963 -60779 -54236 -18139 50674 -34391 39715 23384 -3408 40611 77255 -11384 -7524 25465 37618 -15400 11330 22561 -82102 8395 74494 18635 -44645 -54660 62484 26232 14440 162306 56380 27962 -33339 55178 15131 -66291 -907 -26750 -11931 -60392 20388 -3221 18366 84575 25279 40593 67487 20942 3339 23094 -33245 -40914 -54884 157248 -3055 9607 -43058 18218 12001 41293 -78187 616 -21266 -84464 -58120 -24704 -107977 -24796 -24055 44302 -161121 31696 59024 30371 30852 -23441 10091 -58332 36401 -15182 -3211 16060 9146 -72066 -29073 71230 -30457 80389 41106 -57024 -31925 -64845 7684 77492 83866 -95149 70414 -90
-34268 54565 12449 88308 -6919 -106328 7043 15656 -68768 -54587 57503 131276 -31222 28659 -4628 3278 -25972 -68073 39076 -8145 40411 22884 47361 110404 63078 -85866 64126 -85838 -3943 -1765 -23894 55542 -3753 27899 15180 19908 16993 22474 -29459 32934 57821 -18496 17215 -90360 -92247 -57851 -4663 50720 5943 -715 -34035 -37737 -12617 -6514 -14131 -10256 -35297 65556 28005 69319 75016 34400 105913 -1989 68281 84280 17187 -80014 -3497 105995 64648 -80296 58887 4600 17821 -32154 -62461 -7506 21601 -69483 74721 -246 -3518 3172 17432 3886 114303 83885 -99999 14318 -69973 52926 7568 57304 -20885 21185 -107305 31781 -60361 7744 -40958 38364 -97385 -99541 -27088 31769 -84315 -22971 -51309 36381 15220 104164 95927 114318 -25303 61364 -32918 27100 -89061 93911 -36441 7263 84797 44019 74357 20665 -114164 -28910 -38100 -114189 10508 51204 -37583 -47974 -18553 78526 -36048 38891 18550 -39603 47704 -82318 -91764 10923 2532 -96381 -112625 26893 -29933 36840 -144188 35397 90882 -36800 8774 26857 -9367 22359 37653 -34517 -45207 -671 -43820 -63126 48125 15144 59027 -42151 44862 28835 -8682 -94092 27069 26537 142722 -77872 45912 -37943 9263 -2820 -39198 4793 26827 -127363 48776 -119917 -9460 25914 41037 31059 47416 28252 16195 -1664 79545 -24918 33743 14732 82935 18164 125921 4513 32666 23085 -71039 -29495 66768 -40766 72638 -4035 -12568 -9378 -99254 57393 -28932 103456 47560 -191163 -59630 21755 -10509 -8329 -100764 305 -58263 -28719 -46525 -92373 -95242 65611 67548 -28492 5840 -69061 -38195 -56711 -44248 56536 53699 57395 15614 -63243 -33081 39915 -40123 99256 -16233 59337 -37903 -114955
6041 -12903 60532 30581 -66397 19676 -36663 4097 -17884 -85940 -19404 9870 52729 37427 -97855 20624 45912 81628 538 -69347 -24936 -97602 35858 -65752 7525 23747 54395 -3791 -30986 -10736 -34847 52401 1455 -42288 -3259 -106240 -8580 32078 38616 -15548 16311 32207 -32962 2859 5313 -74242 43600 75020 -2109 -38493 -779 38213 9420 61393 -48403 19951 13624 -18104 49025 188400 -39622 5930 54886 -1166 123319 96855 40120 -1008 15044 74957 -65488 111220 100752 30918 -88048 68284 49903 178004 5677 -87630 58235 25927 63881 2807 -55342 -7426 33421 -10390 -16569 7320 -25938 20208 7059 -31732 59327 -10849 -5178 68726 51873 -67693 -36388 70972 28829 -64164 68622 144458 -52583 41301 57769 -2408 -7497 -34294 -10839 9263 9460 88042 -36074 -55258 -2185 495 21187 84566 42499 7477 36532 39782 25054 -38706 64730 22032 51762 -68380 -7384 8637 -16240 86970 40414 -101133 8495 -63 -24535 -39555 -5868 43736 -66736 -46551 -133146 -43279 -10838 45300 14559 66712 -25352 56171 58026 -71094 48955 -52450 44005 -14050 -64818 -64988 -51214 35159 -86373 18038 -17813 111994 -35635 4303 -48867 -48801 21356 -28067 -22157 27244 36916 -27464 -52591 11792 74489 -28017 -4635 -11504 -38376 -17886 53758 -16612 64482 148183 -24648 68531 33629 -88096 -1685 -32820 -101824 884 -25896 -5294 -74431 -54812 45772 -6305 7491 31896 80288 26702 27821 -88924 24170 -68598 60689 70010 -48915 -30328 49997 -98153 -50877 -21686 24119 90442 26542 -55578 -208 117440 69734 48704 93318 -78575 16930 4866 -27488 -73756 -1699 6889 -63317 -14344 36015 19481 10080 58872 61482 -96587 18586 31111 98889 -22867 -44639 3220
66917 15773 30033 -18116 14620 107077 -12415 -15612 -96778 12222 5554 -48399 184145 107403 -150897 56258 44315 -63181 -14459 4918 24716 15398 -18915 -59514 -52381 -101395 74075 -70193 -27210 -9540 -29684 22982 -36337 9796 -47103 -32566 50100 11629 52853 -24014 -111575 37138 -39792 39067 9034 -33654 -43965 4964 -101466 -10088 -51264 15607 104671 42597 -62090 14672 -31149 1441 -44627 21609 77208 -17857 110008 -37480 78087 41657 46301 -10937 -123957 -3131 -13644 8645 -13727 -48419 186236 -25134 -15308 98592 -26969 -50453 64325 90177 -63026 -15134 10371 27054 21630 -74242 -60539 -33127 -21755 13681 -3950 66948 61835 30447 -50298 -77461 9189 130680 -92722 9805 20595 -22571 16804 32544 -31253 71159 7266 -37156 -66993 -24704 6804 3918 17989 18835 -52719 17293 -34394 4686 6581 -105063 28293 38400 62525 73198 18201 98961 31720 43603 17024 106369 148355 21673 11039 -38014 -12557 42954 -14338 -42339 8303 86385 -16424 -106477 -44553 -66789 42534 -75132 -52584 -58695 -66281 -47950 -48556 46680 58956 -12457 -22236 -33348 -18558 71130 35149 -53629 28202 13187 -35674 60469 -27756 108000 31473 -56815 5207 11345 -41184 20160 24880 -49610 -11910 -58258 44771 -60340 33283 2285 28558 -65478 -37632 -16848 52618 37963 -42627 85246 18862 -63165 -109608 65602 -34059 -16381 -60107 55001 -36943 51144 -74899 110207 -57801 33577 -35821 -101304 -43501 64682 79520 1205 25501 -17833 -105500 64369 48059 -86234 58696 30072 46461 26970 -35775 14720 5152 18554 23404 18436 1012 -41793 73637 -14560 31312 27011 52044 -92693 32842 -11632 -1999 -58324 -43584 -105549 18030 53802 -9728 -20879 22144 28993 46717 45335 32980 -14568
-25962 43301 61466 31484 -77968 21807 -45059 -36793 85598 24597 -51726 -84851 -15930 -60004 -9583 26185 34388 -5767 -17074 -10502 17779 -42400 36466 -95816 39033 62344 46444 -55487 -92777 -21441 37496 -21018 17128 -5582 -20798 48715 49223 -6966 25609 -19716 -21168 -103907 18455 -23794 -84617 -33731 32220 90108 -154541 -50501 -31096 57808 6268 80183 96861 12845 -11266 -128738 -53851 -34272 -54907 112032 -13539 -70769 10634 -2204 30010 71636 -56513 -13518 -23920 13475 -7095 25125 -52760 -56248 134915 35627 7083 -20968 71940 -3113 48691 17167 -23914 12194 -34955 39831 -1681 -94959 -95083 -82469 47180 45401 6515 11765 35108 -21452 22967 36094 -6242 -64735 -16649 23496 6685 67672 -75540 -9877 -50340 21837 50538 -56465 -57884 -141774 -79609 80162 -2733 57921 -80600 -99856 -24996 -40867 7737 18874 15049 32620 68724 -84589 85001 77698 184927 -57914 -27220 -39879 -52356 -80233 -59620 61888 83748 63297 33881 -78417 -80302 -32250 54957 -29554 51517 53159 -19943 17770 6011 -3635 -86757 -5487 26828 10249 31907 35067 1311 76199 62156 -15752 -25984 82011 -30176 -17661 47082 97977 41282 -8115 17700 15172 -4389 -42653 -62079 -100259 -20446 91557 -74313 8561 47550 88783 -44145 93471 -49369 69803 38946 84866 36925 16457 -9406 5147 5289 -28257 27611 53336 16482 -37605 -28018 14901 -25565 105038 -53404 -40760 100296 -43116 105581 -10866 -9740 18585 80249 51421 -79405 -41777 -66316 11281 22942 52447 8128 6610 4997 -3848 16251 -37989 36577 65122 4178 -141395 21700 -2954 10838 15855 -108213 3293 63932 -25762 -73167 -28435 -16284 -5424 -33888 -85806 76795 -19033 -4097 30132 39072 -50330 -14330 121747
